

================================================================
== Vitis HLS Report for 'dense_resource_rf_gt_nin_rem0_ap_fixed_ap_fixed_14_7_0_3_0_config2_2_s'
================================================================
* Date:           Tue Sep 15 12:08:18 2026

* Version:        2026.1 (Build 6493734 on Jun 16 2026)
* Project:        recurrent_prj
* Solution:       solution1
* Product family: artix7
* Target device:  xc7a100t-csg324-1


================================================================
== Performance Estimates
================================================================
+ Timing: 
    * Summary: 
    +--------+---------+----------+------------+
    |  Clock |  Target | Estimated| Uncertainty|
    +--------+---------+----------+------------+
    |ap_clk  |  4.00 ns|  7.984 ns|     1.08 ns|
    +--------+---------+----------+------------+

+ Latency: 
    * Summary: 
    +---------+---------+----------+----------+-----+-----+------------------------------------+
    |  Latency (cycles) |  Latency (absolute) |  Interval |              Pipeline              |
    |   min   |   max   |    min   |    max   | min | max |                Type                |
    +---------+---------+----------+----------+-----+-----+------------------------------------+
    |       70|       71|  0.280 us|  0.284 us|   64|   64|  loop rewind stp (delay=0 cycle(s))|
    +---------+---------+----------+----------+-----+-----+------------------------------------+

    + Detail: 
        * Instance: 
        N/A

        * Loop: 
        +-------------+---------+---------+----------+-----------+-----------+------+----------+
        |             |  Latency (cycles) | Iteration|  Initiation Interval  | Trip |          |
        |  Loop Name  |   min   |   max   |  Latency |  achieved |   target  | Count| Pipelined|
        +-------------+---------+---------+----------+-----------+-----------+------+----------+
        |- ReuseLoop  |       70|       70|         8|          1|          1|    64|       yes|
        +-------------+---------+---------+----------+-----------+-----------+------+----------+

============================================================
+ Verbose Summary: Synthesis Manager
============================================================
InlineROM: 1
ExposeGlobal: 0
============================================================
+ Verbose Summary: CDFG Model
============================================================
IsTopModel: 0
ResetActiveHigh: 1
IsCombinational: 0
IsDatapathOnly: 0
HasWiredReturn: 1
HasMFsm: 2
HasVarLatency: 1
IsPipeline: 0
IsRtlPipelined: 0
IsInstanceOverlapped: 0
IsDontTouch: 0
HasImplIP: 0
IsGatedGlobalClock: 0

+ Individual pipeline summary: 
  * Pipeline-0: initiation interval (II) = 1, depth = 8


============================================================
+ Verbose Summary: Schedule
============================================================
* Number of FSM states : 9
* Pipeline : 1
  Pipeline-0 : II = 1, D = 8, States = { 2 3 4 5 6 7 8 9 }
* Dataflow Pipeline: 0

* FSM state transitions: 
1 --> 2 
2 --> 3 
3 --> 4 
4 --> 5 
5 --> 6 
6 --> 7 
7 --> 8 
8 --> 9 
9 --> 2 

* FSM state operations: 

State 1 <SV = 0> <Delay = 1.61>
ST_1 : Operation 10 [1/1] (1.61ns)   --->   "%br_ln135 = br void %rewind_header" [firmware/nnet_utils/nnet_dense_resource.h:135]   --->   Operation 10 'br' 'br_ln135' <Predicate = true> <Delay = 1.61>

State 2 <SV = 1> <Delay = 2.15>
ST_2 : Operation 11 [1/1] (0.00ns)   --->   "%do_init = phi i1 1, void %entry, i1 0, void %MultLoop.split.i_ifconv, i1 1, void %dense_resource_rf_gt_nin_rem0<ap_fixed<14, 7, 0, 3, 0>, ap_fixed<14, 7, 0, 3, 0>, config2_2>.exit"   --->   Operation 11 'phi' 'do_init' <Predicate = true> <Delay = 0.00>
ST_2 : Operation 12 [1/1] (0.00ns)   --->   "%ir = phi i6 0, void %entry, i6 %w_index, void %MultLoop.split.i_ifconv, i6 0, void %dense_resource_rf_gt_nin_rem0<ap_fixed<14, 7, 0, 3, 0>, ap_fixed<14, 7, 0, 3, 0>, config2_2>.exit"   --->   Operation 12 'phi' 'ir' <Predicate = true> <Delay = 0.00>
ST_2 : Operation 13 [1/1] (1.61ns)   --->   "%br_ln0 = br i1 %do_init, void %MultLoop.split.i_ifconv, void %rewind_init"   --->   Operation 13 'br' 'br_ln0' <Predicate = true> <Delay = 1.61>
ST_2 : Operation 14 [1/1] (1.61ns)   --->   "%br_ln135 = br void %MultLoop.split.i_ifconv" [firmware/nnet_utils/nnet_dense_resource.h:135]   --->   Operation 14 'br' 'br_ln135' <Predicate = (do_init)> <Delay = 1.61>
ST_2 : Operation 15 [1/1] (0.00ns)   --->   "%zext_ln135 = zext i6 %ir" [firmware/nnet_utils/nnet_dense_resource.h:135]   --->   Operation 15 'zext' 'zext_ln135' <Predicate = true> <Delay = 0.00>
ST_2 : Operation 16 [1/1] (0.00ns)   --->   "%outidx_4_addr = getelementptr i1 %outidx_4, i64 0, i64 %zext_ln135" [firmware/nnet_utils/nnet_dense_resource.h:139]   --->   Operation 16 'getelementptr' 'outidx_4_addr' <Predicate = true> <Delay = 0.00>
ST_2 : Operation 17 [2/2] (2.15ns)   --->   "%out_index = load i6 %outidx_4_addr" [firmware/nnet_utils/nnet_dense_resource.h:139]   --->   Operation 17 'load' 'out_index' <Predicate = true> <Delay = 2.15> <CoreInst = "ROM">   --->   Core 94 'ROM' <Latency = 1> <II = 1> <Delay = 2.15> <Storage> <Opcode : 'load'> <Ports = 0> <Width = 1> <Depth = 64> <ROM>
ST_2 : Operation 18 [1/1] (0.00ns)   --->   "%wr2_addr = getelementptr i703 %wr2, i64 0, i64 %zext_ln135" [firmware/nnet_utils/nnet_dense_resource.h:145]   --->   Operation 18 'getelementptr' 'wr2_addr' <Predicate = true> <Delay = 0.00>
ST_2 : Operation 19 [3/3] (1.68ns)   --->   "%wr2_load = load i6 %wr2_addr" [firmware/nnet_utils/nnet_dense_resource.h:145]   --->   Operation 19 'load' 'wr2_load' <Predicate = true> <Delay = 1.68> <CoreInst = "ROM_nP_BRAM">   --->   Core 102 'ROM_nP_BRAM' <Latency = 2> <II = 1> <Delay = 1.68> <Storage> <Opcode : 'load'> <Ports = 0> <Width = 703> <Depth = 64> <ROM>
ST_2 : Operation 20 [1/1] (1.94ns)   --->   "%w_index = add i6 %ir, i6 1" [firmware/nnet_utils/nnet_dense_resource.h:135]   --->   Operation 20 'add' 'w_index' <Predicate = true> <Delay = 1.94> <CoreInst = "Adder">   --->   Core 1 'Adder' <Latency = 0> <II = 1> <Delay = 1.94> <FuncUnit> <Opcode : 'add' 'sub'> <InPorts = 2> <OutPorts = 1>
ST_2 : Operation 21 [1/1] (1.94ns)   --->   "%icmp_ln135 = icmp_eq  i6 %ir, i6 63" [firmware/nnet_utils/nnet_dense_resource.h:135]   --->   Operation 21 'icmp' 'icmp_ln135' <Predicate = true> <Delay = 1.94> <CoreInst = "Cmp">   --->   Core 9 'Cmp' <Latency = 0> <II = 1> <Delay = 1.94> <FuncUnit> <Opcode : 'seteq' 'setne' 'setle' 'setge' 'setlt' 'setgt'> <InPorts = 2> <OutPorts = 1>
ST_2 : Operation 22 [1/1] (0.00ns)   --->   "%br_ln135 = br i1 %icmp_ln135, void %rewind_header, void %dense_resource_rf_gt_nin_rem0<ap_fixed<14, 7, 0, 3, 0>, ap_fixed<14, 7, 0, 3, 0>, config2_2>.exit" [firmware/nnet_utils/nnet_dense_resource.h:135]   --->   Operation 22 'br' 'br_ln135' <Predicate = true> <Delay = 0.00>
ST_2 : Operation 23 [1/1] (0.00ns)   --->   "%br_ln0 = br void %rewind_header"   --->   Operation 23 'br' 'br_ln0' <Predicate = (icmp_ln135)> <Delay = 0.00>

State 3 <SV = 2> <Delay = 6.02>
ST_3 : Operation 24 [1/1] (0.00ns)   --->   "%p_ZZN4nnet11lstm_staticI8ap_fixedILi14ELi7EL9ap_q_mode0EL9ap_o_mode3ELi0EES4_7con_110 = phi i14 0, void %entry, i14 %p_ZZN4nnet11lstm_staticI8ap_fixedILi14ELi7EL9ap_q_mode0EL9ap_o_mode3ELi0EES4_7con_66, void %MultLoop.split.i_ifconv, i14 0, void %dense_resource_rf_gt_nin_rem0<ap_fixed<14, 7, 0, 3, 0>, ap_fixed<14, 7, 0, 3, 0>, config2_2>.exit"   --->   Operation 24 'phi' 'p_ZZN4nnet11lstm_staticI8ap_fixedILi14ELi7EL9ap_q_mode0EL9ap_o_mode3ELi0EES4_7con_110' <Predicate = true> <Delay = 0.00>
ST_3 : Operation 25 [1/1] (0.00ns)   --->   "%p_ZZN4nnet11lstm_staticI8ap_fixedILi14ELi7EL9ap_q_mode0EL9ap_o_mode3ELi0EES4_7con_111 = phi i14 0, void %entry, i14 %p_ZZN4nnet11lstm_staticI8ap_fixedILi14ELi7EL9ap_q_mode0EL9ap_o_mode3ELi0EES4_7con_67, void %MultLoop.split.i_ifconv, i14 0, void %dense_resource_rf_gt_nin_rem0<ap_fixed<14, 7, 0, 3, 0>, ap_fixed<14, 7, 0, 3, 0>, config2_2>.exit"   --->   Operation 25 'phi' 'p_ZZN4nnet11lstm_staticI8ap_fixedILi14ELi7EL9ap_q_mode0EL9ap_o_mode3ELi0EES4_7con_111' <Predicate = true> <Delay = 0.00>
ST_3 : Operation 26 [1/1] (0.00ns)   --->   "%p_ZZN4nnet11lstm_staticI8ap_fixedILi14ELi7EL9ap_q_mode0EL9ap_o_mode3ELi0EES4_7con_112 = phi i14 0, void %entry, i14 %p_ZZN4nnet11lstm_staticI8ap_fixedILi14ELi7EL9ap_q_mode0EL9ap_o_mode3ELi0EES4_7con_68, void %MultLoop.split.i_ifconv, i14 0, void %dense_resource_rf_gt_nin_rem0<ap_fixed<14, 7, 0, 3, 0>, ap_fixed<14, 7, 0, 3, 0>, config2_2>.exit"   --->   Operation 26 'phi' 'p_ZZN4nnet11lstm_staticI8ap_fixedILi14ELi7EL9ap_q_mode0EL9ap_o_mode3ELi0EES4_7con_112' <Predicate = true> <Delay = 0.00>
ST_3 : Operation 27 [1/1] (0.00ns)   --->   "%p_ZZN4nnet11lstm_staticI8ap_fixedILi14ELi7EL9ap_q_mode0EL9ap_o_mode3ELi0EES4_7con_113 = phi i14 0, void %entry, i14 %p_ZZN4nnet11lstm_staticI8ap_fixedILi14ELi7EL9ap_q_mode0EL9ap_o_mode3ELi0EES4_7con_69, void %MultLoop.split.i_ifconv, i14 0, void %dense_resource_rf_gt_nin_rem0<ap_fixed<14, 7, 0, 3, 0>, ap_fixed<14, 7, 0, 3, 0>, config2_2>.exit"   --->   Operation 27 'phi' 'p_ZZN4nnet11lstm_staticI8ap_fixedILi14ELi7EL9ap_q_mode0EL9ap_o_mode3ELi0EES4_7con_113' <Predicate = true> <Delay = 0.00>
ST_3 : Operation 28 [1/1] (0.00ns)   --->   "%p_ZZN4nnet11lstm_staticI8ap_fixedILi14ELi7EL9ap_q_mode0EL9ap_o_mode3ELi0EES4_7con_114 = phi i14 0, void %entry, i14 %p_ZZN4nnet11lstm_staticI8ap_fixedILi14ELi7EL9ap_q_mode0EL9ap_o_mode3ELi0EES4_7con_70, void %MultLoop.split.i_ifconv, i14 0, void %dense_resource_rf_gt_nin_rem0<ap_fixed<14, 7, 0, 3, 0>, ap_fixed<14, 7, 0, 3, 0>, config2_2>.exit"   --->   Operation 28 'phi' 'p_ZZN4nnet11lstm_staticI8ap_fixedILi14ELi7EL9ap_q_mode0EL9ap_o_mode3ELi0EES4_7con_114' <Predicate = true> <Delay = 0.00>
ST_3 : Operation 29 [1/1] (0.00ns)   --->   "%p_ZZN4nnet11lstm_staticI8ap_fixedILi14ELi7EL9ap_q_mode0EL9ap_o_mode3ELi0EES4_7con_115 = phi i14 0, void %entry, i14 %p_ZZN4nnet11lstm_staticI8ap_fixedILi14ELi7EL9ap_q_mode0EL9ap_o_mode3ELi0EES4_7con_71, void %MultLoop.split.i_ifconv, i14 0, void %dense_resource_rf_gt_nin_rem0<ap_fixed<14, 7, 0, 3, 0>, ap_fixed<14, 7, 0, 3, 0>, config2_2>.exit"   --->   Operation 29 'phi' 'p_ZZN4nnet11lstm_staticI8ap_fixedILi14ELi7EL9ap_q_mode0EL9ap_o_mode3ELi0EES4_7con_115' <Predicate = true> <Delay = 0.00>
ST_3 : Operation 30 [1/1] (0.00ns)   --->   "%p_ZZN4nnet11lstm_staticI8ap_fixedILi14ELi7EL9ap_q_mode0EL9ap_o_mode3ELi0EES4_7con_116 = phi i14 0, void %entry, i14 %p_ZZN4nnet11lstm_staticI8ap_fixedILi14ELi7EL9ap_q_mode0EL9ap_o_mode3ELi0EES4_7con_72, void %MultLoop.split.i_ifconv, i14 0, void %dense_resource_rf_gt_nin_rem0<ap_fixed<14, 7, 0, 3, 0>, ap_fixed<14, 7, 0, 3, 0>, config2_2>.exit"   --->   Operation 30 'phi' 'p_ZZN4nnet11lstm_staticI8ap_fixedILi14ELi7EL9ap_q_mode0EL9ap_o_mode3ELi0EES4_7con_116' <Predicate = true> <Delay = 0.00>
ST_3 : Operation 31 [1/1] (0.00ns)   --->   "%p_ZZN4nnet11lstm_staticI8ap_fixedILi14ELi7EL9ap_q_mode0EL9ap_o_mode3ELi0EES4_7con_117 = phi i14 0, void %entry, i14 %p_ZZN4nnet11lstm_staticI8ap_fixedILi14ELi7EL9ap_q_mode0EL9ap_o_mode3ELi0EES4_7con_73, void %MultLoop.split.i_ifconv, i14 0, void %dense_resource_rf_gt_nin_rem0<ap_fixed<14, 7, 0, 3, 0>, ap_fixed<14, 7, 0, 3, 0>, config2_2>.exit"   --->   Operation 31 'phi' 'p_ZZN4nnet11lstm_staticI8ap_fixedILi14ELi7EL9ap_q_mode0EL9ap_o_mode3ELi0EES4_7con_117' <Predicate = true> <Delay = 0.00>
ST_3 : Operation 32 [1/1] (0.00ns)   --->   "%p_ZZN4nnet11lstm_staticI8ap_fixedILi14ELi7EL9ap_q_mode0EL9ap_o_mode3ELi0EES4_7con_118 = phi i14 0, void %entry, i14 %p_ZZN4nnet11lstm_staticI8ap_fixedILi14ELi7EL9ap_q_mode0EL9ap_o_mode3ELi0EES4_7con_74, void %MultLoop.split.i_ifconv, i14 0, void %dense_resource_rf_gt_nin_rem0<ap_fixed<14, 7, 0, 3, 0>, ap_fixed<14, 7, 0, 3, 0>, config2_2>.exit"   --->   Operation 32 'phi' 'p_ZZN4nnet11lstm_staticI8ap_fixedILi14ELi7EL9ap_q_mode0EL9ap_o_mode3ELi0EES4_7con_118' <Predicate = true> <Delay = 0.00>
ST_3 : Operation 33 [1/1] (0.00ns)   --->   "%p_ZZN4nnet11lstm_staticI8ap_fixedILi14ELi7EL9ap_q_mode0EL9ap_o_mode3ELi0EES4_7con_119 = phi i14 0, void %entry, i14 %p_ZZN4nnet11lstm_staticI8ap_fixedILi14ELi7EL9ap_q_mode0EL9ap_o_mode3ELi0EES4_7con_75, void %MultLoop.split.i_ifconv, i14 0, void %dense_resource_rf_gt_nin_rem0<ap_fixed<14, 7, 0, 3, 0>, ap_fixed<14, 7, 0, 3, 0>, config2_2>.exit"   --->   Operation 33 'phi' 'p_ZZN4nnet11lstm_staticI8ap_fixedILi14ELi7EL9ap_q_mode0EL9ap_o_mode3ELi0EES4_7con_119' <Predicate = true> <Delay = 0.00>
ST_3 : Operation 34 [1/1] (0.00ns)   --->   "%p_ZZN4nnet11lstm_staticI8ap_fixedILi14ELi7EL9ap_q_mode0EL9ap_o_mode3ELi0EES4_7con_120 = phi i14 0, void %entry, i14 %p_ZZN4nnet11lstm_staticI8ap_fixedILi14ELi7EL9ap_q_mode0EL9ap_o_mode3ELi0EES4_7con_76, void %MultLoop.split.i_ifconv, i14 0, void %dense_resource_rf_gt_nin_rem0<ap_fixed<14, 7, 0, 3, 0>, ap_fixed<14, 7, 0, 3, 0>, config2_2>.exit"   --->   Operation 34 'phi' 'p_ZZN4nnet11lstm_staticI8ap_fixedILi14ELi7EL9ap_q_mode0EL9ap_o_mode3ELi0EES4_7con_120' <Predicate = true> <Delay = 0.00>
ST_3 : Operation 35 [1/1] (0.00ns)   --->   "%p_ZZN4nnet11lstm_staticI8ap_fixedILi14ELi7EL9ap_q_mode0EL9ap_o_mode3ELi0EES4_7con_121 = phi i14 0, void %entry, i14 %p_ZZN4nnet11lstm_staticI8ap_fixedILi14ELi7EL9ap_q_mode0EL9ap_o_mode3ELi0EES4_7con_77, void %MultLoop.split.i_ifconv, i14 0, void %dense_resource_rf_gt_nin_rem0<ap_fixed<14, 7, 0, 3, 0>, ap_fixed<14, 7, 0, 3, 0>, config2_2>.exit"   --->   Operation 35 'phi' 'p_ZZN4nnet11lstm_staticI8ap_fixedILi14ELi7EL9ap_q_mode0EL9ap_o_mode3ELi0EES4_7con_121' <Predicate = true> <Delay = 0.00>
ST_3 : Operation 36 [1/1] (0.00ns)   --->   "%p_ZZN4nnet11lstm_staticI8ap_fixedILi14ELi7EL9ap_q_mode0EL9ap_o_mode3ELi0EES4_7con_122 = phi i14 0, void %entry, i14 %p_ZZN4nnet11lstm_staticI8ap_fixedILi14ELi7EL9ap_q_mode0EL9ap_o_mode3ELi0EES4_7con_78, void %MultLoop.split.i_ifconv, i14 0, void %dense_resource_rf_gt_nin_rem0<ap_fixed<14, 7, 0, 3, 0>, ap_fixed<14, 7, 0, 3, 0>, config2_2>.exit"   --->   Operation 36 'phi' 'p_ZZN4nnet11lstm_staticI8ap_fixedILi14ELi7EL9ap_q_mode0EL9ap_o_mode3ELi0EES4_7con_122' <Predicate = true> <Delay = 0.00>
ST_3 : Operation 37 [1/1] (0.00ns)   --->   "%p_ZZN4nnet11lstm_staticI8ap_fixedILi14ELi7EL9ap_q_mode0EL9ap_o_mode3ELi0EES4_7con_123 = phi i14 0, void %entry, i14 %p_ZZN4nnet11lstm_staticI8ap_fixedILi14ELi7EL9ap_q_mode0EL9ap_o_mode3ELi0EES4_7con_79, void %MultLoop.split.i_ifconv, i14 0, void %dense_resource_rf_gt_nin_rem0<ap_fixed<14, 7, 0, 3, 0>, ap_fixed<14, 7, 0, 3, 0>, config2_2>.exit"   --->   Operation 37 'phi' 'p_ZZN4nnet11lstm_staticI8ap_fixedILi14ELi7EL9ap_q_mode0EL9ap_o_mode3ELi0EES4_7con_123' <Predicate = true> <Delay = 0.00>
ST_3 : Operation 38 [1/1] (0.00ns)   --->   "%p_ZZN4nnet11lstm_staticI8ap_fixedILi14ELi7EL9ap_q_mode0EL9ap_o_mode3ELi0EES4_7con_124 = phi i14 0, void %entry, i14 %p_ZZN4nnet11lstm_staticI8ap_fixedILi14ELi7EL9ap_q_mode0EL9ap_o_mode3ELi0EES4_7con_80, void %MultLoop.split.i_ifconv, i14 0, void %dense_resource_rf_gt_nin_rem0<ap_fixed<14, 7, 0, 3, 0>, ap_fixed<14, 7, 0, 3, 0>, config2_2>.exit"   --->   Operation 38 'phi' 'p_ZZN4nnet11lstm_staticI8ap_fixedILi14ELi7EL9ap_q_mode0EL9ap_o_mode3ELi0EES4_7con_124' <Predicate = true> <Delay = 0.00>
ST_3 : Operation 39 [1/1] (0.00ns)   --->   "%p_ZZN4nnet11lstm_staticI8ap_fixedILi14ELi7EL9ap_q_mode0EL9ap_o_mode3ELi0EES4_7con_125 = phi i14 0, void %entry, i14 %p_ZZN4nnet11lstm_staticI8ap_fixedILi14ELi7EL9ap_q_mode0EL9ap_o_mode3ELi0EES4_7con_81, void %MultLoop.split.i_ifconv, i14 0, void %dense_resource_rf_gt_nin_rem0<ap_fixed<14, 7, 0, 3, 0>, ap_fixed<14, 7, 0, 3, 0>, config2_2>.exit"   --->   Operation 39 'phi' 'p_ZZN4nnet11lstm_staticI8ap_fixedILi14ELi7EL9ap_q_mode0EL9ap_o_mode3ELi0EES4_7con_125' <Predicate = true> <Delay = 0.00>
ST_3 : Operation 40 [1/1] (0.00ns)   --->   "%p_ZZN4nnet11lstm_staticI8ap_fixedILi14ELi7EL9ap_q_mode0EL9ap_o_mode3ELi0EES4_7con_126 = phi i14 0, void %entry, i14 %p_ZZN4nnet11lstm_staticI8ap_fixedILi14ELi7EL9ap_q_mode0EL9ap_o_mode3ELi0EES4_7con_82, void %MultLoop.split.i_ifconv, i14 0, void %dense_resource_rf_gt_nin_rem0<ap_fixed<14, 7, 0, 3, 0>, ap_fixed<14, 7, 0, 3, 0>, config2_2>.exit"   --->   Operation 40 'phi' 'p_ZZN4nnet11lstm_staticI8ap_fixedILi14ELi7EL9ap_q_mode0EL9ap_o_mode3ELi0EES4_7con_126' <Predicate = true> <Delay = 0.00>
ST_3 : Operation 41 [1/1] (0.00ns)   --->   "%p_ZZN4nnet11lstm_staticI8ap_fixedILi14ELi7EL9ap_q_mode0EL9ap_o_mode3ELi0EES4_7con_127 = phi i14 0, void %entry, i14 %p_ZZN4nnet11lstm_staticI8ap_fixedILi14ELi7EL9ap_q_mode0EL9ap_o_mode3ELi0EES4_7con_83, void %MultLoop.split.i_ifconv, i14 0, void %dense_resource_rf_gt_nin_rem0<ap_fixed<14, 7, 0, 3, 0>, ap_fixed<14, 7, 0, 3, 0>, config2_2>.exit"   --->   Operation 41 'phi' 'p_ZZN4nnet11lstm_staticI8ap_fixedILi14ELi7EL9ap_q_mode0EL9ap_o_mode3ELi0EES4_7con_127' <Predicate = true> <Delay = 0.00>
ST_3 : Operation 42 [1/1] (0.00ns)   --->   "%p_ZZN4nnet11lstm_staticI8ap_fixedILi14ELi7EL9ap_q_mode0EL9ap_o_mode3ELi0EES4_7con_128 = phi i14 0, void %entry, i14 %p_ZZN4nnet11lstm_staticI8ap_fixedILi14ELi7EL9ap_q_mode0EL9ap_o_mode3ELi0EES4_7con_84, void %MultLoop.split.i_ifconv, i14 0, void %dense_resource_rf_gt_nin_rem0<ap_fixed<14, 7, 0, 3, 0>, ap_fixed<14, 7, 0, 3, 0>, config2_2>.exit"   --->   Operation 42 'phi' 'p_ZZN4nnet11lstm_staticI8ap_fixedILi14ELi7EL9ap_q_mode0EL9ap_o_mode3ELi0EES4_7con_128' <Predicate = true> <Delay = 0.00>
ST_3 : Operation 43 [1/1] (0.00ns)   --->   "%p_ZZN4nnet11lstm_staticI8ap_fixedILi14ELi7EL9ap_q_mode0EL9ap_o_mode3ELi0EES4_7con_129 = phi i14 0, void %entry, i14 %p_ZZN4nnet11lstm_staticI8ap_fixedILi14ELi7EL9ap_q_mode0EL9ap_o_mode3ELi0EES4_7con_85, void %MultLoop.split.i_ifconv, i14 0, void %dense_resource_rf_gt_nin_rem0<ap_fixed<14, 7, 0, 3, 0>, ap_fixed<14, 7, 0, 3, 0>, config2_2>.exit"   --->   Operation 43 'phi' 'p_ZZN4nnet11lstm_staticI8ap_fixedILi14ELi7EL9ap_q_mode0EL9ap_o_mode3ELi0EES4_7con_129' <Predicate = true> <Delay = 0.00>
ST_3 : Operation 44 [1/1] (0.00ns)   --->   "%p_ZZN4nnet11lstm_staticI8ap_fixedILi14ELi7EL9ap_q_mode0EL9ap_o_mode3ELi0EES4_7con_130 = phi i14 0, void %entry, i14 %p_ZZN4nnet11lstm_staticI8ap_fixedILi14ELi7EL9ap_q_mode0EL9ap_o_mode3ELi0EES4_7con_86, void %MultLoop.split.i_ifconv, i14 0, void %dense_resource_rf_gt_nin_rem0<ap_fixed<14, 7, 0, 3, 0>, ap_fixed<14, 7, 0, 3, 0>, config2_2>.exit"   --->   Operation 44 'phi' 'p_ZZN4nnet11lstm_staticI8ap_fixedILi14ELi7EL9ap_q_mode0EL9ap_o_mode3ELi0EES4_7con_130' <Predicate = true> <Delay = 0.00>
ST_3 : Operation 45 [1/1] (0.00ns)   --->   "%p_ZZN4nnet11lstm_staticI8ap_fixedILi14ELi7EL9ap_q_mode0EL9ap_o_mode3ELi0EES4_7con_131 = phi i14 0, void %entry, i14 %p_ZZN4nnet11lstm_staticI8ap_fixedILi14ELi7EL9ap_q_mode0EL9ap_o_mode3ELi0EES4_7con_87, void %MultLoop.split.i_ifconv, i14 0, void %dense_resource_rf_gt_nin_rem0<ap_fixed<14, 7, 0, 3, 0>, ap_fixed<14, 7, 0, 3, 0>, config2_2>.exit"   --->   Operation 45 'phi' 'p_ZZN4nnet11lstm_staticI8ap_fixedILi14ELi7EL9ap_q_mode0EL9ap_o_mode3ELi0EES4_7con_131' <Predicate = true> <Delay = 0.00>
ST_3 : Operation 46 [1/1] (0.00ns)   --->   "%void_lstm_static_bool_ap_fixed_ap_fixed_ap_fixed_weight_t_recurrent_weight_t_50 = phi i14 0, void %entry, i14 %void_lstm_static_bool_ap_fixed_ap_fixed_ap_fixed_weight_t_recurrent_weight_t_30, void %MultLoop.split.i_ifconv, i14 0, void %dense_resource_rf_gt_nin_rem0<ap_fixed<14, 7, 0, 3, 0>, ap_fixed<14, 7, 0, 3, 0>, config2_2>.exit"   --->   Operation 46 'phi' 'void_lstm_static_bool_ap_fixed_ap_fixed_ap_fixed_weight_t_recurrent_weight_t_50' <Predicate = true> <Delay = 0.00>
ST_3 : Operation 47 [1/1] (0.00ns)   --->   "%void_lstm_static_bool_ap_fixed_ap_fixed_ap_fixed_weight_t_recurrent_weight_t_51 = phi i14 0, void %entry, i14 %void_lstm_static_bool_ap_fixed_ap_fixed_ap_fixed_weight_t_recurrent_weight_t_31, void %MultLoop.split.i_ifconv, i14 0, void %dense_resource_rf_gt_nin_rem0<ap_fixed<14, 7, 0, 3, 0>, ap_fixed<14, 7, 0, 3, 0>, config2_2>.exit"   --->   Operation 47 'phi' 'void_lstm_static_bool_ap_fixed_ap_fixed_ap_fixed_weight_t_recurrent_weight_t_51' <Predicate = true> <Delay = 0.00>
ST_3 : Operation 48 [1/1] (0.00ns)   --->   "%void_lstm_static_bool_ap_fixed_ap_fixed_ap_fixed_weight_t_recurrent_weight_t_52 = phi i14 0, void %entry, i14 %void_lstm_static_bool_ap_fixed_ap_fixed_ap_fixed_weight_t_recurrent_weight_t_32, void %MultLoop.split.i_ifconv, i14 0, void %dense_resource_rf_gt_nin_rem0<ap_fixed<14, 7, 0, 3, 0>, ap_fixed<14, 7, 0, 3, 0>, config2_2>.exit"   --->   Operation 48 'phi' 'void_lstm_static_bool_ap_fixed_ap_fixed_ap_fixed_weight_t_recurrent_weight_t_52' <Predicate = true> <Delay = 0.00>
ST_3 : Operation 49 [1/1] (0.00ns)   --->   "%void_lstm_static_bool_ap_fixed_ap_fixed_ap_fixed_weight_t_recurrent_weight_t_53 = phi i14 0, void %entry, i14 %void_lstm_static_bool_ap_fixed_ap_fixed_ap_fixed_weight_t_recurrent_weight_t_33, void %MultLoop.split.i_ifconv, i14 0, void %dense_resource_rf_gt_nin_rem0<ap_fixed<14, 7, 0, 3, 0>, ap_fixed<14, 7, 0, 3, 0>, config2_2>.exit"   --->   Operation 49 'phi' 'void_lstm_static_bool_ap_fixed_ap_fixed_ap_fixed_weight_t_recurrent_weight_t_53' <Predicate = true> <Delay = 0.00>
ST_3 : Operation 50 [1/1] (0.00ns)   --->   "%void_lstm_static_bool_ap_fixed_ap_fixed_ap_fixed_weight_t_recurrent_weight_t_54 = phi i14 0, void %entry, i14 %void_lstm_static_bool_ap_fixed_ap_fixed_ap_fixed_weight_t_recurrent_weight_t_34, void %MultLoop.split.i_ifconv, i14 0, void %dense_resource_rf_gt_nin_rem0<ap_fixed<14, 7, 0, 3, 0>, ap_fixed<14, 7, 0, 3, 0>, config2_2>.exit"   --->   Operation 50 'phi' 'void_lstm_static_bool_ap_fixed_ap_fixed_ap_fixed_weight_t_recurrent_weight_t_54' <Predicate = true> <Delay = 0.00>
ST_3 : Operation 51 [1/1] (0.00ns)   --->   "%void_lstm_static_bool_ap_fixed_ap_fixed_ap_fixed_weight_t_recurrent_weight_t_55 = phi i14 0, void %entry, i14 %void_lstm_static_bool_ap_fixed_ap_fixed_ap_fixed_weight_t_recurrent_weight_t_35, void %MultLoop.split.i_ifconv, i14 0, void %dense_resource_rf_gt_nin_rem0<ap_fixed<14, 7, 0, 3, 0>, ap_fixed<14, 7, 0, 3, 0>, config2_2>.exit"   --->   Operation 51 'phi' 'void_lstm_static_bool_ap_fixed_ap_fixed_ap_fixed_weight_t_recurrent_weight_t_55' <Predicate = true> <Delay = 0.00>
ST_3 : Operation 52 [1/1] (0.00ns)   --->   "%void_lstm_static_bool_ap_fixed_ap_fixed_ap_fixed_weight_t_recurrent_weight_t_56 = phi i14 0, void %entry, i14 %void_lstm_static_bool_ap_fixed_ap_fixed_ap_fixed_weight_t_recurrent_weight_t_36, void %MultLoop.split.i_ifconv, i14 0, void %dense_resource_rf_gt_nin_rem0<ap_fixed<14, 7, 0, 3, 0>, ap_fixed<14, 7, 0, 3, 0>, config2_2>.exit"   --->   Operation 52 'phi' 'void_lstm_static_bool_ap_fixed_ap_fixed_ap_fixed_weight_t_recurrent_weight_t_56' <Predicate = true> <Delay = 0.00>
ST_3 : Operation 53 [1/1] (0.00ns)   --->   "%void_lstm_static_bool_ap_fixed_ap_fixed_ap_fixed_weight_t_recurrent_weight_t_57 = phi i14 0, void %entry, i14 %void_lstm_static_bool_ap_fixed_ap_fixed_ap_fixed_weight_t_recurrent_weight_t_37, void %MultLoop.split.i_ifconv, i14 0, void %dense_resource_rf_gt_nin_rem0<ap_fixed<14, 7, 0, 3, 0>, ap_fixed<14, 7, 0, 3, 0>, config2_2>.exit"   --->   Operation 53 'phi' 'void_lstm_static_bool_ap_fixed_ap_fixed_ap_fixed_weight_t_recurrent_weight_t_57' <Predicate = true> <Delay = 0.00>
ST_3 : Operation 54 [1/1] (0.00ns)   --->   "%void_lstm_static_bool_ap_fixed_ap_fixed_ap_fixed_weight_t_recurrent_weight_t_58 = phi i14 0, void %entry, i14 %void_lstm_static_bool_ap_fixed_ap_fixed_ap_fixed_weight_t_recurrent_weight_t_38, void %MultLoop.split.i_ifconv, i14 0, void %dense_resource_rf_gt_nin_rem0<ap_fixed<14, 7, 0, 3, 0>, ap_fixed<14, 7, 0, 3, 0>, config2_2>.exit"   --->   Operation 54 'phi' 'void_lstm_static_bool_ap_fixed_ap_fixed_ap_fixed_weight_t_recurrent_weight_t_58' <Predicate = true> <Delay = 0.00>
ST_3 : Operation 55 [1/1] (0.00ns)   --->   "%void_lstm_static_bool_ap_fixed_ap_fixed_ap_fixed_weight_t_recurrent_weight_t_59 = phi i14 0, void %entry, i14 %void_lstm_static_bool_ap_fixed_ap_fixed_ap_fixed_weight_t_recurrent_weight_t_39, void %MultLoop.split.i_ifconv, i14 0, void %dense_resource_rf_gt_nin_rem0<ap_fixed<14, 7, 0, 3, 0>, ap_fixed<14, 7, 0, 3, 0>, config2_2>.exit"   --->   Operation 55 'phi' 'void_lstm_static_bool_ap_fixed_ap_fixed_ap_fixed_weight_t_recurrent_weight_t_59' <Predicate = true> <Delay = 0.00>
ST_3 : Operation 56 [1/1] (0.00ns)   --->   "%in_index = phi i32 0, void %entry, i32 %in_index_4, void %MultLoop.split.i_ifconv, i32 0, void %dense_resource_rf_gt_nin_rem0<ap_fixed<14, 7, 0, 3, 0>, ap_fixed<14, 7, 0, 3, 0>, config2_2>.exit"   --->   Operation 56 'phi' 'in_index' <Predicate = true> <Delay = 0.00>
ST_3 : Operation 57 [1/1] (0.00ns)   --->   "%specmemcore_ln0 = specmemcore void @_ssdm_op_SpecMemCore, i703 %wr2, i64 666, i64 38, i64 18446744073709551615, i1 0"   --->   Operation 57 'specmemcore' 'specmemcore_ln0' <Predicate = (do_init)> <Delay = 0.00>
ST_3 : Operation 58 [1/1] (0.00ns)   --->   "%void_lstm_static_bool_ap_fixed_ap_fixed_ap_fixed_weight_t_recurrent_weight_t_40 = load i14 %void_lstm_static_bool_ap_fixed_ap_fixed_ap_fixed_weight_t_recurrent_weight_t_19"   --->   Operation 58 'load' 'void_lstm_static_bool_ap_fixed_ap_fixed_ap_fixed_weight_t_recurrent_weight_t_40' <Predicate = (do_init)> <Delay = 0.00>
ST_3 : Operation 59 [1/1] (0.00ns)   --->   "%void_lstm_static_bool_ap_fixed_ap_fixed_ap_fixed_weight_t_recurrent_weight_t_41 = load i14 %void_lstm_static_bool_ap_fixed_ap_fixed_ap_fixed_weight_t_recurrent_weight_t_18"   --->   Operation 59 'load' 'void_lstm_static_bool_ap_fixed_ap_fixed_ap_fixed_weight_t_recurrent_weight_t_41' <Predicate = (do_init)> <Delay = 0.00>
ST_3 : Operation 60 [1/1] (0.00ns)   --->   "%void_lstm_static_bool_ap_fixed_ap_fixed_ap_fixed_weight_t_recurrent_weight_t_42 = load i14 %void_lstm_static_bool_ap_fixed_ap_fixed_ap_fixed_weight_t_recurrent_weight_t_17"   --->   Operation 60 'load' 'void_lstm_static_bool_ap_fixed_ap_fixed_ap_fixed_weight_t_recurrent_weight_t_42' <Predicate = (do_init)> <Delay = 0.00>
ST_3 : Operation 61 [1/1] (0.00ns)   --->   "%void_lstm_static_bool_ap_fixed_ap_fixed_ap_fixed_weight_t_recurrent_weight_t_43 = load i14 %void_lstm_static_bool_ap_fixed_ap_fixed_ap_fixed_weight_t_recurrent_weight_t_16"   --->   Operation 61 'load' 'void_lstm_static_bool_ap_fixed_ap_fixed_ap_fixed_weight_t_recurrent_weight_t_43' <Predicate = (do_init)> <Delay = 0.00>
ST_3 : Operation 62 [1/1] (0.00ns)   --->   "%void_lstm_static_bool_ap_fixed_ap_fixed_ap_fixed_weight_t_recurrent_weight_t_44 = load i14 %void_lstm_static_bool_ap_fixed_ap_fixed_ap_fixed_weight_t_recurrent_weight_t_15"   --->   Operation 62 'load' 'void_lstm_static_bool_ap_fixed_ap_fixed_ap_fixed_weight_t_recurrent_weight_t_44' <Predicate = (do_init)> <Delay = 0.00>
ST_3 : Operation 63 [1/1] (0.00ns)   --->   "%void_lstm_static_bool_ap_fixed_ap_fixed_ap_fixed_weight_t_recurrent_weight_t_45 = load i14 %void_lstm_static_bool_ap_fixed_ap_fixed_ap_fixed_weight_t_recurrent_weight_t_14"   --->   Operation 63 'load' 'void_lstm_static_bool_ap_fixed_ap_fixed_ap_fixed_weight_t_recurrent_weight_t_45' <Predicate = (do_init)> <Delay = 0.00>
ST_3 : Operation 64 [1/1] (0.00ns)   --->   "%void_lstm_static_bool_ap_fixed_ap_fixed_ap_fixed_weight_t_recurrent_weight_t_46 = load i14 %void_lstm_static_bool_ap_fixed_ap_fixed_ap_fixed_weight_t_recurrent_weight_t_13"   --->   Operation 64 'load' 'void_lstm_static_bool_ap_fixed_ap_fixed_ap_fixed_weight_t_recurrent_weight_t_46' <Predicate = (do_init)> <Delay = 0.00>
ST_3 : Operation 65 [1/1] (0.00ns)   --->   "%void_lstm_static_bool_ap_fixed_ap_fixed_ap_fixed_weight_t_recurrent_weight_t_47 = load i14 %void_lstm_static_bool_ap_fixed_ap_fixed_ap_fixed_weight_t_recurrent_weight_t_12"   --->   Operation 65 'load' 'void_lstm_static_bool_ap_fixed_ap_fixed_ap_fixed_weight_t_recurrent_weight_t_47' <Predicate = (do_init)> <Delay = 0.00>
ST_3 : Operation 66 [1/1] (0.00ns)   --->   "%void_lstm_static_bool_ap_fixed_ap_fixed_ap_fixed_weight_t_recurrent_weight_t_48 = load i14 %void_lstm_static_bool_ap_fixed_ap_fixed_ap_fixed_weight_t_recurrent_weight_t_11"   --->   Operation 66 'load' 'void_lstm_static_bool_ap_fixed_ap_fixed_ap_fixed_weight_t_recurrent_weight_t_48' <Predicate = (do_init)> <Delay = 0.00>
ST_3 : Operation 67 [1/1] (0.00ns)   --->   "%void_lstm_static_bool_ap_fixed_ap_fixed_ap_fixed_weight_t_recurrent_weight_t_49 = load i14 %void_lstm_static_bool_ap_fixed_ap_fixed_ap_fixed_weight_t_recurrent_weight_t_10"   --->   Operation 67 'load' 'void_lstm_static_bool_ap_fixed_ap_fixed_ap_fixed_weight_t_recurrent_weight_t_49' <Predicate = (do_init)> <Delay = 0.00>
ST_3 : Operation 68 [1/1] (0.00ns)   --->   "%p_ZZN4nnet11lstm_staticI8ap_fixedILi14ELi7EL9ap_q_mode0EL9ap_o_mode3ELi0EES4_7con_88 = load i14 %p_ZZN4nnet11lstm_staticI8ap_fixedILi14ELi7EL9ap_q_mode0EL9ap_o_mode3ELi0EES4_7con_43"   --->   Operation 68 'load' 'p_ZZN4nnet11lstm_staticI8ap_fixedILi14ELi7EL9ap_q_mode0EL9ap_o_mode3ELi0EES4_7con_88' <Predicate = (do_init)> <Delay = 0.00>
ST_3 : Operation 69 [1/1] (0.00ns)   --->   "%p_ZZN4nnet11lstm_staticI8ap_fixedILi14ELi7EL9ap_q_mode0EL9ap_o_mode3ELi0EES4_7con_89 = load i14 %p_ZZN4nnet11lstm_staticI8ap_fixedILi14ELi7EL9ap_q_mode0EL9ap_o_mode3ELi0EES4_7con_42"   --->   Operation 69 'load' 'p_ZZN4nnet11lstm_staticI8ap_fixedILi14ELi7EL9ap_q_mode0EL9ap_o_mode3ELi0EES4_7con_89' <Predicate = (do_init)> <Delay = 0.00>
ST_3 : Operation 70 [1/1] (0.00ns)   --->   "%p_ZZN4nnet11lstm_staticI8ap_fixedILi14ELi7EL9ap_q_mode0EL9ap_o_mode3ELi0EES4_7con_90 = load i14 %p_ZZN4nnet11lstm_staticI8ap_fixedILi14ELi7EL9ap_q_mode0EL9ap_o_mode3ELi0EES4_7con_41"   --->   Operation 70 'load' 'p_ZZN4nnet11lstm_staticI8ap_fixedILi14ELi7EL9ap_q_mode0EL9ap_o_mode3ELi0EES4_7con_90' <Predicate = (do_init)> <Delay = 0.00>
ST_3 : Operation 71 [1/1] (0.00ns)   --->   "%p_ZZN4nnet11lstm_staticI8ap_fixedILi14ELi7EL9ap_q_mode0EL9ap_o_mode3ELi0EES4_7con_91 = load i14 %p_ZZN4nnet11lstm_staticI8ap_fixedILi14ELi7EL9ap_q_mode0EL9ap_o_mode3ELi0EES4_7con_40"   --->   Operation 71 'load' 'p_ZZN4nnet11lstm_staticI8ap_fixedILi14ELi7EL9ap_q_mode0EL9ap_o_mode3ELi0EES4_7con_91' <Predicate = (do_init)> <Delay = 0.00>
ST_3 : Operation 72 [1/1] (0.00ns)   --->   "%p_ZZN4nnet11lstm_staticI8ap_fixedILi14ELi7EL9ap_q_mode0EL9ap_o_mode3ELi0EES4_7con_92 = load i14 %p_ZZN4nnet11lstm_staticI8ap_fixedILi14ELi7EL9ap_q_mode0EL9ap_o_mode3ELi0EES4_7con_39"   --->   Operation 72 'load' 'p_ZZN4nnet11lstm_staticI8ap_fixedILi14ELi7EL9ap_q_mode0EL9ap_o_mode3ELi0EES4_7con_92' <Predicate = (do_init)> <Delay = 0.00>
ST_3 : Operation 73 [1/1] (0.00ns)   --->   "%p_ZZN4nnet11lstm_staticI8ap_fixedILi14ELi7EL9ap_q_mode0EL9ap_o_mode3ELi0EES4_7con_93 = load i14 %p_ZZN4nnet11lstm_staticI8ap_fixedILi14ELi7EL9ap_q_mode0EL9ap_o_mode3ELi0EES4_7con_38"   --->   Operation 73 'load' 'p_ZZN4nnet11lstm_staticI8ap_fixedILi14ELi7EL9ap_q_mode0EL9ap_o_mode3ELi0EES4_7con_93' <Predicate = (do_init)> <Delay = 0.00>
ST_3 : Operation 74 [1/1] (0.00ns)   --->   "%p_ZZN4nnet11lstm_staticI8ap_fixedILi14ELi7EL9ap_q_mode0EL9ap_o_mode3ELi0EES4_7con_94 = load i14 %p_ZZN4nnet11lstm_staticI8ap_fixedILi14ELi7EL9ap_q_mode0EL9ap_o_mode3ELi0EES4_7con_37"   --->   Operation 74 'load' 'p_ZZN4nnet11lstm_staticI8ap_fixedILi14ELi7EL9ap_q_mode0EL9ap_o_mode3ELi0EES4_7con_94' <Predicate = (do_init)> <Delay = 0.00>
ST_3 : Operation 75 [1/1] (0.00ns)   --->   "%p_ZZN4nnet11lstm_staticI8ap_fixedILi14ELi7EL9ap_q_mode0EL9ap_o_mode3ELi0EES4_7con_95 = load i14 %p_ZZN4nnet11lstm_staticI8ap_fixedILi14ELi7EL9ap_q_mode0EL9ap_o_mode3ELi0EES4_7con_36"   --->   Operation 75 'load' 'p_ZZN4nnet11lstm_staticI8ap_fixedILi14ELi7EL9ap_q_mode0EL9ap_o_mode3ELi0EES4_7con_95' <Predicate = (do_init)> <Delay = 0.00>
ST_3 : Operation 76 [1/1] (0.00ns)   --->   "%p_ZZN4nnet11lstm_staticI8ap_fixedILi14ELi7EL9ap_q_mode0EL9ap_o_mode3ELi0EES4_7con_96 = load i14 %p_ZZN4nnet11lstm_staticI8ap_fixedILi14ELi7EL9ap_q_mode0EL9ap_o_mode3ELi0EES4_7con_35"   --->   Operation 76 'load' 'p_ZZN4nnet11lstm_staticI8ap_fixedILi14ELi7EL9ap_q_mode0EL9ap_o_mode3ELi0EES4_7con_96' <Predicate = (do_init)> <Delay = 0.00>
ST_3 : Operation 77 [1/1] (0.00ns)   --->   "%p_ZZN4nnet11lstm_staticI8ap_fixedILi14ELi7EL9ap_q_mode0EL9ap_o_mode3ELi0EES4_7con_97 = load i14 %p_ZZN4nnet11lstm_staticI8ap_fixedILi14ELi7EL9ap_q_mode0EL9ap_o_mode3ELi0EES4_7con_34"   --->   Operation 77 'load' 'p_ZZN4nnet11lstm_staticI8ap_fixedILi14ELi7EL9ap_q_mode0EL9ap_o_mode3ELi0EES4_7con_97' <Predicate = (do_init)> <Delay = 0.00>
ST_3 : Operation 78 [1/1] (0.00ns)   --->   "%p_ZZN4nnet11lstm_staticI8ap_fixedILi14ELi7EL9ap_q_mode0EL9ap_o_mode3ELi0EES4_7con_98 = load i14 %p_ZZN4nnet11lstm_staticI8ap_fixedILi14ELi7EL9ap_q_mode0EL9ap_o_mode3ELi0EES4_7con_33"   --->   Operation 78 'load' 'p_ZZN4nnet11lstm_staticI8ap_fixedILi14ELi7EL9ap_q_mode0EL9ap_o_mode3ELi0EES4_7con_98' <Predicate = (do_init)> <Delay = 0.00>
ST_3 : Operation 79 [1/1] (0.00ns)   --->   "%p_ZZN4nnet11lstm_staticI8ap_fixedILi14ELi7EL9ap_q_mode0EL9ap_o_mode3ELi0EES4_7con_99 = load i14 %p_ZZN4nnet11lstm_staticI8ap_fixedILi14ELi7EL9ap_q_mode0EL9ap_o_mode3ELi0EES4_7con_32"   --->   Operation 79 'load' 'p_ZZN4nnet11lstm_staticI8ap_fixedILi14ELi7EL9ap_q_mode0EL9ap_o_mode3ELi0EES4_7con_99' <Predicate = (do_init)> <Delay = 0.00>
ST_3 : Operation 80 [1/1] (0.00ns)   --->   "%p_ZZN4nnet11lstm_staticI8ap_fixedILi14ELi7EL9ap_q_mode0EL9ap_o_mode3ELi0EES4_7con_100 = load i14 %p_ZZN4nnet11lstm_staticI8ap_fixedILi14ELi7EL9ap_q_mode0EL9ap_o_mode3ELi0EES4_7con_31"   --->   Operation 80 'load' 'p_ZZN4nnet11lstm_staticI8ap_fixedILi14ELi7EL9ap_q_mode0EL9ap_o_mode3ELi0EES4_7con_100' <Predicate = (do_init)> <Delay = 0.00>
ST_3 : Operation 81 [1/1] (0.00ns)   --->   "%p_ZZN4nnet11lstm_staticI8ap_fixedILi14ELi7EL9ap_q_mode0EL9ap_o_mode3ELi0EES4_7con_101 = load i14 %p_ZZN4nnet11lstm_staticI8ap_fixedILi14ELi7EL9ap_q_mode0EL9ap_o_mode3ELi0EES4_7con_30"   --->   Operation 81 'load' 'p_ZZN4nnet11lstm_staticI8ap_fixedILi14ELi7EL9ap_q_mode0EL9ap_o_mode3ELi0EES4_7con_101' <Predicate = (do_init)> <Delay = 0.00>
ST_3 : Operation 82 [1/1] (0.00ns)   --->   "%p_ZZN4nnet11lstm_staticI8ap_fixedILi14ELi7EL9ap_q_mode0EL9ap_o_mode3ELi0EES4_7con_102 = load i14 %p_ZZN4nnet11lstm_staticI8ap_fixedILi14ELi7EL9ap_q_mode0EL9ap_o_mode3ELi0EES4_7con_29"   --->   Operation 82 'load' 'p_ZZN4nnet11lstm_staticI8ap_fixedILi14ELi7EL9ap_q_mode0EL9ap_o_mode3ELi0EES4_7con_102' <Predicate = (do_init)> <Delay = 0.00>
ST_3 : Operation 83 [1/1] (0.00ns)   --->   "%p_ZZN4nnet11lstm_staticI8ap_fixedILi14ELi7EL9ap_q_mode0EL9ap_o_mode3ELi0EES4_7con_103 = load i14 %p_ZZN4nnet11lstm_staticI8ap_fixedILi14ELi7EL9ap_q_mode0EL9ap_o_mode3ELi0EES4_7con_28"   --->   Operation 83 'load' 'p_ZZN4nnet11lstm_staticI8ap_fixedILi14ELi7EL9ap_q_mode0EL9ap_o_mode3ELi0EES4_7con_103' <Predicate = (do_init)> <Delay = 0.00>
ST_3 : Operation 84 [1/1] (0.00ns)   --->   "%p_ZZN4nnet11lstm_staticI8ap_fixedILi14ELi7EL9ap_q_mode0EL9ap_o_mode3ELi0EES4_7con_104 = load i14 %p_ZZN4nnet11lstm_staticI8ap_fixedILi14ELi7EL9ap_q_mode0EL9ap_o_mode3ELi0EES4_7con_27"   --->   Operation 84 'load' 'p_ZZN4nnet11lstm_staticI8ap_fixedILi14ELi7EL9ap_q_mode0EL9ap_o_mode3ELi0EES4_7con_104' <Predicate = (do_init)> <Delay = 0.00>
ST_3 : Operation 85 [1/1] (0.00ns)   --->   "%p_ZZN4nnet11lstm_staticI8ap_fixedILi14ELi7EL9ap_q_mode0EL9ap_o_mode3ELi0EES4_7con_105 = load i14 %p_ZZN4nnet11lstm_staticI8ap_fixedILi14ELi7EL9ap_q_mode0EL9ap_o_mode3ELi0EES4_7con_26"   --->   Operation 85 'load' 'p_ZZN4nnet11lstm_staticI8ap_fixedILi14ELi7EL9ap_q_mode0EL9ap_o_mode3ELi0EES4_7con_105' <Predicate = (do_init)> <Delay = 0.00>
ST_3 : Operation 86 [1/1] (0.00ns)   --->   "%p_ZZN4nnet11lstm_staticI8ap_fixedILi14ELi7EL9ap_q_mode0EL9ap_o_mode3ELi0EES4_7con_106 = load i14 %p_ZZN4nnet11lstm_staticI8ap_fixedILi14ELi7EL9ap_q_mode0EL9ap_o_mode3ELi0EES4_7con_25"   --->   Operation 86 'load' 'p_ZZN4nnet11lstm_staticI8ap_fixedILi14ELi7EL9ap_q_mode0EL9ap_o_mode3ELi0EES4_7con_106' <Predicate = (do_init)> <Delay = 0.00>
ST_3 : Operation 87 [1/1] (0.00ns)   --->   "%p_ZZN4nnet11lstm_staticI8ap_fixedILi14ELi7EL9ap_q_mode0EL9ap_o_mode3ELi0EES4_7con_107 = load i14 %p_ZZN4nnet11lstm_staticI8ap_fixedILi14ELi7EL9ap_q_mode0EL9ap_o_mode3ELi0EES4_7con_24"   --->   Operation 87 'load' 'p_ZZN4nnet11lstm_staticI8ap_fixedILi14ELi7EL9ap_q_mode0EL9ap_o_mode3ELi0EES4_7con_107' <Predicate = (do_init)> <Delay = 0.00>
ST_3 : Operation 88 [1/1] (0.00ns)   --->   "%p_ZZN4nnet11lstm_staticI8ap_fixedILi14ELi7EL9ap_q_mode0EL9ap_o_mode3ELi0EES4_7con_108 = load i14 %p_ZZN4nnet11lstm_staticI8ap_fixedILi14ELi7EL9ap_q_mode0EL9ap_o_mode3ELi0EES4_7con_23"   --->   Operation 88 'load' 'p_ZZN4nnet11lstm_staticI8ap_fixedILi14ELi7EL9ap_q_mode0EL9ap_o_mode3ELi0EES4_7con_108' <Predicate = (do_init)> <Delay = 0.00>
ST_3 : Operation 89 [1/1] (0.00ns)   --->   "%p_ZZN4nnet11lstm_staticI8ap_fixedILi14ELi7EL9ap_q_mode0EL9ap_o_mode3ELi0EES4_7con_109 = load i14 %p_ZZN4nnet11lstm_staticI8ap_fixedILi14ELi7EL9ap_q_mode0EL9ap_o_mode3ELi0EES4_7con_22"   --->   Operation 89 'load' 'p_ZZN4nnet11lstm_staticI8ap_fixedILi14ELi7EL9ap_q_mode0EL9ap_o_mode3ELi0EES4_7con_109' <Predicate = (do_init)> <Delay = 0.00>
ST_3 : Operation 90 [1/1] (0.00ns)   --->   "%p_ZZN4nnet11lstm_staticI8ap_fixedILi14ELi7EL9ap_q_mode0EL9ap_o_mode3ELi0EES4_7con_66 = phi i14 %p_ZZN4nnet11lstm_staticI8ap_fixedILi14ELi7EL9ap_q_mode0EL9ap_o_mode3ELi0EES4_7con_109, void %rewind_init, i14 %p_ZZN4nnet11lstm_staticI8ap_fixedILi14ELi7EL9ap_q_mode0EL9ap_o_mode3ELi0EES4_7con_110, void %rewind_header"   --->   Operation 90 'phi' 'p_ZZN4nnet11lstm_staticI8ap_fixedILi14ELi7EL9ap_q_mode0EL9ap_o_mode3ELi0EES4_7con_66' <Predicate = true> <Delay = 0.00>
ST_3 : Operation 91 [1/1] (0.00ns)   --->   "%p_ZZN4nnet11lstm_staticI8ap_fixedILi14ELi7EL9ap_q_mode0EL9ap_o_mode3ELi0EES4_7con_67 = phi i14 %p_ZZN4nnet11lstm_staticI8ap_fixedILi14ELi7EL9ap_q_mode0EL9ap_o_mode3ELi0EES4_7con_108, void %rewind_init, i14 %p_ZZN4nnet11lstm_staticI8ap_fixedILi14ELi7EL9ap_q_mode0EL9ap_o_mode3ELi0EES4_7con_111, void %rewind_header"   --->   Operation 91 'phi' 'p_ZZN4nnet11lstm_staticI8ap_fixedILi14ELi7EL9ap_q_mode0EL9ap_o_mode3ELi0EES4_7con_67' <Predicate = true> <Delay = 0.00>
ST_3 : Operation 92 [1/1] (0.00ns)   --->   "%p_ZZN4nnet11lstm_staticI8ap_fixedILi14ELi7EL9ap_q_mode0EL9ap_o_mode3ELi0EES4_7con_68 = phi i14 %p_ZZN4nnet11lstm_staticI8ap_fixedILi14ELi7EL9ap_q_mode0EL9ap_o_mode3ELi0EES4_7con_107, void %rewind_init, i14 %p_ZZN4nnet11lstm_staticI8ap_fixedILi14ELi7EL9ap_q_mode0EL9ap_o_mode3ELi0EES4_7con_112, void %rewind_header"   --->   Operation 92 'phi' 'p_ZZN4nnet11lstm_staticI8ap_fixedILi14ELi7EL9ap_q_mode0EL9ap_o_mode3ELi0EES4_7con_68' <Predicate = true> <Delay = 0.00>
ST_3 : Operation 93 [1/1] (0.00ns)   --->   "%p_ZZN4nnet11lstm_staticI8ap_fixedILi14ELi7EL9ap_q_mode0EL9ap_o_mode3ELi0EES4_7con_69 = phi i14 %p_ZZN4nnet11lstm_staticI8ap_fixedILi14ELi7EL9ap_q_mode0EL9ap_o_mode3ELi0EES4_7con_106, void %rewind_init, i14 %p_ZZN4nnet11lstm_staticI8ap_fixedILi14ELi7EL9ap_q_mode0EL9ap_o_mode3ELi0EES4_7con_113, void %rewind_header"   --->   Operation 93 'phi' 'p_ZZN4nnet11lstm_staticI8ap_fixedILi14ELi7EL9ap_q_mode0EL9ap_o_mode3ELi0EES4_7con_69' <Predicate = true> <Delay = 0.00>
ST_3 : Operation 94 [1/1] (0.00ns)   --->   "%p_ZZN4nnet11lstm_staticI8ap_fixedILi14ELi7EL9ap_q_mode0EL9ap_o_mode3ELi0EES4_7con_70 = phi i14 %p_ZZN4nnet11lstm_staticI8ap_fixedILi14ELi7EL9ap_q_mode0EL9ap_o_mode3ELi0EES4_7con_105, void %rewind_init, i14 %p_ZZN4nnet11lstm_staticI8ap_fixedILi14ELi7EL9ap_q_mode0EL9ap_o_mode3ELi0EES4_7con_114, void %rewind_header"   --->   Operation 94 'phi' 'p_ZZN4nnet11lstm_staticI8ap_fixedILi14ELi7EL9ap_q_mode0EL9ap_o_mode3ELi0EES4_7con_70' <Predicate = true> <Delay = 0.00>
ST_3 : Operation 95 [1/1] (0.00ns)   --->   "%p_ZZN4nnet11lstm_staticI8ap_fixedILi14ELi7EL9ap_q_mode0EL9ap_o_mode3ELi0EES4_7con_71 = phi i14 %p_ZZN4nnet11lstm_staticI8ap_fixedILi14ELi7EL9ap_q_mode0EL9ap_o_mode3ELi0EES4_7con_104, void %rewind_init, i14 %p_ZZN4nnet11lstm_staticI8ap_fixedILi14ELi7EL9ap_q_mode0EL9ap_o_mode3ELi0EES4_7con_115, void %rewind_header"   --->   Operation 95 'phi' 'p_ZZN4nnet11lstm_staticI8ap_fixedILi14ELi7EL9ap_q_mode0EL9ap_o_mode3ELi0EES4_7con_71' <Predicate = true> <Delay = 0.00>
ST_3 : Operation 96 [1/1] (0.00ns)   --->   "%p_ZZN4nnet11lstm_staticI8ap_fixedILi14ELi7EL9ap_q_mode0EL9ap_o_mode3ELi0EES4_7con_72 = phi i14 %p_ZZN4nnet11lstm_staticI8ap_fixedILi14ELi7EL9ap_q_mode0EL9ap_o_mode3ELi0EES4_7con_103, void %rewind_init, i14 %p_ZZN4nnet11lstm_staticI8ap_fixedILi14ELi7EL9ap_q_mode0EL9ap_o_mode3ELi0EES4_7con_116, void %rewind_header"   --->   Operation 96 'phi' 'p_ZZN4nnet11lstm_staticI8ap_fixedILi14ELi7EL9ap_q_mode0EL9ap_o_mode3ELi0EES4_7con_72' <Predicate = true> <Delay = 0.00>
ST_3 : Operation 97 [1/1] (0.00ns)   --->   "%p_ZZN4nnet11lstm_staticI8ap_fixedILi14ELi7EL9ap_q_mode0EL9ap_o_mode3ELi0EES4_7con_73 = phi i14 %p_ZZN4nnet11lstm_staticI8ap_fixedILi14ELi7EL9ap_q_mode0EL9ap_o_mode3ELi0EES4_7con_102, void %rewind_init, i14 %p_ZZN4nnet11lstm_staticI8ap_fixedILi14ELi7EL9ap_q_mode0EL9ap_o_mode3ELi0EES4_7con_117, void %rewind_header"   --->   Operation 97 'phi' 'p_ZZN4nnet11lstm_staticI8ap_fixedILi14ELi7EL9ap_q_mode0EL9ap_o_mode3ELi0EES4_7con_73' <Predicate = true> <Delay = 0.00>
ST_3 : Operation 98 [1/1] (0.00ns)   --->   "%p_ZZN4nnet11lstm_staticI8ap_fixedILi14ELi7EL9ap_q_mode0EL9ap_o_mode3ELi0EES4_7con_74 = phi i14 %p_ZZN4nnet11lstm_staticI8ap_fixedILi14ELi7EL9ap_q_mode0EL9ap_o_mode3ELi0EES4_7con_101, void %rewind_init, i14 %p_ZZN4nnet11lstm_staticI8ap_fixedILi14ELi7EL9ap_q_mode0EL9ap_o_mode3ELi0EES4_7con_118, void %rewind_header"   --->   Operation 98 'phi' 'p_ZZN4nnet11lstm_staticI8ap_fixedILi14ELi7EL9ap_q_mode0EL9ap_o_mode3ELi0EES4_7con_74' <Predicate = true> <Delay = 0.00>
ST_3 : Operation 99 [1/1] (0.00ns)   --->   "%p_ZZN4nnet11lstm_staticI8ap_fixedILi14ELi7EL9ap_q_mode0EL9ap_o_mode3ELi0EES4_7con_75 = phi i14 %p_ZZN4nnet11lstm_staticI8ap_fixedILi14ELi7EL9ap_q_mode0EL9ap_o_mode3ELi0EES4_7con_100, void %rewind_init, i14 %p_ZZN4nnet11lstm_staticI8ap_fixedILi14ELi7EL9ap_q_mode0EL9ap_o_mode3ELi0EES4_7con_119, void %rewind_header"   --->   Operation 99 'phi' 'p_ZZN4nnet11lstm_staticI8ap_fixedILi14ELi7EL9ap_q_mode0EL9ap_o_mode3ELi0EES4_7con_75' <Predicate = true> <Delay = 0.00>
ST_3 : Operation 100 [1/1] (0.00ns)   --->   "%p_ZZN4nnet11lstm_staticI8ap_fixedILi14ELi7EL9ap_q_mode0EL9ap_o_mode3ELi0EES4_7con_76 = phi i14 %p_ZZN4nnet11lstm_staticI8ap_fixedILi14ELi7EL9ap_q_mode0EL9ap_o_mode3ELi0EES4_7con_99, void %rewind_init, i14 %p_ZZN4nnet11lstm_staticI8ap_fixedILi14ELi7EL9ap_q_mode0EL9ap_o_mode3ELi0EES4_7con_120, void %rewind_header"   --->   Operation 100 'phi' 'p_ZZN4nnet11lstm_staticI8ap_fixedILi14ELi7EL9ap_q_mode0EL9ap_o_mode3ELi0EES4_7con_76' <Predicate = true> <Delay = 0.00>
ST_3 : Operation 101 [1/1] (0.00ns)   --->   "%p_ZZN4nnet11lstm_staticI8ap_fixedILi14ELi7EL9ap_q_mode0EL9ap_o_mode3ELi0EES4_7con_77 = phi i14 %p_ZZN4nnet11lstm_staticI8ap_fixedILi14ELi7EL9ap_q_mode0EL9ap_o_mode3ELi0EES4_7con_98, void %rewind_init, i14 %p_ZZN4nnet11lstm_staticI8ap_fixedILi14ELi7EL9ap_q_mode0EL9ap_o_mode3ELi0EES4_7con_121, void %rewind_header"   --->   Operation 101 'phi' 'p_ZZN4nnet11lstm_staticI8ap_fixedILi14ELi7EL9ap_q_mode0EL9ap_o_mode3ELi0EES4_7con_77' <Predicate = true> <Delay = 0.00>
ST_3 : Operation 102 [1/1] (0.00ns)   --->   "%p_ZZN4nnet11lstm_staticI8ap_fixedILi14ELi7EL9ap_q_mode0EL9ap_o_mode3ELi0EES4_7con_78 = phi i14 %p_ZZN4nnet11lstm_staticI8ap_fixedILi14ELi7EL9ap_q_mode0EL9ap_o_mode3ELi0EES4_7con_97, void %rewind_init, i14 %p_ZZN4nnet11lstm_staticI8ap_fixedILi14ELi7EL9ap_q_mode0EL9ap_o_mode3ELi0EES4_7con_122, void %rewind_header"   --->   Operation 102 'phi' 'p_ZZN4nnet11lstm_staticI8ap_fixedILi14ELi7EL9ap_q_mode0EL9ap_o_mode3ELi0EES4_7con_78' <Predicate = true> <Delay = 0.00>
ST_3 : Operation 103 [1/1] (0.00ns)   --->   "%p_ZZN4nnet11lstm_staticI8ap_fixedILi14ELi7EL9ap_q_mode0EL9ap_o_mode3ELi0EES4_7con_79 = phi i14 %p_ZZN4nnet11lstm_staticI8ap_fixedILi14ELi7EL9ap_q_mode0EL9ap_o_mode3ELi0EES4_7con_96, void %rewind_init, i14 %p_ZZN4nnet11lstm_staticI8ap_fixedILi14ELi7EL9ap_q_mode0EL9ap_o_mode3ELi0EES4_7con_123, void %rewind_header"   --->   Operation 103 'phi' 'p_ZZN4nnet11lstm_staticI8ap_fixedILi14ELi7EL9ap_q_mode0EL9ap_o_mode3ELi0EES4_7con_79' <Predicate = true> <Delay = 0.00>
ST_3 : Operation 104 [1/1] (0.00ns)   --->   "%p_ZZN4nnet11lstm_staticI8ap_fixedILi14ELi7EL9ap_q_mode0EL9ap_o_mode3ELi0EES4_7con_80 = phi i14 %p_ZZN4nnet11lstm_staticI8ap_fixedILi14ELi7EL9ap_q_mode0EL9ap_o_mode3ELi0EES4_7con_95, void %rewind_init, i14 %p_ZZN4nnet11lstm_staticI8ap_fixedILi14ELi7EL9ap_q_mode0EL9ap_o_mode3ELi0EES4_7con_124, void %rewind_header"   --->   Operation 104 'phi' 'p_ZZN4nnet11lstm_staticI8ap_fixedILi14ELi7EL9ap_q_mode0EL9ap_o_mode3ELi0EES4_7con_80' <Predicate = true> <Delay = 0.00>
ST_3 : Operation 105 [1/1] (0.00ns)   --->   "%p_ZZN4nnet11lstm_staticI8ap_fixedILi14ELi7EL9ap_q_mode0EL9ap_o_mode3ELi0EES4_7con_81 = phi i14 %p_ZZN4nnet11lstm_staticI8ap_fixedILi14ELi7EL9ap_q_mode0EL9ap_o_mode3ELi0EES4_7con_94, void %rewind_init, i14 %p_ZZN4nnet11lstm_staticI8ap_fixedILi14ELi7EL9ap_q_mode0EL9ap_o_mode3ELi0EES4_7con_125, void %rewind_header"   --->   Operation 105 'phi' 'p_ZZN4nnet11lstm_staticI8ap_fixedILi14ELi7EL9ap_q_mode0EL9ap_o_mode3ELi0EES4_7con_81' <Predicate = true> <Delay = 0.00>
ST_3 : Operation 106 [1/1] (0.00ns)   --->   "%p_ZZN4nnet11lstm_staticI8ap_fixedILi14ELi7EL9ap_q_mode0EL9ap_o_mode3ELi0EES4_7con_82 = phi i14 %p_ZZN4nnet11lstm_staticI8ap_fixedILi14ELi7EL9ap_q_mode0EL9ap_o_mode3ELi0EES4_7con_93, void %rewind_init, i14 %p_ZZN4nnet11lstm_staticI8ap_fixedILi14ELi7EL9ap_q_mode0EL9ap_o_mode3ELi0EES4_7con_126, void %rewind_header"   --->   Operation 106 'phi' 'p_ZZN4nnet11lstm_staticI8ap_fixedILi14ELi7EL9ap_q_mode0EL9ap_o_mode3ELi0EES4_7con_82' <Predicate = true> <Delay = 0.00>
ST_3 : Operation 107 [1/1] (0.00ns)   --->   "%p_ZZN4nnet11lstm_staticI8ap_fixedILi14ELi7EL9ap_q_mode0EL9ap_o_mode3ELi0EES4_7con_83 = phi i14 %p_ZZN4nnet11lstm_staticI8ap_fixedILi14ELi7EL9ap_q_mode0EL9ap_o_mode3ELi0EES4_7con_92, void %rewind_init, i14 %p_ZZN4nnet11lstm_staticI8ap_fixedILi14ELi7EL9ap_q_mode0EL9ap_o_mode3ELi0EES4_7con_127, void %rewind_header"   --->   Operation 107 'phi' 'p_ZZN4nnet11lstm_staticI8ap_fixedILi14ELi7EL9ap_q_mode0EL9ap_o_mode3ELi0EES4_7con_83' <Predicate = true> <Delay = 0.00>
ST_3 : Operation 108 [1/1] (0.00ns)   --->   "%p_ZZN4nnet11lstm_staticI8ap_fixedILi14ELi7EL9ap_q_mode0EL9ap_o_mode3ELi0EES4_7con_84 = phi i14 %p_ZZN4nnet11lstm_staticI8ap_fixedILi14ELi7EL9ap_q_mode0EL9ap_o_mode3ELi0EES4_7con_91, void %rewind_init, i14 %p_ZZN4nnet11lstm_staticI8ap_fixedILi14ELi7EL9ap_q_mode0EL9ap_o_mode3ELi0EES4_7con_128, void %rewind_header"   --->   Operation 108 'phi' 'p_ZZN4nnet11lstm_staticI8ap_fixedILi14ELi7EL9ap_q_mode0EL9ap_o_mode3ELi0EES4_7con_84' <Predicate = true> <Delay = 0.00>
ST_3 : Operation 109 [1/1] (0.00ns)   --->   "%p_ZZN4nnet11lstm_staticI8ap_fixedILi14ELi7EL9ap_q_mode0EL9ap_o_mode3ELi0EES4_7con_85 = phi i14 %p_ZZN4nnet11lstm_staticI8ap_fixedILi14ELi7EL9ap_q_mode0EL9ap_o_mode3ELi0EES4_7con_90, void %rewind_init, i14 %p_ZZN4nnet11lstm_staticI8ap_fixedILi14ELi7EL9ap_q_mode0EL9ap_o_mode3ELi0EES4_7con_129, void %rewind_header"   --->   Operation 109 'phi' 'p_ZZN4nnet11lstm_staticI8ap_fixedILi14ELi7EL9ap_q_mode0EL9ap_o_mode3ELi0EES4_7con_85' <Predicate = true> <Delay = 0.00>
ST_3 : Operation 110 [1/1] (0.00ns)   --->   "%p_ZZN4nnet11lstm_staticI8ap_fixedILi14ELi7EL9ap_q_mode0EL9ap_o_mode3ELi0EES4_7con_86 = phi i14 %p_ZZN4nnet11lstm_staticI8ap_fixedILi14ELi7EL9ap_q_mode0EL9ap_o_mode3ELi0EES4_7con_89, void %rewind_init, i14 %p_ZZN4nnet11lstm_staticI8ap_fixedILi14ELi7EL9ap_q_mode0EL9ap_o_mode3ELi0EES4_7con_130, void %rewind_header"   --->   Operation 110 'phi' 'p_ZZN4nnet11lstm_staticI8ap_fixedILi14ELi7EL9ap_q_mode0EL9ap_o_mode3ELi0EES4_7con_86' <Predicate = true> <Delay = 0.00>
ST_3 : Operation 111 [1/1] (0.00ns)   --->   "%p_ZZN4nnet11lstm_staticI8ap_fixedILi14ELi7EL9ap_q_mode0EL9ap_o_mode3ELi0EES4_7con_87 = phi i14 %p_ZZN4nnet11lstm_staticI8ap_fixedILi14ELi7EL9ap_q_mode0EL9ap_o_mode3ELi0EES4_7con_88, void %rewind_init, i14 %p_ZZN4nnet11lstm_staticI8ap_fixedILi14ELi7EL9ap_q_mode0EL9ap_o_mode3ELi0EES4_7con_131, void %rewind_header"   --->   Operation 111 'phi' 'p_ZZN4nnet11lstm_staticI8ap_fixedILi14ELi7EL9ap_q_mode0EL9ap_o_mode3ELi0EES4_7con_87' <Predicate = true> <Delay = 0.00>
ST_3 : Operation 112 [1/1] (0.00ns)   --->   "%void_lstm_static_bool_ap_fixed_ap_fixed_ap_fixed_weight_t_recurrent_weight_t_30 = phi i14 %void_lstm_static_bool_ap_fixed_ap_fixed_ap_fixed_weight_t_recurrent_weight_t_49, void %rewind_init, i14 %void_lstm_static_bool_ap_fixed_ap_fixed_ap_fixed_weight_t_recurrent_weight_t_50, void %rewind_header"   --->   Operation 112 'phi' 'void_lstm_static_bool_ap_fixed_ap_fixed_ap_fixed_weight_t_recurrent_weight_t_30' <Predicate = true> <Delay = 0.00>
ST_3 : Operation 113 [1/1] (0.00ns)   --->   "%void_lstm_static_bool_ap_fixed_ap_fixed_ap_fixed_weight_t_recurrent_weight_t_31 = phi i14 %void_lstm_static_bool_ap_fixed_ap_fixed_ap_fixed_weight_t_recurrent_weight_t_48, void %rewind_init, i14 %void_lstm_static_bool_ap_fixed_ap_fixed_ap_fixed_weight_t_recurrent_weight_t_51, void %rewind_header"   --->   Operation 113 'phi' 'void_lstm_static_bool_ap_fixed_ap_fixed_ap_fixed_weight_t_recurrent_weight_t_31' <Predicate = true> <Delay = 0.00>
ST_3 : Operation 114 [1/1] (0.00ns)   --->   "%void_lstm_static_bool_ap_fixed_ap_fixed_ap_fixed_weight_t_recurrent_weight_t_32 = phi i14 %void_lstm_static_bool_ap_fixed_ap_fixed_ap_fixed_weight_t_recurrent_weight_t_47, void %rewind_init, i14 %void_lstm_static_bool_ap_fixed_ap_fixed_ap_fixed_weight_t_recurrent_weight_t_52, void %rewind_header"   --->   Operation 114 'phi' 'void_lstm_static_bool_ap_fixed_ap_fixed_ap_fixed_weight_t_recurrent_weight_t_32' <Predicate = true> <Delay = 0.00>
ST_3 : Operation 115 [1/1] (0.00ns)   --->   "%void_lstm_static_bool_ap_fixed_ap_fixed_ap_fixed_weight_t_recurrent_weight_t_33 = phi i14 %void_lstm_static_bool_ap_fixed_ap_fixed_ap_fixed_weight_t_recurrent_weight_t_46, void %rewind_init, i14 %void_lstm_static_bool_ap_fixed_ap_fixed_ap_fixed_weight_t_recurrent_weight_t_53, void %rewind_header"   --->   Operation 115 'phi' 'void_lstm_static_bool_ap_fixed_ap_fixed_ap_fixed_weight_t_recurrent_weight_t_33' <Predicate = true> <Delay = 0.00>
ST_3 : Operation 116 [1/1] (0.00ns)   --->   "%void_lstm_static_bool_ap_fixed_ap_fixed_ap_fixed_weight_t_recurrent_weight_t_34 = phi i14 %void_lstm_static_bool_ap_fixed_ap_fixed_ap_fixed_weight_t_recurrent_weight_t_45, void %rewind_init, i14 %void_lstm_static_bool_ap_fixed_ap_fixed_ap_fixed_weight_t_recurrent_weight_t_54, void %rewind_header"   --->   Operation 116 'phi' 'void_lstm_static_bool_ap_fixed_ap_fixed_ap_fixed_weight_t_recurrent_weight_t_34' <Predicate = true> <Delay = 0.00>
ST_3 : Operation 117 [1/1] (0.00ns)   --->   "%void_lstm_static_bool_ap_fixed_ap_fixed_ap_fixed_weight_t_recurrent_weight_t_35 = phi i14 %void_lstm_static_bool_ap_fixed_ap_fixed_ap_fixed_weight_t_recurrent_weight_t_44, void %rewind_init, i14 %void_lstm_static_bool_ap_fixed_ap_fixed_ap_fixed_weight_t_recurrent_weight_t_55, void %rewind_header"   --->   Operation 117 'phi' 'void_lstm_static_bool_ap_fixed_ap_fixed_ap_fixed_weight_t_recurrent_weight_t_35' <Predicate = true> <Delay = 0.00>
ST_3 : Operation 118 [1/1] (0.00ns)   --->   "%void_lstm_static_bool_ap_fixed_ap_fixed_ap_fixed_weight_t_recurrent_weight_t_36 = phi i14 %void_lstm_static_bool_ap_fixed_ap_fixed_ap_fixed_weight_t_recurrent_weight_t_43, void %rewind_init, i14 %void_lstm_static_bool_ap_fixed_ap_fixed_ap_fixed_weight_t_recurrent_weight_t_56, void %rewind_header"   --->   Operation 118 'phi' 'void_lstm_static_bool_ap_fixed_ap_fixed_ap_fixed_weight_t_recurrent_weight_t_36' <Predicate = true> <Delay = 0.00>
ST_3 : Operation 119 [1/1] (0.00ns)   --->   "%void_lstm_static_bool_ap_fixed_ap_fixed_ap_fixed_weight_t_recurrent_weight_t_37 = phi i14 %void_lstm_static_bool_ap_fixed_ap_fixed_ap_fixed_weight_t_recurrent_weight_t_42, void %rewind_init, i14 %void_lstm_static_bool_ap_fixed_ap_fixed_ap_fixed_weight_t_recurrent_weight_t_57, void %rewind_header"   --->   Operation 119 'phi' 'void_lstm_static_bool_ap_fixed_ap_fixed_ap_fixed_weight_t_recurrent_weight_t_37' <Predicate = true> <Delay = 0.00>
ST_3 : Operation 120 [1/1] (0.00ns)   --->   "%void_lstm_static_bool_ap_fixed_ap_fixed_ap_fixed_weight_t_recurrent_weight_t_38 = phi i14 %void_lstm_static_bool_ap_fixed_ap_fixed_ap_fixed_weight_t_recurrent_weight_t_41, void %rewind_init, i14 %void_lstm_static_bool_ap_fixed_ap_fixed_ap_fixed_weight_t_recurrent_weight_t_58, void %rewind_header"   --->   Operation 120 'phi' 'void_lstm_static_bool_ap_fixed_ap_fixed_ap_fixed_weight_t_recurrent_weight_t_38' <Predicate = true> <Delay = 0.00>
ST_3 : Operation 121 [1/1] (0.00ns)   --->   "%void_lstm_static_bool_ap_fixed_ap_fixed_ap_fixed_weight_t_recurrent_weight_t_39 = phi i14 %void_lstm_static_bool_ap_fixed_ap_fixed_ap_fixed_weight_t_recurrent_weight_t_40, void %rewind_init, i14 %void_lstm_static_bool_ap_fixed_ap_fixed_ap_fixed_weight_t_recurrent_weight_t_59, void %rewind_header"   --->   Operation 121 'phi' 'void_lstm_static_bool_ap_fixed_ap_fixed_ap_fixed_weight_t_recurrent_weight_t_39' <Predicate = true> <Delay = 0.00>
ST_3 : Operation 122 [1/1] (0.00ns)   --->   "%trunc_ln135 = trunc i32 %in_index" [firmware/nnet_utils/nnet_dense_resource.h:135]   --->   Operation 122 'trunc' 'trunc_ln135' <Predicate = true> <Delay = 0.00>
ST_3 : Operation 123 [1/2] ( I:2.15ns O:2.15ns )   --->   "%out_index = load i6 %outidx_4_addr" [firmware/nnet_utils/nnet_dense_resource.h:139]   --->   Operation 123 'load' 'out_index' <Predicate = true> <Delay = 2.15> <CoreInst = "ROM">   --->   Core 94 'ROM' <Latency = 1> <II = 1> <Delay = 2.15> <Storage> <Opcode : 'load'> <Ports = 0> <Width = 1> <Depth = 64> <ROM>
ST_3 : Operation 124 [1/1] (3.03ns)   --->   "%a = sparsemux i14 @_ssdm_op_SparseMux.ap_auto.32i14.i14.i5, i5 0, i14 %void_lstm_static_bool_ap_fixed_ap_fixed_ap_fixed_weight_t_recurrent_weight_t_39, i5 1, i14 %void_lstm_static_bool_ap_fixed_ap_fixed_ap_fixed_weight_t_recurrent_weight_t_38, i5 2, i14 %void_lstm_static_bool_ap_fixed_ap_fixed_ap_fixed_weight_t_recurrent_weight_t_37, i5 3, i14 %void_lstm_static_bool_ap_fixed_ap_fixed_ap_fixed_weight_t_recurrent_weight_t_36, i5 4, i14 %void_lstm_static_bool_ap_fixed_ap_fixed_ap_fixed_weight_t_recurrent_weight_t_35, i5 5, i14 %void_lstm_static_bool_ap_fixed_ap_fixed_ap_fixed_weight_t_recurrent_weight_t_34, i5 6, i14 %void_lstm_static_bool_ap_fixed_ap_fixed_ap_fixed_weight_t_recurrent_weight_t_33, i5 7, i14 %void_lstm_static_bool_ap_fixed_ap_fixed_ap_fixed_weight_t_recurrent_weight_t_32, i5 8, i14 %void_lstm_static_bool_ap_fixed_ap_fixed_ap_fixed_weight_t_recurrent_weight_t_31, i5 9, i14 %void_lstm_static_bool_ap_fixed_ap_fixed_ap_fixed_weight_t_recurrent_weight_t_30, i5 10, i14 %p_ZZN4nnet11lstm_staticI8ap_fixedILi14ELi7EL9ap_q_mode0EL9ap_o_mode3ELi0EES4_7con_87, i5 11, i14 %p_ZZN4nnet11lstm_staticI8ap_fixedILi14ELi7EL9ap_q_mode0EL9ap_o_mode3ELi0EES4_7con_86, i5 12, i14 %p_ZZN4nnet11lstm_staticI8ap_fixedILi14ELi7EL9ap_q_mode0EL9ap_o_mode3ELi0EES4_7con_85, i5 13, i14 %p_ZZN4nnet11lstm_staticI8ap_fixedILi14ELi7EL9ap_q_mode0EL9ap_o_mode3ELi0EES4_7con_84, i5 14, i14 %p_ZZN4nnet11lstm_staticI8ap_fixedILi14ELi7EL9ap_q_mode0EL9ap_o_mode3ELi0EES4_7con_83, i5 15, i14 %p_ZZN4nnet11lstm_staticI8ap_fixedILi14ELi7EL9ap_q_mode0EL9ap_o_mode3ELi0EES4_7con_82, i5 16, i14 %p_ZZN4nnet11lstm_staticI8ap_fixedILi14ELi7EL9ap_q_mode0EL9ap_o_mode3ELi0EES4_7con_81, i5 17, i14 %p_ZZN4nnet11lstm_staticI8ap_fixedILi14ELi7EL9ap_q_mode0EL9ap_o_mode3ELi0EES4_7con_80, i5 18, i14 %p_ZZN4nnet11lstm_staticI8ap_fixedILi14ELi7EL9ap_q_mode0EL9ap_o_mode3ELi0EES4_7con_79, i5 19, i14 %p_ZZN4nnet11lstm_staticI8ap_fixedILi14ELi7EL9ap_q_mode0EL9ap_o_mode3ELi0EES4_7con_78, i5 20, i14 %p_ZZN4nnet11lstm_staticI8ap_fixedILi14ELi7EL9ap_q_mode0EL9ap_o_mode3ELi0EES4_7con_77, i5 21, i14 %p_ZZN4nnet11lstm_staticI8ap_fixedILi14ELi7EL9ap_q_mode0EL9ap_o_mode3ELi0EES4_7con_76, i5 22, i14 %p_ZZN4nnet11lstm_staticI8ap_fixedILi14ELi7EL9ap_q_mode0EL9ap_o_mode3ELi0EES4_7con_75, i5 23, i14 %p_ZZN4nnet11lstm_staticI8ap_fixedILi14ELi7EL9ap_q_mode0EL9ap_o_mode3ELi0EES4_7con_74, i5 24, i14 %p_ZZN4nnet11lstm_staticI8ap_fixedILi14ELi7EL9ap_q_mode0EL9ap_o_mode3ELi0EES4_7con_73, i5 25, i14 %p_ZZN4nnet11lstm_staticI8ap_fixedILi14ELi7EL9ap_q_mode0EL9ap_o_mode3ELi0EES4_7con_72, i5 26, i14 %p_ZZN4nnet11lstm_staticI8ap_fixedILi14ELi7EL9ap_q_mode0EL9ap_o_mode3ELi0EES4_7con_71, i5 27, i14 %p_ZZN4nnet11lstm_staticI8ap_fixedILi14ELi7EL9ap_q_mode0EL9ap_o_mode3ELi0EES4_7con_70, i5 28, i14 %p_ZZN4nnet11lstm_staticI8ap_fixedILi14ELi7EL9ap_q_mode0EL9ap_o_mode3ELi0EES4_7con_69, i5 29, i14 %p_ZZN4nnet11lstm_staticI8ap_fixedILi14ELi7EL9ap_q_mode0EL9ap_o_mode3ELi0EES4_7con_68, i5 30, i14 %p_ZZN4nnet11lstm_staticI8ap_fixedILi14ELi7EL9ap_q_mode0EL9ap_o_mode3ELi0EES4_7con_67, i5 31, i14 %p_ZZN4nnet11lstm_staticI8ap_fixedILi14ELi7EL9ap_q_mode0EL9ap_o_mode3ELi0EES4_7con_66, i14 0, i5 %trunc_ln135" [firmware/nnet_utils/nnet_dense_resource.h:135]   --->   Operation 124 'sparsemux' 'a' <Predicate = true> <Delay = 3.03> <CoreInst = "BinarySparseMux_DontCare">   --->   Core 137 'BinarySparseMux_DontCare' <Latency = 0> <II = 1> <Delay = 3.03> <FuncUnit> <Opcode : 'sparsemux'> <InPorts = 2> <OutPorts = 1>
ST_3 : Operation 125 [2/3] (1.68ns)   --->   "%wr2_load = load i6 %wr2_addr" [firmware/nnet_utils/nnet_dense_resource.h:145]   --->   Operation 125 'load' 'wr2_load' <Predicate = true> <Delay = 1.68> <CoreInst = "ROM_nP_BRAM">   --->   Core 102 'ROM_nP_BRAM' <Latency = 2> <II = 1> <Delay = 1.68> <Storage> <Opcode : 'load'> <Ports = 0> <Width = 703> <Depth = 64> <ROM>
ST_3 : Operation 126 [1/1] (2.70ns)   --->   "%in_index_3 = add i32 %in_index, i32 1" [firmware/nnet_utils/nnet_dense_resource.h:153]   --->   Operation 126 'add' 'in_index_3' <Predicate = true> <Delay = 2.70> <CoreInst = "Adder">   --->   Core 1 'Adder' <Latency = 0> <II = 1> <Delay = 2.70> <FuncUnit> <Opcode : 'add' 'sub'> <InPorts = 2> <OutPorts = 1>
ST_3 : Operation 127 [1/1] (0.00ns)   --->   "%tmp_799 = partselect i27 @_ssdm_op_PartSelect.i27.i32.i32.i32, i32 %in_index_3, i32 5, i32 31" [firmware/nnet_utils/nnet_dense_resource.h:154]   --->   Operation 127 'partselect' 'tmp_799' <Predicate = true> <Delay = 0.00>
ST_3 : Operation 128 [1/1] (2.52ns)   --->   "%icmp_ln154 = icmp_sgt  i27 %tmp_799, i27 0" [firmware/nnet_utils/nnet_dense_resource.h:154]   --->   Operation 128 'icmp' 'icmp_ln154' <Predicate = true> <Delay = 2.52> <CoreInst = "Cmp">   --->   Core 9 'Cmp' <Latency = 0> <II = 1> <Delay = 2.52> <FuncUnit> <Opcode : 'seteq' 'setne' 'setle' 'setge' 'setlt' 'setgt'> <InPorts = 2> <OutPorts = 1>
ST_3 : Operation 129 [1/1] (0.79ns)   --->   "%in_index_4 = select i1 %icmp_ln154, i32 0, i32 %in_index_3" [firmware/nnet_utils/nnet_dense_resource.h:154]   --->   Operation 129 'select' 'in_index_4' <Predicate = true> <Delay = 0.79> <CoreInst = "Sel">   --->   Core 73 'Sel' <Latency = 0> <II = 1> <Delay = 0.79> <FuncUnit> <Opcode : 'select'> <InPorts = 3> <OutPorts = 1>

State 4 <SV = 3> <Delay = 3.55>
ST_4 : Operation 130 [1/3] ( I:1.68ns O:1.68ns )   --->   "%wr2_load = load i6 %wr2_addr" [firmware/nnet_utils/nnet_dense_resource.h:145]   --->   Operation 130 'load' 'wr2_load' <Predicate = true> <Delay = 1.68> <CoreInst = "ROM_nP_BRAM">   --->   Core 102 'ROM_nP_BRAM' <Latency = 2> <II = 1> <Delay = 1.68> <Storage> <Opcode : 'load'> <Ports = 0> <Width = 703> <Depth = 64> <ROM>
ST_4 : Operation 131 [1/1] (0.00ns)   --->   "%w = trunc i703 %wr2_load" [firmware/nnet_utils/nnet_dense_resource.h:145]   --->   Operation 131 'trunc' 'w' <Predicate = true> <Delay = 0.00>
ST_4 : Operation 132 [1/1] (0.00ns)   --->   "%sext_ln73 = sext i11 %w" [firmware/nnet_utils/nnet_mult.h:73->firmware/nnet_utils/nnet_dense_resource.h:145]   --->   Operation 132 'sext' 'sext_ln73' <Predicate = true> <Delay = 0.00>
ST_4 : Operation 133 [1/1] (0.00ns)   --->   "%sext_ln73_2 = sext i14 %a" [firmware/nnet_utils/nnet_mult.h:73->firmware/nnet_utils/nnet_dense_resource.h:145]   --->   Operation 133 'sext' 'sext_ln73_2' <Predicate = true> <Delay = 0.00>
ST_4 : Operation 134 [1/1] (0.00ns)   --->   "%sext_ln73_65 = sext i14 %a" [firmware/nnet_utils/nnet_mult.h:73->firmware/nnet_utils/nnet_dense_resource.h:145]   --->   Operation 134 'sext' 'sext_ln73_65' <Predicate = true> <Delay = 0.00>
ST_4 : Operation 135 [4/4] (1.87ns)   --->   "%mul_ln73 = mul i25 %sext_ln73_2, i25 %sext_ln73" [firmware/nnet_utils/nnet_mult.h:73->firmware/nnet_utils/nnet_dense_resource.h:145]   --->   Operation 135 'mul' 'mul_ln73' <Predicate = true> <Delay = 1.87> <CoreInst = "Multiplier">   --->   Core 3 'Multiplier' <Latency = 3> <II = 1> <Delay = 1.87> <FuncUnit> <Opcode : 'mul'> <InPorts = 2> <OutPorts = 1>
ST_4 : Operation 136 [1/1] (0.00ns)   --->   "%w_1 = partselect i11 @_ssdm_op_PartSelect.i11.i703.i32.i32, i703 %wr2_load, i32 11, i32 21" [firmware/nnet_utils/nnet_dense_resource.h:145]   --->   Operation 136 'partselect' 'w_1' <Predicate = true> <Delay = 0.00>
ST_4 : Operation 137 [1/1] (0.00ns)   --->   "%sext_ln73_3 = sext i11 %w_1" [firmware/nnet_utils/nnet_mult.h:73->firmware/nnet_utils/nnet_dense_resource.h:145]   --->   Operation 137 'sext' 'sext_ln73_3' <Predicate = true> <Delay = 0.00>
ST_4 : Operation 138 [4/4] (1.87ns)   --->   "%mul_ln73_1 = mul i25 %sext_ln73_2, i25 %sext_ln73_3" [firmware/nnet_utils/nnet_mult.h:73->firmware/nnet_utils/nnet_dense_resource.h:145]   --->   Operation 138 'mul' 'mul_ln73_1' <Predicate = true> <Delay = 1.87> <CoreInst = "Multiplier">   --->   Core 3 'Multiplier' <Latency = 3> <II = 1> <Delay = 1.87> <FuncUnit> <Opcode : 'mul'> <InPorts = 2> <OutPorts = 1>
ST_4 : Operation 139 [1/1] (0.00ns)   --->   "%w_2 = partselect i11 @_ssdm_op_PartSelect.i11.i703.i32.i32, i703 %wr2_load, i32 22, i32 32" [firmware/nnet_utils/nnet_dense_resource.h:145]   --->   Operation 139 'partselect' 'w_2' <Predicate = true> <Delay = 0.00>
ST_4 : Operation 140 [1/1] (0.00ns)   --->   "%sext_ln73_4 = sext i11 %w_2" [firmware/nnet_utils/nnet_mult.h:73->firmware/nnet_utils/nnet_dense_resource.h:145]   --->   Operation 140 'sext' 'sext_ln73_4' <Predicate = true> <Delay = 0.00>
ST_4 : Operation 141 [4/4] (1.87ns)   --->   "%mul_ln73_2 = mul i25 %sext_ln73_2, i25 %sext_ln73_4" [firmware/nnet_utils/nnet_mult.h:73->firmware/nnet_utils/nnet_dense_resource.h:145]   --->   Operation 141 'mul' 'mul_ln73_2' <Predicate = true> <Delay = 1.87> <CoreInst = "Multiplier">   --->   Core 3 'Multiplier' <Latency = 3> <II = 1> <Delay = 1.87> <FuncUnit> <Opcode : 'mul'> <InPorts = 2> <OutPorts = 1>
ST_4 : Operation 142 [1/1] (0.00ns)   --->   "%w_3 = partselect i11 @_ssdm_op_PartSelect.i11.i703.i32.i32, i703 %wr2_load, i32 33, i32 43" [firmware/nnet_utils/nnet_dense_resource.h:145]   --->   Operation 142 'partselect' 'w_3' <Predicate = true> <Delay = 0.00>
ST_4 : Operation 143 [1/1] (0.00ns)   --->   "%sext_ln73_5 = sext i11 %w_3" [firmware/nnet_utils/nnet_mult.h:73->firmware/nnet_utils/nnet_dense_resource.h:145]   --->   Operation 143 'sext' 'sext_ln73_5' <Predicate = true> <Delay = 0.00>
ST_4 : Operation 144 [4/4] (1.87ns)   --->   "%mul_ln73_3 = mul i25 %sext_ln73_2, i25 %sext_ln73_5" [firmware/nnet_utils/nnet_mult.h:73->firmware/nnet_utils/nnet_dense_resource.h:145]   --->   Operation 144 'mul' 'mul_ln73_3' <Predicate = true> <Delay = 1.87> <CoreInst = "Multiplier">   --->   Core 3 'Multiplier' <Latency = 3> <II = 1> <Delay = 1.87> <FuncUnit> <Opcode : 'mul'> <InPorts = 2> <OutPorts = 1>
ST_4 : Operation 145 [1/1] (0.00ns)   --->   "%w_4 = partselect i11 @_ssdm_op_PartSelect.i11.i703.i32.i32, i703 %wr2_load, i32 44, i32 54" [firmware/nnet_utils/nnet_dense_resource.h:145]   --->   Operation 145 'partselect' 'w_4' <Predicate = true> <Delay = 0.00>
ST_4 : Operation 146 [1/1] (0.00ns)   --->   "%sext_ln73_6 = sext i11 %w_4" [firmware/nnet_utils/nnet_mult.h:73->firmware/nnet_utils/nnet_dense_resource.h:145]   --->   Operation 146 'sext' 'sext_ln73_6' <Predicate = true> <Delay = 0.00>
ST_4 : Operation 147 [4/4] (1.87ns)   --->   "%mul_ln73_4 = mul i25 %sext_ln73_2, i25 %sext_ln73_6" [firmware/nnet_utils/nnet_mult.h:73->firmware/nnet_utils/nnet_dense_resource.h:145]   --->   Operation 147 'mul' 'mul_ln73_4' <Predicate = true> <Delay = 1.87> <CoreInst = "Multiplier">   --->   Core 3 'Multiplier' <Latency = 3> <II = 1> <Delay = 1.87> <FuncUnit> <Opcode : 'mul'> <InPorts = 2> <OutPorts = 1>
ST_4 : Operation 148 [1/1] (0.00ns)   --->   "%w_5 = partselect i11 @_ssdm_op_PartSelect.i11.i703.i32.i32, i703 %wr2_load, i32 55, i32 65" [firmware/nnet_utils/nnet_dense_resource.h:145]   --->   Operation 148 'partselect' 'w_5' <Predicate = true> <Delay = 0.00>
ST_4 : Operation 149 [1/1] (0.00ns)   --->   "%sext_ln73_7 = sext i11 %w_5" [firmware/nnet_utils/nnet_mult.h:73->firmware/nnet_utils/nnet_dense_resource.h:145]   --->   Operation 149 'sext' 'sext_ln73_7' <Predicate = true> <Delay = 0.00>
ST_4 : Operation 150 [4/4] (1.87ns)   --->   "%mul_ln73_5 = mul i25 %sext_ln73_2, i25 %sext_ln73_7" [firmware/nnet_utils/nnet_mult.h:73->firmware/nnet_utils/nnet_dense_resource.h:145]   --->   Operation 150 'mul' 'mul_ln73_5' <Predicate = true> <Delay = 1.87> <CoreInst = "Multiplier">   --->   Core 3 'Multiplier' <Latency = 3> <II = 1> <Delay = 1.87> <FuncUnit> <Opcode : 'mul'> <InPorts = 2> <OutPorts = 1>
ST_4 : Operation 151 [1/1] (0.00ns)   --->   "%w_6 = partselect i11 @_ssdm_op_PartSelect.i11.i703.i32.i32, i703 %wr2_load, i32 66, i32 76" [firmware/nnet_utils/nnet_dense_resource.h:145]   --->   Operation 151 'partselect' 'w_6' <Predicate = true> <Delay = 0.00>
ST_4 : Operation 152 [1/1] (0.00ns)   --->   "%sext_ln73_8 = sext i11 %w_6" [firmware/nnet_utils/nnet_mult.h:73->firmware/nnet_utils/nnet_dense_resource.h:145]   --->   Operation 152 'sext' 'sext_ln73_8' <Predicate = true> <Delay = 0.00>
ST_4 : Operation 153 [4/4] (1.87ns)   --->   "%mul_ln73_6 = mul i25 %sext_ln73_2, i25 %sext_ln73_8" [firmware/nnet_utils/nnet_mult.h:73->firmware/nnet_utils/nnet_dense_resource.h:145]   --->   Operation 153 'mul' 'mul_ln73_6' <Predicate = true> <Delay = 1.87> <CoreInst = "Multiplier">   --->   Core 3 'Multiplier' <Latency = 3> <II = 1> <Delay = 1.87> <FuncUnit> <Opcode : 'mul'> <InPorts = 2> <OutPorts = 1>
ST_4 : Operation 154 [1/1] (0.00ns)   --->   "%w_7 = partselect i11 @_ssdm_op_PartSelect.i11.i703.i32.i32, i703 %wr2_load, i32 77, i32 87" [firmware/nnet_utils/nnet_dense_resource.h:145]   --->   Operation 154 'partselect' 'w_7' <Predicate = true> <Delay = 0.00>
ST_4 : Operation 155 [1/1] (0.00ns)   --->   "%sext_ln73_9 = sext i11 %w_7" [firmware/nnet_utils/nnet_mult.h:73->firmware/nnet_utils/nnet_dense_resource.h:145]   --->   Operation 155 'sext' 'sext_ln73_9' <Predicate = true> <Delay = 0.00>
ST_4 : Operation 156 [4/4] (1.87ns)   --->   "%mul_ln73_7 = mul i25 %sext_ln73_2, i25 %sext_ln73_9" [firmware/nnet_utils/nnet_mult.h:73->firmware/nnet_utils/nnet_dense_resource.h:145]   --->   Operation 156 'mul' 'mul_ln73_7' <Predicate = true> <Delay = 1.87> <CoreInst = "Multiplier">   --->   Core 3 'Multiplier' <Latency = 3> <II = 1> <Delay = 1.87> <FuncUnit> <Opcode : 'mul'> <InPorts = 2> <OutPorts = 1>
ST_4 : Operation 157 [1/1] (0.00ns)   --->   "%w_8 = partselect i11 @_ssdm_op_PartSelect.i11.i703.i32.i32, i703 %wr2_load, i32 88, i32 98" [firmware/nnet_utils/nnet_dense_resource.h:145]   --->   Operation 157 'partselect' 'w_8' <Predicate = true> <Delay = 0.00>
ST_4 : Operation 158 [1/1] (0.00ns)   --->   "%sext_ln73_10 = sext i11 %w_8" [firmware/nnet_utils/nnet_mult.h:73->firmware/nnet_utils/nnet_dense_resource.h:145]   --->   Operation 158 'sext' 'sext_ln73_10' <Predicate = true> <Delay = 0.00>
ST_4 : Operation 159 [4/4] (1.87ns)   --->   "%mul_ln73_8 = mul i25 %sext_ln73_2, i25 %sext_ln73_10" [firmware/nnet_utils/nnet_mult.h:73->firmware/nnet_utils/nnet_dense_resource.h:145]   --->   Operation 159 'mul' 'mul_ln73_8' <Predicate = true> <Delay = 1.87> <CoreInst = "Multiplier">   --->   Core 3 'Multiplier' <Latency = 3> <II = 1> <Delay = 1.87> <FuncUnit> <Opcode : 'mul'> <InPorts = 2> <OutPorts = 1>
ST_4 : Operation 160 [1/1] (0.00ns)   --->   "%w_9 = partselect i11 @_ssdm_op_PartSelect.i11.i703.i32.i32, i703 %wr2_load, i32 99, i32 109" [firmware/nnet_utils/nnet_dense_resource.h:145]   --->   Operation 160 'partselect' 'w_9' <Predicate = true> <Delay = 0.00>
ST_4 : Operation 161 [1/1] (0.00ns)   --->   "%sext_ln73_11 = sext i11 %w_9" [firmware/nnet_utils/nnet_mult.h:73->firmware/nnet_utils/nnet_dense_resource.h:145]   --->   Operation 161 'sext' 'sext_ln73_11' <Predicate = true> <Delay = 0.00>
ST_4 : Operation 162 [4/4] (1.87ns)   --->   "%mul_ln73_9 = mul i25 %sext_ln73_2, i25 %sext_ln73_11" [firmware/nnet_utils/nnet_mult.h:73->firmware/nnet_utils/nnet_dense_resource.h:145]   --->   Operation 162 'mul' 'mul_ln73_9' <Predicate = true> <Delay = 1.87> <CoreInst = "Multiplier">   --->   Core 3 'Multiplier' <Latency = 3> <II = 1> <Delay = 1.87> <FuncUnit> <Opcode : 'mul'> <InPorts = 2> <OutPorts = 1>
ST_4 : Operation 163 [1/1] (0.00ns)   --->   "%w_10 = partselect i11 @_ssdm_op_PartSelect.i11.i703.i32.i32, i703 %wr2_load, i32 110, i32 120" [firmware/nnet_utils/nnet_dense_resource.h:145]   --->   Operation 163 'partselect' 'w_10' <Predicate = true> <Delay = 0.00>
ST_4 : Operation 164 [1/1] (0.00ns)   --->   "%sext_ln73_12 = sext i11 %w_10" [firmware/nnet_utils/nnet_mult.h:73->firmware/nnet_utils/nnet_dense_resource.h:145]   --->   Operation 164 'sext' 'sext_ln73_12' <Predicate = true> <Delay = 0.00>
ST_4 : Operation 165 [4/4] (1.87ns)   --->   "%mul_ln73_10 = mul i25 %sext_ln73_2, i25 %sext_ln73_12" [firmware/nnet_utils/nnet_mult.h:73->firmware/nnet_utils/nnet_dense_resource.h:145]   --->   Operation 165 'mul' 'mul_ln73_10' <Predicate = true> <Delay = 1.87> <CoreInst = "Multiplier">   --->   Core 3 'Multiplier' <Latency = 3> <II = 1> <Delay = 1.87> <FuncUnit> <Opcode : 'mul'> <InPorts = 2> <OutPorts = 1>
ST_4 : Operation 166 [1/1] (0.00ns)   --->   "%w_11 = partselect i11 @_ssdm_op_PartSelect.i11.i703.i32.i32, i703 %wr2_load, i32 121, i32 131" [firmware/nnet_utils/nnet_dense_resource.h:145]   --->   Operation 166 'partselect' 'w_11' <Predicate = true> <Delay = 0.00>
ST_4 : Operation 167 [1/1] (0.00ns)   --->   "%sext_ln73_13 = sext i11 %w_11" [firmware/nnet_utils/nnet_mult.h:73->firmware/nnet_utils/nnet_dense_resource.h:145]   --->   Operation 167 'sext' 'sext_ln73_13' <Predicate = true> <Delay = 0.00>
ST_4 : Operation 168 [4/4] (1.87ns)   --->   "%mul_ln73_11 = mul i25 %sext_ln73_2, i25 %sext_ln73_13" [firmware/nnet_utils/nnet_mult.h:73->firmware/nnet_utils/nnet_dense_resource.h:145]   --->   Operation 168 'mul' 'mul_ln73_11' <Predicate = true> <Delay = 1.87> <CoreInst = "Multiplier">   --->   Core 3 'Multiplier' <Latency = 3> <II = 1> <Delay = 1.87> <FuncUnit> <Opcode : 'mul'> <InPorts = 2> <OutPorts = 1>
ST_4 : Operation 169 [1/1] (0.00ns)   --->   "%w_12 = partselect i11 @_ssdm_op_PartSelect.i11.i703.i32.i32, i703 %wr2_load, i32 132, i32 142" [firmware/nnet_utils/nnet_dense_resource.h:145]   --->   Operation 169 'partselect' 'w_12' <Predicate = true> <Delay = 0.00>
ST_4 : Operation 170 [1/1] (0.00ns)   --->   "%sext_ln73_14 = sext i11 %w_12" [firmware/nnet_utils/nnet_mult.h:73->firmware/nnet_utils/nnet_dense_resource.h:145]   --->   Operation 170 'sext' 'sext_ln73_14' <Predicate = true> <Delay = 0.00>
ST_4 : Operation 171 [4/4] (1.87ns)   --->   "%mul_ln73_12 = mul i25 %sext_ln73_2, i25 %sext_ln73_14" [firmware/nnet_utils/nnet_mult.h:73->firmware/nnet_utils/nnet_dense_resource.h:145]   --->   Operation 171 'mul' 'mul_ln73_12' <Predicate = true> <Delay = 1.87> <CoreInst = "Multiplier">   --->   Core 3 'Multiplier' <Latency = 3> <II = 1> <Delay = 1.87> <FuncUnit> <Opcode : 'mul'> <InPorts = 2> <OutPorts = 1>
ST_4 : Operation 172 [1/1] (0.00ns)   --->   "%w_13 = partselect i11 @_ssdm_op_PartSelect.i11.i703.i32.i32, i703 %wr2_load, i32 143, i32 153" [firmware/nnet_utils/nnet_dense_resource.h:145]   --->   Operation 172 'partselect' 'w_13' <Predicate = true> <Delay = 0.00>
ST_4 : Operation 173 [1/1] (0.00ns)   --->   "%sext_ln73_15 = sext i11 %w_13" [firmware/nnet_utils/nnet_mult.h:73->firmware/nnet_utils/nnet_dense_resource.h:145]   --->   Operation 173 'sext' 'sext_ln73_15' <Predicate = true> <Delay = 0.00>
ST_4 : Operation 174 [4/4] (1.87ns)   --->   "%mul_ln73_13 = mul i25 %sext_ln73_2, i25 %sext_ln73_15" [firmware/nnet_utils/nnet_mult.h:73->firmware/nnet_utils/nnet_dense_resource.h:145]   --->   Operation 174 'mul' 'mul_ln73_13' <Predicate = true> <Delay = 1.87> <CoreInst = "Multiplier">   --->   Core 3 'Multiplier' <Latency = 3> <II = 1> <Delay = 1.87> <FuncUnit> <Opcode : 'mul'> <InPorts = 2> <OutPorts = 1>
ST_4 : Operation 175 [1/1] (0.00ns)   --->   "%w_14 = partselect i11 @_ssdm_op_PartSelect.i11.i703.i32.i32, i703 %wr2_load, i32 154, i32 164" [firmware/nnet_utils/nnet_dense_resource.h:145]   --->   Operation 175 'partselect' 'w_14' <Predicate = true> <Delay = 0.00>
ST_4 : Operation 176 [1/1] (0.00ns)   --->   "%sext_ln73_16 = sext i11 %w_14" [firmware/nnet_utils/nnet_mult.h:73->firmware/nnet_utils/nnet_dense_resource.h:145]   --->   Operation 176 'sext' 'sext_ln73_16' <Predicate = true> <Delay = 0.00>
ST_4 : Operation 177 [4/4] (1.87ns)   --->   "%mul_ln73_14 = mul i25 %sext_ln73_2, i25 %sext_ln73_16" [firmware/nnet_utils/nnet_mult.h:73->firmware/nnet_utils/nnet_dense_resource.h:145]   --->   Operation 177 'mul' 'mul_ln73_14' <Predicate = true> <Delay = 1.87> <CoreInst = "Multiplier">   --->   Core 3 'Multiplier' <Latency = 3> <II = 1> <Delay = 1.87> <FuncUnit> <Opcode : 'mul'> <InPorts = 2> <OutPorts = 1>
ST_4 : Operation 178 [1/1] (0.00ns)   --->   "%w_15 = partselect i11 @_ssdm_op_PartSelect.i11.i703.i32.i32, i703 %wr2_load, i32 165, i32 175" [firmware/nnet_utils/nnet_dense_resource.h:145]   --->   Operation 178 'partselect' 'w_15' <Predicate = true> <Delay = 0.00>
ST_4 : Operation 179 [1/1] (0.00ns)   --->   "%sext_ln73_17 = sext i11 %w_15" [firmware/nnet_utils/nnet_mult.h:73->firmware/nnet_utils/nnet_dense_resource.h:145]   --->   Operation 179 'sext' 'sext_ln73_17' <Predicate = true> <Delay = 0.00>
ST_4 : Operation 180 [4/4] (1.87ns)   --->   "%mul_ln73_15 = mul i25 %sext_ln73_2, i25 %sext_ln73_17" [firmware/nnet_utils/nnet_mult.h:73->firmware/nnet_utils/nnet_dense_resource.h:145]   --->   Operation 180 'mul' 'mul_ln73_15' <Predicate = true> <Delay = 1.87> <CoreInst = "Multiplier">   --->   Core 3 'Multiplier' <Latency = 3> <II = 1> <Delay = 1.87> <FuncUnit> <Opcode : 'mul'> <InPorts = 2> <OutPorts = 1>
ST_4 : Operation 181 [1/1] (0.00ns)   --->   "%w_16 = partselect i11 @_ssdm_op_PartSelect.i11.i703.i32.i32, i703 %wr2_load, i32 176, i32 186" [firmware/nnet_utils/nnet_dense_resource.h:145]   --->   Operation 181 'partselect' 'w_16' <Predicate = true> <Delay = 0.00>
ST_4 : Operation 182 [1/1] (0.00ns)   --->   "%sext_ln73_18 = sext i11 %w_16" [firmware/nnet_utils/nnet_mult.h:73->firmware/nnet_utils/nnet_dense_resource.h:145]   --->   Operation 182 'sext' 'sext_ln73_18' <Predicate = true> <Delay = 0.00>
ST_4 : Operation 183 [4/4] (1.87ns)   --->   "%mul_ln73_16 = mul i25 %sext_ln73_2, i25 %sext_ln73_18" [firmware/nnet_utils/nnet_mult.h:73->firmware/nnet_utils/nnet_dense_resource.h:145]   --->   Operation 183 'mul' 'mul_ln73_16' <Predicate = true> <Delay = 1.87> <CoreInst = "Multiplier">   --->   Core 3 'Multiplier' <Latency = 3> <II = 1> <Delay = 1.87> <FuncUnit> <Opcode : 'mul'> <InPorts = 2> <OutPorts = 1>
ST_4 : Operation 184 [1/1] (0.00ns)   --->   "%w_17 = partselect i11 @_ssdm_op_PartSelect.i11.i703.i32.i32, i703 %wr2_load, i32 187, i32 197" [firmware/nnet_utils/nnet_dense_resource.h:145]   --->   Operation 184 'partselect' 'w_17' <Predicate = true> <Delay = 0.00>
ST_4 : Operation 185 [1/1] (0.00ns)   --->   "%sext_ln73_19 = sext i11 %w_17" [firmware/nnet_utils/nnet_mult.h:73->firmware/nnet_utils/nnet_dense_resource.h:145]   --->   Operation 185 'sext' 'sext_ln73_19' <Predicate = true> <Delay = 0.00>
ST_4 : Operation 186 [4/4] (1.87ns)   --->   "%mul_ln73_17 = mul i25 %sext_ln73_2, i25 %sext_ln73_19" [firmware/nnet_utils/nnet_mult.h:73->firmware/nnet_utils/nnet_dense_resource.h:145]   --->   Operation 186 'mul' 'mul_ln73_17' <Predicate = true> <Delay = 1.87> <CoreInst = "Multiplier">   --->   Core 3 'Multiplier' <Latency = 3> <II = 1> <Delay = 1.87> <FuncUnit> <Opcode : 'mul'> <InPorts = 2> <OutPorts = 1>
ST_4 : Operation 187 [1/1] (0.00ns)   --->   "%w_18 = partselect i11 @_ssdm_op_PartSelect.i11.i703.i32.i32, i703 %wr2_load, i32 198, i32 208" [firmware/nnet_utils/nnet_dense_resource.h:145]   --->   Operation 187 'partselect' 'w_18' <Predicate = true> <Delay = 0.00>
ST_4 : Operation 188 [1/1] (0.00ns)   --->   "%sext_ln73_20 = sext i11 %w_18" [firmware/nnet_utils/nnet_mult.h:73->firmware/nnet_utils/nnet_dense_resource.h:145]   --->   Operation 188 'sext' 'sext_ln73_20' <Predicate = true> <Delay = 0.00>
ST_4 : Operation 189 [4/4] (1.87ns)   --->   "%mul_ln73_18 = mul i25 %sext_ln73_2, i25 %sext_ln73_20" [firmware/nnet_utils/nnet_mult.h:73->firmware/nnet_utils/nnet_dense_resource.h:145]   --->   Operation 189 'mul' 'mul_ln73_18' <Predicate = true> <Delay = 1.87> <CoreInst = "Multiplier">   --->   Core 3 'Multiplier' <Latency = 3> <II = 1> <Delay = 1.87> <FuncUnit> <Opcode : 'mul'> <InPorts = 2> <OutPorts = 1>
ST_4 : Operation 190 [1/1] (0.00ns)   --->   "%w_19 = partselect i11 @_ssdm_op_PartSelect.i11.i703.i32.i32, i703 %wr2_load, i32 209, i32 219" [firmware/nnet_utils/nnet_dense_resource.h:145]   --->   Operation 190 'partselect' 'w_19' <Predicate = true> <Delay = 0.00>
ST_4 : Operation 191 [1/1] (0.00ns)   --->   "%sext_ln73_21 = sext i11 %w_19" [firmware/nnet_utils/nnet_mult.h:73->firmware/nnet_utils/nnet_dense_resource.h:145]   --->   Operation 191 'sext' 'sext_ln73_21' <Predicate = true> <Delay = 0.00>
ST_4 : Operation 192 [4/4] (1.87ns)   --->   "%mul_ln73_19 = mul i25 %sext_ln73_2, i25 %sext_ln73_21" [firmware/nnet_utils/nnet_mult.h:73->firmware/nnet_utils/nnet_dense_resource.h:145]   --->   Operation 192 'mul' 'mul_ln73_19' <Predicate = true> <Delay = 1.87> <CoreInst = "Multiplier">   --->   Core 3 'Multiplier' <Latency = 3> <II = 1> <Delay = 1.87> <FuncUnit> <Opcode : 'mul'> <InPorts = 2> <OutPorts = 1>
ST_4 : Operation 193 [1/1] (0.00ns)   --->   "%w_20 = partselect i11 @_ssdm_op_PartSelect.i11.i703.i32.i32, i703 %wr2_load, i32 220, i32 230" [firmware/nnet_utils/nnet_dense_resource.h:145]   --->   Operation 193 'partselect' 'w_20' <Predicate = true> <Delay = 0.00>
ST_4 : Operation 194 [1/1] (0.00ns)   --->   "%sext_ln73_22 = sext i11 %w_20" [firmware/nnet_utils/nnet_mult.h:73->firmware/nnet_utils/nnet_dense_resource.h:145]   --->   Operation 194 'sext' 'sext_ln73_22' <Predicate = true> <Delay = 0.00>
ST_4 : Operation 195 [4/4] (1.87ns)   --->   "%mul_ln73_20 = mul i25 %sext_ln73_2, i25 %sext_ln73_22" [firmware/nnet_utils/nnet_mult.h:73->firmware/nnet_utils/nnet_dense_resource.h:145]   --->   Operation 195 'mul' 'mul_ln73_20' <Predicate = true> <Delay = 1.87> <CoreInst = "Multiplier">   --->   Core 3 'Multiplier' <Latency = 3> <II = 1> <Delay = 1.87> <FuncUnit> <Opcode : 'mul'> <InPorts = 2> <OutPorts = 1>
ST_4 : Operation 196 [1/1] (0.00ns)   --->   "%w_21 = partselect i11 @_ssdm_op_PartSelect.i11.i703.i32.i32, i703 %wr2_load, i32 231, i32 241" [firmware/nnet_utils/nnet_dense_resource.h:145]   --->   Operation 196 'partselect' 'w_21' <Predicate = true> <Delay = 0.00>
ST_4 : Operation 197 [1/1] (0.00ns)   --->   "%sext_ln73_23 = sext i11 %w_21" [firmware/nnet_utils/nnet_mult.h:73->firmware/nnet_utils/nnet_dense_resource.h:145]   --->   Operation 197 'sext' 'sext_ln73_23' <Predicate = true> <Delay = 0.00>
ST_4 : Operation 198 [4/4] (1.87ns)   --->   "%mul_ln73_21 = mul i25 %sext_ln73_2, i25 %sext_ln73_23" [firmware/nnet_utils/nnet_mult.h:73->firmware/nnet_utils/nnet_dense_resource.h:145]   --->   Operation 198 'mul' 'mul_ln73_21' <Predicate = true> <Delay = 1.87> <CoreInst = "Multiplier">   --->   Core 3 'Multiplier' <Latency = 3> <II = 1> <Delay = 1.87> <FuncUnit> <Opcode : 'mul'> <InPorts = 2> <OutPorts = 1>
ST_4 : Operation 199 [1/1] (0.00ns)   --->   "%w_22 = partselect i11 @_ssdm_op_PartSelect.i11.i703.i32.i32, i703 %wr2_load, i32 242, i32 252" [firmware/nnet_utils/nnet_dense_resource.h:145]   --->   Operation 199 'partselect' 'w_22' <Predicate = true> <Delay = 0.00>
ST_4 : Operation 200 [1/1] (0.00ns)   --->   "%sext_ln73_24 = sext i11 %w_22" [firmware/nnet_utils/nnet_mult.h:73->firmware/nnet_utils/nnet_dense_resource.h:145]   --->   Operation 200 'sext' 'sext_ln73_24' <Predicate = true> <Delay = 0.00>
ST_4 : Operation 201 [4/4] (1.87ns)   --->   "%mul_ln73_22 = mul i25 %sext_ln73_2, i25 %sext_ln73_24" [firmware/nnet_utils/nnet_mult.h:73->firmware/nnet_utils/nnet_dense_resource.h:145]   --->   Operation 201 'mul' 'mul_ln73_22' <Predicate = true> <Delay = 1.87> <CoreInst = "Multiplier">   --->   Core 3 'Multiplier' <Latency = 3> <II = 1> <Delay = 1.87> <FuncUnit> <Opcode : 'mul'> <InPorts = 2> <OutPorts = 1>
ST_4 : Operation 202 [1/1] (0.00ns)   --->   "%w_23 = partselect i11 @_ssdm_op_PartSelect.i11.i703.i32.i32, i703 %wr2_load, i32 253, i32 263" [firmware/nnet_utils/nnet_dense_resource.h:145]   --->   Operation 202 'partselect' 'w_23' <Predicate = true> <Delay = 0.00>
ST_4 : Operation 203 [1/1] (0.00ns)   --->   "%sext_ln73_25 = sext i11 %w_23" [firmware/nnet_utils/nnet_mult.h:73->firmware/nnet_utils/nnet_dense_resource.h:145]   --->   Operation 203 'sext' 'sext_ln73_25' <Predicate = true> <Delay = 0.00>
ST_4 : Operation 204 [4/4] (1.87ns)   --->   "%mul_ln73_23 = mul i25 %sext_ln73_2, i25 %sext_ln73_25" [firmware/nnet_utils/nnet_mult.h:73->firmware/nnet_utils/nnet_dense_resource.h:145]   --->   Operation 204 'mul' 'mul_ln73_23' <Predicate = true> <Delay = 1.87> <CoreInst = "Multiplier">   --->   Core 3 'Multiplier' <Latency = 3> <II = 1> <Delay = 1.87> <FuncUnit> <Opcode : 'mul'> <InPorts = 2> <OutPorts = 1>
ST_4 : Operation 205 [1/1] (0.00ns)   --->   "%w_24 = partselect i11 @_ssdm_op_PartSelect.i11.i703.i32.i32, i703 %wr2_load, i32 264, i32 274" [firmware/nnet_utils/nnet_dense_resource.h:145]   --->   Operation 205 'partselect' 'w_24' <Predicate = true> <Delay = 0.00>
ST_4 : Operation 206 [1/1] (0.00ns)   --->   "%sext_ln73_26 = sext i11 %w_24" [firmware/nnet_utils/nnet_mult.h:73->firmware/nnet_utils/nnet_dense_resource.h:145]   --->   Operation 206 'sext' 'sext_ln73_26' <Predicate = true> <Delay = 0.00>
ST_4 : Operation 207 [4/4] (1.87ns)   --->   "%mul_ln73_24 = mul i25 %sext_ln73_2, i25 %sext_ln73_26" [firmware/nnet_utils/nnet_mult.h:73->firmware/nnet_utils/nnet_dense_resource.h:145]   --->   Operation 207 'mul' 'mul_ln73_24' <Predicate = true> <Delay = 1.87> <CoreInst = "Multiplier">   --->   Core 3 'Multiplier' <Latency = 3> <II = 1> <Delay = 1.87> <FuncUnit> <Opcode : 'mul'> <InPorts = 2> <OutPorts = 1>
ST_4 : Operation 208 [1/1] (0.00ns)   --->   "%w_25 = partselect i11 @_ssdm_op_PartSelect.i11.i703.i32.i32, i703 %wr2_load, i32 275, i32 285" [firmware/nnet_utils/nnet_dense_resource.h:145]   --->   Operation 208 'partselect' 'w_25' <Predicate = true> <Delay = 0.00>
ST_4 : Operation 209 [1/1] (0.00ns)   --->   "%sext_ln73_27 = sext i11 %w_25" [firmware/nnet_utils/nnet_mult.h:73->firmware/nnet_utils/nnet_dense_resource.h:145]   --->   Operation 209 'sext' 'sext_ln73_27' <Predicate = true> <Delay = 0.00>
ST_4 : Operation 210 [4/4] (1.87ns)   --->   "%mul_ln73_25 = mul i25 %sext_ln73_2, i25 %sext_ln73_27" [firmware/nnet_utils/nnet_mult.h:73->firmware/nnet_utils/nnet_dense_resource.h:145]   --->   Operation 210 'mul' 'mul_ln73_25' <Predicate = true> <Delay = 1.87> <CoreInst = "Multiplier">   --->   Core 3 'Multiplier' <Latency = 3> <II = 1> <Delay = 1.87> <FuncUnit> <Opcode : 'mul'> <InPorts = 2> <OutPorts = 1>
ST_4 : Operation 211 [1/1] (0.00ns)   --->   "%w_26 = partselect i11 @_ssdm_op_PartSelect.i11.i703.i32.i32, i703 %wr2_load, i32 286, i32 296" [firmware/nnet_utils/nnet_dense_resource.h:145]   --->   Operation 211 'partselect' 'w_26' <Predicate = true> <Delay = 0.00>
ST_4 : Operation 212 [1/1] (0.00ns)   --->   "%sext_ln73_28 = sext i11 %w_26" [firmware/nnet_utils/nnet_mult.h:73->firmware/nnet_utils/nnet_dense_resource.h:145]   --->   Operation 212 'sext' 'sext_ln73_28' <Predicate = true> <Delay = 0.00>
ST_4 : Operation 213 [4/4] (1.87ns)   --->   "%mul_ln73_26 = mul i25 %sext_ln73_2, i25 %sext_ln73_28" [firmware/nnet_utils/nnet_mult.h:73->firmware/nnet_utils/nnet_dense_resource.h:145]   --->   Operation 213 'mul' 'mul_ln73_26' <Predicate = true> <Delay = 1.87> <CoreInst = "Multiplier">   --->   Core 3 'Multiplier' <Latency = 3> <II = 1> <Delay = 1.87> <FuncUnit> <Opcode : 'mul'> <InPorts = 2> <OutPorts = 1>
ST_4 : Operation 214 [1/1] (0.00ns)   --->   "%w_27 = partselect i11 @_ssdm_op_PartSelect.i11.i703.i32.i32, i703 %wr2_load, i32 297, i32 307" [firmware/nnet_utils/nnet_dense_resource.h:145]   --->   Operation 214 'partselect' 'w_27' <Predicate = true> <Delay = 0.00>
ST_4 : Operation 215 [1/1] (0.00ns)   --->   "%sext_ln73_29 = sext i11 %w_27" [firmware/nnet_utils/nnet_mult.h:73->firmware/nnet_utils/nnet_dense_resource.h:145]   --->   Operation 215 'sext' 'sext_ln73_29' <Predicate = true> <Delay = 0.00>
ST_4 : Operation 216 [4/4] (1.87ns)   --->   "%mul_ln73_27 = mul i25 %sext_ln73_2, i25 %sext_ln73_29" [firmware/nnet_utils/nnet_mult.h:73->firmware/nnet_utils/nnet_dense_resource.h:145]   --->   Operation 216 'mul' 'mul_ln73_27' <Predicate = true> <Delay = 1.87> <CoreInst = "Multiplier">   --->   Core 3 'Multiplier' <Latency = 3> <II = 1> <Delay = 1.87> <FuncUnit> <Opcode : 'mul'> <InPorts = 2> <OutPorts = 1>
ST_4 : Operation 217 [1/1] (0.00ns)   --->   "%w_28 = partselect i11 @_ssdm_op_PartSelect.i11.i703.i32.i32, i703 %wr2_load, i32 308, i32 318" [firmware/nnet_utils/nnet_dense_resource.h:145]   --->   Operation 217 'partselect' 'w_28' <Predicate = true> <Delay = 0.00>
ST_4 : Operation 218 [1/1] (0.00ns)   --->   "%sext_ln73_30 = sext i11 %w_28" [firmware/nnet_utils/nnet_mult.h:73->firmware/nnet_utils/nnet_dense_resource.h:145]   --->   Operation 218 'sext' 'sext_ln73_30' <Predicate = true> <Delay = 0.00>
ST_4 : Operation 219 [4/4] (1.87ns)   --->   "%mul_ln73_28 = mul i25 %sext_ln73_2, i25 %sext_ln73_30" [firmware/nnet_utils/nnet_mult.h:73->firmware/nnet_utils/nnet_dense_resource.h:145]   --->   Operation 219 'mul' 'mul_ln73_28' <Predicate = true> <Delay = 1.87> <CoreInst = "Multiplier">   --->   Core 3 'Multiplier' <Latency = 3> <II = 1> <Delay = 1.87> <FuncUnit> <Opcode : 'mul'> <InPorts = 2> <OutPorts = 1>
ST_4 : Operation 220 [1/1] (0.00ns)   --->   "%w_29 = partselect i11 @_ssdm_op_PartSelect.i11.i703.i32.i32, i703 %wr2_load, i32 319, i32 329" [firmware/nnet_utils/nnet_dense_resource.h:145]   --->   Operation 220 'partselect' 'w_29' <Predicate = true> <Delay = 0.00>
ST_4 : Operation 221 [1/1] (0.00ns)   --->   "%sext_ln73_31 = sext i11 %w_29" [firmware/nnet_utils/nnet_mult.h:73->firmware/nnet_utils/nnet_dense_resource.h:145]   --->   Operation 221 'sext' 'sext_ln73_31' <Predicate = true> <Delay = 0.00>
ST_4 : Operation 222 [4/4] (1.87ns)   --->   "%mul_ln73_29 = mul i25 %sext_ln73_2, i25 %sext_ln73_31" [firmware/nnet_utils/nnet_mult.h:73->firmware/nnet_utils/nnet_dense_resource.h:145]   --->   Operation 222 'mul' 'mul_ln73_29' <Predicate = true> <Delay = 1.87> <CoreInst = "Multiplier">   --->   Core 3 'Multiplier' <Latency = 3> <II = 1> <Delay = 1.87> <FuncUnit> <Opcode : 'mul'> <InPorts = 2> <OutPorts = 1>
ST_4 : Operation 223 [1/1] (0.00ns)   --->   "%w_30 = partselect i11 @_ssdm_op_PartSelect.i11.i703.i32.i32, i703 %wr2_load, i32 330, i32 340" [firmware/nnet_utils/nnet_dense_resource.h:145]   --->   Operation 223 'partselect' 'w_30' <Predicate = true> <Delay = 0.00>
ST_4 : Operation 224 [1/1] (0.00ns)   --->   "%sext_ln73_32 = sext i11 %w_30" [firmware/nnet_utils/nnet_mult.h:73->firmware/nnet_utils/nnet_dense_resource.h:145]   --->   Operation 224 'sext' 'sext_ln73_32' <Predicate = true> <Delay = 0.00>
ST_4 : Operation 225 [4/4] (1.87ns)   --->   "%mul_ln73_30 = mul i25 %sext_ln73_2, i25 %sext_ln73_32" [firmware/nnet_utils/nnet_mult.h:73->firmware/nnet_utils/nnet_dense_resource.h:145]   --->   Operation 225 'mul' 'mul_ln73_30' <Predicate = true> <Delay = 1.87> <CoreInst = "Multiplier">   --->   Core 3 'Multiplier' <Latency = 3> <II = 1> <Delay = 1.87> <FuncUnit> <Opcode : 'mul'> <InPorts = 2> <OutPorts = 1>
ST_4 : Operation 226 [1/1] (0.00ns)   --->   "%w_31 = partselect i11 @_ssdm_op_PartSelect.i11.i703.i32.i32, i703 %wr2_load, i32 341, i32 351" [firmware/nnet_utils/nnet_dense_resource.h:145]   --->   Operation 226 'partselect' 'w_31' <Predicate = true> <Delay = 0.00>
ST_4 : Operation 227 [1/1] (0.00ns)   --->   "%sext_ln73_33 = sext i11 %w_31" [firmware/nnet_utils/nnet_mult.h:73->firmware/nnet_utils/nnet_dense_resource.h:145]   --->   Operation 227 'sext' 'sext_ln73_33' <Predicate = true> <Delay = 0.00>
ST_4 : Operation 228 [4/4] (1.87ns)   --->   "%mul_ln73_31 = mul i25 %sext_ln73_2, i25 %sext_ln73_33" [firmware/nnet_utils/nnet_mult.h:73->firmware/nnet_utils/nnet_dense_resource.h:145]   --->   Operation 228 'mul' 'mul_ln73_31' <Predicate = true> <Delay = 1.87> <CoreInst = "Multiplier">   --->   Core 3 'Multiplier' <Latency = 3> <II = 1> <Delay = 1.87> <FuncUnit> <Opcode : 'mul'> <InPorts = 2> <OutPorts = 1>
ST_4 : Operation 229 [1/1] (0.00ns)   --->   "%w_32 = partselect i11 @_ssdm_op_PartSelect.i11.i703.i32.i32, i703 %wr2_load, i32 352, i32 362" [firmware/nnet_utils/nnet_dense_resource.h:145]   --->   Operation 229 'partselect' 'w_32' <Predicate = true> <Delay = 0.00>
ST_4 : Operation 230 [1/1] (0.00ns)   --->   "%sext_ln73_34 = sext i11 %w_32" [firmware/nnet_utils/nnet_mult.h:73->firmware/nnet_utils/nnet_dense_resource.h:145]   --->   Operation 230 'sext' 'sext_ln73_34' <Predicate = true> <Delay = 0.00>
ST_4 : Operation 231 [4/4] (1.87ns)   --->   "%mul_ln73_32 = mul i25 %sext_ln73_2, i25 %sext_ln73_34" [firmware/nnet_utils/nnet_mult.h:73->firmware/nnet_utils/nnet_dense_resource.h:145]   --->   Operation 231 'mul' 'mul_ln73_32' <Predicate = true> <Delay = 1.87> <CoreInst = "Multiplier">   --->   Core 3 'Multiplier' <Latency = 3> <II = 1> <Delay = 1.87> <FuncUnit> <Opcode : 'mul'> <InPorts = 2> <OutPorts = 1>
ST_4 : Operation 232 [1/1] (0.00ns)   --->   "%w_33 = partselect i11 @_ssdm_op_PartSelect.i11.i703.i32.i32, i703 %wr2_load, i32 363, i32 373" [firmware/nnet_utils/nnet_dense_resource.h:145]   --->   Operation 232 'partselect' 'w_33' <Predicate = true> <Delay = 0.00>
ST_4 : Operation 233 [1/1] (0.00ns)   --->   "%sext_ln73_35 = sext i11 %w_33" [firmware/nnet_utils/nnet_mult.h:73->firmware/nnet_utils/nnet_dense_resource.h:145]   --->   Operation 233 'sext' 'sext_ln73_35' <Predicate = true> <Delay = 0.00>
ST_4 : Operation 234 [4/4] (1.87ns)   --->   "%mul_ln73_33 = mul i25 %sext_ln73_2, i25 %sext_ln73_35" [firmware/nnet_utils/nnet_mult.h:73->firmware/nnet_utils/nnet_dense_resource.h:145]   --->   Operation 234 'mul' 'mul_ln73_33' <Predicate = true> <Delay = 1.87> <CoreInst = "Multiplier">   --->   Core 3 'Multiplier' <Latency = 3> <II = 1> <Delay = 1.87> <FuncUnit> <Opcode : 'mul'> <InPorts = 2> <OutPorts = 1>
ST_4 : Operation 235 [1/1] (0.00ns)   --->   "%w_34 = partselect i11 @_ssdm_op_PartSelect.i11.i703.i32.i32, i703 %wr2_load, i32 374, i32 384" [firmware/nnet_utils/nnet_dense_resource.h:145]   --->   Operation 235 'partselect' 'w_34' <Predicate = true> <Delay = 0.00>
ST_4 : Operation 236 [1/1] (0.00ns)   --->   "%sext_ln73_36 = sext i11 %w_34" [firmware/nnet_utils/nnet_mult.h:73->firmware/nnet_utils/nnet_dense_resource.h:145]   --->   Operation 236 'sext' 'sext_ln73_36' <Predicate = true> <Delay = 0.00>
ST_4 : Operation 237 [4/4] (1.87ns)   --->   "%mul_ln73_34 = mul i25 %sext_ln73_2, i25 %sext_ln73_36" [firmware/nnet_utils/nnet_mult.h:73->firmware/nnet_utils/nnet_dense_resource.h:145]   --->   Operation 237 'mul' 'mul_ln73_34' <Predicate = true> <Delay = 1.87> <CoreInst = "Multiplier">   --->   Core 3 'Multiplier' <Latency = 3> <II = 1> <Delay = 1.87> <FuncUnit> <Opcode : 'mul'> <InPorts = 2> <OutPorts = 1>
ST_4 : Operation 238 [1/1] (0.00ns)   --->   "%w_35 = partselect i11 @_ssdm_op_PartSelect.i11.i703.i32.i32, i703 %wr2_load, i32 385, i32 395" [firmware/nnet_utils/nnet_dense_resource.h:145]   --->   Operation 238 'partselect' 'w_35' <Predicate = true> <Delay = 0.00>
ST_4 : Operation 239 [1/1] (0.00ns)   --->   "%sext_ln73_37 = sext i11 %w_35" [firmware/nnet_utils/nnet_mult.h:73->firmware/nnet_utils/nnet_dense_resource.h:145]   --->   Operation 239 'sext' 'sext_ln73_37' <Predicate = true> <Delay = 0.00>
ST_4 : Operation 240 [4/4] (1.87ns)   --->   "%mul_ln73_35 = mul i25 %sext_ln73_2, i25 %sext_ln73_37" [firmware/nnet_utils/nnet_mult.h:73->firmware/nnet_utils/nnet_dense_resource.h:145]   --->   Operation 240 'mul' 'mul_ln73_35' <Predicate = true> <Delay = 1.87> <CoreInst = "Multiplier">   --->   Core 3 'Multiplier' <Latency = 3> <II = 1> <Delay = 1.87> <FuncUnit> <Opcode : 'mul'> <InPorts = 2> <OutPorts = 1>
ST_4 : Operation 241 [1/1] (0.00ns)   --->   "%w_36 = partselect i11 @_ssdm_op_PartSelect.i11.i703.i32.i32, i703 %wr2_load, i32 396, i32 406" [firmware/nnet_utils/nnet_dense_resource.h:145]   --->   Operation 241 'partselect' 'w_36' <Predicate = true> <Delay = 0.00>
ST_4 : Operation 242 [1/1] (0.00ns)   --->   "%sext_ln73_38 = sext i11 %w_36" [firmware/nnet_utils/nnet_mult.h:73->firmware/nnet_utils/nnet_dense_resource.h:145]   --->   Operation 242 'sext' 'sext_ln73_38' <Predicate = true> <Delay = 0.00>
ST_4 : Operation 243 [4/4] (1.87ns)   --->   "%mul_ln73_36 = mul i25 %sext_ln73_2, i25 %sext_ln73_38" [firmware/nnet_utils/nnet_mult.h:73->firmware/nnet_utils/nnet_dense_resource.h:145]   --->   Operation 243 'mul' 'mul_ln73_36' <Predicate = true> <Delay = 1.87> <CoreInst = "Multiplier">   --->   Core 3 'Multiplier' <Latency = 3> <II = 1> <Delay = 1.87> <FuncUnit> <Opcode : 'mul'> <InPorts = 2> <OutPorts = 1>
ST_4 : Operation 244 [1/1] (0.00ns)   --->   "%w_37 = partselect i11 @_ssdm_op_PartSelect.i11.i703.i32.i32, i703 %wr2_load, i32 407, i32 417" [firmware/nnet_utils/nnet_dense_resource.h:145]   --->   Operation 244 'partselect' 'w_37' <Predicate = true> <Delay = 0.00>
ST_4 : Operation 245 [1/1] (0.00ns)   --->   "%sext_ln73_39 = sext i11 %w_37" [firmware/nnet_utils/nnet_mult.h:73->firmware/nnet_utils/nnet_dense_resource.h:145]   --->   Operation 245 'sext' 'sext_ln73_39' <Predicate = true> <Delay = 0.00>
ST_4 : Operation 246 [4/4] (1.87ns)   --->   "%mul_ln73_37 = mul i25 %sext_ln73_2, i25 %sext_ln73_39" [firmware/nnet_utils/nnet_mult.h:73->firmware/nnet_utils/nnet_dense_resource.h:145]   --->   Operation 246 'mul' 'mul_ln73_37' <Predicate = true> <Delay = 1.87> <CoreInst = "Multiplier">   --->   Core 3 'Multiplier' <Latency = 3> <II = 1> <Delay = 1.87> <FuncUnit> <Opcode : 'mul'> <InPorts = 2> <OutPorts = 1>
ST_4 : Operation 247 [1/1] (0.00ns)   --->   "%w_38 = partselect i11 @_ssdm_op_PartSelect.i11.i703.i32.i32, i703 %wr2_load, i32 418, i32 428" [firmware/nnet_utils/nnet_dense_resource.h:145]   --->   Operation 247 'partselect' 'w_38' <Predicate = true> <Delay = 0.00>
ST_4 : Operation 248 [1/1] (0.00ns)   --->   "%sext_ln73_40 = sext i11 %w_38" [firmware/nnet_utils/nnet_mult.h:73->firmware/nnet_utils/nnet_dense_resource.h:145]   --->   Operation 248 'sext' 'sext_ln73_40' <Predicate = true> <Delay = 0.00>
ST_4 : Operation 249 [4/4] (1.87ns)   --->   "%mul_ln73_38 = mul i25 %sext_ln73_2, i25 %sext_ln73_40" [firmware/nnet_utils/nnet_mult.h:73->firmware/nnet_utils/nnet_dense_resource.h:145]   --->   Operation 249 'mul' 'mul_ln73_38' <Predicate = true> <Delay = 1.87> <CoreInst = "Multiplier">   --->   Core 3 'Multiplier' <Latency = 3> <II = 1> <Delay = 1.87> <FuncUnit> <Opcode : 'mul'> <InPorts = 2> <OutPorts = 1>
ST_4 : Operation 250 [1/1] (0.00ns)   --->   "%w_39 = partselect i11 @_ssdm_op_PartSelect.i11.i703.i32.i32, i703 %wr2_load, i32 429, i32 439" [firmware/nnet_utils/nnet_dense_resource.h:145]   --->   Operation 250 'partselect' 'w_39' <Predicate = true> <Delay = 0.00>
ST_4 : Operation 251 [1/1] (0.00ns)   --->   "%sext_ln73_41 = sext i11 %w_39" [firmware/nnet_utils/nnet_mult.h:73->firmware/nnet_utils/nnet_dense_resource.h:145]   --->   Operation 251 'sext' 'sext_ln73_41' <Predicate = true> <Delay = 0.00>
ST_4 : Operation 252 [4/4] (1.87ns)   --->   "%mul_ln73_39 = mul i25 %sext_ln73_2, i25 %sext_ln73_41" [firmware/nnet_utils/nnet_mult.h:73->firmware/nnet_utils/nnet_dense_resource.h:145]   --->   Operation 252 'mul' 'mul_ln73_39' <Predicate = true> <Delay = 1.87> <CoreInst = "Multiplier">   --->   Core 3 'Multiplier' <Latency = 3> <II = 1> <Delay = 1.87> <FuncUnit> <Opcode : 'mul'> <InPorts = 2> <OutPorts = 1>
ST_4 : Operation 253 [1/1] (0.00ns)   --->   "%w_40 = partselect i11 @_ssdm_op_PartSelect.i11.i703.i32.i32, i703 %wr2_load, i32 440, i32 450" [firmware/nnet_utils/nnet_dense_resource.h:145]   --->   Operation 253 'partselect' 'w_40' <Predicate = true> <Delay = 0.00>
ST_4 : Operation 254 [1/1] (0.00ns)   --->   "%sext_ln73_42 = sext i11 %w_40" [firmware/nnet_utils/nnet_mult.h:73->firmware/nnet_utils/nnet_dense_resource.h:145]   --->   Operation 254 'sext' 'sext_ln73_42' <Predicate = true> <Delay = 0.00>
ST_4 : Operation 255 [4/4] (1.87ns)   --->   "%mul_ln73_40 = mul i25 %sext_ln73_2, i25 %sext_ln73_42" [firmware/nnet_utils/nnet_mult.h:73->firmware/nnet_utils/nnet_dense_resource.h:145]   --->   Operation 255 'mul' 'mul_ln73_40' <Predicate = true> <Delay = 1.87> <CoreInst = "Multiplier">   --->   Core 3 'Multiplier' <Latency = 3> <II = 1> <Delay = 1.87> <FuncUnit> <Opcode : 'mul'> <InPorts = 2> <OutPorts = 1>
ST_4 : Operation 256 [1/1] (0.00ns)   --->   "%w_41 = partselect i11 @_ssdm_op_PartSelect.i11.i703.i32.i32, i703 %wr2_load, i32 451, i32 461" [firmware/nnet_utils/nnet_dense_resource.h:145]   --->   Operation 256 'partselect' 'w_41' <Predicate = true> <Delay = 0.00>
ST_4 : Operation 257 [1/1] (0.00ns)   --->   "%sext_ln73_43 = sext i11 %w_41" [firmware/nnet_utils/nnet_mult.h:73->firmware/nnet_utils/nnet_dense_resource.h:145]   --->   Operation 257 'sext' 'sext_ln73_43' <Predicate = true> <Delay = 0.00>
ST_4 : Operation 258 [4/4] (1.87ns)   --->   "%mul_ln73_41 = mul i25 %sext_ln73_2, i25 %sext_ln73_43" [firmware/nnet_utils/nnet_mult.h:73->firmware/nnet_utils/nnet_dense_resource.h:145]   --->   Operation 258 'mul' 'mul_ln73_41' <Predicate = true> <Delay = 1.87> <CoreInst = "Multiplier">   --->   Core 3 'Multiplier' <Latency = 3> <II = 1> <Delay = 1.87> <FuncUnit> <Opcode : 'mul'> <InPorts = 2> <OutPorts = 1>
ST_4 : Operation 259 [1/1] (0.00ns)   --->   "%w_42 = partselect i11 @_ssdm_op_PartSelect.i11.i703.i32.i32, i703 %wr2_load, i32 462, i32 472" [firmware/nnet_utils/nnet_dense_resource.h:145]   --->   Operation 259 'partselect' 'w_42' <Predicate = true> <Delay = 0.00>
ST_4 : Operation 260 [1/1] (0.00ns)   --->   "%sext_ln73_44 = sext i11 %w_42" [firmware/nnet_utils/nnet_mult.h:73->firmware/nnet_utils/nnet_dense_resource.h:145]   --->   Operation 260 'sext' 'sext_ln73_44' <Predicate = true> <Delay = 0.00>
ST_4 : Operation 261 [4/4] (1.87ns)   --->   "%mul_ln73_42 = mul i25 %sext_ln73_2, i25 %sext_ln73_44" [firmware/nnet_utils/nnet_mult.h:73->firmware/nnet_utils/nnet_dense_resource.h:145]   --->   Operation 261 'mul' 'mul_ln73_42' <Predicate = true> <Delay = 1.87> <CoreInst = "Multiplier">   --->   Core 3 'Multiplier' <Latency = 3> <II = 1> <Delay = 1.87> <FuncUnit> <Opcode : 'mul'> <InPorts = 2> <OutPorts = 1>
ST_4 : Operation 262 [1/1] (0.00ns)   --->   "%w_43 = partselect i11 @_ssdm_op_PartSelect.i11.i703.i32.i32, i703 %wr2_load, i32 473, i32 483" [firmware/nnet_utils/nnet_dense_resource.h:145]   --->   Operation 262 'partselect' 'w_43' <Predicate = true> <Delay = 0.00>
ST_4 : Operation 263 [1/1] (0.00ns)   --->   "%sext_ln73_45 = sext i11 %w_43" [firmware/nnet_utils/nnet_mult.h:73->firmware/nnet_utils/nnet_dense_resource.h:145]   --->   Operation 263 'sext' 'sext_ln73_45' <Predicate = true> <Delay = 0.00>
ST_4 : Operation 264 [4/4] (1.87ns)   --->   "%mul_ln73_43 = mul i25 %sext_ln73_2, i25 %sext_ln73_45" [firmware/nnet_utils/nnet_mult.h:73->firmware/nnet_utils/nnet_dense_resource.h:145]   --->   Operation 264 'mul' 'mul_ln73_43' <Predicate = true> <Delay = 1.87> <CoreInst = "Multiplier">   --->   Core 3 'Multiplier' <Latency = 3> <II = 1> <Delay = 1.87> <FuncUnit> <Opcode : 'mul'> <InPorts = 2> <OutPorts = 1>
ST_4 : Operation 265 [1/1] (0.00ns)   --->   "%w_44 = partselect i11 @_ssdm_op_PartSelect.i11.i703.i32.i32, i703 %wr2_load, i32 484, i32 494" [firmware/nnet_utils/nnet_dense_resource.h:145]   --->   Operation 265 'partselect' 'w_44' <Predicate = true> <Delay = 0.00>
ST_4 : Operation 266 [1/1] (0.00ns)   --->   "%sext_ln73_46 = sext i11 %w_44" [firmware/nnet_utils/nnet_mult.h:73->firmware/nnet_utils/nnet_dense_resource.h:145]   --->   Operation 266 'sext' 'sext_ln73_46' <Predicate = true> <Delay = 0.00>
ST_4 : Operation 267 [4/4] (1.87ns)   --->   "%mul_ln73_44 = mul i25 %sext_ln73_2, i25 %sext_ln73_46" [firmware/nnet_utils/nnet_mult.h:73->firmware/nnet_utils/nnet_dense_resource.h:145]   --->   Operation 267 'mul' 'mul_ln73_44' <Predicate = true> <Delay = 1.87> <CoreInst = "Multiplier">   --->   Core 3 'Multiplier' <Latency = 3> <II = 1> <Delay = 1.87> <FuncUnit> <Opcode : 'mul'> <InPorts = 2> <OutPorts = 1>
ST_4 : Operation 268 [1/1] (0.00ns)   --->   "%w_45 = partselect i11 @_ssdm_op_PartSelect.i11.i703.i32.i32, i703 %wr2_load, i32 495, i32 505" [firmware/nnet_utils/nnet_dense_resource.h:145]   --->   Operation 268 'partselect' 'w_45' <Predicate = true> <Delay = 0.00>
ST_4 : Operation 269 [1/1] (0.00ns)   --->   "%sext_ln73_47 = sext i11 %w_45" [firmware/nnet_utils/nnet_mult.h:73->firmware/nnet_utils/nnet_dense_resource.h:145]   --->   Operation 269 'sext' 'sext_ln73_47' <Predicate = true> <Delay = 0.00>
ST_4 : Operation 270 [4/4] (1.87ns)   --->   "%mul_ln73_45 = mul i25 %sext_ln73_2, i25 %sext_ln73_47" [firmware/nnet_utils/nnet_mult.h:73->firmware/nnet_utils/nnet_dense_resource.h:145]   --->   Operation 270 'mul' 'mul_ln73_45' <Predicate = true> <Delay = 1.87> <CoreInst = "Multiplier">   --->   Core 3 'Multiplier' <Latency = 3> <II = 1> <Delay = 1.87> <FuncUnit> <Opcode : 'mul'> <InPorts = 2> <OutPorts = 1>
ST_4 : Operation 271 [1/1] (0.00ns)   --->   "%w_46 = partselect i11 @_ssdm_op_PartSelect.i11.i703.i32.i32, i703 %wr2_load, i32 506, i32 516" [firmware/nnet_utils/nnet_dense_resource.h:145]   --->   Operation 271 'partselect' 'w_46' <Predicate = true> <Delay = 0.00>
ST_4 : Operation 272 [1/1] (0.00ns)   --->   "%sext_ln73_48 = sext i11 %w_46" [firmware/nnet_utils/nnet_mult.h:73->firmware/nnet_utils/nnet_dense_resource.h:145]   --->   Operation 272 'sext' 'sext_ln73_48' <Predicate = true> <Delay = 0.00>
ST_4 : Operation 273 [4/4] (1.87ns)   --->   "%mul_ln73_46 = mul i25 %sext_ln73_2, i25 %sext_ln73_48" [firmware/nnet_utils/nnet_mult.h:73->firmware/nnet_utils/nnet_dense_resource.h:145]   --->   Operation 273 'mul' 'mul_ln73_46' <Predicate = true> <Delay = 1.87> <CoreInst = "Multiplier">   --->   Core 3 'Multiplier' <Latency = 3> <II = 1> <Delay = 1.87> <FuncUnit> <Opcode : 'mul'> <InPorts = 2> <OutPorts = 1>
ST_4 : Operation 274 [1/1] (0.00ns)   --->   "%w_47 = partselect i11 @_ssdm_op_PartSelect.i11.i703.i32.i32, i703 %wr2_load, i32 517, i32 527" [firmware/nnet_utils/nnet_dense_resource.h:145]   --->   Operation 274 'partselect' 'w_47' <Predicate = true> <Delay = 0.00>
ST_4 : Operation 275 [1/1] (0.00ns)   --->   "%sext_ln73_49 = sext i11 %w_47" [firmware/nnet_utils/nnet_mult.h:73->firmware/nnet_utils/nnet_dense_resource.h:145]   --->   Operation 275 'sext' 'sext_ln73_49' <Predicate = true> <Delay = 0.00>
ST_4 : Operation 276 [4/4] (1.87ns)   --->   "%mul_ln73_47 = mul i25 %sext_ln73_2, i25 %sext_ln73_49" [firmware/nnet_utils/nnet_mult.h:73->firmware/nnet_utils/nnet_dense_resource.h:145]   --->   Operation 276 'mul' 'mul_ln73_47' <Predicate = true> <Delay = 1.87> <CoreInst = "Multiplier">   --->   Core 3 'Multiplier' <Latency = 3> <II = 1> <Delay = 1.87> <FuncUnit> <Opcode : 'mul'> <InPorts = 2> <OutPorts = 1>
ST_4 : Operation 277 [1/1] (0.00ns)   --->   "%w_48 = partselect i11 @_ssdm_op_PartSelect.i11.i703.i32.i32, i703 %wr2_load, i32 528, i32 538" [firmware/nnet_utils/nnet_dense_resource.h:145]   --->   Operation 277 'partselect' 'w_48' <Predicate = true> <Delay = 0.00>
ST_4 : Operation 278 [1/1] (0.00ns)   --->   "%sext_ln73_50 = sext i11 %w_48" [firmware/nnet_utils/nnet_mult.h:73->firmware/nnet_utils/nnet_dense_resource.h:145]   --->   Operation 278 'sext' 'sext_ln73_50' <Predicate = true> <Delay = 0.00>
ST_4 : Operation 279 [4/4] (1.87ns)   --->   "%mul_ln73_48 = mul i25 %sext_ln73_2, i25 %sext_ln73_50" [firmware/nnet_utils/nnet_mult.h:73->firmware/nnet_utils/nnet_dense_resource.h:145]   --->   Operation 279 'mul' 'mul_ln73_48' <Predicate = true> <Delay = 1.87> <CoreInst = "Multiplier">   --->   Core 3 'Multiplier' <Latency = 3> <II = 1> <Delay = 1.87> <FuncUnit> <Opcode : 'mul'> <InPorts = 2> <OutPorts = 1>
ST_4 : Operation 280 [1/1] (0.00ns)   --->   "%w_49 = partselect i11 @_ssdm_op_PartSelect.i11.i703.i32.i32, i703 %wr2_load, i32 539, i32 549" [firmware/nnet_utils/nnet_dense_resource.h:145]   --->   Operation 280 'partselect' 'w_49' <Predicate = true> <Delay = 0.00>
ST_4 : Operation 281 [1/1] (0.00ns)   --->   "%sext_ln73_51 = sext i11 %w_49" [firmware/nnet_utils/nnet_mult.h:73->firmware/nnet_utils/nnet_dense_resource.h:145]   --->   Operation 281 'sext' 'sext_ln73_51' <Predicate = true> <Delay = 0.00>
ST_4 : Operation 282 [4/4] (1.87ns)   --->   "%mul_ln73_49 = mul i25 %sext_ln73_2, i25 %sext_ln73_51" [firmware/nnet_utils/nnet_mult.h:73->firmware/nnet_utils/nnet_dense_resource.h:145]   --->   Operation 282 'mul' 'mul_ln73_49' <Predicate = true> <Delay = 1.87> <CoreInst = "Multiplier">   --->   Core 3 'Multiplier' <Latency = 3> <II = 1> <Delay = 1.87> <FuncUnit> <Opcode : 'mul'> <InPorts = 2> <OutPorts = 1>
ST_4 : Operation 283 [1/1] (0.00ns)   --->   "%w_50 = partselect i11 @_ssdm_op_PartSelect.i11.i703.i32.i32, i703 %wr2_load, i32 550, i32 560" [firmware/nnet_utils/nnet_dense_resource.h:145]   --->   Operation 283 'partselect' 'w_50' <Predicate = true> <Delay = 0.00>
ST_4 : Operation 284 [1/1] (0.00ns)   --->   "%sext_ln73_52 = sext i11 %w_50" [firmware/nnet_utils/nnet_mult.h:73->firmware/nnet_utils/nnet_dense_resource.h:145]   --->   Operation 284 'sext' 'sext_ln73_52' <Predicate = true> <Delay = 0.00>
ST_4 : Operation 285 [4/4] (1.87ns)   --->   "%mul_ln73_50 = mul i25 %sext_ln73_2, i25 %sext_ln73_52" [firmware/nnet_utils/nnet_mult.h:73->firmware/nnet_utils/nnet_dense_resource.h:145]   --->   Operation 285 'mul' 'mul_ln73_50' <Predicate = true> <Delay = 1.87> <CoreInst = "Multiplier">   --->   Core 3 'Multiplier' <Latency = 3> <II = 1> <Delay = 1.87> <FuncUnit> <Opcode : 'mul'> <InPorts = 2> <OutPorts = 1>
ST_4 : Operation 286 [1/1] (0.00ns)   --->   "%w_51 = partselect i11 @_ssdm_op_PartSelect.i11.i703.i32.i32, i703 %wr2_load, i32 561, i32 571" [firmware/nnet_utils/nnet_dense_resource.h:145]   --->   Operation 286 'partselect' 'w_51' <Predicate = true> <Delay = 0.00>
ST_4 : Operation 287 [1/1] (0.00ns)   --->   "%sext_ln73_53 = sext i11 %w_51" [firmware/nnet_utils/nnet_mult.h:73->firmware/nnet_utils/nnet_dense_resource.h:145]   --->   Operation 287 'sext' 'sext_ln73_53' <Predicate = true> <Delay = 0.00>
ST_4 : Operation 288 [4/4] (1.87ns)   --->   "%mul_ln73_51 = mul i25 %sext_ln73_2, i25 %sext_ln73_53" [firmware/nnet_utils/nnet_mult.h:73->firmware/nnet_utils/nnet_dense_resource.h:145]   --->   Operation 288 'mul' 'mul_ln73_51' <Predicate = true> <Delay = 1.87> <CoreInst = "Multiplier">   --->   Core 3 'Multiplier' <Latency = 3> <II = 1> <Delay = 1.87> <FuncUnit> <Opcode : 'mul'> <InPorts = 2> <OutPorts = 1>
ST_4 : Operation 289 [1/1] (0.00ns)   --->   "%w_52 = partselect i11 @_ssdm_op_PartSelect.i11.i703.i32.i32, i703 %wr2_load, i32 572, i32 582" [firmware/nnet_utils/nnet_dense_resource.h:145]   --->   Operation 289 'partselect' 'w_52' <Predicate = true> <Delay = 0.00>
ST_4 : Operation 290 [1/1] (0.00ns)   --->   "%sext_ln73_54 = sext i11 %w_52" [firmware/nnet_utils/nnet_mult.h:73->firmware/nnet_utils/nnet_dense_resource.h:145]   --->   Operation 290 'sext' 'sext_ln73_54' <Predicate = true> <Delay = 0.00>
ST_4 : Operation 291 [4/4] (1.87ns)   --->   "%mul_ln73_52 = mul i25 %sext_ln73_2, i25 %sext_ln73_54" [firmware/nnet_utils/nnet_mult.h:73->firmware/nnet_utils/nnet_dense_resource.h:145]   --->   Operation 291 'mul' 'mul_ln73_52' <Predicate = true> <Delay = 1.87> <CoreInst = "Multiplier">   --->   Core 3 'Multiplier' <Latency = 3> <II = 1> <Delay = 1.87> <FuncUnit> <Opcode : 'mul'> <InPorts = 2> <OutPorts = 1>
ST_4 : Operation 292 [1/1] (0.00ns)   --->   "%w_53 = partselect i11 @_ssdm_op_PartSelect.i11.i703.i32.i32, i703 %wr2_load, i32 583, i32 593" [firmware/nnet_utils/nnet_dense_resource.h:145]   --->   Operation 292 'partselect' 'w_53' <Predicate = true> <Delay = 0.00>
ST_4 : Operation 293 [1/1] (0.00ns)   --->   "%sext_ln73_55 = sext i11 %w_53" [firmware/nnet_utils/nnet_mult.h:73->firmware/nnet_utils/nnet_dense_resource.h:145]   --->   Operation 293 'sext' 'sext_ln73_55' <Predicate = true> <Delay = 0.00>
ST_4 : Operation 294 [4/4] (1.87ns)   --->   "%mul_ln73_53 = mul i25 %sext_ln73_2, i25 %sext_ln73_55" [firmware/nnet_utils/nnet_mult.h:73->firmware/nnet_utils/nnet_dense_resource.h:145]   --->   Operation 294 'mul' 'mul_ln73_53' <Predicate = true> <Delay = 1.87> <CoreInst = "Multiplier">   --->   Core 3 'Multiplier' <Latency = 3> <II = 1> <Delay = 1.87> <FuncUnit> <Opcode : 'mul'> <InPorts = 2> <OutPorts = 1>
ST_4 : Operation 295 [1/1] (0.00ns)   --->   "%w_54 = partselect i11 @_ssdm_op_PartSelect.i11.i703.i32.i32, i703 %wr2_load, i32 594, i32 604" [firmware/nnet_utils/nnet_dense_resource.h:145]   --->   Operation 295 'partselect' 'w_54' <Predicate = true> <Delay = 0.00>
ST_4 : Operation 296 [1/1] (0.00ns)   --->   "%sext_ln73_56 = sext i11 %w_54" [firmware/nnet_utils/nnet_mult.h:73->firmware/nnet_utils/nnet_dense_resource.h:145]   --->   Operation 296 'sext' 'sext_ln73_56' <Predicate = true> <Delay = 0.00>
ST_4 : Operation 297 [4/4] (1.87ns)   --->   "%mul_ln73_54 = mul i25 %sext_ln73_2, i25 %sext_ln73_56" [firmware/nnet_utils/nnet_mult.h:73->firmware/nnet_utils/nnet_dense_resource.h:145]   --->   Operation 297 'mul' 'mul_ln73_54' <Predicate = true> <Delay = 1.87> <CoreInst = "Multiplier">   --->   Core 3 'Multiplier' <Latency = 3> <II = 1> <Delay = 1.87> <FuncUnit> <Opcode : 'mul'> <InPorts = 2> <OutPorts = 1>
ST_4 : Operation 298 [1/1] (0.00ns)   --->   "%w_55 = partselect i11 @_ssdm_op_PartSelect.i11.i703.i32.i32, i703 %wr2_load, i32 605, i32 615" [firmware/nnet_utils/nnet_dense_resource.h:145]   --->   Operation 298 'partselect' 'w_55' <Predicate = true> <Delay = 0.00>
ST_4 : Operation 299 [1/1] (0.00ns)   --->   "%sext_ln73_57 = sext i11 %w_55" [firmware/nnet_utils/nnet_mult.h:73->firmware/nnet_utils/nnet_dense_resource.h:145]   --->   Operation 299 'sext' 'sext_ln73_57' <Predicate = true> <Delay = 0.00>
ST_4 : Operation 300 [4/4] (1.87ns)   --->   "%mul_ln73_55 = mul i25 %sext_ln73_2, i25 %sext_ln73_57" [firmware/nnet_utils/nnet_mult.h:73->firmware/nnet_utils/nnet_dense_resource.h:145]   --->   Operation 300 'mul' 'mul_ln73_55' <Predicate = true> <Delay = 1.87> <CoreInst = "Multiplier">   --->   Core 3 'Multiplier' <Latency = 3> <II = 1> <Delay = 1.87> <FuncUnit> <Opcode : 'mul'> <InPorts = 2> <OutPorts = 1>
ST_4 : Operation 301 [1/1] (0.00ns)   --->   "%w_56 = partselect i11 @_ssdm_op_PartSelect.i11.i703.i32.i32, i703 %wr2_load, i32 616, i32 626" [firmware/nnet_utils/nnet_dense_resource.h:145]   --->   Operation 301 'partselect' 'w_56' <Predicate = true> <Delay = 0.00>
ST_4 : Operation 302 [1/1] (0.00ns)   --->   "%sext_ln73_58 = sext i11 %w_56" [firmware/nnet_utils/nnet_mult.h:73->firmware/nnet_utils/nnet_dense_resource.h:145]   --->   Operation 302 'sext' 'sext_ln73_58' <Predicate = true> <Delay = 0.00>
ST_4 : Operation 303 [4/4] (1.87ns)   --->   "%mul_ln73_56 = mul i25 %sext_ln73_2, i25 %sext_ln73_58" [firmware/nnet_utils/nnet_mult.h:73->firmware/nnet_utils/nnet_dense_resource.h:145]   --->   Operation 303 'mul' 'mul_ln73_56' <Predicate = true> <Delay = 1.87> <CoreInst = "Multiplier">   --->   Core 3 'Multiplier' <Latency = 3> <II = 1> <Delay = 1.87> <FuncUnit> <Opcode : 'mul'> <InPorts = 2> <OutPorts = 1>
ST_4 : Operation 304 [1/1] (0.00ns)   --->   "%w_57 = partselect i11 @_ssdm_op_PartSelect.i11.i703.i32.i32, i703 %wr2_load, i32 627, i32 637" [firmware/nnet_utils/nnet_dense_resource.h:145]   --->   Operation 304 'partselect' 'w_57' <Predicate = true> <Delay = 0.00>
ST_4 : Operation 305 [1/1] (0.00ns)   --->   "%sext_ln73_59 = sext i11 %w_57" [firmware/nnet_utils/nnet_mult.h:73->firmware/nnet_utils/nnet_dense_resource.h:145]   --->   Operation 305 'sext' 'sext_ln73_59' <Predicate = true> <Delay = 0.00>
ST_4 : Operation 306 [4/4] (1.87ns)   --->   "%mul_ln73_57 = mul i25 %sext_ln73_2, i25 %sext_ln73_59" [firmware/nnet_utils/nnet_mult.h:73->firmware/nnet_utils/nnet_dense_resource.h:145]   --->   Operation 306 'mul' 'mul_ln73_57' <Predicate = true> <Delay = 1.87> <CoreInst = "Multiplier">   --->   Core 3 'Multiplier' <Latency = 3> <II = 1> <Delay = 1.87> <FuncUnit> <Opcode : 'mul'> <InPorts = 2> <OutPorts = 1>
ST_4 : Operation 307 [1/1] (0.00ns)   --->   "%w_58 = partselect i11 @_ssdm_op_PartSelect.i11.i703.i32.i32, i703 %wr2_load, i32 638, i32 648" [firmware/nnet_utils/nnet_dense_resource.h:145]   --->   Operation 307 'partselect' 'w_58' <Predicate = true> <Delay = 0.00>
ST_4 : Operation 308 [1/1] (0.00ns)   --->   "%sext_ln73_60 = sext i11 %w_58" [firmware/nnet_utils/nnet_mult.h:73->firmware/nnet_utils/nnet_dense_resource.h:145]   --->   Operation 308 'sext' 'sext_ln73_60' <Predicate = true> <Delay = 0.00>
ST_4 : Operation 309 [4/4] (1.87ns)   --->   "%mul_ln73_58 = mul i25 %sext_ln73_2, i25 %sext_ln73_60" [firmware/nnet_utils/nnet_mult.h:73->firmware/nnet_utils/nnet_dense_resource.h:145]   --->   Operation 309 'mul' 'mul_ln73_58' <Predicate = true> <Delay = 1.87> <CoreInst = "Multiplier">   --->   Core 3 'Multiplier' <Latency = 3> <II = 1> <Delay = 1.87> <FuncUnit> <Opcode : 'mul'> <InPorts = 2> <OutPorts = 1>
ST_4 : Operation 310 [1/1] (0.00ns)   --->   "%w_59 = partselect i11 @_ssdm_op_PartSelect.i11.i703.i32.i32, i703 %wr2_load, i32 649, i32 659" [firmware/nnet_utils/nnet_dense_resource.h:145]   --->   Operation 310 'partselect' 'w_59' <Predicate = true> <Delay = 0.00>
ST_4 : Operation 311 [1/1] (0.00ns)   --->   "%sext_ln73_61 = sext i11 %w_59" [firmware/nnet_utils/nnet_mult.h:73->firmware/nnet_utils/nnet_dense_resource.h:145]   --->   Operation 311 'sext' 'sext_ln73_61' <Predicate = true> <Delay = 0.00>
ST_4 : Operation 312 [4/4] (1.87ns)   --->   "%mul_ln73_59 = mul i25 %sext_ln73_2, i25 %sext_ln73_61" [firmware/nnet_utils/nnet_mult.h:73->firmware/nnet_utils/nnet_dense_resource.h:145]   --->   Operation 312 'mul' 'mul_ln73_59' <Predicate = true> <Delay = 1.87> <CoreInst = "Multiplier">   --->   Core 3 'Multiplier' <Latency = 3> <II = 1> <Delay = 1.87> <FuncUnit> <Opcode : 'mul'> <InPorts = 2> <OutPorts = 1>
ST_4 : Operation 313 [1/1] (0.00ns)   --->   "%w_60 = partselect i11 @_ssdm_op_PartSelect.i11.i703.i32.i32, i703 %wr2_load, i32 660, i32 670" [firmware/nnet_utils/nnet_dense_resource.h:145]   --->   Operation 313 'partselect' 'w_60' <Predicate = true> <Delay = 0.00>
ST_4 : Operation 314 [1/1] (0.00ns)   --->   "%sext_ln73_62 = sext i11 %w_60" [firmware/nnet_utils/nnet_mult.h:73->firmware/nnet_utils/nnet_dense_resource.h:145]   --->   Operation 314 'sext' 'sext_ln73_62' <Predicate = true> <Delay = 0.00>
ST_4 : Operation 315 [4/4] (1.87ns)   --->   "%mul_ln73_60 = mul i25 %sext_ln73_2, i25 %sext_ln73_62" [firmware/nnet_utils/nnet_mult.h:73->firmware/nnet_utils/nnet_dense_resource.h:145]   --->   Operation 315 'mul' 'mul_ln73_60' <Predicate = true> <Delay = 1.87> <CoreInst = "Multiplier">   --->   Core 3 'Multiplier' <Latency = 3> <II = 1> <Delay = 1.87> <FuncUnit> <Opcode : 'mul'> <InPorts = 2> <OutPorts = 1>
ST_4 : Operation 316 [1/1] (0.00ns)   --->   "%w_61 = partselect i11 @_ssdm_op_PartSelect.i11.i703.i32.i32, i703 %wr2_load, i32 671, i32 681" [firmware/nnet_utils/nnet_dense_resource.h:145]   --->   Operation 316 'partselect' 'w_61' <Predicate = true> <Delay = 0.00>
ST_4 : Operation 317 [1/1] (0.00ns)   --->   "%sext_ln73_63 = sext i11 %w_61" [firmware/nnet_utils/nnet_mult.h:73->firmware/nnet_utils/nnet_dense_resource.h:145]   --->   Operation 317 'sext' 'sext_ln73_63' <Predicate = true> <Delay = 0.00>
ST_4 : Operation 318 [4/4] (1.87ns)   --->   "%mul_ln73_61 = mul i25 %sext_ln73_2, i25 %sext_ln73_63" [firmware/nnet_utils/nnet_mult.h:73->firmware/nnet_utils/nnet_dense_resource.h:145]   --->   Operation 318 'mul' 'mul_ln73_61' <Predicate = true> <Delay = 1.87> <CoreInst = "Multiplier">   --->   Core 3 'Multiplier' <Latency = 3> <II = 1> <Delay = 1.87> <FuncUnit> <Opcode : 'mul'> <InPorts = 2> <OutPorts = 1>
ST_4 : Operation 319 [1/1] (0.00ns)   --->   "%w_62 = partselect i11 @_ssdm_op_PartSelect.i11.i703.i32.i32, i703 %wr2_load, i32 682, i32 692" [firmware/nnet_utils/nnet_dense_resource.h:145]   --->   Operation 319 'partselect' 'w_62' <Predicate = true> <Delay = 0.00>
ST_4 : Operation 320 [1/1] (0.00ns)   --->   "%sext_ln73_64 = sext i11 %w_62" [firmware/nnet_utils/nnet_mult.h:73->firmware/nnet_utils/nnet_dense_resource.h:145]   --->   Operation 320 'sext' 'sext_ln73_64' <Predicate = true> <Delay = 0.00>
ST_4 : Operation 321 [4/4] (1.87ns)   --->   "%mul_ln73_62 = mul i25 %sext_ln73_2, i25 %sext_ln73_64" [firmware/nnet_utils/nnet_mult.h:73->firmware/nnet_utils/nnet_dense_resource.h:145]   --->   Operation 321 'mul' 'mul_ln73_62' <Predicate = true> <Delay = 1.87> <CoreInst = "Multiplier">   --->   Core 3 'Multiplier' <Latency = 3> <II = 1> <Delay = 1.87> <FuncUnit> <Opcode : 'mul'> <InPorts = 2> <OutPorts = 1>
ST_4 : Operation 322 [1/1] (0.00ns)   --->   "%tmp = partselect i10 @_ssdm_op_PartSelect.i10.i703.i32.i32, i703 %wr2_load, i32 693, i32 702" [firmware/nnet_utils/nnet_dense_resource.h:145]   --->   Operation 322 'partselect' 'tmp' <Predicate = true> <Delay = 0.00>
ST_4 : Operation 323 [1/1] (0.00ns)   --->   "%sext_ln73_66 = sext i10 %tmp" [firmware/nnet_utils/nnet_mult.h:73->firmware/nnet_utils/nnet_dense_resource.h:145]   --->   Operation 323 'sext' 'sext_ln73_66' <Predicate = true> <Delay = 0.00>
ST_4 : Operation 324 [4/4] (1.87ns)   --->   "%mul_ln73_63 = mul i24 %sext_ln73_65, i24 %sext_ln73_66" [firmware/nnet_utils/nnet_mult.h:73->firmware/nnet_utils/nnet_dense_resource.h:145]   --->   Operation 324 'mul' 'mul_ln73_63' <Predicate = true> <Delay = 1.87> <CoreInst = "Multiplier">   --->   Core 3 'Multiplier' <Latency = 3> <II = 1> <Delay = 1.87> <FuncUnit> <Opcode : 'mul'> <InPorts = 2> <OutPorts = 1>

State 5 <SV = 4> <Delay = 1.87>
ST_5 : Operation 325 [3/4] (1.87ns)   --->   "%mul_ln73 = mul i25 %sext_ln73_2, i25 %sext_ln73" [firmware/nnet_utils/nnet_mult.h:73->firmware/nnet_utils/nnet_dense_resource.h:145]   --->   Operation 325 'mul' 'mul_ln73' <Predicate = true> <Delay = 1.87> <CoreInst = "Multiplier">   --->   Core 3 'Multiplier' <Latency = 3> <II = 1> <Delay = 1.87> <FuncUnit> <Opcode : 'mul'> <InPorts = 2> <OutPorts = 1>
ST_5 : Operation 326 [3/4] (1.87ns)   --->   "%mul_ln73_1 = mul i25 %sext_ln73_2, i25 %sext_ln73_3" [firmware/nnet_utils/nnet_mult.h:73->firmware/nnet_utils/nnet_dense_resource.h:145]   --->   Operation 326 'mul' 'mul_ln73_1' <Predicate = true> <Delay = 1.87> <CoreInst = "Multiplier">   --->   Core 3 'Multiplier' <Latency = 3> <II = 1> <Delay = 1.87> <FuncUnit> <Opcode : 'mul'> <InPorts = 2> <OutPorts = 1>
ST_5 : Operation 327 [3/4] (1.87ns)   --->   "%mul_ln73_2 = mul i25 %sext_ln73_2, i25 %sext_ln73_4" [firmware/nnet_utils/nnet_mult.h:73->firmware/nnet_utils/nnet_dense_resource.h:145]   --->   Operation 327 'mul' 'mul_ln73_2' <Predicate = true> <Delay = 1.87> <CoreInst = "Multiplier">   --->   Core 3 'Multiplier' <Latency = 3> <II = 1> <Delay = 1.87> <FuncUnit> <Opcode : 'mul'> <InPorts = 2> <OutPorts = 1>
ST_5 : Operation 328 [3/4] (1.87ns)   --->   "%mul_ln73_3 = mul i25 %sext_ln73_2, i25 %sext_ln73_5" [firmware/nnet_utils/nnet_mult.h:73->firmware/nnet_utils/nnet_dense_resource.h:145]   --->   Operation 328 'mul' 'mul_ln73_3' <Predicate = true> <Delay = 1.87> <CoreInst = "Multiplier">   --->   Core 3 'Multiplier' <Latency = 3> <II = 1> <Delay = 1.87> <FuncUnit> <Opcode : 'mul'> <InPorts = 2> <OutPorts = 1>
ST_5 : Operation 329 [3/4] (1.87ns)   --->   "%mul_ln73_4 = mul i25 %sext_ln73_2, i25 %sext_ln73_6" [firmware/nnet_utils/nnet_mult.h:73->firmware/nnet_utils/nnet_dense_resource.h:145]   --->   Operation 329 'mul' 'mul_ln73_4' <Predicate = true> <Delay = 1.87> <CoreInst = "Multiplier">   --->   Core 3 'Multiplier' <Latency = 3> <II = 1> <Delay = 1.87> <FuncUnit> <Opcode : 'mul'> <InPorts = 2> <OutPorts = 1>
ST_5 : Operation 330 [3/4] (1.87ns)   --->   "%mul_ln73_5 = mul i25 %sext_ln73_2, i25 %sext_ln73_7" [firmware/nnet_utils/nnet_mult.h:73->firmware/nnet_utils/nnet_dense_resource.h:145]   --->   Operation 330 'mul' 'mul_ln73_5' <Predicate = true> <Delay = 1.87> <CoreInst = "Multiplier">   --->   Core 3 'Multiplier' <Latency = 3> <II = 1> <Delay = 1.87> <FuncUnit> <Opcode : 'mul'> <InPorts = 2> <OutPorts = 1>
ST_5 : Operation 331 [3/4] (1.87ns)   --->   "%mul_ln73_6 = mul i25 %sext_ln73_2, i25 %sext_ln73_8" [firmware/nnet_utils/nnet_mult.h:73->firmware/nnet_utils/nnet_dense_resource.h:145]   --->   Operation 331 'mul' 'mul_ln73_6' <Predicate = true> <Delay = 1.87> <CoreInst = "Multiplier">   --->   Core 3 'Multiplier' <Latency = 3> <II = 1> <Delay = 1.87> <FuncUnit> <Opcode : 'mul'> <InPorts = 2> <OutPorts = 1>
ST_5 : Operation 332 [3/4] (1.87ns)   --->   "%mul_ln73_7 = mul i25 %sext_ln73_2, i25 %sext_ln73_9" [firmware/nnet_utils/nnet_mult.h:73->firmware/nnet_utils/nnet_dense_resource.h:145]   --->   Operation 332 'mul' 'mul_ln73_7' <Predicate = true> <Delay = 1.87> <CoreInst = "Multiplier">   --->   Core 3 'Multiplier' <Latency = 3> <II = 1> <Delay = 1.87> <FuncUnit> <Opcode : 'mul'> <InPorts = 2> <OutPorts = 1>
ST_5 : Operation 333 [3/4] (1.87ns)   --->   "%mul_ln73_8 = mul i25 %sext_ln73_2, i25 %sext_ln73_10" [firmware/nnet_utils/nnet_mult.h:73->firmware/nnet_utils/nnet_dense_resource.h:145]   --->   Operation 333 'mul' 'mul_ln73_8' <Predicate = true> <Delay = 1.87> <CoreInst = "Multiplier">   --->   Core 3 'Multiplier' <Latency = 3> <II = 1> <Delay = 1.87> <FuncUnit> <Opcode : 'mul'> <InPorts = 2> <OutPorts = 1>
ST_5 : Operation 334 [3/4] (1.87ns)   --->   "%mul_ln73_9 = mul i25 %sext_ln73_2, i25 %sext_ln73_11" [firmware/nnet_utils/nnet_mult.h:73->firmware/nnet_utils/nnet_dense_resource.h:145]   --->   Operation 334 'mul' 'mul_ln73_9' <Predicate = true> <Delay = 1.87> <CoreInst = "Multiplier">   --->   Core 3 'Multiplier' <Latency = 3> <II = 1> <Delay = 1.87> <FuncUnit> <Opcode : 'mul'> <InPorts = 2> <OutPorts = 1>
ST_5 : Operation 335 [3/4] (1.87ns)   --->   "%mul_ln73_10 = mul i25 %sext_ln73_2, i25 %sext_ln73_12" [firmware/nnet_utils/nnet_mult.h:73->firmware/nnet_utils/nnet_dense_resource.h:145]   --->   Operation 335 'mul' 'mul_ln73_10' <Predicate = true> <Delay = 1.87> <CoreInst = "Multiplier">   --->   Core 3 'Multiplier' <Latency = 3> <II = 1> <Delay = 1.87> <FuncUnit> <Opcode : 'mul'> <InPorts = 2> <OutPorts = 1>
ST_5 : Operation 336 [3/4] (1.87ns)   --->   "%mul_ln73_11 = mul i25 %sext_ln73_2, i25 %sext_ln73_13" [firmware/nnet_utils/nnet_mult.h:73->firmware/nnet_utils/nnet_dense_resource.h:145]   --->   Operation 336 'mul' 'mul_ln73_11' <Predicate = true> <Delay = 1.87> <CoreInst = "Multiplier">   --->   Core 3 'Multiplier' <Latency = 3> <II = 1> <Delay = 1.87> <FuncUnit> <Opcode : 'mul'> <InPorts = 2> <OutPorts = 1>
ST_5 : Operation 337 [3/4] (1.87ns)   --->   "%mul_ln73_12 = mul i25 %sext_ln73_2, i25 %sext_ln73_14" [firmware/nnet_utils/nnet_mult.h:73->firmware/nnet_utils/nnet_dense_resource.h:145]   --->   Operation 337 'mul' 'mul_ln73_12' <Predicate = true> <Delay = 1.87> <CoreInst = "Multiplier">   --->   Core 3 'Multiplier' <Latency = 3> <II = 1> <Delay = 1.87> <FuncUnit> <Opcode : 'mul'> <InPorts = 2> <OutPorts = 1>
ST_5 : Operation 338 [3/4] (1.87ns)   --->   "%mul_ln73_13 = mul i25 %sext_ln73_2, i25 %sext_ln73_15" [firmware/nnet_utils/nnet_mult.h:73->firmware/nnet_utils/nnet_dense_resource.h:145]   --->   Operation 338 'mul' 'mul_ln73_13' <Predicate = true> <Delay = 1.87> <CoreInst = "Multiplier">   --->   Core 3 'Multiplier' <Latency = 3> <II = 1> <Delay = 1.87> <FuncUnit> <Opcode : 'mul'> <InPorts = 2> <OutPorts = 1>
ST_5 : Operation 339 [3/4] (1.87ns)   --->   "%mul_ln73_14 = mul i25 %sext_ln73_2, i25 %sext_ln73_16" [firmware/nnet_utils/nnet_mult.h:73->firmware/nnet_utils/nnet_dense_resource.h:145]   --->   Operation 339 'mul' 'mul_ln73_14' <Predicate = true> <Delay = 1.87> <CoreInst = "Multiplier">   --->   Core 3 'Multiplier' <Latency = 3> <II = 1> <Delay = 1.87> <FuncUnit> <Opcode : 'mul'> <InPorts = 2> <OutPorts = 1>
ST_5 : Operation 340 [3/4] (1.87ns)   --->   "%mul_ln73_15 = mul i25 %sext_ln73_2, i25 %sext_ln73_17" [firmware/nnet_utils/nnet_mult.h:73->firmware/nnet_utils/nnet_dense_resource.h:145]   --->   Operation 340 'mul' 'mul_ln73_15' <Predicate = true> <Delay = 1.87> <CoreInst = "Multiplier">   --->   Core 3 'Multiplier' <Latency = 3> <II = 1> <Delay = 1.87> <FuncUnit> <Opcode : 'mul'> <InPorts = 2> <OutPorts = 1>
ST_5 : Operation 341 [3/4] (1.87ns)   --->   "%mul_ln73_16 = mul i25 %sext_ln73_2, i25 %sext_ln73_18" [firmware/nnet_utils/nnet_mult.h:73->firmware/nnet_utils/nnet_dense_resource.h:145]   --->   Operation 341 'mul' 'mul_ln73_16' <Predicate = true> <Delay = 1.87> <CoreInst = "Multiplier">   --->   Core 3 'Multiplier' <Latency = 3> <II = 1> <Delay = 1.87> <FuncUnit> <Opcode : 'mul'> <InPorts = 2> <OutPorts = 1>
ST_5 : Operation 342 [3/4] (1.87ns)   --->   "%mul_ln73_17 = mul i25 %sext_ln73_2, i25 %sext_ln73_19" [firmware/nnet_utils/nnet_mult.h:73->firmware/nnet_utils/nnet_dense_resource.h:145]   --->   Operation 342 'mul' 'mul_ln73_17' <Predicate = true> <Delay = 1.87> <CoreInst = "Multiplier">   --->   Core 3 'Multiplier' <Latency = 3> <II = 1> <Delay = 1.87> <FuncUnit> <Opcode : 'mul'> <InPorts = 2> <OutPorts = 1>
ST_5 : Operation 343 [3/4] (1.87ns)   --->   "%mul_ln73_18 = mul i25 %sext_ln73_2, i25 %sext_ln73_20" [firmware/nnet_utils/nnet_mult.h:73->firmware/nnet_utils/nnet_dense_resource.h:145]   --->   Operation 343 'mul' 'mul_ln73_18' <Predicate = true> <Delay = 1.87> <CoreInst = "Multiplier">   --->   Core 3 'Multiplier' <Latency = 3> <II = 1> <Delay = 1.87> <FuncUnit> <Opcode : 'mul'> <InPorts = 2> <OutPorts = 1>
ST_5 : Operation 344 [3/4] (1.87ns)   --->   "%mul_ln73_19 = mul i25 %sext_ln73_2, i25 %sext_ln73_21" [firmware/nnet_utils/nnet_mult.h:73->firmware/nnet_utils/nnet_dense_resource.h:145]   --->   Operation 344 'mul' 'mul_ln73_19' <Predicate = true> <Delay = 1.87> <CoreInst = "Multiplier">   --->   Core 3 'Multiplier' <Latency = 3> <II = 1> <Delay = 1.87> <FuncUnit> <Opcode : 'mul'> <InPorts = 2> <OutPorts = 1>
ST_5 : Operation 345 [3/4] (1.87ns)   --->   "%mul_ln73_20 = mul i25 %sext_ln73_2, i25 %sext_ln73_22" [firmware/nnet_utils/nnet_mult.h:73->firmware/nnet_utils/nnet_dense_resource.h:145]   --->   Operation 345 'mul' 'mul_ln73_20' <Predicate = true> <Delay = 1.87> <CoreInst = "Multiplier">   --->   Core 3 'Multiplier' <Latency = 3> <II = 1> <Delay = 1.87> <FuncUnit> <Opcode : 'mul'> <InPorts = 2> <OutPorts = 1>
ST_5 : Operation 346 [3/4] (1.87ns)   --->   "%mul_ln73_21 = mul i25 %sext_ln73_2, i25 %sext_ln73_23" [firmware/nnet_utils/nnet_mult.h:73->firmware/nnet_utils/nnet_dense_resource.h:145]   --->   Operation 346 'mul' 'mul_ln73_21' <Predicate = true> <Delay = 1.87> <CoreInst = "Multiplier">   --->   Core 3 'Multiplier' <Latency = 3> <II = 1> <Delay = 1.87> <FuncUnit> <Opcode : 'mul'> <InPorts = 2> <OutPorts = 1>
ST_5 : Operation 347 [3/4] (1.87ns)   --->   "%mul_ln73_22 = mul i25 %sext_ln73_2, i25 %sext_ln73_24" [firmware/nnet_utils/nnet_mult.h:73->firmware/nnet_utils/nnet_dense_resource.h:145]   --->   Operation 347 'mul' 'mul_ln73_22' <Predicate = true> <Delay = 1.87> <CoreInst = "Multiplier">   --->   Core 3 'Multiplier' <Latency = 3> <II = 1> <Delay = 1.87> <FuncUnit> <Opcode : 'mul'> <InPorts = 2> <OutPorts = 1>
ST_5 : Operation 348 [3/4] (1.87ns)   --->   "%mul_ln73_23 = mul i25 %sext_ln73_2, i25 %sext_ln73_25" [firmware/nnet_utils/nnet_mult.h:73->firmware/nnet_utils/nnet_dense_resource.h:145]   --->   Operation 348 'mul' 'mul_ln73_23' <Predicate = true> <Delay = 1.87> <CoreInst = "Multiplier">   --->   Core 3 'Multiplier' <Latency = 3> <II = 1> <Delay = 1.87> <FuncUnit> <Opcode : 'mul'> <InPorts = 2> <OutPorts = 1>
ST_5 : Operation 349 [3/4] (1.87ns)   --->   "%mul_ln73_24 = mul i25 %sext_ln73_2, i25 %sext_ln73_26" [firmware/nnet_utils/nnet_mult.h:73->firmware/nnet_utils/nnet_dense_resource.h:145]   --->   Operation 349 'mul' 'mul_ln73_24' <Predicate = true> <Delay = 1.87> <CoreInst = "Multiplier">   --->   Core 3 'Multiplier' <Latency = 3> <II = 1> <Delay = 1.87> <FuncUnit> <Opcode : 'mul'> <InPorts = 2> <OutPorts = 1>
ST_5 : Operation 350 [3/4] (1.87ns)   --->   "%mul_ln73_25 = mul i25 %sext_ln73_2, i25 %sext_ln73_27" [firmware/nnet_utils/nnet_mult.h:73->firmware/nnet_utils/nnet_dense_resource.h:145]   --->   Operation 350 'mul' 'mul_ln73_25' <Predicate = true> <Delay = 1.87> <CoreInst = "Multiplier">   --->   Core 3 'Multiplier' <Latency = 3> <II = 1> <Delay = 1.87> <FuncUnit> <Opcode : 'mul'> <InPorts = 2> <OutPorts = 1>
ST_5 : Operation 351 [3/4] (1.87ns)   --->   "%mul_ln73_26 = mul i25 %sext_ln73_2, i25 %sext_ln73_28" [firmware/nnet_utils/nnet_mult.h:73->firmware/nnet_utils/nnet_dense_resource.h:145]   --->   Operation 351 'mul' 'mul_ln73_26' <Predicate = true> <Delay = 1.87> <CoreInst = "Multiplier">   --->   Core 3 'Multiplier' <Latency = 3> <II = 1> <Delay = 1.87> <FuncUnit> <Opcode : 'mul'> <InPorts = 2> <OutPorts = 1>
ST_5 : Operation 352 [3/4] (1.87ns)   --->   "%mul_ln73_27 = mul i25 %sext_ln73_2, i25 %sext_ln73_29" [firmware/nnet_utils/nnet_mult.h:73->firmware/nnet_utils/nnet_dense_resource.h:145]   --->   Operation 352 'mul' 'mul_ln73_27' <Predicate = true> <Delay = 1.87> <CoreInst = "Multiplier">   --->   Core 3 'Multiplier' <Latency = 3> <II = 1> <Delay = 1.87> <FuncUnit> <Opcode : 'mul'> <InPorts = 2> <OutPorts = 1>
ST_5 : Operation 353 [3/4] (1.87ns)   --->   "%mul_ln73_28 = mul i25 %sext_ln73_2, i25 %sext_ln73_30" [firmware/nnet_utils/nnet_mult.h:73->firmware/nnet_utils/nnet_dense_resource.h:145]   --->   Operation 353 'mul' 'mul_ln73_28' <Predicate = true> <Delay = 1.87> <CoreInst = "Multiplier">   --->   Core 3 'Multiplier' <Latency = 3> <II = 1> <Delay = 1.87> <FuncUnit> <Opcode : 'mul'> <InPorts = 2> <OutPorts = 1>
ST_5 : Operation 354 [3/4] (1.87ns)   --->   "%mul_ln73_29 = mul i25 %sext_ln73_2, i25 %sext_ln73_31" [firmware/nnet_utils/nnet_mult.h:73->firmware/nnet_utils/nnet_dense_resource.h:145]   --->   Operation 354 'mul' 'mul_ln73_29' <Predicate = true> <Delay = 1.87> <CoreInst = "Multiplier">   --->   Core 3 'Multiplier' <Latency = 3> <II = 1> <Delay = 1.87> <FuncUnit> <Opcode : 'mul'> <InPorts = 2> <OutPorts = 1>
ST_5 : Operation 355 [3/4] (1.87ns)   --->   "%mul_ln73_30 = mul i25 %sext_ln73_2, i25 %sext_ln73_32" [firmware/nnet_utils/nnet_mult.h:73->firmware/nnet_utils/nnet_dense_resource.h:145]   --->   Operation 355 'mul' 'mul_ln73_30' <Predicate = true> <Delay = 1.87> <CoreInst = "Multiplier">   --->   Core 3 'Multiplier' <Latency = 3> <II = 1> <Delay = 1.87> <FuncUnit> <Opcode : 'mul'> <InPorts = 2> <OutPorts = 1>
ST_5 : Operation 356 [3/4] (1.87ns)   --->   "%mul_ln73_31 = mul i25 %sext_ln73_2, i25 %sext_ln73_33" [firmware/nnet_utils/nnet_mult.h:73->firmware/nnet_utils/nnet_dense_resource.h:145]   --->   Operation 356 'mul' 'mul_ln73_31' <Predicate = true> <Delay = 1.87> <CoreInst = "Multiplier">   --->   Core 3 'Multiplier' <Latency = 3> <II = 1> <Delay = 1.87> <FuncUnit> <Opcode : 'mul'> <InPorts = 2> <OutPorts = 1>
ST_5 : Operation 357 [3/4] (1.87ns)   --->   "%mul_ln73_32 = mul i25 %sext_ln73_2, i25 %sext_ln73_34" [firmware/nnet_utils/nnet_mult.h:73->firmware/nnet_utils/nnet_dense_resource.h:145]   --->   Operation 357 'mul' 'mul_ln73_32' <Predicate = true> <Delay = 1.87> <CoreInst = "Multiplier">   --->   Core 3 'Multiplier' <Latency = 3> <II = 1> <Delay = 1.87> <FuncUnit> <Opcode : 'mul'> <InPorts = 2> <OutPorts = 1>
ST_5 : Operation 358 [3/4] (1.87ns)   --->   "%mul_ln73_33 = mul i25 %sext_ln73_2, i25 %sext_ln73_35" [firmware/nnet_utils/nnet_mult.h:73->firmware/nnet_utils/nnet_dense_resource.h:145]   --->   Operation 358 'mul' 'mul_ln73_33' <Predicate = true> <Delay = 1.87> <CoreInst = "Multiplier">   --->   Core 3 'Multiplier' <Latency = 3> <II = 1> <Delay = 1.87> <FuncUnit> <Opcode : 'mul'> <InPorts = 2> <OutPorts = 1>
ST_5 : Operation 359 [3/4] (1.87ns)   --->   "%mul_ln73_34 = mul i25 %sext_ln73_2, i25 %sext_ln73_36" [firmware/nnet_utils/nnet_mult.h:73->firmware/nnet_utils/nnet_dense_resource.h:145]   --->   Operation 359 'mul' 'mul_ln73_34' <Predicate = true> <Delay = 1.87> <CoreInst = "Multiplier">   --->   Core 3 'Multiplier' <Latency = 3> <II = 1> <Delay = 1.87> <FuncUnit> <Opcode : 'mul'> <InPorts = 2> <OutPorts = 1>
ST_5 : Operation 360 [3/4] (1.87ns)   --->   "%mul_ln73_35 = mul i25 %sext_ln73_2, i25 %sext_ln73_37" [firmware/nnet_utils/nnet_mult.h:73->firmware/nnet_utils/nnet_dense_resource.h:145]   --->   Operation 360 'mul' 'mul_ln73_35' <Predicate = true> <Delay = 1.87> <CoreInst = "Multiplier">   --->   Core 3 'Multiplier' <Latency = 3> <II = 1> <Delay = 1.87> <FuncUnit> <Opcode : 'mul'> <InPorts = 2> <OutPorts = 1>
ST_5 : Operation 361 [3/4] (1.87ns)   --->   "%mul_ln73_36 = mul i25 %sext_ln73_2, i25 %sext_ln73_38" [firmware/nnet_utils/nnet_mult.h:73->firmware/nnet_utils/nnet_dense_resource.h:145]   --->   Operation 361 'mul' 'mul_ln73_36' <Predicate = true> <Delay = 1.87> <CoreInst = "Multiplier">   --->   Core 3 'Multiplier' <Latency = 3> <II = 1> <Delay = 1.87> <FuncUnit> <Opcode : 'mul'> <InPorts = 2> <OutPorts = 1>
ST_5 : Operation 362 [3/4] (1.87ns)   --->   "%mul_ln73_37 = mul i25 %sext_ln73_2, i25 %sext_ln73_39" [firmware/nnet_utils/nnet_mult.h:73->firmware/nnet_utils/nnet_dense_resource.h:145]   --->   Operation 362 'mul' 'mul_ln73_37' <Predicate = true> <Delay = 1.87> <CoreInst = "Multiplier">   --->   Core 3 'Multiplier' <Latency = 3> <II = 1> <Delay = 1.87> <FuncUnit> <Opcode : 'mul'> <InPorts = 2> <OutPorts = 1>
ST_5 : Operation 363 [3/4] (1.87ns)   --->   "%mul_ln73_38 = mul i25 %sext_ln73_2, i25 %sext_ln73_40" [firmware/nnet_utils/nnet_mult.h:73->firmware/nnet_utils/nnet_dense_resource.h:145]   --->   Operation 363 'mul' 'mul_ln73_38' <Predicate = true> <Delay = 1.87> <CoreInst = "Multiplier">   --->   Core 3 'Multiplier' <Latency = 3> <II = 1> <Delay = 1.87> <FuncUnit> <Opcode : 'mul'> <InPorts = 2> <OutPorts = 1>
ST_5 : Operation 364 [3/4] (1.87ns)   --->   "%mul_ln73_39 = mul i25 %sext_ln73_2, i25 %sext_ln73_41" [firmware/nnet_utils/nnet_mult.h:73->firmware/nnet_utils/nnet_dense_resource.h:145]   --->   Operation 364 'mul' 'mul_ln73_39' <Predicate = true> <Delay = 1.87> <CoreInst = "Multiplier">   --->   Core 3 'Multiplier' <Latency = 3> <II = 1> <Delay = 1.87> <FuncUnit> <Opcode : 'mul'> <InPorts = 2> <OutPorts = 1>
ST_5 : Operation 365 [3/4] (1.87ns)   --->   "%mul_ln73_40 = mul i25 %sext_ln73_2, i25 %sext_ln73_42" [firmware/nnet_utils/nnet_mult.h:73->firmware/nnet_utils/nnet_dense_resource.h:145]   --->   Operation 365 'mul' 'mul_ln73_40' <Predicate = true> <Delay = 1.87> <CoreInst = "Multiplier">   --->   Core 3 'Multiplier' <Latency = 3> <II = 1> <Delay = 1.87> <FuncUnit> <Opcode : 'mul'> <InPorts = 2> <OutPorts = 1>
ST_5 : Operation 366 [3/4] (1.87ns)   --->   "%mul_ln73_41 = mul i25 %sext_ln73_2, i25 %sext_ln73_43" [firmware/nnet_utils/nnet_mult.h:73->firmware/nnet_utils/nnet_dense_resource.h:145]   --->   Operation 366 'mul' 'mul_ln73_41' <Predicate = true> <Delay = 1.87> <CoreInst = "Multiplier">   --->   Core 3 'Multiplier' <Latency = 3> <II = 1> <Delay = 1.87> <FuncUnit> <Opcode : 'mul'> <InPorts = 2> <OutPorts = 1>
ST_5 : Operation 367 [3/4] (1.87ns)   --->   "%mul_ln73_42 = mul i25 %sext_ln73_2, i25 %sext_ln73_44" [firmware/nnet_utils/nnet_mult.h:73->firmware/nnet_utils/nnet_dense_resource.h:145]   --->   Operation 367 'mul' 'mul_ln73_42' <Predicate = true> <Delay = 1.87> <CoreInst = "Multiplier">   --->   Core 3 'Multiplier' <Latency = 3> <II = 1> <Delay = 1.87> <FuncUnit> <Opcode : 'mul'> <InPorts = 2> <OutPorts = 1>
ST_5 : Operation 368 [3/4] (1.87ns)   --->   "%mul_ln73_43 = mul i25 %sext_ln73_2, i25 %sext_ln73_45" [firmware/nnet_utils/nnet_mult.h:73->firmware/nnet_utils/nnet_dense_resource.h:145]   --->   Operation 368 'mul' 'mul_ln73_43' <Predicate = true> <Delay = 1.87> <CoreInst = "Multiplier">   --->   Core 3 'Multiplier' <Latency = 3> <II = 1> <Delay = 1.87> <FuncUnit> <Opcode : 'mul'> <InPorts = 2> <OutPorts = 1>
ST_5 : Operation 369 [3/4] (1.87ns)   --->   "%mul_ln73_44 = mul i25 %sext_ln73_2, i25 %sext_ln73_46" [firmware/nnet_utils/nnet_mult.h:73->firmware/nnet_utils/nnet_dense_resource.h:145]   --->   Operation 369 'mul' 'mul_ln73_44' <Predicate = true> <Delay = 1.87> <CoreInst = "Multiplier">   --->   Core 3 'Multiplier' <Latency = 3> <II = 1> <Delay = 1.87> <FuncUnit> <Opcode : 'mul'> <InPorts = 2> <OutPorts = 1>
ST_5 : Operation 370 [3/4] (1.87ns)   --->   "%mul_ln73_45 = mul i25 %sext_ln73_2, i25 %sext_ln73_47" [firmware/nnet_utils/nnet_mult.h:73->firmware/nnet_utils/nnet_dense_resource.h:145]   --->   Operation 370 'mul' 'mul_ln73_45' <Predicate = true> <Delay = 1.87> <CoreInst = "Multiplier">   --->   Core 3 'Multiplier' <Latency = 3> <II = 1> <Delay = 1.87> <FuncUnit> <Opcode : 'mul'> <InPorts = 2> <OutPorts = 1>
ST_5 : Operation 371 [3/4] (1.87ns)   --->   "%mul_ln73_46 = mul i25 %sext_ln73_2, i25 %sext_ln73_48" [firmware/nnet_utils/nnet_mult.h:73->firmware/nnet_utils/nnet_dense_resource.h:145]   --->   Operation 371 'mul' 'mul_ln73_46' <Predicate = true> <Delay = 1.87> <CoreInst = "Multiplier">   --->   Core 3 'Multiplier' <Latency = 3> <II = 1> <Delay = 1.87> <FuncUnit> <Opcode : 'mul'> <InPorts = 2> <OutPorts = 1>
ST_5 : Operation 372 [3/4] (1.87ns)   --->   "%mul_ln73_47 = mul i25 %sext_ln73_2, i25 %sext_ln73_49" [firmware/nnet_utils/nnet_mult.h:73->firmware/nnet_utils/nnet_dense_resource.h:145]   --->   Operation 372 'mul' 'mul_ln73_47' <Predicate = true> <Delay = 1.87> <CoreInst = "Multiplier">   --->   Core 3 'Multiplier' <Latency = 3> <II = 1> <Delay = 1.87> <FuncUnit> <Opcode : 'mul'> <InPorts = 2> <OutPorts = 1>
ST_5 : Operation 373 [3/4] (1.87ns)   --->   "%mul_ln73_48 = mul i25 %sext_ln73_2, i25 %sext_ln73_50" [firmware/nnet_utils/nnet_mult.h:73->firmware/nnet_utils/nnet_dense_resource.h:145]   --->   Operation 373 'mul' 'mul_ln73_48' <Predicate = true> <Delay = 1.87> <CoreInst = "Multiplier">   --->   Core 3 'Multiplier' <Latency = 3> <II = 1> <Delay = 1.87> <FuncUnit> <Opcode : 'mul'> <InPorts = 2> <OutPorts = 1>
ST_5 : Operation 374 [3/4] (1.87ns)   --->   "%mul_ln73_49 = mul i25 %sext_ln73_2, i25 %sext_ln73_51" [firmware/nnet_utils/nnet_mult.h:73->firmware/nnet_utils/nnet_dense_resource.h:145]   --->   Operation 374 'mul' 'mul_ln73_49' <Predicate = true> <Delay = 1.87> <CoreInst = "Multiplier">   --->   Core 3 'Multiplier' <Latency = 3> <II = 1> <Delay = 1.87> <FuncUnit> <Opcode : 'mul'> <InPorts = 2> <OutPorts = 1>
ST_5 : Operation 375 [3/4] (1.87ns)   --->   "%mul_ln73_50 = mul i25 %sext_ln73_2, i25 %sext_ln73_52" [firmware/nnet_utils/nnet_mult.h:73->firmware/nnet_utils/nnet_dense_resource.h:145]   --->   Operation 375 'mul' 'mul_ln73_50' <Predicate = true> <Delay = 1.87> <CoreInst = "Multiplier">   --->   Core 3 'Multiplier' <Latency = 3> <II = 1> <Delay = 1.87> <FuncUnit> <Opcode : 'mul'> <InPorts = 2> <OutPorts = 1>
ST_5 : Operation 376 [3/4] (1.87ns)   --->   "%mul_ln73_51 = mul i25 %sext_ln73_2, i25 %sext_ln73_53" [firmware/nnet_utils/nnet_mult.h:73->firmware/nnet_utils/nnet_dense_resource.h:145]   --->   Operation 376 'mul' 'mul_ln73_51' <Predicate = true> <Delay = 1.87> <CoreInst = "Multiplier">   --->   Core 3 'Multiplier' <Latency = 3> <II = 1> <Delay = 1.87> <FuncUnit> <Opcode : 'mul'> <InPorts = 2> <OutPorts = 1>
ST_5 : Operation 377 [3/4] (1.87ns)   --->   "%mul_ln73_52 = mul i25 %sext_ln73_2, i25 %sext_ln73_54" [firmware/nnet_utils/nnet_mult.h:73->firmware/nnet_utils/nnet_dense_resource.h:145]   --->   Operation 377 'mul' 'mul_ln73_52' <Predicate = true> <Delay = 1.87> <CoreInst = "Multiplier">   --->   Core 3 'Multiplier' <Latency = 3> <II = 1> <Delay = 1.87> <FuncUnit> <Opcode : 'mul'> <InPorts = 2> <OutPorts = 1>
ST_5 : Operation 378 [3/4] (1.87ns)   --->   "%mul_ln73_53 = mul i25 %sext_ln73_2, i25 %sext_ln73_55" [firmware/nnet_utils/nnet_mult.h:73->firmware/nnet_utils/nnet_dense_resource.h:145]   --->   Operation 378 'mul' 'mul_ln73_53' <Predicate = true> <Delay = 1.87> <CoreInst = "Multiplier">   --->   Core 3 'Multiplier' <Latency = 3> <II = 1> <Delay = 1.87> <FuncUnit> <Opcode : 'mul'> <InPorts = 2> <OutPorts = 1>
ST_5 : Operation 379 [3/4] (1.87ns)   --->   "%mul_ln73_54 = mul i25 %sext_ln73_2, i25 %sext_ln73_56" [firmware/nnet_utils/nnet_mult.h:73->firmware/nnet_utils/nnet_dense_resource.h:145]   --->   Operation 379 'mul' 'mul_ln73_54' <Predicate = true> <Delay = 1.87> <CoreInst = "Multiplier">   --->   Core 3 'Multiplier' <Latency = 3> <II = 1> <Delay = 1.87> <FuncUnit> <Opcode : 'mul'> <InPorts = 2> <OutPorts = 1>
ST_5 : Operation 380 [3/4] (1.87ns)   --->   "%mul_ln73_55 = mul i25 %sext_ln73_2, i25 %sext_ln73_57" [firmware/nnet_utils/nnet_mult.h:73->firmware/nnet_utils/nnet_dense_resource.h:145]   --->   Operation 380 'mul' 'mul_ln73_55' <Predicate = true> <Delay = 1.87> <CoreInst = "Multiplier">   --->   Core 3 'Multiplier' <Latency = 3> <II = 1> <Delay = 1.87> <FuncUnit> <Opcode : 'mul'> <InPorts = 2> <OutPorts = 1>
ST_5 : Operation 381 [3/4] (1.87ns)   --->   "%mul_ln73_56 = mul i25 %sext_ln73_2, i25 %sext_ln73_58" [firmware/nnet_utils/nnet_mult.h:73->firmware/nnet_utils/nnet_dense_resource.h:145]   --->   Operation 381 'mul' 'mul_ln73_56' <Predicate = true> <Delay = 1.87> <CoreInst = "Multiplier">   --->   Core 3 'Multiplier' <Latency = 3> <II = 1> <Delay = 1.87> <FuncUnit> <Opcode : 'mul'> <InPorts = 2> <OutPorts = 1>
ST_5 : Operation 382 [3/4] (1.87ns)   --->   "%mul_ln73_57 = mul i25 %sext_ln73_2, i25 %sext_ln73_59" [firmware/nnet_utils/nnet_mult.h:73->firmware/nnet_utils/nnet_dense_resource.h:145]   --->   Operation 382 'mul' 'mul_ln73_57' <Predicate = true> <Delay = 1.87> <CoreInst = "Multiplier">   --->   Core 3 'Multiplier' <Latency = 3> <II = 1> <Delay = 1.87> <FuncUnit> <Opcode : 'mul'> <InPorts = 2> <OutPorts = 1>
ST_5 : Operation 383 [3/4] (1.87ns)   --->   "%mul_ln73_58 = mul i25 %sext_ln73_2, i25 %sext_ln73_60" [firmware/nnet_utils/nnet_mult.h:73->firmware/nnet_utils/nnet_dense_resource.h:145]   --->   Operation 383 'mul' 'mul_ln73_58' <Predicate = true> <Delay = 1.87> <CoreInst = "Multiplier">   --->   Core 3 'Multiplier' <Latency = 3> <II = 1> <Delay = 1.87> <FuncUnit> <Opcode : 'mul'> <InPorts = 2> <OutPorts = 1>
ST_5 : Operation 384 [3/4] (1.87ns)   --->   "%mul_ln73_59 = mul i25 %sext_ln73_2, i25 %sext_ln73_61" [firmware/nnet_utils/nnet_mult.h:73->firmware/nnet_utils/nnet_dense_resource.h:145]   --->   Operation 384 'mul' 'mul_ln73_59' <Predicate = true> <Delay = 1.87> <CoreInst = "Multiplier">   --->   Core 3 'Multiplier' <Latency = 3> <II = 1> <Delay = 1.87> <FuncUnit> <Opcode : 'mul'> <InPorts = 2> <OutPorts = 1>
ST_5 : Operation 385 [3/4] (1.87ns)   --->   "%mul_ln73_60 = mul i25 %sext_ln73_2, i25 %sext_ln73_62" [firmware/nnet_utils/nnet_mult.h:73->firmware/nnet_utils/nnet_dense_resource.h:145]   --->   Operation 385 'mul' 'mul_ln73_60' <Predicate = true> <Delay = 1.87> <CoreInst = "Multiplier">   --->   Core 3 'Multiplier' <Latency = 3> <II = 1> <Delay = 1.87> <FuncUnit> <Opcode : 'mul'> <InPorts = 2> <OutPorts = 1>
ST_5 : Operation 386 [3/4] (1.87ns)   --->   "%mul_ln73_61 = mul i25 %sext_ln73_2, i25 %sext_ln73_63" [firmware/nnet_utils/nnet_mult.h:73->firmware/nnet_utils/nnet_dense_resource.h:145]   --->   Operation 386 'mul' 'mul_ln73_61' <Predicate = true> <Delay = 1.87> <CoreInst = "Multiplier">   --->   Core 3 'Multiplier' <Latency = 3> <II = 1> <Delay = 1.87> <FuncUnit> <Opcode : 'mul'> <InPorts = 2> <OutPorts = 1>
ST_5 : Operation 387 [3/4] (1.87ns)   --->   "%mul_ln73_62 = mul i25 %sext_ln73_2, i25 %sext_ln73_64" [firmware/nnet_utils/nnet_mult.h:73->firmware/nnet_utils/nnet_dense_resource.h:145]   --->   Operation 387 'mul' 'mul_ln73_62' <Predicate = true> <Delay = 1.87> <CoreInst = "Multiplier">   --->   Core 3 'Multiplier' <Latency = 3> <II = 1> <Delay = 1.87> <FuncUnit> <Opcode : 'mul'> <InPorts = 2> <OutPorts = 1>
ST_5 : Operation 388 [3/4] (1.87ns)   --->   "%mul_ln73_63 = mul i24 %sext_ln73_65, i24 %sext_ln73_66" [firmware/nnet_utils/nnet_mult.h:73->firmware/nnet_utils/nnet_dense_resource.h:145]   --->   Operation 388 'mul' 'mul_ln73_63' <Predicate = true> <Delay = 1.87> <CoreInst = "Multiplier">   --->   Core 3 'Multiplier' <Latency = 3> <II = 1> <Delay = 1.87> <FuncUnit> <Opcode : 'mul'> <InPorts = 2> <OutPorts = 1>

State 6 <SV = 5> <Delay = 1.87>
ST_6 : Operation 389 [2/4] (1.87ns)   --->   "%mul_ln73 = mul i25 %sext_ln73_2, i25 %sext_ln73" [firmware/nnet_utils/nnet_mult.h:73->firmware/nnet_utils/nnet_dense_resource.h:145]   --->   Operation 389 'mul' 'mul_ln73' <Predicate = true> <Delay = 1.87> <CoreInst = "Multiplier">   --->   Core 3 'Multiplier' <Latency = 3> <II = 1> <Delay = 1.87> <FuncUnit> <Opcode : 'mul'> <InPorts = 2> <OutPorts = 1>
ST_6 : Operation 390 [2/4] (1.87ns)   --->   "%mul_ln73_1 = mul i25 %sext_ln73_2, i25 %sext_ln73_3" [firmware/nnet_utils/nnet_mult.h:73->firmware/nnet_utils/nnet_dense_resource.h:145]   --->   Operation 390 'mul' 'mul_ln73_1' <Predicate = true> <Delay = 1.87> <CoreInst = "Multiplier">   --->   Core 3 'Multiplier' <Latency = 3> <II = 1> <Delay = 1.87> <FuncUnit> <Opcode : 'mul'> <InPorts = 2> <OutPorts = 1>
ST_6 : Operation 391 [2/4] (1.87ns)   --->   "%mul_ln73_2 = mul i25 %sext_ln73_2, i25 %sext_ln73_4" [firmware/nnet_utils/nnet_mult.h:73->firmware/nnet_utils/nnet_dense_resource.h:145]   --->   Operation 391 'mul' 'mul_ln73_2' <Predicate = true> <Delay = 1.87> <CoreInst = "Multiplier">   --->   Core 3 'Multiplier' <Latency = 3> <II = 1> <Delay = 1.87> <FuncUnit> <Opcode : 'mul'> <InPorts = 2> <OutPorts = 1>
ST_6 : Operation 392 [2/4] (1.87ns)   --->   "%mul_ln73_3 = mul i25 %sext_ln73_2, i25 %sext_ln73_5" [firmware/nnet_utils/nnet_mult.h:73->firmware/nnet_utils/nnet_dense_resource.h:145]   --->   Operation 392 'mul' 'mul_ln73_3' <Predicate = true> <Delay = 1.87> <CoreInst = "Multiplier">   --->   Core 3 'Multiplier' <Latency = 3> <II = 1> <Delay = 1.87> <FuncUnit> <Opcode : 'mul'> <InPorts = 2> <OutPorts = 1>
ST_6 : Operation 393 [2/4] (1.87ns)   --->   "%mul_ln73_4 = mul i25 %sext_ln73_2, i25 %sext_ln73_6" [firmware/nnet_utils/nnet_mult.h:73->firmware/nnet_utils/nnet_dense_resource.h:145]   --->   Operation 393 'mul' 'mul_ln73_4' <Predicate = true> <Delay = 1.87> <CoreInst = "Multiplier">   --->   Core 3 'Multiplier' <Latency = 3> <II = 1> <Delay = 1.87> <FuncUnit> <Opcode : 'mul'> <InPorts = 2> <OutPorts = 1>
ST_6 : Operation 394 [2/4] (1.87ns)   --->   "%mul_ln73_5 = mul i25 %sext_ln73_2, i25 %sext_ln73_7" [firmware/nnet_utils/nnet_mult.h:73->firmware/nnet_utils/nnet_dense_resource.h:145]   --->   Operation 394 'mul' 'mul_ln73_5' <Predicate = true> <Delay = 1.87> <CoreInst = "Multiplier">   --->   Core 3 'Multiplier' <Latency = 3> <II = 1> <Delay = 1.87> <FuncUnit> <Opcode : 'mul'> <InPorts = 2> <OutPorts = 1>
ST_6 : Operation 395 [2/4] (1.87ns)   --->   "%mul_ln73_6 = mul i25 %sext_ln73_2, i25 %sext_ln73_8" [firmware/nnet_utils/nnet_mult.h:73->firmware/nnet_utils/nnet_dense_resource.h:145]   --->   Operation 395 'mul' 'mul_ln73_6' <Predicate = true> <Delay = 1.87> <CoreInst = "Multiplier">   --->   Core 3 'Multiplier' <Latency = 3> <II = 1> <Delay = 1.87> <FuncUnit> <Opcode : 'mul'> <InPorts = 2> <OutPorts = 1>
ST_6 : Operation 396 [2/4] (1.87ns)   --->   "%mul_ln73_7 = mul i25 %sext_ln73_2, i25 %sext_ln73_9" [firmware/nnet_utils/nnet_mult.h:73->firmware/nnet_utils/nnet_dense_resource.h:145]   --->   Operation 396 'mul' 'mul_ln73_7' <Predicate = true> <Delay = 1.87> <CoreInst = "Multiplier">   --->   Core 3 'Multiplier' <Latency = 3> <II = 1> <Delay = 1.87> <FuncUnit> <Opcode : 'mul'> <InPorts = 2> <OutPorts = 1>
ST_6 : Operation 397 [2/4] (1.87ns)   --->   "%mul_ln73_8 = mul i25 %sext_ln73_2, i25 %sext_ln73_10" [firmware/nnet_utils/nnet_mult.h:73->firmware/nnet_utils/nnet_dense_resource.h:145]   --->   Operation 397 'mul' 'mul_ln73_8' <Predicate = true> <Delay = 1.87> <CoreInst = "Multiplier">   --->   Core 3 'Multiplier' <Latency = 3> <II = 1> <Delay = 1.87> <FuncUnit> <Opcode : 'mul'> <InPorts = 2> <OutPorts = 1>
ST_6 : Operation 398 [2/4] (1.87ns)   --->   "%mul_ln73_9 = mul i25 %sext_ln73_2, i25 %sext_ln73_11" [firmware/nnet_utils/nnet_mult.h:73->firmware/nnet_utils/nnet_dense_resource.h:145]   --->   Operation 398 'mul' 'mul_ln73_9' <Predicate = true> <Delay = 1.87> <CoreInst = "Multiplier">   --->   Core 3 'Multiplier' <Latency = 3> <II = 1> <Delay = 1.87> <FuncUnit> <Opcode : 'mul'> <InPorts = 2> <OutPorts = 1>
ST_6 : Operation 399 [2/4] (1.87ns)   --->   "%mul_ln73_10 = mul i25 %sext_ln73_2, i25 %sext_ln73_12" [firmware/nnet_utils/nnet_mult.h:73->firmware/nnet_utils/nnet_dense_resource.h:145]   --->   Operation 399 'mul' 'mul_ln73_10' <Predicate = true> <Delay = 1.87> <CoreInst = "Multiplier">   --->   Core 3 'Multiplier' <Latency = 3> <II = 1> <Delay = 1.87> <FuncUnit> <Opcode : 'mul'> <InPorts = 2> <OutPorts = 1>
ST_6 : Operation 400 [2/4] (1.87ns)   --->   "%mul_ln73_11 = mul i25 %sext_ln73_2, i25 %sext_ln73_13" [firmware/nnet_utils/nnet_mult.h:73->firmware/nnet_utils/nnet_dense_resource.h:145]   --->   Operation 400 'mul' 'mul_ln73_11' <Predicate = true> <Delay = 1.87> <CoreInst = "Multiplier">   --->   Core 3 'Multiplier' <Latency = 3> <II = 1> <Delay = 1.87> <FuncUnit> <Opcode : 'mul'> <InPorts = 2> <OutPorts = 1>
ST_6 : Operation 401 [2/4] (1.87ns)   --->   "%mul_ln73_12 = mul i25 %sext_ln73_2, i25 %sext_ln73_14" [firmware/nnet_utils/nnet_mult.h:73->firmware/nnet_utils/nnet_dense_resource.h:145]   --->   Operation 401 'mul' 'mul_ln73_12' <Predicate = true> <Delay = 1.87> <CoreInst = "Multiplier">   --->   Core 3 'Multiplier' <Latency = 3> <II = 1> <Delay = 1.87> <FuncUnit> <Opcode : 'mul'> <InPorts = 2> <OutPorts = 1>
ST_6 : Operation 402 [2/4] (1.87ns)   --->   "%mul_ln73_13 = mul i25 %sext_ln73_2, i25 %sext_ln73_15" [firmware/nnet_utils/nnet_mult.h:73->firmware/nnet_utils/nnet_dense_resource.h:145]   --->   Operation 402 'mul' 'mul_ln73_13' <Predicate = true> <Delay = 1.87> <CoreInst = "Multiplier">   --->   Core 3 'Multiplier' <Latency = 3> <II = 1> <Delay = 1.87> <FuncUnit> <Opcode : 'mul'> <InPorts = 2> <OutPorts = 1>
ST_6 : Operation 403 [2/4] (1.87ns)   --->   "%mul_ln73_14 = mul i25 %sext_ln73_2, i25 %sext_ln73_16" [firmware/nnet_utils/nnet_mult.h:73->firmware/nnet_utils/nnet_dense_resource.h:145]   --->   Operation 403 'mul' 'mul_ln73_14' <Predicate = true> <Delay = 1.87> <CoreInst = "Multiplier">   --->   Core 3 'Multiplier' <Latency = 3> <II = 1> <Delay = 1.87> <FuncUnit> <Opcode : 'mul'> <InPorts = 2> <OutPorts = 1>
ST_6 : Operation 404 [2/4] (1.87ns)   --->   "%mul_ln73_15 = mul i25 %sext_ln73_2, i25 %sext_ln73_17" [firmware/nnet_utils/nnet_mult.h:73->firmware/nnet_utils/nnet_dense_resource.h:145]   --->   Operation 404 'mul' 'mul_ln73_15' <Predicate = true> <Delay = 1.87> <CoreInst = "Multiplier">   --->   Core 3 'Multiplier' <Latency = 3> <II = 1> <Delay = 1.87> <FuncUnit> <Opcode : 'mul'> <InPorts = 2> <OutPorts = 1>
ST_6 : Operation 405 [2/4] (1.87ns)   --->   "%mul_ln73_16 = mul i25 %sext_ln73_2, i25 %sext_ln73_18" [firmware/nnet_utils/nnet_mult.h:73->firmware/nnet_utils/nnet_dense_resource.h:145]   --->   Operation 405 'mul' 'mul_ln73_16' <Predicate = true> <Delay = 1.87> <CoreInst = "Multiplier">   --->   Core 3 'Multiplier' <Latency = 3> <II = 1> <Delay = 1.87> <FuncUnit> <Opcode : 'mul'> <InPorts = 2> <OutPorts = 1>
ST_6 : Operation 406 [2/4] (1.87ns)   --->   "%mul_ln73_17 = mul i25 %sext_ln73_2, i25 %sext_ln73_19" [firmware/nnet_utils/nnet_mult.h:73->firmware/nnet_utils/nnet_dense_resource.h:145]   --->   Operation 406 'mul' 'mul_ln73_17' <Predicate = true> <Delay = 1.87> <CoreInst = "Multiplier">   --->   Core 3 'Multiplier' <Latency = 3> <II = 1> <Delay = 1.87> <FuncUnit> <Opcode : 'mul'> <InPorts = 2> <OutPorts = 1>
ST_6 : Operation 407 [2/4] (1.87ns)   --->   "%mul_ln73_18 = mul i25 %sext_ln73_2, i25 %sext_ln73_20" [firmware/nnet_utils/nnet_mult.h:73->firmware/nnet_utils/nnet_dense_resource.h:145]   --->   Operation 407 'mul' 'mul_ln73_18' <Predicate = true> <Delay = 1.87> <CoreInst = "Multiplier">   --->   Core 3 'Multiplier' <Latency = 3> <II = 1> <Delay = 1.87> <FuncUnit> <Opcode : 'mul'> <InPorts = 2> <OutPorts = 1>
ST_6 : Operation 408 [2/4] (1.87ns)   --->   "%mul_ln73_19 = mul i25 %sext_ln73_2, i25 %sext_ln73_21" [firmware/nnet_utils/nnet_mult.h:73->firmware/nnet_utils/nnet_dense_resource.h:145]   --->   Operation 408 'mul' 'mul_ln73_19' <Predicate = true> <Delay = 1.87> <CoreInst = "Multiplier">   --->   Core 3 'Multiplier' <Latency = 3> <II = 1> <Delay = 1.87> <FuncUnit> <Opcode : 'mul'> <InPorts = 2> <OutPorts = 1>
ST_6 : Operation 409 [2/4] (1.87ns)   --->   "%mul_ln73_20 = mul i25 %sext_ln73_2, i25 %sext_ln73_22" [firmware/nnet_utils/nnet_mult.h:73->firmware/nnet_utils/nnet_dense_resource.h:145]   --->   Operation 409 'mul' 'mul_ln73_20' <Predicate = true> <Delay = 1.87> <CoreInst = "Multiplier">   --->   Core 3 'Multiplier' <Latency = 3> <II = 1> <Delay = 1.87> <FuncUnit> <Opcode : 'mul'> <InPorts = 2> <OutPorts = 1>
ST_6 : Operation 410 [2/4] (1.87ns)   --->   "%mul_ln73_21 = mul i25 %sext_ln73_2, i25 %sext_ln73_23" [firmware/nnet_utils/nnet_mult.h:73->firmware/nnet_utils/nnet_dense_resource.h:145]   --->   Operation 410 'mul' 'mul_ln73_21' <Predicate = true> <Delay = 1.87> <CoreInst = "Multiplier">   --->   Core 3 'Multiplier' <Latency = 3> <II = 1> <Delay = 1.87> <FuncUnit> <Opcode : 'mul'> <InPorts = 2> <OutPorts = 1>
ST_6 : Operation 411 [2/4] (1.87ns)   --->   "%mul_ln73_22 = mul i25 %sext_ln73_2, i25 %sext_ln73_24" [firmware/nnet_utils/nnet_mult.h:73->firmware/nnet_utils/nnet_dense_resource.h:145]   --->   Operation 411 'mul' 'mul_ln73_22' <Predicate = true> <Delay = 1.87> <CoreInst = "Multiplier">   --->   Core 3 'Multiplier' <Latency = 3> <II = 1> <Delay = 1.87> <FuncUnit> <Opcode : 'mul'> <InPorts = 2> <OutPorts = 1>
ST_6 : Operation 412 [2/4] (1.87ns)   --->   "%mul_ln73_23 = mul i25 %sext_ln73_2, i25 %sext_ln73_25" [firmware/nnet_utils/nnet_mult.h:73->firmware/nnet_utils/nnet_dense_resource.h:145]   --->   Operation 412 'mul' 'mul_ln73_23' <Predicate = true> <Delay = 1.87> <CoreInst = "Multiplier">   --->   Core 3 'Multiplier' <Latency = 3> <II = 1> <Delay = 1.87> <FuncUnit> <Opcode : 'mul'> <InPorts = 2> <OutPorts = 1>
ST_6 : Operation 413 [2/4] (1.87ns)   --->   "%mul_ln73_24 = mul i25 %sext_ln73_2, i25 %sext_ln73_26" [firmware/nnet_utils/nnet_mult.h:73->firmware/nnet_utils/nnet_dense_resource.h:145]   --->   Operation 413 'mul' 'mul_ln73_24' <Predicate = true> <Delay = 1.87> <CoreInst = "Multiplier">   --->   Core 3 'Multiplier' <Latency = 3> <II = 1> <Delay = 1.87> <FuncUnit> <Opcode : 'mul'> <InPorts = 2> <OutPorts = 1>
ST_6 : Operation 414 [2/4] (1.87ns)   --->   "%mul_ln73_25 = mul i25 %sext_ln73_2, i25 %sext_ln73_27" [firmware/nnet_utils/nnet_mult.h:73->firmware/nnet_utils/nnet_dense_resource.h:145]   --->   Operation 414 'mul' 'mul_ln73_25' <Predicate = true> <Delay = 1.87> <CoreInst = "Multiplier">   --->   Core 3 'Multiplier' <Latency = 3> <II = 1> <Delay = 1.87> <FuncUnit> <Opcode : 'mul'> <InPorts = 2> <OutPorts = 1>
ST_6 : Operation 415 [2/4] (1.87ns)   --->   "%mul_ln73_26 = mul i25 %sext_ln73_2, i25 %sext_ln73_28" [firmware/nnet_utils/nnet_mult.h:73->firmware/nnet_utils/nnet_dense_resource.h:145]   --->   Operation 415 'mul' 'mul_ln73_26' <Predicate = true> <Delay = 1.87> <CoreInst = "Multiplier">   --->   Core 3 'Multiplier' <Latency = 3> <II = 1> <Delay = 1.87> <FuncUnit> <Opcode : 'mul'> <InPorts = 2> <OutPorts = 1>
ST_6 : Operation 416 [2/4] (1.87ns)   --->   "%mul_ln73_27 = mul i25 %sext_ln73_2, i25 %sext_ln73_29" [firmware/nnet_utils/nnet_mult.h:73->firmware/nnet_utils/nnet_dense_resource.h:145]   --->   Operation 416 'mul' 'mul_ln73_27' <Predicate = true> <Delay = 1.87> <CoreInst = "Multiplier">   --->   Core 3 'Multiplier' <Latency = 3> <II = 1> <Delay = 1.87> <FuncUnit> <Opcode : 'mul'> <InPorts = 2> <OutPorts = 1>
ST_6 : Operation 417 [2/4] (1.87ns)   --->   "%mul_ln73_28 = mul i25 %sext_ln73_2, i25 %sext_ln73_30" [firmware/nnet_utils/nnet_mult.h:73->firmware/nnet_utils/nnet_dense_resource.h:145]   --->   Operation 417 'mul' 'mul_ln73_28' <Predicate = true> <Delay = 1.87> <CoreInst = "Multiplier">   --->   Core 3 'Multiplier' <Latency = 3> <II = 1> <Delay = 1.87> <FuncUnit> <Opcode : 'mul'> <InPorts = 2> <OutPorts = 1>
ST_6 : Operation 418 [2/4] (1.87ns)   --->   "%mul_ln73_29 = mul i25 %sext_ln73_2, i25 %sext_ln73_31" [firmware/nnet_utils/nnet_mult.h:73->firmware/nnet_utils/nnet_dense_resource.h:145]   --->   Operation 418 'mul' 'mul_ln73_29' <Predicate = true> <Delay = 1.87> <CoreInst = "Multiplier">   --->   Core 3 'Multiplier' <Latency = 3> <II = 1> <Delay = 1.87> <FuncUnit> <Opcode : 'mul'> <InPorts = 2> <OutPorts = 1>
ST_6 : Operation 419 [2/4] (1.87ns)   --->   "%mul_ln73_30 = mul i25 %sext_ln73_2, i25 %sext_ln73_32" [firmware/nnet_utils/nnet_mult.h:73->firmware/nnet_utils/nnet_dense_resource.h:145]   --->   Operation 419 'mul' 'mul_ln73_30' <Predicate = true> <Delay = 1.87> <CoreInst = "Multiplier">   --->   Core 3 'Multiplier' <Latency = 3> <II = 1> <Delay = 1.87> <FuncUnit> <Opcode : 'mul'> <InPorts = 2> <OutPorts = 1>
ST_6 : Operation 420 [2/4] (1.87ns)   --->   "%mul_ln73_31 = mul i25 %sext_ln73_2, i25 %sext_ln73_33" [firmware/nnet_utils/nnet_mult.h:73->firmware/nnet_utils/nnet_dense_resource.h:145]   --->   Operation 420 'mul' 'mul_ln73_31' <Predicate = true> <Delay = 1.87> <CoreInst = "Multiplier">   --->   Core 3 'Multiplier' <Latency = 3> <II = 1> <Delay = 1.87> <FuncUnit> <Opcode : 'mul'> <InPorts = 2> <OutPorts = 1>
ST_6 : Operation 421 [2/4] (1.87ns)   --->   "%mul_ln73_32 = mul i25 %sext_ln73_2, i25 %sext_ln73_34" [firmware/nnet_utils/nnet_mult.h:73->firmware/nnet_utils/nnet_dense_resource.h:145]   --->   Operation 421 'mul' 'mul_ln73_32' <Predicate = true> <Delay = 1.87> <CoreInst = "Multiplier">   --->   Core 3 'Multiplier' <Latency = 3> <II = 1> <Delay = 1.87> <FuncUnit> <Opcode : 'mul'> <InPorts = 2> <OutPorts = 1>
ST_6 : Operation 422 [2/4] (1.87ns)   --->   "%mul_ln73_33 = mul i25 %sext_ln73_2, i25 %sext_ln73_35" [firmware/nnet_utils/nnet_mult.h:73->firmware/nnet_utils/nnet_dense_resource.h:145]   --->   Operation 422 'mul' 'mul_ln73_33' <Predicate = true> <Delay = 1.87> <CoreInst = "Multiplier">   --->   Core 3 'Multiplier' <Latency = 3> <II = 1> <Delay = 1.87> <FuncUnit> <Opcode : 'mul'> <InPorts = 2> <OutPorts = 1>
ST_6 : Operation 423 [2/4] (1.87ns)   --->   "%mul_ln73_34 = mul i25 %sext_ln73_2, i25 %sext_ln73_36" [firmware/nnet_utils/nnet_mult.h:73->firmware/nnet_utils/nnet_dense_resource.h:145]   --->   Operation 423 'mul' 'mul_ln73_34' <Predicate = true> <Delay = 1.87> <CoreInst = "Multiplier">   --->   Core 3 'Multiplier' <Latency = 3> <II = 1> <Delay = 1.87> <FuncUnit> <Opcode : 'mul'> <InPorts = 2> <OutPorts = 1>
ST_6 : Operation 424 [2/4] (1.87ns)   --->   "%mul_ln73_35 = mul i25 %sext_ln73_2, i25 %sext_ln73_37" [firmware/nnet_utils/nnet_mult.h:73->firmware/nnet_utils/nnet_dense_resource.h:145]   --->   Operation 424 'mul' 'mul_ln73_35' <Predicate = true> <Delay = 1.87> <CoreInst = "Multiplier">   --->   Core 3 'Multiplier' <Latency = 3> <II = 1> <Delay = 1.87> <FuncUnit> <Opcode : 'mul'> <InPorts = 2> <OutPorts = 1>
ST_6 : Operation 425 [2/4] (1.87ns)   --->   "%mul_ln73_36 = mul i25 %sext_ln73_2, i25 %sext_ln73_38" [firmware/nnet_utils/nnet_mult.h:73->firmware/nnet_utils/nnet_dense_resource.h:145]   --->   Operation 425 'mul' 'mul_ln73_36' <Predicate = true> <Delay = 1.87> <CoreInst = "Multiplier">   --->   Core 3 'Multiplier' <Latency = 3> <II = 1> <Delay = 1.87> <FuncUnit> <Opcode : 'mul'> <InPorts = 2> <OutPorts = 1>
ST_6 : Operation 426 [2/4] (1.87ns)   --->   "%mul_ln73_37 = mul i25 %sext_ln73_2, i25 %sext_ln73_39" [firmware/nnet_utils/nnet_mult.h:73->firmware/nnet_utils/nnet_dense_resource.h:145]   --->   Operation 426 'mul' 'mul_ln73_37' <Predicate = true> <Delay = 1.87> <CoreInst = "Multiplier">   --->   Core 3 'Multiplier' <Latency = 3> <II = 1> <Delay = 1.87> <FuncUnit> <Opcode : 'mul'> <InPorts = 2> <OutPorts = 1>
ST_6 : Operation 427 [2/4] (1.87ns)   --->   "%mul_ln73_38 = mul i25 %sext_ln73_2, i25 %sext_ln73_40" [firmware/nnet_utils/nnet_mult.h:73->firmware/nnet_utils/nnet_dense_resource.h:145]   --->   Operation 427 'mul' 'mul_ln73_38' <Predicate = true> <Delay = 1.87> <CoreInst = "Multiplier">   --->   Core 3 'Multiplier' <Latency = 3> <II = 1> <Delay = 1.87> <FuncUnit> <Opcode : 'mul'> <InPorts = 2> <OutPorts = 1>
ST_6 : Operation 428 [2/4] (1.87ns)   --->   "%mul_ln73_39 = mul i25 %sext_ln73_2, i25 %sext_ln73_41" [firmware/nnet_utils/nnet_mult.h:73->firmware/nnet_utils/nnet_dense_resource.h:145]   --->   Operation 428 'mul' 'mul_ln73_39' <Predicate = true> <Delay = 1.87> <CoreInst = "Multiplier">   --->   Core 3 'Multiplier' <Latency = 3> <II = 1> <Delay = 1.87> <FuncUnit> <Opcode : 'mul'> <InPorts = 2> <OutPorts = 1>
ST_6 : Operation 429 [2/4] (1.87ns)   --->   "%mul_ln73_40 = mul i25 %sext_ln73_2, i25 %sext_ln73_42" [firmware/nnet_utils/nnet_mult.h:73->firmware/nnet_utils/nnet_dense_resource.h:145]   --->   Operation 429 'mul' 'mul_ln73_40' <Predicate = true> <Delay = 1.87> <CoreInst = "Multiplier">   --->   Core 3 'Multiplier' <Latency = 3> <II = 1> <Delay = 1.87> <FuncUnit> <Opcode : 'mul'> <InPorts = 2> <OutPorts = 1>
ST_6 : Operation 430 [2/4] (1.87ns)   --->   "%mul_ln73_41 = mul i25 %sext_ln73_2, i25 %sext_ln73_43" [firmware/nnet_utils/nnet_mult.h:73->firmware/nnet_utils/nnet_dense_resource.h:145]   --->   Operation 430 'mul' 'mul_ln73_41' <Predicate = true> <Delay = 1.87> <CoreInst = "Multiplier">   --->   Core 3 'Multiplier' <Latency = 3> <II = 1> <Delay = 1.87> <FuncUnit> <Opcode : 'mul'> <InPorts = 2> <OutPorts = 1>
ST_6 : Operation 431 [2/4] (1.87ns)   --->   "%mul_ln73_42 = mul i25 %sext_ln73_2, i25 %sext_ln73_44" [firmware/nnet_utils/nnet_mult.h:73->firmware/nnet_utils/nnet_dense_resource.h:145]   --->   Operation 431 'mul' 'mul_ln73_42' <Predicate = true> <Delay = 1.87> <CoreInst = "Multiplier">   --->   Core 3 'Multiplier' <Latency = 3> <II = 1> <Delay = 1.87> <FuncUnit> <Opcode : 'mul'> <InPorts = 2> <OutPorts = 1>
ST_6 : Operation 432 [2/4] (1.87ns)   --->   "%mul_ln73_43 = mul i25 %sext_ln73_2, i25 %sext_ln73_45" [firmware/nnet_utils/nnet_mult.h:73->firmware/nnet_utils/nnet_dense_resource.h:145]   --->   Operation 432 'mul' 'mul_ln73_43' <Predicate = true> <Delay = 1.87> <CoreInst = "Multiplier">   --->   Core 3 'Multiplier' <Latency = 3> <II = 1> <Delay = 1.87> <FuncUnit> <Opcode : 'mul'> <InPorts = 2> <OutPorts = 1>
ST_6 : Operation 433 [2/4] (1.87ns)   --->   "%mul_ln73_44 = mul i25 %sext_ln73_2, i25 %sext_ln73_46" [firmware/nnet_utils/nnet_mult.h:73->firmware/nnet_utils/nnet_dense_resource.h:145]   --->   Operation 433 'mul' 'mul_ln73_44' <Predicate = true> <Delay = 1.87> <CoreInst = "Multiplier">   --->   Core 3 'Multiplier' <Latency = 3> <II = 1> <Delay = 1.87> <FuncUnit> <Opcode : 'mul'> <InPorts = 2> <OutPorts = 1>
ST_6 : Operation 434 [2/4] (1.87ns)   --->   "%mul_ln73_45 = mul i25 %sext_ln73_2, i25 %sext_ln73_47" [firmware/nnet_utils/nnet_mult.h:73->firmware/nnet_utils/nnet_dense_resource.h:145]   --->   Operation 434 'mul' 'mul_ln73_45' <Predicate = true> <Delay = 1.87> <CoreInst = "Multiplier">   --->   Core 3 'Multiplier' <Latency = 3> <II = 1> <Delay = 1.87> <FuncUnit> <Opcode : 'mul'> <InPorts = 2> <OutPorts = 1>
ST_6 : Operation 435 [2/4] (1.87ns)   --->   "%mul_ln73_46 = mul i25 %sext_ln73_2, i25 %sext_ln73_48" [firmware/nnet_utils/nnet_mult.h:73->firmware/nnet_utils/nnet_dense_resource.h:145]   --->   Operation 435 'mul' 'mul_ln73_46' <Predicate = true> <Delay = 1.87> <CoreInst = "Multiplier">   --->   Core 3 'Multiplier' <Latency = 3> <II = 1> <Delay = 1.87> <FuncUnit> <Opcode : 'mul'> <InPorts = 2> <OutPorts = 1>
ST_6 : Operation 436 [2/4] (1.87ns)   --->   "%mul_ln73_47 = mul i25 %sext_ln73_2, i25 %sext_ln73_49" [firmware/nnet_utils/nnet_mult.h:73->firmware/nnet_utils/nnet_dense_resource.h:145]   --->   Operation 436 'mul' 'mul_ln73_47' <Predicate = true> <Delay = 1.87> <CoreInst = "Multiplier">   --->   Core 3 'Multiplier' <Latency = 3> <II = 1> <Delay = 1.87> <FuncUnit> <Opcode : 'mul'> <InPorts = 2> <OutPorts = 1>
ST_6 : Operation 437 [2/4] (1.87ns)   --->   "%mul_ln73_48 = mul i25 %sext_ln73_2, i25 %sext_ln73_50" [firmware/nnet_utils/nnet_mult.h:73->firmware/nnet_utils/nnet_dense_resource.h:145]   --->   Operation 437 'mul' 'mul_ln73_48' <Predicate = true> <Delay = 1.87> <CoreInst = "Multiplier">   --->   Core 3 'Multiplier' <Latency = 3> <II = 1> <Delay = 1.87> <FuncUnit> <Opcode : 'mul'> <InPorts = 2> <OutPorts = 1>
ST_6 : Operation 438 [2/4] (1.87ns)   --->   "%mul_ln73_49 = mul i25 %sext_ln73_2, i25 %sext_ln73_51" [firmware/nnet_utils/nnet_mult.h:73->firmware/nnet_utils/nnet_dense_resource.h:145]   --->   Operation 438 'mul' 'mul_ln73_49' <Predicate = true> <Delay = 1.87> <CoreInst = "Multiplier">   --->   Core 3 'Multiplier' <Latency = 3> <II = 1> <Delay = 1.87> <FuncUnit> <Opcode : 'mul'> <InPorts = 2> <OutPorts = 1>
ST_6 : Operation 439 [2/4] (1.87ns)   --->   "%mul_ln73_50 = mul i25 %sext_ln73_2, i25 %sext_ln73_52" [firmware/nnet_utils/nnet_mult.h:73->firmware/nnet_utils/nnet_dense_resource.h:145]   --->   Operation 439 'mul' 'mul_ln73_50' <Predicate = true> <Delay = 1.87> <CoreInst = "Multiplier">   --->   Core 3 'Multiplier' <Latency = 3> <II = 1> <Delay = 1.87> <FuncUnit> <Opcode : 'mul'> <InPorts = 2> <OutPorts = 1>
ST_6 : Operation 440 [2/4] (1.87ns)   --->   "%mul_ln73_51 = mul i25 %sext_ln73_2, i25 %sext_ln73_53" [firmware/nnet_utils/nnet_mult.h:73->firmware/nnet_utils/nnet_dense_resource.h:145]   --->   Operation 440 'mul' 'mul_ln73_51' <Predicate = true> <Delay = 1.87> <CoreInst = "Multiplier">   --->   Core 3 'Multiplier' <Latency = 3> <II = 1> <Delay = 1.87> <FuncUnit> <Opcode : 'mul'> <InPorts = 2> <OutPorts = 1>
ST_6 : Operation 441 [2/4] (1.87ns)   --->   "%mul_ln73_52 = mul i25 %sext_ln73_2, i25 %sext_ln73_54" [firmware/nnet_utils/nnet_mult.h:73->firmware/nnet_utils/nnet_dense_resource.h:145]   --->   Operation 441 'mul' 'mul_ln73_52' <Predicate = true> <Delay = 1.87> <CoreInst = "Multiplier">   --->   Core 3 'Multiplier' <Latency = 3> <II = 1> <Delay = 1.87> <FuncUnit> <Opcode : 'mul'> <InPorts = 2> <OutPorts = 1>
ST_6 : Operation 442 [2/4] (1.87ns)   --->   "%mul_ln73_53 = mul i25 %sext_ln73_2, i25 %sext_ln73_55" [firmware/nnet_utils/nnet_mult.h:73->firmware/nnet_utils/nnet_dense_resource.h:145]   --->   Operation 442 'mul' 'mul_ln73_53' <Predicate = true> <Delay = 1.87> <CoreInst = "Multiplier">   --->   Core 3 'Multiplier' <Latency = 3> <II = 1> <Delay = 1.87> <FuncUnit> <Opcode : 'mul'> <InPorts = 2> <OutPorts = 1>
ST_6 : Operation 443 [2/4] (1.87ns)   --->   "%mul_ln73_54 = mul i25 %sext_ln73_2, i25 %sext_ln73_56" [firmware/nnet_utils/nnet_mult.h:73->firmware/nnet_utils/nnet_dense_resource.h:145]   --->   Operation 443 'mul' 'mul_ln73_54' <Predicate = true> <Delay = 1.87> <CoreInst = "Multiplier">   --->   Core 3 'Multiplier' <Latency = 3> <II = 1> <Delay = 1.87> <FuncUnit> <Opcode : 'mul'> <InPorts = 2> <OutPorts = 1>
ST_6 : Operation 444 [2/4] (1.87ns)   --->   "%mul_ln73_55 = mul i25 %sext_ln73_2, i25 %sext_ln73_57" [firmware/nnet_utils/nnet_mult.h:73->firmware/nnet_utils/nnet_dense_resource.h:145]   --->   Operation 444 'mul' 'mul_ln73_55' <Predicate = true> <Delay = 1.87> <CoreInst = "Multiplier">   --->   Core 3 'Multiplier' <Latency = 3> <II = 1> <Delay = 1.87> <FuncUnit> <Opcode : 'mul'> <InPorts = 2> <OutPorts = 1>
ST_6 : Operation 445 [2/4] (1.87ns)   --->   "%mul_ln73_56 = mul i25 %sext_ln73_2, i25 %sext_ln73_58" [firmware/nnet_utils/nnet_mult.h:73->firmware/nnet_utils/nnet_dense_resource.h:145]   --->   Operation 445 'mul' 'mul_ln73_56' <Predicate = true> <Delay = 1.87> <CoreInst = "Multiplier">   --->   Core 3 'Multiplier' <Latency = 3> <II = 1> <Delay = 1.87> <FuncUnit> <Opcode : 'mul'> <InPorts = 2> <OutPorts = 1>
ST_6 : Operation 446 [2/4] (1.87ns)   --->   "%mul_ln73_57 = mul i25 %sext_ln73_2, i25 %sext_ln73_59" [firmware/nnet_utils/nnet_mult.h:73->firmware/nnet_utils/nnet_dense_resource.h:145]   --->   Operation 446 'mul' 'mul_ln73_57' <Predicate = true> <Delay = 1.87> <CoreInst = "Multiplier">   --->   Core 3 'Multiplier' <Latency = 3> <II = 1> <Delay = 1.87> <FuncUnit> <Opcode : 'mul'> <InPorts = 2> <OutPorts = 1>
ST_6 : Operation 447 [2/4] (1.87ns)   --->   "%mul_ln73_58 = mul i25 %sext_ln73_2, i25 %sext_ln73_60" [firmware/nnet_utils/nnet_mult.h:73->firmware/nnet_utils/nnet_dense_resource.h:145]   --->   Operation 447 'mul' 'mul_ln73_58' <Predicate = true> <Delay = 1.87> <CoreInst = "Multiplier">   --->   Core 3 'Multiplier' <Latency = 3> <II = 1> <Delay = 1.87> <FuncUnit> <Opcode : 'mul'> <InPorts = 2> <OutPorts = 1>
ST_6 : Operation 448 [2/4] (1.87ns)   --->   "%mul_ln73_59 = mul i25 %sext_ln73_2, i25 %sext_ln73_61" [firmware/nnet_utils/nnet_mult.h:73->firmware/nnet_utils/nnet_dense_resource.h:145]   --->   Operation 448 'mul' 'mul_ln73_59' <Predicate = true> <Delay = 1.87> <CoreInst = "Multiplier">   --->   Core 3 'Multiplier' <Latency = 3> <II = 1> <Delay = 1.87> <FuncUnit> <Opcode : 'mul'> <InPorts = 2> <OutPorts = 1>
ST_6 : Operation 449 [2/4] (1.87ns)   --->   "%mul_ln73_60 = mul i25 %sext_ln73_2, i25 %sext_ln73_62" [firmware/nnet_utils/nnet_mult.h:73->firmware/nnet_utils/nnet_dense_resource.h:145]   --->   Operation 449 'mul' 'mul_ln73_60' <Predicate = true> <Delay = 1.87> <CoreInst = "Multiplier">   --->   Core 3 'Multiplier' <Latency = 3> <II = 1> <Delay = 1.87> <FuncUnit> <Opcode : 'mul'> <InPorts = 2> <OutPorts = 1>
ST_6 : Operation 450 [2/4] (1.87ns)   --->   "%mul_ln73_61 = mul i25 %sext_ln73_2, i25 %sext_ln73_63" [firmware/nnet_utils/nnet_mult.h:73->firmware/nnet_utils/nnet_dense_resource.h:145]   --->   Operation 450 'mul' 'mul_ln73_61' <Predicate = true> <Delay = 1.87> <CoreInst = "Multiplier">   --->   Core 3 'Multiplier' <Latency = 3> <II = 1> <Delay = 1.87> <FuncUnit> <Opcode : 'mul'> <InPorts = 2> <OutPorts = 1>
ST_6 : Operation 451 [2/4] (1.87ns)   --->   "%mul_ln73_62 = mul i25 %sext_ln73_2, i25 %sext_ln73_64" [firmware/nnet_utils/nnet_mult.h:73->firmware/nnet_utils/nnet_dense_resource.h:145]   --->   Operation 451 'mul' 'mul_ln73_62' <Predicate = true> <Delay = 1.87> <CoreInst = "Multiplier">   --->   Core 3 'Multiplier' <Latency = 3> <II = 1> <Delay = 1.87> <FuncUnit> <Opcode : 'mul'> <InPorts = 2> <OutPorts = 1>
ST_6 : Operation 452 [2/4] (1.87ns)   --->   "%mul_ln73_63 = mul i24 %sext_ln73_65, i24 %sext_ln73_66" [firmware/nnet_utils/nnet_mult.h:73->firmware/nnet_utils/nnet_dense_resource.h:145]   --->   Operation 452 'mul' 'mul_ln73_63' <Predicate = true> <Delay = 1.87> <CoreInst = "Multiplier">   --->   Core 3 'Multiplier' <Latency = 3> <II = 1> <Delay = 1.87> <FuncUnit> <Opcode : 'mul'> <InPorts = 2> <OutPorts = 1>

State 7 <SV = 6> <Delay = 1.87>
ST_7 : Operation 453 [1/4] (1.87ns)   --->   "%mul_ln73 = mul i25 %sext_ln73_2, i25 %sext_ln73" [firmware/nnet_utils/nnet_mult.h:73->firmware/nnet_utils/nnet_dense_resource.h:145]   --->   Operation 453 'mul' 'mul_ln73' <Predicate = true> <Delay = 1.87> <CoreInst = "Multiplier">   --->   Core 3 'Multiplier' <Latency = 3> <II = 1> <Delay = 1.87> <FuncUnit> <Opcode : 'mul'> <InPorts = 2> <OutPorts = 1>
ST_7 : Operation 454 [1/1] (0.00ns)   --->   "%trunc_ln144_1 = partselect i14 @_ssdm_op_PartSelect.i14.i25.i32.i32, i25 %mul_ln73, i32 7, i32 20" [firmware/nnet_utils/nnet_dense_resource.h:144]   --->   Operation 454 'partselect' 'trunc_ln144_1' <Predicate = true> <Delay = 0.00>
ST_7 : Operation 455 [1/1] (0.00ns)   --->   "%tmp_735 = bitselect i1 @_ssdm_op_BitSelect.i1.i25.i32, i25 %mul_ln73, i32 6" [firmware/nnet_utils/nnet_dense_resource.h:144]   --->   Operation 455 'bitselect' 'tmp_735' <Predicate = true> <Delay = 0.00>
ST_7 : Operation 456 [1/4] (1.87ns)   --->   "%mul_ln73_1 = mul i25 %sext_ln73_2, i25 %sext_ln73_3" [firmware/nnet_utils/nnet_mult.h:73->firmware/nnet_utils/nnet_dense_resource.h:145]   --->   Operation 456 'mul' 'mul_ln73_1' <Predicate = true> <Delay = 1.87> <CoreInst = "Multiplier">   --->   Core 3 'Multiplier' <Latency = 3> <II = 1> <Delay = 1.87> <FuncUnit> <Opcode : 'mul'> <InPorts = 2> <OutPorts = 1>
ST_7 : Operation 457 [1/1] (0.00ns)   --->   "%trunc_ln144_4 = partselect i14 @_ssdm_op_PartSelect.i14.i25.i32.i32, i25 %mul_ln73_1, i32 7, i32 20" [firmware/nnet_utils/nnet_dense_resource.h:144]   --->   Operation 457 'partselect' 'trunc_ln144_4' <Predicate = true> <Delay = 0.00>
ST_7 : Operation 458 [1/1] (0.00ns)   --->   "%tmp_736 = bitselect i1 @_ssdm_op_BitSelect.i1.i25.i32, i25 %mul_ln73_1, i32 6" [firmware/nnet_utils/nnet_dense_resource.h:144]   --->   Operation 458 'bitselect' 'tmp_736' <Predicate = true> <Delay = 0.00>
ST_7 : Operation 459 [1/4] (1.87ns)   --->   "%mul_ln73_2 = mul i25 %sext_ln73_2, i25 %sext_ln73_4" [firmware/nnet_utils/nnet_mult.h:73->firmware/nnet_utils/nnet_dense_resource.h:145]   --->   Operation 459 'mul' 'mul_ln73_2' <Predicate = true> <Delay = 1.87> <CoreInst = "Multiplier">   --->   Core 3 'Multiplier' <Latency = 3> <II = 1> <Delay = 1.87> <FuncUnit> <Opcode : 'mul'> <InPorts = 2> <OutPorts = 1>
ST_7 : Operation 460 [1/1] (0.00ns)   --->   "%trunc_ln144_7 = partselect i14 @_ssdm_op_PartSelect.i14.i25.i32.i32, i25 %mul_ln73_2, i32 7, i32 20" [firmware/nnet_utils/nnet_dense_resource.h:144]   --->   Operation 460 'partselect' 'trunc_ln144_7' <Predicate = true> <Delay = 0.00>
ST_7 : Operation 461 [1/1] (0.00ns)   --->   "%tmp_737 = bitselect i1 @_ssdm_op_BitSelect.i1.i25.i32, i25 %mul_ln73_2, i32 6" [firmware/nnet_utils/nnet_dense_resource.h:144]   --->   Operation 461 'bitselect' 'tmp_737' <Predicate = true> <Delay = 0.00>
ST_7 : Operation 462 [1/4] (1.87ns)   --->   "%mul_ln73_3 = mul i25 %sext_ln73_2, i25 %sext_ln73_5" [firmware/nnet_utils/nnet_mult.h:73->firmware/nnet_utils/nnet_dense_resource.h:145]   --->   Operation 462 'mul' 'mul_ln73_3' <Predicate = true> <Delay = 1.87> <CoreInst = "Multiplier">   --->   Core 3 'Multiplier' <Latency = 3> <II = 1> <Delay = 1.87> <FuncUnit> <Opcode : 'mul'> <InPorts = 2> <OutPorts = 1>
ST_7 : Operation 463 [1/1] (0.00ns)   --->   "%trunc_ln144_s = partselect i14 @_ssdm_op_PartSelect.i14.i25.i32.i32, i25 %mul_ln73_3, i32 7, i32 20" [firmware/nnet_utils/nnet_dense_resource.h:144]   --->   Operation 463 'partselect' 'trunc_ln144_s' <Predicate = true> <Delay = 0.00>
ST_7 : Operation 464 [1/1] (0.00ns)   --->   "%tmp_738 = bitselect i1 @_ssdm_op_BitSelect.i1.i25.i32, i25 %mul_ln73_3, i32 6" [firmware/nnet_utils/nnet_dense_resource.h:144]   --->   Operation 464 'bitselect' 'tmp_738' <Predicate = true> <Delay = 0.00>
ST_7 : Operation 465 [1/4] (1.87ns)   --->   "%mul_ln73_4 = mul i25 %sext_ln73_2, i25 %sext_ln73_6" [firmware/nnet_utils/nnet_mult.h:73->firmware/nnet_utils/nnet_dense_resource.h:145]   --->   Operation 465 'mul' 'mul_ln73_4' <Predicate = true> <Delay = 1.87> <CoreInst = "Multiplier">   --->   Core 3 'Multiplier' <Latency = 3> <II = 1> <Delay = 1.87> <FuncUnit> <Opcode : 'mul'> <InPorts = 2> <OutPorts = 1>
ST_7 : Operation 466 [1/1] (0.00ns)   --->   "%trunc_ln144_2 = partselect i14 @_ssdm_op_PartSelect.i14.i25.i32.i32, i25 %mul_ln73_4, i32 7, i32 20" [firmware/nnet_utils/nnet_dense_resource.h:144]   --->   Operation 466 'partselect' 'trunc_ln144_2' <Predicate = true> <Delay = 0.00>
ST_7 : Operation 467 [1/1] (0.00ns)   --->   "%tmp_739 = bitselect i1 @_ssdm_op_BitSelect.i1.i25.i32, i25 %mul_ln73_4, i32 6" [firmware/nnet_utils/nnet_dense_resource.h:144]   --->   Operation 467 'bitselect' 'tmp_739' <Predicate = true> <Delay = 0.00>
ST_7 : Operation 468 [1/4] (1.87ns)   --->   "%mul_ln73_5 = mul i25 %sext_ln73_2, i25 %sext_ln73_7" [firmware/nnet_utils/nnet_mult.h:73->firmware/nnet_utils/nnet_dense_resource.h:145]   --->   Operation 468 'mul' 'mul_ln73_5' <Predicate = true> <Delay = 1.87> <CoreInst = "Multiplier">   --->   Core 3 'Multiplier' <Latency = 3> <II = 1> <Delay = 1.87> <FuncUnit> <Opcode : 'mul'> <InPorts = 2> <OutPorts = 1>
ST_7 : Operation 469 [1/1] (0.00ns)   --->   "%trunc_ln144_3 = partselect i14 @_ssdm_op_PartSelect.i14.i25.i32.i32, i25 %mul_ln73_5, i32 7, i32 20" [firmware/nnet_utils/nnet_dense_resource.h:144]   --->   Operation 469 'partselect' 'trunc_ln144_3' <Predicate = true> <Delay = 0.00>
ST_7 : Operation 470 [1/1] (0.00ns)   --->   "%tmp_740 = bitselect i1 @_ssdm_op_BitSelect.i1.i25.i32, i25 %mul_ln73_5, i32 6" [firmware/nnet_utils/nnet_dense_resource.h:144]   --->   Operation 470 'bitselect' 'tmp_740' <Predicate = true> <Delay = 0.00>
ST_7 : Operation 471 [1/4] (1.87ns)   --->   "%mul_ln73_6 = mul i25 %sext_ln73_2, i25 %sext_ln73_8" [firmware/nnet_utils/nnet_mult.h:73->firmware/nnet_utils/nnet_dense_resource.h:145]   --->   Operation 471 'mul' 'mul_ln73_6' <Predicate = true> <Delay = 1.87> <CoreInst = "Multiplier">   --->   Core 3 'Multiplier' <Latency = 3> <II = 1> <Delay = 1.87> <FuncUnit> <Opcode : 'mul'> <InPorts = 2> <OutPorts = 1>
ST_7 : Operation 472 [1/1] (0.00ns)   --->   "%trunc_ln144_5 = partselect i14 @_ssdm_op_PartSelect.i14.i25.i32.i32, i25 %mul_ln73_6, i32 7, i32 20" [firmware/nnet_utils/nnet_dense_resource.h:144]   --->   Operation 472 'partselect' 'trunc_ln144_5' <Predicate = true> <Delay = 0.00>
ST_7 : Operation 473 [1/1] (0.00ns)   --->   "%tmp_741 = bitselect i1 @_ssdm_op_BitSelect.i1.i25.i32, i25 %mul_ln73_6, i32 6" [firmware/nnet_utils/nnet_dense_resource.h:144]   --->   Operation 473 'bitselect' 'tmp_741' <Predicate = true> <Delay = 0.00>
ST_7 : Operation 474 [1/4] (1.87ns)   --->   "%mul_ln73_7 = mul i25 %sext_ln73_2, i25 %sext_ln73_9" [firmware/nnet_utils/nnet_mult.h:73->firmware/nnet_utils/nnet_dense_resource.h:145]   --->   Operation 474 'mul' 'mul_ln73_7' <Predicate = true> <Delay = 1.87> <CoreInst = "Multiplier">   --->   Core 3 'Multiplier' <Latency = 3> <II = 1> <Delay = 1.87> <FuncUnit> <Opcode : 'mul'> <InPorts = 2> <OutPorts = 1>
ST_7 : Operation 475 [1/1] (0.00ns)   --->   "%trunc_ln144_6 = partselect i14 @_ssdm_op_PartSelect.i14.i25.i32.i32, i25 %mul_ln73_7, i32 7, i32 20" [firmware/nnet_utils/nnet_dense_resource.h:144]   --->   Operation 475 'partselect' 'trunc_ln144_6' <Predicate = true> <Delay = 0.00>
ST_7 : Operation 476 [1/1] (0.00ns)   --->   "%tmp_742 = bitselect i1 @_ssdm_op_BitSelect.i1.i25.i32, i25 %mul_ln73_7, i32 6" [firmware/nnet_utils/nnet_dense_resource.h:144]   --->   Operation 476 'bitselect' 'tmp_742' <Predicate = true> <Delay = 0.00>
ST_7 : Operation 477 [1/4] (1.87ns)   --->   "%mul_ln73_8 = mul i25 %sext_ln73_2, i25 %sext_ln73_10" [firmware/nnet_utils/nnet_mult.h:73->firmware/nnet_utils/nnet_dense_resource.h:145]   --->   Operation 477 'mul' 'mul_ln73_8' <Predicate = true> <Delay = 1.87> <CoreInst = "Multiplier">   --->   Core 3 'Multiplier' <Latency = 3> <II = 1> <Delay = 1.87> <FuncUnit> <Opcode : 'mul'> <InPorts = 2> <OutPorts = 1>
ST_7 : Operation 478 [1/1] (0.00ns)   --->   "%trunc_ln144_8 = partselect i14 @_ssdm_op_PartSelect.i14.i25.i32.i32, i25 %mul_ln73_8, i32 7, i32 20" [firmware/nnet_utils/nnet_dense_resource.h:144]   --->   Operation 478 'partselect' 'trunc_ln144_8' <Predicate = true> <Delay = 0.00>
ST_7 : Operation 479 [1/1] (0.00ns)   --->   "%tmp_743 = bitselect i1 @_ssdm_op_BitSelect.i1.i25.i32, i25 %mul_ln73_8, i32 6" [firmware/nnet_utils/nnet_dense_resource.h:144]   --->   Operation 479 'bitselect' 'tmp_743' <Predicate = true> <Delay = 0.00>
ST_7 : Operation 480 [1/4] (1.87ns)   --->   "%mul_ln73_9 = mul i25 %sext_ln73_2, i25 %sext_ln73_11" [firmware/nnet_utils/nnet_mult.h:73->firmware/nnet_utils/nnet_dense_resource.h:145]   --->   Operation 480 'mul' 'mul_ln73_9' <Predicate = true> <Delay = 1.87> <CoreInst = "Multiplier">   --->   Core 3 'Multiplier' <Latency = 3> <II = 1> <Delay = 1.87> <FuncUnit> <Opcode : 'mul'> <InPorts = 2> <OutPorts = 1>
ST_7 : Operation 481 [1/1] (0.00ns)   --->   "%trunc_ln144_9 = partselect i14 @_ssdm_op_PartSelect.i14.i25.i32.i32, i25 %mul_ln73_9, i32 7, i32 20" [firmware/nnet_utils/nnet_dense_resource.h:144]   --->   Operation 481 'partselect' 'trunc_ln144_9' <Predicate = true> <Delay = 0.00>
ST_7 : Operation 482 [1/1] (0.00ns)   --->   "%tmp_744 = bitselect i1 @_ssdm_op_BitSelect.i1.i25.i32, i25 %mul_ln73_9, i32 6" [firmware/nnet_utils/nnet_dense_resource.h:144]   --->   Operation 482 'bitselect' 'tmp_744' <Predicate = true> <Delay = 0.00>
ST_7 : Operation 483 [1/4] (1.87ns)   --->   "%mul_ln73_10 = mul i25 %sext_ln73_2, i25 %sext_ln73_12" [firmware/nnet_utils/nnet_mult.h:73->firmware/nnet_utils/nnet_dense_resource.h:145]   --->   Operation 483 'mul' 'mul_ln73_10' <Predicate = true> <Delay = 1.87> <CoreInst = "Multiplier">   --->   Core 3 'Multiplier' <Latency = 3> <II = 1> <Delay = 1.87> <FuncUnit> <Opcode : 'mul'> <InPorts = 2> <OutPorts = 1>
ST_7 : Operation 484 [1/1] (0.00ns)   --->   "%trunc_ln144_10 = partselect i14 @_ssdm_op_PartSelect.i14.i25.i32.i32, i25 %mul_ln73_10, i32 7, i32 20" [firmware/nnet_utils/nnet_dense_resource.h:144]   --->   Operation 484 'partselect' 'trunc_ln144_10' <Predicate = true> <Delay = 0.00>
ST_7 : Operation 485 [1/1] (0.00ns)   --->   "%tmp_745 = bitselect i1 @_ssdm_op_BitSelect.i1.i25.i32, i25 %mul_ln73_10, i32 6" [firmware/nnet_utils/nnet_dense_resource.h:144]   --->   Operation 485 'bitselect' 'tmp_745' <Predicate = true> <Delay = 0.00>
ST_7 : Operation 486 [1/4] (1.87ns)   --->   "%mul_ln73_11 = mul i25 %sext_ln73_2, i25 %sext_ln73_13" [firmware/nnet_utils/nnet_mult.h:73->firmware/nnet_utils/nnet_dense_resource.h:145]   --->   Operation 486 'mul' 'mul_ln73_11' <Predicate = true> <Delay = 1.87> <CoreInst = "Multiplier">   --->   Core 3 'Multiplier' <Latency = 3> <II = 1> <Delay = 1.87> <FuncUnit> <Opcode : 'mul'> <InPorts = 2> <OutPorts = 1>
ST_7 : Operation 487 [1/1] (0.00ns)   --->   "%trunc_ln144_11 = partselect i14 @_ssdm_op_PartSelect.i14.i25.i32.i32, i25 %mul_ln73_11, i32 7, i32 20" [firmware/nnet_utils/nnet_dense_resource.h:144]   --->   Operation 487 'partselect' 'trunc_ln144_11' <Predicate = true> <Delay = 0.00>
ST_7 : Operation 488 [1/1] (0.00ns)   --->   "%tmp_746 = bitselect i1 @_ssdm_op_BitSelect.i1.i25.i32, i25 %mul_ln73_11, i32 6" [firmware/nnet_utils/nnet_dense_resource.h:144]   --->   Operation 488 'bitselect' 'tmp_746' <Predicate = true> <Delay = 0.00>
ST_7 : Operation 489 [1/4] (1.87ns)   --->   "%mul_ln73_12 = mul i25 %sext_ln73_2, i25 %sext_ln73_14" [firmware/nnet_utils/nnet_mult.h:73->firmware/nnet_utils/nnet_dense_resource.h:145]   --->   Operation 489 'mul' 'mul_ln73_12' <Predicate = true> <Delay = 1.87> <CoreInst = "Multiplier">   --->   Core 3 'Multiplier' <Latency = 3> <II = 1> <Delay = 1.87> <FuncUnit> <Opcode : 'mul'> <InPorts = 2> <OutPorts = 1>
ST_7 : Operation 490 [1/1] (0.00ns)   --->   "%trunc_ln144_12 = partselect i14 @_ssdm_op_PartSelect.i14.i25.i32.i32, i25 %mul_ln73_12, i32 7, i32 20" [firmware/nnet_utils/nnet_dense_resource.h:144]   --->   Operation 490 'partselect' 'trunc_ln144_12' <Predicate = true> <Delay = 0.00>
ST_7 : Operation 491 [1/1] (0.00ns)   --->   "%tmp_747 = bitselect i1 @_ssdm_op_BitSelect.i1.i25.i32, i25 %mul_ln73_12, i32 6" [firmware/nnet_utils/nnet_dense_resource.h:144]   --->   Operation 491 'bitselect' 'tmp_747' <Predicate = true> <Delay = 0.00>
ST_7 : Operation 492 [1/4] (1.87ns)   --->   "%mul_ln73_13 = mul i25 %sext_ln73_2, i25 %sext_ln73_15" [firmware/nnet_utils/nnet_mult.h:73->firmware/nnet_utils/nnet_dense_resource.h:145]   --->   Operation 492 'mul' 'mul_ln73_13' <Predicate = true> <Delay = 1.87> <CoreInst = "Multiplier">   --->   Core 3 'Multiplier' <Latency = 3> <II = 1> <Delay = 1.87> <FuncUnit> <Opcode : 'mul'> <InPorts = 2> <OutPorts = 1>
ST_7 : Operation 493 [1/1] (0.00ns)   --->   "%trunc_ln144_13 = partselect i14 @_ssdm_op_PartSelect.i14.i25.i32.i32, i25 %mul_ln73_13, i32 7, i32 20" [firmware/nnet_utils/nnet_dense_resource.h:144]   --->   Operation 493 'partselect' 'trunc_ln144_13' <Predicate = true> <Delay = 0.00>
ST_7 : Operation 494 [1/1] (0.00ns)   --->   "%tmp_748 = bitselect i1 @_ssdm_op_BitSelect.i1.i25.i32, i25 %mul_ln73_13, i32 6" [firmware/nnet_utils/nnet_dense_resource.h:144]   --->   Operation 494 'bitselect' 'tmp_748' <Predicate = true> <Delay = 0.00>
ST_7 : Operation 495 [1/4] (1.87ns)   --->   "%mul_ln73_14 = mul i25 %sext_ln73_2, i25 %sext_ln73_16" [firmware/nnet_utils/nnet_mult.h:73->firmware/nnet_utils/nnet_dense_resource.h:145]   --->   Operation 495 'mul' 'mul_ln73_14' <Predicate = true> <Delay = 1.87> <CoreInst = "Multiplier">   --->   Core 3 'Multiplier' <Latency = 3> <II = 1> <Delay = 1.87> <FuncUnit> <Opcode : 'mul'> <InPorts = 2> <OutPorts = 1>
ST_7 : Operation 496 [1/1] (0.00ns)   --->   "%trunc_ln144_14 = partselect i14 @_ssdm_op_PartSelect.i14.i25.i32.i32, i25 %mul_ln73_14, i32 7, i32 20" [firmware/nnet_utils/nnet_dense_resource.h:144]   --->   Operation 496 'partselect' 'trunc_ln144_14' <Predicate = true> <Delay = 0.00>
ST_7 : Operation 497 [1/1] (0.00ns)   --->   "%tmp_749 = bitselect i1 @_ssdm_op_BitSelect.i1.i25.i32, i25 %mul_ln73_14, i32 6" [firmware/nnet_utils/nnet_dense_resource.h:144]   --->   Operation 497 'bitselect' 'tmp_749' <Predicate = true> <Delay = 0.00>
ST_7 : Operation 498 [1/4] (1.87ns)   --->   "%mul_ln73_15 = mul i25 %sext_ln73_2, i25 %sext_ln73_17" [firmware/nnet_utils/nnet_mult.h:73->firmware/nnet_utils/nnet_dense_resource.h:145]   --->   Operation 498 'mul' 'mul_ln73_15' <Predicate = true> <Delay = 1.87> <CoreInst = "Multiplier">   --->   Core 3 'Multiplier' <Latency = 3> <II = 1> <Delay = 1.87> <FuncUnit> <Opcode : 'mul'> <InPorts = 2> <OutPorts = 1>
ST_7 : Operation 499 [1/1] (0.00ns)   --->   "%trunc_ln144_15 = partselect i14 @_ssdm_op_PartSelect.i14.i25.i32.i32, i25 %mul_ln73_15, i32 7, i32 20" [firmware/nnet_utils/nnet_dense_resource.h:144]   --->   Operation 499 'partselect' 'trunc_ln144_15' <Predicate = true> <Delay = 0.00>
ST_7 : Operation 500 [1/1] (0.00ns)   --->   "%tmp_750 = bitselect i1 @_ssdm_op_BitSelect.i1.i25.i32, i25 %mul_ln73_15, i32 6" [firmware/nnet_utils/nnet_dense_resource.h:144]   --->   Operation 500 'bitselect' 'tmp_750' <Predicate = true> <Delay = 0.00>
ST_7 : Operation 501 [1/4] (1.87ns)   --->   "%mul_ln73_16 = mul i25 %sext_ln73_2, i25 %sext_ln73_18" [firmware/nnet_utils/nnet_mult.h:73->firmware/nnet_utils/nnet_dense_resource.h:145]   --->   Operation 501 'mul' 'mul_ln73_16' <Predicate = true> <Delay = 1.87> <CoreInst = "Multiplier">   --->   Core 3 'Multiplier' <Latency = 3> <II = 1> <Delay = 1.87> <FuncUnit> <Opcode : 'mul'> <InPorts = 2> <OutPorts = 1>
ST_7 : Operation 502 [1/1] (0.00ns)   --->   "%trunc_ln144_16 = partselect i14 @_ssdm_op_PartSelect.i14.i25.i32.i32, i25 %mul_ln73_16, i32 7, i32 20" [firmware/nnet_utils/nnet_dense_resource.h:144]   --->   Operation 502 'partselect' 'trunc_ln144_16' <Predicate = true> <Delay = 0.00>
ST_7 : Operation 503 [1/1] (0.00ns)   --->   "%tmp_751 = bitselect i1 @_ssdm_op_BitSelect.i1.i25.i32, i25 %mul_ln73_16, i32 6" [firmware/nnet_utils/nnet_dense_resource.h:144]   --->   Operation 503 'bitselect' 'tmp_751' <Predicate = true> <Delay = 0.00>
ST_7 : Operation 504 [1/4] (1.87ns)   --->   "%mul_ln73_17 = mul i25 %sext_ln73_2, i25 %sext_ln73_19" [firmware/nnet_utils/nnet_mult.h:73->firmware/nnet_utils/nnet_dense_resource.h:145]   --->   Operation 504 'mul' 'mul_ln73_17' <Predicate = true> <Delay = 1.87> <CoreInst = "Multiplier">   --->   Core 3 'Multiplier' <Latency = 3> <II = 1> <Delay = 1.87> <FuncUnit> <Opcode : 'mul'> <InPorts = 2> <OutPorts = 1>
ST_7 : Operation 505 [1/1] (0.00ns)   --->   "%trunc_ln144_17 = partselect i14 @_ssdm_op_PartSelect.i14.i25.i32.i32, i25 %mul_ln73_17, i32 7, i32 20" [firmware/nnet_utils/nnet_dense_resource.h:144]   --->   Operation 505 'partselect' 'trunc_ln144_17' <Predicate = true> <Delay = 0.00>
ST_7 : Operation 506 [1/1] (0.00ns)   --->   "%tmp_752 = bitselect i1 @_ssdm_op_BitSelect.i1.i25.i32, i25 %mul_ln73_17, i32 6" [firmware/nnet_utils/nnet_dense_resource.h:144]   --->   Operation 506 'bitselect' 'tmp_752' <Predicate = true> <Delay = 0.00>
ST_7 : Operation 507 [1/4] (1.87ns)   --->   "%mul_ln73_18 = mul i25 %sext_ln73_2, i25 %sext_ln73_20" [firmware/nnet_utils/nnet_mult.h:73->firmware/nnet_utils/nnet_dense_resource.h:145]   --->   Operation 507 'mul' 'mul_ln73_18' <Predicate = true> <Delay = 1.87> <CoreInst = "Multiplier">   --->   Core 3 'Multiplier' <Latency = 3> <II = 1> <Delay = 1.87> <FuncUnit> <Opcode : 'mul'> <InPorts = 2> <OutPorts = 1>
ST_7 : Operation 508 [1/1] (0.00ns)   --->   "%trunc_ln144_18 = partselect i14 @_ssdm_op_PartSelect.i14.i25.i32.i32, i25 %mul_ln73_18, i32 7, i32 20" [firmware/nnet_utils/nnet_dense_resource.h:144]   --->   Operation 508 'partselect' 'trunc_ln144_18' <Predicate = true> <Delay = 0.00>
ST_7 : Operation 509 [1/1] (0.00ns)   --->   "%tmp_753 = bitselect i1 @_ssdm_op_BitSelect.i1.i25.i32, i25 %mul_ln73_18, i32 6" [firmware/nnet_utils/nnet_dense_resource.h:144]   --->   Operation 509 'bitselect' 'tmp_753' <Predicate = true> <Delay = 0.00>
ST_7 : Operation 510 [1/4] (1.87ns)   --->   "%mul_ln73_19 = mul i25 %sext_ln73_2, i25 %sext_ln73_21" [firmware/nnet_utils/nnet_mult.h:73->firmware/nnet_utils/nnet_dense_resource.h:145]   --->   Operation 510 'mul' 'mul_ln73_19' <Predicate = true> <Delay = 1.87> <CoreInst = "Multiplier">   --->   Core 3 'Multiplier' <Latency = 3> <II = 1> <Delay = 1.87> <FuncUnit> <Opcode : 'mul'> <InPorts = 2> <OutPorts = 1>
ST_7 : Operation 511 [1/1] (0.00ns)   --->   "%trunc_ln144_19 = partselect i14 @_ssdm_op_PartSelect.i14.i25.i32.i32, i25 %mul_ln73_19, i32 7, i32 20" [firmware/nnet_utils/nnet_dense_resource.h:144]   --->   Operation 511 'partselect' 'trunc_ln144_19' <Predicate = true> <Delay = 0.00>
ST_7 : Operation 512 [1/1] (0.00ns)   --->   "%tmp_754 = bitselect i1 @_ssdm_op_BitSelect.i1.i25.i32, i25 %mul_ln73_19, i32 6" [firmware/nnet_utils/nnet_dense_resource.h:144]   --->   Operation 512 'bitselect' 'tmp_754' <Predicate = true> <Delay = 0.00>
ST_7 : Operation 513 [1/4] (1.87ns)   --->   "%mul_ln73_20 = mul i25 %sext_ln73_2, i25 %sext_ln73_22" [firmware/nnet_utils/nnet_mult.h:73->firmware/nnet_utils/nnet_dense_resource.h:145]   --->   Operation 513 'mul' 'mul_ln73_20' <Predicate = true> <Delay = 1.87> <CoreInst = "Multiplier">   --->   Core 3 'Multiplier' <Latency = 3> <II = 1> <Delay = 1.87> <FuncUnit> <Opcode : 'mul'> <InPorts = 2> <OutPorts = 1>
ST_7 : Operation 514 [1/1] (0.00ns)   --->   "%trunc_ln144_20 = partselect i14 @_ssdm_op_PartSelect.i14.i25.i32.i32, i25 %mul_ln73_20, i32 7, i32 20" [firmware/nnet_utils/nnet_dense_resource.h:144]   --->   Operation 514 'partselect' 'trunc_ln144_20' <Predicate = true> <Delay = 0.00>
ST_7 : Operation 515 [1/1] (0.00ns)   --->   "%tmp_755 = bitselect i1 @_ssdm_op_BitSelect.i1.i25.i32, i25 %mul_ln73_20, i32 6" [firmware/nnet_utils/nnet_dense_resource.h:144]   --->   Operation 515 'bitselect' 'tmp_755' <Predicate = true> <Delay = 0.00>
ST_7 : Operation 516 [1/4] (1.87ns)   --->   "%mul_ln73_21 = mul i25 %sext_ln73_2, i25 %sext_ln73_23" [firmware/nnet_utils/nnet_mult.h:73->firmware/nnet_utils/nnet_dense_resource.h:145]   --->   Operation 516 'mul' 'mul_ln73_21' <Predicate = true> <Delay = 1.87> <CoreInst = "Multiplier">   --->   Core 3 'Multiplier' <Latency = 3> <II = 1> <Delay = 1.87> <FuncUnit> <Opcode : 'mul'> <InPorts = 2> <OutPorts = 1>
ST_7 : Operation 517 [1/1] (0.00ns)   --->   "%trunc_ln144_21 = partselect i14 @_ssdm_op_PartSelect.i14.i25.i32.i32, i25 %mul_ln73_21, i32 7, i32 20" [firmware/nnet_utils/nnet_dense_resource.h:144]   --->   Operation 517 'partselect' 'trunc_ln144_21' <Predicate = true> <Delay = 0.00>
ST_7 : Operation 518 [1/1] (0.00ns)   --->   "%tmp_756 = bitselect i1 @_ssdm_op_BitSelect.i1.i25.i32, i25 %mul_ln73_21, i32 6" [firmware/nnet_utils/nnet_dense_resource.h:144]   --->   Operation 518 'bitselect' 'tmp_756' <Predicate = true> <Delay = 0.00>
ST_7 : Operation 519 [1/4] (1.87ns)   --->   "%mul_ln73_22 = mul i25 %sext_ln73_2, i25 %sext_ln73_24" [firmware/nnet_utils/nnet_mult.h:73->firmware/nnet_utils/nnet_dense_resource.h:145]   --->   Operation 519 'mul' 'mul_ln73_22' <Predicate = true> <Delay = 1.87> <CoreInst = "Multiplier">   --->   Core 3 'Multiplier' <Latency = 3> <II = 1> <Delay = 1.87> <FuncUnit> <Opcode : 'mul'> <InPorts = 2> <OutPorts = 1>
ST_7 : Operation 520 [1/1] (0.00ns)   --->   "%trunc_ln144_22 = partselect i14 @_ssdm_op_PartSelect.i14.i25.i32.i32, i25 %mul_ln73_22, i32 7, i32 20" [firmware/nnet_utils/nnet_dense_resource.h:144]   --->   Operation 520 'partselect' 'trunc_ln144_22' <Predicate = true> <Delay = 0.00>
ST_7 : Operation 521 [1/1] (0.00ns)   --->   "%tmp_757 = bitselect i1 @_ssdm_op_BitSelect.i1.i25.i32, i25 %mul_ln73_22, i32 6" [firmware/nnet_utils/nnet_dense_resource.h:144]   --->   Operation 521 'bitselect' 'tmp_757' <Predicate = true> <Delay = 0.00>
ST_7 : Operation 522 [1/4] (1.87ns)   --->   "%mul_ln73_23 = mul i25 %sext_ln73_2, i25 %sext_ln73_25" [firmware/nnet_utils/nnet_mult.h:73->firmware/nnet_utils/nnet_dense_resource.h:145]   --->   Operation 522 'mul' 'mul_ln73_23' <Predicate = true> <Delay = 1.87> <CoreInst = "Multiplier">   --->   Core 3 'Multiplier' <Latency = 3> <II = 1> <Delay = 1.87> <FuncUnit> <Opcode : 'mul'> <InPorts = 2> <OutPorts = 1>
ST_7 : Operation 523 [1/1] (0.00ns)   --->   "%trunc_ln144_23 = partselect i14 @_ssdm_op_PartSelect.i14.i25.i32.i32, i25 %mul_ln73_23, i32 7, i32 20" [firmware/nnet_utils/nnet_dense_resource.h:144]   --->   Operation 523 'partselect' 'trunc_ln144_23' <Predicate = true> <Delay = 0.00>
ST_7 : Operation 524 [1/1] (0.00ns)   --->   "%tmp_758 = bitselect i1 @_ssdm_op_BitSelect.i1.i25.i32, i25 %mul_ln73_23, i32 6" [firmware/nnet_utils/nnet_dense_resource.h:144]   --->   Operation 524 'bitselect' 'tmp_758' <Predicate = true> <Delay = 0.00>
ST_7 : Operation 525 [1/4] (1.87ns)   --->   "%mul_ln73_24 = mul i25 %sext_ln73_2, i25 %sext_ln73_26" [firmware/nnet_utils/nnet_mult.h:73->firmware/nnet_utils/nnet_dense_resource.h:145]   --->   Operation 525 'mul' 'mul_ln73_24' <Predicate = true> <Delay = 1.87> <CoreInst = "Multiplier">   --->   Core 3 'Multiplier' <Latency = 3> <II = 1> <Delay = 1.87> <FuncUnit> <Opcode : 'mul'> <InPorts = 2> <OutPorts = 1>
ST_7 : Operation 526 [1/1] (0.00ns)   --->   "%trunc_ln144_24 = partselect i14 @_ssdm_op_PartSelect.i14.i25.i32.i32, i25 %mul_ln73_24, i32 7, i32 20" [firmware/nnet_utils/nnet_dense_resource.h:144]   --->   Operation 526 'partselect' 'trunc_ln144_24' <Predicate = true> <Delay = 0.00>
ST_7 : Operation 527 [1/1] (0.00ns)   --->   "%tmp_759 = bitselect i1 @_ssdm_op_BitSelect.i1.i25.i32, i25 %mul_ln73_24, i32 6" [firmware/nnet_utils/nnet_dense_resource.h:144]   --->   Operation 527 'bitselect' 'tmp_759' <Predicate = true> <Delay = 0.00>
ST_7 : Operation 528 [1/4] (1.87ns)   --->   "%mul_ln73_25 = mul i25 %sext_ln73_2, i25 %sext_ln73_27" [firmware/nnet_utils/nnet_mult.h:73->firmware/nnet_utils/nnet_dense_resource.h:145]   --->   Operation 528 'mul' 'mul_ln73_25' <Predicate = true> <Delay = 1.87> <CoreInst = "Multiplier">   --->   Core 3 'Multiplier' <Latency = 3> <II = 1> <Delay = 1.87> <FuncUnit> <Opcode : 'mul'> <InPorts = 2> <OutPorts = 1>
ST_7 : Operation 529 [1/1] (0.00ns)   --->   "%trunc_ln144_25 = partselect i14 @_ssdm_op_PartSelect.i14.i25.i32.i32, i25 %mul_ln73_25, i32 7, i32 20" [firmware/nnet_utils/nnet_dense_resource.h:144]   --->   Operation 529 'partselect' 'trunc_ln144_25' <Predicate = true> <Delay = 0.00>
ST_7 : Operation 530 [1/1] (0.00ns)   --->   "%tmp_760 = bitselect i1 @_ssdm_op_BitSelect.i1.i25.i32, i25 %mul_ln73_25, i32 6" [firmware/nnet_utils/nnet_dense_resource.h:144]   --->   Operation 530 'bitselect' 'tmp_760' <Predicate = true> <Delay = 0.00>
ST_7 : Operation 531 [1/4] (1.87ns)   --->   "%mul_ln73_26 = mul i25 %sext_ln73_2, i25 %sext_ln73_28" [firmware/nnet_utils/nnet_mult.h:73->firmware/nnet_utils/nnet_dense_resource.h:145]   --->   Operation 531 'mul' 'mul_ln73_26' <Predicate = true> <Delay = 1.87> <CoreInst = "Multiplier">   --->   Core 3 'Multiplier' <Latency = 3> <II = 1> <Delay = 1.87> <FuncUnit> <Opcode : 'mul'> <InPorts = 2> <OutPorts = 1>
ST_7 : Operation 532 [1/1] (0.00ns)   --->   "%trunc_ln144_26 = partselect i14 @_ssdm_op_PartSelect.i14.i25.i32.i32, i25 %mul_ln73_26, i32 7, i32 20" [firmware/nnet_utils/nnet_dense_resource.h:144]   --->   Operation 532 'partselect' 'trunc_ln144_26' <Predicate = true> <Delay = 0.00>
ST_7 : Operation 533 [1/1] (0.00ns)   --->   "%tmp_761 = bitselect i1 @_ssdm_op_BitSelect.i1.i25.i32, i25 %mul_ln73_26, i32 6" [firmware/nnet_utils/nnet_dense_resource.h:144]   --->   Operation 533 'bitselect' 'tmp_761' <Predicate = true> <Delay = 0.00>
ST_7 : Operation 534 [1/4] (1.87ns)   --->   "%mul_ln73_27 = mul i25 %sext_ln73_2, i25 %sext_ln73_29" [firmware/nnet_utils/nnet_mult.h:73->firmware/nnet_utils/nnet_dense_resource.h:145]   --->   Operation 534 'mul' 'mul_ln73_27' <Predicate = true> <Delay = 1.87> <CoreInst = "Multiplier">   --->   Core 3 'Multiplier' <Latency = 3> <II = 1> <Delay = 1.87> <FuncUnit> <Opcode : 'mul'> <InPorts = 2> <OutPorts = 1>
ST_7 : Operation 535 [1/1] (0.00ns)   --->   "%trunc_ln144_27 = partselect i14 @_ssdm_op_PartSelect.i14.i25.i32.i32, i25 %mul_ln73_27, i32 7, i32 20" [firmware/nnet_utils/nnet_dense_resource.h:144]   --->   Operation 535 'partselect' 'trunc_ln144_27' <Predicate = true> <Delay = 0.00>
ST_7 : Operation 536 [1/1] (0.00ns)   --->   "%tmp_762 = bitselect i1 @_ssdm_op_BitSelect.i1.i25.i32, i25 %mul_ln73_27, i32 6" [firmware/nnet_utils/nnet_dense_resource.h:144]   --->   Operation 536 'bitselect' 'tmp_762' <Predicate = true> <Delay = 0.00>
ST_7 : Operation 537 [1/4] (1.87ns)   --->   "%mul_ln73_28 = mul i25 %sext_ln73_2, i25 %sext_ln73_30" [firmware/nnet_utils/nnet_mult.h:73->firmware/nnet_utils/nnet_dense_resource.h:145]   --->   Operation 537 'mul' 'mul_ln73_28' <Predicate = true> <Delay = 1.87> <CoreInst = "Multiplier">   --->   Core 3 'Multiplier' <Latency = 3> <II = 1> <Delay = 1.87> <FuncUnit> <Opcode : 'mul'> <InPorts = 2> <OutPorts = 1>
ST_7 : Operation 538 [1/1] (0.00ns)   --->   "%trunc_ln144_28 = partselect i14 @_ssdm_op_PartSelect.i14.i25.i32.i32, i25 %mul_ln73_28, i32 7, i32 20" [firmware/nnet_utils/nnet_dense_resource.h:144]   --->   Operation 538 'partselect' 'trunc_ln144_28' <Predicate = true> <Delay = 0.00>
ST_7 : Operation 539 [1/1] (0.00ns)   --->   "%tmp_763 = bitselect i1 @_ssdm_op_BitSelect.i1.i25.i32, i25 %mul_ln73_28, i32 6" [firmware/nnet_utils/nnet_dense_resource.h:144]   --->   Operation 539 'bitselect' 'tmp_763' <Predicate = true> <Delay = 0.00>
ST_7 : Operation 540 [1/4] (1.87ns)   --->   "%mul_ln73_29 = mul i25 %sext_ln73_2, i25 %sext_ln73_31" [firmware/nnet_utils/nnet_mult.h:73->firmware/nnet_utils/nnet_dense_resource.h:145]   --->   Operation 540 'mul' 'mul_ln73_29' <Predicate = true> <Delay = 1.87> <CoreInst = "Multiplier">   --->   Core 3 'Multiplier' <Latency = 3> <II = 1> <Delay = 1.87> <FuncUnit> <Opcode : 'mul'> <InPorts = 2> <OutPorts = 1>
ST_7 : Operation 541 [1/1] (0.00ns)   --->   "%trunc_ln144_29 = partselect i14 @_ssdm_op_PartSelect.i14.i25.i32.i32, i25 %mul_ln73_29, i32 7, i32 20" [firmware/nnet_utils/nnet_dense_resource.h:144]   --->   Operation 541 'partselect' 'trunc_ln144_29' <Predicate = true> <Delay = 0.00>
ST_7 : Operation 542 [1/1] (0.00ns)   --->   "%tmp_764 = bitselect i1 @_ssdm_op_BitSelect.i1.i25.i32, i25 %mul_ln73_29, i32 6" [firmware/nnet_utils/nnet_dense_resource.h:144]   --->   Operation 542 'bitselect' 'tmp_764' <Predicate = true> <Delay = 0.00>
ST_7 : Operation 543 [1/4] (1.87ns)   --->   "%mul_ln73_30 = mul i25 %sext_ln73_2, i25 %sext_ln73_32" [firmware/nnet_utils/nnet_mult.h:73->firmware/nnet_utils/nnet_dense_resource.h:145]   --->   Operation 543 'mul' 'mul_ln73_30' <Predicate = true> <Delay = 1.87> <CoreInst = "Multiplier">   --->   Core 3 'Multiplier' <Latency = 3> <II = 1> <Delay = 1.87> <FuncUnit> <Opcode : 'mul'> <InPorts = 2> <OutPorts = 1>
ST_7 : Operation 544 [1/1] (0.00ns)   --->   "%trunc_ln144_30 = partselect i14 @_ssdm_op_PartSelect.i14.i25.i32.i32, i25 %mul_ln73_30, i32 7, i32 20" [firmware/nnet_utils/nnet_dense_resource.h:144]   --->   Operation 544 'partselect' 'trunc_ln144_30' <Predicate = true> <Delay = 0.00>
ST_7 : Operation 545 [1/1] (0.00ns)   --->   "%tmp_765 = bitselect i1 @_ssdm_op_BitSelect.i1.i25.i32, i25 %mul_ln73_30, i32 6" [firmware/nnet_utils/nnet_dense_resource.h:144]   --->   Operation 545 'bitselect' 'tmp_765' <Predicate = true> <Delay = 0.00>
ST_7 : Operation 546 [1/4] (1.87ns)   --->   "%mul_ln73_31 = mul i25 %sext_ln73_2, i25 %sext_ln73_33" [firmware/nnet_utils/nnet_mult.h:73->firmware/nnet_utils/nnet_dense_resource.h:145]   --->   Operation 546 'mul' 'mul_ln73_31' <Predicate = true> <Delay = 1.87> <CoreInst = "Multiplier">   --->   Core 3 'Multiplier' <Latency = 3> <II = 1> <Delay = 1.87> <FuncUnit> <Opcode : 'mul'> <InPorts = 2> <OutPorts = 1>
ST_7 : Operation 547 [1/1] (0.00ns)   --->   "%trunc_ln144_31 = partselect i14 @_ssdm_op_PartSelect.i14.i25.i32.i32, i25 %mul_ln73_31, i32 7, i32 20" [firmware/nnet_utils/nnet_dense_resource.h:144]   --->   Operation 547 'partselect' 'trunc_ln144_31' <Predicate = true> <Delay = 0.00>
ST_7 : Operation 548 [1/1] (0.00ns)   --->   "%tmp_766 = bitselect i1 @_ssdm_op_BitSelect.i1.i25.i32, i25 %mul_ln73_31, i32 6" [firmware/nnet_utils/nnet_dense_resource.h:144]   --->   Operation 548 'bitselect' 'tmp_766' <Predicate = true> <Delay = 0.00>
ST_7 : Operation 549 [1/4] (1.87ns)   --->   "%mul_ln73_32 = mul i25 %sext_ln73_2, i25 %sext_ln73_34" [firmware/nnet_utils/nnet_mult.h:73->firmware/nnet_utils/nnet_dense_resource.h:145]   --->   Operation 549 'mul' 'mul_ln73_32' <Predicate = true> <Delay = 1.87> <CoreInst = "Multiplier">   --->   Core 3 'Multiplier' <Latency = 3> <II = 1> <Delay = 1.87> <FuncUnit> <Opcode : 'mul'> <InPorts = 2> <OutPorts = 1>
ST_7 : Operation 550 [1/1] (0.00ns)   --->   "%trunc_ln144_32 = partselect i14 @_ssdm_op_PartSelect.i14.i25.i32.i32, i25 %mul_ln73_32, i32 7, i32 20" [firmware/nnet_utils/nnet_dense_resource.h:144]   --->   Operation 550 'partselect' 'trunc_ln144_32' <Predicate = true> <Delay = 0.00>
ST_7 : Operation 551 [1/1] (0.00ns)   --->   "%tmp_767 = bitselect i1 @_ssdm_op_BitSelect.i1.i25.i32, i25 %mul_ln73_32, i32 6" [firmware/nnet_utils/nnet_dense_resource.h:144]   --->   Operation 551 'bitselect' 'tmp_767' <Predicate = true> <Delay = 0.00>
ST_7 : Operation 552 [1/4] (1.87ns)   --->   "%mul_ln73_33 = mul i25 %sext_ln73_2, i25 %sext_ln73_35" [firmware/nnet_utils/nnet_mult.h:73->firmware/nnet_utils/nnet_dense_resource.h:145]   --->   Operation 552 'mul' 'mul_ln73_33' <Predicate = true> <Delay = 1.87> <CoreInst = "Multiplier">   --->   Core 3 'Multiplier' <Latency = 3> <II = 1> <Delay = 1.87> <FuncUnit> <Opcode : 'mul'> <InPorts = 2> <OutPorts = 1>
ST_7 : Operation 553 [1/1] (0.00ns)   --->   "%trunc_ln144_33 = partselect i14 @_ssdm_op_PartSelect.i14.i25.i32.i32, i25 %mul_ln73_33, i32 7, i32 20" [firmware/nnet_utils/nnet_dense_resource.h:144]   --->   Operation 553 'partselect' 'trunc_ln144_33' <Predicate = true> <Delay = 0.00>
ST_7 : Operation 554 [1/1] (0.00ns)   --->   "%tmp_768 = bitselect i1 @_ssdm_op_BitSelect.i1.i25.i32, i25 %mul_ln73_33, i32 6" [firmware/nnet_utils/nnet_dense_resource.h:144]   --->   Operation 554 'bitselect' 'tmp_768' <Predicate = true> <Delay = 0.00>
ST_7 : Operation 555 [1/4] (1.87ns)   --->   "%mul_ln73_34 = mul i25 %sext_ln73_2, i25 %sext_ln73_36" [firmware/nnet_utils/nnet_mult.h:73->firmware/nnet_utils/nnet_dense_resource.h:145]   --->   Operation 555 'mul' 'mul_ln73_34' <Predicate = true> <Delay = 1.87> <CoreInst = "Multiplier">   --->   Core 3 'Multiplier' <Latency = 3> <II = 1> <Delay = 1.87> <FuncUnit> <Opcode : 'mul'> <InPorts = 2> <OutPorts = 1>
ST_7 : Operation 556 [1/1] (0.00ns)   --->   "%trunc_ln144_34 = partselect i14 @_ssdm_op_PartSelect.i14.i25.i32.i32, i25 %mul_ln73_34, i32 7, i32 20" [firmware/nnet_utils/nnet_dense_resource.h:144]   --->   Operation 556 'partselect' 'trunc_ln144_34' <Predicate = true> <Delay = 0.00>
ST_7 : Operation 557 [1/1] (0.00ns)   --->   "%tmp_769 = bitselect i1 @_ssdm_op_BitSelect.i1.i25.i32, i25 %mul_ln73_34, i32 6" [firmware/nnet_utils/nnet_dense_resource.h:144]   --->   Operation 557 'bitselect' 'tmp_769' <Predicate = true> <Delay = 0.00>
ST_7 : Operation 558 [1/4] (1.87ns)   --->   "%mul_ln73_35 = mul i25 %sext_ln73_2, i25 %sext_ln73_37" [firmware/nnet_utils/nnet_mult.h:73->firmware/nnet_utils/nnet_dense_resource.h:145]   --->   Operation 558 'mul' 'mul_ln73_35' <Predicate = true> <Delay = 1.87> <CoreInst = "Multiplier">   --->   Core 3 'Multiplier' <Latency = 3> <II = 1> <Delay = 1.87> <FuncUnit> <Opcode : 'mul'> <InPorts = 2> <OutPorts = 1>
ST_7 : Operation 559 [1/1] (0.00ns)   --->   "%trunc_ln144_35 = partselect i14 @_ssdm_op_PartSelect.i14.i25.i32.i32, i25 %mul_ln73_35, i32 7, i32 20" [firmware/nnet_utils/nnet_dense_resource.h:144]   --->   Operation 559 'partselect' 'trunc_ln144_35' <Predicate = true> <Delay = 0.00>
ST_7 : Operation 560 [1/1] (0.00ns)   --->   "%tmp_770 = bitselect i1 @_ssdm_op_BitSelect.i1.i25.i32, i25 %mul_ln73_35, i32 6" [firmware/nnet_utils/nnet_dense_resource.h:144]   --->   Operation 560 'bitselect' 'tmp_770' <Predicate = true> <Delay = 0.00>
ST_7 : Operation 561 [1/4] (1.87ns)   --->   "%mul_ln73_36 = mul i25 %sext_ln73_2, i25 %sext_ln73_38" [firmware/nnet_utils/nnet_mult.h:73->firmware/nnet_utils/nnet_dense_resource.h:145]   --->   Operation 561 'mul' 'mul_ln73_36' <Predicate = true> <Delay = 1.87> <CoreInst = "Multiplier">   --->   Core 3 'Multiplier' <Latency = 3> <II = 1> <Delay = 1.87> <FuncUnit> <Opcode : 'mul'> <InPorts = 2> <OutPorts = 1>
ST_7 : Operation 562 [1/1] (0.00ns)   --->   "%trunc_ln144_36 = partselect i14 @_ssdm_op_PartSelect.i14.i25.i32.i32, i25 %mul_ln73_36, i32 7, i32 20" [firmware/nnet_utils/nnet_dense_resource.h:144]   --->   Operation 562 'partselect' 'trunc_ln144_36' <Predicate = true> <Delay = 0.00>
ST_7 : Operation 563 [1/1] (0.00ns)   --->   "%tmp_771 = bitselect i1 @_ssdm_op_BitSelect.i1.i25.i32, i25 %mul_ln73_36, i32 6" [firmware/nnet_utils/nnet_dense_resource.h:144]   --->   Operation 563 'bitselect' 'tmp_771' <Predicate = true> <Delay = 0.00>
ST_7 : Operation 564 [1/4] (1.87ns)   --->   "%mul_ln73_37 = mul i25 %sext_ln73_2, i25 %sext_ln73_39" [firmware/nnet_utils/nnet_mult.h:73->firmware/nnet_utils/nnet_dense_resource.h:145]   --->   Operation 564 'mul' 'mul_ln73_37' <Predicate = true> <Delay = 1.87> <CoreInst = "Multiplier">   --->   Core 3 'Multiplier' <Latency = 3> <II = 1> <Delay = 1.87> <FuncUnit> <Opcode : 'mul'> <InPorts = 2> <OutPorts = 1>
ST_7 : Operation 565 [1/1] (0.00ns)   --->   "%trunc_ln144_37 = partselect i14 @_ssdm_op_PartSelect.i14.i25.i32.i32, i25 %mul_ln73_37, i32 7, i32 20" [firmware/nnet_utils/nnet_dense_resource.h:144]   --->   Operation 565 'partselect' 'trunc_ln144_37' <Predicate = true> <Delay = 0.00>
ST_7 : Operation 566 [1/1] (0.00ns)   --->   "%tmp_772 = bitselect i1 @_ssdm_op_BitSelect.i1.i25.i32, i25 %mul_ln73_37, i32 6" [firmware/nnet_utils/nnet_dense_resource.h:144]   --->   Operation 566 'bitselect' 'tmp_772' <Predicate = true> <Delay = 0.00>
ST_7 : Operation 567 [1/4] (1.87ns)   --->   "%mul_ln73_38 = mul i25 %sext_ln73_2, i25 %sext_ln73_40" [firmware/nnet_utils/nnet_mult.h:73->firmware/nnet_utils/nnet_dense_resource.h:145]   --->   Operation 567 'mul' 'mul_ln73_38' <Predicate = true> <Delay = 1.87> <CoreInst = "Multiplier">   --->   Core 3 'Multiplier' <Latency = 3> <II = 1> <Delay = 1.87> <FuncUnit> <Opcode : 'mul'> <InPorts = 2> <OutPorts = 1>
ST_7 : Operation 568 [1/1] (0.00ns)   --->   "%trunc_ln144_38 = partselect i14 @_ssdm_op_PartSelect.i14.i25.i32.i32, i25 %mul_ln73_38, i32 7, i32 20" [firmware/nnet_utils/nnet_dense_resource.h:144]   --->   Operation 568 'partselect' 'trunc_ln144_38' <Predicate = true> <Delay = 0.00>
ST_7 : Operation 569 [1/1] (0.00ns)   --->   "%tmp_773 = bitselect i1 @_ssdm_op_BitSelect.i1.i25.i32, i25 %mul_ln73_38, i32 6" [firmware/nnet_utils/nnet_dense_resource.h:144]   --->   Operation 569 'bitselect' 'tmp_773' <Predicate = true> <Delay = 0.00>
ST_7 : Operation 570 [1/4] (1.87ns)   --->   "%mul_ln73_39 = mul i25 %sext_ln73_2, i25 %sext_ln73_41" [firmware/nnet_utils/nnet_mult.h:73->firmware/nnet_utils/nnet_dense_resource.h:145]   --->   Operation 570 'mul' 'mul_ln73_39' <Predicate = true> <Delay = 1.87> <CoreInst = "Multiplier">   --->   Core 3 'Multiplier' <Latency = 3> <II = 1> <Delay = 1.87> <FuncUnit> <Opcode : 'mul'> <InPorts = 2> <OutPorts = 1>
ST_7 : Operation 571 [1/1] (0.00ns)   --->   "%trunc_ln144_39 = partselect i14 @_ssdm_op_PartSelect.i14.i25.i32.i32, i25 %mul_ln73_39, i32 7, i32 20" [firmware/nnet_utils/nnet_dense_resource.h:144]   --->   Operation 571 'partselect' 'trunc_ln144_39' <Predicate = true> <Delay = 0.00>
ST_7 : Operation 572 [1/1] (0.00ns)   --->   "%tmp_774 = bitselect i1 @_ssdm_op_BitSelect.i1.i25.i32, i25 %mul_ln73_39, i32 6" [firmware/nnet_utils/nnet_dense_resource.h:144]   --->   Operation 572 'bitselect' 'tmp_774' <Predicate = true> <Delay = 0.00>
ST_7 : Operation 573 [1/4] (1.87ns)   --->   "%mul_ln73_40 = mul i25 %sext_ln73_2, i25 %sext_ln73_42" [firmware/nnet_utils/nnet_mult.h:73->firmware/nnet_utils/nnet_dense_resource.h:145]   --->   Operation 573 'mul' 'mul_ln73_40' <Predicate = true> <Delay = 1.87> <CoreInst = "Multiplier">   --->   Core 3 'Multiplier' <Latency = 3> <II = 1> <Delay = 1.87> <FuncUnit> <Opcode : 'mul'> <InPorts = 2> <OutPorts = 1>
ST_7 : Operation 574 [1/1] (0.00ns)   --->   "%trunc_ln144_40 = partselect i14 @_ssdm_op_PartSelect.i14.i25.i32.i32, i25 %mul_ln73_40, i32 7, i32 20" [firmware/nnet_utils/nnet_dense_resource.h:144]   --->   Operation 574 'partselect' 'trunc_ln144_40' <Predicate = true> <Delay = 0.00>
ST_7 : Operation 575 [1/1] (0.00ns)   --->   "%tmp_775 = bitselect i1 @_ssdm_op_BitSelect.i1.i25.i32, i25 %mul_ln73_40, i32 6" [firmware/nnet_utils/nnet_dense_resource.h:144]   --->   Operation 575 'bitselect' 'tmp_775' <Predicate = true> <Delay = 0.00>
ST_7 : Operation 576 [1/4] (1.87ns)   --->   "%mul_ln73_41 = mul i25 %sext_ln73_2, i25 %sext_ln73_43" [firmware/nnet_utils/nnet_mult.h:73->firmware/nnet_utils/nnet_dense_resource.h:145]   --->   Operation 576 'mul' 'mul_ln73_41' <Predicate = true> <Delay = 1.87> <CoreInst = "Multiplier">   --->   Core 3 'Multiplier' <Latency = 3> <II = 1> <Delay = 1.87> <FuncUnit> <Opcode : 'mul'> <InPorts = 2> <OutPorts = 1>
ST_7 : Operation 577 [1/1] (0.00ns)   --->   "%trunc_ln144_41 = partselect i14 @_ssdm_op_PartSelect.i14.i25.i32.i32, i25 %mul_ln73_41, i32 7, i32 20" [firmware/nnet_utils/nnet_dense_resource.h:144]   --->   Operation 577 'partselect' 'trunc_ln144_41' <Predicate = true> <Delay = 0.00>
ST_7 : Operation 578 [1/1] (0.00ns)   --->   "%tmp_776 = bitselect i1 @_ssdm_op_BitSelect.i1.i25.i32, i25 %mul_ln73_41, i32 6" [firmware/nnet_utils/nnet_dense_resource.h:144]   --->   Operation 578 'bitselect' 'tmp_776' <Predicate = true> <Delay = 0.00>
ST_7 : Operation 579 [1/4] (1.87ns)   --->   "%mul_ln73_42 = mul i25 %sext_ln73_2, i25 %sext_ln73_44" [firmware/nnet_utils/nnet_mult.h:73->firmware/nnet_utils/nnet_dense_resource.h:145]   --->   Operation 579 'mul' 'mul_ln73_42' <Predicate = true> <Delay = 1.87> <CoreInst = "Multiplier">   --->   Core 3 'Multiplier' <Latency = 3> <II = 1> <Delay = 1.87> <FuncUnit> <Opcode : 'mul'> <InPorts = 2> <OutPorts = 1>
ST_7 : Operation 580 [1/1] (0.00ns)   --->   "%trunc_ln144_42 = partselect i14 @_ssdm_op_PartSelect.i14.i25.i32.i32, i25 %mul_ln73_42, i32 7, i32 20" [firmware/nnet_utils/nnet_dense_resource.h:144]   --->   Operation 580 'partselect' 'trunc_ln144_42' <Predicate = true> <Delay = 0.00>
ST_7 : Operation 581 [1/1] (0.00ns)   --->   "%tmp_777 = bitselect i1 @_ssdm_op_BitSelect.i1.i25.i32, i25 %mul_ln73_42, i32 6" [firmware/nnet_utils/nnet_dense_resource.h:144]   --->   Operation 581 'bitselect' 'tmp_777' <Predicate = true> <Delay = 0.00>
ST_7 : Operation 582 [1/4] (1.87ns)   --->   "%mul_ln73_43 = mul i25 %sext_ln73_2, i25 %sext_ln73_45" [firmware/nnet_utils/nnet_mult.h:73->firmware/nnet_utils/nnet_dense_resource.h:145]   --->   Operation 582 'mul' 'mul_ln73_43' <Predicate = true> <Delay = 1.87> <CoreInst = "Multiplier">   --->   Core 3 'Multiplier' <Latency = 3> <II = 1> <Delay = 1.87> <FuncUnit> <Opcode : 'mul'> <InPorts = 2> <OutPorts = 1>
ST_7 : Operation 583 [1/1] (0.00ns)   --->   "%trunc_ln144_43 = partselect i14 @_ssdm_op_PartSelect.i14.i25.i32.i32, i25 %mul_ln73_43, i32 7, i32 20" [firmware/nnet_utils/nnet_dense_resource.h:144]   --->   Operation 583 'partselect' 'trunc_ln144_43' <Predicate = true> <Delay = 0.00>
ST_7 : Operation 584 [1/1] (0.00ns)   --->   "%tmp_778 = bitselect i1 @_ssdm_op_BitSelect.i1.i25.i32, i25 %mul_ln73_43, i32 6" [firmware/nnet_utils/nnet_dense_resource.h:144]   --->   Operation 584 'bitselect' 'tmp_778' <Predicate = true> <Delay = 0.00>
ST_7 : Operation 585 [1/4] (1.87ns)   --->   "%mul_ln73_44 = mul i25 %sext_ln73_2, i25 %sext_ln73_46" [firmware/nnet_utils/nnet_mult.h:73->firmware/nnet_utils/nnet_dense_resource.h:145]   --->   Operation 585 'mul' 'mul_ln73_44' <Predicate = true> <Delay = 1.87> <CoreInst = "Multiplier">   --->   Core 3 'Multiplier' <Latency = 3> <II = 1> <Delay = 1.87> <FuncUnit> <Opcode : 'mul'> <InPorts = 2> <OutPorts = 1>
ST_7 : Operation 586 [1/1] (0.00ns)   --->   "%trunc_ln144_44 = partselect i14 @_ssdm_op_PartSelect.i14.i25.i32.i32, i25 %mul_ln73_44, i32 7, i32 20" [firmware/nnet_utils/nnet_dense_resource.h:144]   --->   Operation 586 'partselect' 'trunc_ln144_44' <Predicate = true> <Delay = 0.00>
ST_7 : Operation 587 [1/1] (0.00ns)   --->   "%tmp_779 = bitselect i1 @_ssdm_op_BitSelect.i1.i25.i32, i25 %mul_ln73_44, i32 6" [firmware/nnet_utils/nnet_dense_resource.h:144]   --->   Operation 587 'bitselect' 'tmp_779' <Predicate = true> <Delay = 0.00>
ST_7 : Operation 588 [1/4] (1.87ns)   --->   "%mul_ln73_45 = mul i25 %sext_ln73_2, i25 %sext_ln73_47" [firmware/nnet_utils/nnet_mult.h:73->firmware/nnet_utils/nnet_dense_resource.h:145]   --->   Operation 588 'mul' 'mul_ln73_45' <Predicate = true> <Delay = 1.87> <CoreInst = "Multiplier">   --->   Core 3 'Multiplier' <Latency = 3> <II = 1> <Delay = 1.87> <FuncUnit> <Opcode : 'mul'> <InPorts = 2> <OutPorts = 1>
ST_7 : Operation 589 [1/1] (0.00ns)   --->   "%trunc_ln144_45 = partselect i14 @_ssdm_op_PartSelect.i14.i25.i32.i32, i25 %mul_ln73_45, i32 7, i32 20" [firmware/nnet_utils/nnet_dense_resource.h:144]   --->   Operation 589 'partselect' 'trunc_ln144_45' <Predicate = true> <Delay = 0.00>
ST_7 : Operation 590 [1/1] (0.00ns)   --->   "%tmp_780 = bitselect i1 @_ssdm_op_BitSelect.i1.i25.i32, i25 %mul_ln73_45, i32 6" [firmware/nnet_utils/nnet_dense_resource.h:144]   --->   Operation 590 'bitselect' 'tmp_780' <Predicate = true> <Delay = 0.00>
ST_7 : Operation 591 [1/4] (1.87ns)   --->   "%mul_ln73_46 = mul i25 %sext_ln73_2, i25 %sext_ln73_48" [firmware/nnet_utils/nnet_mult.h:73->firmware/nnet_utils/nnet_dense_resource.h:145]   --->   Operation 591 'mul' 'mul_ln73_46' <Predicate = true> <Delay = 1.87> <CoreInst = "Multiplier">   --->   Core 3 'Multiplier' <Latency = 3> <II = 1> <Delay = 1.87> <FuncUnit> <Opcode : 'mul'> <InPorts = 2> <OutPorts = 1>
ST_7 : Operation 592 [1/1] (0.00ns)   --->   "%trunc_ln144_46 = partselect i14 @_ssdm_op_PartSelect.i14.i25.i32.i32, i25 %mul_ln73_46, i32 7, i32 20" [firmware/nnet_utils/nnet_dense_resource.h:144]   --->   Operation 592 'partselect' 'trunc_ln144_46' <Predicate = true> <Delay = 0.00>
ST_7 : Operation 593 [1/1] (0.00ns)   --->   "%tmp_781 = bitselect i1 @_ssdm_op_BitSelect.i1.i25.i32, i25 %mul_ln73_46, i32 6" [firmware/nnet_utils/nnet_dense_resource.h:144]   --->   Operation 593 'bitselect' 'tmp_781' <Predicate = true> <Delay = 0.00>
ST_7 : Operation 594 [1/4] (1.87ns)   --->   "%mul_ln73_47 = mul i25 %sext_ln73_2, i25 %sext_ln73_49" [firmware/nnet_utils/nnet_mult.h:73->firmware/nnet_utils/nnet_dense_resource.h:145]   --->   Operation 594 'mul' 'mul_ln73_47' <Predicate = true> <Delay = 1.87> <CoreInst = "Multiplier">   --->   Core 3 'Multiplier' <Latency = 3> <II = 1> <Delay = 1.87> <FuncUnit> <Opcode : 'mul'> <InPorts = 2> <OutPorts = 1>
ST_7 : Operation 595 [1/1] (0.00ns)   --->   "%trunc_ln144_47 = partselect i14 @_ssdm_op_PartSelect.i14.i25.i32.i32, i25 %mul_ln73_47, i32 7, i32 20" [firmware/nnet_utils/nnet_dense_resource.h:144]   --->   Operation 595 'partselect' 'trunc_ln144_47' <Predicate = true> <Delay = 0.00>
ST_7 : Operation 596 [1/1] (0.00ns)   --->   "%tmp_782 = bitselect i1 @_ssdm_op_BitSelect.i1.i25.i32, i25 %mul_ln73_47, i32 6" [firmware/nnet_utils/nnet_dense_resource.h:144]   --->   Operation 596 'bitselect' 'tmp_782' <Predicate = true> <Delay = 0.00>
ST_7 : Operation 597 [1/4] (1.87ns)   --->   "%mul_ln73_48 = mul i25 %sext_ln73_2, i25 %sext_ln73_50" [firmware/nnet_utils/nnet_mult.h:73->firmware/nnet_utils/nnet_dense_resource.h:145]   --->   Operation 597 'mul' 'mul_ln73_48' <Predicate = true> <Delay = 1.87> <CoreInst = "Multiplier">   --->   Core 3 'Multiplier' <Latency = 3> <II = 1> <Delay = 1.87> <FuncUnit> <Opcode : 'mul'> <InPorts = 2> <OutPorts = 1>
ST_7 : Operation 598 [1/1] (0.00ns)   --->   "%trunc_ln144_48 = partselect i14 @_ssdm_op_PartSelect.i14.i25.i32.i32, i25 %mul_ln73_48, i32 7, i32 20" [firmware/nnet_utils/nnet_dense_resource.h:144]   --->   Operation 598 'partselect' 'trunc_ln144_48' <Predicate = true> <Delay = 0.00>
ST_7 : Operation 599 [1/1] (0.00ns)   --->   "%tmp_783 = bitselect i1 @_ssdm_op_BitSelect.i1.i25.i32, i25 %mul_ln73_48, i32 6" [firmware/nnet_utils/nnet_dense_resource.h:144]   --->   Operation 599 'bitselect' 'tmp_783' <Predicate = true> <Delay = 0.00>
ST_7 : Operation 600 [1/4] (1.87ns)   --->   "%mul_ln73_49 = mul i25 %sext_ln73_2, i25 %sext_ln73_51" [firmware/nnet_utils/nnet_mult.h:73->firmware/nnet_utils/nnet_dense_resource.h:145]   --->   Operation 600 'mul' 'mul_ln73_49' <Predicate = true> <Delay = 1.87> <CoreInst = "Multiplier">   --->   Core 3 'Multiplier' <Latency = 3> <II = 1> <Delay = 1.87> <FuncUnit> <Opcode : 'mul'> <InPorts = 2> <OutPorts = 1>
ST_7 : Operation 601 [1/1] (0.00ns)   --->   "%trunc_ln144_49 = partselect i14 @_ssdm_op_PartSelect.i14.i25.i32.i32, i25 %mul_ln73_49, i32 7, i32 20" [firmware/nnet_utils/nnet_dense_resource.h:144]   --->   Operation 601 'partselect' 'trunc_ln144_49' <Predicate = true> <Delay = 0.00>
ST_7 : Operation 602 [1/1] (0.00ns)   --->   "%tmp_784 = bitselect i1 @_ssdm_op_BitSelect.i1.i25.i32, i25 %mul_ln73_49, i32 6" [firmware/nnet_utils/nnet_dense_resource.h:144]   --->   Operation 602 'bitselect' 'tmp_784' <Predicate = true> <Delay = 0.00>
ST_7 : Operation 603 [1/4] (1.87ns)   --->   "%mul_ln73_50 = mul i25 %sext_ln73_2, i25 %sext_ln73_52" [firmware/nnet_utils/nnet_mult.h:73->firmware/nnet_utils/nnet_dense_resource.h:145]   --->   Operation 603 'mul' 'mul_ln73_50' <Predicate = true> <Delay = 1.87> <CoreInst = "Multiplier">   --->   Core 3 'Multiplier' <Latency = 3> <II = 1> <Delay = 1.87> <FuncUnit> <Opcode : 'mul'> <InPorts = 2> <OutPorts = 1>
ST_7 : Operation 604 [1/1] (0.00ns)   --->   "%trunc_ln144_50 = partselect i14 @_ssdm_op_PartSelect.i14.i25.i32.i32, i25 %mul_ln73_50, i32 7, i32 20" [firmware/nnet_utils/nnet_dense_resource.h:144]   --->   Operation 604 'partselect' 'trunc_ln144_50' <Predicate = true> <Delay = 0.00>
ST_7 : Operation 605 [1/1] (0.00ns)   --->   "%tmp_785 = bitselect i1 @_ssdm_op_BitSelect.i1.i25.i32, i25 %mul_ln73_50, i32 6" [firmware/nnet_utils/nnet_dense_resource.h:144]   --->   Operation 605 'bitselect' 'tmp_785' <Predicate = true> <Delay = 0.00>
ST_7 : Operation 606 [1/4] (1.87ns)   --->   "%mul_ln73_51 = mul i25 %sext_ln73_2, i25 %sext_ln73_53" [firmware/nnet_utils/nnet_mult.h:73->firmware/nnet_utils/nnet_dense_resource.h:145]   --->   Operation 606 'mul' 'mul_ln73_51' <Predicate = true> <Delay = 1.87> <CoreInst = "Multiplier">   --->   Core 3 'Multiplier' <Latency = 3> <II = 1> <Delay = 1.87> <FuncUnit> <Opcode : 'mul'> <InPorts = 2> <OutPorts = 1>
ST_7 : Operation 607 [1/1] (0.00ns)   --->   "%trunc_ln144_51 = partselect i14 @_ssdm_op_PartSelect.i14.i25.i32.i32, i25 %mul_ln73_51, i32 7, i32 20" [firmware/nnet_utils/nnet_dense_resource.h:144]   --->   Operation 607 'partselect' 'trunc_ln144_51' <Predicate = true> <Delay = 0.00>
ST_7 : Operation 608 [1/1] (0.00ns)   --->   "%tmp_786 = bitselect i1 @_ssdm_op_BitSelect.i1.i25.i32, i25 %mul_ln73_51, i32 6" [firmware/nnet_utils/nnet_dense_resource.h:144]   --->   Operation 608 'bitselect' 'tmp_786' <Predicate = true> <Delay = 0.00>
ST_7 : Operation 609 [1/4] (1.87ns)   --->   "%mul_ln73_52 = mul i25 %sext_ln73_2, i25 %sext_ln73_54" [firmware/nnet_utils/nnet_mult.h:73->firmware/nnet_utils/nnet_dense_resource.h:145]   --->   Operation 609 'mul' 'mul_ln73_52' <Predicate = true> <Delay = 1.87> <CoreInst = "Multiplier">   --->   Core 3 'Multiplier' <Latency = 3> <II = 1> <Delay = 1.87> <FuncUnit> <Opcode : 'mul'> <InPorts = 2> <OutPorts = 1>
ST_7 : Operation 610 [1/1] (0.00ns)   --->   "%trunc_ln144_52 = partselect i14 @_ssdm_op_PartSelect.i14.i25.i32.i32, i25 %mul_ln73_52, i32 7, i32 20" [firmware/nnet_utils/nnet_dense_resource.h:144]   --->   Operation 610 'partselect' 'trunc_ln144_52' <Predicate = true> <Delay = 0.00>
ST_7 : Operation 611 [1/1] (0.00ns)   --->   "%tmp_787 = bitselect i1 @_ssdm_op_BitSelect.i1.i25.i32, i25 %mul_ln73_52, i32 6" [firmware/nnet_utils/nnet_dense_resource.h:144]   --->   Operation 611 'bitselect' 'tmp_787' <Predicate = true> <Delay = 0.00>
ST_7 : Operation 612 [1/4] (1.87ns)   --->   "%mul_ln73_53 = mul i25 %sext_ln73_2, i25 %sext_ln73_55" [firmware/nnet_utils/nnet_mult.h:73->firmware/nnet_utils/nnet_dense_resource.h:145]   --->   Operation 612 'mul' 'mul_ln73_53' <Predicate = true> <Delay = 1.87> <CoreInst = "Multiplier">   --->   Core 3 'Multiplier' <Latency = 3> <II = 1> <Delay = 1.87> <FuncUnit> <Opcode : 'mul'> <InPorts = 2> <OutPorts = 1>
ST_7 : Operation 613 [1/1] (0.00ns)   --->   "%trunc_ln144_53 = partselect i14 @_ssdm_op_PartSelect.i14.i25.i32.i32, i25 %mul_ln73_53, i32 7, i32 20" [firmware/nnet_utils/nnet_dense_resource.h:144]   --->   Operation 613 'partselect' 'trunc_ln144_53' <Predicate = true> <Delay = 0.00>
ST_7 : Operation 614 [1/1] (0.00ns)   --->   "%tmp_788 = bitselect i1 @_ssdm_op_BitSelect.i1.i25.i32, i25 %mul_ln73_53, i32 6" [firmware/nnet_utils/nnet_dense_resource.h:144]   --->   Operation 614 'bitselect' 'tmp_788' <Predicate = true> <Delay = 0.00>
ST_7 : Operation 615 [1/4] (1.87ns)   --->   "%mul_ln73_54 = mul i25 %sext_ln73_2, i25 %sext_ln73_56" [firmware/nnet_utils/nnet_mult.h:73->firmware/nnet_utils/nnet_dense_resource.h:145]   --->   Operation 615 'mul' 'mul_ln73_54' <Predicate = true> <Delay = 1.87> <CoreInst = "Multiplier">   --->   Core 3 'Multiplier' <Latency = 3> <II = 1> <Delay = 1.87> <FuncUnit> <Opcode : 'mul'> <InPorts = 2> <OutPorts = 1>
ST_7 : Operation 616 [1/1] (0.00ns)   --->   "%trunc_ln144_54 = partselect i14 @_ssdm_op_PartSelect.i14.i25.i32.i32, i25 %mul_ln73_54, i32 7, i32 20" [firmware/nnet_utils/nnet_dense_resource.h:144]   --->   Operation 616 'partselect' 'trunc_ln144_54' <Predicate = true> <Delay = 0.00>
ST_7 : Operation 617 [1/1] (0.00ns)   --->   "%tmp_789 = bitselect i1 @_ssdm_op_BitSelect.i1.i25.i32, i25 %mul_ln73_54, i32 6" [firmware/nnet_utils/nnet_dense_resource.h:144]   --->   Operation 617 'bitselect' 'tmp_789' <Predicate = true> <Delay = 0.00>
ST_7 : Operation 618 [1/4] (1.87ns)   --->   "%mul_ln73_55 = mul i25 %sext_ln73_2, i25 %sext_ln73_57" [firmware/nnet_utils/nnet_mult.h:73->firmware/nnet_utils/nnet_dense_resource.h:145]   --->   Operation 618 'mul' 'mul_ln73_55' <Predicate = true> <Delay = 1.87> <CoreInst = "Multiplier">   --->   Core 3 'Multiplier' <Latency = 3> <II = 1> <Delay = 1.87> <FuncUnit> <Opcode : 'mul'> <InPorts = 2> <OutPorts = 1>
ST_7 : Operation 619 [1/1] (0.00ns)   --->   "%trunc_ln144_55 = partselect i14 @_ssdm_op_PartSelect.i14.i25.i32.i32, i25 %mul_ln73_55, i32 7, i32 20" [firmware/nnet_utils/nnet_dense_resource.h:144]   --->   Operation 619 'partselect' 'trunc_ln144_55' <Predicate = true> <Delay = 0.00>
ST_7 : Operation 620 [1/1] (0.00ns)   --->   "%tmp_790 = bitselect i1 @_ssdm_op_BitSelect.i1.i25.i32, i25 %mul_ln73_55, i32 6" [firmware/nnet_utils/nnet_dense_resource.h:144]   --->   Operation 620 'bitselect' 'tmp_790' <Predicate = true> <Delay = 0.00>
ST_7 : Operation 621 [1/4] (1.87ns)   --->   "%mul_ln73_56 = mul i25 %sext_ln73_2, i25 %sext_ln73_58" [firmware/nnet_utils/nnet_mult.h:73->firmware/nnet_utils/nnet_dense_resource.h:145]   --->   Operation 621 'mul' 'mul_ln73_56' <Predicate = true> <Delay = 1.87> <CoreInst = "Multiplier">   --->   Core 3 'Multiplier' <Latency = 3> <II = 1> <Delay = 1.87> <FuncUnit> <Opcode : 'mul'> <InPorts = 2> <OutPorts = 1>
ST_7 : Operation 622 [1/1] (0.00ns)   --->   "%trunc_ln144_56 = partselect i14 @_ssdm_op_PartSelect.i14.i25.i32.i32, i25 %mul_ln73_56, i32 7, i32 20" [firmware/nnet_utils/nnet_dense_resource.h:144]   --->   Operation 622 'partselect' 'trunc_ln144_56' <Predicate = true> <Delay = 0.00>
ST_7 : Operation 623 [1/1] (0.00ns)   --->   "%tmp_791 = bitselect i1 @_ssdm_op_BitSelect.i1.i25.i32, i25 %mul_ln73_56, i32 6" [firmware/nnet_utils/nnet_dense_resource.h:144]   --->   Operation 623 'bitselect' 'tmp_791' <Predicate = true> <Delay = 0.00>
ST_7 : Operation 624 [1/4] (1.87ns)   --->   "%mul_ln73_57 = mul i25 %sext_ln73_2, i25 %sext_ln73_59" [firmware/nnet_utils/nnet_mult.h:73->firmware/nnet_utils/nnet_dense_resource.h:145]   --->   Operation 624 'mul' 'mul_ln73_57' <Predicate = true> <Delay = 1.87> <CoreInst = "Multiplier">   --->   Core 3 'Multiplier' <Latency = 3> <II = 1> <Delay = 1.87> <FuncUnit> <Opcode : 'mul'> <InPorts = 2> <OutPorts = 1>
ST_7 : Operation 625 [1/1] (0.00ns)   --->   "%trunc_ln144_57 = partselect i14 @_ssdm_op_PartSelect.i14.i25.i32.i32, i25 %mul_ln73_57, i32 7, i32 20" [firmware/nnet_utils/nnet_dense_resource.h:144]   --->   Operation 625 'partselect' 'trunc_ln144_57' <Predicate = true> <Delay = 0.00>
ST_7 : Operation 626 [1/1] (0.00ns)   --->   "%tmp_792 = bitselect i1 @_ssdm_op_BitSelect.i1.i25.i32, i25 %mul_ln73_57, i32 6" [firmware/nnet_utils/nnet_dense_resource.h:144]   --->   Operation 626 'bitselect' 'tmp_792' <Predicate = true> <Delay = 0.00>
ST_7 : Operation 627 [1/4] (1.87ns)   --->   "%mul_ln73_58 = mul i25 %sext_ln73_2, i25 %sext_ln73_60" [firmware/nnet_utils/nnet_mult.h:73->firmware/nnet_utils/nnet_dense_resource.h:145]   --->   Operation 627 'mul' 'mul_ln73_58' <Predicate = true> <Delay = 1.87> <CoreInst = "Multiplier">   --->   Core 3 'Multiplier' <Latency = 3> <II = 1> <Delay = 1.87> <FuncUnit> <Opcode : 'mul'> <InPorts = 2> <OutPorts = 1>
ST_7 : Operation 628 [1/1] (0.00ns)   --->   "%trunc_ln144_58 = partselect i14 @_ssdm_op_PartSelect.i14.i25.i32.i32, i25 %mul_ln73_58, i32 7, i32 20" [firmware/nnet_utils/nnet_dense_resource.h:144]   --->   Operation 628 'partselect' 'trunc_ln144_58' <Predicate = true> <Delay = 0.00>
ST_7 : Operation 629 [1/1] (0.00ns)   --->   "%tmp_793 = bitselect i1 @_ssdm_op_BitSelect.i1.i25.i32, i25 %mul_ln73_58, i32 6" [firmware/nnet_utils/nnet_dense_resource.h:144]   --->   Operation 629 'bitselect' 'tmp_793' <Predicate = true> <Delay = 0.00>
ST_7 : Operation 630 [1/4] (1.87ns)   --->   "%mul_ln73_59 = mul i25 %sext_ln73_2, i25 %sext_ln73_61" [firmware/nnet_utils/nnet_mult.h:73->firmware/nnet_utils/nnet_dense_resource.h:145]   --->   Operation 630 'mul' 'mul_ln73_59' <Predicate = true> <Delay = 1.87> <CoreInst = "Multiplier">   --->   Core 3 'Multiplier' <Latency = 3> <II = 1> <Delay = 1.87> <FuncUnit> <Opcode : 'mul'> <InPorts = 2> <OutPorts = 1>
ST_7 : Operation 631 [1/1] (0.00ns)   --->   "%trunc_ln144_59 = partselect i14 @_ssdm_op_PartSelect.i14.i25.i32.i32, i25 %mul_ln73_59, i32 7, i32 20" [firmware/nnet_utils/nnet_dense_resource.h:144]   --->   Operation 631 'partselect' 'trunc_ln144_59' <Predicate = true> <Delay = 0.00>
ST_7 : Operation 632 [1/1] (0.00ns)   --->   "%tmp_794 = bitselect i1 @_ssdm_op_BitSelect.i1.i25.i32, i25 %mul_ln73_59, i32 6" [firmware/nnet_utils/nnet_dense_resource.h:144]   --->   Operation 632 'bitselect' 'tmp_794' <Predicate = true> <Delay = 0.00>
ST_7 : Operation 633 [1/4] (1.87ns)   --->   "%mul_ln73_60 = mul i25 %sext_ln73_2, i25 %sext_ln73_62" [firmware/nnet_utils/nnet_mult.h:73->firmware/nnet_utils/nnet_dense_resource.h:145]   --->   Operation 633 'mul' 'mul_ln73_60' <Predicate = true> <Delay = 1.87> <CoreInst = "Multiplier">   --->   Core 3 'Multiplier' <Latency = 3> <II = 1> <Delay = 1.87> <FuncUnit> <Opcode : 'mul'> <InPorts = 2> <OutPorts = 1>
ST_7 : Operation 634 [1/1] (0.00ns)   --->   "%trunc_ln144_60 = partselect i14 @_ssdm_op_PartSelect.i14.i25.i32.i32, i25 %mul_ln73_60, i32 7, i32 20" [firmware/nnet_utils/nnet_dense_resource.h:144]   --->   Operation 634 'partselect' 'trunc_ln144_60' <Predicate = true> <Delay = 0.00>
ST_7 : Operation 635 [1/1] (0.00ns)   --->   "%tmp_795 = bitselect i1 @_ssdm_op_BitSelect.i1.i25.i32, i25 %mul_ln73_60, i32 6" [firmware/nnet_utils/nnet_dense_resource.h:144]   --->   Operation 635 'bitselect' 'tmp_795' <Predicate = true> <Delay = 0.00>
ST_7 : Operation 636 [1/4] (1.87ns)   --->   "%mul_ln73_61 = mul i25 %sext_ln73_2, i25 %sext_ln73_63" [firmware/nnet_utils/nnet_mult.h:73->firmware/nnet_utils/nnet_dense_resource.h:145]   --->   Operation 636 'mul' 'mul_ln73_61' <Predicate = true> <Delay = 1.87> <CoreInst = "Multiplier">   --->   Core 3 'Multiplier' <Latency = 3> <II = 1> <Delay = 1.87> <FuncUnit> <Opcode : 'mul'> <InPorts = 2> <OutPorts = 1>
ST_7 : Operation 637 [1/1] (0.00ns)   --->   "%trunc_ln144_61 = partselect i14 @_ssdm_op_PartSelect.i14.i25.i32.i32, i25 %mul_ln73_61, i32 7, i32 20" [firmware/nnet_utils/nnet_dense_resource.h:144]   --->   Operation 637 'partselect' 'trunc_ln144_61' <Predicate = true> <Delay = 0.00>
ST_7 : Operation 638 [1/1] (0.00ns)   --->   "%tmp_796 = bitselect i1 @_ssdm_op_BitSelect.i1.i25.i32, i25 %mul_ln73_61, i32 6" [firmware/nnet_utils/nnet_dense_resource.h:144]   --->   Operation 638 'bitselect' 'tmp_796' <Predicate = true> <Delay = 0.00>
ST_7 : Operation 639 [1/4] (1.87ns)   --->   "%mul_ln73_62 = mul i25 %sext_ln73_2, i25 %sext_ln73_64" [firmware/nnet_utils/nnet_mult.h:73->firmware/nnet_utils/nnet_dense_resource.h:145]   --->   Operation 639 'mul' 'mul_ln73_62' <Predicate = true> <Delay = 1.87> <CoreInst = "Multiplier">   --->   Core 3 'Multiplier' <Latency = 3> <II = 1> <Delay = 1.87> <FuncUnit> <Opcode : 'mul'> <InPorts = 2> <OutPorts = 1>
ST_7 : Operation 640 [1/1] (0.00ns)   --->   "%trunc_ln144_62 = partselect i14 @_ssdm_op_PartSelect.i14.i25.i32.i32, i25 %mul_ln73_62, i32 7, i32 20" [firmware/nnet_utils/nnet_dense_resource.h:144]   --->   Operation 640 'partselect' 'trunc_ln144_62' <Predicate = true> <Delay = 0.00>
ST_7 : Operation 641 [1/1] (0.00ns)   --->   "%tmp_797 = bitselect i1 @_ssdm_op_BitSelect.i1.i25.i32, i25 %mul_ln73_62, i32 6" [firmware/nnet_utils/nnet_dense_resource.h:144]   --->   Operation 641 'bitselect' 'tmp_797' <Predicate = true> <Delay = 0.00>
ST_7 : Operation 642 [1/4] (1.87ns)   --->   "%mul_ln73_63 = mul i24 %sext_ln73_65, i24 %sext_ln73_66" [firmware/nnet_utils/nnet_mult.h:73->firmware/nnet_utils/nnet_dense_resource.h:145]   --->   Operation 642 'mul' 'mul_ln73_63' <Predicate = true> <Delay = 1.87> <CoreInst = "Multiplier">   --->   Core 3 'Multiplier' <Latency = 3> <II = 1> <Delay = 1.87> <FuncUnit> <Opcode : 'mul'> <InPorts = 2> <OutPorts = 1>
ST_7 : Operation 643 [1/1] (0.00ns)   --->   "%trunc_ln144_63 = partselect i14 @_ssdm_op_PartSelect.i14.i24.i32.i32, i24 %mul_ln73_63, i32 7, i32 20" [firmware/nnet_utils/nnet_dense_resource.h:144]   --->   Operation 643 'partselect' 'trunc_ln144_63' <Predicate = true> <Delay = 0.00>
ST_7 : Operation 644 [1/1] (0.00ns)   --->   "%tmp_798 = bitselect i1 @_ssdm_op_BitSelect.i1.i24.i32, i24 %mul_ln73_63, i32 6" [firmware/nnet_utils/nnet_dense_resource.h:144]   --->   Operation 644 'bitselect' 'tmp_798' <Predicate = true> <Delay = 0.00>

State 8 <SV = 7> <Delay = 4.97>
ST_8 : Operation 645 [1/1] (0.00ns)   --->   "%x_127 = phi i14 0, void %entry, i14 %acc_319, void %MultLoop.split.i_ifconv, i14 0, void %dense_resource_rf_gt_nin_rem0<ap_fixed<14, 7, 0, 3, 0>, ap_fixed<14, 7, 0, 3, 0>, config2_2>.exit"   --->   Operation 645 'phi' 'x_127' <Predicate = true> <Delay = 0.00>
ST_8 : Operation 646 [1/1] (0.00ns)   --->   "%x_126 = phi i14 0, void %entry, i14 %acc_320, void %MultLoop.split.i_ifconv, i14 0, void %dense_resource_rf_gt_nin_rem0<ap_fixed<14, 7, 0, 3, 0>, ap_fixed<14, 7, 0, 3, 0>, config2_2>.exit"   --->   Operation 646 'phi' 'x_126' <Predicate = true> <Delay = 0.00>
ST_8 : Operation 647 [1/1] (0.00ns)   --->   "%x_125 = phi i14 0, void %entry, i14 %acc_321, void %MultLoop.split.i_ifconv, i14 0, void %dense_resource_rf_gt_nin_rem0<ap_fixed<14, 7, 0, 3, 0>, ap_fixed<14, 7, 0, 3, 0>, config2_2>.exit"   --->   Operation 647 'phi' 'x_125' <Predicate = true> <Delay = 0.00>
ST_8 : Operation 648 [1/1] (0.00ns)   --->   "%x_124 = phi i14 0, void %entry, i14 %acc_322, void %MultLoop.split.i_ifconv, i14 0, void %dense_resource_rf_gt_nin_rem0<ap_fixed<14, 7, 0, 3, 0>, ap_fixed<14, 7, 0, 3, 0>, config2_2>.exit"   --->   Operation 648 'phi' 'x_124' <Predicate = true> <Delay = 0.00>
ST_8 : Operation 649 [1/1] (0.00ns)   --->   "%x_123 = phi i14 0, void %entry, i14 %acc_323, void %MultLoop.split.i_ifconv, i14 0, void %dense_resource_rf_gt_nin_rem0<ap_fixed<14, 7, 0, 3, 0>, ap_fixed<14, 7, 0, 3, 0>, config2_2>.exit"   --->   Operation 649 'phi' 'x_123' <Predicate = true> <Delay = 0.00>
ST_8 : Operation 650 [1/1] (0.00ns)   --->   "%x_122 = phi i14 0, void %entry, i14 %acc_324, void %MultLoop.split.i_ifconv, i14 0, void %dense_resource_rf_gt_nin_rem0<ap_fixed<14, 7, 0, 3, 0>, ap_fixed<14, 7, 0, 3, 0>, config2_2>.exit"   --->   Operation 650 'phi' 'x_122' <Predicate = true> <Delay = 0.00>
ST_8 : Operation 651 [1/1] (0.00ns)   --->   "%x_121 = phi i14 0, void %entry, i14 %acc_325, void %MultLoop.split.i_ifconv, i14 0, void %dense_resource_rf_gt_nin_rem0<ap_fixed<14, 7, 0, 3, 0>, ap_fixed<14, 7, 0, 3, 0>, config2_2>.exit"   --->   Operation 651 'phi' 'x_121' <Predicate = true> <Delay = 0.00>
ST_8 : Operation 652 [1/1] (0.00ns)   --->   "%x_120 = phi i14 0, void %entry, i14 %acc_326, void %MultLoop.split.i_ifconv, i14 0, void %dense_resource_rf_gt_nin_rem0<ap_fixed<14, 7, 0, 3, 0>, ap_fixed<14, 7, 0, 3, 0>, config2_2>.exit"   --->   Operation 652 'phi' 'x_120' <Predicate = true> <Delay = 0.00>
ST_8 : Operation 653 [1/1] (0.00ns)   --->   "%x_119 = phi i14 0, void %entry, i14 %acc_327, void %MultLoop.split.i_ifconv, i14 0, void %dense_resource_rf_gt_nin_rem0<ap_fixed<14, 7, 0, 3, 0>, ap_fixed<14, 7, 0, 3, 0>, config2_2>.exit"   --->   Operation 653 'phi' 'x_119' <Predicate = true> <Delay = 0.00>
ST_8 : Operation 654 [1/1] (0.00ns)   --->   "%x_118 = phi i14 0, void %entry, i14 %acc_328, void %MultLoop.split.i_ifconv, i14 0, void %dense_resource_rf_gt_nin_rem0<ap_fixed<14, 7, 0, 3, 0>, ap_fixed<14, 7, 0, 3, 0>, config2_2>.exit"   --->   Operation 654 'phi' 'x_118' <Predicate = true> <Delay = 0.00>
ST_8 : Operation 655 [1/1] (0.00ns)   --->   "%x_117 = phi i14 0, void %entry, i14 %acc_329, void %MultLoop.split.i_ifconv, i14 0, void %dense_resource_rf_gt_nin_rem0<ap_fixed<14, 7, 0, 3, 0>, ap_fixed<14, 7, 0, 3, 0>, config2_2>.exit"   --->   Operation 655 'phi' 'x_117' <Predicate = true> <Delay = 0.00>
ST_8 : Operation 656 [1/1] (0.00ns)   --->   "%x_116 = phi i14 0, void %entry, i14 %acc_330, void %MultLoop.split.i_ifconv, i14 0, void %dense_resource_rf_gt_nin_rem0<ap_fixed<14, 7, 0, 3, 0>, ap_fixed<14, 7, 0, 3, 0>, config2_2>.exit"   --->   Operation 656 'phi' 'x_116' <Predicate = true> <Delay = 0.00>
ST_8 : Operation 657 [1/1] (0.00ns)   --->   "%x_115 = phi i14 0, void %entry, i14 %acc_331, void %MultLoop.split.i_ifconv, i14 0, void %dense_resource_rf_gt_nin_rem0<ap_fixed<14, 7, 0, 3, 0>, ap_fixed<14, 7, 0, 3, 0>, config2_2>.exit"   --->   Operation 657 'phi' 'x_115' <Predicate = true> <Delay = 0.00>
ST_8 : Operation 658 [1/1] (0.00ns)   --->   "%x_114 = phi i14 0, void %entry, i14 %acc_332, void %MultLoop.split.i_ifconv, i14 0, void %dense_resource_rf_gt_nin_rem0<ap_fixed<14, 7, 0, 3, 0>, ap_fixed<14, 7, 0, 3, 0>, config2_2>.exit"   --->   Operation 658 'phi' 'x_114' <Predicate = true> <Delay = 0.00>
ST_8 : Operation 659 [1/1] (0.00ns)   --->   "%x_113 = phi i14 0, void %entry, i14 %acc_333, void %MultLoop.split.i_ifconv, i14 0, void %dense_resource_rf_gt_nin_rem0<ap_fixed<14, 7, 0, 3, 0>, ap_fixed<14, 7, 0, 3, 0>, config2_2>.exit"   --->   Operation 659 'phi' 'x_113' <Predicate = true> <Delay = 0.00>
ST_8 : Operation 660 [1/1] (0.00ns)   --->   "%x_112 = phi i14 0, void %entry, i14 %acc_334, void %MultLoop.split.i_ifconv, i14 0, void %dense_resource_rf_gt_nin_rem0<ap_fixed<14, 7, 0, 3, 0>, ap_fixed<14, 7, 0, 3, 0>, config2_2>.exit"   --->   Operation 660 'phi' 'x_112' <Predicate = true> <Delay = 0.00>
ST_8 : Operation 661 [1/1] (0.00ns)   --->   "%x_111 = phi i14 0, void %entry, i14 %acc_335, void %MultLoop.split.i_ifconv, i14 0, void %dense_resource_rf_gt_nin_rem0<ap_fixed<14, 7, 0, 3, 0>, ap_fixed<14, 7, 0, 3, 0>, config2_2>.exit"   --->   Operation 661 'phi' 'x_111' <Predicate = true> <Delay = 0.00>
ST_8 : Operation 662 [1/1] (0.00ns)   --->   "%x_110 = phi i14 0, void %entry, i14 %acc_336, void %MultLoop.split.i_ifconv, i14 0, void %dense_resource_rf_gt_nin_rem0<ap_fixed<14, 7, 0, 3, 0>, ap_fixed<14, 7, 0, 3, 0>, config2_2>.exit"   --->   Operation 662 'phi' 'x_110' <Predicate = true> <Delay = 0.00>
ST_8 : Operation 663 [1/1] (0.00ns)   --->   "%x_109 = phi i14 0, void %entry, i14 %acc_337, void %MultLoop.split.i_ifconv, i14 0, void %dense_resource_rf_gt_nin_rem0<ap_fixed<14, 7, 0, 3, 0>, ap_fixed<14, 7, 0, 3, 0>, config2_2>.exit"   --->   Operation 663 'phi' 'x_109' <Predicate = true> <Delay = 0.00>
ST_8 : Operation 664 [1/1] (0.00ns)   --->   "%x_108 = phi i14 0, void %entry, i14 %acc_338, void %MultLoop.split.i_ifconv, i14 0, void %dense_resource_rf_gt_nin_rem0<ap_fixed<14, 7, 0, 3, 0>, ap_fixed<14, 7, 0, 3, 0>, config2_2>.exit"   --->   Operation 664 'phi' 'x_108' <Predicate = true> <Delay = 0.00>
ST_8 : Operation 665 [1/1] (0.00ns)   --->   "%x_107 = phi i14 0, void %entry, i14 %acc_339, void %MultLoop.split.i_ifconv, i14 0, void %dense_resource_rf_gt_nin_rem0<ap_fixed<14, 7, 0, 3, 0>, ap_fixed<14, 7, 0, 3, 0>, config2_2>.exit"   --->   Operation 665 'phi' 'x_107' <Predicate = true> <Delay = 0.00>
ST_8 : Operation 666 [1/1] (0.00ns)   --->   "%x_106 = phi i14 0, void %entry, i14 %acc_340, void %MultLoop.split.i_ifconv, i14 0, void %dense_resource_rf_gt_nin_rem0<ap_fixed<14, 7, 0, 3, 0>, ap_fixed<14, 7, 0, 3, 0>, config2_2>.exit"   --->   Operation 666 'phi' 'x_106' <Predicate = true> <Delay = 0.00>
ST_8 : Operation 667 [1/1] (0.00ns)   --->   "%x_105 = phi i14 0, void %entry, i14 %acc_341, void %MultLoop.split.i_ifconv, i14 0, void %dense_resource_rf_gt_nin_rem0<ap_fixed<14, 7, 0, 3, 0>, ap_fixed<14, 7, 0, 3, 0>, config2_2>.exit"   --->   Operation 667 'phi' 'x_105' <Predicate = true> <Delay = 0.00>
ST_8 : Operation 668 [1/1] (0.00ns)   --->   "%x_104 = phi i14 0, void %entry, i14 %acc_342, void %MultLoop.split.i_ifconv, i14 0, void %dense_resource_rf_gt_nin_rem0<ap_fixed<14, 7, 0, 3, 0>, ap_fixed<14, 7, 0, 3, 0>, config2_2>.exit"   --->   Operation 668 'phi' 'x_104' <Predicate = true> <Delay = 0.00>
ST_8 : Operation 669 [1/1] (0.00ns)   --->   "%x_103 = phi i14 0, void %entry, i14 %acc_343, void %MultLoop.split.i_ifconv, i14 0, void %dense_resource_rf_gt_nin_rem0<ap_fixed<14, 7, 0, 3, 0>, ap_fixed<14, 7, 0, 3, 0>, config2_2>.exit"   --->   Operation 669 'phi' 'x_103' <Predicate = true> <Delay = 0.00>
ST_8 : Operation 670 [1/1] (0.00ns)   --->   "%x_102 = phi i14 0, void %entry, i14 %acc_344, void %MultLoop.split.i_ifconv, i14 0, void %dense_resource_rf_gt_nin_rem0<ap_fixed<14, 7, 0, 3, 0>, ap_fixed<14, 7, 0, 3, 0>, config2_2>.exit"   --->   Operation 670 'phi' 'x_102' <Predicate = true> <Delay = 0.00>
ST_8 : Operation 671 [1/1] (0.00ns)   --->   "%x_101 = phi i14 0, void %entry, i14 %acc_345, void %MultLoop.split.i_ifconv, i14 0, void %dense_resource_rf_gt_nin_rem0<ap_fixed<14, 7, 0, 3, 0>, ap_fixed<14, 7, 0, 3, 0>, config2_2>.exit"   --->   Operation 671 'phi' 'x_101' <Predicate = true> <Delay = 0.00>
ST_8 : Operation 672 [1/1] (0.00ns)   --->   "%x_100 = phi i14 0, void %entry, i14 %acc_346, void %MultLoop.split.i_ifconv, i14 0, void %dense_resource_rf_gt_nin_rem0<ap_fixed<14, 7, 0, 3, 0>, ap_fixed<14, 7, 0, 3, 0>, config2_2>.exit"   --->   Operation 672 'phi' 'x_100' <Predicate = true> <Delay = 0.00>
ST_8 : Operation 673 [1/1] (0.00ns)   --->   "%x_99 = phi i14 0, void %entry, i14 %acc_347, void %MultLoop.split.i_ifconv, i14 0, void %dense_resource_rf_gt_nin_rem0<ap_fixed<14, 7, 0, 3, 0>, ap_fixed<14, 7, 0, 3, 0>, config2_2>.exit"   --->   Operation 673 'phi' 'x_99' <Predicate = true> <Delay = 0.00>
ST_8 : Operation 674 [1/1] (0.00ns)   --->   "%x_98 = phi i14 0, void %entry, i14 %acc_348, void %MultLoop.split.i_ifconv, i14 0, void %dense_resource_rf_gt_nin_rem0<ap_fixed<14, 7, 0, 3, 0>, ap_fixed<14, 7, 0, 3, 0>, config2_2>.exit"   --->   Operation 674 'phi' 'x_98' <Predicate = true> <Delay = 0.00>
ST_8 : Operation 675 [1/1] (0.00ns)   --->   "%x_97 = phi i14 0, void %entry, i14 %acc_349, void %MultLoop.split.i_ifconv, i14 0, void %dense_resource_rf_gt_nin_rem0<ap_fixed<14, 7, 0, 3, 0>, ap_fixed<14, 7, 0, 3, 0>, config2_2>.exit"   --->   Operation 675 'phi' 'x_97' <Predicate = true> <Delay = 0.00>
ST_8 : Operation 676 [1/1] (0.00ns)   --->   "%x_96 = phi i14 0, void %entry, i14 %acc_350, void %MultLoop.split.i_ifconv, i14 0, void %dense_resource_rf_gt_nin_rem0<ap_fixed<14, 7, 0, 3, 0>, ap_fixed<14, 7, 0, 3, 0>, config2_2>.exit"   --->   Operation 676 'phi' 'x_96' <Predicate = true> <Delay = 0.00>
ST_8 : Operation 677 [1/1] (0.00ns)   --->   "%x_95 = phi i14 0, void %entry, i14 %acc_351, void %MultLoop.split.i_ifconv, i14 0, void %dense_resource_rf_gt_nin_rem0<ap_fixed<14, 7, 0, 3, 0>, ap_fixed<14, 7, 0, 3, 0>, config2_2>.exit"   --->   Operation 677 'phi' 'x_95' <Predicate = true> <Delay = 0.00>
ST_8 : Operation 678 [1/1] (0.00ns)   --->   "%x_94 = phi i14 0, void %entry, i14 %acc_352, void %MultLoop.split.i_ifconv, i14 0, void %dense_resource_rf_gt_nin_rem0<ap_fixed<14, 7, 0, 3, 0>, ap_fixed<14, 7, 0, 3, 0>, config2_2>.exit"   --->   Operation 678 'phi' 'x_94' <Predicate = true> <Delay = 0.00>
ST_8 : Operation 679 [1/1] (0.00ns)   --->   "%x_93 = phi i14 0, void %entry, i14 %acc_353, void %MultLoop.split.i_ifconv, i14 0, void %dense_resource_rf_gt_nin_rem0<ap_fixed<14, 7, 0, 3, 0>, ap_fixed<14, 7, 0, 3, 0>, config2_2>.exit"   --->   Operation 679 'phi' 'x_93' <Predicate = true> <Delay = 0.00>
ST_8 : Operation 680 [1/1] (0.00ns)   --->   "%x_92 = phi i14 0, void %entry, i14 %acc_354, void %MultLoop.split.i_ifconv, i14 0, void %dense_resource_rf_gt_nin_rem0<ap_fixed<14, 7, 0, 3, 0>, ap_fixed<14, 7, 0, 3, 0>, config2_2>.exit"   --->   Operation 680 'phi' 'x_92' <Predicate = true> <Delay = 0.00>
ST_8 : Operation 681 [1/1] (0.00ns)   --->   "%x_91 = phi i14 0, void %entry, i14 %acc_355, void %MultLoop.split.i_ifconv, i14 0, void %dense_resource_rf_gt_nin_rem0<ap_fixed<14, 7, 0, 3, 0>, ap_fixed<14, 7, 0, 3, 0>, config2_2>.exit"   --->   Operation 681 'phi' 'x_91' <Predicate = true> <Delay = 0.00>
ST_8 : Operation 682 [1/1] (0.00ns)   --->   "%x_90 = phi i14 0, void %entry, i14 %acc_356, void %MultLoop.split.i_ifconv, i14 0, void %dense_resource_rf_gt_nin_rem0<ap_fixed<14, 7, 0, 3, 0>, ap_fixed<14, 7, 0, 3, 0>, config2_2>.exit"   --->   Operation 682 'phi' 'x_90' <Predicate = true> <Delay = 0.00>
ST_8 : Operation 683 [1/1] (0.00ns)   --->   "%x_89 = phi i14 0, void %entry, i14 %acc_357, void %MultLoop.split.i_ifconv, i14 0, void %dense_resource_rf_gt_nin_rem0<ap_fixed<14, 7, 0, 3, 0>, ap_fixed<14, 7, 0, 3, 0>, config2_2>.exit"   --->   Operation 683 'phi' 'x_89' <Predicate = true> <Delay = 0.00>
ST_8 : Operation 684 [1/1] (0.00ns)   --->   "%x_88 = phi i14 0, void %entry, i14 %acc_358, void %MultLoop.split.i_ifconv, i14 0, void %dense_resource_rf_gt_nin_rem0<ap_fixed<14, 7, 0, 3, 0>, ap_fixed<14, 7, 0, 3, 0>, config2_2>.exit"   --->   Operation 684 'phi' 'x_88' <Predicate = true> <Delay = 0.00>
ST_8 : Operation 685 [1/1] (0.00ns)   --->   "%x_87 = phi i14 0, void %entry, i14 %acc_359, void %MultLoop.split.i_ifconv, i14 0, void %dense_resource_rf_gt_nin_rem0<ap_fixed<14, 7, 0, 3, 0>, ap_fixed<14, 7, 0, 3, 0>, config2_2>.exit"   --->   Operation 685 'phi' 'x_87' <Predicate = true> <Delay = 0.00>
ST_8 : Operation 686 [1/1] (0.00ns)   --->   "%x_86 = phi i14 0, void %entry, i14 %acc_360, void %MultLoop.split.i_ifconv, i14 0, void %dense_resource_rf_gt_nin_rem0<ap_fixed<14, 7, 0, 3, 0>, ap_fixed<14, 7, 0, 3, 0>, config2_2>.exit"   --->   Operation 686 'phi' 'x_86' <Predicate = true> <Delay = 0.00>
ST_8 : Operation 687 [1/1] (0.00ns)   --->   "%x_85 = phi i14 0, void %entry, i14 %acc_361, void %MultLoop.split.i_ifconv, i14 0, void %dense_resource_rf_gt_nin_rem0<ap_fixed<14, 7, 0, 3, 0>, ap_fixed<14, 7, 0, 3, 0>, config2_2>.exit"   --->   Operation 687 'phi' 'x_85' <Predicate = true> <Delay = 0.00>
ST_8 : Operation 688 [1/1] (0.00ns)   --->   "%x_84 = phi i14 0, void %entry, i14 %acc_362, void %MultLoop.split.i_ifconv, i14 0, void %dense_resource_rf_gt_nin_rem0<ap_fixed<14, 7, 0, 3, 0>, ap_fixed<14, 7, 0, 3, 0>, config2_2>.exit"   --->   Operation 688 'phi' 'x_84' <Predicate = true> <Delay = 0.00>
ST_8 : Operation 689 [1/1] (0.00ns)   --->   "%x_83 = phi i14 0, void %entry, i14 %acc_363, void %MultLoop.split.i_ifconv, i14 0, void %dense_resource_rf_gt_nin_rem0<ap_fixed<14, 7, 0, 3, 0>, ap_fixed<14, 7, 0, 3, 0>, config2_2>.exit"   --->   Operation 689 'phi' 'x_83' <Predicate = true> <Delay = 0.00>
ST_8 : Operation 690 [1/1] (0.00ns)   --->   "%x_82 = phi i14 0, void %entry, i14 %acc_364, void %MultLoop.split.i_ifconv, i14 0, void %dense_resource_rf_gt_nin_rem0<ap_fixed<14, 7, 0, 3, 0>, ap_fixed<14, 7, 0, 3, 0>, config2_2>.exit"   --->   Operation 690 'phi' 'x_82' <Predicate = true> <Delay = 0.00>
ST_8 : Operation 691 [1/1] (0.00ns)   --->   "%x_81 = phi i14 0, void %entry, i14 %acc_365, void %MultLoop.split.i_ifconv, i14 0, void %dense_resource_rf_gt_nin_rem0<ap_fixed<14, 7, 0, 3, 0>, ap_fixed<14, 7, 0, 3, 0>, config2_2>.exit"   --->   Operation 691 'phi' 'x_81' <Predicate = true> <Delay = 0.00>
ST_8 : Operation 692 [1/1] (0.00ns)   --->   "%x_80 = phi i14 0, void %entry, i14 %acc_366, void %MultLoop.split.i_ifconv, i14 0, void %dense_resource_rf_gt_nin_rem0<ap_fixed<14, 7, 0, 3, 0>, ap_fixed<14, 7, 0, 3, 0>, config2_2>.exit"   --->   Operation 692 'phi' 'x_80' <Predicate = true> <Delay = 0.00>
ST_8 : Operation 693 [1/1] (0.00ns)   --->   "%x_79 = phi i14 0, void %entry, i14 %acc_367, void %MultLoop.split.i_ifconv, i14 0, void %dense_resource_rf_gt_nin_rem0<ap_fixed<14, 7, 0, 3, 0>, ap_fixed<14, 7, 0, 3, 0>, config2_2>.exit"   --->   Operation 693 'phi' 'x_79' <Predicate = true> <Delay = 0.00>
ST_8 : Operation 694 [1/1] (0.00ns)   --->   "%x_78 = phi i14 0, void %entry, i14 %acc_368, void %MultLoop.split.i_ifconv, i14 0, void %dense_resource_rf_gt_nin_rem0<ap_fixed<14, 7, 0, 3, 0>, ap_fixed<14, 7, 0, 3, 0>, config2_2>.exit"   --->   Operation 694 'phi' 'x_78' <Predicate = true> <Delay = 0.00>
ST_8 : Operation 695 [1/1] (0.00ns)   --->   "%x_77 = phi i14 0, void %entry, i14 %acc_369, void %MultLoop.split.i_ifconv, i14 0, void %dense_resource_rf_gt_nin_rem0<ap_fixed<14, 7, 0, 3, 0>, ap_fixed<14, 7, 0, 3, 0>, config2_2>.exit"   --->   Operation 695 'phi' 'x_77' <Predicate = true> <Delay = 0.00>
ST_8 : Operation 696 [1/1] (0.00ns)   --->   "%x_76 = phi i14 0, void %entry, i14 %acc_370, void %MultLoop.split.i_ifconv, i14 0, void %dense_resource_rf_gt_nin_rem0<ap_fixed<14, 7, 0, 3, 0>, ap_fixed<14, 7, 0, 3, 0>, config2_2>.exit"   --->   Operation 696 'phi' 'x_76' <Predicate = true> <Delay = 0.00>
ST_8 : Operation 697 [1/1] (0.00ns)   --->   "%x_75 = phi i14 0, void %entry, i14 %acc_371, void %MultLoop.split.i_ifconv, i14 0, void %dense_resource_rf_gt_nin_rem0<ap_fixed<14, 7, 0, 3, 0>, ap_fixed<14, 7, 0, 3, 0>, config2_2>.exit"   --->   Operation 697 'phi' 'x_75' <Predicate = true> <Delay = 0.00>
ST_8 : Operation 698 [1/1] (0.00ns)   --->   "%x_74 = phi i14 0, void %entry, i14 %acc_372, void %MultLoop.split.i_ifconv, i14 0, void %dense_resource_rf_gt_nin_rem0<ap_fixed<14, 7, 0, 3, 0>, ap_fixed<14, 7, 0, 3, 0>, config2_2>.exit"   --->   Operation 698 'phi' 'x_74' <Predicate = true> <Delay = 0.00>
ST_8 : Operation 699 [1/1] (0.00ns)   --->   "%x_73 = phi i14 0, void %entry, i14 %acc_373, void %MultLoop.split.i_ifconv, i14 0, void %dense_resource_rf_gt_nin_rem0<ap_fixed<14, 7, 0, 3, 0>, ap_fixed<14, 7, 0, 3, 0>, config2_2>.exit"   --->   Operation 699 'phi' 'x_73' <Predicate = true> <Delay = 0.00>
ST_8 : Operation 700 [1/1] (0.00ns)   --->   "%x_72 = phi i14 0, void %entry, i14 %acc_374, void %MultLoop.split.i_ifconv, i14 0, void %dense_resource_rf_gt_nin_rem0<ap_fixed<14, 7, 0, 3, 0>, ap_fixed<14, 7, 0, 3, 0>, config2_2>.exit"   --->   Operation 700 'phi' 'x_72' <Predicate = true> <Delay = 0.00>
ST_8 : Operation 701 [1/1] (0.00ns)   --->   "%x_71 = phi i14 0, void %entry, i14 %acc_375, void %MultLoop.split.i_ifconv, i14 0, void %dense_resource_rf_gt_nin_rem0<ap_fixed<14, 7, 0, 3, 0>, ap_fixed<14, 7, 0, 3, 0>, config2_2>.exit"   --->   Operation 701 'phi' 'x_71' <Predicate = true> <Delay = 0.00>
ST_8 : Operation 702 [1/1] (0.00ns)   --->   "%x_70 = phi i14 0, void %entry, i14 %acc_376, void %MultLoop.split.i_ifconv, i14 0, void %dense_resource_rf_gt_nin_rem0<ap_fixed<14, 7, 0, 3, 0>, ap_fixed<14, 7, 0, 3, 0>, config2_2>.exit"   --->   Operation 702 'phi' 'x_70' <Predicate = true> <Delay = 0.00>
ST_8 : Operation 703 [1/1] (0.00ns)   --->   "%x_69 = phi i14 0, void %entry, i14 %acc_377, void %MultLoop.split.i_ifconv, i14 0, void %dense_resource_rf_gt_nin_rem0<ap_fixed<14, 7, 0, 3, 0>, ap_fixed<14, 7, 0, 3, 0>, config2_2>.exit"   --->   Operation 703 'phi' 'x_69' <Predicate = true> <Delay = 0.00>
ST_8 : Operation 704 [1/1] (0.00ns)   --->   "%x_68 = phi i14 0, void %entry, i14 %acc_378, void %MultLoop.split.i_ifconv, i14 0, void %dense_resource_rf_gt_nin_rem0<ap_fixed<14, 7, 0, 3, 0>, ap_fixed<14, 7, 0, 3, 0>, config2_2>.exit"   --->   Operation 704 'phi' 'x_68' <Predicate = true> <Delay = 0.00>
ST_8 : Operation 705 [1/1] (0.00ns)   --->   "%x_67 = phi i14 0, void %entry, i14 %acc_379, void %MultLoop.split.i_ifconv, i14 0, void %dense_resource_rf_gt_nin_rem0<ap_fixed<14, 7, 0, 3, 0>, ap_fixed<14, 7, 0, 3, 0>, config2_2>.exit"   --->   Operation 705 'phi' 'x_67' <Predicate = true> <Delay = 0.00>
ST_8 : Operation 706 [1/1] (0.00ns)   --->   "%x_66 = phi i14 0, void %entry, i14 %acc_380, void %MultLoop.split.i_ifconv, i14 0, void %dense_resource_rf_gt_nin_rem0<ap_fixed<14, 7, 0, 3, 0>, ap_fixed<14, 7, 0, 3, 0>, config2_2>.exit"   --->   Operation 706 'phi' 'x_66' <Predicate = true> <Delay = 0.00>
ST_8 : Operation 707 [1/1] (0.00ns)   --->   "%x_65 = phi i14 0, void %entry, i14 %acc_381, void %MultLoop.split.i_ifconv, i14 0, void %dense_resource_rf_gt_nin_rem0<ap_fixed<14, 7, 0, 3, 0>, ap_fixed<14, 7, 0, 3, 0>, config2_2>.exit"   --->   Operation 707 'phi' 'x_65' <Predicate = true> <Delay = 0.00>
ST_8 : Operation 708 [1/1] (0.00ns)   --->   "%x_64 = phi i14 0, void %entry, i14 %acc_382, void %MultLoop.split.i_ifconv, i14 0, void %dense_resource_rf_gt_nin_rem0<ap_fixed<14, 7, 0, 3, 0>, ap_fixed<14, 7, 0, 3, 0>, config2_2>.exit"   --->   Operation 708 'phi' 'x_64' <Predicate = true> <Delay = 0.00>
ST_8 : Operation 709 [1/1] (0.00ns)   --->   "%x_63 = phi i14 0, void %entry, i14 %acc_383, void %MultLoop.split.i_ifconv, i14 0, void %dense_resource_rf_gt_nin_rem0<ap_fixed<14, 7, 0, 3, 0>, ap_fixed<14, 7, 0, 3, 0>, config2_2>.exit"   --->   Operation 709 'phi' 'x_63' <Predicate = true> <Delay = 0.00>
ST_8 : Operation 710 [1/1] (0.00ns)   --->   "%x_62 = phi i14 0, void %entry, i14 %acc_384, void %MultLoop.split.i_ifconv, i14 0, void %dense_resource_rf_gt_nin_rem0<ap_fixed<14, 7, 0, 3, 0>, ap_fixed<14, 7, 0, 3, 0>, config2_2>.exit"   --->   Operation 710 'phi' 'x_62' <Predicate = true> <Delay = 0.00>
ST_8 : Operation 711 [1/1] (0.00ns)   --->   "%x_61 = phi i14 0, void %entry, i14 %acc_385, void %MultLoop.split.i_ifconv, i14 0, void %dense_resource_rf_gt_nin_rem0<ap_fixed<14, 7, 0, 3, 0>, ap_fixed<14, 7, 0, 3, 0>, config2_2>.exit"   --->   Operation 711 'phi' 'x_61' <Predicate = true> <Delay = 0.00>
ST_8 : Operation 712 [1/1] (0.00ns)   --->   "%x_60 = phi i14 0, void %entry, i14 %acc_386, void %MultLoop.split.i_ifconv, i14 0, void %dense_resource_rf_gt_nin_rem0<ap_fixed<14, 7, 0, 3, 0>, ap_fixed<14, 7, 0, 3, 0>, config2_2>.exit"   --->   Operation 712 'phi' 'x_60' <Predicate = true> <Delay = 0.00>
ST_8 : Operation 713 [1/1] (0.00ns)   --->   "%x_59 = phi i14 0, void %entry, i14 %acc_387, void %MultLoop.split.i_ifconv, i14 0, void %dense_resource_rf_gt_nin_rem0<ap_fixed<14, 7, 0, 3, 0>, ap_fixed<14, 7, 0, 3, 0>, config2_2>.exit"   --->   Operation 713 'phi' 'x_59' <Predicate = true> <Delay = 0.00>
ST_8 : Operation 714 [1/1] (0.00ns)   --->   "%x_58 = phi i14 0, void %entry, i14 %acc_388, void %MultLoop.split.i_ifconv, i14 0, void %dense_resource_rf_gt_nin_rem0<ap_fixed<14, 7, 0, 3, 0>, ap_fixed<14, 7, 0, 3, 0>, config2_2>.exit"   --->   Operation 714 'phi' 'x_58' <Predicate = true> <Delay = 0.00>
ST_8 : Operation 715 [1/1] (0.00ns)   --->   "%x_57 = phi i14 0, void %entry, i14 %acc_389, void %MultLoop.split.i_ifconv, i14 0, void %dense_resource_rf_gt_nin_rem0<ap_fixed<14, 7, 0, 3, 0>, ap_fixed<14, 7, 0, 3, 0>, config2_2>.exit"   --->   Operation 715 'phi' 'x_57' <Predicate = true> <Delay = 0.00>
ST_8 : Operation 716 [1/1] (0.00ns)   --->   "%x_56 = phi i14 0, void %entry, i14 %acc_390, void %MultLoop.split.i_ifconv, i14 0, void %dense_resource_rf_gt_nin_rem0<ap_fixed<14, 7, 0, 3, 0>, ap_fixed<14, 7, 0, 3, 0>, config2_2>.exit"   --->   Operation 716 'phi' 'x_56' <Predicate = true> <Delay = 0.00>
ST_8 : Operation 717 [1/1] (0.00ns)   --->   "%x_55 = phi i14 0, void %entry, i14 %acc_391, void %MultLoop.split.i_ifconv, i14 0, void %dense_resource_rf_gt_nin_rem0<ap_fixed<14, 7, 0, 3, 0>, ap_fixed<14, 7, 0, 3, 0>, config2_2>.exit"   --->   Operation 717 'phi' 'x_55' <Predicate = true> <Delay = 0.00>
ST_8 : Operation 718 [1/1] (0.00ns)   --->   "%x_54 = phi i14 0, void %entry, i14 %acc_392, void %MultLoop.split.i_ifconv, i14 0, void %dense_resource_rf_gt_nin_rem0<ap_fixed<14, 7, 0, 3, 0>, ap_fixed<14, 7, 0, 3, 0>, config2_2>.exit"   --->   Operation 718 'phi' 'x_54' <Predicate = true> <Delay = 0.00>
ST_8 : Operation 719 [1/1] (0.00ns)   --->   "%x_53 = phi i14 0, void %entry, i14 %acc_393, void %MultLoop.split.i_ifconv, i14 0, void %dense_resource_rf_gt_nin_rem0<ap_fixed<14, 7, 0, 3, 0>, ap_fixed<14, 7, 0, 3, 0>, config2_2>.exit"   --->   Operation 719 'phi' 'x_53' <Predicate = true> <Delay = 0.00>
ST_8 : Operation 720 [1/1] (0.00ns)   --->   "%x_52 = phi i14 0, void %entry, i14 %acc_394, void %MultLoop.split.i_ifconv, i14 0, void %dense_resource_rf_gt_nin_rem0<ap_fixed<14, 7, 0, 3, 0>, ap_fixed<14, 7, 0, 3, 0>, config2_2>.exit"   --->   Operation 720 'phi' 'x_52' <Predicate = true> <Delay = 0.00>
ST_8 : Operation 721 [1/1] (0.00ns)   --->   "%x_51 = phi i14 0, void %entry, i14 %acc_395, void %MultLoop.split.i_ifconv, i14 0, void %dense_resource_rf_gt_nin_rem0<ap_fixed<14, 7, 0, 3, 0>, ap_fixed<14, 7, 0, 3, 0>, config2_2>.exit"   --->   Operation 721 'phi' 'x_51' <Predicate = true> <Delay = 0.00>
ST_8 : Operation 722 [1/1] (0.00ns)   --->   "%x_50 = phi i14 0, void %entry, i14 %acc_396, void %MultLoop.split.i_ifconv, i14 0, void %dense_resource_rf_gt_nin_rem0<ap_fixed<14, 7, 0, 3, 0>, ap_fixed<14, 7, 0, 3, 0>, config2_2>.exit"   --->   Operation 722 'phi' 'x_50' <Predicate = true> <Delay = 0.00>
ST_8 : Operation 723 [1/1] (0.00ns)   --->   "%x_49 = phi i14 0, void %entry, i14 %acc_397, void %MultLoop.split.i_ifconv, i14 0, void %dense_resource_rf_gt_nin_rem0<ap_fixed<14, 7, 0, 3, 0>, ap_fixed<14, 7, 0, 3, 0>, config2_2>.exit"   --->   Operation 723 'phi' 'x_49' <Predicate = true> <Delay = 0.00>
ST_8 : Operation 724 [1/1] (0.00ns)   --->   "%x_48 = phi i14 0, void %entry, i14 %acc_398, void %MultLoop.split.i_ifconv, i14 0, void %dense_resource_rf_gt_nin_rem0<ap_fixed<14, 7, 0, 3, 0>, ap_fixed<14, 7, 0, 3, 0>, config2_2>.exit"   --->   Operation 724 'phi' 'x_48' <Predicate = true> <Delay = 0.00>
ST_8 : Operation 725 [1/1] (0.00ns)   --->   "%x_47 = phi i14 0, void %entry, i14 %acc_399, void %MultLoop.split.i_ifconv, i14 0, void %dense_resource_rf_gt_nin_rem0<ap_fixed<14, 7, 0, 3, 0>, ap_fixed<14, 7, 0, 3, 0>, config2_2>.exit"   --->   Operation 725 'phi' 'x_47' <Predicate = true> <Delay = 0.00>
ST_8 : Operation 726 [1/1] (0.00ns)   --->   "%x_46 = phi i14 0, void %entry, i14 %acc_400, void %MultLoop.split.i_ifconv, i14 0, void %dense_resource_rf_gt_nin_rem0<ap_fixed<14, 7, 0, 3, 0>, ap_fixed<14, 7, 0, 3, 0>, config2_2>.exit"   --->   Operation 726 'phi' 'x_46' <Predicate = true> <Delay = 0.00>
ST_8 : Operation 727 [1/1] (0.00ns)   --->   "%x_45 = phi i14 0, void %entry, i14 %acc_401, void %MultLoop.split.i_ifconv, i14 0, void %dense_resource_rf_gt_nin_rem0<ap_fixed<14, 7, 0, 3, 0>, ap_fixed<14, 7, 0, 3, 0>, config2_2>.exit"   --->   Operation 727 'phi' 'x_45' <Predicate = true> <Delay = 0.00>
ST_8 : Operation 728 [1/1] (0.00ns)   --->   "%x_44 = phi i14 0, void %entry, i14 %acc_402, void %MultLoop.split.i_ifconv, i14 0, void %dense_resource_rf_gt_nin_rem0<ap_fixed<14, 7, 0, 3, 0>, ap_fixed<14, 7, 0, 3, 0>, config2_2>.exit"   --->   Operation 728 'phi' 'x_44' <Predicate = true> <Delay = 0.00>
ST_8 : Operation 729 [1/1] (0.00ns)   --->   "%x_43 = phi i14 0, void %entry, i14 %acc_403, void %MultLoop.split.i_ifconv, i14 0, void %dense_resource_rf_gt_nin_rem0<ap_fixed<14, 7, 0, 3, 0>, ap_fixed<14, 7, 0, 3, 0>, config2_2>.exit"   --->   Operation 729 'phi' 'x_43' <Predicate = true> <Delay = 0.00>
ST_8 : Operation 730 [1/1] (0.00ns)   --->   "%x_42 = phi i14 0, void %entry, i14 %acc_404, void %MultLoop.split.i_ifconv, i14 0, void %dense_resource_rf_gt_nin_rem0<ap_fixed<14, 7, 0, 3, 0>, ap_fixed<14, 7, 0, 3, 0>, config2_2>.exit"   --->   Operation 730 'phi' 'x_42' <Predicate = true> <Delay = 0.00>
ST_8 : Operation 731 [1/1] (0.00ns)   --->   "%x_41 = phi i14 0, void %entry, i14 %acc_405, void %MultLoop.split.i_ifconv, i14 0, void %dense_resource_rf_gt_nin_rem0<ap_fixed<14, 7, 0, 3, 0>, ap_fixed<14, 7, 0, 3, 0>, config2_2>.exit"   --->   Operation 731 'phi' 'x_41' <Predicate = true> <Delay = 0.00>
ST_8 : Operation 732 [1/1] (0.00ns)   --->   "%x_40 = phi i14 0, void %entry, i14 %acc_406, void %MultLoop.split.i_ifconv, i14 0, void %dense_resource_rf_gt_nin_rem0<ap_fixed<14, 7, 0, 3, 0>, ap_fixed<14, 7, 0, 3, 0>, config2_2>.exit"   --->   Operation 732 'phi' 'x_40' <Predicate = true> <Delay = 0.00>
ST_8 : Operation 733 [1/1] (0.00ns)   --->   "%x_39 = phi i14 0, void %entry, i14 %acc_407, void %MultLoop.split.i_ifconv, i14 0, void %dense_resource_rf_gt_nin_rem0<ap_fixed<14, 7, 0, 3, 0>, ap_fixed<14, 7, 0, 3, 0>, config2_2>.exit"   --->   Operation 733 'phi' 'x_39' <Predicate = true> <Delay = 0.00>
ST_8 : Operation 734 [1/1] (0.00ns)   --->   "%x_38 = phi i14 0, void %entry, i14 %acc_408, void %MultLoop.split.i_ifconv, i14 0, void %dense_resource_rf_gt_nin_rem0<ap_fixed<14, 7, 0, 3, 0>, ap_fixed<14, 7, 0, 3, 0>, config2_2>.exit"   --->   Operation 734 'phi' 'x_38' <Predicate = true> <Delay = 0.00>
ST_8 : Operation 735 [1/1] (0.00ns)   --->   "%x_37 = phi i14 0, void %entry, i14 %acc_409, void %MultLoop.split.i_ifconv, i14 0, void %dense_resource_rf_gt_nin_rem0<ap_fixed<14, 7, 0, 3, 0>, ap_fixed<14, 7, 0, 3, 0>, config2_2>.exit"   --->   Operation 735 'phi' 'x_37' <Predicate = true> <Delay = 0.00>
ST_8 : Operation 736 [1/1] (0.00ns)   --->   "%x_36 = phi i14 0, void %entry, i14 %acc_410, void %MultLoop.split.i_ifconv, i14 0, void %dense_resource_rf_gt_nin_rem0<ap_fixed<14, 7, 0, 3, 0>, ap_fixed<14, 7, 0, 3, 0>, config2_2>.exit"   --->   Operation 736 'phi' 'x_36' <Predicate = true> <Delay = 0.00>
ST_8 : Operation 737 [1/1] (0.00ns)   --->   "%x_35 = phi i14 0, void %entry, i14 %acc_411, void %MultLoop.split.i_ifconv, i14 0, void %dense_resource_rf_gt_nin_rem0<ap_fixed<14, 7, 0, 3, 0>, ap_fixed<14, 7, 0, 3, 0>, config2_2>.exit"   --->   Operation 737 'phi' 'x_35' <Predicate = true> <Delay = 0.00>
ST_8 : Operation 738 [1/1] (0.00ns)   --->   "%x_34 = phi i14 0, void %entry, i14 %acc_412, void %MultLoop.split.i_ifconv, i14 0, void %dense_resource_rf_gt_nin_rem0<ap_fixed<14, 7, 0, 3, 0>, ap_fixed<14, 7, 0, 3, 0>, config2_2>.exit"   --->   Operation 738 'phi' 'x_34' <Predicate = true> <Delay = 0.00>
ST_8 : Operation 739 [1/1] (0.00ns)   --->   "%x_33 = phi i14 0, void %entry, i14 %acc_413, void %MultLoop.split.i_ifconv, i14 0, void %dense_resource_rf_gt_nin_rem0<ap_fixed<14, 7, 0, 3, 0>, ap_fixed<14, 7, 0, 3, 0>, config2_2>.exit"   --->   Operation 739 'phi' 'x_33' <Predicate = true> <Delay = 0.00>
ST_8 : Operation 740 [1/1] (0.00ns)   --->   "%x_32 = phi i14 0, void %entry, i14 %acc_414, void %MultLoop.split.i_ifconv, i14 0, void %dense_resource_rf_gt_nin_rem0<ap_fixed<14, 7, 0, 3, 0>, ap_fixed<14, 7, 0, 3, 0>, config2_2>.exit"   --->   Operation 740 'phi' 'x_32' <Predicate = true> <Delay = 0.00>
ST_8 : Operation 741 [1/1] (0.00ns)   --->   "%x_31 = phi i14 0, void %entry, i14 %acc_415, void %MultLoop.split.i_ifconv, i14 0, void %dense_resource_rf_gt_nin_rem0<ap_fixed<14, 7, 0, 3, 0>, ap_fixed<14, 7, 0, 3, 0>, config2_2>.exit"   --->   Operation 741 'phi' 'x_31' <Predicate = true> <Delay = 0.00>
ST_8 : Operation 742 [1/1] (0.00ns)   --->   "%x_30 = phi i14 0, void %entry, i14 %acc_416, void %MultLoop.split.i_ifconv, i14 0, void %dense_resource_rf_gt_nin_rem0<ap_fixed<14, 7, 0, 3, 0>, ap_fixed<14, 7, 0, 3, 0>, config2_2>.exit"   --->   Operation 742 'phi' 'x_30' <Predicate = true> <Delay = 0.00>
ST_8 : Operation 743 [1/1] (0.00ns)   --->   "%x_29 = phi i14 0, void %entry, i14 %acc_417, void %MultLoop.split.i_ifconv, i14 0, void %dense_resource_rf_gt_nin_rem0<ap_fixed<14, 7, 0, 3, 0>, ap_fixed<14, 7, 0, 3, 0>, config2_2>.exit"   --->   Operation 743 'phi' 'x_29' <Predicate = true> <Delay = 0.00>
ST_8 : Operation 744 [1/1] (0.00ns)   --->   "%x_28 = phi i14 0, void %entry, i14 %acc_418, void %MultLoop.split.i_ifconv, i14 0, void %dense_resource_rf_gt_nin_rem0<ap_fixed<14, 7, 0, 3, 0>, ap_fixed<14, 7, 0, 3, 0>, config2_2>.exit"   --->   Operation 744 'phi' 'x_28' <Predicate = true> <Delay = 0.00>
ST_8 : Operation 745 [1/1] (0.00ns)   --->   "%x_27 = phi i14 0, void %entry, i14 %acc_419, void %MultLoop.split.i_ifconv, i14 0, void %dense_resource_rf_gt_nin_rem0<ap_fixed<14, 7, 0, 3, 0>, ap_fixed<14, 7, 0, 3, 0>, config2_2>.exit"   --->   Operation 745 'phi' 'x_27' <Predicate = true> <Delay = 0.00>
ST_8 : Operation 746 [1/1] (0.00ns)   --->   "%x_26 = phi i14 0, void %entry, i14 %acc_420, void %MultLoop.split.i_ifconv, i14 0, void %dense_resource_rf_gt_nin_rem0<ap_fixed<14, 7, 0, 3, 0>, ap_fixed<14, 7, 0, 3, 0>, config2_2>.exit"   --->   Operation 746 'phi' 'x_26' <Predicate = true> <Delay = 0.00>
ST_8 : Operation 747 [1/1] (0.00ns)   --->   "%x_25 = phi i14 0, void %entry, i14 %acc_421, void %MultLoop.split.i_ifconv, i14 0, void %dense_resource_rf_gt_nin_rem0<ap_fixed<14, 7, 0, 3, 0>, ap_fixed<14, 7, 0, 3, 0>, config2_2>.exit"   --->   Operation 747 'phi' 'x_25' <Predicate = true> <Delay = 0.00>
ST_8 : Operation 748 [1/1] (0.00ns)   --->   "%x_24 = phi i14 0, void %entry, i14 %acc_422, void %MultLoop.split.i_ifconv, i14 0, void %dense_resource_rf_gt_nin_rem0<ap_fixed<14, 7, 0, 3, 0>, ap_fixed<14, 7, 0, 3, 0>, config2_2>.exit"   --->   Operation 748 'phi' 'x_24' <Predicate = true> <Delay = 0.00>
ST_8 : Operation 749 [1/1] (0.00ns)   --->   "%x_23 = phi i14 0, void %entry, i14 %acc_423, void %MultLoop.split.i_ifconv, i14 0, void %dense_resource_rf_gt_nin_rem0<ap_fixed<14, 7, 0, 3, 0>, ap_fixed<14, 7, 0, 3, 0>, config2_2>.exit"   --->   Operation 749 'phi' 'x_23' <Predicate = true> <Delay = 0.00>
ST_8 : Operation 750 [1/1] (0.00ns)   --->   "%x_22 = phi i14 0, void %entry, i14 %acc_424, void %MultLoop.split.i_ifconv, i14 0, void %dense_resource_rf_gt_nin_rem0<ap_fixed<14, 7, 0, 3, 0>, ap_fixed<14, 7, 0, 3, 0>, config2_2>.exit"   --->   Operation 750 'phi' 'x_22' <Predicate = true> <Delay = 0.00>
ST_8 : Operation 751 [1/1] (0.00ns)   --->   "%x_21 = phi i14 0, void %entry, i14 %acc_425, void %MultLoop.split.i_ifconv, i14 0, void %dense_resource_rf_gt_nin_rem0<ap_fixed<14, 7, 0, 3, 0>, ap_fixed<14, 7, 0, 3, 0>, config2_2>.exit"   --->   Operation 751 'phi' 'x_21' <Predicate = true> <Delay = 0.00>
ST_8 : Operation 752 [1/1] (0.00ns)   --->   "%x_20 = phi i14 0, void %entry, i14 %acc_426, void %MultLoop.split.i_ifconv, i14 0, void %dense_resource_rf_gt_nin_rem0<ap_fixed<14, 7, 0, 3, 0>, ap_fixed<14, 7, 0, 3, 0>, config2_2>.exit"   --->   Operation 752 'phi' 'x_20' <Predicate = true> <Delay = 0.00>
ST_8 : Operation 753 [1/1] (0.00ns)   --->   "%x_19 = phi i14 0, void %entry, i14 %acc_427, void %MultLoop.split.i_ifconv, i14 0, void %dense_resource_rf_gt_nin_rem0<ap_fixed<14, 7, 0, 3, 0>, ap_fixed<14, 7, 0, 3, 0>, config2_2>.exit"   --->   Operation 753 'phi' 'x_19' <Predicate = true> <Delay = 0.00>
ST_8 : Operation 754 [1/1] (0.00ns)   --->   "%x_18 = phi i14 0, void %entry, i14 %acc_428, void %MultLoop.split.i_ifconv, i14 0, void %dense_resource_rf_gt_nin_rem0<ap_fixed<14, 7, 0, 3, 0>, ap_fixed<14, 7, 0, 3, 0>, config2_2>.exit"   --->   Operation 754 'phi' 'x_18' <Predicate = true> <Delay = 0.00>
ST_8 : Operation 755 [1/1] (0.00ns)   --->   "%x_17 = phi i14 0, void %entry, i14 %acc_429, void %MultLoop.split.i_ifconv, i14 0, void %dense_resource_rf_gt_nin_rem0<ap_fixed<14, 7, 0, 3, 0>, ap_fixed<14, 7, 0, 3, 0>, config2_2>.exit"   --->   Operation 755 'phi' 'x_17' <Predicate = true> <Delay = 0.00>
ST_8 : Operation 756 [1/1] (0.00ns)   --->   "%x_16 = phi i14 0, void %entry, i14 %acc_430, void %MultLoop.split.i_ifconv, i14 0, void %dense_resource_rf_gt_nin_rem0<ap_fixed<14, 7, 0, 3, 0>, ap_fixed<14, 7, 0, 3, 0>, config2_2>.exit"   --->   Operation 756 'phi' 'x_16' <Predicate = true> <Delay = 0.00>
ST_8 : Operation 757 [1/1] (0.00ns)   --->   "%x_15 = phi i14 0, void %entry, i14 %acc_431, void %MultLoop.split.i_ifconv, i14 0, void %dense_resource_rf_gt_nin_rem0<ap_fixed<14, 7, 0, 3, 0>, ap_fixed<14, 7, 0, 3, 0>, config2_2>.exit"   --->   Operation 757 'phi' 'x_15' <Predicate = true> <Delay = 0.00>
ST_8 : Operation 758 [1/1] (0.00ns)   --->   "%x_14 = phi i14 0, void %entry, i14 %acc_432, void %MultLoop.split.i_ifconv, i14 0, void %dense_resource_rf_gt_nin_rem0<ap_fixed<14, 7, 0, 3, 0>, ap_fixed<14, 7, 0, 3, 0>, config2_2>.exit"   --->   Operation 758 'phi' 'x_14' <Predicate = true> <Delay = 0.00>
ST_8 : Operation 759 [1/1] (0.00ns)   --->   "%x_13 = phi i14 0, void %entry, i14 %acc_433, void %MultLoop.split.i_ifconv, i14 0, void %dense_resource_rf_gt_nin_rem0<ap_fixed<14, 7, 0, 3, 0>, ap_fixed<14, 7, 0, 3, 0>, config2_2>.exit"   --->   Operation 759 'phi' 'x_13' <Predicate = true> <Delay = 0.00>
ST_8 : Operation 760 [1/1] (0.00ns)   --->   "%x_12 = phi i14 0, void %entry, i14 %acc_434, void %MultLoop.split.i_ifconv, i14 0, void %dense_resource_rf_gt_nin_rem0<ap_fixed<14, 7, 0, 3, 0>, ap_fixed<14, 7, 0, 3, 0>, config2_2>.exit"   --->   Operation 760 'phi' 'x_12' <Predicate = true> <Delay = 0.00>
ST_8 : Operation 761 [1/1] (0.00ns)   --->   "%x_11 = phi i14 0, void %entry, i14 %acc_435, void %MultLoop.split.i_ifconv, i14 0, void %dense_resource_rf_gt_nin_rem0<ap_fixed<14, 7, 0, 3, 0>, ap_fixed<14, 7, 0, 3, 0>, config2_2>.exit"   --->   Operation 761 'phi' 'x_11' <Predicate = true> <Delay = 0.00>
ST_8 : Operation 762 [1/1] (0.00ns)   --->   "%x_10 = phi i14 0, void %entry, i14 %acc_436, void %MultLoop.split.i_ifconv, i14 0, void %dense_resource_rf_gt_nin_rem0<ap_fixed<14, 7, 0, 3, 0>, ap_fixed<14, 7, 0, 3, 0>, config2_2>.exit"   --->   Operation 762 'phi' 'x_10' <Predicate = true> <Delay = 0.00>
ST_8 : Operation 763 [1/1] (0.00ns)   --->   "%x_9 = phi i14 0, void %entry, i14 %acc_437, void %MultLoop.split.i_ifconv, i14 0, void %dense_resource_rf_gt_nin_rem0<ap_fixed<14, 7, 0, 3, 0>, ap_fixed<14, 7, 0, 3, 0>, config2_2>.exit"   --->   Operation 763 'phi' 'x_9' <Predicate = true> <Delay = 0.00>
ST_8 : Operation 764 [1/1] (0.00ns)   --->   "%x_8 = phi i14 0, void %entry, i14 %acc_438, void %MultLoop.split.i_ifconv, i14 0, void %dense_resource_rf_gt_nin_rem0<ap_fixed<14, 7, 0, 3, 0>, ap_fixed<14, 7, 0, 3, 0>, config2_2>.exit"   --->   Operation 764 'phi' 'x_8' <Predicate = true> <Delay = 0.00>
ST_8 : Operation 765 [1/1] (0.00ns)   --->   "%x_7 = phi i14 0, void %entry, i14 %acc_439, void %MultLoop.split.i_ifconv, i14 0, void %dense_resource_rf_gt_nin_rem0<ap_fixed<14, 7, 0, 3, 0>, ap_fixed<14, 7, 0, 3, 0>, config2_2>.exit"   --->   Operation 765 'phi' 'x_7' <Predicate = true> <Delay = 0.00>
ST_8 : Operation 766 [1/1] (0.00ns)   --->   "%x_6 = phi i14 0, void %entry, i14 %acc_440, void %MultLoop.split.i_ifconv, i14 0, void %dense_resource_rf_gt_nin_rem0<ap_fixed<14, 7, 0, 3, 0>, ap_fixed<14, 7, 0, 3, 0>, config2_2>.exit"   --->   Operation 766 'phi' 'x_6' <Predicate = true> <Delay = 0.00>
ST_8 : Operation 767 [1/1] (0.00ns)   --->   "%x_5 = phi i14 0, void %entry, i14 %acc_441, void %MultLoop.split.i_ifconv, i14 0, void %dense_resource_rf_gt_nin_rem0<ap_fixed<14, 7, 0, 3, 0>, ap_fixed<14, 7, 0, 3, 0>, config2_2>.exit"   --->   Operation 767 'phi' 'x_5' <Predicate = true> <Delay = 0.00>
ST_8 : Operation 768 [1/1] (0.00ns)   --->   "%x_4 = phi i14 0, void %entry, i14 %acc_442, void %MultLoop.split.i_ifconv, i14 0, void %dense_resource_rf_gt_nin_rem0<ap_fixed<14, 7, 0, 3, 0>, ap_fixed<14, 7, 0, 3, 0>, config2_2>.exit"   --->   Operation 768 'phi' 'x_4' <Predicate = true> <Delay = 0.00>
ST_8 : Operation 769 [1/1] (0.00ns)   --->   "%x_3 = phi i14 0, void %entry, i14 %acc_443, void %MultLoop.split.i_ifconv, i14 0, void %dense_resource_rf_gt_nin_rem0<ap_fixed<14, 7, 0, 3, 0>, ap_fixed<14, 7, 0, 3, 0>, config2_2>.exit"   --->   Operation 769 'phi' 'x_3' <Predicate = true> <Delay = 0.00>
ST_8 : Operation 770 [1/1] (0.00ns)   --->   "%x_2 = phi i14 0, void %entry, i14 %acc_444, void %MultLoop.split.i_ifconv, i14 0, void %dense_resource_rf_gt_nin_rem0<ap_fixed<14, 7, 0, 3, 0>, ap_fixed<14, 7, 0, 3, 0>, config2_2>.exit"   --->   Operation 770 'phi' 'x_2' <Predicate = true> <Delay = 0.00>
ST_8 : Operation 771 [1/1] (0.00ns)   --->   "%x_1 = phi i14 0, void %entry, i14 %acc_445, void %MultLoop.split.i_ifconv, i14 0, void %dense_resource_rf_gt_nin_rem0<ap_fixed<14, 7, 0, 3, 0>, ap_fixed<14, 7, 0, 3, 0>, config2_2>.exit"   --->   Operation 771 'phi' 'x_1' <Predicate = true> <Delay = 0.00>
ST_8 : Operation 772 [1/1] (0.00ns)   --->   "%x = phi i14 0, void %entry, i14 %acc_446, void %MultLoop.split.i_ifconv, i14 0, void %dense_resource_rf_gt_nin_rem0<ap_fixed<14, 7, 0, 3, 0>, ap_fixed<14, 7, 0, 3, 0>, config2_2>.exit"   --->   Operation 772 'phi' 'x' <Predicate = true> <Delay = 0.00>
ST_8 : Operation 773 [1/1] (0.00ns)   --->   "%zext_ln144 = zext i1 %tmp_735" [firmware/nnet_utils/nnet_dense_resource.h:144]   --->   Operation 773 'zext' 'zext_ln144' <Predicate = true> <Delay = 0.00>
ST_8 : Operation 774 [1/1] (2.13ns)   --->   "%add_ln144 = add i14 %trunc_ln144_1, i14 %zext_ln144" [firmware/nnet_utils/nnet_dense_resource.h:144]   --->   Operation 774 'add' 'add_ln144' <Predicate = true> <Delay = 2.13> <CoreInst = "Adder">   --->   Core 1 'Adder' <Latency = 0> <II = 1> <Delay = 2.13> <FuncUnit> <Opcode : 'add' 'sub'> <InPorts = 2> <OutPorts = 1>
ST_8 : Operation 775 [1/1] (0.69ns)   --->   "%select_ln144 = select i1 %out_index, i14 %x_126, i14 %x_127" [firmware/nnet_utils/nnet_dense_resource.h:144]   --->   Operation 775 'select' 'select_ln144' <Predicate = true> <Delay = 0.69> <CoreInst = "Sel">   --->   Core 73 'Sel' <Latency = 0> <II = 1> <Delay = 0.69> <FuncUnit> <Opcode : 'select'> <InPorts = 3> <OutPorts = 1>
ST_8 : Operation 776 [1/1] (0.00ns)   --->   "%sext_ln144 = sext i14 %select_ln144" [firmware/nnet_utils/nnet_dense_resource.h:144]   --->   Operation 776 'sext' 'sext_ln144' <Predicate = true> <Delay = 0.00>
ST_8 : Operation 777 [1/1] (0.00ns)   --->   "%sext_ln144_1 = sext i14 %add_ln144" [firmware/nnet_utils/nnet_dense_resource.h:144]   --->   Operation 777 'sext' 'sext_ln144_1' <Predicate = true> <Delay = 0.00>
ST_8 : Operation 778 [1/1] (2.13ns)   --->   "%acc = add i14 %add_ln144, i14 %select_ln144" [firmware/nnet_utils/nnet_dense_resource.h:144]   --->   Operation 778 'add' 'acc' <Predicate = true> <Delay = 2.13> <CoreInst = "Adder">   --->   Core 1 'Adder' <Latency = 0> <II = 1> <Delay = 2.13> <FuncUnit> <Opcode : 'add' 'sub'> <InPorts = 2> <OutPorts = 1>
ST_8 : Operation 779 [1/1] (2.13ns)   --->   "%sub_ln144 = sub i15 0, i15 %sext_ln144" [firmware/nnet_utils/nnet_dense_resource.h:144]   --->   Operation 779 'sub' 'sub_ln144' <Predicate = true> <Delay = 2.13> <CoreInst = "Adder">   --->   Core 1 'Adder' <Latency = 0> <II = 1> <Delay = 2.13> <FuncUnit> <Opcode : 'add' 'sub'> <InPorts = 2> <OutPorts = 1>
ST_8 : Operation 780 [1/1] (2.14ns)   --->   "%icmp_ln144 = icmp_eq  i15 %sext_ln144_1, i15 %sub_ln144" [firmware/nnet_utils/nnet_dense_resource.h:144]   --->   Operation 780 'icmp' 'icmp_ln144' <Predicate = true> <Delay = 2.14> <CoreInst = "Cmp">   --->   Core 9 'Cmp' <Latency = 0> <II = 1> <Delay = 2.14> <FuncUnit> <Opcode : 'seteq' 'setne' 'setle' 'setge' 'setlt' 'setgt'> <InPorts = 2> <OutPorts = 1>
ST_8 : Operation 781 [1/1] (0.69ns)   --->   "%select_ln144_1 = select i1 %out_index, i14 0, i14 %x_126" [firmware/nnet_utils/nnet_dense_resource.h:144]   --->   Operation 781 'select' 'select_ln144_1' <Predicate = (!out_index)> <Delay = 0.69> <CoreInst = "Sel">   --->   Core 73 'Sel' <Latency = 0> <II = 1> <Delay = 0.69> <FuncUnit> <Opcode : 'select'> <InPorts = 3> <OutPorts = 1>
ST_8 : Operation 782 [1/1] (0.69ns)   --->   "%select_ln144_2 = select i1 %out_index, i14 %x_127, i14 0" [firmware/nnet_utils/nnet_dense_resource.h:144]   --->   Operation 782 'select' 'select_ln144_2' <Predicate = (out_index)> <Delay = 0.69> <CoreInst = "Sel">   --->   Core 73 'Sel' <Latency = 0> <II = 1> <Delay = 0.69> <FuncUnit> <Opcode : 'select'> <InPorts = 3> <OutPorts = 1>
ST_8 : Operation 783 [1/1] (0.00ns)   --->   "%zext_ln144_1 = zext i1 %tmp_736" [firmware/nnet_utils/nnet_dense_resource.h:144]   --->   Operation 783 'zext' 'zext_ln144_1' <Predicate = true> <Delay = 0.00>
ST_8 : Operation 784 [1/1] (2.13ns)   --->   "%add_ln144_2 = add i14 %trunc_ln144_4, i14 %zext_ln144_1" [firmware/nnet_utils/nnet_dense_resource.h:144]   --->   Operation 784 'add' 'add_ln144_2' <Predicate = true> <Delay = 2.13> <CoreInst = "Adder">   --->   Core 1 'Adder' <Latency = 0> <II = 1> <Delay = 2.13> <FuncUnit> <Opcode : 'add' 'sub'> <InPorts = 2> <OutPorts = 1>
ST_8 : Operation 785 [1/1] (0.69ns)   --->   "%select_ln144_3 = select i1 %out_index, i14 %x_124, i14 %x_125" [firmware/nnet_utils/nnet_dense_resource.h:144]   --->   Operation 785 'select' 'select_ln144_3' <Predicate = true> <Delay = 0.69> <CoreInst = "Sel">   --->   Core 73 'Sel' <Latency = 0> <II = 1> <Delay = 0.69> <FuncUnit> <Opcode : 'select'> <InPorts = 3> <OutPorts = 1>
ST_8 : Operation 786 [1/1] (0.00ns)   --->   "%sext_ln144_2 = sext i14 %select_ln144_3" [firmware/nnet_utils/nnet_dense_resource.h:144]   --->   Operation 786 'sext' 'sext_ln144_2' <Predicate = true> <Delay = 0.00>
ST_8 : Operation 787 [1/1] (0.00ns)   --->   "%sext_ln144_3 = sext i14 %add_ln144_2" [firmware/nnet_utils/nnet_dense_resource.h:144]   --->   Operation 787 'sext' 'sext_ln144_3' <Predicate = true> <Delay = 0.00>
ST_8 : Operation 788 [1/1] (2.13ns)   --->   "%acc_132 = add i14 %add_ln144_2, i14 %select_ln144_3" [firmware/nnet_utils/nnet_dense_resource.h:144]   --->   Operation 788 'add' 'acc_132' <Predicate = true> <Delay = 2.13> <CoreInst = "Adder">   --->   Core 1 'Adder' <Latency = 0> <II = 1> <Delay = 2.13> <FuncUnit> <Opcode : 'add' 'sub'> <InPorts = 2> <OutPorts = 1>
ST_8 : Operation 789 [1/1] (2.13ns)   --->   "%sub_ln144_1 = sub i15 0, i15 %sext_ln144_2" [firmware/nnet_utils/nnet_dense_resource.h:144]   --->   Operation 789 'sub' 'sub_ln144_1' <Predicate = true> <Delay = 2.13> <CoreInst = "Adder">   --->   Core 1 'Adder' <Latency = 0> <II = 1> <Delay = 2.13> <FuncUnit> <Opcode : 'add' 'sub'> <InPorts = 2> <OutPorts = 1>
ST_8 : Operation 790 [1/1] (2.14ns)   --->   "%icmp_ln144_1 = icmp_eq  i15 %sext_ln144_3, i15 %sub_ln144_1" [firmware/nnet_utils/nnet_dense_resource.h:144]   --->   Operation 790 'icmp' 'icmp_ln144_1' <Predicate = true> <Delay = 2.14> <CoreInst = "Cmp">   --->   Core 9 'Cmp' <Latency = 0> <II = 1> <Delay = 2.14> <FuncUnit> <Opcode : 'seteq' 'setne' 'setle' 'setge' 'setlt' 'setgt'> <InPorts = 2> <OutPorts = 1>
ST_8 : Operation 791 [1/1] (0.69ns)   --->   "%select_ln144_6 = select i1 %out_index, i14 0, i14 %x_124" [firmware/nnet_utils/nnet_dense_resource.h:144]   --->   Operation 791 'select' 'select_ln144_6' <Predicate = (!out_index)> <Delay = 0.69> <CoreInst = "Sel">   --->   Core 73 'Sel' <Latency = 0> <II = 1> <Delay = 0.69> <FuncUnit> <Opcode : 'select'> <InPorts = 3> <OutPorts = 1>
ST_8 : Operation 792 [1/1] (0.69ns)   --->   "%select_ln144_7 = select i1 %out_index, i14 %x_125, i14 0" [firmware/nnet_utils/nnet_dense_resource.h:144]   --->   Operation 792 'select' 'select_ln144_7' <Predicate = (out_index)> <Delay = 0.69> <CoreInst = "Sel">   --->   Core 73 'Sel' <Latency = 0> <II = 1> <Delay = 0.69> <FuncUnit> <Opcode : 'select'> <InPorts = 3> <OutPorts = 1>
ST_8 : Operation 793 [1/1] (0.00ns)   --->   "%zext_ln144_2 = zext i1 %tmp_737" [firmware/nnet_utils/nnet_dense_resource.h:144]   --->   Operation 793 'zext' 'zext_ln144_2' <Predicate = true> <Delay = 0.00>
ST_8 : Operation 794 [1/1] (2.13ns)   --->   "%add_ln144_4 = add i14 %trunc_ln144_7, i14 %zext_ln144_2" [firmware/nnet_utils/nnet_dense_resource.h:144]   --->   Operation 794 'add' 'add_ln144_4' <Predicate = true> <Delay = 2.13> <CoreInst = "Adder">   --->   Core 1 'Adder' <Latency = 0> <II = 1> <Delay = 2.13> <FuncUnit> <Opcode : 'add' 'sub'> <InPorts = 2> <OutPorts = 1>
ST_8 : Operation 795 [1/1] (0.69ns)   --->   "%select_ln144_8 = select i1 %out_index, i14 %x_122, i14 %x_123" [firmware/nnet_utils/nnet_dense_resource.h:144]   --->   Operation 795 'select' 'select_ln144_8' <Predicate = true> <Delay = 0.69> <CoreInst = "Sel">   --->   Core 73 'Sel' <Latency = 0> <II = 1> <Delay = 0.69> <FuncUnit> <Opcode : 'select'> <InPorts = 3> <OutPorts = 1>
ST_8 : Operation 796 [1/1] (0.00ns)   --->   "%sext_ln144_4 = sext i14 %select_ln144_8" [firmware/nnet_utils/nnet_dense_resource.h:144]   --->   Operation 796 'sext' 'sext_ln144_4' <Predicate = true> <Delay = 0.00>
ST_8 : Operation 797 [1/1] (0.00ns)   --->   "%sext_ln144_5 = sext i14 %add_ln144_4" [firmware/nnet_utils/nnet_dense_resource.h:144]   --->   Operation 797 'sext' 'sext_ln144_5' <Predicate = true> <Delay = 0.00>
ST_8 : Operation 798 [1/1] (2.13ns)   --->   "%acc_135 = add i14 %add_ln144_4, i14 %select_ln144_8" [firmware/nnet_utils/nnet_dense_resource.h:144]   --->   Operation 798 'add' 'acc_135' <Predicate = true> <Delay = 2.13> <CoreInst = "Adder">   --->   Core 1 'Adder' <Latency = 0> <II = 1> <Delay = 2.13> <FuncUnit> <Opcode : 'add' 'sub'> <InPorts = 2> <OutPorts = 1>
ST_8 : Operation 799 [1/1] (2.13ns)   --->   "%sub_ln144_2 = sub i15 0, i15 %sext_ln144_4" [firmware/nnet_utils/nnet_dense_resource.h:144]   --->   Operation 799 'sub' 'sub_ln144_2' <Predicate = true> <Delay = 2.13> <CoreInst = "Adder">   --->   Core 1 'Adder' <Latency = 0> <II = 1> <Delay = 2.13> <FuncUnit> <Opcode : 'add' 'sub'> <InPorts = 2> <OutPorts = 1>
ST_8 : Operation 800 [1/1] (2.14ns)   --->   "%icmp_ln144_2 = icmp_eq  i15 %sext_ln144_5, i15 %sub_ln144_2" [firmware/nnet_utils/nnet_dense_resource.h:144]   --->   Operation 800 'icmp' 'icmp_ln144_2' <Predicate = true> <Delay = 2.14> <CoreInst = "Cmp">   --->   Core 9 'Cmp' <Latency = 0> <II = 1> <Delay = 2.14> <FuncUnit> <Opcode : 'seteq' 'setne' 'setle' 'setge' 'setlt' 'setgt'> <InPorts = 2> <OutPorts = 1>
ST_8 : Operation 801 [1/1] (0.69ns)   --->   "%select_ln144_9 = select i1 %out_index, i14 0, i14 %x_122" [firmware/nnet_utils/nnet_dense_resource.h:144]   --->   Operation 801 'select' 'select_ln144_9' <Predicate = (!out_index)> <Delay = 0.69> <CoreInst = "Sel">   --->   Core 73 'Sel' <Latency = 0> <II = 1> <Delay = 0.69> <FuncUnit> <Opcode : 'select'> <InPorts = 3> <OutPorts = 1>
ST_8 : Operation 802 [1/1] (0.69ns)   --->   "%select_ln144_10 = select i1 %out_index, i14 %x_123, i14 0" [firmware/nnet_utils/nnet_dense_resource.h:144]   --->   Operation 802 'select' 'select_ln144_10' <Predicate = (out_index)> <Delay = 0.69> <CoreInst = "Sel">   --->   Core 73 'Sel' <Latency = 0> <II = 1> <Delay = 0.69> <FuncUnit> <Opcode : 'select'> <InPorts = 3> <OutPorts = 1>
ST_8 : Operation 803 [1/1] (0.00ns)   --->   "%zext_ln144_3 = zext i1 %tmp_738" [firmware/nnet_utils/nnet_dense_resource.h:144]   --->   Operation 803 'zext' 'zext_ln144_3' <Predicate = true> <Delay = 0.00>
ST_8 : Operation 804 [1/1] (2.13ns)   --->   "%add_ln144_6 = add i14 %trunc_ln144_s, i14 %zext_ln144_3" [firmware/nnet_utils/nnet_dense_resource.h:144]   --->   Operation 804 'add' 'add_ln144_6' <Predicate = true> <Delay = 2.13> <CoreInst = "Adder">   --->   Core 1 'Adder' <Latency = 0> <II = 1> <Delay = 2.13> <FuncUnit> <Opcode : 'add' 'sub'> <InPorts = 2> <OutPorts = 1>
ST_8 : Operation 805 [1/1] (0.69ns)   --->   "%select_ln144_11 = select i1 %out_index, i14 %x_120, i14 %x_121" [firmware/nnet_utils/nnet_dense_resource.h:144]   --->   Operation 805 'select' 'select_ln144_11' <Predicate = true> <Delay = 0.69> <CoreInst = "Sel">   --->   Core 73 'Sel' <Latency = 0> <II = 1> <Delay = 0.69> <FuncUnit> <Opcode : 'select'> <InPorts = 3> <OutPorts = 1>
ST_8 : Operation 806 [1/1] (0.00ns)   --->   "%sext_ln144_6 = sext i14 %select_ln144_11" [firmware/nnet_utils/nnet_dense_resource.h:144]   --->   Operation 806 'sext' 'sext_ln144_6' <Predicate = true> <Delay = 0.00>
ST_8 : Operation 807 [1/1] (0.00ns)   --->   "%sext_ln144_7 = sext i14 %add_ln144_6" [firmware/nnet_utils/nnet_dense_resource.h:144]   --->   Operation 807 'sext' 'sext_ln144_7' <Predicate = true> <Delay = 0.00>
ST_8 : Operation 808 [1/1] (2.13ns)   --->   "%acc_138 = add i14 %add_ln144_6, i14 %select_ln144_11" [firmware/nnet_utils/nnet_dense_resource.h:144]   --->   Operation 808 'add' 'acc_138' <Predicate = true> <Delay = 2.13> <CoreInst = "Adder">   --->   Core 1 'Adder' <Latency = 0> <II = 1> <Delay = 2.13> <FuncUnit> <Opcode : 'add' 'sub'> <InPorts = 2> <OutPorts = 1>
ST_8 : Operation 809 [1/1] (2.13ns)   --->   "%sub_ln144_3 = sub i15 0, i15 %sext_ln144_6" [firmware/nnet_utils/nnet_dense_resource.h:144]   --->   Operation 809 'sub' 'sub_ln144_3' <Predicate = true> <Delay = 2.13> <CoreInst = "Adder">   --->   Core 1 'Adder' <Latency = 0> <II = 1> <Delay = 2.13> <FuncUnit> <Opcode : 'add' 'sub'> <InPorts = 2> <OutPorts = 1>
ST_8 : Operation 810 [1/1] (2.14ns)   --->   "%icmp_ln144_3 = icmp_eq  i15 %sext_ln144_7, i15 %sub_ln144_3" [firmware/nnet_utils/nnet_dense_resource.h:144]   --->   Operation 810 'icmp' 'icmp_ln144_3' <Predicate = true> <Delay = 2.14> <CoreInst = "Cmp">   --->   Core 9 'Cmp' <Latency = 0> <II = 1> <Delay = 2.14> <FuncUnit> <Opcode : 'seteq' 'setne' 'setle' 'setge' 'setlt' 'setgt'> <InPorts = 2> <OutPorts = 1>
ST_8 : Operation 811 [1/1] (0.69ns)   --->   "%select_ln144_12 = select i1 %out_index, i14 0, i14 %x_120" [firmware/nnet_utils/nnet_dense_resource.h:144]   --->   Operation 811 'select' 'select_ln144_12' <Predicate = (!out_index)> <Delay = 0.69> <CoreInst = "Sel">   --->   Core 73 'Sel' <Latency = 0> <II = 1> <Delay = 0.69> <FuncUnit> <Opcode : 'select'> <InPorts = 3> <OutPorts = 1>
ST_8 : Operation 812 [1/1] (0.69ns)   --->   "%select_ln144_13 = select i1 %out_index, i14 %x_121, i14 0" [firmware/nnet_utils/nnet_dense_resource.h:144]   --->   Operation 812 'select' 'select_ln144_13' <Predicate = (out_index)> <Delay = 0.69> <CoreInst = "Sel">   --->   Core 73 'Sel' <Latency = 0> <II = 1> <Delay = 0.69> <FuncUnit> <Opcode : 'select'> <InPorts = 3> <OutPorts = 1>
ST_8 : Operation 813 [1/1] (0.00ns)   --->   "%zext_ln144_4 = zext i1 %tmp_739" [firmware/nnet_utils/nnet_dense_resource.h:144]   --->   Operation 813 'zext' 'zext_ln144_4' <Predicate = true> <Delay = 0.00>
ST_8 : Operation 814 [1/1] (2.13ns)   --->   "%add_ln144_8 = add i14 %trunc_ln144_2, i14 %zext_ln144_4" [firmware/nnet_utils/nnet_dense_resource.h:144]   --->   Operation 814 'add' 'add_ln144_8' <Predicate = true> <Delay = 2.13> <CoreInst = "Adder">   --->   Core 1 'Adder' <Latency = 0> <II = 1> <Delay = 2.13> <FuncUnit> <Opcode : 'add' 'sub'> <InPorts = 2> <OutPorts = 1>
ST_8 : Operation 815 [1/1] (0.69ns)   --->   "%select_ln144_14 = select i1 %out_index, i14 %x_118, i14 %x_119" [firmware/nnet_utils/nnet_dense_resource.h:144]   --->   Operation 815 'select' 'select_ln144_14' <Predicate = true> <Delay = 0.69> <CoreInst = "Sel">   --->   Core 73 'Sel' <Latency = 0> <II = 1> <Delay = 0.69> <FuncUnit> <Opcode : 'select'> <InPorts = 3> <OutPorts = 1>
ST_8 : Operation 816 [1/1] (0.00ns)   --->   "%sext_ln144_8 = sext i14 %select_ln144_14" [firmware/nnet_utils/nnet_dense_resource.h:144]   --->   Operation 816 'sext' 'sext_ln144_8' <Predicate = true> <Delay = 0.00>
ST_8 : Operation 817 [1/1] (0.00ns)   --->   "%sext_ln144_9 = sext i14 %add_ln144_8" [firmware/nnet_utils/nnet_dense_resource.h:144]   --->   Operation 817 'sext' 'sext_ln144_9' <Predicate = true> <Delay = 0.00>
ST_8 : Operation 818 [1/1] (2.13ns)   --->   "%acc_141 = add i14 %add_ln144_8, i14 %select_ln144_14" [firmware/nnet_utils/nnet_dense_resource.h:144]   --->   Operation 818 'add' 'acc_141' <Predicate = true> <Delay = 2.13> <CoreInst = "Adder">   --->   Core 1 'Adder' <Latency = 0> <II = 1> <Delay = 2.13> <FuncUnit> <Opcode : 'add' 'sub'> <InPorts = 2> <OutPorts = 1>
ST_8 : Operation 819 [1/1] (2.13ns)   --->   "%sub_ln144_4 = sub i15 0, i15 %sext_ln144_8" [firmware/nnet_utils/nnet_dense_resource.h:144]   --->   Operation 819 'sub' 'sub_ln144_4' <Predicate = true> <Delay = 2.13> <CoreInst = "Adder">   --->   Core 1 'Adder' <Latency = 0> <II = 1> <Delay = 2.13> <FuncUnit> <Opcode : 'add' 'sub'> <InPorts = 2> <OutPorts = 1>
ST_8 : Operation 820 [1/1] (2.14ns)   --->   "%icmp_ln144_4 = icmp_eq  i15 %sext_ln144_9, i15 %sub_ln144_4" [firmware/nnet_utils/nnet_dense_resource.h:144]   --->   Operation 820 'icmp' 'icmp_ln144_4' <Predicate = true> <Delay = 2.14> <CoreInst = "Cmp">   --->   Core 9 'Cmp' <Latency = 0> <II = 1> <Delay = 2.14> <FuncUnit> <Opcode : 'seteq' 'setne' 'setle' 'setge' 'setlt' 'setgt'> <InPorts = 2> <OutPorts = 1>
ST_8 : Operation 821 [1/1] (0.69ns)   --->   "%select_ln144_15 = select i1 %out_index, i14 0, i14 %x_118" [firmware/nnet_utils/nnet_dense_resource.h:144]   --->   Operation 821 'select' 'select_ln144_15' <Predicate = (!out_index)> <Delay = 0.69> <CoreInst = "Sel">   --->   Core 73 'Sel' <Latency = 0> <II = 1> <Delay = 0.69> <FuncUnit> <Opcode : 'select'> <InPorts = 3> <OutPorts = 1>
ST_8 : Operation 822 [1/1] (0.69ns)   --->   "%select_ln144_16 = select i1 %out_index, i14 %x_119, i14 0" [firmware/nnet_utils/nnet_dense_resource.h:144]   --->   Operation 822 'select' 'select_ln144_16' <Predicate = (out_index)> <Delay = 0.69> <CoreInst = "Sel">   --->   Core 73 'Sel' <Latency = 0> <II = 1> <Delay = 0.69> <FuncUnit> <Opcode : 'select'> <InPorts = 3> <OutPorts = 1>
ST_8 : Operation 823 [1/1] (0.00ns)   --->   "%zext_ln144_5 = zext i1 %tmp_740" [firmware/nnet_utils/nnet_dense_resource.h:144]   --->   Operation 823 'zext' 'zext_ln144_5' <Predicate = true> <Delay = 0.00>
ST_8 : Operation 824 [1/1] (2.13ns)   --->   "%add_ln144_10 = add i14 %trunc_ln144_3, i14 %zext_ln144_5" [firmware/nnet_utils/nnet_dense_resource.h:144]   --->   Operation 824 'add' 'add_ln144_10' <Predicate = true> <Delay = 2.13> <CoreInst = "Adder">   --->   Core 1 'Adder' <Latency = 0> <II = 1> <Delay = 2.13> <FuncUnit> <Opcode : 'add' 'sub'> <InPorts = 2> <OutPorts = 1>
ST_8 : Operation 825 [1/1] (0.69ns)   --->   "%select_ln144_17 = select i1 %out_index, i14 %x_116, i14 %x_117" [firmware/nnet_utils/nnet_dense_resource.h:144]   --->   Operation 825 'select' 'select_ln144_17' <Predicate = true> <Delay = 0.69> <CoreInst = "Sel">   --->   Core 73 'Sel' <Latency = 0> <II = 1> <Delay = 0.69> <FuncUnit> <Opcode : 'select'> <InPorts = 3> <OutPorts = 1>
ST_8 : Operation 826 [1/1] (0.00ns)   --->   "%sext_ln144_10 = sext i14 %select_ln144_17" [firmware/nnet_utils/nnet_dense_resource.h:144]   --->   Operation 826 'sext' 'sext_ln144_10' <Predicate = true> <Delay = 0.00>
ST_8 : Operation 827 [1/1] (0.00ns)   --->   "%sext_ln144_11 = sext i14 %add_ln144_10" [firmware/nnet_utils/nnet_dense_resource.h:144]   --->   Operation 827 'sext' 'sext_ln144_11' <Predicate = true> <Delay = 0.00>
ST_8 : Operation 828 [1/1] (2.13ns)   --->   "%acc_144 = add i14 %add_ln144_10, i14 %select_ln144_17" [firmware/nnet_utils/nnet_dense_resource.h:144]   --->   Operation 828 'add' 'acc_144' <Predicate = true> <Delay = 2.13> <CoreInst = "Adder">   --->   Core 1 'Adder' <Latency = 0> <II = 1> <Delay = 2.13> <FuncUnit> <Opcode : 'add' 'sub'> <InPorts = 2> <OutPorts = 1>
ST_8 : Operation 829 [1/1] (2.13ns)   --->   "%sub_ln144_5 = sub i15 0, i15 %sext_ln144_10" [firmware/nnet_utils/nnet_dense_resource.h:144]   --->   Operation 829 'sub' 'sub_ln144_5' <Predicate = true> <Delay = 2.13> <CoreInst = "Adder">   --->   Core 1 'Adder' <Latency = 0> <II = 1> <Delay = 2.13> <FuncUnit> <Opcode : 'add' 'sub'> <InPorts = 2> <OutPorts = 1>
ST_8 : Operation 830 [1/1] (2.14ns)   --->   "%icmp_ln144_5 = icmp_eq  i15 %sext_ln144_11, i15 %sub_ln144_5" [firmware/nnet_utils/nnet_dense_resource.h:144]   --->   Operation 830 'icmp' 'icmp_ln144_5' <Predicate = true> <Delay = 2.14> <CoreInst = "Cmp">   --->   Core 9 'Cmp' <Latency = 0> <II = 1> <Delay = 2.14> <FuncUnit> <Opcode : 'seteq' 'setne' 'setle' 'setge' 'setlt' 'setgt'> <InPorts = 2> <OutPorts = 1>
ST_8 : Operation 831 [1/1] (0.69ns)   --->   "%select_ln144_18 = select i1 %out_index, i14 0, i14 %x_116" [firmware/nnet_utils/nnet_dense_resource.h:144]   --->   Operation 831 'select' 'select_ln144_18' <Predicate = (!out_index)> <Delay = 0.69> <CoreInst = "Sel">   --->   Core 73 'Sel' <Latency = 0> <II = 1> <Delay = 0.69> <FuncUnit> <Opcode : 'select'> <InPorts = 3> <OutPorts = 1>
ST_8 : Operation 832 [1/1] (0.69ns)   --->   "%select_ln144_19 = select i1 %out_index, i14 %x_117, i14 0" [firmware/nnet_utils/nnet_dense_resource.h:144]   --->   Operation 832 'select' 'select_ln144_19' <Predicate = (out_index)> <Delay = 0.69> <CoreInst = "Sel">   --->   Core 73 'Sel' <Latency = 0> <II = 1> <Delay = 0.69> <FuncUnit> <Opcode : 'select'> <InPorts = 3> <OutPorts = 1>
ST_8 : Operation 833 [1/1] (0.00ns)   --->   "%zext_ln144_6 = zext i1 %tmp_741" [firmware/nnet_utils/nnet_dense_resource.h:144]   --->   Operation 833 'zext' 'zext_ln144_6' <Predicate = true> <Delay = 0.00>
ST_8 : Operation 834 [1/1] (2.13ns)   --->   "%add_ln144_12 = add i14 %trunc_ln144_5, i14 %zext_ln144_6" [firmware/nnet_utils/nnet_dense_resource.h:144]   --->   Operation 834 'add' 'add_ln144_12' <Predicate = true> <Delay = 2.13> <CoreInst = "Adder">   --->   Core 1 'Adder' <Latency = 0> <II = 1> <Delay = 2.13> <FuncUnit> <Opcode : 'add' 'sub'> <InPorts = 2> <OutPorts = 1>
ST_8 : Operation 835 [1/1] (0.69ns)   --->   "%select_ln144_20 = select i1 %out_index, i14 %x_114, i14 %x_115" [firmware/nnet_utils/nnet_dense_resource.h:144]   --->   Operation 835 'select' 'select_ln144_20' <Predicate = true> <Delay = 0.69> <CoreInst = "Sel">   --->   Core 73 'Sel' <Latency = 0> <II = 1> <Delay = 0.69> <FuncUnit> <Opcode : 'select'> <InPorts = 3> <OutPorts = 1>
ST_8 : Operation 836 [1/1] (0.00ns)   --->   "%sext_ln144_12 = sext i14 %select_ln144_20" [firmware/nnet_utils/nnet_dense_resource.h:144]   --->   Operation 836 'sext' 'sext_ln144_12' <Predicate = true> <Delay = 0.00>
ST_8 : Operation 837 [1/1] (0.00ns)   --->   "%sext_ln144_13 = sext i14 %add_ln144_12" [firmware/nnet_utils/nnet_dense_resource.h:144]   --->   Operation 837 'sext' 'sext_ln144_13' <Predicate = true> <Delay = 0.00>
ST_8 : Operation 838 [1/1] (2.13ns)   --->   "%acc_147 = add i14 %add_ln144_12, i14 %select_ln144_20" [firmware/nnet_utils/nnet_dense_resource.h:144]   --->   Operation 838 'add' 'acc_147' <Predicate = true> <Delay = 2.13> <CoreInst = "Adder">   --->   Core 1 'Adder' <Latency = 0> <II = 1> <Delay = 2.13> <FuncUnit> <Opcode : 'add' 'sub'> <InPorts = 2> <OutPorts = 1>
ST_8 : Operation 839 [1/1] (2.13ns)   --->   "%sub_ln144_6 = sub i15 0, i15 %sext_ln144_12" [firmware/nnet_utils/nnet_dense_resource.h:144]   --->   Operation 839 'sub' 'sub_ln144_6' <Predicate = true> <Delay = 2.13> <CoreInst = "Adder">   --->   Core 1 'Adder' <Latency = 0> <II = 1> <Delay = 2.13> <FuncUnit> <Opcode : 'add' 'sub'> <InPorts = 2> <OutPorts = 1>
ST_8 : Operation 840 [1/1] (2.14ns)   --->   "%icmp_ln144_6 = icmp_eq  i15 %sext_ln144_13, i15 %sub_ln144_6" [firmware/nnet_utils/nnet_dense_resource.h:144]   --->   Operation 840 'icmp' 'icmp_ln144_6' <Predicate = true> <Delay = 2.14> <CoreInst = "Cmp">   --->   Core 9 'Cmp' <Latency = 0> <II = 1> <Delay = 2.14> <FuncUnit> <Opcode : 'seteq' 'setne' 'setle' 'setge' 'setlt' 'setgt'> <InPorts = 2> <OutPorts = 1>
ST_8 : Operation 841 [1/1] (0.69ns)   --->   "%select_ln144_21 = select i1 %out_index, i14 0, i14 %x_114" [firmware/nnet_utils/nnet_dense_resource.h:144]   --->   Operation 841 'select' 'select_ln144_21' <Predicate = (!out_index)> <Delay = 0.69> <CoreInst = "Sel">   --->   Core 73 'Sel' <Latency = 0> <II = 1> <Delay = 0.69> <FuncUnit> <Opcode : 'select'> <InPorts = 3> <OutPorts = 1>
ST_8 : Operation 842 [1/1] (0.69ns)   --->   "%select_ln144_22 = select i1 %out_index, i14 %x_115, i14 0" [firmware/nnet_utils/nnet_dense_resource.h:144]   --->   Operation 842 'select' 'select_ln144_22' <Predicate = (out_index)> <Delay = 0.69> <CoreInst = "Sel">   --->   Core 73 'Sel' <Latency = 0> <II = 1> <Delay = 0.69> <FuncUnit> <Opcode : 'select'> <InPorts = 3> <OutPorts = 1>
ST_8 : Operation 843 [1/1] (0.00ns)   --->   "%zext_ln144_7 = zext i1 %tmp_742" [firmware/nnet_utils/nnet_dense_resource.h:144]   --->   Operation 843 'zext' 'zext_ln144_7' <Predicate = true> <Delay = 0.00>
ST_8 : Operation 844 [1/1] (2.13ns)   --->   "%add_ln144_14 = add i14 %trunc_ln144_6, i14 %zext_ln144_7" [firmware/nnet_utils/nnet_dense_resource.h:144]   --->   Operation 844 'add' 'add_ln144_14' <Predicate = true> <Delay = 2.13> <CoreInst = "Adder">   --->   Core 1 'Adder' <Latency = 0> <II = 1> <Delay = 2.13> <FuncUnit> <Opcode : 'add' 'sub'> <InPorts = 2> <OutPorts = 1>
ST_8 : Operation 845 [1/1] (0.69ns)   --->   "%select_ln144_23 = select i1 %out_index, i14 %x_112, i14 %x_113" [firmware/nnet_utils/nnet_dense_resource.h:144]   --->   Operation 845 'select' 'select_ln144_23' <Predicate = true> <Delay = 0.69> <CoreInst = "Sel">   --->   Core 73 'Sel' <Latency = 0> <II = 1> <Delay = 0.69> <FuncUnit> <Opcode : 'select'> <InPorts = 3> <OutPorts = 1>
ST_8 : Operation 846 [1/1] (0.00ns)   --->   "%sext_ln144_14 = sext i14 %select_ln144_23" [firmware/nnet_utils/nnet_dense_resource.h:144]   --->   Operation 846 'sext' 'sext_ln144_14' <Predicate = true> <Delay = 0.00>
ST_8 : Operation 847 [1/1] (0.00ns)   --->   "%sext_ln144_15 = sext i14 %add_ln144_14" [firmware/nnet_utils/nnet_dense_resource.h:144]   --->   Operation 847 'sext' 'sext_ln144_15' <Predicate = true> <Delay = 0.00>
ST_8 : Operation 848 [1/1] (2.13ns)   --->   "%acc_150 = add i14 %add_ln144_14, i14 %select_ln144_23" [firmware/nnet_utils/nnet_dense_resource.h:144]   --->   Operation 848 'add' 'acc_150' <Predicate = true> <Delay = 2.13> <CoreInst = "Adder">   --->   Core 1 'Adder' <Latency = 0> <II = 1> <Delay = 2.13> <FuncUnit> <Opcode : 'add' 'sub'> <InPorts = 2> <OutPorts = 1>
ST_8 : Operation 849 [1/1] (2.13ns)   --->   "%sub_ln144_7 = sub i15 0, i15 %sext_ln144_14" [firmware/nnet_utils/nnet_dense_resource.h:144]   --->   Operation 849 'sub' 'sub_ln144_7' <Predicate = true> <Delay = 2.13> <CoreInst = "Adder">   --->   Core 1 'Adder' <Latency = 0> <II = 1> <Delay = 2.13> <FuncUnit> <Opcode : 'add' 'sub'> <InPorts = 2> <OutPorts = 1>
ST_8 : Operation 850 [1/1] (2.14ns)   --->   "%icmp_ln144_7 = icmp_eq  i15 %sext_ln144_15, i15 %sub_ln144_7" [firmware/nnet_utils/nnet_dense_resource.h:144]   --->   Operation 850 'icmp' 'icmp_ln144_7' <Predicate = true> <Delay = 2.14> <CoreInst = "Cmp">   --->   Core 9 'Cmp' <Latency = 0> <II = 1> <Delay = 2.14> <FuncUnit> <Opcode : 'seteq' 'setne' 'setle' 'setge' 'setlt' 'setgt'> <InPorts = 2> <OutPorts = 1>
ST_8 : Operation 851 [1/1] (0.69ns)   --->   "%select_ln144_24 = select i1 %out_index, i14 0, i14 %x_112" [firmware/nnet_utils/nnet_dense_resource.h:144]   --->   Operation 851 'select' 'select_ln144_24' <Predicate = (!out_index)> <Delay = 0.69> <CoreInst = "Sel">   --->   Core 73 'Sel' <Latency = 0> <II = 1> <Delay = 0.69> <FuncUnit> <Opcode : 'select'> <InPorts = 3> <OutPorts = 1>
ST_8 : Operation 852 [1/1] (0.69ns)   --->   "%select_ln144_25 = select i1 %out_index, i14 %x_113, i14 0" [firmware/nnet_utils/nnet_dense_resource.h:144]   --->   Operation 852 'select' 'select_ln144_25' <Predicate = (out_index)> <Delay = 0.69> <CoreInst = "Sel">   --->   Core 73 'Sel' <Latency = 0> <II = 1> <Delay = 0.69> <FuncUnit> <Opcode : 'select'> <InPorts = 3> <OutPorts = 1>
ST_8 : Operation 853 [1/1] (0.00ns)   --->   "%zext_ln144_8 = zext i1 %tmp_743" [firmware/nnet_utils/nnet_dense_resource.h:144]   --->   Operation 853 'zext' 'zext_ln144_8' <Predicate = true> <Delay = 0.00>
ST_8 : Operation 854 [1/1] (2.13ns)   --->   "%add_ln144_16 = add i14 %trunc_ln144_8, i14 %zext_ln144_8" [firmware/nnet_utils/nnet_dense_resource.h:144]   --->   Operation 854 'add' 'add_ln144_16' <Predicate = true> <Delay = 2.13> <CoreInst = "Adder">   --->   Core 1 'Adder' <Latency = 0> <II = 1> <Delay = 2.13> <FuncUnit> <Opcode : 'add' 'sub'> <InPorts = 2> <OutPorts = 1>
ST_8 : Operation 855 [1/1] (0.69ns)   --->   "%select_ln144_26 = select i1 %out_index, i14 %x_110, i14 %x_111" [firmware/nnet_utils/nnet_dense_resource.h:144]   --->   Operation 855 'select' 'select_ln144_26' <Predicate = true> <Delay = 0.69> <CoreInst = "Sel">   --->   Core 73 'Sel' <Latency = 0> <II = 1> <Delay = 0.69> <FuncUnit> <Opcode : 'select'> <InPorts = 3> <OutPorts = 1>
ST_8 : Operation 856 [1/1] (0.00ns)   --->   "%sext_ln144_16 = sext i14 %select_ln144_26" [firmware/nnet_utils/nnet_dense_resource.h:144]   --->   Operation 856 'sext' 'sext_ln144_16' <Predicate = true> <Delay = 0.00>
ST_8 : Operation 857 [1/1] (0.00ns)   --->   "%sext_ln144_17 = sext i14 %add_ln144_16" [firmware/nnet_utils/nnet_dense_resource.h:144]   --->   Operation 857 'sext' 'sext_ln144_17' <Predicate = true> <Delay = 0.00>
ST_8 : Operation 858 [1/1] (2.13ns)   --->   "%acc_153 = add i14 %add_ln144_16, i14 %select_ln144_26" [firmware/nnet_utils/nnet_dense_resource.h:144]   --->   Operation 858 'add' 'acc_153' <Predicate = true> <Delay = 2.13> <CoreInst = "Adder">   --->   Core 1 'Adder' <Latency = 0> <II = 1> <Delay = 2.13> <FuncUnit> <Opcode : 'add' 'sub'> <InPorts = 2> <OutPorts = 1>
ST_8 : Operation 859 [1/1] (2.13ns)   --->   "%sub_ln144_8 = sub i15 0, i15 %sext_ln144_16" [firmware/nnet_utils/nnet_dense_resource.h:144]   --->   Operation 859 'sub' 'sub_ln144_8' <Predicate = true> <Delay = 2.13> <CoreInst = "Adder">   --->   Core 1 'Adder' <Latency = 0> <II = 1> <Delay = 2.13> <FuncUnit> <Opcode : 'add' 'sub'> <InPorts = 2> <OutPorts = 1>
ST_8 : Operation 860 [1/1] (2.14ns)   --->   "%icmp_ln144_8 = icmp_eq  i15 %sext_ln144_17, i15 %sub_ln144_8" [firmware/nnet_utils/nnet_dense_resource.h:144]   --->   Operation 860 'icmp' 'icmp_ln144_8' <Predicate = true> <Delay = 2.14> <CoreInst = "Cmp">   --->   Core 9 'Cmp' <Latency = 0> <II = 1> <Delay = 2.14> <FuncUnit> <Opcode : 'seteq' 'setne' 'setle' 'setge' 'setlt' 'setgt'> <InPorts = 2> <OutPorts = 1>
ST_8 : Operation 861 [1/1] (0.69ns)   --->   "%select_ln144_27 = select i1 %out_index, i14 0, i14 %x_110" [firmware/nnet_utils/nnet_dense_resource.h:144]   --->   Operation 861 'select' 'select_ln144_27' <Predicate = (!out_index)> <Delay = 0.69> <CoreInst = "Sel">   --->   Core 73 'Sel' <Latency = 0> <II = 1> <Delay = 0.69> <FuncUnit> <Opcode : 'select'> <InPorts = 3> <OutPorts = 1>
ST_8 : Operation 862 [1/1] (0.69ns)   --->   "%select_ln144_28 = select i1 %out_index, i14 %x_111, i14 0" [firmware/nnet_utils/nnet_dense_resource.h:144]   --->   Operation 862 'select' 'select_ln144_28' <Predicate = (out_index)> <Delay = 0.69> <CoreInst = "Sel">   --->   Core 73 'Sel' <Latency = 0> <II = 1> <Delay = 0.69> <FuncUnit> <Opcode : 'select'> <InPorts = 3> <OutPorts = 1>
ST_8 : Operation 863 [1/1] (0.00ns)   --->   "%zext_ln144_9 = zext i1 %tmp_744" [firmware/nnet_utils/nnet_dense_resource.h:144]   --->   Operation 863 'zext' 'zext_ln144_9' <Predicate = true> <Delay = 0.00>
ST_8 : Operation 864 [1/1] (2.13ns)   --->   "%add_ln144_18 = add i14 %trunc_ln144_9, i14 %zext_ln144_9" [firmware/nnet_utils/nnet_dense_resource.h:144]   --->   Operation 864 'add' 'add_ln144_18' <Predicate = true> <Delay = 2.13> <CoreInst = "Adder">   --->   Core 1 'Adder' <Latency = 0> <II = 1> <Delay = 2.13> <FuncUnit> <Opcode : 'add' 'sub'> <InPorts = 2> <OutPorts = 1>
ST_8 : Operation 865 [1/1] (0.69ns)   --->   "%select_ln144_29 = select i1 %out_index, i14 %x_108, i14 %x_109" [firmware/nnet_utils/nnet_dense_resource.h:144]   --->   Operation 865 'select' 'select_ln144_29' <Predicate = true> <Delay = 0.69> <CoreInst = "Sel">   --->   Core 73 'Sel' <Latency = 0> <II = 1> <Delay = 0.69> <FuncUnit> <Opcode : 'select'> <InPorts = 3> <OutPorts = 1>
ST_8 : Operation 866 [1/1] (0.00ns)   --->   "%sext_ln144_18 = sext i14 %select_ln144_29" [firmware/nnet_utils/nnet_dense_resource.h:144]   --->   Operation 866 'sext' 'sext_ln144_18' <Predicate = true> <Delay = 0.00>
ST_8 : Operation 867 [1/1] (0.00ns)   --->   "%sext_ln144_19 = sext i14 %add_ln144_18" [firmware/nnet_utils/nnet_dense_resource.h:144]   --->   Operation 867 'sext' 'sext_ln144_19' <Predicate = true> <Delay = 0.00>
ST_8 : Operation 868 [1/1] (2.13ns)   --->   "%acc_156 = add i14 %add_ln144_18, i14 %select_ln144_29" [firmware/nnet_utils/nnet_dense_resource.h:144]   --->   Operation 868 'add' 'acc_156' <Predicate = true> <Delay = 2.13> <CoreInst = "Adder">   --->   Core 1 'Adder' <Latency = 0> <II = 1> <Delay = 2.13> <FuncUnit> <Opcode : 'add' 'sub'> <InPorts = 2> <OutPorts = 1>
ST_8 : Operation 869 [1/1] (2.13ns)   --->   "%sub_ln144_9 = sub i15 0, i15 %sext_ln144_18" [firmware/nnet_utils/nnet_dense_resource.h:144]   --->   Operation 869 'sub' 'sub_ln144_9' <Predicate = true> <Delay = 2.13> <CoreInst = "Adder">   --->   Core 1 'Adder' <Latency = 0> <II = 1> <Delay = 2.13> <FuncUnit> <Opcode : 'add' 'sub'> <InPorts = 2> <OutPorts = 1>
ST_8 : Operation 870 [1/1] (2.14ns)   --->   "%icmp_ln144_9 = icmp_eq  i15 %sext_ln144_19, i15 %sub_ln144_9" [firmware/nnet_utils/nnet_dense_resource.h:144]   --->   Operation 870 'icmp' 'icmp_ln144_9' <Predicate = true> <Delay = 2.14> <CoreInst = "Cmp">   --->   Core 9 'Cmp' <Latency = 0> <II = 1> <Delay = 2.14> <FuncUnit> <Opcode : 'seteq' 'setne' 'setle' 'setge' 'setlt' 'setgt'> <InPorts = 2> <OutPorts = 1>
ST_8 : Operation 871 [1/1] (0.69ns)   --->   "%select_ln144_30 = select i1 %out_index, i14 0, i14 %x_108" [firmware/nnet_utils/nnet_dense_resource.h:144]   --->   Operation 871 'select' 'select_ln144_30' <Predicate = (!out_index)> <Delay = 0.69> <CoreInst = "Sel">   --->   Core 73 'Sel' <Latency = 0> <II = 1> <Delay = 0.69> <FuncUnit> <Opcode : 'select'> <InPorts = 3> <OutPorts = 1>
ST_8 : Operation 872 [1/1] (0.69ns)   --->   "%select_ln144_31 = select i1 %out_index, i14 %x_109, i14 0" [firmware/nnet_utils/nnet_dense_resource.h:144]   --->   Operation 872 'select' 'select_ln144_31' <Predicate = (out_index)> <Delay = 0.69> <CoreInst = "Sel">   --->   Core 73 'Sel' <Latency = 0> <II = 1> <Delay = 0.69> <FuncUnit> <Opcode : 'select'> <InPorts = 3> <OutPorts = 1>
ST_8 : Operation 873 [1/1] (0.00ns)   --->   "%zext_ln144_10 = zext i1 %tmp_745" [firmware/nnet_utils/nnet_dense_resource.h:144]   --->   Operation 873 'zext' 'zext_ln144_10' <Predicate = true> <Delay = 0.00>
ST_8 : Operation 874 [1/1] (2.13ns)   --->   "%add_ln144_20 = add i14 %trunc_ln144_10, i14 %zext_ln144_10" [firmware/nnet_utils/nnet_dense_resource.h:144]   --->   Operation 874 'add' 'add_ln144_20' <Predicate = true> <Delay = 2.13> <CoreInst = "Adder">   --->   Core 1 'Adder' <Latency = 0> <II = 1> <Delay = 2.13> <FuncUnit> <Opcode : 'add' 'sub'> <InPorts = 2> <OutPorts = 1>
ST_8 : Operation 875 [1/1] (0.69ns)   --->   "%select_ln144_32 = select i1 %out_index, i14 %x_106, i14 %x_107" [firmware/nnet_utils/nnet_dense_resource.h:144]   --->   Operation 875 'select' 'select_ln144_32' <Predicate = true> <Delay = 0.69> <CoreInst = "Sel">   --->   Core 73 'Sel' <Latency = 0> <II = 1> <Delay = 0.69> <FuncUnit> <Opcode : 'select'> <InPorts = 3> <OutPorts = 1>
ST_8 : Operation 876 [1/1] (0.00ns)   --->   "%sext_ln144_20 = sext i14 %select_ln144_32" [firmware/nnet_utils/nnet_dense_resource.h:144]   --->   Operation 876 'sext' 'sext_ln144_20' <Predicate = true> <Delay = 0.00>
ST_8 : Operation 877 [1/1] (0.00ns)   --->   "%sext_ln144_21 = sext i14 %add_ln144_20" [firmware/nnet_utils/nnet_dense_resource.h:144]   --->   Operation 877 'sext' 'sext_ln144_21' <Predicate = true> <Delay = 0.00>
ST_8 : Operation 878 [1/1] (2.13ns)   --->   "%acc_159 = add i14 %add_ln144_20, i14 %select_ln144_32" [firmware/nnet_utils/nnet_dense_resource.h:144]   --->   Operation 878 'add' 'acc_159' <Predicate = true> <Delay = 2.13> <CoreInst = "Adder">   --->   Core 1 'Adder' <Latency = 0> <II = 1> <Delay = 2.13> <FuncUnit> <Opcode : 'add' 'sub'> <InPorts = 2> <OutPorts = 1>
ST_8 : Operation 879 [1/1] (2.13ns)   --->   "%sub_ln144_10 = sub i15 0, i15 %sext_ln144_20" [firmware/nnet_utils/nnet_dense_resource.h:144]   --->   Operation 879 'sub' 'sub_ln144_10' <Predicate = true> <Delay = 2.13> <CoreInst = "Adder">   --->   Core 1 'Adder' <Latency = 0> <II = 1> <Delay = 2.13> <FuncUnit> <Opcode : 'add' 'sub'> <InPorts = 2> <OutPorts = 1>
ST_8 : Operation 880 [1/1] (2.14ns)   --->   "%icmp_ln144_10 = icmp_eq  i15 %sext_ln144_21, i15 %sub_ln144_10" [firmware/nnet_utils/nnet_dense_resource.h:144]   --->   Operation 880 'icmp' 'icmp_ln144_10' <Predicate = true> <Delay = 2.14> <CoreInst = "Cmp">   --->   Core 9 'Cmp' <Latency = 0> <II = 1> <Delay = 2.14> <FuncUnit> <Opcode : 'seteq' 'setne' 'setle' 'setge' 'setlt' 'setgt'> <InPorts = 2> <OutPorts = 1>
ST_8 : Operation 881 [1/1] (0.69ns)   --->   "%select_ln144_33 = select i1 %out_index, i14 0, i14 %x_106" [firmware/nnet_utils/nnet_dense_resource.h:144]   --->   Operation 881 'select' 'select_ln144_33' <Predicate = (!out_index)> <Delay = 0.69> <CoreInst = "Sel">   --->   Core 73 'Sel' <Latency = 0> <II = 1> <Delay = 0.69> <FuncUnit> <Opcode : 'select'> <InPorts = 3> <OutPorts = 1>
ST_8 : Operation 882 [1/1] (0.69ns)   --->   "%select_ln144_34 = select i1 %out_index, i14 %x_107, i14 0" [firmware/nnet_utils/nnet_dense_resource.h:144]   --->   Operation 882 'select' 'select_ln144_34' <Predicate = (out_index)> <Delay = 0.69> <CoreInst = "Sel">   --->   Core 73 'Sel' <Latency = 0> <II = 1> <Delay = 0.69> <FuncUnit> <Opcode : 'select'> <InPorts = 3> <OutPorts = 1>
ST_8 : Operation 883 [1/1] (0.00ns)   --->   "%zext_ln144_11 = zext i1 %tmp_746" [firmware/nnet_utils/nnet_dense_resource.h:144]   --->   Operation 883 'zext' 'zext_ln144_11' <Predicate = true> <Delay = 0.00>
ST_8 : Operation 884 [1/1] (2.13ns)   --->   "%add_ln144_22 = add i14 %trunc_ln144_11, i14 %zext_ln144_11" [firmware/nnet_utils/nnet_dense_resource.h:144]   --->   Operation 884 'add' 'add_ln144_22' <Predicate = true> <Delay = 2.13> <CoreInst = "Adder">   --->   Core 1 'Adder' <Latency = 0> <II = 1> <Delay = 2.13> <FuncUnit> <Opcode : 'add' 'sub'> <InPorts = 2> <OutPorts = 1>
ST_8 : Operation 885 [1/1] (0.69ns)   --->   "%select_ln144_35 = select i1 %out_index, i14 %x_104, i14 %x_105" [firmware/nnet_utils/nnet_dense_resource.h:144]   --->   Operation 885 'select' 'select_ln144_35' <Predicate = true> <Delay = 0.69> <CoreInst = "Sel">   --->   Core 73 'Sel' <Latency = 0> <II = 1> <Delay = 0.69> <FuncUnit> <Opcode : 'select'> <InPorts = 3> <OutPorts = 1>
ST_8 : Operation 886 [1/1] (0.00ns)   --->   "%sext_ln144_22 = sext i14 %select_ln144_35" [firmware/nnet_utils/nnet_dense_resource.h:144]   --->   Operation 886 'sext' 'sext_ln144_22' <Predicate = true> <Delay = 0.00>
ST_8 : Operation 887 [1/1] (0.00ns)   --->   "%sext_ln144_23 = sext i14 %add_ln144_22" [firmware/nnet_utils/nnet_dense_resource.h:144]   --->   Operation 887 'sext' 'sext_ln144_23' <Predicate = true> <Delay = 0.00>
ST_8 : Operation 888 [1/1] (2.13ns)   --->   "%acc_162 = add i14 %add_ln144_22, i14 %select_ln144_35" [firmware/nnet_utils/nnet_dense_resource.h:144]   --->   Operation 888 'add' 'acc_162' <Predicate = true> <Delay = 2.13> <CoreInst = "Adder">   --->   Core 1 'Adder' <Latency = 0> <II = 1> <Delay = 2.13> <FuncUnit> <Opcode : 'add' 'sub'> <InPorts = 2> <OutPorts = 1>
ST_8 : Operation 889 [1/1] (2.13ns)   --->   "%sub_ln144_11 = sub i15 0, i15 %sext_ln144_22" [firmware/nnet_utils/nnet_dense_resource.h:144]   --->   Operation 889 'sub' 'sub_ln144_11' <Predicate = true> <Delay = 2.13> <CoreInst = "Adder">   --->   Core 1 'Adder' <Latency = 0> <II = 1> <Delay = 2.13> <FuncUnit> <Opcode : 'add' 'sub'> <InPorts = 2> <OutPorts = 1>
ST_8 : Operation 890 [1/1] (2.14ns)   --->   "%icmp_ln144_11 = icmp_eq  i15 %sext_ln144_23, i15 %sub_ln144_11" [firmware/nnet_utils/nnet_dense_resource.h:144]   --->   Operation 890 'icmp' 'icmp_ln144_11' <Predicate = true> <Delay = 2.14> <CoreInst = "Cmp">   --->   Core 9 'Cmp' <Latency = 0> <II = 1> <Delay = 2.14> <FuncUnit> <Opcode : 'seteq' 'setne' 'setle' 'setge' 'setlt' 'setgt'> <InPorts = 2> <OutPorts = 1>
ST_8 : Operation 891 [1/1] (0.69ns)   --->   "%select_ln144_36 = select i1 %out_index, i14 0, i14 %x_104" [firmware/nnet_utils/nnet_dense_resource.h:144]   --->   Operation 891 'select' 'select_ln144_36' <Predicate = (!out_index)> <Delay = 0.69> <CoreInst = "Sel">   --->   Core 73 'Sel' <Latency = 0> <II = 1> <Delay = 0.69> <FuncUnit> <Opcode : 'select'> <InPorts = 3> <OutPorts = 1>
ST_8 : Operation 892 [1/1] (0.69ns)   --->   "%select_ln144_37 = select i1 %out_index, i14 %x_105, i14 0" [firmware/nnet_utils/nnet_dense_resource.h:144]   --->   Operation 892 'select' 'select_ln144_37' <Predicate = (out_index)> <Delay = 0.69> <CoreInst = "Sel">   --->   Core 73 'Sel' <Latency = 0> <II = 1> <Delay = 0.69> <FuncUnit> <Opcode : 'select'> <InPorts = 3> <OutPorts = 1>
ST_8 : Operation 893 [1/1] (0.00ns)   --->   "%zext_ln144_12 = zext i1 %tmp_747" [firmware/nnet_utils/nnet_dense_resource.h:144]   --->   Operation 893 'zext' 'zext_ln144_12' <Predicate = true> <Delay = 0.00>
ST_8 : Operation 894 [1/1] (2.13ns)   --->   "%add_ln144_24 = add i14 %trunc_ln144_12, i14 %zext_ln144_12" [firmware/nnet_utils/nnet_dense_resource.h:144]   --->   Operation 894 'add' 'add_ln144_24' <Predicate = true> <Delay = 2.13> <CoreInst = "Adder">   --->   Core 1 'Adder' <Latency = 0> <II = 1> <Delay = 2.13> <FuncUnit> <Opcode : 'add' 'sub'> <InPorts = 2> <OutPorts = 1>
ST_8 : Operation 895 [1/1] (0.69ns)   --->   "%select_ln144_38 = select i1 %out_index, i14 %x_102, i14 %x_103" [firmware/nnet_utils/nnet_dense_resource.h:144]   --->   Operation 895 'select' 'select_ln144_38' <Predicate = true> <Delay = 0.69> <CoreInst = "Sel">   --->   Core 73 'Sel' <Latency = 0> <II = 1> <Delay = 0.69> <FuncUnit> <Opcode : 'select'> <InPorts = 3> <OutPorts = 1>
ST_8 : Operation 896 [1/1] (0.00ns)   --->   "%sext_ln144_24 = sext i14 %select_ln144_38" [firmware/nnet_utils/nnet_dense_resource.h:144]   --->   Operation 896 'sext' 'sext_ln144_24' <Predicate = true> <Delay = 0.00>
ST_8 : Operation 897 [1/1] (0.00ns)   --->   "%sext_ln144_25 = sext i14 %add_ln144_24" [firmware/nnet_utils/nnet_dense_resource.h:144]   --->   Operation 897 'sext' 'sext_ln144_25' <Predicate = true> <Delay = 0.00>
ST_8 : Operation 898 [1/1] (2.13ns)   --->   "%acc_165 = add i14 %add_ln144_24, i14 %select_ln144_38" [firmware/nnet_utils/nnet_dense_resource.h:144]   --->   Operation 898 'add' 'acc_165' <Predicate = true> <Delay = 2.13> <CoreInst = "Adder">   --->   Core 1 'Adder' <Latency = 0> <II = 1> <Delay = 2.13> <FuncUnit> <Opcode : 'add' 'sub'> <InPorts = 2> <OutPorts = 1>
ST_8 : Operation 899 [1/1] (2.13ns)   --->   "%sub_ln144_12 = sub i15 0, i15 %sext_ln144_24" [firmware/nnet_utils/nnet_dense_resource.h:144]   --->   Operation 899 'sub' 'sub_ln144_12' <Predicate = true> <Delay = 2.13> <CoreInst = "Adder">   --->   Core 1 'Adder' <Latency = 0> <II = 1> <Delay = 2.13> <FuncUnit> <Opcode : 'add' 'sub'> <InPorts = 2> <OutPorts = 1>
ST_8 : Operation 900 [1/1] (2.14ns)   --->   "%icmp_ln144_12 = icmp_eq  i15 %sext_ln144_25, i15 %sub_ln144_12" [firmware/nnet_utils/nnet_dense_resource.h:144]   --->   Operation 900 'icmp' 'icmp_ln144_12' <Predicate = true> <Delay = 2.14> <CoreInst = "Cmp">   --->   Core 9 'Cmp' <Latency = 0> <II = 1> <Delay = 2.14> <FuncUnit> <Opcode : 'seteq' 'setne' 'setle' 'setge' 'setlt' 'setgt'> <InPorts = 2> <OutPorts = 1>
ST_8 : Operation 901 [1/1] (0.69ns)   --->   "%select_ln144_39 = select i1 %out_index, i14 0, i14 %x_102" [firmware/nnet_utils/nnet_dense_resource.h:144]   --->   Operation 901 'select' 'select_ln144_39' <Predicate = (!out_index)> <Delay = 0.69> <CoreInst = "Sel">   --->   Core 73 'Sel' <Latency = 0> <II = 1> <Delay = 0.69> <FuncUnit> <Opcode : 'select'> <InPorts = 3> <OutPorts = 1>
ST_8 : Operation 902 [1/1] (0.69ns)   --->   "%select_ln144_40 = select i1 %out_index, i14 %x_103, i14 0" [firmware/nnet_utils/nnet_dense_resource.h:144]   --->   Operation 902 'select' 'select_ln144_40' <Predicate = (out_index)> <Delay = 0.69> <CoreInst = "Sel">   --->   Core 73 'Sel' <Latency = 0> <II = 1> <Delay = 0.69> <FuncUnit> <Opcode : 'select'> <InPorts = 3> <OutPorts = 1>
ST_8 : Operation 903 [1/1] (0.00ns)   --->   "%zext_ln144_13 = zext i1 %tmp_748" [firmware/nnet_utils/nnet_dense_resource.h:144]   --->   Operation 903 'zext' 'zext_ln144_13' <Predicate = true> <Delay = 0.00>
ST_8 : Operation 904 [1/1] (2.13ns)   --->   "%add_ln144_26 = add i14 %trunc_ln144_13, i14 %zext_ln144_13" [firmware/nnet_utils/nnet_dense_resource.h:144]   --->   Operation 904 'add' 'add_ln144_26' <Predicate = true> <Delay = 2.13> <CoreInst = "Adder">   --->   Core 1 'Adder' <Latency = 0> <II = 1> <Delay = 2.13> <FuncUnit> <Opcode : 'add' 'sub'> <InPorts = 2> <OutPorts = 1>
ST_8 : Operation 905 [1/1] (0.69ns)   --->   "%select_ln144_41 = select i1 %out_index, i14 %x_100, i14 %x_101" [firmware/nnet_utils/nnet_dense_resource.h:144]   --->   Operation 905 'select' 'select_ln144_41' <Predicate = true> <Delay = 0.69> <CoreInst = "Sel">   --->   Core 73 'Sel' <Latency = 0> <II = 1> <Delay = 0.69> <FuncUnit> <Opcode : 'select'> <InPorts = 3> <OutPorts = 1>
ST_8 : Operation 906 [1/1] (0.00ns)   --->   "%sext_ln144_26 = sext i14 %select_ln144_41" [firmware/nnet_utils/nnet_dense_resource.h:144]   --->   Operation 906 'sext' 'sext_ln144_26' <Predicate = true> <Delay = 0.00>
ST_8 : Operation 907 [1/1] (0.00ns)   --->   "%sext_ln144_27 = sext i14 %add_ln144_26" [firmware/nnet_utils/nnet_dense_resource.h:144]   --->   Operation 907 'sext' 'sext_ln144_27' <Predicate = true> <Delay = 0.00>
ST_8 : Operation 908 [1/1] (2.13ns)   --->   "%acc_168 = add i14 %add_ln144_26, i14 %select_ln144_41" [firmware/nnet_utils/nnet_dense_resource.h:144]   --->   Operation 908 'add' 'acc_168' <Predicate = true> <Delay = 2.13> <CoreInst = "Adder">   --->   Core 1 'Adder' <Latency = 0> <II = 1> <Delay = 2.13> <FuncUnit> <Opcode : 'add' 'sub'> <InPorts = 2> <OutPorts = 1>
ST_8 : Operation 909 [1/1] (2.13ns)   --->   "%sub_ln144_13 = sub i15 0, i15 %sext_ln144_26" [firmware/nnet_utils/nnet_dense_resource.h:144]   --->   Operation 909 'sub' 'sub_ln144_13' <Predicate = true> <Delay = 2.13> <CoreInst = "Adder">   --->   Core 1 'Adder' <Latency = 0> <II = 1> <Delay = 2.13> <FuncUnit> <Opcode : 'add' 'sub'> <InPorts = 2> <OutPorts = 1>
ST_8 : Operation 910 [1/1] (2.14ns)   --->   "%icmp_ln144_13 = icmp_eq  i15 %sext_ln144_27, i15 %sub_ln144_13" [firmware/nnet_utils/nnet_dense_resource.h:144]   --->   Operation 910 'icmp' 'icmp_ln144_13' <Predicate = true> <Delay = 2.14> <CoreInst = "Cmp">   --->   Core 9 'Cmp' <Latency = 0> <II = 1> <Delay = 2.14> <FuncUnit> <Opcode : 'seteq' 'setne' 'setle' 'setge' 'setlt' 'setgt'> <InPorts = 2> <OutPorts = 1>
ST_8 : Operation 911 [1/1] (0.69ns)   --->   "%select_ln144_42 = select i1 %out_index, i14 0, i14 %x_100" [firmware/nnet_utils/nnet_dense_resource.h:144]   --->   Operation 911 'select' 'select_ln144_42' <Predicate = (!out_index)> <Delay = 0.69> <CoreInst = "Sel">   --->   Core 73 'Sel' <Latency = 0> <II = 1> <Delay = 0.69> <FuncUnit> <Opcode : 'select'> <InPorts = 3> <OutPorts = 1>
ST_8 : Operation 912 [1/1] (0.69ns)   --->   "%select_ln144_43 = select i1 %out_index, i14 %x_101, i14 0" [firmware/nnet_utils/nnet_dense_resource.h:144]   --->   Operation 912 'select' 'select_ln144_43' <Predicate = (out_index)> <Delay = 0.69> <CoreInst = "Sel">   --->   Core 73 'Sel' <Latency = 0> <II = 1> <Delay = 0.69> <FuncUnit> <Opcode : 'select'> <InPorts = 3> <OutPorts = 1>
ST_8 : Operation 913 [1/1] (0.00ns)   --->   "%zext_ln144_14 = zext i1 %tmp_749" [firmware/nnet_utils/nnet_dense_resource.h:144]   --->   Operation 913 'zext' 'zext_ln144_14' <Predicate = true> <Delay = 0.00>
ST_8 : Operation 914 [1/1] (2.13ns)   --->   "%add_ln144_28 = add i14 %trunc_ln144_14, i14 %zext_ln144_14" [firmware/nnet_utils/nnet_dense_resource.h:144]   --->   Operation 914 'add' 'add_ln144_28' <Predicate = true> <Delay = 2.13> <CoreInst = "Adder">   --->   Core 1 'Adder' <Latency = 0> <II = 1> <Delay = 2.13> <FuncUnit> <Opcode : 'add' 'sub'> <InPorts = 2> <OutPorts = 1>
ST_8 : Operation 915 [1/1] (0.69ns)   --->   "%select_ln144_44 = select i1 %out_index, i14 %x_98, i14 %x_99" [firmware/nnet_utils/nnet_dense_resource.h:144]   --->   Operation 915 'select' 'select_ln144_44' <Predicate = true> <Delay = 0.69> <CoreInst = "Sel">   --->   Core 73 'Sel' <Latency = 0> <II = 1> <Delay = 0.69> <FuncUnit> <Opcode : 'select'> <InPorts = 3> <OutPorts = 1>
ST_8 : Operation 916 [1/1] (0.00ns)   --->   "%sext_ln144_28 = sext i14 %select_ln144_44" [firmware/nnet_utils/nnet_dense_resource.h:144]   --->   Operation 916 'sext' 'sext_ln144_28' <Predicate = true> <Delay = 0.00>
ST_8 : Operation 917 [1/1] (0.00ns)   --->   "%sext_ln144_29 = sext i14 %add_ln144_28" [firmware/nnet_utils/nnet_dense_resource.h:144]   --->   Operation 917 'sext' 'sext_ln144_29' <Predicate = true> <Delay = 0.00>
ST_8 : Operation 918 [1/1] (2.13ns)   --->   "%acc_171 = add i14 %add_ln144_28, i14 %select_ln144_44" [firmware/nnet_utils/nnet_dense_resource.h:144]   --->   Operation 918 'add' 'acc_171' <Predicate = true> <Delay = 2.13> <CoreInst = "Adder">   --->   Core 1 'Adder' <Latency = 0> <II = 1> <Delay = 2.13> <FuncUnit> <Opcode : 'add' 'sub'> <InPorts = 2> <OutPorts = 1>
ST_8 : Operation 919 [1/1] (2.13ns)   --->   "%sub_ln144_14 = sub i15 0, i15 %sext_ln144_28" [firmware/nnet_utils/nnet_dense_resource.h:144]   --->   Operation 919 'sub' 'sub_ln144_14' <Predicate = true> <Delay = 2.13> <CoreInst = "Adder">   --->   Core 1 'Adder' <Latency = 0> <II = 1> <Delay = 2.13> <FuncUnit> <Opcode : 'add' 'sub'> <InPorts = 2> <OutPorts = 1>
ST_8 : Operation 920 [1/1] (2.14ns)   --->   "%icmp_ln144_14 = icmp_eq  i15 %sext_ln144_29, i15 %sub_ln144_14" [firmware/nnet_utils/nnet_dense_resource.h:144]   --->   Operation 920 'icmp' 'icmp_ln144_14' <Predicate = true> <Delay = 2.14> <CoreInst = "Cmp">   --->   Core 9 'Cmp' <Latency = 0> <II = 1> <Delay = 2.14> <FuncUnit> <Opcode : 'seteq' 'setne' 'setle' 'setge' 'setlt' 'setgt'> <InPorts = 2> <OutPorts = 1>
ST_8 : Operation 921 [1/1] (0.69ns)   --->   "%select_ln144_45 = select i1 %out_index, i14 0, i14 %x_98" [firmware/nnet_utils/nnet_dense_resource.h:144]   --->   Operation 921 'select' 'select_ln144_45' <Predicate = (!out_index)> <Delay = 0.69> <CoreInst = "Sel">   --->   Core 73 'Sel' <Latency = 0> <II = 1> <Delay = 0.69> <FuncUnit> <Opcode : 'select'> <InPorts = 3> <OutPorts = 1>
ST_8 : Operation 922 [1/1] (0.69ns)   --->   "%select_ln144_46 = select i1 %out_index, i14 %x_99, i14 0" [firmware/nnet_utils/nnet_dense_resource.h:144]   --->   Operation 922 'select' 'select_ln144_46' <Predicate = (out_index)> <Delay = 0.69> <CoreInst = "Sel">   --->   Core 73 'Sel' <Latency = 0> <II = 1> <Delay = 0.69> <FuncUnit> <Opcode : 'select'> <InPorts = 3> <OutPorts = 1>
ST_8 : Operation 923 [1/1] (0.00ns)   --->   "%zext_ln144_15 = zext i1 %tmp_750" [firmware/nnet_utils/nnet_dense_resource.h:144]   --->   Operation 923 'zext' 'zext_ln144_15' <Predicate = true> <Delay = 0.00>
ST_8 : Operation 924 [1/1] (2.13ns)   --->   "%add_ln144_30 = add i14 %trunc_ln144_15, i14 %zext_ln144_15" [firmware/nnet_utils/nnet_dense_resource.h:144]   --->   Operation 924 'add' 'add_ln144_30' <Predicate = true> <Delay = 2.13> <CoreInst = "Adder">   --->   Core 1 'Adder' <Latency = 0> <II = 1> <Delay = 2.13> <FuncUnit> <Opcode : 'add' 'sub'> <InPorts = 2> <OutPorts = 1>
ST_8 : Operation 925 [1/1] (0.69ns)   --->   "%select_ln144_47 = select i1 %out_index, i14 %x_96, i14 %x_97" [firmware/nnet_utils/nnet_dense_resource.h:144]   --->   Operation 925 'select' 'select_ln144_47' <Predicate = true> <Delay = 0.69> <CoreInst = "Sel">   --->   Core 73 'Sel' <Latency = 0> <II = 1> <Delay = 0.69> <FuncUnit> <Opcode : 'select'> <InPorts = 3> <OutPorts = 1>
ST_8 : Operation 926 [1/1] (0.00ns)   --->   "%sext_ln144_30 = sext i14 %select_ln144_47" [firmware/nnet_utils/nnet_dense_resource.h:144]   --->   Operation 926 'sext' 'sext_ln144_30' <Predicate = true> <Delay = 0.00>
ST_8 : Operation 927 [1/1] (0.00ns)   --->   "%sext_ln144_31 = sext i14 %add_ln144_30" [firmware/nnet_utils/nnet_dense_resource.h:144]   --->   Operation 927 'sext' 'sext_ln144_31' <Predicate = true> <Delay = 0.00>
ST_8 : Operation 928 [1/1] (2.13ns)   --->   "%acc_174 = add i14 %add_ln144_30, i14 %select_ln144_47" [firmware/nnet_utils/nnet_dense_resource.h:144]   --->   Operation 928 'add' 'acc_174' <Predicate = true> <Delay = 2.13> <CoreInst = "Adder">   --->   Core 1 'Adder' <Latency = 0> <II = 1> <Delay = 2.13> <FuncUnit> <Opcode : 'add' 'sub'> <InPorts = 2> <OutPorts = 1>
ST_8 : Operation 929 [1/1] (2.13ns)   --->   "%sub_ln144_15 = sub i15 0, i15 %sext_ln144_30" [firmware/nnet_utils/nnet_dense_resource.h:144]   --->   Operation 929 'sub' 'sub_ln144_15' <Predicate = true> <Delay = 2.13> <CoreInst = "Adder">   --->   Core 1 'Adder' <Latency = 0> <II = 1> <Delay = 2.13> <FuncUnit> <Opcode : 'add' 'sub'> <InPorts = 2> <OutPorts = 1>
ST_8 : Operation 930 [1/1] (2.14ns)   --->   "%icmp_ln144_15 = icmp_eq  i15 %sext_ln144_31, i15 %sub_ln144_15" [firmware/nnet_utils/nnet_dense_resource.h:144]   --->   Operation 930 'icmp' 'icmp_ln144_15' <Predicate = true> <Delay = 2.14> <CoreInst = "Cmp">   --->   Core 9 'Cmp' <Latency = 0> <II = 1> <Delay = 2.14> <FuncUnit> <Opcode : 'seteq' 'setne' 'setle' 'setge' 'setlt' 'setgt'> <InPorts = 2> <OutPorts = 1>
ST_8 : Operation 931 [1/1] (0.69ns)   --->   "%select_ln144_48 = select i1 %out_index, i14 0, i14 %x_96" [firmware/nnet_utils/nnet_dense_resource.h:144]   --->   Operation 931 'select' 'select_ln144_48' <Predicate = (!out_index)> <Delay = 0.69> <CoreInst = "Sel">   --->   Core 73 'Sel' <Latency = 0> <II = 1> <Delay = 0.69> <FuncUnit> <Opcode : 'select'> <InPorts = 3> <OutPorts = 1>
ST_8 : Operation 932 [1/1] (0.69ns)   --->   "%select_ln144_49 = select i1 %out_index, i14 %x_97, i14 0" [firmware/nnet_utils/nnet_dense_resource.h:144]   --->   Operation 932 'select' 'select_ln144_49' <Predicate = (out_index)> <Delay = 0.69> <CoreInst = "Sel">   --->   Core 73 'Sel' <Latency = 0> <II = 1> <Delay = 0.69> <FuncUnit> <Opcode : 'select'> <InPorts = 3> <OutPorts = 1>
ST_8 : Operation 933 [1/1] (0.00ns)   --->   "%zext_ln144_16 = zext i1 %tmp_751" [firmware/nnet_utils/nnet_dense_resource.h:144]   --->   Operation 933 'zext' 'zext_ln144_16' <Predicate = true> <Delay = 0.00>
ST_8 : Operation 934 [1/1] (2.13ns)   --->   "%add_ln144_32 = add i14 %trunc_ln144_16, i14 %zext_ln144_16" [firmware/nnet_utils/nnet_dense_resource.h:144]   --->   Operation 934 'add' 'add_ln144_32' <Predicate = true> <Delay = 2.13> <CoreInst = "Adder">   --->   Core 1 'Adder' <Latency = 0> <II = 1> <Delay = 2.13> <FuncUnit> <Opcode : 'add' 'sub'> <InPorts = 2> <OutPorts = 1>
ST_8 : Operation 935 [1/1] (0.69ns)   --->   "%select_ln144_50 = select i1 %out_index, i14 %x_94, i14 %x_95" [firmware/nnet_utils/nnet_dense_resource.h:144]   --->   Operation 935 'select' 'select_ln144_50' <Predicate = true> <Delay = 0.69> <CoreInst = "Sel">   --->   Core 73 'Sel' <Latency = 0> <II = 1> <Delay = 0.69> <FuncUnit> <Opcode : 'select'> <InPorts = 3> <OutPorts = 1>
ST_8 : Operation 936 [1/1] (0.00ns)   --->   "%sext_ln144_32 = sext i14 %select_ln144_50" [firmware/nnet_utils/nnet_dense_resource.h:144]   --->   Operation 936 'sext' 'sext_ln144_32' <Predicate = true> <Delay = 0.00>
ST_8 : Operation 937 [1/1] (0.00ns)   --->   "%sext_ln144_33 = sext i14 %add_ln144_32" [firmware/nnet_utils/nnet_dense_resource.h:144]   --->   Operation 937 'sext' 'sext_ln144_33' <Predicate = true> <Delay = 0.00>
ST_8 : Operation 938 [1/1] (2.13ns)   --->   "%acc_177 = add i14 %add_ln144_32, i14 %select_ln144_50" [firmware/nnet_utils/nnet_dense_resource.h:144]   --->   Operation 938 'add' 'acc_177' <Predicate = true> <Delay = 2.13> <CoreInst = "Adder">   --->   Core 1 'Adder' <Latency = 0> <II = 1> <Delay = 2.13> <FuncUnit> <Opcode : 'add' 'sub'> <InPorts = 2> <OutPorts = 1>
ST_8 : Operation 939 [1/1] (2.13ns)   --->   "%sub_ln144_16 = sub i15 0, i15 %sext_ln144_32" [firmware/nnet_utils/nnet_dense_resource.h:144]   --->   Operation 939 'sub' 'sub_ln144_16' <Predicate = true> <Delay = 2.13> <CoreInst = "Adder">   --->   Core 1 'Adder' <Latency = 0> <II = 1> <Delay = 2.13> <FuncUnit> <Opcode : 'add' 'sub'> <InPorts = 2> <OutPorts = 1>
ST_8 : Operation 940 [1/1] (2.14ns)   --->   "%icmp_ln144_16 = icmp_eq  i15 %sext_ln144_33, i15 %sub_ln144_16" [firmware/nnet_utils/nnet_dense_resource.h:144]   --->   Operation 940 'icmp' 'icmp_ln144_16' <Predicate = true> <Delay = 2.14> <CoreInst = "Cmp">   --->   Core 9 'Cmp' <Latency = 0> <II = 1> <Delay = 2.14> <FuncUnit> <Opcode : 'seteq' 'setne' 'setle' 'setge' 'setlt' 'setgt'> <InPorts = 2> <OutPorts = 1>
ST_8 : Operation 941 [1/1] (0.69ns)   --->   "%select_ln144_51 = select i1 %out_index, i14 0, i14 %x_94" [firmware/nnet_utils/nnet_dense_resource.h:144]   --->   Operation 941 'select' 'select_ln144_51' <Predicate = (!out_index)> <Delay = 0.69> <CoreInst = "Sel">   --->   Core 73 'Sel' <Latency = 0> <II = 1> <Delay = 0.69> <FuncUnit> <Opcode : 'select'> <InPorts = 3> <OutPorts = 1>
ST_8 : Operation 942 [1/1] (0.69ns)   --->   "%select_ln144_52 = select i1 %out_index, i14 %x_95, i14 0" [firmware/nnet_utils/nnet_dense_resource.h:144]   --->   Operation 942 'select' 'select_ln144_52' <Predicate = (out_index)> <Delay = 0.69> <CoreInst = "Sel">   --->   Core 73 'Sel' <Latency = 0> <II = 1> <Delay = 0.69> <FuncUnit> <Opcode : 'select'> <InPorts = 3> <OutPorts = 1>
ST_8 : Operation 943 [1/1] (0.00ns)   --->   "%zext_ln144_17 = zext i1 %tmp_752" [firmware/nnet_utils/nnet_dense_resource.h:144]   --->   Operation 943 'zext' 'zext_ln144_17' <Predicate = true> <Delay = 0.00>
ST_8 : Operation 944 [1/1] (2.13ns)   --->   "%add_ln144_34 = add i14 %trunc_ln144_17, i14 %zext_ln144_17" [firmware/nnet_utils/nnet_dense_resource.h:144]   --->   Operation 944 'add' 'add_ln144_34' <Predicate = true> <Delay = 2.13> <CoreInst = "Adder">   --->   Core 1 'Adder' <Latency = 0> <II = 1> <Delay = 2.13> <FuncUnit> <Opcode : 'add' 'sub'> <InPorts = 2> <OutPorts = 1>
ST_8 : Operation 945 [1/1] (0.69ns)   --->   "%select_ln144_53 = select i1 %out_index, i14 %x_92, i14 %x_93" [firmware/nnet_utils/nnet_dense_resource.h:144]   --->   Operation 945 'select' 'select_ln144_53' <Predicate = true> <Delay = 0.69> <CoreInst = "Sel">   --->   Core 73 'Sel' <Latency = 0> <II = 1> <Delay = 0.69> <FuncUnit> <Opcode : 'select'> <InPorts = 3> <OutPorts = 1>
ST_8 : Operation 946 [1/1] (0.00ns)   --->   "%sext_ln144_34 = sext i14 %select_ln144_53" [firmware/nnet_utils/nnet_dense_resource.h:144]   --->   Operation 946 'sext' 'sext_ln144_34' <Predicate = true> <Delay = 0.00>
ST_8 : Operation 947 [1/1] (0.00ns)   --->   "%sext_ln144_35 = sext i14 %add_ln144_34" [firmware/nnet_utils/nnet_dense_resource.h:144]   --->   Operation 947 'sext' 'sext_ln144_35' <Predicate = true> <Delay = 0.00>
ST_8 : Operation 948 [1/1] (2.13ns)   --->   "%acc_180 = add i14 %add_ln144_34, i14 %select_ln144_53" [firmware/nnet_utils/nnet_dense_resource.h:144]   --->   Operation 948 'add' 'acc_180' <Predicate = true> <Delay = 2.13> <CoreInst = "Adder">   --->   Core 1 'Adder' <Latency = 0> <II = 1> <Delay = 2.13> <FuncUnit> <Opcode : 'add' 'sub'> <InPorts = 2> <OutPorts = 1>
ST_8 : Operation 949 [1/1] (2.13ns)   --->   "%sub_ln144_17 = sub i15 0, i15 %sext_ln144_34" [firmware/nnet_utils/nnet_dense_resource.h:144]   --->   Operation 949 'sub' 'sub_ln144_17' <Predicate = true> <Delay = 2.13> <CoreInst = "Adder">   --->   Core 1 'Adder' <Latency = 0> <II = 1> <Delay = 2.13> <FuncUnit> <Opcode : 'add' 'sub'> <InPorts = 2> <OutPorts = 1>
ST_8 : Operation 950 [1/1] (2.14ns)   --->   "%icmp_ln144_17 = icmp_eq  i15 %sext_ln144_35, i15 %sub_ln144_17" [firmware/nnet_utils/nnet_dense_resource.h:144]   --->   Operation 950 'icmp' 'icmp_ln144_17' <Predicate = true> <Delay = 2.14> <CoreInst = "Cmp">   --->   Core 9 'Cmp' <Latency = 0> <II = 1> <Delay = 2.14> <FuncUnit> <Opcode : 'seteq' 'setne' 'setle' 'setge' 'setlt' 'setgt'> <InPorts = 2> <OutPorts = 1>
ST_8 : Operation 951 [1/1] (0.69ns)   --->   "%select_ln144_54 = select i1 %out_index, i14 0, i14 %x_92" [firmware/nnet_utils/nnet_dense_resource.h:144]   --->   Operation 951 'select' 'select_ln144_54' <Predicate = (!out_index)> <Delay = 0.69> <CoreInst = "Sel">   --->   Core 73 'Sel' <Latency = 0> <II = 1> <Delay = 0.69> <FuncUnit> <Opcode : 'select'> <InPorts = 3> <OutPorts = 1>
ST_8 : Operation 952 [1/1] (0.69ns)   --->   "%select_ln144_55 = select i1 %out_index, i14 %x_93, i14 0" [firmware/nnet_utils/nnet_dense_resource.h:144]   --->   Operation 952 'select' 'select_ln144_55' <Predicate = (out_index)> <Delay = 0.69> <CoreInst = "Sel">   --->   Core 73 'Sel' <Latency = 0> <II = 1> <Delay = 0.69> <FuncUnit> <Opcode : 'select'> <InPorts = 3> <OutPorts = 1>
ST_8 : Operation 953 [1/1] (0.00ns)   --->   "%zext_ln144_18 = zext i1 %tmp_753" [firmware/nnet_utils/nnet_dense_resource.h:144]   --->   Operation 953 'zext' 'zext_ln144_18' <Predicate = true> <Delay = 0.00>
ST_8 : Operation 954 [1/1] (2.13ns)   --->   "%add_ln144_36 = add i14 %trunc_ln144_18, i14 %zext_ln144_18" [firmware/nnet_utils/nnet_dense_resource.h:144]   --->   Operation 954 'add' 'add_ln144_36' <Predicate = true> <Delay = 2.13> <CoreInst = "Adder">   --->   Core 1 'Adder' <Latency = 0> <II = 1> <Delay = 2.13> <FuncUnit> <Opcode : 'add' 'sub'> <InPorts = 2> <OutPorts = 1>
ST_8 : Operation 955 [1/1] (0.69ns)   --->   "%select_ln144_56 = select i1 %out_index, i14 %x_90, i14 %x_91" [firmware/nnet_utils/nnet_dense_resource.h:144]   --->   Operation 955 'select' 'select_ln144_56' <Predicate = true> <Delay = 0.69> <CoreInst = "Sel">   --->   Core 73 'Sel' <Latency = 0> <II = 1> <Delay = 0.69> <FuncUnit> <Opcode : 'select'> <InPorts = 3> <OutPorts = 1>
ST_8 : Operation 956 [1/1] (0.00ns)   --->   "%sext_ln144_36 = sext i14 %select_ln144_56" [firmware/nnet_utils/nnet_dense_resource.h:144]   --->   Operation 956 'sext' 'sext_ln144_36' <Predicate = true> <Delay = 0.00>
ST_8 : Operation 957 [1/1] (0.00ns)   --->   "%sext_ln144_37 = sext i14 %add_ln144_36" [firmware/nnet_utils/nnet_dense_resource.h:144]   --->   Operation 957 'sext' 'sext_ln144_37' <Predicate = true> <Delay = 0.00>
ST_8 : Operation 958 [1/1] (2.13ns)   --->   "%acc_183 = add i14 %add_ln144_36, i14 %select_ln144_56" [firmware/nnet_utils/nnet_dense_resource.h:144]   --->   Operation 958 'add' 'acc_183' <Predicate = true> <Delay = 2.13> <CoreInst = "Adder">   --->   Core 1 'Adder' <Latency = 0> <II = 1> <Delay = 2.13> <FuncUnit> <Opcode : 'add' 'sub'> <InPorts = 2> <OutPorts = 1>
ST_8 : Operation 959 [1/1] (2.13ns)   --->   "%sub_ln144_18 = sub i15 0, i15 %sext_ln144_36" [firmware/nnet_utils/nnet_dense_resource.h:144]   --->   Operation 959 'sub' 'sub_ln144_18' <Predicate = true> <Delay = 2.13> <CoreInst = "Adder">   --->   Core 1 'Adder' <Latency = 0> <II = 1> <Delay = 2.13> <FuncUnit> <Opcode : 'add' 'sub'> <InPorts = 2> <OutPorts = 1>
ST_8 : Operation 960 [1/1] (2.14ns)   --->   "%icmp_ln144_18 = icmp_eq  i15 %sext_ln144_37, i15 %sub_ln144_18" [firmware/nnet_utils/nnet_dense_resource.h:144]   --->   Operation 960 'icmp' 'icmp_ln144_18' <Predicate = true> <Delay = 2.14> <CoreInst = "Cmp">   --->   Core 9 'Cmp' <Latency = 0> <II = 1> <Delay = 2.14> <FuncUnit> <Opcode : 'seteq' 'setne' 'setle' 'setge' 'setlt' 'setgt'> <InPorts = 2> <OutPorts = 1>
ST_8 : Operation 961 [1/1] (0.69ns)   --->   "%select_ln144_57 = select i1 %out_index, i14 0, i14 %x_90" [firmware/nnet_utils/nnet_dense_resource.h:144]   --->   Operation 961 'select' 'select_ln144_57' <Predicate = (!out_index)> <Delay = 0.69> <CoreInst = "Sel">   --->   Core 73 'Sel' <Latency = 0> <II = 1> <Delay = 0.69> <FuncUnit> <Opcode : 'select'> <InPorts = 3> <OutPorts = 1>
ST_8 : Operation 962 [1/1] (0.69ns)   --->   "%select_ln144_58 = select i1 %out_index, i14 %x_91, i14 0" [firmware/nnet_utils/nnet_dense_resource.h:144]   --->   Operation 962 'select' 'select_ln144_58' <Predicate = (out_index)> <Delay = 0.69> <CoreInst = "Sel">   --->   Core 73 'Sel' <Latency = 0> <II = 1> <Delay = 0.69> <FuncUnit> <Opcode : 'select'> <InPorts = 3> <OutPorts = 1>
ST_8 : Operation 963 [1/1] (0.00ns)   --->   "%zext_ln144_19 = zext i1 %tmp_754" [firmware/nnet_utils/nnet_dense_resource.h:144]   --->   Operation 963 'zext' 'zext_ln144_19' <Predicate = true> <Delay = 0.00>
ST_8 : Operation 964 [1/1] (2.13ns)   --->   "%add_ln144_38 = add i14 %trunc_ln144_19, i14 %zext_ln144_19" [firmware/nnet_utils/nnet_dense_resource.h:144]   --->   Operation 964 'add' 'add_ln144_38' <Predicate = true> <Delay = 2.13> <CoreInst = "Adder">   --->   Core 1 'Adder' <Latency = 0> <II = 1> <Delay = 2.13> <FuncUnit> <Opcode : 'add' 'sub'> <InPorts = 2> <OutPorts = 1>
ST_8 : Operation 965 [1/1] (0.69ns)   --->   "%select_ln144_59 = select i1 %out_index, i14 %x_88, i14 %x_89" [firmware/nnet_utils/nnet_dense_resource.h:144]   --->   Operation 965 'select' 'select_ln144_59' <Predicate = true> <Delay = 0.69> <CoreInst = "Sel">   --->   Core 73 'Sel' <Latency = 0> <II = 1> <Delay = 0.69> <FuncUnit> <Opcode : 'select'> <InPorts = 3> <OutPorts = 1>
ST_8 : Operation 966 [1/1] (0.00ns)   --->   "%sext_ln144_38 = sext i14 %select_ln144_59" [firmware/nnet_utils/nnet_dense_resource.h:144]   --->   Operation 966 'sext' 'sext_ln144_38' <Predicate = true> <Delay = 0.00>
ST_8 : Operation 967 [1/1] (0.00ns)   --->   "%sext_ln144_39 = sext i14 %add_ln144_38" [firmware/nnet_utils/nnet_dense_resource.h:144]   --->   Operation 967 'sext' 'sext_ln144_39' <Predicate = true> <Delay = 0.00>
ST_8 : Operation 968 [1/1] (2.13ns)   --->   "%acc_186 = add i14 %add_ln144_38, i14 %select_ln144_59" [firmware/nnet_utils/nnet_dense_resource.h:144]   --->   Operation 968 'add' 'acc_186' <Predicate = true> <Delay = 2.13> <CoreInst = "Adder">   --->   Core 1 'Adder' <Latency = 0> <II = 1> <Delay = 2.13> <FuncUnit> <Opcode : 'add' 'sub'> <InPorts = 2> <OutPorts = 1>
ST_8 : Operation 969 [1/1] (2.13ns)   --->   "%sub_ln144_19 = sub i15 0, i15 %sext_ln144_38" [firmware/nnet_utils/nnet_dense_resource.h:144]   --->   Operation 969 'sub' 'sub_ln144_19' <Predicate = true> <Delay = 2.13> <CoreInst = "Adder">   --->   Core 1 'Adder' <Latency = 0> <II = 1> <Delay = 2.13> <FuncUnit> <Opcode : 'add' 'sub'> <InPorts = 2> <OutPorts = 1>
ST_8 : Operation 970 [1/1] (2.14ns)   --->   "%icmp_ln144_19 = icmp_eq  i15 %sext_ln144_39, i15 %sub_ln144_19" [firmware/nnet_utils/nnet_dense_resource.h:144]   --->   Operation 970 'icmp' 'icmp_ln144_19' <Predicate = true> <Delay = 2.14> <CoreInst = "Cmp">   --->   Core 9 'Cmp' <Latency = 0> <II = 1> <Delay = 2.14> <FuncUnit> <Opcode : 'seteq' 'setne' 'setle' 'setge' 'setlt' 'setgt'> <InPorts = 2> <OutPorts = 1>
ST_8 : Operation 971 [1/1] (0.69ns)   --->   "%select_ln144_60 = select i1 %out_index, i14 0, i14 %x_88" [firmware/nnet_utils/nnet_dense_resource.h:144]   --->   Operation 971 'select' 'select_ln144_60' <Predicate = (!out_index)> <Delay = 0.69> <CoreInst = "Sel">   --->   Core 73 'Sel' <Latency = 0> <II = 1> <Delay = 0.69> <FuncUnit> <Opcode : 'select'> <InPorts = 3> <OutPorts = 1>
ST_8 : Operation 972 [1/1] (0.69ns)   --->   "%select_ln144_61 = select i1 %out_index, i14 %x_89, i14 0" [firmware/nnet_utils/nnet_dense_resource.h:144]   --->   Operation 972 'select' 'select_ln144_61' <Predicate = (out_index)> <Delay = 0.69> <CoreInst = "Sel">   --->   Core 73 'Sel' <Latency = 0> <II = 1> <Delay = 0.69> <FuncUnit> <Opcode : 'select'> <InPorts = 3> <OutPorts = 1>
ST_8 : Operation 973 [1/1] (0.00ns)   --->   "%zext_ln144_20 = zext i1 %tmp_755" [firmware/nnet_utils/nnet_dense_resource.h:144]   --->   Operation 973 'zext' 'zext_ln144_20' <Predicate = true> <Delay = 0.00>
ST_8 : Operation 974 [1/1] (2.13ns)   --->   "%add_ln144_40 = add i14 %trunc_ln144_20, i14 %zext_ln144_20" [firmware/nnet_utils/nnet_dense_resource.h:144]   --->   Operation 974 'add' 'add_ln144_40' <Predicate = true> <Delay = 2.13> <CoreInst = "Adder">   --->   Core 1 'Adder' <Latency = 0> <II = 1> <Delay = 2.13> <FuncUnit> <Opcode : 'add' 'sub'> <InPorts = 2> <OutPorts = 1>
ST_8 : Operation 975 [1/1] (0.69ns)   --->   "%select_ln144_62 = select i1 %out_index, i14 %x_86, i14 %x_87" [firmware/nnet_utils/nnet_dense_resource.h:144]   --->   Operation 975 'select' 'select_ln144_62' <Predicate = true> <Delay = 0.69> <CoreInst = "Sel">   --->   Core 73 'Sel' <Latency = 0> <II = 1> <Delay = 0.69> <FuncUnit> <Opcode : 'select'> <InPorts = 3> <OutPorts = 1>
ST_8 : Operation 976 [1/1] (0.00ns)   --->   "%sext_ln144_40 = sext i14 %select_ln144_62" [firmware/nnet_utils/nnet_dense_resource.h:144]   --->   Operation 976 'sext' 'sext_ln144_40' <Predicate = true> <Delay = 0.00>
ST_8 : Operation 977 [1/1] (0.00ns)   --->   "%sext_ln144_41 = sext i14 %add_ln144_40" [firmware/nnet_utils/nnet_dense_resource.h:144]   --->   Operation 977 'sext' 'sext_ln144_41' <Predicate = true> <Delay = 0.00>
ST_8 : Operation 978 [1/1] (2.13ns)   --->   "%acc_189 = add i14 %add_ln144_40, i14 %select_ln144_62" [firmware/nnet_utils/nnet_dense_resource.h:144]   --->   Operation 978 'add' 'acc_189' <Predicate = true> <Delay = 2.13> <CoreInst = "Adder">   --->   Core 1 'Adder' <Latency = 0> <II = 1> <Delay = 2.13> <FuncUnit> <Opcode : 'add' 'sub'> <InPorts = 2> <OutPorts = 1>
ST_8 : Operation 979 [1/1] (2.13ns)   --->   "%sub_ln144_20 = sub i15 0, i15 %sext_ln144_40" [firmware/nnet_utils/nnet_dense_resource.h:144]   --->   Operation 979 'sub' 'sub_ln144_20' <Predicate = true> <Delay = 2.13> <CoreInst = "Adder">   --->   Core 1 'Adder' <Latency = 0> <II = 1> <Delay = 2.13> <FuncUnit> <Opcode : 'add' 'sub'> <InPorts = 2> <OutPorts = 1>
ST_8 : Operation 980 [1/1] (2.14ns)   --->   "%icmp_ln144_20 = icmp_eq  i15 %sext_ln144_41, i15 %sub_ln144_20" [firmware/nnet_utils/nnet_dense_resource.h:144]   --->   Operation 980 'icmp' 'icmp_ln144_20' <Predicate = true> <Delay = 2.14> <CoreInst = "Cmp">   --->   Core 9 'Cmp' <Latency = 0> <II = 1> <Delay = 2.14> <FuncUnit> <Opcode : 'seteq' 'setne' 'setle' 'setge' 'setlt' 'setgt'> <InPorts = 2> <OutPorts = 1>
ST_8 : Operation 981 [1/1] (0.69ns)   --->   "%select_ln144_63 = select i1 %out_index, i14 0, i14 %x_86" [firmware/nnet_utils/nnet_dense_resource.h:144]   --->   Operation 981 'select' 'select_ln144_63' <Predicate = (!out_index)> <Delay = 0.69> <CoreInst = "Sel">   --->   Core 73 'Sel' <Latency = 0> <II = 1> <Delay = 0.69> <FuncUnit> <Opcode : 'select'> <InPorts = 3> <OutPorts = 1>
ST_8 : Operation 982 [1/1] (0.69ns)   --->   "%select_ln144_64 = select i1 %out_index, i14 %x_87, i14 0" [firmware/nnet_utils/nnet_dense_resource.h:144]   --->   Operation 982 'select' 'select_ln144_64' <Predicate = (out_index)> <Delay = 0.69> <CoreInst = "Sel">   --->   Core 73 'Sel' <Latency = 0> <II = 1> <Delay = 0.69> <FuncUnit> <Opcode : 'select'> <InPorts = 3> <OutPorts = 1>
ST_8 : Operation 983 [1/1] (0.00ns)   --->   "%zext_ln144_21 = zext i1 %tmp_756" [firmware/nnet_utils/nnet_dense_resource.h:144]   --->   Operation 983 'zext' 'zext_ln144_21' <Predicate = true> <Delay = 0.00>
ST_8 : Operation 984 [1/1] (2.13ns)   --->   "%add_ln144_42 = add i14 %trunc_ln144_21, i14 %zext_ln144_21" [firmware/nnet_utils/nnet_dense_resource.h:144]   --->   Operation 984 'add' 'add_ln144_42' <Predicate = true> <Delay = 2.13> <CoreInst = "Adder">   --->   Core 1 'Adder' <Latency = 0> <II = 1> <Delay = 2.13> <FuncUnit> <Opcode : 'add' 'sub'> <InPorts = 2> <OutPorts = 1>
ST_8 : Operation 985 [1/1] (0.69ns)   --->   "%select_ln144_65 = select i1 %out_index, i14 %x_84, i14 %x_85" [firmware/nnet_utils/nnet_dense_resource.h:144]   --->   Operation 985 'select' 'select_ln144_65' <Predicate = true> <Delay = 0.69> <CoreInst = "Sel">   --->   Core 73 'Sel' <Latency = 0> <II = 1> <Delay = 0.69> <FuncUnit> <Opcode : 'select'> <InPorts = 3> <OutPorts = 1>
ST_8 : Operation 986 [1/1] (0.00ns)   --->   "%sext_ln144_42 = sext i14 %select_ln144_65" [firmware/nnet_utils/nnet_dense_resource.h:144]   --->   Operation 986 'sext' 'sext_ln144_42' <Predicate = true> <Delay = 0.00>
ST_8 : Operation 987 [1/1] (0.00ns)   --->   "%sext_ln144_43 = sext i14 %add_ln144_42" [firmware/nnet_utils/nnet_dense_resource.h:144]   --->   Operation 987 'sext' 'sext_ln144_43' <Predicate = true> <Delay = 0.00>
ST_8 : Operation 988 [1/1] (2.13ns)   --->   "%acc_192 = add i14 %add_ln144_42, i14 %select_ln144_65" [firmware/nnet_utils/nnet_dense_resource.h:144]   --->   Operation 988 'add' 'acc_192' <Predicate = true> <Delay = 2.13> <CoreInst = "Adder">   --->   Core 1 'Adder' <Latency = 0> <II = 1> <Delay = 2.13> <FuncUnit> <Opcode : 'add' 'sub'> <InPorts = 2> <OutPorts = 1>
ST_8 : Operation 989 [1/1] (2.13ns)   --->   "%sub_ln144_21 = sub i15 0, i15 %sext_ln144_42" [firmware/nnet_utils/nnet_dense_resource.h:144]   --->   Operation 989 'sub' 'sub_ln144_21' <Predicate = true> <Delay = 2.13> <CoreInst = "Adder">   --->   Core 1 'Adder' <Latency = 0> <II = 1> <Delay = 2.13> <FuncUnit> <Opcode : 'add' 'sub'> <InPorts = 2> <OutPorts = 1>
ST_8 : Operation 990 [1/1] (2.14ns)   --->   "%icmp_ln144_21 = icmp_eq  i15 %sext_ln144_43, i15 %sub_ln144_21" [firmware/nnet_utils/nnet_dense_resource.h:144]   --->   Operation 990 'icmp' 'icmp_ln144_21' <Predicate = true> <Delay = 2.14> <CoreInst = "Cmp">   --->   Core 9 'Cmp' <Latency = 0> <II = 1> <Delay = 2.14> <FuncUnit> <Opcode : 'seteq' 'setne' 'setle' 'setge' 'setlt' 'setgt'> <InPorts = 2> <OutPorts = 1>
ST_8 : Operation 991 [1/1] (0.69ns)   --->   "%select_ln144_66 = select i1 %out_index, i14 0, i14 %x_84" [firmware/nnet_utils/nnet_dense_resource.h:144]   --->   Operation 991 'select' 'select_ln144_66' <Predicate = (!out_index)> <Delay = 0.69> <CoreInst = "Sel">   --->   Core 73 'Sel' <Latency = 0> <II = 1> <Delay = 0.69> <FuncUnit> <Opcode : 'select'> <InPorts = 3> <OutPorts = 1>
ST_8 : Operation 992 [1/1] (0.69ns)   --->   "%select_ln144_67 = select i1 %out_index, i14 %x_85, i14 0" [firmware/nnet_utils/nnet_dense_resource.h:144]   --->   Operation 992 'select' 'select_ln144_67' <Predicate = (out_index)> <Delay = 0.69> <CoreInst = "Sel">   --->   Core 73 'Sel' <Latency = 0> <II = 1> <Delay = 0.69> <FuncUnit> <Opcode : 'select'> <InPorts = 3> <OutPorts = 1>
ST_8 : Operation 993 [1/1] (0.00ns)   --->   "%zext_ln144_22 = zext i1 %tmp_757" [firmware/nnet_utils/nnet_dense_resource.h:144]   --->   Operation 993 'zext' 'zext_ln144_22' <Predicate = true> <Delay = 0.00>
ST_8 : Operation 994 [1/1] (2.13ns)   --->   "%add_ln144_44 = add i14 %trunc_ln144_22, i14 %zext_ln144_22" [firmware/nnet_utils/nnet_dense_resource.h:144]   --->   Operation 994 'add' 'add_ln144_44' <Predicate = true> <Delay = 2.13> <CoreInst = "Adder">   --->   Core 1 'Adder' <Latency = 0> <II = 1> <Delay = 2.13> <FuncUnit> <Opcode : 'add' 'sub'> <InPorts = 2> <OutPorts = 1>
ST_8 : Operation 995 [1/1] (0.69ns)   --->   "%select_ln144_68 = select i1 %out_index, i14 %x_82, i14 %x_83" [firmware/nnet_utils/nnet_dense_resource.h:144]   --->   Operation 995 'select' 'select_ln144_68' <Predicate = true> <Delay = 0.69> <CoreInst = "Sel">   --->   Core 73 'Sel' <Latency = 0> <II = 1> <Delay = 0.69> <FuncUnit> <Opcode : 'select'> <InPorts = 3> <OutPorts = 1>
ST_8 : Operation 996 [1/1] (0.00ns)   --->   "%sext_ln144_44 = sext i14 %select_ln144_68" [firmware/nnet_utils/nnet_dense_resource.h:144]   --->   Operation 996 'sext' 'sext_ln144_44' <Predicate = true> <Delay = 0.00>
ST_8 : Operation 997 [1/1] (0.00ns)   --->   "%sext_ln144_45 = sext i14 %add_ln144_44" [firmware/nnet_utils/nnet_dense_resource.h:144]   --->   Operation 997 'sext' 'sext_ln144_45' <Predicate = true> <Delay = 0.00>
ST_8 : Operation 998 [1/1] (2.13ns)   --->   "%acc_195 = add i14 %add_ln144_44, i14 %select_ln144_68" [firmware/nnet_utils/nnet_dense_resource.h:144]   --->   Operation 998 'add' 'acc_195' <Predicate = true> <Delay = 2.13> <CoreInst = "Adder">   --->   Core 1 'Adder' <Latency = 0> <II = 1> <Delay = 2.13> <FuncUnit> <Opcode : 'add' 'sub'> <InPorts = 2> <OutPorts = 1>
ST_8 : Operation 999 [1/1] (2.13ns)   --->   "%sub_ln144_22 = sub i15 0, i15 %sext_ln144_44" [firmware/nnet_utils/nnet_dense_resource.h:144]   --->   Operation 999 'sub' 'sub_ln144_22' <Predicate = true> <Delay = 2.13> <CoreInst = "Adder">   --->   Core 1 'Adder' <Latency = 0> <II = 1> <Delay = 2.13> <FuncUnit> <Opcode : 'add' 'sub'> <InPorts = 2> <OutPorts = 1>
ST_8 : Operation 1000 [1/1] (2.14ns)   --->   "%icmp_ln144_22 = icmp_eq  i15 %sext_ln144_45, i15 %sub_ln144_22" [firmware/nnet_utils/nnet_dense_resource.h:144]   --->   Operation 1000 'icmp' 'icmp_ln144_22' <Predicate = true> <Delay = 2.14> <CoreInst = "Cmp">   --->   Core 9 'Cmp' <Latency = 0> <II = 1> <Delay = 2.14> <FuncUnit> <Opcode : 'seteq' 'setne' 'setle' 'setge' 'setlt' 'setgt'> <InPorts = 2> <OutPorts = 1>
ST_8 : Operation 1001 [1/1] (0.69ns)   --->   "%select_ln144_69 = select i1 %out_index, i14 0, i14 %x_82" [firmware/nnet_utils/nnet_dense_resource.h:144]   --->   Operation 1001 'select' 'select_ln144_69' <Predicate = (!out_index)> <Delay = 0.69> <CoreInst = "Sel">   --->   Core 73 'Sel' <Latency = 0> <II = 1> <Delay = 0.69> <FuncUnit> <Opcode : 'select'> <InPorts = 3> <OutPorts = 1>
ST_8 : Operation 1002 [1/1] (0.69ns)   --->   "%select_ln144_70 = select i1 %out_index, i14 %x_83, i14 0" [firmware/nnet_utils/nnet_dense_resource.h:144]   --->   Operation 1002 'select' 'select_ln144_70' <Predicate = (out_index)> <Delay = 0.69> <CoreInst = "Sel">   --->   Core 73 'Sel' <Latency = 0> <II = 1> <Delay = 0.69> <FuncUnit> <Opcode : 'select'> <InPorts = 3> <OutPorts = 1>
ST_8 : Operation 1003 [1/1] (0.00ns)   --->   "%zext_ln144_23 = zext i1 %tmp_758" [firmware/nnet_utils/nnet_dense_resource.h:144]   --->   Operation 1003 'zext' 'zext_ln144_23' <Predicate = true> <Delay = 0.00>
ST_8 : Operation 1004 [1/1] (2.13ns)   --->   "%add_ln144_46 = add i14 %trunc_ln144_23, i14 %zext_ln144_23" [firmware/nnet_utils/nnet_dense_resource.h:144]   --->   Operation 1004 'add' 'add_ln144_46' <Predicate = true> <Delay = 2.13> <CoreInst = "Adder">   --->   Core 1 'Adder' <Latency = 0> <II = 1> <Delay = 2.13> <FuncUnit> <Opcode : 'add' 'sub'> <InPorts = 2> <OutPorts = 1>
ST_8 : Operation 1005 [1/1] (0.69ns)   --->   "%select_ln144_71 = select i1 %out_index, i14 %x_80, i14 %x_81" [firmware/nnet_utils/nnet_dense_resource.h:144]   --->   Operation 1005 'select' 'select_ln144_71' <Predicate = true> <Delay = 0.69> <CoreInst = "Sel">   --->   Core 73 'Sel' <Latency = 0> <II = 1> <Delay = 0.69> <FuncUnit> <Opcode : 'select'> <InPorts = 3> <OutPorts = 1>
ST_8 : Operation 1006 [1/1] (0.00ns)   --->   "%sext_ln144_46 = sext i14 %select_ln144_71" [firmware/nnet_utils/nnet_dense_resource.h:144]   --->   Operation 1006 'sext' 'sext_ln144_46' <Predicate = true> <Delay = 0.00>
ST_8 : Operation 1007 [1/1] (0.00ns)   --->   "%sext_ln144_47 = sext i14 %add_ln144_46" [firmware/nnet_utils/nnet_dense_resource.h:144]   --->   Operation 1007 'sext' 'sext_ln144_47' <Predicate = true> <Delay = 0.00>
ST_8 : Operation 1008 [1/1] (2.13ns)   --->   "%acc_198 = add i14 %add_ln144_46, i14 %select_ln144_71" [firmware/nnet_utils/nnet_dense_resource.h:144]   --->   Operation 1008 'add' 'acc_198' <Predicate = true> <Delay = 2.13> <CoreInst = "Adder">   --->   Core 1 'Adder' <Latency = 0> <II = 1> <Delay = 2.13> <FuncUnit> <Opcode : 'add' 'sub'> <InPorts = 2> <OutPorts = 1>
ST_8 : Operation 1009 [1/1] (2.13ns)   --->   "%sub_ln144_23 = sub i15 0, i15 %sext_ln144_46" [firmware/nnet_utils/nnet_dense_resource.h:144]   --->   Operation 1009 'sub' 'sub_ln144_23' <Predicate = true> <Delay = 2.13> <CoreInst = "Adder">   --->   Core 1 'Adder' <Latency = 0> <II = 1> <Delay = 2.13> <FuncUnit> <Opcode : 'add' 'sub'> <InPorts = 2> <OutPorts = 1>
ST_8 : Operation 1010 [1/1] (2.14ns)   --->   "%icmp_ln144_23 = icmp_eq  i15 %sext_ln144_47, i15 %sub_ln144_23" [firmware/nnet_utils/nnet_dense_resource.h:144]   --->   Operation 1010 'icmp' 'icmp_ln144_23' <Predicate = true> <Delay = 2.14> <CoreInst = "Cmp">   --->   Core 9 'Cmp' <Latency = 0> <II = 1> <Delay = 2.14> <FuncUnit> <Opcode : 'seteq' 'setne' 'setle' 'setge' 'setlt' 'setgt'> <InPorts = 2> <OutPorts = 1>
ST_8 : Operation 1011 [1/1] (0.69ns)   --->   "%select_ln144_72 = select i1 %out_index, i14 0, i14 %x_80" [firmware/nnet_utils/nnet_dense_resource.h:144]   --->   Operation 1011 'select' 'select_ln144_72' <Predicate = (!out_index)> <Delay = 0.69> <CoreInst = "Sel">   --->   Core 73 'Sel' <Latency = 0> <II = 1> <Delay = 0.69> <FuncUnit> <Opcode : 'select'> <InPorts = 3> <OutPorts = 1>
ST_8 : Operation 1012 [1/1] (0.69ns)   --->   "%select_ln144_73 = select i1 %out_index, i14 %x_81, i14 0" [firmware/nnet_utils/nnet_dense_resource.h:144]   --->   Operation 1012 'select' 'select_ln144_73' <Predicate = (out_index)> <Delay = 0.69> <CoreInst = "Sel">   --->   Core 73 'Sel' <Latency = 0> <II = 1> <Delay = 0.69> <FuncUnit> <Opcode : 'select'> <InPorts = 3> <OutPorts = 1>
ST_8 : Operation 1013 [1/1] (0.00ns)   --->   "%zext_ln144_24 = zext i1 %tmp_759" [firmware/nnet_utils/nnet_dense_resource.h:144]   --->   Operation 1013 'zext' 'zext_ln144_24' <Predicate = true> <Delay = 0.00>
ST_8 : Operation 1014 [1/1] (2.13ns)   --->   "%add_ln144_48 = add i14 %trunc_ln144_24, i14 %zext_ln144_24" [firmware/nnet_utils/nnet_dense_resource.h:144]   --->   Operation 1014 'add' 'add_ln144_48' <Predicate = true> <Delay = 2.13> <CoreInst = "Adder">   --->   Core 1 'Adder' <Latency = 0> <II = 1> <Delay = 2.13> <FuncUnit> <Opcode : 'add' 'sub'> <InPorts = 2> <OutPorts = 1>
ST_8 : Operation 1015 [1/1] (0.69ns)   --->   "%select_ln144_74 = select i1 %out_index, i14 %x_78, i14 %x_79" [firmware/nnet_utils/nnet_dense_resource.h:144]   --->   Operation 1015 'select' 'select_ln144_74' <Predicate = true> <Delay = 0.69> <CoreInst = "Sel">   --->   Core 73 'Sel' <Latency = 0> <II = 1> <Delay = 0.69> <FuncUnit> <Opcode : 'select'> <InPorts = 3> <OutPorts = 1>
ST_8 : Operation 1016 [1/1] (0.00ns)   --->   "%sext_ln144_48 = sext i14 %select_ln144_74" [firmware/nnet_utils/nnet_dense_resource.h:144]   --->   Operation 1016 'sext' 'sext_ln144_48' <Predicate = true> <Delay = 0.00>
ST_8 : Operation 1017 [1/1] (0.00ns)   --->   "%sext_ln144_49 = sext i14 %add_ln144_48" [firmware/nnet_utils/nnet_dense_resource.h:144]   --->   Operation 1017 'sext' 'sext_ln144_49' <Predicate = true> <Delay = 0.00>
ST_8 : Operation 1018 [1/1] (2.13ns)   --->   "%acc_201 = add i14 %add_ln144_48, i14 %select_ln144_74" [firmware/nnet_utils/nnet_dense_resource.h:144]   --->   Operation 1018 'add' 'acc_201' <Predicate = true> <Delay = 2.13> <CoreInst = "Adder">   --->   Core 1 'Adder' <Latency = 0> <II = 1> <Delay = 2.13> <FuncUnit> <Opcode : 'add' 'sub'> <InPorts = 2> <OutPorts = 1>
ST_8 : Operation 1019 [1/1] (2.13ns)   --->   "%sub_ln144_24 = sub i15 0, i15 %sext_ln144_48" [firmware/nnet_utils/nnet_dense_resource.h:144]   --->   Operation 1019 'sub' 'sub_ln144_24' <Predicate = true> <Delay = 2.13> <CoreInst = "Adder">   --->   Core 1 'Adder' <Latency = 0> <II = 1> <Delay = 2.13> <FuncUnit> <Opcode : 'add' 'sub'> <InPorts = 2> <OutPorts = 1>
ST_8 : Operation 1020 [1/1] (2.14ns)   --->   "%icmp_ln144_24 = icmp_eq  i15 %sext_ln144_49, i15 %sub_ln144_24" [firmware/nnet_utils/nnet_dense_resource.h:144]   --->   Operation 1020 'icmp' 'icmp_ln144_24' <Predicate = true> <Delay = 2.14> <CoreInst = "Cmp">   --->   Core 9 'Cmp' <Latency = 0> <II = 1> <Delay = 2.14> <FuncUnit> <Opcode : 'seteq' 'setne' 'setle' 'setge' 'setlt' 'setgt'> <InPorts = 2> <OutPorts = 1>
ST_8 : Operation 1021 [1/1] (0.69ns)   --->   "%select_ln144_75 = select i1 %out_index, i14 0, i14 %x_78" [firmware/nnet_utils/nnet_dense_resource.h:144]   --->   Operation 1021 'select' 'select_ln144_75' <Predicate = (!out_index)> <Delay = 0.69> <CoreInst = "Sel">   --->   Core 73 'Sel' <Latency = 0> <II = 1> <Delay = 0.69> <FuncUnit> <Opcode : 'select'> <InPorts = 3> <OutPorts = 1>
ST_8 : Operation 1022 [1/1] (0.69ns)   --->   "%select_ln144_76 = select i1 %out_index, i14 %x_79, i14 0" [firmware/nnet_utils/nnet_dense_resource.h:144]   --->   Operation 1022 'select' 'select_ln144_76' <Predicate = (out_index)> <Delay = 0.69> <CoreInst = "Sel">   --->   Core 73 'Sel' <Latency = 0> <II = 1> <Delay = 0.69> <FuncUnit> <Opcode : 'select'> <InPorts = 3> <OutPorts = 1>
ST_8 : Operation 1023 [1/1] (0.00ns)   --->   "%zext_ln144_25 = zext i1 %tmp_760" [firmware/nnet_utils/nnet_dense_resource.h:144]   --->   Operation 1023 'zext' 'zext_ln144_25' <Predicate = true> <Delay = 0.00>
ST_8 : Operation 1024 [1/1] (2.13ns)   --->   "%add_ln144_50 = add i14 %trunc_ln144_25, i14 %zext_ln144_25" [firmware/nnet_utils/nnet_dense_resource.h:144]   --->   Operation 1024 'add' 'add_ln144_50' <Predicate = true> <Delay = 2.13> <CoreInst = "Adder">   --->   Core 1 'Adder' <Latency = 0> <II = 1> <Delay = 2.13> <FuncUnit> <Opcode : 'add' 'sub'> <InPorts = 2> <OutPorts = 1>
ST_8 : Operation 1025 [1/1] (0.69ns)   --->   "%select_ln144_77 = select i1 %out_index, i14 %x_76, i14 %x_77" [firmware/nnet_utils/nnet_dense_resource.h:144]   --->   Operation 1025 'select' 'select_ln144_77' <Predicate = true> <Delay = 0.69> <CoreInst = "Sel">   --->   Core 73 'Sel' <Latency = 0> <II = 1> <Delay = 0.69> <FuncUnit> <Opcode : 'select'> <InPorts = 3> <OutPorts = 1>
ST_8 : Operation 1026 [1/1] (0.00ns)   --->   "%sext_ln144_50 = sext i14 %select_ln144_77" [firmware/nnet_utils/nnet_dense_resource.h:144]   --->   Operation 1026 'sext' 'sext_ln144_50' <Predicate = true> <Delay = 0.00>
ST_8 : Operation 1027 [1/1] (0.00ns)   --->   "%sext_ln144_51 = sext i14 %add_ln144_50" [firmware/nnet_utils/nnet_dense_resource.h:144]   --->   Operation 1027 'sext' 'sext_ln144_51' <Predicate = true> <Delay = 0.00>
ST_8 : Operation 1028 [1/1] (2.13ns)   --->   "%acc_204 = add i14 %add_ln144_50, i14 %select_ln144_77" [firmware/nnet_utils/nnet_dense_resource.h:144]   --->   Operation 1028 'add' 'acc_204' <Predicate = true> <Delay = 2.13> <CoreInst = "Adder">   --->   Core 1 'Adder' <Latency = 0> <II = 1> <Delay = 2.13> <FuncUnit> <Opcode : 'add' 'sub'> <InPorts = 2> <OutPorts = 1>
ST_8 : Operation 1029 [1/1] (2.13ns)   --->   "%sub_ln144_25 = sub i15 0, i15 %sext_ln144_50" [firmware/nnet_utils/nnet_dense_resource.h:144]   --->   Operation 1029 'sub' 'sub_ln144_25' <Predicate = true> <Delay = 2.13> <CoreInst = "Adder">   --->   Core 1 'Adder' <Latency = 0> <II = 1> <Delay = 2.13> <FuncUnit> <Opcode : 'add' 'sub'> <InPorts = 2> <OutPorts = 1>
ST_8 : Operation 1030 [1/1] (2.14ns)   --->   "%icmp_ln144_25 = icmp_eq  i15 %sext_ln144_51, i15 %sub_ln144_25" [firmware/nnet_utils/nnet_dense_resource.h:144]   --->   Operation 1030 'icmp' 'icmp_ln144_25' <Predicate = true> <Delay = 2.14> <CoreInst = "Cmp">   --->   Core 9 'Cmp' <Latency = 0> <II = 1> <Delay = 2.14> <FuncUnit> <Opcode : 'seteq' 'setne' 'setle' 'setge' 'setlt' 'setgt'> <InPorts = 2> <OutPorts = 1>
ST_8 : Operation 1031 [1/1] (0.69ns)   --->   "%select_ln144_78 = select i1 %out_index, i14 0, i14 %x_76" [firmware/nnet_utils/nnet_dense_resource.h:144]   --->   Operation 1031 'select' 'select_ln144_78' <Predicate = (!out_index)> <Delay = 0.69> <CoreInst = "Sel">   --->   Core 73 'Sel' <Latency = 0> <II = 1> <Delay = 0.69> <FuncUnit> <Opcode : 'select'> <InPorts = 3> <OutPorts = 1>
ST_8 : Operation 1032 [1/1] (0.69ns)   --->   "%select_ln144_79 = select i1 %out_index, i14 %x_77, i14 0" [firmware/nnet_utils/nnet_dense_resource.h:144]   --->   Operation 1032 'select' 'select_ln144_79' <Predicate = (out_index)> <Delay = 0.69> <CoreInst = "Sel">   --->   Core 73 'Sel' <Latency = 0> <II = 1> <Delay = 0.69> <FuncUnit> <Opcode : 'select'> <InPorts = 3> <OutPorts = 1>
ST_8 : Operation 1033 [1/1] (0.00ns)   --->   "%zext_ln144_26 = zext i1 %tmp_761" [firmware/nnet_utils/nnet_dense_resource.h:144]   --->   Operation 1033 'zext' 'zext_ln144_26' <Predicate = true> <Delay = 0.00>
ST_8 : Operation 1034 [1/1] (2.13ns)   --->   "%add_ln144_52 = add i14 %trunc_ln144_26, i14 %zext_ln144_26" [firmware/nnet_utils/nnet_dense_resource.h:144]   --->   Operation 1034 'add' 'add_ln144_52' <Predicate = true> <Delay = 2.13> <CoreInst = "Adder">   --->   Core 1 'Adder' <Latency = 0> <II = 1> <Delay = 2.13> <FuncUnit> <Opcode : 'add' 'sub'> <InPorts = 2> <OutPorts = 1>
ST_8 : Operation 1035 [1/1] (0.69ns)   --->   "%select_ln144_80 = select i1 %out_index, i14 %x_74, i14 %x_75" [firmware/nnet_utils/nnet_dense_resource.h:144]   --->   Operation 1035 'select' 'select_ln144_80' <Predicate = true> <Delay = 0.69> <CoreInst = "Sel">   --->   Core 73 'Sel' <Latency = 0> <II = 1> <Delay = 0.69> <FuncUnit> <Opcode : 'select'> <InPorts = 3> <OutPorts = 1>
ST_8 : Operation 1036 [1/1] (0.00ns)   --->   "%sext_ln144_52 = sext i14 %select_ln144_80" [firmware/nnet_utils/nnet_dense_resource.h:144]   --->   Operation 1036 'sext' 'sext_ln144_52' <Predicate = true> <Delay = 0.00>
ST_8 : Operation 1037 [1/1] (0.00ns)   --->   "%sext_ln144_53 = sext i14 %add_ln144_52" [firmware/nnet_utils/nnet_dense_resource.h:144]   --->   Operation 1037 'sext' 'sext_ln144_53' <Predicate = true> <Delay = 0.00>
ST_8 : Operation 1038 [1/1] (2.13ns)   --->   "%acc_207 = add i14 %add_ln144_52, i14 %select_ln144_80" [firmware/nnet_utils/nnet_dense_resource.h:144]   --->   Operation 1038 'add' 'acc_207' <Predicate = true> <Delay = 2.13> <CoreInst = "Adder">   --->   Core 1 'Adder' <Latency = 0> <II = 1> <Delay = 2.13> <FuncUnit> <Opcode : 'add' 'sub'> <InPorts = 2> <OutPorts = 1>
ST_8 : Operation 1039 [1/1] (2.13ns)   --->   "%sub_ln144_26 = sub i15 0, i15 %sext_ln144_52" [firmware/nnet_utils/nnet_dense_resource.h:144]   --->   Operation 1039 'sub' 'sub_ln144_26' <Predicate = true> <Delay = 2.13> <CoreInst = "Adder">   --->   Core 1 'Adder' <Latency = 0> <II = 1> <Delay = 2.13> <FuncUnit> <Opcode : 'add' 'sub'> <InPorts = 2> <OutPorts = 1>
ST_8 : Operation 1040 [1/1] (2.14ns)   --->   "%icmp_ln144_26 = icmp_eq  i15 %sext_ln144_53, i15 %sub_ln144_26" [firmware/nnet_utils/nnet_dense_resource.h:144]   --->   Operation 1040 'icmp' 'icmp_ln144_26' <Predicate = true> <Delay = 2.14> <CoreInst = "Cmp">   --->   Core 9 'Cmp' <Latency = 0> <II = 1> <Delay = 2.14> <FuncUnit> <Opcode : 'seteq' 'setne' 'setle' 'setge' 'setlt' 'setgt'> <InPorts = 2> <OutPorts = 1>
ST_8 : Operation 1041 [1/1] (0.69ns)   --->   "%select_ln144_81 = select i1 %out_index, i14 0, i14 %x_74" [firmware/nnet_utils/nnet_dense_resource.h:144]   --->   Operation 1041 'select' 'select_ln144_81' <Predicate = (!out_index)> <Delay = 0.69> <CoreInst = "Sel">   --->   Core 73 'Sel' <Latency = 0> <II = 1> <Delay = 0.69> <FuncUnit> <Opcode : 'select'> <InPorts = 3> <OutPorts = 1>
ST_8 : Operation 1042 [1/1] (0.69ns)   --->   "%select_ln144_82 = select i1 %out_index, i14 %x_75, i14 0" [firmware/nnet_utils/nnet_dense_resource.h:144]   --->   Operation 1042 'select' 'select_ln144_82' <Predicate = (out_index)> <Delay = 0.69> <CoreInst = "Sel">   --->   Core 73 'Sel' <Latency = 0> <II = 1> <Delay = 0.69> <FuncUnit> <Opcode : 'select'> <InPorts = 3> <OutPorts = 1>
ST_8 : Operation 1043 [1/1] (0.00ns)   --->   "%zext_ln144_27 = zext i1 %tmp_762" [firmware/nnet_utils/nnet_dense_resource.h:144]   --->   Operation 1043 'zext' 'zext_ln144_27' <Predicate = true> <Delay = 0.00>
ST_8 : Operation 1044 [1/1] (2.13ns)   --->   "%add_ln144_54 = add i14 %trunc_ln144_27, i14 %zext_ln144_27" [firmware/nnet_utils/nnet_dense_resource.h:144]   --->   Operation 1044 'add' 'add_ln144_54' <Predicate = true> <Delay = 2.13> <CoreInst = "Adder">   --->   Core 1 'Adder' <Latency = 0> <II = 1> <Delay = 2.13> <FuncUnit> <Opcode : 'add' 'sub'> <InPorts = 2> <OutPorts = 1>
ST_8 : Operation 1045 [1/1] (0.69ns)   --->   "%select_ln144_83 = select i1 %out_index, i14 %x_72, i14 %x_73" [firmware/nnet_utils/nnet_dense_resource.h:144]   --->   Operation 1045 'select' 'select_ln144_83' <Predicate = true> <Delay = 0.69> <CoreInst = "Sel">   --->   Core 73 'Sel' <Latency = 0> <II = 1> <Delay = 0.69> <FuncUnit> <Opcode : 'select'> <InPorts = 3> <OutPorts = 1>
ST_8 : Operation 1046 [1/1] (0.00ns)   --->   "%sext_ln144_54 = sext i14 %select_ln144_83" [firmware/nnet_utils/nnet_dense_resource.h:144]   --->   Operation 1046 'sext' 'sext_ln144_54' <Predicate = true> <Delay = 0.00>
ST_8 : Operation 1047 [1/1] (0.00ns)   --->   "%sext_ln144_55 = sext i14 %add_ln144_54" [firmware/nnet_utils/nnet_dense_resource.h:144]   --->   Operation 1047 'sext' 'sext_ln144_55' <Predicate = true> <Delay = 0.00>
ST_8 : Operation 1048 [1/1] (2.13ns)   --->   "%acc_210 = add i14 %add_ln144_54, i14 %select_ln144_83" [firmware/nnet_utils/nnet_dense_resource.h:144]   --->   Operation 1048 'add' 'acc_210' <Predicate = true> <Delay = 2.13> <CoreInst = "Adder">   --->   Core 1 'Adder' <Latency = 0> <II = 1> <Delay = 2.13> <FuncUnit> <Opcode : 'add' 'sub'> <InPorts = 2> <OutPorts = 1>
ST_8 : Operation 1049 [1/1] (2.13ns)   --->   "%sub_ln144_27 = sub i15 0, i15 %sext_ln144_54" [firmware/nnet_utils/nnet_dense_resource.h:144]   --->   Operation 1049 'sub' 'sub_ln144_27' <Predicate = true> <Delay = 2.13> <CoreInst = "Adder">   --->   Core 1 'Adder' <Latency = 0> <II = 1> <Delay = 2.13> <FuncUnit> <Opcode : 'add' 'sub'> <InPorts = 2> <OutPorts = 1>
ST_8 : Operation 1050 [1/1] (2.14ns)   --->   "%icmp_ln144_27 = icmp_eq  i15 %sext_ln144_55, i15 %sub_ln144_27" [firmware/nnet_utils/nnet_dense_resource.h:144]   --->   Operation 1050 'icmp' 'icmp_ln144_27' <Predicate = true> <Delay = 2.14> <CoreInst = "Cmp">   --->   Core 9 'Cmp' <Latency = 0> <II = 1> <Delay = 2.14> <FuncUnit> <Opcode : 'seteq' 'setne' 'setle' 'setge' 'setlt' 'setgt'> <InPorts = 2> <OutPorts = 1>
ST_8 : Operation 1051 [1/1] (0.69ns)   --->   "%select_ln144_84 = select i1 %out_index, i14 0, i14 %x_72" [firmware/nnet_utils/nnet_dense_resource.h:144]   --->   Operation 1051 'select' 'select_ln144_84' <Predicate = (!out_index)> <Delay = 0.69> <CoreInst = "Sel">   --->   Core 73 'Sel' <Latency = 0> <II = 1> <Delay = 0.69> <FuncUnit> <Opcode : 'select'> <InPorts = 3> <OutPorts = 1>
ST_8 : Operation 1052 [1/1] (0.69ns)   --->   "%select_ln144_85 = select i1 %out_index, i14 %x_73, i14 0" [firmware/nnet_utils/nnet_dense_resource.h:144]   --->   Operation 1052 'select' 'select_ln144_85' <Predicate = (out_index)> <Delay = 0.69> <CoreInst = "Sel">   --->   Core 73 'Sel' <Latency = 0> <II = 1> <Delay = 0.69> <FuncUnit> <Opcode : 'select'> <InPorts = 3> <OutPorts = 1>
ST_8 : Operation 1053 [1/1] (0.00ns)   --->   "%zext_ln144_28 = zext i1 %tmp_763" [firmware/nnet_utils/nnet_dense_resource.h:144]   --->   Operation 1053 'zext' 'zext_ln144_28' <Predicate = true> <Delay = 0.00>
ST_8 : Operation 1054 [1/1] (2.13ns)   --->   "%add_ln144_56 = add i14 %trunc_ln144_28, i14 %zext_ln144_28" [firmware/nnet_utils/nnet_dense_resource.h:144]   --->   Operation 1054 'add' 'add_ln144_56' <Predicate = true> <Delay = 2.13> <CoreInst = "Adder">   --->   Core 1 'Adder' <Latency = 0> <II = 1> <Delay = 2.13> <FuncUnit> <Opcode : 'add' 'sub'> <InPorts = 2> <OutPorts = 1>
ST_8 : Operation 1055 [1/1] (0.69ns)   --->   "%select_ln144_86 = select i1 %out_index, i14 %x_70, i14 %x_71" [firmware/nnet_utils/nnet_dense_resource.h:144]   --->   Operation 1055 'select' 'select_ln144_86' <Predicate = true> <Delay = 0.69> <CoreInst = "Sel">   --->   Core 73 'Sel' <Latency = 0> <II = 1> <Delay = 0.69> <FuncUnit> <Opcode : 'select'> <InPorts = 3> <OutPorts = 1>
ST_8 : Operation 1056 [1/1] (0.00ns)   --->   "%sext_ln144_56 = sext i14 %select_ln144_86" [firmware/nnet_utils/nnet_dense_resource.h:144]   --->   Operation 1056 'sext' 'sext_ln144_56' <Predicate = true> <Delay = 0.00>
ST_8 : Operation 1057 [1/1] (0.00ns)   --->   "%sext_ln144_57 = sext i14 %add_ln144_56" [firmware/nnet_utils/nnet_dense_resource.h:144]   --->   Operation 1057 'sext' 'sext_ln144_57' <Predicate = true> <Delay = 0.00>
ST_8 : Operation 1058 [1/1] (2.13ns)   --->   "%acc_213 = add i14 %add_ln144_56, i14 %select_ln144_86" [firmware/nnet_utils/nnet_dense_resource.h:144]   --->   Operation 1058 'add' 'acc_213' <Predicate = true> <Delay = 2.13> <CoreInst = "Adder">   --->   Core 1 'Adder' <Latency = 0> <II = 1> <Delay = 2.13> <FuncUnit> <Opcode : 'add' 'sub'> <InPorts = 2> <OutPorts = 1>
ST_8 : Operation 1059 [1/1] (2.13ns)   --->   "%sub_ln144_28 = sub i15 0, i15 %sext_ln144_56" [firmware/nnet_utils/nnet_dense_resource.h:144]   --->   Operation 1059 'sub' 'sub_ln144_28' <Predicate = true> <Delay = 2.13> <CoreInst = "Adder">   --->   Core 1 'Adder' <Latency = 0> <II = 1> <Delay = 2.13> <FuncUnit> <Opcode : 'add' 'sub'> <InPorts = 2> <OutPorts = 1>
ST_8 : Operation 1060 [1/1] (2.14ns)   --->   "%icmp_ln144_28 = icmp_eq  i15 %sext_ln144_57, i15 %sub_ln144_28" [firmware/nnet_utils/nnet_dense_resource.h:144]   --->   Operation 1060 'icmp' 'icmp_ln144_28' <Predicate = true> <Delay = 2.14> <CoreInst = "Cmp">   --->   Core 9 'Cmp' <Latency = 0> <II = 1> <Delay = 2.14> <FuncUnit> <Opcode : 'seteq' 'setne' 'setle' 'setge' 'setlt' 'setgt'> <InPorts = 2> <OutPorts = 1>
ST_8 : Operation 1061 [1/1] (0.69ns)   --->   "%select_ln144_87 = select i1 %out_index, i14 0, i14 %x_70" [firmware/nnet_utils/nnet_dense_resource.h:144]   --->   Operation 1061 'select' 'select_ln144_87' <Predicate = (!out_index)> <Delay = 0.69> <CoreInst = "Sel">   --->   Core 73 'Sel' <Latency = 0> <II = 1> <Delay = 0.69> <FuncUnit> <Opcode : 'select'> <InPorts = 3> <OutPorts = 1>
ST_8 : Operation 1062 [1/1] (0.69ns)   --->   "%select_ln144_88 = select i1 %out_index, i14 %x_71, i14 0" [firmware/nnet_utils/nnet_dense_resource.h:144]   --->   Operation 1062 'select' 'select_ln144_88' <Predicate = (out_index)> <Delay = 0.69> <CoreInst = "Sel">   --->   Core 73 'Sel' <Latency = 0> <II = 1> <Delay = 0.69> <FuncUnit> <Opcode : 'select'> <InPorts = 3> <OutPorts = 1>
ST_8 : Operation 1063 [1/1] (0.00ns)   --->   "%zext_ln144_29 = zext i1 %tmp_764" [firmware/nnet_utils/nnet_dense_resource.h:144]   --->   Operation 1063 'zext' 'zext_ln144_29' <Predicate = true> <Delay = 0.00>
ST_8 : Operation 1064 [1/1] (2.13ns)   --->   "%add_ln144_58 = add i14 %trunc_ln144_29, i14 %zext_ln144_29" [firmware/nnet_utils/nnet_dense_resource.h:144]   --->   Operation 1064 'add' 'add_ln144_58' <Predicate = true> <Delay = 2.13> <CoreInst = "Adder">   --->   Core 1 'Adder' <Latency = 0> <II = 1> <Delay = 2.13> <FuncUnit> <Opcode : 'add' 'sub'> <InPorts = 2> <OutPorts = 1>
ST_8 : Operation 1065 [1/1] (0.69ns)   --->   "%select_ln144_89 = select i1 %out_index, i14 %x_68, i14 %x_69" [firmware/nnet_utils/nnet_dense_resource.h:144]   --->   Operation 1065 'select' 'select_ln144_89' <Predicate = true> <Delay = 0.69> <CoreInst = "Sel">   --->   Core 73 'Sel' <Latency = 0> <II = 1> <Delay = 0.69> <FuncUnit> <Opcode : 'select'> <InPorts = 3> <OutPorts = 1>
ST_8 : Operation 1066 [1/1] (0.00ns)   --->   "%sext_ln144_58 = sext i14 %select_ln144_89" [firmware/nnet_utils/nnet_dense_resource.h:144]   --->   Operation 1066 'sext' 'sext_ln144_58' <Predicate = true> <Delay = 0.00>
ST_8 : Operation 1067 [1/1] (0.00ns)   --->   "%sext_ln144_59 = sext i14 %add_ln144_58" [firmware/nnet_utils/nnet_dense_resource.h:144]   --->   Operation 1067 'sext' 'sext_ln144_59' <Predicate = true> <Delay = 0.00>
ST_8 : Operation 1068 [1/1] (2.13ns)   --->   "%acc_216 = add i14 %add_ln144_58, i14 %select_ln144_89" [firmware/nnet_utils/nnet_dense_resource.h:144]   --->   Operation 1068 'add' 'acc_216' <Predicate = true> <Delay = 2.13> <CoreInst = "Adder">   --->   Core 1 'Adder' <Latency = 0> <II = 1> <Delay = 2.13> <FuncUnit> <Opcode : 'add' 'sub'> <InPorts = 2> <OutPorts = 1>
ST_8 : Operation 1069 [1/1] (2.13ns)   --->   "%sub_ln144_29 = sub i15 0, i15 %sext_ln144_58" [firmware/nnet_utils/nnet_dense_resource.h:144]   --->   Operation 1069 'sub' 'sub_ln144_29' <Predicate = true> <Delay = 2.13> <CoreInst = "Adder">   --->   Core 1 'Adder' <Latency = 0> <II = 1> <Delay = 2.13> <FuncUnit> <Opcode : 'add' 'sub'> <InPorts = 2> <OutPorts = 1>
ST_8 : Operation 1070 [1/1] (2.14ns)   --->   "%icmp_ln144_29 = icmp_eq  i15 %sext_ln144_59, i15 %sub_ln144_29" [firmware/nnet_utils/nnet_dense_resource.h:144]   --->   Operation 1070 'icmp' 'icmp_ln144_29' <Predicate = true> <Delay = 2.14> <CoreInst = "Cmp">   --->   Core 9 'Cmp' <Latency = 0> <II = 1> <Delay = 2.14> <FuncUnit> <Opcode : 'seteq' 'setne' 'setle' 'setge' 'setlt' 'setgt'> <InPorts = 2> <OutPorts = 1>
ST_8 : Operation 1071 [1/1] (0.69ns)   --->   "%select_ln144_90 = select i1 %out_index, i14 0, i14 %x_68" [firmware/nnet_utils/nnet_dense_resource.h:144]   --->   Operation 1071 'select' 'select_ln144_90' <Predicate = (!out_index)> <Delay = 0.69> <CoreInst = "Sel">   --->   Core 73 'Sel' <Latency = 0> <II = 1> <Delay = 0.69> <FuncUnit> <Opcode : 'select'> <InPorts = 3> <OutPorts = 1>
ST_8 : Operation 1072 [1/1] (0.69ns)   --->   "%select_ln144_91 = select i1 %out_index, i14 %x_69, i14 0" [firmware/nnet_utils/nnet_dense_resource.h:144]   --->   Operation 1072 'select' 'select_ln144_91' <Predicate = (out_index)> <Delay = 0.69> <CoreInst = "Sel">   --->   Core 73 'Sel' <Latency = 0> <II = 1> <Delay = 0.69> <FuncUnit> <Opcode : 'select'> <InPorts = 3> <OutPorts = 1>
ST_8 : Operation 1073 [1/1] (0.00ns)   --->   "%zext_ln144_30 = zext i1 %tmp_765" [firmware/nnet_utils/nnet_dense_resource.h:144]   --->   Operation 1073 'zext' 'zext_ln144_30' <Predicate = true> <Delay = 0.00>
ST_8 : Operation 1074 [1/1] (2.13ns)   --->   "%add_ln144_60 = add i14 %trunc_ln144_30, i14 %zext_ln144_30" [firmware/nnet_utils/nnet_dense_resource.h:144]   --->   Operation 1074 'add' 'add_ln144_60' <Predicate = true> <Delay = 2.13> <CoreInst = "Adder">   --->   Core 1 'Adder' <Latency = 0> <II = 1> <Delay = 2.13> <FuncUnit> <Opcode : 'add' 'sub'> <InPorts = 2> <OutPorts = 1>
ST_8 : Operation 1075 [1/1] (0.69ns)   --->   "%select_ln144_92 = select i1 %out_index, i14 %x_66, i14 %x_67" [firmware/nnet_utils/nnet_dense_resource.h:144]   --->   Operation 1075 'select' 'select_ln144_92' <Predicate = true> <Delay = 0.69> <CoreInst = "Sel">   --->   Core 73 'Sel' <Latency = 0> <II = 1> <Delay = 0.69> <FuncUnit> <Opcode : 'select'> <InPorts = 3> <OutPorts = 1>
ST_8 : Operation 1076 [1/1] (0.00ns)   --->   "%sext_ln144_60 = sext i14 %select_ln144_92" [firmware/nnet_utils/nnet_dense_resource.h:144]   --->   Operation 1076 'sext' 'sext_ln144_60' <Predicate = true> <Delay = 0.00>
ST_8 : Operation 1077 [1/1] (0.00ns)   --->   "%sext_ln144_61 = sext i14 %add_ln144_60" [firmware/nnet_utils/nnet_dense_resource.h:144]   --->   Operation 1077 'sext' 'sext_ln144_61' <Predicate = true> <Delay = 0.00>
ST_8 : Operation 1078 [1/1] (2.13ns)   --->   "%acc_219 = add i14 %add_ln144_60, i14 %select_ln144_92" [firmware/nnet_utils/nnet_dense_resource.h:144]   --->   Operation 1078 'add' 'acc_219' <Predicate = true> <Delay = 2.13> <CoreInst = "Adder">   --->   Core 1 'Adder' <Latency = 0> <II = 1> <Delay = 2.13> <FuncUnit> <Opcode : 'add' 'sub'> <InPorts = 2> <OutPorts = 1>
ST_8 : Operation 1079 [1/1] (2.13ns)   --->   "%sub_ln144_30 = sub i15 0, i15 %sext_ln144_60" [firmware/nnet_utils/nnet_dense_resource.h:144]   --->   Operation 1079 'sub' 'sub_ln144_30' <Predicate = true> <Delay = 2.13> <CoreInst = "Adder">   --->   Core 1 'Adder' <Latency = 0> <II = 1> <Delay = 2.13> <FuncUnit> <Opcode : 'add' 'sub'> <InPorts = 2> <OutPorts = 1>
ST_8 : Operation 1080 [1/1] (2.14ns)   --->   "%icmp_ln144_30 = icmp_eq  i15 %sext_ln144_61, i15 %sub_ln144_30" [firmware/nnet_utils/nnet_dense_resource.h:144]   --->   Operation 1080 'icmp' 'icmp_ln144_30' <Predicate = true> <Delay = 2.14> <CoreInst = "Cmp">   --->   Core 9 'Cmp' <Latency = 0> <II = 1> <Delay = 2.14> <FuncUnit> <Opcode : 'seteq' 'setne' 'setle' 'setge' 'setlt' 'setgt'> <InPorts = 2> <OutPorts = 1>
ST_8 : Operation 1081 [1/1] (0.69ns)   --->   "%select_ln144_93 = select i1 %out_index, i14 0, i14 %x_66" [firmware/nnet_utils/nnet_dense_resource.h:144]   --->   Operation 1081 'select' 'select_ln144_93' <Predicate = (!out_index)> <Delay = 0.69> <CoreInst = "Sel">   --->   Core 73 'Sel' <Latency = 0> <II = 1> <Delay = 0.69> <FuncUnit> <Opcode : 'select'> <InPorts = 3> <OutPorts = 1>
ST_8 : Operation 1082 [1/1] (0.69ns)   --->   "%select_ln144_94 = select i1 %out_index, i14 %x_67, i14 0" [firmware/nnet_utils/nnet_dense_resource.h:144]   --->   Operation 1082 'select' 'select_ln144_94' <Predicate = (out_index)> <Delay = 0.69> <CoreInst = "Sel">   --->   Core 73 'Sel' <Latency = 0> <II = 1> <Delay = 0.69> <FuncUnit> <Opcode : 'select'> <InPorts = 3> <OutPorts = 1>
ST_8 : Operation 1083 [1/1] (0.00ns)   --->   "%zext_ln144_31 = zext i1 %tmp_766" [firmware/nnet_utils/nnet_dense_resource.h:144]   --->   Operation 1083 'zext' 'zext_ln144_31' <Predicate = true> <Delay = 0.00>
ST_8 : Operation 1084 [1/1] (2.13ns)   --->   "%add_ln144_62 = add i14 %trunc_ln144_31, i14 %zext_ln144_31" [firmware/nnet_utils/nnet_dense_resource.h:144]   --->   Operation 1084 'add' 'add_ln144_62' <Predicate = true> <Delay = 2.13> <CoreInst = "Adder">   --->   Core 1 'Adder' <Latency = 0> <II = 1> <Delay = 2.13> <FuncUnit> <Opcode : 'add' 'sub'> <InPorts = 2> <OutPorts = 1>
ST_8 : Operation 1085 [1/1] (0.69ns)   --->   "%select_ln144_95 = select i1 %out_index, i14 %x_64, i14 %x_65" [firmware/nnet_utils/nnet_dense_resource.h:144]   --->   Operation 1085 'select' 'select_ln144_95' <Predicate = true> <Delay = 0.69> <CoreInst = "Sel">   --->   Core 73 'Sel' <Latency = 0> <II = 1> <Delay = 0.69> <FuncUnit> <Opcode : 'select'> <InPorts = 3> <OutPorts = 1>
ST_8 : Operation 1086 [1/1] (0.00ns)   --->   "%sext_ln144_62 = sext i14 %select_ln144_95" [firmware/nnet_utils/nnet_dense_resource.h:144]   --->   Operation 1086 'sext' 'sext_ln144_62' <Predicate = true> <Delay = 0.00>
ST_8 : Operation 1087 [1/1] (0.00ns)   --->   "%sext_ln144_63 = sext i14 %add_ln144_62" [firmware/nnet_utils/nnet_dense_resource.h:144]   --->   Operation 1087 'sext' 'sext_ln144_63' <Predicate = true> <Delay = 0.00>
ST_8 : Operation 1088 [1/1] (2.13ns)   --->   "%acc_222 = add i14 %add_ln144_62, i14 %select_ln144_95" [firmware/nnet_utils/nnet_dense_resource.h:144]   --->   Operation 1088 'add' 'acc_222' <Predicate = true> <Delay = 2.13> <CoreInst = "Adder">   --->   Core 1 'Adder' <Latency = 0> <II = 1> <Delay = 2.13> <FuncUnit> <Opcode : 'add' 'sub'> <InPorts = 2> <OutPorts = 1>
ST_8 : Operation 1089 [1/1] (2.13ns)   --->   "%sub_ln144_31 = sub i15 0, i15 %sext_ln144_62" [firmware/nnet_utils/nnet_dense_resource.h:144]   --->   Operation 1089 'sub' 'sub_ln144_31' <Predicate = true> <Delay = 2.13> <CoreInst = "Adder">   --->   Core 1 'Adder' <Latency = 0> <II = 1> <Delay = 2.13> <FuncUnit> <Opcode : 'add' 'sub'> <InPorts = 2> <OutPorts = 1>
ST_8 : Operation 1090 [1/1] (2.14ns)   --->   "%icmp_ln144_31 = icmp_eq  i15 %sext_ln144_63, i15 %sub_ln144_31" [firmware/nnet_utils/nnet_dense_resource.h:144]   --->   Operation 1090 'icmp' 'icmp_ln144_31' <Predicate = true> <Delay = 2.14> <CoreInst = "Cmp">   --->   Core 9 'Cmp' <Latency = 0> <II = 1> <Delay = 2.14> <FuncUnit> <Opcode : 'seteq' 'setne' 'setle' 'setge' 'setlt' 'setgt'> <InPorts = 2> <OutPorts = 1>
ST_8 : Operation 1091 [1/1] (0.69ns)   --->   "%select_ln144_96 = select i1 %out_index, i14 0, i14 %x_64" [firmware/nnet_utils/nnet_dense_resource.h:144]   --->   Operation 1091 'select' 'select_ln144_96' <Predicate = (!out_index)> <Delay = 0.69> <CoreInst = "Sel">   --->   Core 73 'Sel' <Latency = 0> <II = 1> <Delay = 0.69> <FuncUnit> <Opcode : 'select'> <InPorts = 3> <OutPorts = 1>
ST_8 : Operation 1092 [1/1] (0.69ns)   --->   "%select_ln144_97 = select i1 %out_index, i14 %x_65, i14 0" [firmware/nnet_utils/nnet_dense_resource.h:144]   --->   Operation 1092 'select' 'select_ln144_97' <Predicate = (out_index)> <Delay = 0.69> <CoreInst = "Sel">   --->   Core 73 'Sel' <Latency = 0> <II = 1> <Delay = 0.69> <FuncUnit> <Opcode : 'select'> <InPorts = 3> <OutPorts = 1>
ST_8 : Operation 1093 [1/1] (0.00ns)   --->   "%zext_ln144_32 = zext i1 %tmp_767" [firmware/nnet_utils/nnet_dense_resource.h:144]   --->   Operation 1093 'zext' 'zext_ln144_32' <Predicate = true> <Delay = 0.00>
ST_8 : Operation 1094 [1/1] (2.13ns)   --->   "%add_ln144_64 = add i14 %trunc_ln144_32, i14 %zext_ln144_32" [firmware/nnet_utils/nnet_dense_resource.h:144]   --->   Operation 1094 'add' 'add_ln144_64' <Predicate = true> <Delay = 2.13> <CoreInst = "Adder">   --->   Core 1 'Adder' <Latency = 0> <II = 1> <Delay = 2.13> <FuncUnit> <Opcode : 'add' 'sub'> <InPorts = 2> <OutPorts = 1>
ST_8 : Operation 1095 [1/1] (0.69ns)   --->   "%select_ln144_98 = select i1 %out_index, i14 %x_62, i14 %x_63" [firmware/nnet_utils/nnet_dense_resource.h:144]   --->   Operation 1095 'select' 'select_ln144_98' <Predicate = true> <Delay = 0.69> <CoreInst = "Sel">   --->   Core 73 'Sel' <Latency = 0> <II = 1> <Delay = 0.69> <FuncUnit> <Opcode : 'select'> <InPorts = 3> <OutPorts = 1>
ST_8 : Operation 1096 [1/1] (0.00ns)   --->   "%sext_ln144_64 = sext i14 %select_ln144_98" [firmware/nnet_utils/nnet_dense_resource.h:144]   --->   Operation 1096 'sext' 'sext_ln144_64' <Predicate = true> <Delay = 0.00>
ST_8 : Operation 1097 [1/1] (0.00ns)   --->   "%sext_ln144_65 = sext i14 %add_ln144_64" [firmware/nnet_utils/nnet_dense_resource.h:144]   --->   Operation 1097 'sext' 'sext_ln144_65' <Predicate = true> <Delay = 0.00>
ST_8 : Operation 1098 [1/1] (2.13ns)   --->   "%acc_225 = add i14 %add_ln144_64, i14 %select_ln144_98" [firmware/nnet_utils/nnet_dense_resource.h:144]   --->   Operation 1098 'add' 'acc_225' <Predicate = true> <Delay = 2.13> <CoreInst = "Adder">   --->   Core 1 'Adder' <Latency = 0> <II = 1> <Delay = 2.13> <FuncUnit> <Opcode : 'add' 'sub'> <InPorts = 2> <OutPorts = 1>
ST_8 : Operation 1099 [1/1] (2.13ns)   --->   "%sub_ln144_32 = sub i15 0, i15 %sext_ln144_64" [firmware/nnet_utils/nnet_dense_resource.h:144]   --->   Operation 1099 'sub' 'sub_ln144_32' <Predicate = true> <Delay = 2.13> <CoreInst = "Adder">   --->   Core 1 'Adder' <Latency = 0> <II = 1> <Delay = 2.13> <FuncUnit> <Opcode : 'add' 'sub'> <InPorts = 2> <OutPorts = 1>
ST_8 : Operation 1100 [1/1] (2.14ns)   --->   "%icmp_ln144_32 = icmp_eq  i15 %sext_ln144_65, i15 %sub_ln144_32" [firmware/nnet_utils/nnet_dense_resource.h:144]   --->   Operation 1100 'icmp' 'icmp_ln144_32' <Predicate = true> <Delay = 2.14> <CoreInst = "Cmp">   --->   Core 9 'Cmp' <Latency = 0> <II = 1> <Delay = 2.14> <FuncUnit> <Opcode : 'seteq' 'setne' 'setle' 'setge' 'setlt' 'setgt'> <InPorts = 2> <OutPorts = 1>
ST_8 : Operation 1101 [1/1] (0.69ns)   --->   "%select_ln144_99 = select i1 %out_index, i14 0, i14 %x_62" [firmware/nnet_utils/nnet_dense_resource.h:144]   --->   Operation 1101 'select' 'select_ln144_99' <Predicate = (!out_index)> <Delay = 0.69> <CoreInst = "Sel">   --->   Core 73 'Sel' <Latency = 0> <II = 1> <Delay = 0.69> <FuncUnit> <Opcode : 'select'> <InPorts = 3> <OutPorts = 1>
ST_8 : Operation 1102 [1/1] (0.69ns)   --->   "%select_ln144_100 = select i1 %out_index, i14 %x_63, i14 0" [firmware/nnet_utils/nnet_dense_resource.h:144]   --->   Operation 1102 'select' 'select_ln144_100' <Predicate = (out_index)> <Delay = 0.69> <CoreInst = "Sel">   --->   Core 73 'Sel' <Latency = 0> <II = 1> <Delay = 0.69> <FuncUnit> <Opcode : 'select'> <InPorts = 3> <OutPorts = 1>
ST_8 : Operation 1103 [1/1] (0.00ns)   --->   "%zext_ln144_33 = zext i1 %tmp_768" [firmware/nnet_utils/nnet_dense_resource.h:144]   --->   Operation 1103 'zext' 'zext_ln144_33' <Predicate = true> <Delay = 0.00>
ST_8 : Operation 1104 [1/1] (2.13ns)   --->   "%add_ln144_66 = add i14 %trunc_ln144_33, i14 %zext_ln144_33" [firmware/nnet_utils/nnet_dense_resource.h:144]   --->   Operation 1104 'add' 'add_ln144_66' <Predicate = true> <Delay = 2.13> <CoreInst = "Adder">   --->   Core 1 'Adder' <Latency = 0> <II = 1> <Delay = 2.13> <FuncUnit> <Opcode : 'add' 'sub'> <InPorts = 2> <OutPorts = 1>
ST_8 : Operation 1105 [1/1] (0.69ns)   --->   "%select_ln144_101 = select i1 %out_index, i14 %x_60, i14 %x_61" [firmware/nnet_utils/nnet_dense_resource.h:144]   --->   Operation 1105 'select' 'select_ln144_101' <Predicate = true> <Delay = 0.69> <CoreInst = "Sel">   --->   Core 73 'Sel' <Latency = 0> <II = 1> <Delay = 0.69> <FuncUnit> <Opcode : 'select'> <InPorts = 3> <OutPorts = 1>
ST_8 : Operation 1106 [1/1] (0.00ns)   --->   "%sext_ln144_66 = sext i14 %select_ln144_101" [firmware/nnet_utils/nnet_dense_resource.h:144]   --->   Operation 1106 'sext' 'sext_ln144_66' <Predicate = true> <Delay = 0.00>
ST_8 : Operation 1107 [1/1] (0.00ns)   --->   "%sext_ln144_67 = sext i14 %add_ln144_66" [firmware/nnet_utils/nnet_dense_resource.h:144]   --->   Operation 1107 'sext' 'sext_ln144_67' <Predicate = true> <Delay = 0.00>
ST_8 : Operation 1108 [1/1] (2.13ns)   --->   "%acc_228 = add i14 %add_ln144_66, i14 %select_ln144_101" [firmware/nnet_utils/nnet_dense_resource.h:144]   --->   Operation 1108 'add' 'acc_228' <Predicate = true> <Delay = 2.13> <CoreInst = "Adder">   --->   Core 1 'Adder' <Latency = 0> <II = 1> <Delay = 2.13> <FuncUnit> <Opcode : 'add' 'sub'> <InPorts = 2> <OutPorts = 1>
ST_8 : Operation 1109 [1/1] (2.13ns)   --->   "%sub_ln144_33 = sub i15 0, i15 %sext_ln144_66" [firmware/nnet_utils/nnet_dense_resource.h:144]   --->   Operation 1109 'sub' 'sub_ln144_33' <Predicate = true> <Delay = 2.13> <CoreInst = "Adder">   --->   Core 1 'Adder' <Latency = 0> <II = 1> <Delay = 2.13> <FuncUnit> <Opcode : 'add' 'sub'> <InPorts = 2> <OutPorts = 1>
ST_8 : Operation 1110 [1/1] (2.14ns)   --->   "%icmp_ln144_33 = icmp_eq  i15 %sext_ln144_67, i15 %sub_ln144_33" [firmware/nnet_utils/nnet_dense_resource.h:144]   --->   Operation 1110 'icmp' 'icmp_ln144_33' <Predicate = true> <Delay = 2.14> <CoreInst = "Cmp">   --->   Core 9 'Cmp' <Latency = 0> <II = 1> <Delay = 2.14> <FuncUnit> <Opcode : 'seteq' 'setne' 'setle' 'setge' 'setlt' 'setgt'> <InPorts = 2> <OutPorts = 1>
ST_8 : Operation 1111 [1/1] (0.69ns)   --->   "%select_ln144_102 = select i1 %out_index, i14 0, i14 %x_60" [firmware/nnet_utils/nnet_dense_resource.h:144]   --->   Operation 1111 'select' 'select_ln144_102' <Predicate = (!out_index)> <Delay = 0.69> <CoreInst = "Sel">   --->   Core 73 'Sel' <Latency = 0> <II = 1> <Delay = 0.69> <FuncUnit> <Opcode : 'select'> <InPorts = 3> <OutPorts = 1>
ST_8 : Operation 1112 [1/1] (0.69ns)   --->   "%select_ln144_103 = select i1 %out_index, i14 %x_61, i14 0" [firmware/nnet_utils/nnet_dense_resource.h:144]   --->   Operation 1112 'select' 'select_ln144_103' <Predicate = (out_index)> <Delay = 0.69> <CoreInst = "Sel">   --->   Core 73 'Sel' <Latency = 0> <II = 1> <Delay = 0.69> <FuncUnit> <Opcode : 'select'> <InPorts = 3> <OutPorts = 1>
ST_8 : Operation 1113 [1/1] (0.00ns)   --->   "%zext_ln144_34 = zext i1 %tmp_769" [firmware/nnet_utils/nnet_dense_resource.h:144]   --->   Operation 1113 'zext' 'zext_ln144_34' <Predicate = true> <Delay = 0.00>
ST_8 : Operation 1114 [1/1] (2.13ns)   --->   "%add_ln144_68 = add i14 %trunc_ln144_34, i14 %zext_ln144_34" [firmware/nnet_utils/nnet_dense_resource.h:144]   --->   Operation 1114 'add' 'add_ln144_68' <Predicate = true> <Delay = 2.13> <CoreInst = "Adder">   --->   Core 1 'Adder' <Latency = 0> <II = 1> <Delay = 2.13> <FuncUnit> <Opcode : 'add' 'sub'> <InPorts = 2> <OutPorts = 1>
ST_8 : Operation 1115 [1/1] (0.69ns)   --->   "%select_ln144_104 = select i1 %out_index, i14 %x_58, i14 %x_59" [firmware/nnet_utils/nnet_dense_resource.h:144]   --->   Operation 1115 'select' 'select_ln144_104' <Predicate = true> <Delay = 0.69> <CoreInst = "Sel">   --->   Core 73 'Sel' <Latency = 0> <II = 1> <Delay = 0.69> <FuncUnit> <Opcode : 'select'> <InPorts = 3> <OutPorts = 1>
ST_8 : Operation 1116 [1/1] (0.00ns)   --->   "%sext_ln144_68 = sext i14 %select_ln144_104" [firmware/nnet_utils/nnet_dense_resource.h:144]   --->   Operation 1116 'sext' 'sext_ln144_68' <Predicate = true> <Delay = 0.00>
ST_8 : Operation 1117 [1/1] (0.00ns)   --->   "%sext_ln144_69 = sext i14 %add_ln144_68" [firmware/nnet_utils/nnet_dense_resource.h:144]   --->   Operation 1117 'sext' 'sext_ln144_69' <Predicate = true> <Delay = 0.00>
ST_8 : Operation 1118 [1/1] (2.13ns)   --->   "%acc_231 = add i14 %add_ln144_68, i14 %select_ln144_104" [firmware/nnet_utils/nnet_dense_resource.h:144]   --->   Operation 1118 'add' 'acc_231' <Predicate = true> <Delay = 2.13> <CoreInst = "Adder">   --->   Core 1 'Adder' <Latency = 0> <II = 1> <Delay = 2.13> <FuncUnit> <Opcode : 'add' 'sub'> <InPorts = 2> <OutPorts = 1>
ST_8 : Operation 1119 [1/1] (2.13ns)   --->   "%sub_ln144_34 = sub i15 0, i15 %sext_ln144_68" [firmware/nnet_utils/nnet_dense_resource.h:144]   --->   Operation 1119 'sub' 'sub_ln144_34' <Predicate = true> <Delay = 2.13> <CoreInst = "Adder">   --->   Core 1 'Adder' <Latency = 0> <II = 1> <Delay = 2.13> <FuncUnit> <Opcode : 'add' 'sub'> <InPorts = 2> <OutPorts = 1>
ST_8 : Operation 1120 [1/1] (2.14ns)   --->   "%icmp_ln144_34 = icmp_eq  i15 %sext_ln144_69, i15 %sub_ln144_34" [firmware/nnet_utils/nnet_dense_resource.h:144]   --->   Operation 1120 'icmp' 'icmp_ln144_34' <Predicate = true> <Delay = 2.14> <CoreInst = "Cmp">   --->   Core 9 'Cmp' <Latency = 0> <II = 1> <Delay = 2.14> <FuncUnit> <Opcode : 'seteq' 'setne' 'setle' 'setge' 'setlt' 'setgt'> <InPorts = 2> <OutPorts = 1>
ST_8 : Operation 1121 [1/1] (0.69ns)   --->   "%select_ln144_105 = select i1 %out_index, i14 0, i14 %x_58" [firmware/nnet_utils/nnet_dense_resource.h:144]   --->   Operation 1121 'select' 'select_ln144_105' <Predicate = (!out_index)> <Delay = 0.69> <CoreInst = "Sel">   --->   Core 73 'Sel' <Latency = 0> <II = 1> <Delay = 0.69> <FuncUnit> <Opcode : 'select'> <InPorts = 3> <OutPorts = 1>
ST_8 : Operation 1122 [1/1] (0.69ns)   --->   "%select_ln144_106 = select i1 %out_index, i14 %x_59, i14 0" [firmware/nnet_utils/nnet_dense_resource.h:144]   --->   Operation 1122 'select' 'select_ln144_106' <Predicate = (out_index)> <Delay = 0.69> <CoreInst = "Sel">   --->   Core 73 'Sel' <Latency = 0> <II = 1> <Delay = 0.69> <FuncUnit> <Opcode : 'select'> <InPorts = 3> <OutPorts = 1>
ST_8 : Operation 1123 [1/1] (0.00ns)   --->   "%zext_ln144_35 = zext i1 %tmp_770" [firmware/nnet_utils/nnet_dense_resource.h:144]   --->   Operation 1123 'zext' 'zext_ln144_35' <Predicate = true> <Delay = 0.00>
ST_8 : Operation 1124 [1/1] (2.13ns)   --->   "%add_ln144_70 = add i14 %trunc_ln144_35, i14 %zext_ln144_35" [firmware/nnet_utils/nnet_dense_resource.h:144]   --->   Operation 1124 'add' 'add_ln144_70' <Predicate = true> <Delay = 2.13> <CoreInst = "Adder">   --->   Core 1 'Adder' <Latency = 0> <II = 1> <Delay = 2.13> <FuncUnit> <Opcode : 'add' 'sub'> <InPorts = 2> <OutPorts = 1>
ST_8 : Operation 1125 [1/1] (0.69ns)   --->   "%select_ln144_107 = select i1 %out_index, i14 %x_56, i14 %x_57" [firmware/nnet_utils/nnet_dense_resource.h:144]   --->   Operation 1125 'select' 'select_ln144_107' <Predicate = true> <Delay = 0.69> <CoreInst = "Sel">   --->   Core 73 'Sel' <Latency = 0> <II = 1> <Delay = 0.69> <FuncUnit> <Opcode : 'select'> <InPorts = 3> <OutPorts = 1>
ST_8 : Operation 1126 [1/1] (0.00ns)   --->   "%sext_ln144_70 = sext i14 %select_ln144_107" [firmware/nnet_utils/nnet_dense_resource.h:144]   --->   Operation 1126 'sext' 'sext_ln144_70' <Predicate = true> <Delay = 0.00>
ST_8 : Operation 1127 [1/1] (0.00ns)   --->   "%sext_ln144_71 = sext i14 %add_ln144_70" [firmware/nnet_utils/nnet_dense_resource.h:144]   --->   Operation 1127 'sext' 'sext_ln144_71' <Predicate = true> <Delay = 0.00>
ST_8 : Operation 1128 [1/1] (2.13ns)   --->   "%acc_234 = add i14 %add_ln144_70, i14 %select_ln144_107" [firmware/nnet_utils/nnet_dense_resource.h:144]   --->   Operation 1128 'add' 'acc_234' <Predicate = true> <Delay = 2.13> <CoreInst = "Adder">   --->   Core 1 'Adder' <Latency = 0> <II = 1> <Delay = 2.13> <FuncUnit> <Opcode : 'add' 'sub'> <InPorts = 2> <OutPorts = 1>
ST_8 : Operation 1129 [1/1] (2.13ns)   --->   "%sub_ln144_35 = sub i15 0, i15 %sext_ln144_70" [firmware/nnet_utils/nnet_dense_resource.h:144]   --->   Operation 1129 'sub' 'sub_ln144_35' <Predicate = true> <Delay = 2.13> <CoreInst = "Adder">   --->   Core 1 'Adder' <Latency = 0> <II = 1> <Delay = 2.13> <FuncUnit> <Opcode : 'add' 'sub'> <InPorts = 2> <OutPorts = 1>
ST_8 : Operation 1130 [1/1] (2.14ns)   --->   "%icmp_ln144_35 = icmp_eq  i15 %sext_ln144_71, i15 %sub_ln144_35" [firmware/nnet_utils/nnet_dense_resource.h:144]   --->   Operation 1130 'icmp' 'icmp_ln144_35' <Predicate = true> <Delay = 2.14> <CoreInst = "Cmp">   --->   Core 9 'Cmp' <Latency = 0> <II = 1> <Delay = 2.14> <FuncUnit> <Opcode : 'seteq' 'setne' 'setle' 'setge' 'setlt' 'setgt'> <InPorts = 2> <OutPorts = 1>
ST_8 : Operation 1131 [1/1] (0.69ns)   --->   "%select_ln144_108 = select i1 %out_index, i14 0, i14 %x_56" [firmware/nnet_utils/nnet_dense_resource.h:144]   --->   Operation 1131 'select' 'select_ln144_108' <Predicate = (!out_index)> <Delay = 0.69> <CoreInst = "Sel">   --->   Core 73 'Sel' <Latency = 0> <II = 1> <Delay = 0.69> <FuncUnit> <Opcode : 'select'> <InPorts = 3> <OutPorts = 1>
ST_8 : Operation 1132 [1/1] (0.69ns)   --->   "%select_ln144_109 = select i1 %out_index, i14 %x_57, i14 0" [firmware/nnet_utils/nnet_dense_resource.h:144]   --->   Operation 1132 'select' 'select_ln144_109' <Predicate = (out_index)> <Delay = 0.69> <CoreInst = "Sel">   --->   Core 73 'Sel' <Latency = 0> <II = 1> <Delay = 0.69> <FuncUnit> <Opcode : 'select'> <InPorts = 3> <OutPorts = 1>
ST_8 : Operation 1133 [1/1] (0.00ns)   --->   "%zext_ln144_36 = zext i1 %tmp_771" [firmware/nnet_utils/nnet_dense_resource.h:144]   --->   Operation 1133 'zext' 'zext_ln144_36' <Predicate = true> <Delay = 0.00>
ST_8 : Operation 1134 [1/1] (2.13ns)   --->   "%add_ln144_72 = add i14 %trunc_ln144_36, i14 %zext_ln144_36" [firmware/nnet_utils/nnet_dense_resource.h:144]   --->   Operation 1134 'add' 'add_ln144_72' <Predicate = true> <Delay = 2.13> <CoreInst = "Adder">   --->   Core 1 'Adder' <Latency = 0> <II = 1> <Delay = 2.13> <FuncUnit> <Opcode : 'add' 'sub'> <InPorts = 2> <OutPorts = 1>
ST_8 : Operation 1135 [1/1] (0.69ns)   --->   "%select_ln144_110 = select i1 %out_index, i14 %x_54, i14 %x_55" [firmware/nnet_utils/nnet_dense_resource.h:144]   --->   Operation 1135 'select' 'select_ln144_110' <Predicate = true> <Delay = 0.69> <CoreInst = "Sel">   --->   Core 73 'Sel' <Latency = 0> <II = 1> <Delay = 0.69> <FuncUnit> <Opcode : 'select'> <InPorts = 3> <OutPorts = 1>
ST_8 : Operation 1136 [1/1] (0.00ns)   --->   "%sext_ln144_72 = sext i14 %select_ln144_110" [firmware/nnet_utils/nnet_dense_resource.h:144]   --->   Operation 1136 'sext' 'sext_ln144_72' <Predicate = true> <Delay = 0.00>
ST_8 : Operation 1137 [1/1] (0.00ns)   --->   "%sext_ln144_73 = sext i14 %add_ln144_72" [firmware/nnet_utils/nnet_dense_resource.h:144]   --->   Operation 1137 'sext' 'sext_ln144_73' <Predicate = true> <Delay = 0.00>
ST_8 : Operation 1138 [1/1] (2.13ns)   --->   "%acc_237 = add i14 %add_ln144_72, i14 %select_ln144_110" [firmware/nnet_utils/nnet_dense_resource.h:144]   --->   Operation 1138 'add' 'acc_237' <Predicate = true> <Delay = 2.13> <CoreInst = "Adder">   --->   Core 1 'Adder' <Latency = 0> <II = 1> <Delay = 2.13> <FuncUnit> <Opcode : 'add' 'sub'> <InPorts = 2> <OutPorts = 1>
ST_8 : Operation 1139 [1/1] (2.13ns)   --->   "%sub_ln144_36 = sub i15 0, i15 %sext_ln144_72" [firmware/nnet_utils/nnet_dense_resource.h:144]   --->   Operation 1139 'sub' 'sub_ln144_36' <Predicate = true> <Delay = 2.13> <CoreInst = "Adder">   --->   Core 1 'Adder' <Latency = 0> <II = 1> <Delay = 2.13> <FuncUnit> <Opcode : 'add' 'sub'> <InPorts = 2> <OutPorts = 1>
ST_8 : Operation 1140 [1/1] (2.14ns)   --->   "%icmp_ln144_36 = icmp_eq  i15 %sext_ln144_73, i15 %sub_ln144_36" [firmware/nnet_utils/nnet_dense_resource.h:144]   --->   Operation 1140 'icmp' 'icmp_ln144_36' <Predicate = true> <Delay = 2.14> <CoreInst = "Cmp">   --->   Core 9 'Cmp' <Latency = 0> <II = 1> <Delay = 2.14> <FuncUnit> <Opcode : 'seteq' 'setne' 'setle' 'setge' 'setlt' 'setgt'> <InPorts = 2> <OutPorts = 1>
ST_8 : Operation 1141 [1/1] (0.69ns)   --->   "%select_ln144_111 = select i1 %out_index, i14 0, i14 %x_54" [firmware/nnet_utils/nnet_dense_resource.h:144]   --->   Operation 1141 'select' 'select_ln144_111' <Predicate = (!out_index)> <Delay = 0.69> <CoreInst = "Sel">   --->   Core 73 'Sel' <Latency = 0> <II = 1> <Delay = 0.69> <FuncUnit> <Opcode : 'select'> <InPorts = 3> <OutPorts = 1>
ST_8 : Operation 1142 [1/1] (0.69ns)   --->   "%select_ln144_112 = select i1 %out_index, i14 %x_55, i14 0" [firmware/nnet_utils/nnet_dense_resource.h:144]   --->   Operation 1142 'select' 'select_ln144_112' <Predicate = (out_index)> <Delay = 0.69> <CoreInst = "Sel">   --->   Core 73 'Sel' <Latency = 0> <II = 1> <Delay = 0.69> <FuncUnit> <Opcode : 'select'> <InPorts = 3> <OutPorts = 1>
ST_8 : Operation 1143 [1/1] (0.00ns)   --->   "%zext_ln144_37 = zext i1 %tmp_772" [firmware/nnet_utils/nnet_dense_resource.h:144]   --->   Operation 1143 'zext' 'zext_ln144_37' <Predicate = true> <Delay = 0.00>
ST_8 : Operation 1144 [1/1] (2.13ns)   --->   "%add_ln144_74 = add i14 %trunc_ln144_37, i14 %zext_ln144_37" [firmware/nnet_utils/nnet_dense_resource.h:144]   --->   Operation 1144 'add' 'add_ln144_74' <Predicate = true> <Delay = 2.13> <CoreInst = "Adder">   --->   Core 1 'Adder' <Latency = 0> <II = 1> <Delay = 2.13> <FuncUnit> <Opcode : 'add' 'sub'> <InPorts = 2> <OutPorts = 1>
ST_8 : Operation 1145 [1/1] (0.69ns)   --->   "%select_ln144_113 = select i1 %out_index, i14 %x_52, i14 %x_53" [firmware/nnet_utils/nnet_dense_resource.h:144]   --->   Operation 1145 'select' 'select_ln144_113' <Predicate = true> <Delay = 0.69> <CoreInst = "Sel">   --->   Core 73 'Sel' <Latency = 0> <II = 1> <Delay = 0.69> <FuncUnit> <Opcode : 'select'> <InPorts = 3> <OutPorts = 1>
ST_8 : Operation 1146 [1/1] (0.00ns)   --->   "%sext_ln144_74 = sext i14 %select_ln144_113" [firmware/nnet_utils/nnet_dense_resource.h:144]   --->   Operation 1146 'sext' 'sext_ln144_74' <Predicate = true> <Delay = 0.00>
ST_8 : Operation 1147 [1/1] (0.00ns)   --->   "%sext_ln144_75 = sext i14 %add_ln144_74" [firmware/nnet_utils/nnet_dense_resource.h:144]   --->   Operation 1147 'sext' 'sext_ln144_75' <Predicate = true> <Delay = 0.00>
ST_8 : Operation 1148 [1/1] (2.13ns)   --->   "%acc_240 = add i14 %add_ln144_74, i14 %select_ln144_113" [firmware/nnet_utils/nnet_dense_resource.h:144]   --->   Operation 1148 'add' 'acc_240' <Predicate = true> <Delay = 2.13> <CoreInst = "Adder">   --->   Core 1 'Adder' <Latency = 0> <II = 1> <Delay = 2.13> <FuncUnit> <Opcode : 'add' 'sub'> <InPorts = 2> <OutPorts = 1>
ST_8 : Operation 1149 [1/1] (2.13ns)   --->   "%sub_ln144_37 = sub i15 0, i15 %sext_ln144_74" [firmware/nnet_utils/nnet_dense_resource.h:144]   --->   Operation 1149 'sub' 'sub_ln144_37' <Predicate = true> <Delay = 2.13> <CoreInst = "Adder">   --->   Core 1 'Adder' <Latency = 0> <II = 1> <Delay = 2.13> <FuncUnit> <Opcode : 'add' 'sub'> <InPorts = 2> <OutPorts = 1>
ST_8 : Operation 1150 [1/1] (2.14ns)   --->   "%icmp_ln144_37 = icmp_eq  i15 %sext_ln144_75, i15 %sub_ln144_37" [firmware/nnet_utils/nnet_dense_resource.h:144]   --->   Operation 1150 'icmp' 'icmp_ln144_37' <Predicate = true> <Delay = 2.14> <CoreInst = "Cmp">   --->   Core 9 'Cmp' <Latency = 0> <II = 1> <Delay = 2.14> <FuncUnit> <Opcode : 'seteq' 'setne' 'setle' 'setge' 'setlt' 'setgt'> <InPorts = 2> <OutPorts = 1>
ST_8 : Operation 1151 [1/1] (0.69ns)   --->   "%select_ln144_114 = select i1 %out_index, i14 0, i14 %x_52" [firmware/nnet_utils/nnet_dense_resource.h:144]   --->   Operation 1151 'select' 'select_ln144_114' <Predicate = (!out_index)> <Delay = 0.69> <CoreInst = "Sel">   --->   Core 73 'Sel' <Latency = 0> <II = 1> <Delay = 0.69> <FuncUnit> <Opcode : 'select'> <InPorts = 3> <OutPorts = 1>
ST_8 : Operation 1152 [1/1] (0.69ns)   --->   "%select_ln144_115 = select i1 %out_index, i14 %x_53, i14 0" [firmware/nnet_utils/nnet_dense_resource.h:144]   --->   Operation 1152 'select' 'select_ln144_115' <Predicate = (out_index)> <Delay = 0.69> <CoreInst = "Sel">   --->   Core 73 'Sel' <Latency = 0> <II = 1> <Delay = 0.69> <FuncUnit> <Opcode : 'select'> <InPorts = 3> <OutPorts = 1>
ST_8 : Operation 1153 [1/1] (0.00ns)   --->   "%zext_ln144_38 = zext i1 %tmp_773" [firmware/nnet_utils/nnet_dense_resource.h:144]   --->   Operation 1153 'zext' 'zext_ln144_38' <Predicate = true> <Delay = 0.00>
ST_8 : Operation 1154 [1/1] (2.13ns)   --->   "%add_ln144_76 = add i14 %trunc_ln144_38, i14 %zext_ln144_38" [firmware/nnet_utils/nnet_dense_resource.h:144]   --->   Operation 1154 'add' 'add_ln144_76' <Predicate = true> <Delay = 2.13> <CoreInst = "Adder">   --->   Core 1 'Adder' <Latency = 0> <II = 1> <Delay = 2.13> <FuncUnit> <Opcode : 'add' 'sub'> <InPorts = 2> <OutPorts = 1>
ST_8 : Operation 1155 [1/1] (0.69ns)   --->   "%select_ln144_116 = select i1 %out_index, i14 %x_50, i14 %x_51" [firmware/nnet_utils/nnet_dense_resource.h:144]   --->   Operation 1155 'select' 'select_ln144_116' <Predicate = true> <Delay = 0.69> <CoreInst = "Sel">   --->   Core 73 'Sel' <Latency = 0> <II = 1> <Delay = 0.69> <FuncUnit> <Opcode : 'select'> <InPorts = 3> <OutPorts = 1>
ST_8 : Operation 1156 [1/1] (0.00ns)   --->   "%sext_ln144_76 = sext i14 %select_ln144_116" [firmware/nnet_utils/nnet_dense_resource.h:144]   --->   Operation 1156 'sext' 'sext_ln144_76' <Predicate = true> <Delay = 0.00>
ST_8 : Operation 1157 [1/1] (0.00ns)   --->   "%sext_ln144_77 = sext i14 %add_ln144_76" [firmware/nnet_utils/nnet_dense_resource.h:144]   --->   Operation 1157 'sext' 'sext_ln144_77' <Predicate = true> <Delay = 0.00>
ST_8 : Operation 1158 [1/1] (2.13ns)   --->   "%acc_243 = add i14 %add_ln144_76, i14 %select_ln144_116" [firmware/nnet_utils/nnet_dense_resource.h:144]   --->   Operation 1158 'add' 'acc_243' <Predicate = true> <Delay = 2.13> <CoreInst = "Adder">   --->   Core 1 'Adder' <Latency = 0> <II = 1> <Delay = 2.13> <FuncUnit> <Opcode : 'add' 'sub'> <InPorts = 2> <OutPorts = 1>
ST_8 : Operation 1159 [1/1] (2.13ns)   --->   "%sub_ln144_38 = sub i15 0, i15 %sext_ln144_76" [firmware/nnet_utils/nnet_dense_resource.h:144]   --->   Operation 1159 'sub' 'sub_ln144_38' <Predicate = true> <Delay = 2.13> <CoreInst = "Adder">   --->   Core 1 'Adder' <Latency = 0> <II = 1> <Delay = 2.13> <FuncUnit> <Opcode : 'add' 'sub'> <InPorts = 2> <OutPorts = 1>
ST_8 : Operation 1160 [1/1] (2.14ns)   --->   "%icmp_ln144_38 = icmp_eq  i15 %sext_ln144_77, i15 %sub_ln144_38" [firmware/nnet_utils/nnet_dense_resource.h:144]   --->   Operation 1160 'icmp' 'icmp_ln144_38' <Predicate = true> <Delay = 2.14> <CoreInst = "Cmp">   --->   Core 9 'Cmp' <Latency = 0> <II = 1> <Delay = 2.14> <FuncUnit> <Opcode : 'seteq' 'setne' 'setle' 'setge' 'setlt' 'setgt'> <InPorts = 2> <OutPorts = 1>
ST_8 : Operation 1161 [1/1] (0.69ns)   --->   "%select_ln144_117 = select i1 %out_index, i14 0, i14 %x_50" [firmware/nnet_utils/nnet_dense_resource.h:144]   --->   Operation 1161 'select' 'select_ln144_117' <Predicate = (!out_index)> <Delay = 0.69> <CoreInst = "Sel">   --->   Core 73 'Sel' <Latency = 0> <II = 1> <Delay = 0.69> <FuncUnit> <Opcode : 'select'> <InPorts = 3> <OutPorts = 1>
ST_8 : Operation 1162 [1/1] (0.69ns)   --->   "%select_ln144_118 = select i1 %out_index, i14 %x_51, i14 0" [firmware/nnet_utils/nnet_dense_resource.h:144]   --->   Operation 1162 'select' 'select_ln144_118' <Predicate = (out_index)> <Delay = 0.69> <CoreInst = "Sel">   --->   Core 73 'Sel' <Latency = 0> <II = 1> <Delay = 0.69> <FuncUnit> <Opcode : 'select'> <InPorts = 3> <OutPorts = 1>
ST_8 : Operation 1163 [1/1] (0.00ns)   --->   "%zext_ln144_39 = zext i1 %tmp_774" [firmware/nnet_utils/nnet_dense_resource.h:144]   --->   Operation 1163 'zext' 'zext_ln144_39' <Predicate = true> <Delay = 0.00>
ST_8 : Operation 1164 [1/1] (2.13ns)   --->   "%add_ln144_78 = add i14 %trunc_ln144_39, i14 %zext_ln144_39" [firmware/nnet_utils/nnet_dense_resource.h:144]   --->   Operation 1164 'add' 'add_ln144_78' <Predicate = true> <Delay = 2.13> <CoreInst = "Adder">   --->   Core 1 'Adder' <Latency = 0> <II = 1> <Delay = 2.13> <FuncUnit> <Opcode : 'add' 'sub'> <InPorts = 2> <OutPorts = 1>
ST_8 : Operation 1165 [1/1] (0.69ns)   --->   "%select_ln144_119 = select i1 %out_index, i14 %x_48, i14 %x_49" [firmware/nnet_utils/nnet_dense_resource.h:144]   --->   Operation 1165 'select' 'select_ln144_119' <Predicate = true> <Delay = 0.69> <CoreInst = "Sel">   --->   Core 73 'Sel' <Latency = 0> <II = 1> <Delay = 0.69> <FuncUnit> <Opcode : 'select'> <InPorts = 3> <OutPorts = 1>
ST_8 : Operation 1166 [1/1] (0.00ns)   --->   "%sext_ln144_78 = sext i14 %select_ln144_119" [firmware/nnet_utils/nnet_dense_resource.h:144]   --->   Operation 1166 'sext' 'sext_ln144_78' <Predicate = true> <Delay = 0.00>
ST_8 : Operation 1167 [1/1] (0.00ns)   --->   "%sext_ln144_79 = sext i14 %add_ln144_78" [firmware/nnet_utils/nnet_dense_resource.h:144]   --->   Operation 1167 'sext' 'sext_ln144_79' <Predicate = true> <Delay = 0.00>
ST_8 : Operation 1168 [1/1] (2.13ns)   --->   "%acc_246 = add i14 %add_ln144_78, i14 %select_ln144_119" [firmware/nnet_utils/nnet_dense_resource.h:144]   --->   Operation 1168 'add' 'acc_246' <Predicate = true> <Delay = 2.13> <CoreInst = "Adder">   --->   Core 1 'Adder' <Latency = 0> <II = 1> <Delay = 2.13> <FuncUnit> <Opcode : 'add' 'sub'> <InPorts = 2> <OutPorts = 1>
ST_8 : Operation 1169 [1/1] (2.13ns)   --->   "%sub_ln144_39 = sub i15 0, i15 %sext_ln144_78" [firmware/nnet_utils/nnet_dense_resource.h:144]   --->   Operation 1169 'sub' 'sub_ln144_39' <Predicate = true> <Delay = 2.13> <CoreInst = "Adder">   --->   Core 1 'Adder' <Latency = 0> <II = 1> <Delay = 2.13> <FuncUnit> <Opcode : 'add' 'sub'> <InPorts = 2> <OutPorts = 1>
ST_8 : Operation 1170 [1/1] (2.14ns)   --->   "%icmp_ln144_39 = icmp_eq  i15 %sext_ln144_79, i15 %sub_ln144_39" [firmware/nnet_utils/nnet_dense_resource.h:144]   --->   Operation 1170 'icmp' 'icmp_ln144_39' <Predicate = true> <Delay = 2.14> <CoreInst = "Cmp">   --->   Core 9 'Cmp' <Latency = 0> <II = 1> <Delay = 2.14> <FuncUnit> <Opcode : 'seteq' 'setne' 'setle' 'setge' 'setlt' 'setgt'> <InPorts = 2> <OutPorts = 1>
ST_8 : Operation 1171 [1/1] (0.69ns)   --->   "%select_ln144_120 = select i1 %out_index, i14 0, i14 %x_48" [firmware/nnet_utils/nnet_dense_resource.h:144]   --->   Operation 1171 'select' 'select_ln144_120' <Predicate = (!out_index)> <Delay = 0.69> <CoreInst = "Sel">   --->   Core 73 'Sel' <Latency = 0> <II = 1> <Delay = 0.69> <FuncUnit> <Opcode : 'select'> <InPorts = 3> <OutPorts = 1>
ST_8 : Operation 1172 [1/1] (0.69ns)   --->   "%select_ln144_121 = select i1 %out_index, i14 %x_49, i14 0" [firmware/nnet_utils/nnet_dense_resource.h:144]   --->   Operation 1172 'select' 'select_ln144_121' <Predicate = (out_index)> <Delay = 0.69> <CoreInst = "Sel">   --->   Core 73 'Sel' <Latency = 0> <II = 1> <Delay = 0.69> <FuncUnit> <Opcode : 'select'> <InPorts = 3> <OutPorts = 1>
ST_8 : Operation 1173 [1/1] (0.00ns)   --->   "%zext_ln144_40 = zext i1 %tmp_775" [firmware/nnet_utils/nnet_dense_resource.h:144]   --->   Operation 1173 'zext' 'zext_ln144_40' <Predicate = true> <Delay = 0.00>
ST_8 : Operation 1174 [1/1] (2.13ns)   --->   "%add_ln144_80 = add i14 %trunc_ln144_40, i14 %zext_ln144_40" [firmware/nnet_utils/nnet_dense_resource.h:144]   --->   Operation 1174 'add' 'add_ln144_80' <Predicate = true> <Delay = 2.13> <CoreInst = "Adder">   --->   Core 1 'Adder' <Latency = 0> <II = 1> <Delay = 2.13> <FuncUnit> <Opcode : 'add' 'sub'> <InPorts = 2> <OutPorts = 1>
ST_8 : Operation 1175 [1/1] (0.69ns)   --->   "%select_ln144_122 = select i1 %out_index, i14 %x_46, i14 %x_47" [firmware/nnet_utils/nnet_dense_resource.h:144]   --->   Operation 1175 'select' 'select_ln144_122' <Predicate = true> <Delay = 0.69> <CoreInst = "Sel">   --->   Core 73 'Sel' <Latency = 0> <II = 1> <Delay = 0.69> <FuncUnit> <Opcode : 'select'> <InPorts = 3> <OutPorts = 1>
ST_8 : Operation 1176 [1/1] (0.00ns)   --->   "%sext_ln144_80 = sext i14 %select_ln144_122" [firmware/nnet_utils/nnet_dense_resource.h:144]   --->   Operation 1176 'sext' 'sext_ln144_80' <Predicate = true> <Delay = 0.00>
ST_8 : Operation 1177 [1/1] (0.00ns)   --->   "%sext_ln144_81 = sext i14 %add_ln144_80" [firmware/nnet_utils/nnet_dense_resource.h:144]   --->   Operation 1177 'sext' 'sext_ln144_81' <Predicate = true> <Delay = 0.00>
ST_8 : Operation 1178 [1/1] (2.13ns)   --->   "%acc_249 = add i14 %add_ln144_80, i14 %select_ln144_122" [firmware/nnet_utils/nnet_dense_resource.h:144]   --->   Operation 1178 'add' 'acc_249' <Predicate = true> <Delay = 2.13> <CoreInst = "Adder">   --->   Core 1 'Adder' <Latency = 0> <II = 1> <Delay = 2.13> <FuncUnit> <Opcode : 'add' 'sub'> <InPorts = 2> <OutPorts = 1>
ST_8 : Operation 1179 [1/1] (2.13ns)   --->   "%sub_ln144_40 = sub i15 0, i15 %sext_ln144_80" [firmware/nnet_utils/nnet_dense_resource.h:144]   --->   Operation 1179 'sub' 'sub_ln144_40' <Predicate = true> <Delay = 2.13> <CoreInst = "Adder">   --->   Core 1 'Adder' <Latency = 0> <II = 1> <Delay = 2.13> <FuncUnit> <Opcode : 'add' 'sub'> <InPorts = 2> <OutPorts = 1>
ST_8 : Operation 1180 [1/1] (2.14ns)   --->   "%icmp_ln144_40 = icmp_eq  i15 %sext_ln144_81, i15 %sub_ln144_40" [firmware/nnet_utils/nnet_dense_resource.h:144]   --->   Operation 1180 'icmp' 'icmp_ln144_40' <Predicate = true> <Delay = 2.14> <CoreInst = "Cmp">   --->   Core 9 'Cmp' <Latency = 0> <II = 1> <Delay = 2.14> <FuncUnit> <Opcode : 'seteq' 'setne' 'setle' 'setge' 'setlt' 'setgt'> <InPorts = 2> <OutPorts = 1>
ST_8 : Operation 1181 [1/1] (0.69ns)   --->   "%select_ln144_123 = select i1 %out_index, i14 0, i14 %x_46" [firmware/nnet_utils/nnet_dense_resource.h:144]   --->   Operation 1181 'select' 'select_ln144_123' <Predicate = (!out_index)> <Delay = 0.69> <CoreInst = "Sel">   --->   Core 73 'Sel' <Latency = 0> <II = 1> <Delay = 0.69> <FuncUnit> <Opcode : 'select'> <InPorts = 3> <OutPorts = 1>
ST_8 : Operation 1182 [1/1] (0.69ns)   --->   "%select_ln144_124 = select i1 %out_index, i14 %x_47, i14 0" [firmware/nnet_utils/nnet_dense_resource.h:144]   --->   Operation 1182 'select' 'select_ln144_124' <Predicate = (out_index)> <Delay = 0.69> <CoreInst = "Sel">   --->   Core 73 'Sel' <Latency = 0> <II = 1> <Delay = 0.69> <FuncUnit> <Opcode : 'select'> <InPorts = 3> <OutPorts = 1>
ST_8 : Operation 1183 [1/1] (0.00ns)   --->   "%zext_ln144_41 = zext i1 %tmp_776" [firmware/nnet_utils/nnet_dense_resource.h:144]   --->   Operation 1183 'zext' 'zext_ln144_41' <Predicate = true> <Delay = 0.00>
ST_8 : Operation 1184 [1/1] (2.13ns)   --->   "%add_ln144_82 = add i14 %trunc_ln144_41, i14 %zext_ln144_41" [firmware/nnet_utils/nnet_dense_resource.h:144]   --->   Operation 1184 'add' 'add_ln144_82' <Predicate = true> <Delay = 2.13> <CoreInst = "Adder">   --->   Core 1 'Adder' <Latency = 0> <II = 1> <Delay = 2.13> <FuncUnit> <Opcode : 'add' 'sub'> <InPorts = 2> <OutPorts = 1>
ST_8 : Operation 1185 [1/1] (0.69ns)   --->   "%select_ln144_125 = select i1 %out_index, i14 %x_44, i14 %x_45" [firmware/nnet_utils/nnet_dense_resource.h:144]   --->   Operation 1185 'select' 'select_ln144_125' <Predicate = true> <Delay = 0.69> <CoreInst = "Sel">   --->   Core 73 'Sel' <Latency = 0> <II = 1> <Delay = 0.69> <FuncUnit> <Opcode : 'select'> <InPorts = 3> <OutPorts = 1>
ST_8 : Operation 1186 [1/1] (0.00ns)   --->   "%sext_ln144_82 = sext i14 %select_ln144_125" [firmware/nnet_utils/nnet_dense_resource.h:144]   --->   Operation 1186 'sext' 'sext_ln144_82' <Predicate = true> <Delay = 0.00>
ST_8 : Operation 1187 [1/1] (0.00ns)   --->   "%sext_ln144_83 = sext i14 %add_ln144_82" [firmware/nnet_utils/nnet_dense_resource.h:144]   --->   Operation 1187 'sext' 'sext_ln144_83' <Predicate = true> <Delay = 0.00>
ST_8 : Operation 1188 [1/1] (2.13ns)   --->   "%acc_252 = add i14 %add_ln144_82, i14 %select_ln144_125" [firmware/nnet_utils/nnet_dense_resource.h:144]   --->   Operation 1188 'add' 'acc_252' <Predicate = true> <Delay = 2.13> <CoreInst = "Adder">   --->   Core 1 'Adder' <Latency = 0> <II = 1> <Delay = 2.13> <FuncUnit> <Opcode : 'add' 'sub'> <InPorts = 2> <OutPorts = 1>
ST_8 : Operation 1189 [1/1] (2.13ns)   --->   "%sub_ln144_41 = sub i15 0, i15 %sext_ln144_82" [firmware/nnet_utils/nnet_dense_resource.h:144]   --->   Operation 1189 'sub' 'sub_ln144_41' <Predicate = true> <Delay = 2.13> <CoreInst = "Adder">   --->   Core 1 'Adder' <Latency = 0> <II = 1> <Delay = 2.13> <FuncUnit> <Opcode : 'add' 'sub'> <InPorts = 2> <OutPorts = 1>
ST_8 : Operation 1190 [1/1] (2.14ns)   --->   "%icmp_ln144_41 = icmp_eq  i15 %sext_ln144_83, i15 %sub_ln144_41" [firmware/nnet_utils/nnet_dense_resource.h:144]   --->   Operation 1190 'icmp' 'icmp_ln144_41' <Predicate = true> <Delay = 2.14> <CoreInst = "Cmp">   --->   Core 9 'Cmp' <Latency = 0> <II = 1> <Delay = 2.14> <FuncUnit> <Opcode : 'seteq' 'setne' 'setle' 'setge' 'setlt' 'setgt'> <InPorts = 2> <OutPorts = 1>
ST_8 : Operation 1191 [1/1] (0.69ns)   --->   "%select_ln144_126 = select i1 %out_index, i14 0, i14 %x_44" [firmware/nnet_utils/nnet_dense_resource.h:144]   --->   Operation 1191 'select' 'select_ln144_126' <Predicate = (!out_index)> <Delay = 0.69> <CoreInst = "Sel">   --->   Core 73 'Sel' <Latency = 0> <II = 1> <Delay = 0.69> <FuncUnit> <Opcode : 'select'> <InPorts = 3> <OutPorts = 1>
ST_8 : Operation 1192 [1/1] (0.69ns)   --->   "%select_ln144_127 = select i1 %out_index, i14 %x_45, i14 0" [firmware/nnet_utils/nnet_dense_resource.h:144]   --->   Operation 1192 'select' 'select_ln144_127' <Predicate = (out_index)> <Delay = 0.69> <CoreInst = "Sel">   --->   Core 73 'Sel' <Latency = 0> <II = 1> <Delay = 0.69> <FuncUnit> <Opcode : 'select'> <InPorts = 3> <OutPorts = 1>
ST_8 : Operation 1193 [1/1] (0.00ns)   --->   "%zext_ln144_42 = zext i1 %tmp_777" [firmware/nnet_utils/nnet_dense_resource.h:144]   --->   Operation 1193 'zext' 'zext_ln144_42' <Predicate = true> <Delay = 0.00>
ST_8 : Operation 1194 [1/1] (2.13ns)   --->   "%add_ln144_84 = add i14 %trunc_ln144_42, i14 %zext_ln144_42" [firmware/nnet_utils/nnet_dense_resource.h:144]   --->   Operation 1194 'add' 'add_ln144_84' <Predicate = true> <Delay = 2.13> <CoreInst = "Adder">   --->   Core 1 'Adder' <Latency = 0> <II = 1> <Delay = 2.13> <FuncUnit> <Opcode : 'add' 'sub'> <InPorts = 2> <OutPorts = 1>
ST_8 : Operation 1195 [1/1] (0.69ns)   --->   "%select_ln144_128 = select i1 %out_index, i14 %x_42, i14 %x_43" [firmware/nnet_utils/nnet_dense_resource.h:144]   --->   Operation 1195 'select' 'select_ln144_128' <Predicate = true> <Delay = 0.69> <CoreInst = "Sel">   --->   Core 73 'Sel' <Latency = 0> <II = 1> <Delay = 0.69> <FuncUnit> <Opcode : 'select'> <InPorts = 3> <OutPorts = 1>
ST_8 : Operation 1196 [1/1] (0.00ns)   --->   "%sext_ln144_84 = sext i14 %select_ln144_128" [firmware/nnet_utils/nnet_dense_resource.h:144]   --->   Operation 1196 'sext' 'sext_ln144_84' <Predicate = true> <Delay = 0.00>
ST_8 : Operation 1197 [1/1] (0.00ns)   --->   "%sext_ln144_85 = sext i14 %add_ln144_84" [firmware/nnet_utils/nnet_dense_resource.h:144]   --->   Operation 1197 'sext' 'sext_ln144_85' <Predicate = true> <Delay = 0.00>
ST_8 : Operation 1198 [1/1] (2.13ns)   --->   "%acc_255 = add i14 %add_ln144_84, i14 %select_ln144_128" [firmware/nnet_utils/nnet_dense_resource.h:144]   --->   Operation 1198 'add' 'acc_255' <Predicate = true> <Delay = 2.13> <CoreInst = "Adder">   --->   Core 1 'Adder' <Latency = 0> <II = 1> <Delay = 2.13> <FuncUnit> <Opcode : 'add' 'sub'> <InPorts = 2> <OutPorts = 1>
ST_8 : Operation 1199 [1/1] (2.13ns)   --->   "%sub_ln144_42 = sub i15 0, i15 %sext_ln144_84" [firmware/nnet_utils/nnet_dense_resource.h:144]   --->   Operation 1199 'sub' 'sub_ln144_42' <Predicate = true> <Delay = 2.13> <CoreInst = "Adder">   --->   Core 1 'Adder' <Latency = 0> <II = 1> <Delay = 2.13> <FuncUnit> <Opcode : 'add' 'sub'> <InPorts = 2> <OutPorts = 1>
ST_8 : Operation 1200 [1/1] (2.14ns)   --->   "%icmp_ln144_42 = icmp_eq  i15 %sext_ln144_85, i15 %sub_ln144_42" [firmware/nnet_utils/nnet_dense_resource.h:144]   --->   Operation 1200 'icmp' 'icmp_ln144_42' <Predicate = true> <Delay = 2.14> <CoreInst = "Cmp">   --->   Core 9 'Cmp' <Latency = 0> <II = 1> <Delay = 2.14> <FuncUnit> <Opcode : 'seteq' 'setne' 'setle' 'setge' 'setlt' 'setgt'> <InPorts = 2> <OutPorts = 1>
ST_8 : Operation 1201 [1/1] (0.69ns)   --->   "%select_ln144_129 = select i1 %out_index, i14 0, i14 %x_42" [firmware/nnet_utils/nnet_dense_resource.h:144]   --->   Operation 1201 'select' 'select_ln144_129' <Predicate = (!out_index)> <Delay = 0.69> <CoreInst = "Sel">   --->   Core 73 'Sel' <Latency = 0> <II = 1> <Delay = 0.69> <FuncUnit> <Opcode : 'select'> <InPorts = 3> <OutPorts = 1>
ST_8 : Operation 1202 [1/1] (0.69ns)   --->   "%select_ln144_130 = select i1 %out_index, i14 %x_43, i14 0" [firmware/nnet_utils/nnet_dense_resource.h:144]   --->   Operation 1202 'select' 'select_ln144_130' <Predicate = (out_index)> <Delay = 0.69> <CoreInst = "Sel">   --->   Core 73 'Sel' <Latency = 0> <II = 1> <Delay = 0.69> <FuncUnit> <Opcode : 'select'> <InPorts = 3> <OutPorts = 1>
ST_8 : Operation 1203 [1/1] (0.00ns)   --->   "%zext_ln144_43 = zext i1 %tmp_778" [firmware/nnet_utils/nnet_dense_resource.h:144]   --->   Operation 1203 'zext' 'zext_ln144_43' <Predicate = true> <Delay = 0.00>
ST_8 : Operation 1204 [1/1] (2.13ns)   --->   "%add_ln144_86 = add i14 %trunc_ln144_43, i14 %zext_ln144_43" [firmware/nnet_utils/nnet_dense_resource.h:144]   --->   Operation 1204 'add' 'add_ln144_86' <Predicate = true> <Delay = 2.13> <CoreInst = "Adder">   --->   Core 1 'Adder' <Latency = 0> <II = 1> <Delay = 2.13> <FuncUnit> <Opcode : 'add' 'sub'> <InPorts = 2> <OutPorts = 1>
ST_8 : Operation 1205 [1/1] (0.69ns)   --->   "%select_ln144_131 = select i1 %out_index, i14 %x_40, i14 %x_41" [firmware/nnet_utils/nnet_dense_resource.h:144]   --->   Operation 1205 'select' 'select_ln144_131' <Predicate = true> <Delay = 0.69> <CoreInst = "Sel">   --->   Core 73 'Sel' <Latency = 0> <II = 1> <Delay = 0.69> <FuncUnit> <Opcode : 'select'> <InPorts = 3> <OutPorts = 1>
ST_8 : Operation 1206 [1/1] (0.00ns)   --->   "%sext_ln144_86 = sext i14 %select_ln144_131" [firmware/nnet_utils/nnet_dense_resource.h:144]   --->   Operation 1206 'sext' 'sext_ln144_86' <Predicate = true> <Delay = 0.00>
ST_8 : Operation 1207 [1/1] (0.00ns)   --->   "%sext_ln144_87 = sext i14 %add_ln144_86" [firmware/nnet_utils/nnet_dense_resource.h:144]   --->   Operation 1207 'sext' 'sext_ln144_87' <Predicate = true> <Delay = 0.00>
ST_8 : Operation 1208 [1/1] (2.13ns)   --->   "%acc_258 = add i14 %add_ln144_86, i14 %select_ln144_131" [firmware/nnet_utils/nnet_dense_resource.h:144]   --->   Operation 1208 'add' 'acc_258' <Predicate = true> <Delay = 2.13> <CoreInst = "Adder">   --->   Core 1 'Adder' <Latency = 0> <II = 1> <Delay = 2.13> <FuncUnit> <Opcode : 'add' 'sub'> <InPorts = 2> <OutPorts = 1>
ST_8 : Operation 1209 [1/1] (2.13ns)   --->   "%sub_ln144_43 = sub i15 0, i15 %sext_ln144_86" [firmware/nnet_utils/nnet_dense_resource.h:144]   --->   Operation 1209 'sub' 'sub_ln144_43' <Predicate = true> <Delay = 2.13> <CoreInst = "Adder">   --->   Core 1 'Adder' <Latency = 0> <II = 1> <Delay = 2.13> <FuncUnit> <Opcode : 'add' 'sub'> <InPorts = 2> <OutPorts = 1>
ST_8 : Operation 1210 [1/1] (2.14ns)   --->   "%icmp_ln144_43 = icmp_eq  i15 %sext_ln144_87, i15 %sub_ln144_43" [firmware/nnet_utils/nnet_dense_resource.h:144]   --->   Operation 1210 'icmp' 'icmp_ln144_43' <Predicate = true> <Delay = 2.14> <CoreInst = "Cmp">   --->   Core 9 'Cmp' <Latency = 0> <II = 1> <Delay = 2.14> <FuncUnit> <Opcode : 'seteq' 'setne' 'setle' 'setge' 'setlt' 'setgt'> <InPorts = 2> <OutPorts = 1>
ST_8 : Operation 1211 [1/1] (0.69ns)   --->   "%select_ln144_132 = select i1 %out_index, i14 0, i14 %x_40" [firmware/nnet_utils/nnet_dense_resource.h:144]   --->   Operation 1211 'select' 'select_ln144_132' <Predicate = (!out_index)> <Delay = 0.69> <CoreInst = "Sel">   --->   Core 73 'Sel' <Latency = 0> <II = 1> <Delay = 0.69> <FuncUnit> <Opcode : 'select'> <InPorts = 3> <OutPorts = 1>
ST_8 : Operation 1212 [1/1] (0.69ns)   --->   "%select_ln144_133 = select i1 %out_index, i14 %x_41, i14 0" [firmware/nnet_utils/nnet_dense_resource.h:144]   --->   Operation 1212 'select' 'select_ln144_133' <Predicate = (out_index)> <Delay = 0.69> <CoreInst = "Sel">   --->   Core 73 'Sel' <Latency = 0> <II = 1> <Delay = 0.69> <FuncUnit> <Opcode : 'select'> <InPorts = 3> <OutPorts = 1>
ST_8 : Operation 1213 [1/1] (0.00ns)   --->   "%zext_ln144_44 = zext i1 %tmp_779" [firmware/nnet_utils/nnet_dense_resource.h:144]   --->   Operation 1213 'zext' 'zext_ln144_44' <Predicate = true> <Delay = 0.00>
ST_8 : Operation 1214 [1/1] (2.13ns)   --->   "%add_ln144_88 = add i14 %trunc_ln144_44, i14 %zext_ln144_44" [firmware/nnet_utils/nnet_dense_resource.h:144]   --->   Operation 1214 'add' 'add_ln144_88' <Predicate = true> <Delay = 2.13> <CoreInst = "Adder">   --->   Core 1 'Adder' <Latency = 0> <II = 1> <Delay = 2.13> <FuncUnit> <Opcode : 'add' 'sub'> <InPorts = 2> <OutPorts = 1>
ST_8 : Operation 1215 [1/1] (0.69ns)   --->   "%select_ln144_134 = select i1 %out_index, i14 %x_38, i14 %x_39" [firmware/nnet_utils/nnet_dense_resource.h:144]   --->   Operation 1215 'select' 'select_ln144_134' <Predicate = true> <Delay = 0.69> <CoreInst = "Sel">   --->   Core 73 'Sel' <Latency = 0> <II = 1> <Delay = 0.69> <FuncUnit> <Opcode : 'select'> <InPorts = 3> <OutPorts = 1>
ST_8 : Operation 1216 [1/1] (0.00ns)   --->   "%sext_ln144_88 = sext i14 %select_ln144_134" [firmware/nnet_utils/nnet_dense_resource.h:144]   --->   Operation 1216 'sext' 'sext_ln144_88' <Predicate = true> <Delay = 0.00>
ST_8 : Operation 1217 [1/1] (0.00ns)   --->   "%sext_ln144_89 = sext i14 %add_ln144_88" [firmware/nnet_utils/nnet_dense_resource.h:144]   --->   Operation 1217 'sext' 'sext_ln144_89' <Predicate = true> <Delay = 0.00>
ST_8 : Operation 1218 [1/1] (2.13ns)   --->   "%acc_261 = add i14 %add_ln144_88, i14 %select_ln144_134" [firmware/nnet_utils/nnet_dense_resource.h:144]   --->   Operation 1218 'add' 'acc_261' <Predicate = true> <Delay = 2.13> <CoreInst = "Adder">   --->   Core 1 'Adder' <Latency = 0> <II = 1> <Delay = 2.13> <FuncUnit> <Opcode : 'add' 'sub'> <InPorts = 2> <OutPorts = 1>
ST_8 : Operation 1219 [1/1] (2.13ns)   --->   "%sub_ln144_44 = sub i15 0, i15 %sext_ln144_88" [firmware/nnet_utils/nnet_dense_resource.h:144]   --->   Operation 1219 'sub' 'sub_ln144_44' <Predicate = true> <Delay = 2.13> <CoreInst = "Adder">   --->   Core 1 'Adder' <Latency = 0> <II = 1> <Delay = 2.13> <FuncUnit> <Opcode : 'add' 'sub'> <InPorts = 2> <OutPorts = 1>
ST_8 : Operation 1220 [1/1] (2.14ns)   --->   "%icmp_ln144_44 = icmp_eq  i15 %sext_ln144_89, i15 %sub_ln144_44" [firmware/nnet_utils/nnet_dense_resource.h:144]   --->   Operation 1220 'icmp' 'icmp_ln144_44' <Predicate = true> <Delay = 2.14> <CoreInst = "Cmp">   --->   Core 9 'Cmp' <Latency = 0> <II = 1> <Delay = 2.14> <FuncUnit> <Opcode : 'seteq' 'setne' 'setle' 'setge' 'setlt' 'setgt'> <InPorts = 2> <OutPorts = 1>
ST_8 : Operation 1221 [1/1] (0.69ns)   --->   "%select_ln144_135 = select i1 %out_index, i14 0, i14 %x_38" [firmware/nnet_utils/nnet_dense_resource.h:144]   --->   Operation 1221 'select' 'select_ln144_135' <Predicate = (!out_index)> <Delay = 0.69> <CoreInst = "Sel">   --->   Core 73 'Sel' <Latency = 0> <II = 1> <Delay = 0.69> <FuncUnit> <Opcode : 'select'> <InPorts = 3> <OutPorts = 1>
ST_8 : Operation 1222 [1/1] (0.69ns)   --->   "%select_ln144_136 = select i1 %out_index, i14 %x_39, i14 0" [firmware/nnet_utils/nnet_dense_resource.h:144]   --->   Operation 1222 'select' 'select_ln144_136' <Predicate = (out_index)> <Delay = 0.69> <CoreInst = "Sel">   --->   Core 73 'Sel' <Latency = 0> <II = 1> <Delay = 0.69> <FuncUnit> <Opcode : 'select'> <InPorts = 3> <OutPorts = 1>
ST_8 : Operation 1223 [1/1] (0.00ns)   --->   "%zext_ln144_45 = zext i1 %tmp_780" [firmware/nnet_utils/nnet_dense_resource.h:144]   --->   Operation 1223 'zext' 'zext_ln144_45' <Predicate = true> <Delay = 0.00>
ST_8 : Operation 1224 [1/1] (2.13ns)   --->   "%add_ln144_90 = add i14 %trunc_ln144_45, i14 %zext_ln144_45" [firmware/nnet_utils/nnet_dense_resource.h:144]   --->   Operation 1224 'add' 'add_ln144_90' <Predicate = true> <Delay = 2.13> <CoreInst = "Adder">   --->   Core 1 'Adder' <Latency = 0> <II = 1> <Delay = 2.13> <FuncUnit> <Opcode : 'add' 'sub'> <InPorts = 2> <OutPorts = 1>
ST_8 : Operation 1225 [1/1] (0.69ns)   --->   "%select_ln144_137 = select i1 %out_index, i14 %x_36, i14 %x_37" [firmware/nnet_utils/nnet_dense_resource.h:144]   --->   Operation 1225 'select' 'select_ln144_137' <Predicate = true> <Delay = 0.69> <CoreInst = "Sel">   --->   Core 73 'Sel' <Latency = 0> <II = 1> <Delay = 0.69> <FuncUnit> <Opcode : 'select'> <InPorts = 3> <OutPorts = 1>
ST_8 : Operation 1226 [1/1] (0.00ns)   --->   "%sext_ln144_90 = sext i14 %select_ln144_137" [firmware/nnet_utils/nnet_dense_resource.h:144]   --->   Operation 1226 'sext' 'sext_ln144_90' <Predicate = true> <Delay = 0.00>
ST_8 : Operation 1227 [1/1] (0.00ns)   --->   "%sext_ln144_91 = sext i14 %add_ln144_90" [firmware/nnet_utils/nnet_dense_resource.h:144]   --->   Operation 1227 'sext' 'sext_ln144_91' <Predicate = true> <Delay = 0.00>
ST_8 : Operation 1228 [1/1] (2.13ns)   --->   "%acc_264 = add i14 %add_ln144_90, i14 %select_ln144_137" [firmware/nnet_utils/nnet_dense_resource.h:144]   --->   Operation 1228 'add' 'acc_264' <Predicate = true> <Delay = 2.13> <CoreInst = "Adder">   --->   Core 1 'Adder' <Latency = 0> <II = 1> <Delay = 2.13> <FuncUnit> <Opcode : 'add' 'sub'> <InPorts = 2> <OutPorts = 1>
ST_8 : Operation 1229 [1/1] (2.13ns)   --->   "%sub_ln144_45 = sub i15 0, i15 %sext_ln144_90" [firmware/nnet_utils/nnet_dense_resource.h:144]   --->   Operation 1229 'sub' 'sub_ln144_45' <Predicate = true> <Delay = 2.13> <CoreInst = "Adder">   --->   Core 1 'Adder' <Latency = 0> <II = 1> <Delay = 2.13> <FuncUnit> <Opcode : 'add' 'sub'> <InPorts = 2> <OutPorts = 1>
ST_8 : Operation 1230 [1/1] (2.14ns)   --->   "%icmp_ln144_45 = icmp_eq  i15 %sext_ln144_91, i15 %sub_ln144_45" [firmware/nnet_utils/nnet_dense_resource.h:144]   --->   Operation 1230 'icmp' 'icmp_ln144_45' <Predicate = true> <Delay = 2.14> <CoreInst = "Cmp">   --->   Core 9 'Cmp' <Latency = 0> <II = 1> <Delay = 2.14> <FuncUnit> <Opcode : 'seteq' 'setne' 'setle' 'setge' 'setlt' 'setgt'> <InPorts = 2> <OutPorts = 1>
ST_8 : Operation 1231 [1/1] (0.69ns)   --->   "%select_ln144_138 = select i1 %out_index, i14 0, i14 %x_36" [firmware/nnet_utils/nnet_dense_resource.h:144]   --->   Operation 1231 'select' 'select_ln144_138' <Predicate = (!out_index)> <Delay = 0.69> <CoreInst = "Sel">   --->   Core 73 'Sel' <Latency = 0> <II = 1> <Delay = 0.69> <FuncUnit> <Opcode : 'select'> <InPorts = 3> <OutPorts = 1>
ST_8 : Operation 1232 [1/1] (0.69ns)   --->   "%select_ln144_139 = select i1 %out_index, i14 %x_37, i14 0" [firmware/nnet_utils/nnet_dense_resource.h:144]   --->   Operation 1232 'select' 'select_ln144_139' <Predicate = (out_index)> <Delay = 0.69> <CoreInst = "Sel">   --->   Core 73 'Sel' <Latency = 0> <II = 1> <Delay = 0.69> <FuncUnit> <Opcode : 'select'> <InPorts = 3> <OutPorts = 1>
ST_8 : Operation 1233 [1/1] (0.00ns)   --->   "%zext_ln144_46 = zext i1 %tmp_781" [firmware/nnet_utils/nnet_dense_resource.h:144]   --->   Operation 1233 'zext' 'zext_ln144_46' <Predicate = true> <Delay = 0.00>
ST_8 : Operation 1234 [1/1] (2.13ns)   --->   "%add_ln144_92 = add i14 %trunc_ln144_46, i14 %zext_ln144_46" [firmware/nnet_utils/nnet_dense_resource.h:144]   --->   Operation 1234 'add' 'add_ln144_92' <Predicate = true> <Delay = 2.13> <CoreInst = "Adder">   --->   Core 1 'Adder' <Latency = 0> <II = 1> <Delay = 2.13> <FuncUnit> <Opcode : 'add' 'sub'> <InPorts = 2> <OutPorts = 1>
ST_8 : Operation 1235 [1/1] (0.69ns)   --->   "%select_ln144_140 = select i1 %out_index, i14 %x_34, i14 %x_35" [firmware/nnet_utils/nnet_dense_resource.h:144]   --->   Operation 1235 'select' 'select_ln144_140' <Predicate = true> <Delay = 0.69> <CoreInst = "Sel">   --->   Core 73 'Sel' <Latency = 0> <II = 1> <Delay = 0.69> <FuncUnit> <Opcode : 'select'> <InPorts = 3> <OutPorts = 1>
ST_8 : Operation 1236 [1/1] (0.00ns)   --->   "%sext_ln144_92 = sext i14 %select_ln144_140" [firmware/nnet_utils/nnet_dense_resource.h:144]   --->   Operation 1236 'sext' 'sext_ln144_92' <Predicate = true> <Delay = 0.00>
ST_8 : Operation 1237 [1/1] (0.00ns)   --->   "%sext_ln144_93 = sext i14 %add_ln144_92" [firmware/nnet_utils/nnet_dense_resource.h:144]   --->   Operation 1237 'sext' 'sext_ln144_93' <Predicate = true> <Delay = 0.00>
ST_8 : Operation 1238 [1/1] (2.13ns)   --->   "%acc_267 = add i14 %add_ln144_92, i14 %select_ln144_140" [firmware/nnet_utils/nnet_dense_resource.h:144]   --->   Operation 1238 'add' 'acc_267' <Predicate = true> <Delay = 2.13> <CoreInst = "Adder">   --->   Core 1 'Adder' <Latency = 0> <II = 1> <Delay = 2.13> <FuncUnit> <Opcode : 'add' 'sub'> <InPorts = 2> <OutPorts = 1>
ST_8 : Operation 1239 [1/1] (2.13ns)   --->   "%sub_ln144_46 = sub i15 0, i15 %sext_ln144_92" [firmware/nnet_utils/nnet_dense_resource.h:144]   --->   Operation 1239 'sub' 'sub_ln144_46' <Predicate = true> <Delay = 2.13> <CoreInst = "Adder">   --->   Core 1 'Adder' <Latency = 0> <II = 1> <Delay = 2.13> <FuncUnit> <Opcode : 'add' 'sub'> <InPorts = 2> <OutPorts = 1>
ST_8 : Operation 1240 [1/1] (2.14ns)   --->   "%icmp_ln144_46 = icmp_eq  i15 %sext_ln144_93, i15 %sub_ln144_46" [firmware/nnet_utils/nnet_dense_resource.h:144]   --->   Operation 1240 'icmp' 'icmp_ln144_46' <Predicate = true> <Delay = 2.14> <CoreInst = "Cmp">   --->   Core 9 'Cmp' <Latency = 0> <II = 1> <Delay = 2.14> <FuncUnit> <Opcode : 'seteq' 'setne' 'setle' 'setge' 'setlt' 'setgt'> <InPorts = 2> <OutPorts = 1>
ST_8 : Operation 1241 [1/1] (0.69ns)   --->   "%select_ln144_141 = select i1 %out_index, i14 0, i14 %x_34" [firmware/nnet_utils/nnet_dense_resource.h:144]   --->   Operation 1241 'select' 'select_ln144_141' <Predicate = (!out_index)> <Delay = 0.69> <CoreInst = "Sel">   --->   Core 73 'Sel' <Latency = 0> <II = 1> <Delay = 0.69> <FuncUnit> <Opcode : 'select'> <InPorts = 3> <OutPorts = 1>
ST_8 : Operation 1242 [1/1] (0.69ns)   --->   "%select_ln144_142 = select i1 %out_index, i14 %x_35, i14 0" [firmware/nnet_utils/nnet_dense_resource.h:144]   --->   Operation 1242 'select' 'select_ln144_142' <Predicate = (out_index)> <Delay = 0.69> <CoreInst = "Sel">   --->   Core 73 'Sel' <Latency = 0> <II = 1> <Delay = 0.69> <FuncUnit> <Opcode : 'select'> <InPorts = 3> <OutPorts = 1>
ST_8 : Operation 1243 [1/1] (0.00ns)   --->   "%zext_ln144_47 = zext i1 %tmp_782" [firmware/nnet_utils/nnet_dense_resource.h:144]   --->   Operation 1243 'zext' 'zext_ln144_47' <Predicate = true> <Delay = 0.00>
ST_8 : Operation 1244 [1/1] (2.13ns)   --->   "%add_ln144_94 = add i14 %trunc_ln144_47, i14 %zext_ln144_47" [firmware/nnet_utils/nnet_dense_resource.h:144]   --->   Operation 1244 'add' 'add_ln144_94' <Predicate = true> <Delay = 2.13> <CoreInst = "Adder">   --->   Core 1 'Adder' <Latency = 0> <II = 1> <Delay = 2.13> <FuncUnit> <Opcode : 'add' 'sub'> <InPorts = 2> <OutPorts = 1>
ST_8 : Operation 1245 [1/1] (0.69ns)   --->   "%select_ln144_143 = select i1 %out_index, i14 %x_32, i14 %x_33" [firmware/nnet_utils/nnet_dense_resource.h:144]   --->   Operation 1245 'select' 'select_ln144_143' <Predicate = true> <Delay = 0.69> <CoreInst = "Sel">   --->   Core 73 'Sel' <Latency = 0> <II = 1> <Delay = 0.69> <FuncUnit> <Opcode : 'select'> <InPorts = 3> <OutPorts = 1>
ST_8 : Operation 1246 [1/1] (0.00ns)   --->   "%sext_ln144_94 = sext i14 %select_ln144_143" [firmware/nnet_utils/nnet_dense_resource.h:144]   --->   Operation 1246 'sext' 'sext_ln144_94' <Predicate = true> <Delay = 0.00>
ST_8 : Operation 1247 [1/1] (0.00ns)   --->   "%sext_ln144_95 = sext i14 %add_ln144_94" [firmware/nnet_utils/nnet_dense_resource.h:144]   --->   Operation 1247 'sext' 'sext_ln144_95' <Predicate = true> <Delay = 0.00>
ST_8 : Operation 1248 [1/1] (2.13ns)   --->   "%acc_270 = add i14 %add_ln144_94, i14 %select_ln144_143" [firmware/nnet_utils/nnet_dense_resource.h:144]   --->   Operation 1248 'add' 'acc_270' <Predicate = true> <Delay = 2.13> <CoreInst = "Adder">   --->   Core 1 'Adder' <Latency = 0> <II = 1> <Delay = 2.13> <FuncUnit> <Opcode : 'add' 'sub'> <InPorts = 2> <OutPorts = 1>
ST_8 : Operation 1249 [1/1] (2.13ns)   --->   "%sub_ln144_47 = sub i15 0, i15 %sext_ln144_94" [firmware/nnet_utils/nnet_dense_resource.h:144]   --->   Operation 1249 'sub' 'sub_ln144_47' <Predicate = true> <Delay = 2.13> <CoreInst = "Adder">   --->   Core 1 'Adder' <Latency = 0> <II = 1> <Delay = 2.13> <FuncUnit> <Opcode : 'add' 'sub'> <InPorts = 2> <OutPorts = 1>
ST_8 : Operation 1250 [1/1] (2.14ns)   --->   "%icmp_ln144_47 = icmp_eq  i15 %sext_ln144_95, i15 %sub_ln144_47" [firmware/nnet_utils/nnet_dense_resource.h:144]   --->   Operation 1250 'icmp' 'icmp_ln144_47' <Predicate = true> <Delay = 2.14> <CoreInst = "Cmp">   --->   Core 9 'Cmp' <Latency = 0> <II = 1> <Delay = 2.14> <FuncUnit> <Opcode : 'seteq' 'setne' 'setle' 'setge' 'setlt' 'setgt'> <InPorts = 2> <OutPorts = 1>
ST_8 : Operation 1251 [1/1] (0.69ns)   --->   "%select_ln144_144 = select i1 %out_index, i14 0, i14 %x_32" [firmware/nnet_utils/nnet_dense_resource.h:144]   --->   Operation 1251 'select' 'select_ln144_144' <Predicate = (!out_index)> <Delay = 0.69> <CoreInst = "Sel">   --->   Core 73 'Sel' <Latency = 0> <II = 1> <Delay = 0.69> <FuncUnit> <Opcode : 'select'> <InPorts = 3> <OutPorts = 1>
ST_8 : Operation 1252 [1/1] (0.69ns)   --->   "%select_ln144_145 = select i1 %out_index, i14 %x_33, i14 0" [firmware/nnet_utils/nnet_dense_resource.h:144]   --->   Operation 1252 'select' 'select_ln144_145' <Predicate = (out_index)> <Delay = 0.69> <CoreInst = "Sel">   --->   Core 73 'Sel' <Latency = 0> <II = 1> <Delay = 0.69> <FuncUnit> <Opcode : 'select'> <InPorts = 3> <OutPorts = 1>
ST_8 : Operation 1253 [1/1] (0.00ns)   --->   "%zext_ln144_48 = zext i1 %tmp_783" [firmware/nnet_utils/nnet_dense_resource.h:144]   --->   Operation 1253 'zext' 'zext_ln144_48' <Predicate = true> <Delay = 0.00>
ST_8 : Operation 1254 [1/1] (2.13ns)   --->   "%add_ln144_96 = add i14 %trunc_ln144_48, i14 %zext_ln144_48" [firmware/nnet_utils/nnet_dense_resource.h:144]   --->   Operation 1254 'add' 'add_ln144_96' <Predicate = true> <Delay = 2.13> <CoreInst = "Adder">   --->   Core 1 'Adder' <Latency = 0> <II = 1> <Delay = 2.13> <FuncUnit> <Opcode : 'add' 'sub'> <InPorts = 2> <OutPorts = 1>
ST_8 : Operation 1255 [1/1] (0.69ns)   --->   "%select_ln144_146 = select i1 %out_index, i14 %x_30, i14 %x_31" [firmware/nnet_utils/nnet_dense_resource.h:144]   --->   Operation 1255 'select' 'select_ln144_146' <Predicate = true> <Delay = 0.69> <CoreInst = "Sel">   --->   Core 73 'Sel' <Latency = 0> <II = 1> <Delay = 0.69> <FuncUnit> <Opcode : 'select'> <InPorts = 3> <OutPorts = 1>
ST_8 : Operation 1256 [1/1] (0.00ns)   --->   "%sext_ln144_96 = sext i14 %select_ln144_146" [firmware/nnet_utils/nnet_dense_resource.h:144]   --->   Operation 1256 'sext' 'sext_ln144_96' <Predicate = true> <Delay = 0.00>
ST_8 : Operation 1257 [1/1] (0.00ns)   --->   "%sext_ln144_97 = sext i14 %add_ln144_96" [firmware/nnet_utils/nnet_dense_resource.h:144]   --->   Operation 1257 'sext' 'sext_ln144_97' <Predicate = true> <Delay = 0.00>
ST_8 : Operation 1258 [1/1] (2.13ns)   --->   "%acc_273 = add i14 %add_ln144_96, i14 %select_ln144_146" [firmware/nnet_utils/nnet_dense_resource.h:144]   --->   Operation 1258 'add' 'acc_273' <Predicate = true> <Delay = 2.13> <CoreInst = "Adder">   --->   Core 1 'Adder' <Latency = 0> <II = 1> <Delay = 2.13> <FuncUnit> <Opcode : 'add' 'sub'> <InPorts = 2> <OutPorts = 1>
ST_8 : Operation 1259 [1/1] (2.13ns)   --->   "%sub_ln144_48 = sub i15 0, i15 %sext_ln144_96" [firmware/nnet_utils/nnet_dense_resource.h:144]   --->   Operation 1259 'sub' 'sub_ln144_48' <Predicate = true> <Delay = 2.13> <CoreInst = "Adder">   --->   Core 1 'Adder' <Latency = 0> <II = 1> <Delay = 2.13> <FuncUnit> <Opcode : 'add' 'sub'> <InPorts = 2> <OutPorts = 1>
ST_8 : Operation 1260 [1/1] (2.14ns)   --->   "%icmp_ln144_48 = icmp_eq  i15 %sext_ln144_97, i15 %sub_ln144_48" [firmware/nnet_utils/nnet_dense_resource.h:144]   --->   Operation 1260 'icmp' 'icmp_ln144_48' <Predicate = true> <Delay = 2.14> <CoreInst = "Cmp">   --->   Core 9 'Cmp' <Latency = 0> <II = 1> <Delay = 2.14> <FuncUnit> <Opcode : 'seteq' 'setne' 'setle' 'setge' 'setlt' 'setgt'> <InPorts = 2> <OutPorts = 1>
ST_8 : Operation 1261 [1/1] (0.69ns)   --->   "%select_ln144_147 = select i1 %out_index, i14 0, i14 %x_30" [firmware/nnet_utils/nnet_dense_resource.h:144]   --->   Operation 1261 'select' 'select_ln144_147' <Predicate = (!out_index)> <Delay = 0.69> <CoreInst = "Sel">   --->   Core 73 'Sel' <Latency = 0> <II = 1> <Delay = 0.69> <FuncUnit> <Opcode : 'select'> <InPorts = 3> <OutPorts = 1>
ST_8 : Operation 1262 [1/1] (0.69ns)   --->   "%select_ln144_148 = select i1 %out_index, i14 %x_31, i14 0" [firmware/nnet_utils/nnet_dense_resource.h:144]   --->   Operation 1262 'select' 'select_ln144_148' <Predicate = (out_index)> <Delay = 0.69> <CoreInst = "Sel">   --->   Core 73 'Sel' <Latency = 0> <II = 1> <Delay = 0.69> <FuncUnit> <Opcode : 'select'> <InPorts = 3> <OutPorts = 1>
ST_8 : Operation 1263 [1/1] (0.00ns)   --->   "%zext_ln144_49 = zext i1 %tmp_784" [firmware/nnet_utils/nnet_dense_resource.h:144]   --->   Operation 1263 'zext' 'zext_ln144_49' <Predicate = true> <Delay = 0.00>
ST_8 : Operation 1264 [1/1] (2.13ns)   --->   "%add_ln144_98 = add i14 %trunc_ln144_49, i14 %zext_ln144_49" [firmware/nnet_utils/nnet_dense_resource.h:144]   --->   Operation 1264 'add' 'add_ln144_98' <Predicate = true> <Delay = 2.13> <CoreInst = "Adder">   --->   Core 1 'Adder' <Latency = 0> <II = 1> <Delay = 2.13> <FuncUnit> <Opcode : 'add' 'sub'> <InPorts = 2> <OutPorts = 1>
ST_8 : Operation 1265 [1/1] (0.69ns)   --->   "%select_ln144_149 = select i1 %out_index, i14 %x_28, i14 %x_29" [firmware/nnet_utils/nnet_dense_resource.h:144]   --->   Operation 1265 'select' 'select_ln144_149' <Predicate = true> <Delay = 0.69> <CoreInst = "Sel">   --->   Core 73 'Sel' <Latency = 0> <II = 1> <Delay = 0.69> <FuncUnit> <Opcode : 'select'> <InPorts = 3> <OutPorts = 1>
ST_8 : Operation 1266 [1/1] (0.00ns)   --->   "%sext_ln144_98 = sext i14 %select_ln144_149" [firmware/nnet_utils/nnet_dense_resource.h:144]   --->   Operation 1266 'sext' 'sext_ln144_98' <Predicate = true> <Delay = 0.00>
ST_8 : Operation 1267 [1/1] (0.00ns)   --->   "%sext_ln144_99 = sext i14 %add_ln144_98" [firmware/nnet_utils/nnet_dense_resource.h:144]   --->   Operation 1267 'sext' 'sext_ln144_99' <Predicate = true> <Delay = 0.00>
ST_8 : Operation 1268 [1/1] (2.13ns)   --->   "%acc_276 = add i14 %add_ln144_98, i14 %select_ln144_149" [firmware/nnet_utils/nnet_dense_resource.h:144]   --->   Operation 1268 'add' 'acc_276' <Predicate = true> <Delay = 2.13> <CoreInst = "Adder">   --->   Core 1 'Adder' <Latency = 0> <II = 1> <Delay = 2.13> <FuncUnit> <Opcode : 'add' 'sub'> <InPorts = 2> <OutPorts = 1>
ST_8 : Operation 1269 [1/1] (2.13ns)   --->   "%sub_ln144_49 = sub i15 0, i15 %sext_ln144_98" [firmware/nnet_utils/nnet_dense_resource.h:144]   --->   Operation 1269 'sub' 'sub_ln144_49' <Predicate = true> <Delay = 2.13> <CoreInst = "Adder">   --->   Core 1 'Adder' <Latency = 0> <II = 1> <Delay = 2.13> <FuncUnit> <Opcode : 'add' 'sub'> <InPorts = 2> <OutPorts = 1>
ST_8 : Operation 1270 [1/1] (2.14ns)   --->   "%icmp_ln144_49 = icmp_eq  i15 %sext_ln144_99, i15 %sub_ln144_49" [firmware/nnet_utils/nnet_dense_resource.h:144]   --->   Operation 1270 'icmp' 'icmp_ln144_49' <Predicate = true> <Delay = 2.14> <CoreInst = "Cmp">   --->   Core 9 'Cmp' <Latency = 0> <II = 1> <Delay = 2.14> <FuncUnit> <Opcode : 'seteq' 'setne' 'setle' 'setge' 'setlt' 'setgt'> <InPorts = 2> <OutPorts = 1>
ST_8 : Operation 1271 [1/1] (0.69ns)   --->   "%select_ln144_150 = select i1 %out_index, i14 0, i14 %x_28" [firmware/nnet_utils/nnet_dense_resource.h:144]   --->   Operation 1271 'select' 'select_ln144_150' <Predicate = (!out_index)> <Delay = 0.69> <CoreInst = "Sel">   --->   Core 73 'Sel' <Latency = 0> <II = 1> <Delay = 0.69> <FuncUnit> <Opcode : 'select'> <InPorts = 3> <OutPorts = 1>
ST_8 : Operation 1272 [1/1] (0.69ns)   --->   "%select_ln144_151 = select i1 %out_index, i14 %x_29, i14 0" [firmware/nnet_utils/nnet_dense_resource.h:144]   --->   Operation 1272 'select' 'select_ln144_151' <Predicate = (out_index)> <Delay = 0.69> <CoreInst = "Sel">   --->   Core 73 'Sel' <Latency = 0> <II = 1> <Delay = 0.69> <FuncUnit> <Opcode : 'select'> <InPorts = 3> <OutPorts = 1>
ST_8 : Operation 1273 [1/1] (0.00ns)   --->   "%zext_ln144_50 = zext i1 %tmp_785" [firmware/nnet_utils/nnet_dense_resource.h:144]   --->   Operation 1273 'zext' 'zext_ln144_50' <Predicate = true> <Delay = 0.00>
ST_8 : Operation 1274 [1/1] (2.13ns)   --->   "%add_ln144_100 = add i14 %trunc_ln144_50, i14 %zext_ln144_50" [firmware/nnet_utils/nnet_dense_resource.h:144]   --->   Operation 1274 'add' 'add_ln144_100' <Predicate = true> <Delay = 2.13> <CoreInst = "Adder">   --->   Core 1 'Adder' <Latency = 0> <II = 1> <Delay = 2.13> <FuncUnit> <Opcode : 'add' 'sub'> <InPorts = 2> <OutPorts = 1>
ST_8 : Operation 1275 [1/1] (0.69ns)   --->   "%select_ln144_152 = select i1 %out_index, i14 %x_26, i14 %x_27" [firmware/nnet_utils/nnet_dense_resource.h:144]   --->   Operation 1275 'select' 'select_ln144_152' <Predicate = true> <Delay = 0.69> <CoreInst = "Sel">   --->   Core 73 'Sel' <Latency = 0> <II = 1> <Delay = 0.69> <FuncUnit> <Opcode : 'select'> <InPorts = 3> <OutPorts = 1>
ST_8 : Operation 1276 [1/1] (0.00ns)   --->   "%sext_ln144_100 = sext i14 %select_ln144_152" [firmware/nnet_utils/nnet_dense_resource.h:144]   --->   Operation 1276 'sext' 'sext_ln144_100' <Predicate = true> <Delay = 0.00>
ST_8 : Operation 1277 [1/1] (0.00ns)   --->   "%sext_ln144_101 = sext i14 %add_ln144_100" [firmware/nnet_utils/nnet_dense_resource.h:144]   --->   Operation 1277 'sext' 'sext_ln144_101' <Predicate = true> <Delay = 0.00>
ST_8 : Operation 1278 [1/1] (2.13ns)   --->   "%acc_279 = add i14 %add_ln144_100, i14 %select_ln144_152" [firmware/nnet_utils/nnet_dense_resource.h:144]   --->   Operation 1278 'add' 'acc_279' <Predicate = true> <Delay = 2.13> <CoreInst = "Adder">   --->   Core 1 'Adder' <Latency = 0> <II = 1> <Delay = 2.13> <FuncUnit> <Opcode : 'add' 'sub'> <InPorts = 2> <OutPorts = 1>
ST_8 : Operation 1279 [1/1] (2.13ns)   --->   "%sub_ln144_50 = sub i15 0, i15 %sext_ln144_100" [firmware/nnet_utils/nnet_dense_resource.h:144]   --->   Operation 1279 'sub' 'sub_ln144_50' <Predicate = true> <Delay = 2.13> <CoreInst = "Adder">   --->   Core 1 'Adder' <Latency = 0> <II = 1> <Delay = 2.13> <FuncUnit> <Opcode : 'add' 'sub'> <InPorts = 2> <OutPorts = 1>
ST_8 : Operation 1280 [1/1] (2.14ns)   --->   "%icmp_ln144_50 = icmp_eq  i15 %sext_ln144_101, i15 %sub_ln144_50" [firmware/nnet_utils/nnet_dense_resource.h:144]   --->   Operation 1280 'icmp' 'icmp_ln144_50' <Predicate = true> <Delay = 2.14> <CoreInst = "Cmp">   --->   Core 9 'Cmp' <Latency = 0> <II = 1> <Delay = 2.14> <FuncUnit> <Opcode : 'seteq' 'setne' 'setle' 'setge' 'setlt' 'setgt'> <InPorts = 2> <OutPorts = 1>
ST_8 : Operation 1281 [1/1] (0.69ns)   --->   "%select_ln144_153 = select i1 %out_index, i14 0, i14 %x_26" [firmware/nnet_utils/nnet_dense_resource.h:144]   --->   Operation 1281 'select' 'select_ln144_153' <Predicate = (!out_index)> <Delay = 0.69> <CoreInst = "Sel">   --->   Core 73 'Sel' <Latency = 0> <II = 1> <Delay = 0.69> <FuncUnit> <Opcode : 'select'> <InPorts = 3> <OutPorts = 1>
ST_8 : Operation 1282 [1/1] (0.69ns)   --->   "%select_ln144_154 = select i1 %out_index, i14 %x_27, i14 0" [firmware/nnet_utils/nnet_dense_resource.h:144]   --->   Operation 1282 'select' 'select_ln144_154' <Predicate = (out_index)> <Delay = 0.69> <CoreInst = "Sel">   --->   Core 73 'Sel' <Latency = 0> <II = 1> <Delay = 0.69> <FuncUnit> <Opcode : 'select'> <InPorts = 3> <OutPorts = 1>
ST_8 : Operation 1283 [1/1] (0.00ns)   --->   "%zext_ln144_51 = zext i1 %tmp_786" [firmware/nnet_utils/nnet_dense_resource.h:144]   --->   Operation 1283 'zext' 'zext_ln144_51' <Predicate = true> <Delay = 0.00>
ST_8 : Operation 1284 [1/1] (2.13ns)   --->   "%add_ln144_102 = add i14 %trunc_ln144_51, i14 %zext_ln144_51" [firmware/nnet_utils/nnet_dense_resource.h:144]   --->   Operation 1284 'add' 'add_ln144_102' <Predicate = true> <Delay = 2.13> <CoreInst = "Adder">   --->   Core 1 'Adder' <Latency = 0> <II = 1> <Delay = 2.13> <FuncUnit> <Opcode : 'add' 'sub'> <InPorts = 2> <OutPorts = 1>
ST_8 : Operation 1285 [1/1] (0.69ns)   --->   "%select_ln144_155 = select i1 %out_index, i14 %x_24, i14 %x_25" [firmware/nnet_utils/nnet_dense_resource.h:144]   --->   Operation 1285 'select' 'select_ln144_155' <Predicate = true> <Delay = 0.69> <CoreInst = "Sel">   --->   Core 73 'Sel' <Latency = 0> <II = 1> <Delay = 0.69> <FuncUnit> <Opcode : 'select'> <InPorts = 3> <OutPorts = 1>
ST_8 : Operation 1286 [1/1] (0.00ns)   --->   "%sext_ln144_102 = sext i14 %select_ln144_155" [firmware/nnet_utils/nnet_dense_resource.h:144]   --->   Operation 1286 'sext' 'sext_ln144_102' <Predicate = true> <Delay = 0.00>
ST_8 : Operation 1287 [1/1] (0.00ns)   --->   "%sext_ln144_103 = sext i14 %add_ln144_102" [firmware/nnet_utils/nnet_dense_resource.h:144]   --->   Operation 1287 'sext' 'sext_ln144_103' <Predicate = true> <Delay = 0.00>
ST_8 : Operation 1288 [1/1] (2.13ns)   --->   "%acc_282 = add i14 %add_ln144_102, i14 %select_ln144_155" [firmware/nnet_utils/nnet_dense_resource.h:144]   --->   Operation 1288 'add' 'acc_282' <Predicate = true> <Delay = 2.13> <CoreInst = "Adder">   --->   Core 1 'Adder' <Latency = 0> <II = 1> <Delay = 2.13> <FuncUnit> <Opcode : 'add' 'sub'> <InPorts = 2> <OutPorts = 1>
ST_8 : Operation 1289 [1/1] (2.13ns)   --->   "%sub_ln144_51 = sub i15 0, i15 %sext_ln144_102" [firmware/nnet_utils/nnet_dense_resource.h:144]   --->   Operation 1289 'sub' 'sub_ln144_51' <Predicate = true> <Delay = 2.13> <CoreInst = "Adder">   --->   Core 1 'Adder' <Latency = 0> <II = 1> <Delay = 2.13> <FuncUnit> <Opcode : 'add' 'sub'> <InPorts = 2> <OutPorts = 1>
ST_8 : Operation 1290 [1/1] (2.14ns)   --->   "%icmp_ln144_51 = icmp_eq  i15 %sext_ln144_103, i15 %sub_ln144_51" [firmware/nnet_utils/nnet_dense_resource.h:144]   --->   Operation 1290 'icmp' 'icmp_ln144_51' <Predicate = true> <Delay = 2.14> <CoreInst = "Cmp">   --->   Core 9 'Cmp' <Latency = 0> <II = 1> <Delay = 2.14> <FuncUnit> <Opcode : 'seteq' 'setne' 'setle' 'setge' 'setlt' 'setgt'> <InPorts = 2> <OutPorts = 1>
ST_8 : Operation 1291 [1/1] (0.69ns)   --->   "%select_ln144_156 = select i1 %out_index, i14 0, i14 %x_24" [firmware/nnet_utils/nnet_dense_resource.h:144]   --->   Operation 1291 'select' 'select_ln144_156' <Predicate = (!out_index)> <Delay = 0.69> <CoreInst = "Sel">   --->   Core 73 'Sel' <Latency = 0> <II = 1> <Delay = 0.69> <FuncUnit> <Opcode : 'select'> <InPorts = 3> <OutPorts = 1>
ST_8 : Operation 1292 [1/1] (0.69ns)   --->   "%select_ln144_157 = select i1 %out_index, i14 %x_25, i14 0" [firmware/nnet_utils/nnet_dense_resource.h:144]   --->   Operation 1292 'select' 'select_ln144_157' <Predicate = (out_index)> <Delay = 0.69> <CoreInst = "Sel">   --->   Core 73 'Sel' <Latency = 0> <II = 1> <Delay = 0.69> <FuncUnit> <Opcode : 'select'> <InPorts = 3> <OutPorts = 1>
ST_8 : Operation 1293 [1/1] (0.00ns)   --->   "%zext_ln144_52 = zext i1 %tmp_787" [firmware/nnet_utils/nnet_dense_resource.h:144]   --->   Operation 1293 'zext' 'zext_ln144_52' <Predicate = true> <Delay = 0.00>
ST_8 : Operation 1294 [1/1] (2.13ns)   --->   "%add_ln144_104 = add i14 %trunc_ln144_52, i14 %zext_ln144_52" [firmware/nnet_utils/nnet_dense_resource.h:144]   --->   Operation 1294 'add' 'add_ln144_104' <Predicate = true> <Delay = 2.13> <CoreInst = "Adder">   --->   Core 1 'Adder' <Latency = 0> <II = 1> <Delay = 2.13> <FuncUnit> <Opcode : 'add' 'sub'> <InPorts = 2> <OutPorts = 1>
ST_8 : Operation 1295 [1/1] (0.69ns)   --->   "%select_ln144_158 = select i1 %out_index, i14 %x_22, i14 %x_23" [firmware/nnet_utils/nnet_dense_resource.h:144]   --->   Operation 1295 'select' 'select_ln144_158' <Predicate = true> <Delay = 0.69> <CoreInst = "Sel">   --->   Core 73 'Sel' <Latency = 0> <II = 1> <Delay = 0.69> <FuncUnit> <Opcode : 'select'> <InPorts = 3> <OutPorts = 1>
ST_8 : Operation 1296 [1/1] (0.00ns)   --->   "%sext_ln144_104 = sext i14 %select_ln144_158" [firmware/nnet_utils/nnet_dense_resource.h:144]   --->   Operation 1296 'sext' 'sext_ln144_104' <Predicate = true> <Delay = 0.00>
ST_8 : Operation 1297 [1/1] (0.00ns)   --->   "%sext_ln144_105 = sext i14 %add_ln144_104" [firmware/nnet_utils/nnet_dense_resource.h:144]   --->   Operation 1297 'sext' 'sext_ln144_105' <Predicate = true> <Delay = 0.00>
ST_8 : Operation 1298 [1/1] (2.13ns)   --->   "%acc_285 = add i14 %add_ln144_104, i14 %select_ln144_158" [firmware/nnet_utils/nnet_dense_resource.h:144]   --->   Operation 1298 'add' 'acc_285' <Predicate = true> <Delay = 2.13> <CoreInst = "Adder">   --->   Core 1 'Adder' <Latency = 0> <II = 1> <Delay = 2.13> <FuncUnit> <Opcode : 'add' 'sub'> <InPorts = 2> <OutPorts = 1>
ST_8 : Operation 1299 [1/1] (2.13ns)   --->   "%sub_ln144_52 = sub i15 0, i15 %sext_ln144_104" [firmware/nnet_utils/nnet_dense_resource.h:144]   --->   Operation 1299 'sub' 'sub_ln144_52' <Predicate = true> <Delay = 2.13> <CoreInst = "Adder">   --->   Core 1 'Adder' <Latency = 0> <II = 1> <Delay = 2.13> <FuncUnit> <Opcode : 'add' 'sub'> <InPorts = 2> <OutPorts = 1>
ST_8 : Operation 1300 [1/1] (2.14ns)   --->   "%icmp_ln144_52 = icmp_eq  i15 %sext_ln144_105, i15 %sub_ln144_52" [firmware/nnet_utils/nnet_dense_resource.h:144]   --->   Operation 1300 'icmp' 'icmp_ln144_52' <Predicate = true> <Delay = 2.14> <CoreInst = "Cmp">   --->   Core 9 'Cmp' <Latency = 0> <II = 1> <Delay = 2.14> <FuncUnit> <Opcode : 'seteq' 'setne' 'setle' 'setge' 'setlt' 'setgt'> <InPorts = 2> <OutPorts = 1>
ST_8 : Operation 1301 [1/1] (0.69ns)   --->   "%select_ln144_159 = select i1 %out_index, i14 0, i14 %x_22" [firmware/nnet_utils/nnet_dense_resource.h:144]   --->   Operation 1301 'select' 'select_ln144_159' <Predicate = (!out_index)> <Delay = 0.69> <CoreInst = "Sel">   --->   Core 73 'Sel' <Latency = 0> <II = 1> <Delay = 0.69> <FuncUnit> <Opcode : 'select'> <InPorts = 3> <OutPorts = 1>
ST_8 : Operation 1302 [1/1] (0.69ns)   --->   "%select_ln144_160 = select i1 %out_index, i14 %x_23, i14 0" [firmware/nnet_utils/nnet_dense_resource.h:144]   --->   Operation 1302 'select' 'select_ln144_160' <Predicate = (out_index)> <Delay = 0.69> <CoreInst = "Sel">   --->   Core 73 'Sel' <Latency = 0> <II = 1> <Delay = 0.69> <FuncUnit> <Opcode : 'select'> <InPorts = 3> <OutPorts = 1>
ST_8 : Operation 1303 [1/1] (0.00ns)   --->   "%zext_ln144_53 = zext i1 %tmp_788" [firmware/nnet_utils/nnet_dense_resource.h:144]   --->   Operation 1303 'zext' 'zext_ln144_53' <Predicate = true> <Delay = 0.00>
ST_8 : Operation 1304 [1/1] (2.13ns)   --->   "%add_ln144_106 = add i14 %trunc_ln144_53, i14 %zext_ln144_53" [firmware/nnet_utils/nnet_dense_resource.h:144]   --->   Operation 1304 'add' 'add_ln144_106' <Predicate = true> <Delay = 2.13> <CoreInst = "Adder">   --->   Core 1 'Adder' <Latency = 0> <II = 1> <Delay = 2.13> <FuncUnit> <Opcode : 'add' 'sub'> <InPorts = 2> <OutPorts = 1>
ST_8 : Operation 1305 [1/1] (0.69ns)   --->   "%select_ln144_161 = select i1 %out_index, i14 %x_20, i14 %x_21" [firmware/nnet_utils/nnet_dense_resource.h:144]   --->   Operation 1305 'select' 'select_ln144_161' <Predicate = true> <Delay = 0.69> <CoreInst = "Sel">   --->   Core 73 'Sel' <Latency = 0> <II = 1> <Delay = 0.69> <FuncUnit> <Opcode : 'select'> <InPorts = 3> <OutPorts = 1>
ST_8 : Operation 1306 [1/1] (0.00ns)   --->   "%sext_ln144_106 = sext i14 %select_ln144_161" [firmware/nnet_utils/nnet_dense_resource.h:144]   --->   Operation 1306 'sext' 'sext_ln144_106' <Predicate = true> <Delay = 0.00>
ST_8 : Operation 1307 [1/1] (0.00ns)   --->   "%sext_ln144_107 = sext i14 %add_ln144_106" [firmware/nnet_utils/nnet_dense_resource.h:144]   --->   Operation 1307 'sext' 'sext_ln144_107' <Predicate = true> <Delay = 0.00>
ST_8 : Operation 1308 [1/1] (2.13ns)   --->   "%acc_288 = add i14 %add_ln144_106, i14 %select_ln144_161" [firmware/nnet_utils/nnet_dense_resource.h:144]   --->   Operation 1308 'add' 'acc_288' <Predicate = true> <Delay = 2.13> <CoreInst = "Adder">   --->   Core 1 'Adder' <Latency = 0> <II = 1> <Delay = 2.13> <FuncUnit> <Opcode : 'add' 'sub'> <InPorts = 2> <OutPorts = 1>
ST_8 : Operation 1309 [1/1] (2.13ns)   --->   "%sub_ln144_53 = sub i15 0, i15 %sext_ln144_106" [firmware/nnet_utils/nnet_dense_resource.h:144]   --->   Operation 1309 'sub' 'sub_ln144_53' <Predicate = true> <Delay = 2.13> <CoreInst = "Adder">   --->   Core 1 'Adder' <Latency = 0> <II = 1> <Delay = 2.13> <FuncUnit> <Opcode : 'add' 'sub'> <InPorts = 2> <OutPorts = 1>
ST_8 : Operation 1310 [1/1] (2.14ns)   --->   "%icmp_ln144_53 = icmp_eq  i15 %sext_ln144_107, i15 %sub_ln144_53" [firmware/nnet_utils/nnet_dense_resource.h:144]   --->   Operation 1310 'icmp' 'icmp_ln144_53' <Predicate = true> <Delay = 2.14> <CoreInst = "Cmp">   --->   Core 9 'Cmp' <Latency = 0> <II = 1> <Delay = 2.14> <FuncUnit> <Opcode : 'seteq' 'setne' 'setle' 'setge' 'setlt' 'setgt'> <InPorts = 2> <OutPorts = 1>
ST_8 : Operation 1311 [1/1] (0.69ns)   --->   "%select_ln144_162 = select i1 %out_index, i14 0, i14 %x_20" [firmware/nnet_utils/nnet_dense_resource.h:144]   --->   Operation 1311 'select' 'select_ln144_162' <Predicate = (!out_index)> <Delay = 0.69> <CoreInst = "Sel">   --->   Core 73 'Sel' <Latency = 0> <II = 1> <Delay = 0.69> <FuncUnit> <Opcode : 'select'> <InPorts = 3> <OutPorts = 1>
ST_8 : Operation 1312 [1/1] (0.69ns)   --->   "%select_ln144_163 = select i1 %out_index, i14 %x_21, i14 0" [firmware/nnet_utils/nnet_dense_resource.h:144]   --->   Operation 1312 'select' 'select_ln144_163' <Predicate = (out_index)> <Delay = 0.69> <CoreInst = "Sel">   --->   Core 73 'Sel' <Latency = 0> <II = 1> <Delay = 0.69> <FuncUnit> <Opcode : 'select'> <InPorts = 3> <OutPorts = 1>
ST_8 : Operation 1313 [1/1] (0.00ns)   --->   "%zext_ln144_54 = zext i1 %tmp_789" [firmware/nnet_utils/nnet_dense_resource.h:144]   --->   Operation 1313 'zext' 'zext_ln144_54' <Predicate = true> <Delay = 0.00>
ST_8 : Operation 1314 [1/1] (2.13ns)   --->   "%add_ln144_108 = add i14 %trunc_ln144_54, i14 %zext_ln144_54" [firmware/nnet_utils/nnet_dense_resource.h:144]   --->   Operation 1314 'add' 'add_ln144_108' <Predicate = true> <Delay = 2.13> <CoreInst = "Adder">   --->   Core 1 'Adder' <Latency = 0> <II = 1> <Delay = 2.13> <FuncUnit> <Opcode : 'add' 'sub'> <InPorts = 2> <OutPorts = 1>
ST_8 : Operation 1315 [1/1] (0.69ns)   --->   "%select_ln144_164 = select i1 %out_index, i14 %x_18, i14 %x_19" [firmware/nnet_utils/nnet_dense_resource.h:144]   --->   Operation 1315 'select' 'select_ln144_164' <Predicate = true> <Delay = 0.69> <CoreInst = "Sel">   --->   Core 73 'Sel' <Latency = 0> <II = 1> <Delay = 0.69> <FuncUnit> <Opcode : 'select'> <InPorts = 3> <OutPorts = 1>
ST_8 : Operation 1316 [1/1] (0.00ns)   --->   "%sext_ln144_108 = sext i14 %select_ln144_164" [firmware/nnet_utils/nnet_dense_resource.h:144]   --->   Operation 1316 'sext' 'sext_ln144_108' <Predicate = true> <Delay = 0.00>
ST_8 : Operation 1317 [1/1] (0.00ns)   --->   "%sext_ln144_109 = sext i14 %add_ln144_108" [firmware/nnet_utils/nnet_dense_resource.h:144]   --->   Operation 1317 'sext' 'sext_ln144_109' <Predicate = true> <Delay = 0.00>
ST_8 : Operation 1318 [1/1] (2.13ns)   --->   "%acc_291 = add i14 %add_ln144_108, i14 %select_ln144_164" [firmware/nnet_utils/nnet_dense_resource.h:144]   --->   Operation 1318 'add' 'acc_291' <Predicate = true> <Delay = 2.13> <CoreInst = "Adder">   --->   Core 1 'Adder' <Latency = 0> <II = 1> <Delay = 2.13> <FuncUnit> <Opcode : 'add' 'sub'> <InPorts = 2> <OutPorts = 1>
ST_8 : Operation 1319 [1/1] (2.13ns)   --->   "%sub_ln144_54 = sub i15 0, i15 %sext_ln144_108" [firmware/nnet_utils/nnet_dense_resource.h:144]   --->   Operation 1319 'sub' 'sub_ln144_54' <Predicate = true> <Delay = 2.13> <CoreInst = "Adder">   --->   Core 1 'Adder' <Latency = 0> <II = 1> <Delay = 2.13> <FuncUnit> <Opcode : 'add' 'sub'> <InPorts = 2> <OutPorts = 1>
ST_8 : Operation 1320 [1/1] (2.14ns)   --->   "%icmp_ln144_54 = icmp_eq  i15 %sext_ln144_109, i15 %sub_ln144_54" [firmware/nnet_utils/nnet_dense_resource.h:144]   --->   Operation 1320 'icmp' 'icmp_ln144_54' <Predicate = true> <Delay = 2.14> <CoreInst = "Cmp">   --->   Core 9 'Cmp' <Latency = 0> <II = 1> <Delay = 2.14> <FuncUnit> <Opcode : 'seteq' 'setne' 'setle' 'setge' 'setlt' 'setgt'> <InPorts = 2> <OutPorts = 1>
ST_8 : Operation 1321 [1/1] (0.69ns)   --->   "%select_ln144_165 = select i1 %out_index, i14 0, i14 %x_18" [firmware/nnet_utils/nnet_dense_resource.h:144]   --->   Operation 1321 'select' 'select_ln144_165' <Predicate = (!out_index)> <Delay = 0.69> <CoreInst = "Sel">   --->   Core 73 'Sel' <Latency = 0> <II = 1> <Delay = 0.69> <FuncUnit> <Opcode : 'select'> <InPorts = 3> <OutPorts = 1>
ST_8 : Operation 1322 [1/1] (0.69ns)   --->   "%select_ln144_166 = select i1 %out_index, i14 %x_19, i14 0" [firmware/nnet_utils/nnet_dense_resource.h:144]   --->   Operation 1322 'select' 'select_ln144_166' <Predicate = (out_index)> <Delay = 0.69> <CoreInst = "Sel">   --->   Core 73 'Sel' <Latency = 0> <II = 1> <Delay = 0.69> <FuncUnit> <Opcode : 'select'> <InPorts = 3> <OutPorts = 1>
ST_8 : Operation 1323 [1/1] (0.00ns)   --->   "%zext_ln144_55 = zext i1 %tmp_790" [firmware/nnet_utils/nnet_dense_resource.h:144]   --->   Operation 1323 'zext' 'zext_ln144_55' <Predicate = true> <Delay = 0.00>
ST_8 : Operation 1324 [1/1] (2.13ns)   --->   "%add_ln144_110 = add i14 %trunc_ln144_55, i14 %zext_ln144_55" [firmware/nnet_utils/nnet_dense_resource.h:144]   --->   Operation 1324 'add' 'add_ln144_110' <Predicate = true> <Delay = 2.13> <CoreInst = "Adder">   --->   Core 1 'Adder' <Latency = 0> <II = 1> <Delay = 2.13> <FuncUnit> <Opcode : 'add' 'sub'> <InPorts = 2> <OutPorts = 1>
ST_8 : Operation 1325 [1/1] (0.69ns)   --->   "%select_ln144_167 = select i1 %out_index, i14 %x_16, i14 %x_17" [firmware/nnet_utils/nnet_dense_resource.h:144]   --->   Operation 1325 'select' 'select_ln144_167' <Predicate = true> <Delay = 0.69> <CoreInst = "Sel">   --->   Core 73 'Sel' <Latency = 0> <II = 1> <Delay = 0.69> <FuncUnit> <Opcode : 'select'> <InPorts = 3> <OutPorts = 1>
ST_8 : Operation 1326 [1/1] (0.00ns)   --->   "%sext_ln144_110 = sext i14 %select_ln144_167" [firmware/nnet_utils/nnet_dense_resource.h:144]   --->   Operation 1326 'sext' 'sext_ln144_110' <Predicate = true> <Delay = 0.00>
ST_8 : Operation 1327 [1/1] (0.00ns)   --->   "%sext_ln144_111 = sext i14 %add_ln144_110" [firmware/nnet_utils/nnet_dense_resource.h:144]   --->   Operation 1327 'sext' 'sext_ln144_111' <Predicate = true> <Delay = 0.00>
ST_8 : Operation 1328 [1/1] (2.13ns)   --->   "%acc_294 = add i14 %add_ln144_110, i14 %select_ln144_167" [firmware/nnet_utils/nnet_dense_resource.h:144]   --->   Operation 1328 'add' 'acc_294' <Predicate = true> <Delay = 2.13> <CoreInst = "Adder">   --->   Core 1 'Adder' <Latency = 0> <II = 1> <Delay = 2.13> <FuncUnit> <Opcode : 'add' 'sub'> <InPorts = 2> <OutPorts = 1>
ST_8 : Operation 1329 [1/1] (2.13ns)   --->   "%sub_ln144_55 = sub i15 0, i15 %sext_ln144_110" [firmware/nnet_utils/nnet_dense_resource.h:144]   --->   Operation 1329 'sub' 'sub_ln144_55' <Predicate = true> <Delay = 2.13> <CoreInst = "Adder">   --->   Core 1 'Adder' <Latency = 0> <II = 1> <Delay = 2.13> <FuncUnit> <Opcode : 'add' 'sub'> <InPorts = 2> <OutPorts = 1>
ST_8 : Operation 1330 [1/1] (2.14ns)   --->   "%icmp_ln144_55 = icmp_eq  i15 %sext_ln144_111, i15 %sub_ln144_55" [firmware/nnet_utils/nnet_dense_resource.h:144]   --->   Operation 1330 'icmp' 'icmp_ln144_55' <Predicate = true> <Delay = 2.14> <CoreInst = "Cmp">   --->   Core 9 'Cmp' <Latency = 0> <II = 1> <Delay = 2.14> <FuncUnit> <Opcode : 'seteq' 'setne' 'setle' 'setge' 'setlt' 'setgt'> <InPorts = 2> <OutPorts = 1>
ST_8 : Operation 1331 [1/1] (0.69ns)   --->   "%select_ln144_168 = select i1 %out_index, i14 0, i14 %x_16" [firmware/nnet_utils/nnet_dense_resource.h:144]   --->   Operation 1331 'select' 'select_ln144_168' <Predicate = (!out_index)> <Delay = 0.69> <CoreInst = "Sel">   --->   Core 73 'Sel' <Latency = 0> <II = 1> <Delay = 0.69> <FuncUnit> <Opcode : 'select'> <InPorts = 3> <OutPorts = 1>
ST_8 : Operation 1332 [1/1] (0.69ns)   --->   "%select_ln144_169 = select i1 %out_index, i14 %x_17, i14 0" [firmware/nnet_utils/nnet_dense_resource.h:144]   --->   Operation 1332 'select' 'select_ln144_169' <Predicate = (out_index)> <Delay = 0.69> <CoreInst = "Sel">   --->   Core 73 'Sel' <Latency = 0> <II = 1> <Delay = 0.69> <FuncUnit> <Opcode : 'select'> <InPorts = 3> <OutPorts = 1>
ST_8 : Operation 1333 [1/1] (0.00ns)   --->   "%zext_ln144_56 = zext i1 %tmp_791" [firmware/nnet_utils/nnet_dense_resource.h:144]   --->   Operation 1333 'zext' 'zext_ln144_56' <Predicate = true> <Delay = 0.00>
ST_8 : Operation 1334 [1/1] (2.13ns)   --->   "%add_ln144_112 = add i14 %trunc_ln144_56, i14 %zext_ln144_56" [firmware/nnet_utils/nnet_dense_resource.h:144]   --->   Operation 1334 'add' 'add_ln144_112' <Predicate = true> <Delay = 2.13> <CoreInst = "Adder">   --->   Core 1 'Adder' <Latency = 0> <II = 1> <Delay = 2.13> <FuncUnit> <Opcode : 'add' 'sub'> <InPorts = 2> <OutPorts = 1>
ST_8 : Operation 1335 [1/1] (0.69ns)   --->   "%select_ln144_170 = select i1 %out_index, i14 %x_14, i14 %x_15" [firmware/nnet_utils/nnet_dense_resource.h:144]   --->   Operation 1335 'select' 'select_ln144_170' <Predicate = true> <Delay = 0.69> <CoreInst = "Sel">   --->   Core 73 'Sel' <Latency = 0> <II = 1> <Delay = 0.69> <FuncUnit> <Opcode : 'select'> <InPorts = 3> <OutPorts = 1>
ST_8 : Operation 1336 [1/1] (0.00ns)   --->   "%sext_ln144_112 = sext i14 %select_ln144_170" [firmware/nnet_utils/nnet_dense_resource.h:144]   --->   Operation 1336 'sext' 'sext_ln144_112' <Predicate = true> <Delay = 0.00>
ST_8 : Operation 1337 [1/1] (0.00ns)   --->   "%sext_ln144_113 = sext i14 %add_ln144_112" [firmware/nnet_utils/nnet_dense_resource.h:144]   --->   Operation 1337 'sext' 'sext_ln144_113' <Predicate = true> <Delay = 0.00>
ST_8 : Operation 1338 [1/1] (2.13ns)   --->   "%acc_297 = add i14 %add_ln144_112, i14 %select_ln144_170" [firmware/nnet_utils/nnet_dense_resource.h:144]   --->   Operation 1338 'add' 'acc_297' <Predicate = true> <Delay = 2.13> <CoreInst = "Adder">   --->   Core 1 'Adder' <Latency = 0> <II = 1> <Delay = 2.13> <FuncUnit> <Opcode : 'add' 'sub'> <InPorts = 2> <OutPorts = 1>
ST_8 : Operation 1339 [1/1] (2.13ns)   --->   "%sub_ln144_56 = sub i15 0, i15 %sext_ln144_112" [firmware/nnet_utils/nnet_dense_resource.h:144]   --->   Operation 1339 'sub' 'sub_ln144_56' <Predicate = true> <Delay = 2.13> <CoreInst = "Adder">   --->   Core 1 'Adder' <Latency = 0> <II = 1> <Delay = 2.13> <FuncUnit> <Opcode : 'add' 'sub'> <InPorts = 2> <OutPorts = 1>
ST_8 : Operation 1340 [1/1] (2.14ns)   --->   "%icmp_ln144_56 = icmp_eq  i15 %sext_ln144_113, i15 %sub_ln144_56" [firmware/nnet_utils/nnet_dense_resource.h:144]   --->   Operation 1340 'icmp' 'icmp_ln144_56' <Predicate = true> <Delay = 2.14> <CoreInst = "Cmp">   --->   Core 9 'Cmp' <Latency = 0> <II = 1> <Delay = 2.14> <FuncUnit> <Opcode : 'seteq' 'setne' 'setle' 'setge' 'setlt' 'setgt'> <InPorts = 2> <OutPorts = 1>
ST_8 : Operation 1341 [1/1] (0.69ns)   --->   "%select_ln144_171 = select i1 %out_index, i14 0, i14 %x_14" [firmware/nnet_utils/nnet_dense_resource.h:144]   --->   Operation 1341 'select' 'select_ln144_171' <Predicate = (!out_index)> <Delay = 0.69> <CoreInst = "Sel">   --->   Core 73 'Sel' <Latency = 0> <II = 1> <Delay = 0.69> <FuncUnit> <Opcode : 'select'> <InPorts = 3> <OutPorts = 1>
ST_8 : Operation 1342 [1/1] (0.69ns)   --->   "%select_ln144_172 = select i1 %out_index, i14 %x_15, i14 0" [firmware/nnet_utils/nnet_dense_resource.h:144]   --->   Operation 1342 'select' 'select_ln144_172' <Predicate = (out_index)> <Delay = 0.69> <CoreInst = "Sel">   --->   Core 73 'Sel' <Latency = 0> <II = 1> <Delay = 0.69> <FuncUnit> <Opcode : 'select'> <InPorts = 3> <OutPorts = 1>
ST_8 : Operation 1343 [1/1] (0.00ns)   --->   "%zext_ln144_57 = zext i1 %tmp_792" [firmware/nnet_utils/nnet_dense_resource.h:144]   --->   Operation 1343 'zext' 'zext_ln144_57' <Predicate = true> <Delay = 0.00>
ST_8 : Operation 1344 [1/1] (2.13ns)   --->   "%add_ln144_114 = add i14 %trunc_ln144_57, i14 %zext_ln144_57" [firmware/nnet_utils/nnet_dense_resource.h:144]   --->   Operation 1344 'add' 'add_ln144_114' <Predicate = true> <Delay = 2.13> <CoreInst = "Adder">   --->   Core 1 'Adder' <Latency = 0> <II = 1> <Delay = 2.13> <FuncUnit> <Opcode : 'add' 'sub'> <InPorts = 2> <OutPorts = 1>
ST_8 : Operation 1345 [1/1] (0.69ns)   --->   "%select_ln144_173 = select i1 %out_index, i14 %x_12, i14 %x_13" [firmware/nnet_utils/nnet_dense_resource.h:144]   --->   Operation 1345 'select' 'select_ln144_173' <Predicate = true> <Delay = 0.69> <CoreInst = "Sel">   --->   Core 73 'Sel' <Latency = 0> <II = 1> <Delay = 0.69> <FuncUnit> <Opcode : 'select'> <InPorts = 3> <OutPorts = 1>
ST_8 : Operation 1346 [1/1] (0.00ns)   --->   "%sext_ln144_114 = sext i14 %select_ln144_173" [firmware/nnet_utils/nnet_dense_resource.h:144]   --->   Operation 1346 'sext' 'sext_ln144_114' <Predicate = true> <Delay = 0.00>
ST_8 : Operation 1347 [1/1] (0.00ns)   --->   "%sext_ln144_115 = sext i14 %add_ln144_114" [firmware/nnet_utils/nnet_dense_resource.h:144]   --->   Operation 1347 'sext' 'sext_ln144_115' <Predicate = true> <Delay = 0.00>
ST_8 : Operation 1348 [1/1] (2.13ns)   --->   "%acc_300 = add i14 %add_ln144_114, i14 %select_ln144_173" [firmware/nnet_utils/nnet_dense_resource.h:144]   --->   Operation 1348 'add' 'acc_300' <Predicate = true> <Delay = 2.13> <CoreInst = "Adder">   --->   Core 1 'Adder' <Latency = 0> <II = 1> <Delay = 2.13> <FuncUnit> <Opcode : 'add' 'sub'> <InPorts = 2> <OutPorts = 1>
ST_8 : Operation 1349 [1/1] (2.13ns)   --->   "%sub_ln144_57 = sub i15 0, i15 %sext_ln144_114" [firmware/nnet_utils/nnet_dense_resource.h:144]   --->   Operation 1349 'sub' 'sub_ln144_57' <Predicate = true> <Delay = 2.13> <CoreInst = "Adder">   --->   Core 1 'Adder' <Latency = 0> <II = 1> <Delay = 2.13> <FuncUnit> <Opcode : 'add' 'sub'> <InPorts = 2> <OutPorts = 1>
ST_8 : Operation 1350 [1/1] (2.14ns)   --->   "%icmp_ln144_57 = icmp_eq  i15 %sext_ln144_115, i15 %sub_ln144_57" [firmware/nnet_utils/nnet_dense_resource.h:144]   --->   Operation 1350 'icmp' 'icmp_ln144_57' <Predicate = true> <Delay = 2.14> <CoreInst = "Cmp">   --->   Core 9 'Cmp' <Latency = 0> <II = 1> <Delay = 2.14> <FuncUnit> <Opcode : 'seteq' 'setne' 'setle' 'setge' 'setlt' 'setgt'> <InPorts = 2> <OutPorts = 1>
ST_8 : Operation 1351 [1/1] (0.69ns)   --->   "%select_ln144_174 = select i1 %out_index, i14 0, i14 %x_12" [firmware/nnet_utils/nnet_dense_resource.h:144]   --->   Operation 1351 'select' 'select_ln144_174' <Predicate = (!out_index)> <Delay = 0.69> <CoreInst = "Sel">   --->   Core 73 'Sel' <Latency = 0> <II = 1> <Delay = 0.69> <FuncUnit> <Opcode : 'select'> <InPorts = 3> <OutPorts = 1>
ST_8 : Operation 1352 [1/1] (0.69ns)   --->   "%select_ln144_175 = select i1 %out_index, i14 %x_13, i14 0" [firmware/nnet_utils/nnet_dense_resource.h:144]   --->   Operation 1352 'select' 'select_ln144_175' <Predicate = (out_index)> <Delay = 0.69> <CoreInst = "Sel">   --->   Core 73 'Sel' <Latency = 0> <II = 1> <Delay = 0.69> <FuncUnit> <Opcode : 'select'> <InPorts = 3> <OutPorts = 1>
ST_8 : Operation 1353 [1/1] (0.00ns)   --->   "%zext_ln144_58 = zext i1 %tmp_793" [firmware/nnet_utils/nnet_dense_resource.h:144]   --->   Operation 1353 'zext' 'zext_ln144_58' <Predicate = true> <Delay = 0.00>
ST_8 : Operation 1354 [1/1] (2.13ns)   --->   "%add_ln144_116 = add i14 %trunc_ln144_58, i14 %zext_ln144_58" [firmware/nnet_utils/nnet_dense_resource.h:144]   --->   Operation 1354 'add' 'add_ln144_116' <Predicate = true> <Delay = 2.13> <CoreInst = "Adder">   --->   Core 1 'Adder' <Latency = 0> <II = 1> <Delay = 2.13> <FuncUnit> <Opcode : 'add' 'sub'> <InPorts = 2> <OutPorts = 1>
ST_8 : Operation 1355 [1/1] (0.69ns)   --->   "%select_ln144_176 = select i1 %out_index, i14 %x_10, i14 %x_11" [firmware/nnet_utils/nnet_dense_resource.h:144]   --->   Operation 1355 'select' 'select_ln144_176' <Predicate = true> <Delay = 0.69> <CoreInst = "Sel">   --->   Core 73 'Sel' <Latency = 0> <II = 1> <Delay = 0.69> <FuncUnit> <Opcode : 'select'> <InPorts = 3> <OutPorts = 1>
ST_8 : Operation 1356 [1/1] (0.00ns)   --->   "%sext_ln144_116 = sext i14 %select_ln144_176" [firmware/nnet_utils/nnet_dense_resource.h:144]   --->   Operation 1356 'sext' 'sext_ln144_116' <Predicate = true> <Delay = 0.00>
ST_8 : Operation 1357 [1/1] (0.00ns)   --->   "%sext_ln144_117 = sext i14 %add_ln144_116" [firmware/nnet_utils/nnet_dense_resource.h:144]   --->   Operation 1357 'sext' 'sext_ln144_117' <Predicate = true> <Delay = 0.00>
ST_8 : Operation 1358 [1/1] (2.13ns)   --->   "%acc_303 = add i14 %add_ln144_116, i14 %select_ln144_176" [firmware/nnet_utils/nnet_dense_resource.h:144]   --->   Operation 1358 'add' 'acc_303' <Predicate = true> <Delay = 2.13> <CoreInst = "Adder">   --->   Core 1 'Adder' <Latency = 0> <II = 1> <Delay = 2.13> <FuncUnit> <Opcode : 'add' 'sub'> <InPorts = 2> <OutPorts = 1>
ST_8 : Operation 1359 [1/1] (2.13ns)   --->   "%sub_ln144_58 = sub i15 0, i15 %sext_ln144_116" [firmware/nnet_utils/nnet_dense_resource.h:144]   --->   Operation 1359 'sub' 'sub_ln144_58' <Predicate = true> <Delay = 2.13> <CoreInst = "Adder">   --->   Core 1 'Adder' <Latency = 0> <II = 1> <Delay = 2.13> <FuncUnit> <Opcode : 'add' 'sub'> <InPorts = 2> <OutPorts = 1>
ST_8 : Operation 1360 [1/1] (2.14ns)   --->   "%icmp_ln144_58 = icmp_eq  i15 %sext_ln144_117, i15 %sub_ln144_58" [firmware/nnet_utils/nnet_dense_resource.h:144]   --->   Operation 1360 'icmp' 'icmp_ln144_58' <Predicate = true> <Delay = 2.14> <CoreInst = "Cmp">   --->   Core 9 'Cmp' <Latency = 0> <II = 1> <Delay = 2.14> <FuncUnit> <Opcode : 'seteq' 'setne' 'setle' 'setge' 'setlt' 'setgt'> <InPorts = 2> <OutPorts = 1>
ST_8 : Operation 1361 [1/1] (0.69ns)   --->   "%select_ln144_177 = select i1 %out_index, i14 0, i14 %x_10" [firmware/nnet_utils/nnet_dense_resource.h:144]   --->   Operation 1361 'select' 'select_ln144_177' <Predicate = (!out_index)> <Delay = 0.69> <CoreInst = "Sel">   --->   Core 73 'Sel' <Latency = 0> <II = 1> <Delay = 0.69> <FuncUnit> <Opcode : 'select'> <InPorts = 3> <OutPorts = 1>
ST_8 : Operation 1362 [1/1] (0.69ns)   --->   "%select_ln144_178 = select i1 %out_index, i14 %x_11, i14 0" [firmware/nnet_utils/nnet_dense_resource.h:144]   --->   Operation 1362 'select' 'select_ln144_178' <Predicate = (out_index)> <Delay = 0.69> <CoreInst = "Sel">   --->   Core 73 'Sel' <Latency = 0> <II = 1> <Delay = 0.69> <FuncUnit> <Opcode : 'select'> <InPorts = 3> <OutPorts = 1>
ST_8 : Operation 1363 [1/1] (0.00ns)   --->   "%zext_ln144_59 = zext i1 %tmp_794" [firmware/nnet_utils/nnet_dense_resource.h:144]   --->   Operation 1363 'zext' 'zext_ln144_59' <Predicate = true> <Delay = 0.00>
ST_8 : Operation 1364 [1/1] (2.13ns)   --->   "%add_ln144_118 = add i14 %trunc_ln144_59, i14 %zext_ln144_59" [firmware/nnet_utils/nnet_dense_resource.h:144]   --->   Operation 1364 'add' 'add_ln144_118' <Predicate = true> <Delay = 2.13> <CoreInst = "Adder">   --->   Core 1 'Adder' <Latency = 0> <II = 1> <Delay = 2.13> <FuncUnit> <Opcode : 'add' 'sub'> <InPorts = 2> <OutPorts = 1>
ST_8 : Operation 1365 [1/1] (0.69ns)   --->   "%select_ln144_179 = select i1 %out_index, i14 %x_8, i14 %x_9" [firmware/nnet_utils/nnet_dense_resource.h:144]   --->   Operation 1365 'select' 'select_ln144_179' <Predicate = true> <Delay = 0.69> <CoreInst = "Sel">   --->   Core 73 'Sel' <Latency = 0> <II = 1> <Delay = 0.69> <FuncUnit> <Opcode : 'select'> <InPorts = 3> <OutPorts = 1>
ST_8 : Operation 1366 [1/1] (0.00ns)   --->   "%sext_ln144_118 = sext i14 %select_ln144_179" [firmware/nnet_utils/nnet_dense_resource.h:144]   --->   Operation 1366 'sext' 'sext_ln144_118' <Predicate = true> <Delay = 0.00>
ST_8 : Operation 1367 [1/1] (0.00ns)   --->   "%sext_ln144_119 = sext i14 %add_ln144_118" [firmware/nnet_utils/nnet_dense_resource.h:144]   --->   Operation 1367 'sext' 'sext_ln144_119' <Predicate = true> <Delay = 0.00>
ST_8 : Operation 1368 [1/1] (2.13ns)   --->   "%acc_306 = add i14 %add_ln144_118, i14 %select_ln144_179" [firmware/nnet_utils/nnet_dense_resource.h:144]   --->   Operation 1368 'add' 'acc_306' <Predicate = true> <Delay = 2.13> <CoreInst = "Adder">   --->   Core 1 'Adder' <Latency = 0> <II = 1> <Delay = 2.13> <FuncUnit> <Opcode : 'add' 'sub'> <InPorts = 2> <OutPorts = 1>
ST_8 : Operation 1369 [1/1] (2.13ns)   --->   "%sub_ln144_59 = sub i15 0, i15 %sext_ln144_118" [firmware/nnet_utils/nnet_dense_resource.h:144]   --->   Operation 1369 'sub' 'sub_ln144_59' <Predicate = true> <Delay = 2.13> <CoreInst = "Adder">   --->   Core 1 'Adder' <Latency = 0> <II = 1> <Delay = 2.13> <FuncUnit> <Opcode : 'add' 'sub'> <InPorts = 2> <OutPorts = 1>
ST_8 : Operation 1370 [1/1] (2.14ns)   --->   "%icmp_ln144_59 = icmp_eq  i15 %sext_ln144_119, i15 %sub_ln144_59" [firmware/nnet_utils/nnet_dense_resource.h:144]   --->   Operation 1370 'icmp' 'icmp_ln144_59' <Predicate = true> <Delay = 2.14> <CoreInst = "Cmp">   --->   Core 9 'Cmp' <Latency = 0> <II = 1> <Delay = 2.14> <FuncUnit> <Opcode : 'seteq' 'setne' 'setle' 'setge' 'setlt' 'setgt'> <InPorts = 2> <OutPorts = 1>
ST_8 : Operation 1371 [1/1] (0.69ns)   --->   "%select_ln144_180 = select i1 %out_index, i14 0, i14 %x_8" [firmware/nnet_utils/nnet_dense_resource.h:144]   --->   Operation 1371 'select' 'select_ln144_180' <Predicate = (!out_index)> <Delay = 0.69> <CoreInst = "Sel">   --->   Core 73 'Sel' <Latency = 0> <II = 1> <Delay = 0.69> <FuncUnit> <Opcode : 'select'> <InPorts = 3> <OutPorts = 1>
ST_8 : Operation 1372 [1/1] (0.69ns)   --->   "%select_ln144_181 = select i1 %out_index, i14 %x_9, i14 0" [firmware/nnet_utils/nnet_dense_resource.h:144]   --->   Operation 1372 'select' 'select_ln144_181' <Predicate = (out_index)> <Delay = 0.69> <CoreInst = "Sel">   --->   Core 73 'Sel' <Latency = 0> <II = 1> <Delay = 0.69> <FuncUnit> <Opcode : 'select'> <InPorts = 3> <OutPorts = 1>
ST_8 : Operation 1373 [1/1] (0.00ns)   --->   "%zext_ln144_60 = zext i1 %tmp_795" [firmware/nnet_utils/nnet_dense_resource.h:144]   --->   Operation 1373 'zext' 'zext_ln144_60' <Predicate = true> <Delay = 0.00>
ST_8 : Operation 1374 [1/1] (2.13ns)   --->   "%add_ln144_120 = add i14 %trunc_ln144_60, i14 %zext_ln144_60" [firmware/nnet_utils/nnet_dense_resource.h:144]   --->   Operation 1374 'add' 'add_ln144_120' <Predicate = true> <Delay = 2.13> <CoreInst = "Adder">   --->   Core 1 'Adder' <Latency = 0> <II = 1> <Delay = 2.13> <FuncUnit> <Opcode : 'add' 'sub'> <InPorts = 2> <OutPorts = 1>
ST_8 : Operation 1375 [1/1] (0.69ns)   --->   "%select_ln144_182 = select i1 %out_index, i14 %x_6, i14 %x_7" [firmware/nnet_utils/nnet_dense_resource.h:144]   --->   Operation 1375 'select' 'select_ln144_182' <Predicate = true> <Delay = 0.69> <CoreInst = "Sel">   --->   Core 73 'Sel' <Latency = 0> <II = 1> <Delay = 0.69> <FuncUnit> <Opcode : 'select'> <InPorts = 3> <OutPorts = 1>
ST_8 : Operation 1376 [1/1] (0.00ns)   --->   "%sext_ln144_120 = sext i14 %select_ln144_182" [firmware/nnet_utils/nnet_dense_resource.h:144]   --->   Operation 1376 'sext' 'sext_ln144_120' <Predicate = true> <Delay = 0.00>
ST_8 : Operation 1377 [1/1] (0.00ns)   --->   "%sext_ln144_121 = sext i14 %add_ln144_120" [firmware/nnet_utils/nnet_dense_resource.h:144]   --->   Operation 1377 'sext' 'sext_ln144_121' <Predicate = true> <Delay = 0.00>
ST_8 : Operation 1378 [1/1] (2.13ns)   --->   "%acc_309 = add i14 %add_ln144_120, i14 %select_ln144_182" [firmware/nnet_utils/nnet_dense_resource.h:144]   --->   Operation 1378 'add' 'acc_309' <Predicate = true> <Delay = 2.13> <CoreInst = "Adder">   --->   Core 1 'Adder' <Latency = 0> <II = 1> <Delay = 2.13> <FuncUnit> <Opcode : 'add' 'sub'> <InPorts = 2> <OutPorts = 1>
ST_8 : Operation 1379 [1/1] (2.13ns)   --->   "%sub_ln144_60 = sub i15 0, i15 %sext_ln144_120" [firmware/nnet_utils/nnet_dense_resource.h:144]   --->   Operation 1379 'sub' 'sub_ln144_60' <Predicate = true> <Delay = 2.13> <CoreInst = "Adder">   --->   Core 1 'Adder' <Latency = 0> <II = 1> <Delay = 2.13> <FuncUnit> <Opcode : 'add' 'sub'> <InPorts = 2> <OutPorts = 1>
ST_8 : Operation 1380 [1/1] (2.14ns)   --->   "%icmp_ln144_60 = icmp_eq  i15 %sext_ln144_121, i15 %sub_ln144_60" [firmware/nnet_utils/nnet_dense_resource.h:144]   --->   Operation 1380 'icmp' 'icmp_ln144_60' <Predicate = true> <Delay = 2.14> <CoreInst = "Cmp">   --->   Core 9 'Cmp' <Latency = 0> <II = 1> <Delay = 2.14> <FuncUnit> <Opcode : 'seteq' 'setne' 'setle' 'setge' 'setlt' 'setgt'> <InPorts = 2> <OutPorts = 1>
ST_8 : Operation 1381 [1/1] (0.69ns)   --->   "%select_ln144_183 = select i1 %out_index, i14 0, i14 %x_6" [firmware/nnet_utils/nnet_dense_resource.h:144]   --->   Operation 1381 'select' 'select_ln144_183' <Predicate = (!out_index)> <Delay = 0.69> <CoreInst = "Sel">   --->   Core 73 'Sel' <Latency = 0> <II = 1> <Delay = 0.69> <FuncUnit> <Opcode : 'select'> <InPorts = 3> <OutPorts = 1>
ST_8 : Operation 1382 [1/1] (0.69ns)   --->   "%select_ln144_184 = select i1 %out_index, i14 %x_7, i14 0" [firmware/nnet_utils/nnet_dense_resource.h:144]   --->   Operation 1382 'select' 'select_ln144_184' <Predicate = (out_index)> <Delay = 0.69> <CoreInst = "Sel">   --->   Core 73 'Sel' <Latency = 0> <II = 1> <Delay = 0.69> <FuncUnit> <Opcode : 'select'> <InPorts = 3> <OutPorts = 1>
ST_8 : Operation 1383 [1/1] (0.00ns)   --->   "%zext_ln144_61 = zext i1 %tmp_796" [firmware/nnet_utils/nnet_dense_resource.h:144]   --->   Operation 1383 'zext' 'zext_ln144_61' <Predicate = true> <Delay = 0.00>
ST_8 : Operation 1384 [1/1] (2.13ns)   --->   "%add_ln144_122 = add i14 %trunc_ln144_61, i14 %zext_ln144_61" [firmware/nnet_utils/nnet_dense_resource.h:144]   --->   Operation 1384 'add' 'add_ln144_122' <Predicate = true> <Delay = 2.13> <CoreInst = "Adder">   --->   Core 1 'Adder' <Latency = 0> <II = 1> <Delay = 2.13> <FuncUnit> <Opcode : 'add' 'sub'> <InPorts = 2> <OutPorts = 1>
ST_8 : Operation 1385 [1/1] (0.69ns)   --->   "%select_ln144_185 = select i1 %out_index, i14 %x_4, i14 %x_5" [firmware/nnet_utils/nnet_dense_resource.h:144]   --->   Operation 1385 'select' 'select_ln144_185' <Predicate = true> <Delay = 0.69> <CoreInst = "Sel">   --->   Core 73 'Sel' <Latency = 0> <II = 1> <Delay = 0.69> <FuncUnit> <Opcode : 'select'> <InPorts = 3> <OutPorts = 1>
ST_8 : Operation 1386 [1/1] (0.00ns)   --->   "%sext_ln144_122 = sext i14 %select_ln144_185" [firmware/nnet_utils/nnet_dense_resource.h:144]   --->   Operation 1386 'sext' 'sext_ln144_122' <Predicate = true> <Delay = 0.00>
ST_8 : Operation 1387 [1/1] (0.00ns)   --->   "%sext_ln144_123 = sext i14 %add_ln144_122" [firmware/nnet_utils/nnet_dense_resource.h:144]   --->   Operation 1387 'sext' 'sext_ln144_123' <Predicate = true> <Delay = 0.00>
ST_8 : Operation 1388 [1/1] (2.13ns)   --->   "%acc_312 = add i14 %add_ln144_122, i14 %select_ln144_185" [firmware/nnet_utils/nnet_dense_resource.h:144]   --->   Operation 1388 'add' 'acc_312' <Predicate = true> <Delay = 2.13> <CoreInst = "Adder">   --->   Core 1 'Adder' <Latency = 0> <II = 1> <Delay = 2.13> <FuncUnit> <Opcode : 'add' 'sub'> <InPorts = 2> <OutPorts = 1>
ST_8 : Operation 1389 [1/1] (2.13ns)   --->   "%sub_ln144_61 = sub i15 0, i15 %sext_ln144_122" [firmware/nnet_utils/nnet_dense_resource.h:144]   --->   Operation 1389 'sub' 'sub_ln144_61' <Predicate = true> <Delay = 2.13> <CoreInst = "Adder">   --->   Core 1 'Adder' <Latency = 0> <II = 1> <Delay = 2.13> <FuncUnit> <Opcode : 'add' 'sub'> <InPorts = 2> <OutPorts = 1>
ST_8 : Operation 1390 [1/1] (2.14ns)   --->   "%icmp_ln144_61 = icmp_eq  i15 %sext_ln144_123, i15 %sub_ln144_61" [firmware/nnet_utils/nnet_dense_resource.h:144]   --->   Operation 1390 'icmp' 'icmp_ln144_61' <Predicate = true> <Delay = 2.14> <CoreInst = "Cmp">   --->   Core 9 'Cmp' <Latency = 0> <II = 1> <Delay = 2.14> <FuncUnit> <Opcode : 'seteq' 'setne' 'setle' 'setge' 'setlt' 'setgt'> <InPorts = 2> <OutPorts = 1>
ST_8 : Operation 1391 [1/1] (0.69ns)   --->   "%select_ln144_186 = select i1 %out_index, i14 0, i14 %x_4" [firmware/nnet_utils/nnet_dense_resource.h:144]   --->   Operation 1391 'select' 'select_ln144_186' <Predicate = (!out_index)> <Delay = 0.69> <CoreInst = "Sel">   --->   Core 73 'Sel' <Latency = 0> <II = 1> <Delay = 0.69> <FuncUnit> <Opcode : 'select'> <InPorts = 3> <OutPorts = 1>
ST_8 : Operation 1392 [1/1] (0.69ns)   --->   "%select_ln144_187 = select i1 %out_index, i14 %x_5, i14 0" [firmware/nnet_utils/nnet_dense_resource.h:144]   --->   Operation 1392 'select' 'select_ln144_187' <Predicate = (out_index)> <Delay = 0.69> <CoreInst = "Sel">   --->   Core 73 'Sel' <Latency = 0> <II = 1> <Delay = 0.69> <FuncUnit> <Opcode : 'select'> <InPorts = 3> <OutPorts = 1>
ST_8 : Operation 1393 [1/1] (0.00ns)   --->   "%zext_ln144_62 = zext i1 %tmp_797" [firmware/nnet_utils/nnet_dense_resource.h:144]   --->   Operation 1393 'zext' 'zext_ln144_62' <Predicate = true> <Delay = 0.00>
ST_8 : Operation 1394 [1/1] (2.13ns)   --->   "%add_ln144_124 = add i14 %trunc_ln144_62, i14 %zext_ln144_62" [firmware/nnet_utils/nnet_dense_resource.h:144]   --->   Operation 1394 'add' 'add_ln144_124' <Predicate = true> <Delay = 2.13> <CoreInst = "Adder">   --->   Core 1 'Adder' <Latency = 0> <II = 1> <Delay = 2.13> <FuncUnit> <Opcode : 'add' 'sub'> <InPorts = 2> <OutPorts = 1>
ST_8 : Operation 1395 [1/1] (0.69ns)   --->   "%select_ln144_188 = select i1 %out_index, i14 %x_2, i14 %x_3" [firmware/nnet_utils/nnet_dense_resource.h:144]   --->   Operation 1395 'select' 'select_ln144_188' <Predicate = true> <Delay = 0.69> <CoreInst = "Sel">   --->   Core 73 'Sel' <Latency = 0> <II = 1> <Delay = 0.69> <FuncUnit> <Opcode : 'select'> <InPorts = 3> <OutPorts = 1>
ST_8 : Operation 1396 [1/1] (0.00ns)   --->   "%sext_ln144_124 = sext i14 %select_ln144_188" [firmware/nnet_utils/nnet_dense_resource.h:144]   --->   Operation 1396 'sext' 'sext_ln144_124' <Predicate = true> <Delay = 0.00>
ST_8 : Operation 1397 [1/1] (0.00ns)   --->   "%sext_ln144_125 = sext i14 %add_ln144_124" [firmware/nnet_utils/nnet_dense_resource.h:144]   --->   Operation 1397 'sext' 'sext_ln144_125' <Predicate = true> <Delay = 0.00>
ST_8 : Operation 1398 [1/1] (2.13ns)   --->   "%acc_315 = add i14 %add_ln144_124, i14 %select_ln144_188" [firmware/nnet_utils/nnet_dense_resource.h:144]   --->   Operation 1398 'add' 'acc_315' <Predicate = true> <Delay = 2.13> <CoreInst = "Adder">   --->   Core 1 'Adder' <Latency = 0> <II = 1> <Delay = 2.13> <FuncUnit> <Opcode : 'add' 'sub'> <InPorts = 2> <OutPorts = 1>
ST_8 : Operation 1399 [1/1] (2.13ns)   --->   "%sub_ln144_62 = sub i15 0, i15 %sext_ln144_124" [firmware/nnet_utils/nnet_dense_resource.h:144]   --->   Operation 1399 'sub' 'sub_ln144_62' <Predicate = true> <Delay = 2.13> <CoreInst = "Adder">   --->   Core 1 'Adder' <Latency = 0> <II = 1> <Delay = 2.13> <FuncUnit> <Opcode : 'add' 'sub'> <InPorts = 2> <OutPorts = 1>
ST_8 : Operation 1400 [1/1] (2.14ns)   --->   "%icmp_ln144_62 = icmp_eq  i15 %sext_ln144_125, i15 %sub_ln144_62" [firmware/nnet_utils/nnet_dense_resource.h:144]   --->   Operation 1400 'icmp' 'icmp_ln144_62' <Predicate = true> <Delay = 2.14> <CoreInst = "Cmp">   --->   Core 9 'Cmp' <Latency = 0> <II = 1> <Delay = 2.14> <FuncUnit> <Opcode : 'seteq' 'setne' 'setle' 'setge' 'setlt' 'setgt'> <InPorts = 2> <OutPorts = 1>
ST_8 : Operation 1401 [1/1] (0.69ns)   --->   "%select_ln144_189 = select i1 %out_index, i14 0, i14 %x_2" [firmware/nnet_utils/nnet_dense_resource.h:144]   --->   Operation 1401 'select' 'select_ln144_189' <Predicate = (!out_index)> <Delay = 0.69> <CoreInst = "Sel">   --->   Core 73 'Sel' <Latency = 0> <II = 1> <Delay = 0.69> <FuncUnit> <Opcode : 'select'> <InPorts = 3> <OutPorts = 1>
ST_8 : Operation 1402 [1/1] (0.69ns)   --->   "%select_ln144_190 = select i1 %out_index, i14 %x_3, i14 0" [firmware/nnet_utils/nnet_dense_resource.h:144]   --->   Operation 1402 'select' 'select_ln144_190' <Predicate = (out_index)> <Delay = 0.69> <CoreInst = "Sel">   --->   Core 73 'Sel' <Latency = 0> <II = 1> <Delay = 0.69> <FuncUnit> <Opcode : 'select'> <InPorts = 3> <OutPorts = 1>
ST_8 : Operation 1403 [1/1] (0.00ns)   --->   "%zext_ln144_63 = zext i1 %tmp_798" [firmware/nnet_utils/nnet_dense_resource.h:144]   --->   Operation 1403 'zext' 'zext_ln144_63' <Predicate = true> <Delay = 0.00>
ST_8 : Operation 1404 [1/1] (2.13ns)   --->   "%add_ln144_126 = add i14 %trunc_ln144_63, i14 %zext_ln144_63" [firmware/nnet_utils/nnet_dense_resource.h:144]   --->   Operation 1404 'add' 'add_ln144_126' <Predicate = true> <Delay = 2.13> <CoreInst = "Adder">   --->   Core 1 'Adder' <Latency = 0> <II = 1> <Delay = 2.13> <FuncUnit> <Opcode : 'add' 'sub'> <InPorts = 2> <OutPorts = 1>
ST_8 : Operation 1405 [1/1] (0.69ns)   --->   "%select_ln144_191 = select i1 %out_index, i14 %x, i14 %x_1" [firmware/nnet_utils/nnet_dense_resource.h:144]   --->   Operation 1405 'select' 'select_ln144_191' <Predicate = true> <Delay = 0.69> <CoreInst = "Sel">   --->   Core 73 'Sel' <Latency = 0> <II = 1> <Delay = 0.69> <FuncUnit> <Opcode : 'select'> <InPorts = 3> <OutPorts = 1>
ST_8 : Operation 1406 [1/1] (0.00ns)   --->   "%sext_ln144_126 = sext i14 %select_ln144_191" [firmware/nnet_utils/nnet_dense_resource.h:144]   --->   Operation 1406 'sext' 'sext_ln144_126' <Predicate = true> <Delay = 0.00>
ST_8 : Operation 1407 [1/1] (0.00ns)   --->   "%sext_ln144_127 = sext i14 %add_ln144_126" [firmware/nnet_utils/nnet_dense_resource.h:144]   --->   Operation 1407 'sext' 'sext_ln144_127' <Predicate = true> <Delay = 0.00>
ST_8 : Operation 1408 [1/1] (2.13ns)   --->   "%acc_318 = add i14 %add_ln144_126, i14 %select_ln144_191" [firmware/nnet_utils/nnet_dense_resource.h:144]   --->   Operation 1408 'add' 'acc_318' <Predicate = true> <Delay = 2.13> <CoreInst = "Adder">   --->   Core 1 'Adder' <Latency = 0> <II = 1> <Delay = 2.13> <FuncUnit> <Opcode : 'add' 'sub'> <InPorts = 2> <OutPorts = 1>
ST_8 : Operation 1409 [1/1] (2.13ns)   --->   "%sub_ln144_63 = sub i15 0, i15 %sext_ln144_126" [firmware/nnet_utils/nnet_dense_resource.h:144]   --->   Operation 1409 'sub' 'sub_ln144_63' <Predicate = true> <Delay = 2.13> <CoreInst = "Adder">   --->   Core 1 'Adder' <Latency = 0> <II = 1> <Delay = 2.13> <FuncUnit> <Opcode : 'add' 'sub'> <InPorts = 2> <OutPorts = 1>
ST_8 : Operation 1410 [1/1] (2.14ns)   --->   "%icmp_ln144_63 = icmp_eq  i15 %sext_ln144_127, i15 %sub_ln144_63" [firmware/nnet_utils/nnet_dense_resource.h:144]   --->   Operation 1410 'icmp' 'icmp_ln144_63' <Predicate = true> <Delay = 2.14> <CoreInst = "Cmp">   --->   Core 9 'Cmp' <Latency = 0> <II = 1> <Delay = 2.14> <FuncUnit> <Opcode : 'seteq' 'setne' 'setle' 'setge' 'setlt' 'setgt'> <InPorts = 2> <OutPorts = 1>
ST_8 : Operation 1411 [1/1] (0.69ns)   --->   "%select_ln144_192 = select i1 %out_index, i14 0, i14 %x" [firmware/nnet_utils/nnet_dense_resource.h:144]   --->   Operation 1411 'select' 'select_ln144_192' <Predicate = (!out_index)> <Delay = 0.69> <CoreInst = "Sel">   --->   Core 73 'Sel' <Latency = 0> <II = 1> <Delay = 0.69> <FuncUnit> <Opcode : 'select'> <InPorts = 3> <OutPorts = 1>
ST_8 : Operation 1412 [1/1] (0.69ns)   --->   "%select_ln144_193 = select i1 %out_index, i14 %x_1, i14 0" [firmware/nnet_utils/nnet_dense_resource.h:144]   --->   Operation 1412 'select' 'select_ln144_193' <Predicate = (out_index)> <Delay = 0.69> <CoreInst = "Sel">   --->   Core 73 'Sel' <Latency = 0> <II = 1> <Delay = 0.69> <FuncUnit> <Opcode : 'select'> <InPorts = 3> <OutPorts = 1>

State 9 <SV = 8> <Delay = 7.98>
ST_9 : Operation 1413 [1/1] (0.00ns)   --->   "%specpipeline_ln136 = specpipeline void @_ssdm_op_SpecPipeline, i32 1, i32 0, i32 0, i32 1, i32 4294967295, void @empty_2" [firmware/nnet_utils/nnet_dense_resource.h:136]   --->   Operation 1413 'specpipeline' 'specpipeline_ln136' <Predicate = true> <Delay = 0.00>
ST_9 : Operation 1414 [1/1] (0.00ns)   --->   "%speclooptripcount_ln110 = speclooptripcount void @_ssdm_op_SpecLoopTripCount, i64 64, i64 64, i64 64" [firmware/nnet_utils/nnet_dense_resource.h:110]   --->   Operation 1414 'speclooptripcount' 'speclooptripcount_ln110' <Predicate = true> <Delay = 0.00>
ST_9 : Operation 1415 [1/1] (0.00ns)   --->   "%specloopname_ln135 = specloopname void @_ssdm_op_SpecLoopName, void @empty_3" [firmware/nnet_utils/nnet_dense_resource.h:135]   --->   Operation 1415 'specloopname' 'specloopname_ln135' <Predicate = true> <Delay = 0.00>
ST_9 : Operation 1416 [1/1] (0.69ns)   --->   "%acc_129 = select i1 %icmp_ln144, i14 %select_ln144_1, i14 %x_126" [firmware/nnet_utils/nnet_dense_resource.h:144]   --->   Operation 1416 'select' 'acc_129' <Predicate = (!out_index)> <Delay = 0.69> <CoreInst = "Sel">   --->   Core 73 'Sel' <Latency = 0> <II = 1> <Delay = 0.69> <FuncUnit> <Opcode : 'select'> <InPorts = 3> <OutPorts = 1>
ST_9 : Operation 1417 [1/1] (0.69ns)   --->   "%acc_128 = select i1 %icmp_ln144, i14 %select_ln144_2, i14 %x_127" [firmware/nnet_utils/nnet_dense_resource.h:144]   --->   Operation 1417 'select' 'acc_128' <Predicate = (out_index)> <Delay = 0.69> <CoreInst = "Sel">   --->   Core 73 'Sel' <Latency = 0> <II = 1> <Delay = 0.69> <FuncUnit> <Opcode : 'select'> <InPorts = 3> <OutPorts = 1>
ST_9 : Operation 1418 [1/1] (0.69ns)   --->   "%acc_320 = select i1 %out_index, i14 %acc, i14 %acc_129" [firmware/nnet_utils/nnet_dense_resource.h:144]   --->   Operation 1418 'select' 'acc_320' <Predicate = true> <Delay = 0.69> <CoreInst = "Sel">   --->   Core 73 'Sel' <Latency = 0> <II = 1> <Delay = 0.69> <FuncUnit> <Opcode : 'select'> <InPorts = 3> <OutPorts = 1>
ST_9 : Operation 1419 [1/1] (0.69ns)   --->   "%acc_319 = select i1 %out_index, i14 %acc_128, i14 %acc" [firmware/nnet_utils/nnet_dense_resource.h:144]   --->   Operation 1419 'select' 'acc_319' <Predicate = true> <Delay = 0.69> <CoreInst = "Sel">   --->   Core 73 'Sel' <Latency = 0> <II = 1> <Delay = 0.69> <FuncUnit> <Opcode : 'select'> <InPorts = 3> <OutPorts = 1>
ST_9 : Operation 1420 [1/1] (0.69ns)   --->   "%acc_131 = select i1 %icmp_ln144_1, i14 %select_ln144_6, i14 %x_124" [firmware/nnet_utils/nnet_dense_resource.h:144]   --->   Operation 1420 'select' 'acc_131' <Predicate = (!out_index)> <Delay = 0.69> <CoreInst = "Sel">   --->   Core 73 'Sel' <Latency = 0> <II = 1> <Delay = 0.69> <FuncUnit> <Opcode : 'select'> <InPorts = 3> <OutPorts = 1>
ST_9 : Operation 1421 [1/1] (0.69ns)   --->   "%acc_130 = select i1 %icmp_ln144_1, i14 %select_ln144_7, i14 %x_125" [firmware/nnet_utils/nnet_dense_resource.h:144]   --->   Operation 1421 'select' 'acc_130' <Predicate = (out_index)> <Delay = 0.69> <CoreInst = "Sel">   --->   Core 73 'Sel' <Latency = 0> <II = 1> <Delay = 0.69> <FuncUnit> <Opcode : 'select'> <InPorts = 3> <OutPorts = 1>
ST_9 : Operation 1422 [1/1] (0.69ns)   --->   "%acc_321 = select i1 %out_index, i14 %acc_130, i14 %acc_132" [firmware/nnet_utils/nnet_dense_resource.h:139]   --->   Operation 1422 'select' 'acc_321' <Predicate = true> <Delay = 0.69> <CoreInst = "Sel">   --->   Core 73 'Sel' <Latency = 0> <II = 1> <Delay = 0.69> <FuncUnit> <Opcode : 'select'> <InPorts = 3> <OutPorts = 1>
ST_9 : Operation 1423 [1/1] (0.69ns)   --->   "%acc_322 = select i1 %out_index, i14 %acc_132, i14 %acc_131" [firmware/nnet_utils/nnet_dense_resource.h:139]   --->   Operation 1423 'select' 'acc_322' <Predicate = true> <Delay = 0.69> <CoreInst = "Sel">   --->   Core 73 'Sel' <Latency = 0> <II = 1> <Delay = 0.69> <FuncUnit> <Opcode : 'select'> <InPorts = 3> <OutPorts = 1>
ST_9 : Operation 1424 [1/1] (0.69ns)   --->   "%acc_134 = select i1 %icmp_ln144_2, i14 %select_ln144_9, i14 %x_122" [firmware/nnet_utils/nnet_dense_resource.h:144]   --->   Operation 1424 'select' 'acc_134' <Predicate = (!out_index)> <Delay = 0.69> <CoreInst = "Sel">   --->   Core 73 'Sel' <Latency = 0> <II = 1> <Delay = 0.69> <FuncUnit> <Opcode : 'select'> <InPorts = 3> <OutPorts = 1>
ST_9 : Operation 1425 [1/1] (0.69ns)   --->   "%acc_133 = select i1 %icmp_ln144_2, i14 %select_ln144_10, i14 %x_123" [firmware/nnet_utils/nnet_dense_resource.h:144]   --->   Operation 1425 'select' 'acc_133' <Predicate = (out_index)> <Delay = 0.69> <CoreInst = "Sel">   --->   Core 73 'Sel' <Latency = 0> <II = 1> <Delay = 0.69> <FuncUnit> <Opcode : 'select'> <InPorts = 3> <OutPorts = 1>
ST_9 : Operation 1426 [1/1] (0.69ns)   --->   "%acc_323 = select i1 %out_index, i14 %acc_133, i14 %acc_135" [firmware/nnet_utils/nnet_dense_resource.h:139]   --->   Operation 1426 'select' 'acc_323' <Predicate = true> <Delay = 0.69> <CoreInst = "Sel">   --->   Core 73 'Sel' <Latency = 0> <II = 1> <Delay = 0.69> <FuncUnit> <Opcode : 'select'> <InPorts = 3> <OutPorts = 1>
ST_9 : Operation 1427 [1/1] (0.69ns)   --->   "%acc_324 = select i1 %out_index, i14 %acc_135, i14 %acc_134" [firmware/nnet_utils/nnet_dense_resource.h:139]   --->   Operation 1427 'select' 'acc_324' <Predicate = true> <Delay = 0.69> <CoreInst = "Sel">   --->   Core 73 'Sel' <Latency = 0> <II = 1> <Delay = 0.69> <FuncUnit> <Opcode : 'select'> <InPorts = 3> <OutPorts = 1>
ST_9 : Operation 1428 [1/1] (0.69ns)   --->   "%acc_137 = select i1 %icmp_ln144_3, i14 %select_ln144_12, i14 %x_120" [firmware/nnet_utils/nnet_dense_resource.h:144]   --->   Operation 1428 'select' 'acc_137' <Predicate = (!out_index)> <Delay = 0.69> <CoreInst = "Sel">   --->   Core 73 'Sel' <Latency = 0> <II = 1> <Delay = 0.69> <FuncUnit> <Opcode : 'select'> <InPorts = 3> <OutPorts = 1>
ST_9 : Operation 1429 [1/1] (0.69ns)   --->   "%acc_136 = select i1 %icmp_ln144_3, i14 %select_ln144_13, i14 %x_121" [firmware/nnet_utils/nnet_dense_resource.h:144]   --->   Operation 1429 'select' 'acc_136' <Predicate = (out_index)> <Delay = 0.69> <CoreInst = "Sel">   --->   Core 73 'Sel' <Latency = 0> <II = 1> <Delay = 0.69> <FuncUnit> <Opcode : 'select'> <InPorts = 3> <OutPorts = 1>
ST_9 : Operation 1430 [1/1] (0.69ns)   --->   "%acc_325 = select i1 %out_index, i14 %acc_136, i14 %acc_138" [firmware/nnet_utils/nnet_dense_resource.h:139]   --->   Operation 1430 'select' 'acc_325' <Predicate = true> <Delay = 0.69> <CoreInst = "Sel">   --->   Core 73 'Sel' <Latency = 0> <II = 1> <Delay = 0.69> <FuncUnit> <Opcode : 'select'> <InPorts = 3> <OutPorts = 1>
ST_9 : Operation 1431 [1/1] (0.69ns)   --->   "%acc_326 = select i1 %out_index, i14 %acc_138, i14 %acc_137" [firmware/nnet_utils/nnet_dense_resource.h:139]   --->   Operation 1431 'select' 'acc_326' <Predicate = true> <Delay = 0.69> <CoreInst = "Sel">   --->   Core 73 'Sel' <Latency = 0> <II = 1> <Delay = 0.69> <FuncUnit> <Opcode : 'select'> <InPorts = 3> <OutPorts = 1>
ST_9 : Operation 1432 [1/1] (0.69ns)   --->   "%acc_140 = select i1 %icmp_ln144_4, i14 %select_ln144_15, i14 %x_118" [firmware/nnet_utils/nnet_dense_resource.h:144]   --->   Operation 1432 'select' 'acc_140' <Predicate = (!out_index)> <Delay = 0.69> <CoreInst = "Sel">   --->   Core 73 'Sel' <Latency = 0> <II = 1> <Delay = 0.69> <FuncUnit> <Opcode : 'select'> <InPorts = 3> <OutPorts = 1>
ST_9 : Operation 1433 [1/1] (0.69ns)   --->   "%acc_139 = select i1 %icmp_ln144_4, i14 %select_ln144_16, i14 %x_119" [firmware/nnet_utils/nnet_dense_resource.h:144]   --->   Operation 1433 'select' 'acc_139' <Predicate = (out_index)> <Delay = 0.69> <CoreInst = "Sel">   --->   Core 73 'Sel' <Latency = 0> <II = 1> <Delay = 0.69> <FuncUnit> <Opcode : 'select'> <InPorts = 3> <OutPorts = 1>
ST_9 : Operation 1434 [1/1] (0.69ns)   --->   "%acc_327 = select i1 %out_index, i14 %acc_139, i14 %acc_141" [firmware/nnet_utils/nnet_dense_resource.h:139]   --->   Operation 1434 'select' 'acc_327' <Predicate = true> <Delay = 0.69> <CoreInst = "Sel">   --->   Core 73 'Sel' <Latency = 0> <II = 1> <Delay = 0.69> <FuncUnit> <Opcode : 'select'> <InPorts = 3> <OutPorts = 1>
ST_9 : Operation 1435 [1/1] (0.69ns)   --->   "%acc_328 = select i1 %out_index, i14 %acc_141, i14 %acc_140" [firmware/nnet_utils/nnet_dense_resource.h:139]   --->   Operation 1435 'select' 'acc_328' <Predicate = true> <Delay = 0.69> <CoreInst = "Sel">   --->   Core 73 'Sel' <Latency = 0> <II = 1> <Delay = 0.69> <FuncUnit> <Opcode : 'select'> <InPorts = 3> <OutPorts = 1>
ST_9 : Operation 1436 [1/1] (0.69ns)   --->   "%acc_143 = select i1 %icmp_ln144_5, i14 %select_ln144_18, i14 %x_116" [firmware/nnet_utils/nnet_dense_resource.h:144]   --->   Operation 1436 'select' 'acc_143' <Predicate = (!out_index)> <Delay = 0.69> <CoreInst = "Sel">   --->   Core 73 'Sel' <Latency = 0> <II = 1> <Delay = 0.69> <FuncUnit> <Opcode : 'select'> <InPorts = 3> <OutPorts = 1>
ST_9 : Operation 1437 [1/1] (0.69ns)   --->   "%acc_142 = select i1 %icmp_ln144_5, i14 %select_ln144_19, i14 %x_117" [firmware/nnet_utils/nnet_dense_resource.h:144]   --->   Operation 1437 'select' 'acc_142' <Predicate = (out_index)> <Delay = 0.69> <CoreInst = "Sel">   --->   Core 73 'Sel' <Latency = 0> <II = 1> <Delay = 0.69> <FuncUnit> <Opcode : 'select'> <InPorts = 3> <OutPorts = 1>
ST_9 : Operation 1438 [1/1] (0.69ns)   --->   "%acc_329 = select i1 %out_index, i14 %acc_142, i14 %acc_144" [firmware/nnet_utils/nnet_dense_resource.h:139]   --->   Operation 1438 'select' 'acc_329' <Predicate = true> <Delay = 0.69> <CoreInst = "Sel">   --->   Core 73 'Sel' <Latency = 0> <II = 1> <Delay = 0.69> <FuncUnit> <Opcode : 'select'> <InPorts = 3> <OutPorts = 1>
ST_9 : Operation 1439 [1/1] (0.69ns)   --->   "%acc_330 = select i1 %out_index, i14 %acc_144, i14 %acc_143" [firmware/nnet_utils/nnet_dense_resource.h:139]   --->   Operation 1439 'select' 'acc_330' <Predicate = true> <Delay = 0.69> <CoreInst = "Sel">   --->   Core 73 'Sel' <Latency = 0> <II = 1> <Delay = 0.69> <FuncUnit> <Opcode : 'select'> <InPorts = 3> <OutPorts = 1>
ST_9 : Operation 1440 [1/1] (0.69ns)   --->   "%acc_146 = select i1 %icmp_ln144_6, i14 %select_ln144_21, i14 %x_114" [firmware/nnet_utils/nnet_dense_resource.h:144]   --->   Operation 1440 'select' 'acc_146' <Predicate = (!out_index)> <Delay = 0.69> <CoreInst = "Sel">   --->   Core 73 'Sel' <Latency = 0> <II = 1> <Delay = 0.69> <FuncUnit> <Opcode : 'select'> <InPorts = 3> <OutPorts = 1>
ST_9 : Operation 1441 [1/1] (0.69ns)   --->   "%acc_145 = select i1 %icmp_ln144_6, i14 %select_ln144_22, i14 %x_115" [firmware/nnet_utils/nnet_dense_resource.h:144]   --->   Operation 1441 'select' 'acc_145' <Predicate = (out_index)> <Delay = 0.69> <CoreInst = "Sel">   --->   Core 73 'Sel' <Latency = 0> <II = 1> <Delay = 0.69> <FuncUnit> <Opcode : 'select'> <InPorts = 3> <OutPorts = 1>
ST_9 : Operation 1442 [1/1] (0.69ns)   --->   "%acc_331 = select i1 %out_index, i14 %acc_145, i14 %acc_147" [firmware/nnet_utils/nnet_dense_resource.h:139]   --->   Operation 1442 'select' 'acc_331' <Predicate = true> <Delay = 0.69> <CoreInst = "Sel">   --->   Core 73 'Sel' <Latency = 0> <II = 1> <Delay = 0.69> <FuncUnit> <Opcode : 'select'> <InPorts = 3> <OutPorts = 1>
ST_9 : Operation 1443 [1/1] (0.69ns)   --->   "%acc_332 = select i1 %out_index, i14 %acc_147, i14 %acc_146" [firmware/nnet_utils/nnet_dense_resource.h:139]   --->   Operation 1443 'select' 'acc_332' <Predicate = true> <Delay = 0.69> <CoreInst = "Sel">   --->   Core 73 'Sel' <Latency = 0> <II = 1> <Delay = 0.69> <FuncUnit> <Opcode : 'select'> <InPorts = 3> <OutPorts = 1>
ST_9 : Operation 1444 [1/1] (0.69ns)   --->   "%acc_149 = select i1 %icmp_ln144_7, i14 %select_ln144_24, i14 %x_112" [firmware/nnet_utils/nnet_dense_resource.h:144]   --->   Operation 1444 'select' 'acc_149' <Predicate = (!out_index)> <Delay = 0.69> <CoreInst = "Sel">   --->   Core 73 'Sel' <Latency = 0> <II = 1> <Delay = 0.69> <FuncUnit> <Opcode : 'select'> <InPorts = 3> <OutPorts = 1>
ST_9 : Operation 1445 [1/1] (0.69ns)   --->   "%acc_148 = select i1 %icmp_ln144_7, i14 %select_ln144_25, i14 %x_113" [firmware/nnet_utils/nnet_dense_resource.h:144]   --->   Operation 1445 'select' 'acc_148' <Predicate = (out_index)> <Delay = 0.69> <CoreInst = "Sel">   --->   Core 73 'Sel' <Latency = 0> <II = 1> <Delay = 0.69> <FuncUnit> <Opcode : 'select'> <InPorts = 3> <OutPorts = 1>
ST_9 : Operation 1446 [1/1] (0.69ns)   --->   "%acc_333 = select i1 %out_index, i14 %acc_148, i14 %acc_150" [firmware/nnet_utils/nnet_dense_resource.h:139]   --->   Operation 1446 'select' 'acc_333' <Predicate = true> <Delay = 0.69> <CoreInst = "Sel">   --->   Core 73 'Sel' <Latency = 0> <II = 1> <Delay = 0.69> <FuncUnit> <Opcode : 'select'> <InPorts = 3> <OutPorts = 1>
ST_9 : Operation 1447 [1/1] (0.69ns)   --->   "%acc_334 = select i1 %out_index, i14 %acc_150, i14 %acc_149" [firmware/nnet_utils/nnet_dense_resource.h:139]   --->   Operation 1447 'select' 'acc_334' <Predicate = true> <Delay = 0.69> <CoreInst = "Sel">   --->   Core 73 'Sel' <Latency = 0> <II = 1> <Delay = 0.69> <FuncUnit> <Opcode : 'select'> <InPorts = 3> <OutPorts = 1>
ST_9 : Operation 1448 [1/1] (0.69ns)   --->   "%acc_152 = select i1 %icmp_ln144_8, i14 %select_ln144_27, i14 %x_110" [firmware/nnet_utils/nnet_dense_resource.h:144]   --->   Operation 1448 'select' 'acc_152' <Predicate = (!out_index)> <Delay = 0.69> <CoreInst = "Sel">   --->   Core 73 'Sel' <Latency = 0> <II = 1> <Delay = 0.69> <FuncUnit> <Opcode : 'select'> <InPorts = 3> <OutPorts = 1>
ST_9 : Operation 1449 [1/1] (0.69ns)   --->   "%acc_151 = select i1 %icmp_ln144_8, i14 %select_ln144_28, i14 %x_111" [firmware/nnet_utils/nnet_dense_resource.h:144]   --->   Operation 1449 'select' 'acc_151' <Predicate = (out_index)> <Delay = 0.69> <CoreInst = "Sel">   --->   Core 73 'Sel' <Latency = 0> <II = 1> <Delay = 0.69> <FuncUnit> <Opcode : 'select'> <InPorts = 3> <OutPorts = 1>
ST_9 : Operation 1450 [1/1] (0.69ns)   --->   "%acc_335 = select i1 %out_index, i14 %acc_151, i14 %acc_153" [firmware/nnet_utils/nnet_dense_resource.h:139]   --->   Operation 1450 'select' 'acc_335' <Predicate = true> <Delay = 0.69> <CoreInst = "Sel">   --->   Core 73 'Sel' <Latency = 0> <II = 1> <Delay = 0.69> <FuncUnit> <Opcode : 'select'> <InPorts = 3> <OutPorts = 1>
ST_9 : Operation 1451 [1/1] (0.69ns)   --->   "%acc_336 = select i1 %out_index, i14 %acc_153, i14 %acc_152" [firmware/nnet_utils/nnet_dense_resource.h:139]   --->   Operation 1451 'select' 'acc_336' <Predicate = true> <Delay = 0.69> <CoreInst = "Sel">   --->   Core 73 'Sel' <Latency = 0> <II = 1> <Delay = 0.69> <FuncUnit> <Opcode : 'select'> <InPorts = 3> <OutPorts = 1>
ST_9 : Operation 1452 [1/1] (0.69ns)   --->   "%acc_155 = select i1 %icmp_ln144_9, i14 %select_ln144_30, i14 %x_108" [firmware/nnet_utils/nnet_dense_resource.h:144]   --->   Operation 1452 'select' 'acc_155' <Predicate = (!out_index)> <Delay = 0.69> <CoreInst = "Sel">   --->   Core 73 'Sel' <Latency = 0> <II = 1> <Delay = 0.69> <FuncUnit> <Opcode : 'select'> <InPorts = 3> <OutPorts = 1>
ST_9 : Operation 1453 [1/1] (0.69ns)   --->   "%acc_154 = select i1 %icmp_ln144_9, i14 %select_ln144_31, i14 %x_109" [firmware/nnet_utils/nnet_dense_resource.h:144]   --->   Operation 1453 'select' 'acc_154' <Predicate = (out_index)> <Delay = 0.69> <CoreInst = "Sel">   --->   Core 73 'Sel' <Latency = 0> <II = 1> <Delay = 0.69> <FuncUnit> <Opcode : 'select'> <InPorts = 3> <OutPorts = 1>
ST_9 : Operation 1454 [1/1] (0.69ns)   --->   "%acc_337 = select i1 %out_index, i14 %acc_154, i14 %acc_156" [firmware/nnet_utils/nnet_dense_resource.h:139]   --->   Operation 1454 'select' 'acc_337' <Predicate = true> <Delay = 0.69> <CoreInst = "Sel">   --->   Core 73 'Sel' <Latency = 0> <II = 1> <Delay = 0.69> <FuncUnit> <Opcode : 'select'> <InPorts = 3> <OutPorts = 1>
ST_9 : Operation 1455 [1/1] (0.69ns)   --->   "%acc_338 = select i1 %out_index, i14 %acc_156, i14 %acc_155" [firmware/nnet_utils/nnet_dense_resource.h:139]   --->   Operation 1455 'select' 'acc_338' <Predicate = true> <Delay = 0.69> <CoreInst = "Sel">   --->   Core 73 'Sel' <Latency = 0> <II = 1> <Delay = 0.69> <FuncUnit> <Opcode : 'select'> <InPorts = 3> <OutPorts = 1>
ST_9 : Operation 1456 [1/1] (0.69ns)   --->   "%acc_158 = select i1 %icmp_ln144_10, i14 %select_ln144_33, i14 %x_106" [firmware/nnet_utils/nnet_dense_resource.h:144]   --->   Operation 1456 'select' 'acc_158' <Predicate = (!out_index)> <Delay = 0.69> <CoreInst = "Sel">   --->   Core 73 'Sel' <Latency = 0> <II = 1> <Delay = 0.69> <FuncUnit> <Opcode : 'select'> <InPorts = 3> <OutPorts = 1>
ST_9 : Operation 1457 [1/1] (0.69ns)   --->   "%acc_157 = select i1 %icmp_ln144_10, i14 %select_ln144_34, i14 %x_107" [firmware/nnet_utils/nnet_dense_resource.h:144]   --->   Operation 1457 'select' 'acc_157' <Predicate = (out_index)> <Delay = 0.69> <CoreInst = "Sel">   --->   Core 73 'Sel' <Latency = 0> <II = 1> <Delay = 0.69> <FuncUnit> <Opcode : 'select'> <InPorts = 3> <OutPorts = 1>
ST_9 : Operation 1458 [1/1] (0.69ns)   --->   "%acc_339 = select i1 %out_index, i14 %acc_157, i14 %acc_159" [firmware/nnet_utils/nnet_dense_resource.h:139]   --->   Operation 1458 'select' 'acc_339' <Predicate = true> <Delay = 0.69> <CoreInst = "Sel">   --->   Core 73 'Sel' <Latency = 0> <II = 1> <Delay = 0.69> <FuncUnit> <Opcode : 'select'> <InPorts = 3> <OutPorts = 1>
ST_9 : Operation 1459 [1/1] (0.69ns)   --->   "%acc_340 = select i1 %out_index, i14 %acc_159, i14 %acc_158" [firmware/nnet_utils/nnet_dense_resource.h:139]   --->   Operation 1459 'select' 'acc_340' <Predicate = true> <Delay = 0.69> <CoreInst = "Sel">   --->   Core 73 'Sel' <Latency = 0> <II = 1> <Delay = 0.69> <FuncUnit> <Opcode : 'select'> <InPorts = 3> <OutPorts = 1>
ST_9 : Operation 1460 [1/1] (0.69ns)   --->   "%acc_161 = select i1 %icmp_ln144_11, i14 %select_ln144_36, i14 %x_104" [firmware/nnet_utils/nnet_dense_resource.h:144]   --->   Operation 1460 'select' 'acc_161' <Predicate = (!out_index)> <Delay = 0.69> <CoreInst = "Sel">   --->   Core 73 'Sel' <Latency = 0> <II = 1> <Delay = 0.69> <FuncUnit> <Opcode : 'select'> <InPorts = 3> <OutPorts = 1>
ST_9 : Operation 1461 [1/1] (0.69ns)   --->   "%acc_160 = select i1 %icmp_ln144_11, i14 %select_ln144_37, i14 %x_105" [firmware/nnet_utils/nnet_dense_resource.h:144]   --->   Operation 1461 'select' 'acc_160' <Predicate = (out_index)> <Delay = 0.69> <CoreInst = "Sel">   --->   Core 73 'Sel' <Latency = 0> <II = 1> <Delay = 0.69> <FuncUnit> <Opcode : 'select'> <InPorts = 3> <OutPorts = 1>
ST_9 : Operation 1462 [1/1] (0.69ns)   --->   "%acc_341 = select i1 %out_index, i14 %acc_160, i14 %acc_162" [firmware/nnet_utils/nnet_dense_resource.h:139]   --->   Operation 1462 'select' 'acc_341' <Predicate = true> <Delay = 0.69> <CoreInst = "Sel">   --->   Core 73 'Sel' <Latency = 0> <II = 1> <Delay = 0.69> <FuncUnit> <Opcode : 'select'> <InPorts = 3> <OutPorts = 1>
ST_9 : Operation 1463 [1/1] (0.69ns)   --->   "%acc_342 = select i1 %out_index, i14 %acc_162, i14 %acc_161" [firmware/nnet_utils/nnet_dense_resource.h:139]   --->   Operation 1463 'select' 'acc_342' <Predicate = true> <Delay = 0.69> <CoreInst = "Sel">   --->   Core 73 'Sel' <Latency = 0> <II = 1> <Delay = 0.69> <FuncUnit> <Opcode : 'select'> <InPorts = 3> <OutPorts = 1>
ST_9 : Operation 1464 [1/1] (0.69ns)   --->   "%acc_164 = select i1 %icmp_ln144_12, i14 %select_ln144_39, i14 %x_102" [firmware/nnet_utils/nnet_dense_resource.h:144]   --->   Operation 1464 'select' 'acc_164' <Predicate = (!out_index)> <Delay = 0.69> <CoreInst = "Sel">   --->   Core 73 'Sel' <Latency = 0> <II = 1> <Delay = 0.69> <FuncUnit> <Opcode : 'select'> <InPorts = 3> <OutPorts = 1>
ST_9 : Operation 1465 [1/1] (0.69ns)   --->   "%acc_163 = select i1 %icmp_ln144_12, i14 %select_ln144_40, i14 %x_103" [firmware/nnet_utils/nnet_dense_resource.h:144]   --->   Operation 1465 'select' 'acc_163' <Predicate = (out_index)> <Delay = 0.69> <CoreInst = "Sel">   --->   Core 73 'Sel' <Latency = 0> <II = 1> <Delay = 0.69> <FuncUnit> <Opcode : 'select'> <InPorts = 3> <OutPorts = 1>
ST_9 : Operation 1466 [1/1] (0.69ns)   --->   "%acc_343 = select i1 %out_index, i14 %acc_163, i14 %acc_165" [firmware/nnet_utils/nnet_dense_resource.h:139]   --->   Operation 1466 'select' 'acc_343' <Predicate = true> <Delay = 0.69> <CoreInst = "Sel">   --->   Core 73 'Sel' <Latency = 0> <II = 1> <Delay = 0.69> <FuncUnit> <Opcode : 'select'> <InPorts = 3> <OutPorts = 1>
ST_9 : Operation 1467 [1/1] (0.69ns)   --->   "%acc_344 = select i1 %out_index, i14 %acc_165, i14 %acc_164" [firmware/nnet_utils/nnet_dense_resource.h:139]   --->   Operation 1467 'select' 'acc_344' <Predicate = true> <Delay = 0.69> <CoreInst = "Sel">   --->   Core 73 'Sel' <Latency = 0> <II = 1> <Delay = 0.69> <FuncUnit> <Opcode : 'select'> <InPorts = 3> <OutPorts = 1>
ST_9 : Operation 1468 [1/1] (0.69ns)   --->   "%acc_167 = select i1 %icmp_ln144_13, i14 %select_ln144_42, i14 %x_100" [firmware/nnet_utils/nnet_dense_resource.h:144]   --->   Operation 1468 'select' 'acc_167' <Predicate = (!out_index)> <Delay = 0.69> <CoreInst = "Sel">   --->   Core 73 'Sel' <Latency = 0> <II = 1> <Delay = 0.69> <FuncUnit> <Opcode : 'select'> <InPorts = 3> <OutPorts = 1>
ST_9 : Operation 1469 [1/1] (0.69ns)   --->   "%acc_166 = select i1 %icmp_ln144_13, i14 %select_ln144_43, i14 %x_101" [firmware/nnet_utils/nnet_dense_resource.h:144]   --->   Operation 1469 'select' 'acc_166' <Predicate = (out_index)> <Delay = 0.69> <CoreInst = "Sel">   --->   Core 73 'Sel' <Latency = 0> <II = 1> <Delay = 0.69> <FuncUnit> <Opcode : 'select'> <InPorts = 3> <OutPorts = 1>
ST_9 : Operation 1470 [1/1] (0.69ns)   --->   "%acc_345 = select i1 %out_index, i14 %acc_166, i14 %acc_168" [firmware/nnet_utils/nnet_dense_resource.h:139]   --->   Operation 1470 'select' 'acc_345' <Predicate = true> <Delay = 0.69> <CoreInst = "Sel">   --->   Core 73 'Sel' <Latency = 0> <II = 1> <Delay = 0.69> <FuncUnit> <Opcode : 'select'> <InPorts = 3> <OutPorts = 1>
ST_9 : Operation 1471 [1/1] (0.69ns)   --->   "%acc_346 = select i1 %out_index, i14 %acc_168, i14 %acc_167" [firmware/nnet_utils/nnet_dense_resource.h:139]   --->   Operation 1471 'select' 'acc_346' <Predicate = true> <Delay = 0.69> <CoreInst = "Sel">   --->   Core 73 'Sel' <Latency = 0> <II = 1> <Delay = 0.69> <FuncUnit> <Opcode : 'select'> <InPorts = 3> <OutPorts = 1>
ST_9 : Operation 1472 [1/1] (0.69ns)   --->   "%acc_170 = select i1 %icmp_ln144_14, i14 %select_ln144_45, i14 %x_98" [firmware/nnet_utils/nnet_dense_resource.h:144]   --->   Operation 1472 'select' 'acc_170' <Predicate = (!out_index)> <Delay = 0.69> <CoreInst = "Sel">   --->   Core 73 'Sel' <Latency = 0> <II = 1> <Delay = 0.69> <FuncUnit> <Opcode : 'select'> <InPorts = 3> <OutPorts = 1>
ST_9 : Operation 1473 [1/1] (0.69ns)   --->   "%acc_169 = select i1 %icmp_ln144_14, i14 %select_ln144_46, i14 %x_99" [firmware/nnet_utils/nnet_dense_resource.h:144]   --->   Operation 1473 'select' 'acc_169' <Predicate = (out_index)> <Delay = 0.69> <CoreInst = "Sel">   --->   Core 73 'Sel' <Latency = 0> <II = 1> <Delay = 0.69> <FuncUnit> <Opcode : 'select'> <InPorts = 3> <OutPorts = 1>
ST_9 : Operation 1474 [1/1] (0.69ns)   --->   "%acc_347 = select i1 %out_index, i14 %acc_169, i14 %acc_171" [firmware/nnet_utils/nnet_dense_resource.h:139]   --->   Operation 1474 'select' 'acc_347' <Predicate = true> <Delay = 0.69> <CoreInst = "Sel">   --->   Core 73 'Sel' <Latency = 0> <II = 1> <Delay = 0.69> <FuncUnit> <Opcode : 'select'> <InPorts = 3> <OutPorts = 1>
ST_9 : Operation 1475 [1/1] (0.69ns)   --->   "%acc_348 = select i1 %out_index, i14 %acc_171, i14 %acc_170" [firmware/nnet_utils/nnet_dense_resource.h:139]   --->   Operation 1475 'select' 'acc_348' <Predicate = true> <Delay = 0.69> <CoreInst = "Sel">   --->   Core 73 'Sel' <Latency = 0> <II = 1> <Delay = 0.69> <FuncUnit> <Opcode : 'select'> <InPorts = 3> <OutPorts = 1>
ST_9 : Operation 1476 [1/1] (0.69ns)   --->   "%acc_173 = select i1 %icmp_ln144_15, i14 %select_ln144_48, i14 %x_96" [firmware/nnet_utils/nnet_dense_resource.h:144]   --->   Operation 1476 'select' 'acc_173' <Predicate = (!out_index)> <Delay = 0.69> <CoreInst = "Sel">   --->   Core 73 'Sel' <Latency = 0> <II = 1> <Delay = 0.69> <FuncUnit> <Opcode : 'select'> <InPorts = 3> <OutPorts = 1>
ST_9 : Operation 1477 [1/1] (0.69ns)   --->   "%acc_172 = select i1 %icmp_ln144_15, i14 %select_ln144_49, i14 %x_97" [firmware/nnet_utils/nnet_dense_resource.h:144]   --->   Operation 1477 'select' 'acc_172' <Predicate = (out_index)> <Delay = 0.69> <CoreInst = "Sel">   --->   Core 73 'Sel' <Latency = 0> <II = 1> <Delay = 0.69> <FuncUnit> <Opcode : 'select'> <InPorts = 3> <OutPorts = 1>
ST_9 : Operation 1478 [1/1] (0.69ns)   --->   "%acc_349 = select i1 %out_index, i14 %acc_172, i14 %acc_174" [firmware/nnet_utils/nnet_dense_resource.h:139]   --->   Operation 1478 'select' 'acc_349' <Predicate = true> <Delay = 0.69> <CoreInst = "Sel">   --->   Core 73 'Sel' <Latency = 0> <II = 1> <Delay = 0.69> <FuncUnit> <Opcode : 'select'> <InPorts = 3> <OutPorts = 1>
ST_9 : Operation 1479 [1/1] (0.69ns)   --->   "%acc_350 = select i1 %out_index, i14 %acc_174, i14 %acc_173" [firmware/nnet_utils/nnet_dense_resource.h:139]   --->   Operation 1479 'select' 'acc_350' <Predicate = true> <Delay = 0.69> <CoreInst = "Sel">   --->   Core 73 'Sel' <Latency = 0> <II = 1> <Delay = 0.69> <FuncUnit> <Opcode : 'select'> <InPorts = 3> <OutPorts = 1>
ST_9 : Operation 1480 [1/1] (0.69ns)   --->   "%acc_176 = select i1 %icmp_ln144_16, i14 %select_ln144_51, i14 %x_94" [firmware/nnet_utils/nnet_dense_resource.h:144]   --->   Operation 1480 'select' 'acc_176' <Predicate = (!out_index)> <Delay = 0.69> <CoreInst = "Sel">   --->   Core 73 'Sel' <Latency = 0> <II = 1> <Delay = 0.69> <FuncUnit> <Opcode : 'select'> <InPorts = 3> <OutPorts = 1>
ST_9 : Operation 1481 [1/1] (0.69ns)   --->   "%acc_175 = select i1 %icmp_ln144_16, i14 %select_ln144_52, i14 %x_95" [firmware/nnet_utils/nnet_dense_resource.h:144]   --->   Operation 1481 'select' 'acc_175' <Predicate = (out_index)> <Delay = 0.69> <CoreInst = "Sel">   --->   Core 73 'Sel' <Latency = 0> <II = 1> <Delay = 0.69> <FuncUnit> <Opcode : 'select'> <InPorts = 3> <OutPorts = 1>
ST_9 : Operation 1482 [1/1] (0.69ns)   --->   "%acc_351 = select i1 %out_index, i14 %acc_175, i14 %acc_177" [firmware/nnet_utils/nnet_dense_resource.h:139]   --->   Operation 1482 'select' 'acc_351' <Predicate = true> <Delay = 0.69> <CoreInst = "Sel">   --->   Core 73 'Sel' <Latency = 0> <II = 1> <Delay = 0.69> <FuncUnit> <Opcode : 'select'> <InPorts = 3> <OutPorts = 1>
ST_9 : Operation 1483 [1/1] (0.69ns)   --->   "%acc_352 = select i1 %out_index, i14 %acc_177, i14 %acc_176" [firmware/nnet_utils/nnet_dense_resource.h:139]   --->   Operation 1483 'select' 'acc_352' <Predicate = true> <Delay = 0.69> <CoreInst = "Sel">   --->   Core 73 'Sel' <Latency = 0> <II = 1> <Delay = 0.69> <FuncUnit> <Opcode : 'select'> <InPorts = 3> <OutPorts = 1>
ST_9 : Operation 1484 [1/1] (0.69ns)   --->   "%acc_179 = select i1 %icmp_ln144_17, i14 %select_ln144_54, i14 %x_92" [firmware/nnet_utils/nnet_dense_resource.h:144]   --->   Operation 1484 'select' 'acc_179' <Predicate = (!out_index)> <Delay = 0.69> <CoreInst = "Sel">   --->   Core 73 'Sel' <Latency = 0> <II = 1> <Delay = 0.69> <FuncUnit> <Opcode : 'select'> <InPorts = 3> <OutPorts = 1>
ST_9 : Operation 1485 [1/1] (0.69ns)   --->   "%acc_178 = select i1 %icmp_ln144_17, i14 %select_ln144_55, i14 %x_93" [firmware/nnet_utils/nnet_dense_resource.h:144]   --->   Operation 1485 'select' 'acc_178' <Predicate = (out_index)> <Delay = 0.69> <CoreInst = "Sel">   --->   Core 73 'Sel' <Latency = 0> <II = 1> <Delay = 0.69> <FuncUnit> <Opcode : 'select'> <InPorts = 3> <OutPorts = 1>
ST_9 : Operation 1486 [1/1] (0.69ns)   --->   "%acc_353 = select i1 %out_index, i14 %acc_178, i14 %acc_180" [firmware/nnet_utils/nnet_dense_resource.h:139]   --->   Operation 1486 'select' 'acc_353' <Predicate = true> <Delay = 0.69> <CoreInst = "Sel">   --->   Core 73 'Sel' <Latency = 0> <II = 1> <Delay = 0.69> <FuncUnit> <Opcode : 'select'> <InPorts = 3> <OutPorts = 1>
ST_9 : Operation 1487 [1/1] (0.69ns)   --->   "%acc_354 = select i1 %out_index, i14 %acc_180, i14 %acc_179" [firmware/nnet_utils/nnet_dense_resource.h:139]   --->   Operation 1487 'select' 'acc_354' <Predicate = true> <Delay = 0.69> <CoreInst = "Sel">   --->   Core 73 'Sel' <Latency = 0> <II = 1> <Delay = 0.69> <FuncUnit> <Opcode : 'select'> <InPorts = 3> <OutPorts = 1>
ST_9 : Operation 1488 [1/1] (0.69ns)   --->   "%acc_182 = select i1 %icmp_ln144_18, i14 %select_ln144_57, i14 %x_90" [firmware/nnet_utils/nnet_dense_resource.h:144]   --->   Operation 1488 'select' 'acc_182' <Predicate = (!out_index)> <Delay = 0.69> <CoreInst = "Sel">   --->   Core 73 'Sel' <Latency = 0> <II = 1> <Delay = 0.69> <FuncUnit> <Opcode : 'select'> <InPorts = 3> <OutPorts = 1>
ST_9 : Operation 1489 [1/1] (0.69ns)   --->   "%acc_181 = select i1 %icmp_ln144_18, i14 %select_ln144_58, i14 %x_91" [firmware/nnet_utils/nnet_dense_resource.h:144]   --->   Operation 1489 'select' 'acc_181' <Predicate = (out_index)> <Delay = 0.69> <CoreInst = "Sel">   --->   Core 73 'Sel' <Latency = 0> <II = 1> <Delay = 0.69> <FuncUnit> <Opcode : 'select'> <InPorts = 3> <OutPorts = 1>
ST_9 : Operation 1490 [1/1] (0.69ns)   --->   "%acc_355 = select i1 %out_index, i14 %acc_181, i14 %acc_183" [firmware/nnet_utils/nnet_dense_resource.h:139]   --->   Operation 1490 'select' 'acc_355' <Predicate = true> <Delay = 0.69> <CoreInst = "Sel">   --->   Core 73 'Sel' <Latency = 0> <II = 1> <Delay = 0.69> <FuncUnit> <Opcode : 'select'> <InPorts = 3> <OutPorts = 1>
ST_9 : Operation 1491 [1/1] (0.69ns)   --->   "%acc_356 = select i1 %out_index, i14 %acc_183, i14 %acc_182" [firmware/nnet_utils/nnet_dense_resource.h:139]   --->   Operation 1491 'select' 'acc_356' <Predicate = true> <Delay = 0.69> <CoreInst = "Sel">   --->   Core 73 'Sel' <Latency = 0> <II = 1> <Delay = 0.69> <FuncUnit> <Opcode : 'select'> <InPorts = 3> <OutPorts = 1>
ST_9 : Operation 1492 [1/1] (0.69ns)   --->   "%acc_185 = select i1 %icmp_ln144_19, i14 %select_ln144_60, i14 %x_88" [firmware/nnet_utils/nnet_dense_resource.h:144]   --->   Operation 1492 'select' 'acc_185' <Predicate = (!out_index)> <Delay = 0.69> <CoreInst = "Sel">   --->   Core 73 'Sel' <Latency = 0> <II = 1> <Delay = 0.69> <FuncUnit> <Opcode : 'select'> <InPorts = 3> <OutPorts = 1>
ST_9 : Operation 1493 [1/1] (0.69ns)   --->   "%acc_184 = select i1 %icmp_ln144_19, i14 %select_ln144_61, i14 %x_89" [firmware/nnet_utils/nnet_dense_resource.h:144]   --->   Operation 1493 'select' 'acc_184' <Predicate = (out_index)> <Delay = 0.69> <CoreInst = "Sel">   --->   Core 73 'Sel' <Latency = 0> <II = 1> <Delay = 0.69> <FuncUnit> <Opcode : 'select'> <InPorts = 3> <OutPorts = 1>
ST_9 : Operation 1494 [1/1] (0.69ns)   --->   "%acc_357 = select i1 %out_index, i14 %acc_184, i14 %acc_186" [firmware/nnet_utils/nnet_dense_resource.h:139]   --->   Operation 1494 'select' 'acc_357' <Predicate = true> <Delay = 0.69> <CoreInst = "Sel">   --->   Core 73 'Sel' <Latency = 0> <II = 1> <Delay = 0.69> <FuncUnit> <Opcode : 'select'> <InPorts = 3> <OutPorts = 1>
ST_9 : Operation 1495 [1/1] (0.69ns)   --->   "%acc_358 = select i1 %out_index, i14 %acc_186, i14 %acc_185" [firmware/nnet_utils/nnet_dense_resource.h:139]   --->   Operation 1495 'select' 'acc_358' <Predicate = true> <Delay = 0.69> <CoreInst = "Sel">   --->   Core 73 'Sel' <Latency = 0> <II = 1> <Delay = 0.69> <FuncUnit> <Opcode : 'select'> <InPorts = 3> <OutPorts = 1>
ST_9 : Operation 1496 [1/1] (0.69ns)   --->   "%acc_188 = select i1 %icmp_ln144_20, i14 %select_ln144_63, i14 %x_86" [firmware/nnet_utils/nnet_dense_resource.h:144]   --->   Operation 1496 'select' 'acc_188' <Predicate = (!out_index)> <Delay = 0.69> <CoreInst = "Sel">   --->   Core 73 'Sel' <Latency = 0> <II = 1> <Delay = 0.69> <FuncUnit> <Opcode : 'select'> <InPorts = 3> <OutPorts = 1>
ST_9 : Operation 1497 [1/1] (0.69ns)   --->   "%acc_187 = select i1 %icmp_ln144_20, i14 %select_ln144_64, i14 %x_87" [firmware/nnet_utils/nnet_dense_resource.h:144]   --->   Operation 1497 'select' 'acc_187' <Predicate = (out_index)> <Delay = 0.69> <CoreInst = "Sel">   --->   Core 73 'Sel' <Latency = 0> <II = 1> <Delay = 0.69> <FuncUnit> <Opcode : 'select'> <InPorts = 3> <OutPorts = 1>
ST_9 : Operation 1498 [1/1] (0.69ns)   --->   "%acc_359 = select i1 %out_index, i14 %acc_187, i14 %acc_189" [firmware/nnet_utils/nnet_dense_resource.h:139]   --->   Operation 1498 'select' 'acc_359' <Predicate = true> <Delay = 0.69> <CoreInst = "Sel">   --->   Core 73 'Sel' <Latency = 0> <II = 1> <Delay = 0.69> <FuncUnit> <Opcode : 'select'> <InPorts = 3> <OutPorts = 1>
ST_9 : Operation 1499 [1/1] (0.69ns)   --->   "%acc_360 = select i1 %out_index, i14 %acc_189, i14 %acc_188" [firmware/nnet_utils/nnet_dense_resource.h:139]   --->   Operation 1499 'select' 'acc_360' <Predicate = true> <Delay = 0.69> <CoreInst = "Sel">   --->   Core 73 'Sel' <Latency = 0> <II = 1> <Delay = 0.69> <FuncUnit> <Opcode : 'select'> <InPorts = 3> <OutPorts = 1>
ST_9 : Operation 1500 [1/1] (0.69ns)   --->   "%acc_191 = select i1 %icmp_ln144_21, i14 %select_ln144_66, i14 %x_84" [firmware/nnet_utils/nnet_dense_resource.h:144]   --->   Operation 1500 'select' 'acc_191' <Predicate = (!out_index)> <Delay = 0.69> <CoreInst = "Sel">   --->   Core 73 'Sel' <Latency = 0> <II = 1> <Delay = 0.69> <FuncUnit> <Opcode : 'select'> <InPorts = 3> <OutPorts = 1>
ST_9 : Operation 1501 [1/1] (0.69ns)   --->   "%acc_190 = select i1 %icmp_ln144_21, i14 %select_ln144_67, i14 %x_85" [firmware/nnet_utils/nnet_dense_resource.h:144]   --->   Operation 1501 'select' 'acc_190' <Predicate = (out_index)> <Delay = 0.69> <CoreInst = "Sel">   --->   Core 73 'Sel' <Latency = 0> <II = 1> <Delay = 0.69> <FuncUnit> <Opcode : 'select'> <InPorts = 3> <OutPorts = 1>
ST_9 : Operation 1502 [1/1] (0.69ns)   --->   "%acc_361 = select i1 %out_index, i14 %acc_190, i14 %acc_192" [firmware/nnet_utils/nnet_dense_resource.h:139]   --->   Operation 1502 'select' 'acc_361' <Predicate = true> <Delay = 0.69> <CoreInst = "Sel">   --->   Core 73 'Sel' <Latency = 0> <II = 1> <Delay = 0.69> <FuncUnit> <Opcode : 'select'> <InPorts = 3> <OutPorts = 1>
ST_9 : Operation 1503 [1/1] (0.69ns)   --->   "%acc_362 = select i1 %out_index, i14 %acc_192, i14 %acc_191" [firmware/nnet_utils/nnet_dense_resource.h:139]   --->   Operation 1503 'select' 'acc_362' <Predicate = true> <Delay = 0.69> <CoreInst = "Sel">   --->   Core 73 'Sel' <Latency = 0> <II = 1> <Delay = 0.69> <FuncUnit> <Opcode : 'select'> <InPorts = 3> <OutPorts = 1>
ST_9 : Operation 1504 [1/1] (0.69ns)   --->   "%acc_194 = select i1 %icmp_ln144_22, i14 %select_ln144_69, i14 %x_82" [firmware/nnet_utils/nnet_dense_resource.h:144]   --->   Operation 1504 'select' 'acc_194' <Predicate = (!out_index)> <Delay = 0.69> <CoreInst = "Sel">   --->   Core 73 'Sel' <Latency = 0> <II = 1> <Delay = 0.69> <FuncUnit> <Opcode : 'select'> <InPorts = 3> <OutPorts = 1>
ST_9 : Operation 1505 [1/1] (0.69ns)   --->   "%acc_193 = select i1 %icmp_ln144_22, i14 %select_ln144_70, i14 %x_83" [firmware/nnet_utils/nnet_dense_resource.h:144]   --->   Operation 1505 'select' 'acc_193' <Predicate = (out_index)> <Delay = 0.69> <CoreInst = "Sel">   --->   Core 73 'Sel' <Latency = 0> <II = 1> <Delay = 0.69> <FuncUnit> <Opcode : 'select'> <InPorts = 3> <OutPorts = 1>
ST_9 : Operation 1506 [1/1] (0.69ns)   --->   "%acc_363 = select i1 %out_index, i14 %acc_193, i14 %acc_195" [firmware/nnet_utils/nnet_dense_resource.h:139]   --->   Operation 1506 'select' 'acc_363' <Predicate = true> <Delay = 0.69> <CoreInst = "Sel">   --->   Core 73 'Sel' <Latency = 0> <II = 1> <Delay = 0.69> <FuncUnit> <Opcode : 'select'> <InPorts = 3> <OutPorts = 1>
ST_9 : Operation 1507 [1/1] (0.69ns)   --->   "%acc_364 = select i1 %out_index, i14 %acc_195, i14 %acc_194" [firmware/nnet_utils/nnet_dense_resource.h:139]   --->   Operation 1507 'select' 'acc_364' <Predicate = true> <Delay = 0.69> <CoreInst = "Sel">   --->   Core 73 'Sel' <Latency = 0> <II = 1> <Delay = 0.69> <FuncUnit> <Opcode : 'select'> <InPorts = 3> <OutPorts = 1>
ST_9 : Operation 1508 [1/1] (0.69ns)   --->   "%acc_197 = select i1 %icmp_ln144_23, i14 %select_ln144_72, i14 %x_80" [firmware/nnet_utils/nnet_dense_resource.h:144]   --->   Operation 1508 'select' 'acc_197' <Predicate = (!out_index)> <Delay = 0.69> <CoreInst = "Sel">   --->   Core 73 'Sel' <Latency = 0> <II = 1> <Delay = 0.69> <FuncUnit> <Opcode : 'select'> <InPorts = 3> <OutPorts = 1>
ST_9 : Operation 1509 [1/1] (0.69ns)   --->   "%acc_196 = select i1 %icmp_ln144_23, i14 %select_ln144_73, i14 %x_81" [firmware/nnet_utils/nnet_dense_resource.h:144]   --->   Operation 1509 'select' 'acc_196' <Predicate = (out_index)> <Delay = 0.69> <CoreInst = "Sel">   --->   Core 73 'Sel' <Latency = 0> <II = 1> <Delay = 0.69> <FuncUnit> <Opcode : 'select'> <InPorts = 3> <OutPorts = 1>
ST_9 : Operation 1510 [1/1] (0.69ns)   --->   "%acc_365 = select i1 %out_index, i14 %acc_196, i14 %acc_198" [firmware/nnet_utils/nnet_dense_resource.h:139]   --->   Operation 1510 'select' 'acc_365' <Predicate = true> <Delay = 0.69> <CoreInst = "Sel">   --->   Core 73 'Sel' <Latency = 0> <II = 1> <Delay = 0.69> <FuncUnit> <Opcode : 'select'> <InPorts = 3> <OutPorts = 1>
ST_9 : Operation 1511 [1/1] (0.69ns)   --->   "%acc_366 = select i1 %out_index, i14 %acc_198, i14 %acc_197" [firmware/nnet_utils/nnet_dense_resource.h:139]   --->   Operation 1511 'select' 'acc_366' <Predicate = true> <Delay = 0.69> <CoreInst = "Sel">   --->   Core 73 'Sel' <Latency = 0> <II = 1> <Delay = 0.69> <FuncUnit> <Opcode : 'select'> <InPorts = 3> <OutPorts = 1>
ST_9 : Operation 1512 [1/1] (0.69ns)   --->   "%acc_200 = select i1 %icmp_ln144_24, i14 %select_ln144_75, i14 %x_78" [firmware/nnet_utils/nnet_dense_resource.h:144]   --->   Operation 1512 'select' 'acc_200' <Predicate = (!out_index)> <Delay = 0.69> <CoreInst = "Sel">   --->   Core 73 'Sel' <Latency = 0> <II = 1> <Delay = 0.69> <FuncUnit> <Opcode : 'select'> <InPorts = 3> <OutPorts = 1>
ST_9 : Operation 1513 [1/1] (0.69ns)   --->   "%acc_199 = select i1 %icmp_ln144_24, i14 %select_ln144_76, i14 %x_79" [firmware/nnet_utils/nnet_dense_resource.h:144]   --->   Operation 1513 'select' 'acc_199' <Predicate = (out_index)> <Delay = 0.69> <CoreInst = "Sel">   --->   Core 73 'Sel' <Latency = 0> <II = 1> <Delay = 0.69> <FuncUnit> <Opcode : 'select'> <InPorts = 3> <OutPorts = 1>
ST_9 : Operation 1514 [1/1] (0.69ns)   --->   "%acc_367 = select i1 %out_index, i14 %acc_199, i14 %acc_201" [firmware/nnet_utils/nnet_dense_resource.h:139]   --->   Operation 1514 'select' 'acc_367' <Predicate = true> <Delay = 0.69> <CoreInst = "Sel">   --->   Core 73 'Sel' <Latency = 0> <II = 1> <Delay = 0.69> <FuncUnit> <Opcode : 'select'> <InPorts = 3> <OutPorts = 1>
ST_9 : Operation 1515 [1/1] (0.69ns)   --->   "%acc_368 = select i1 %out_index, i14 %acc_201, i14 %acc_200" [firmware/nnet_utils/nnet_dense_resource.h:139]   --->   Operation 1515 'select' 'acc_368' <Predicate = true> <Delay = 0.69> <CoreInst = "Sel">   --->   Core 73 'Sel' <Latency = 0> <II = 1> <Delay = 0.69> <FuncUnit> <Opcode : 'select'> <InPorts = 3> <OutPorts = 1>
ST_9 : Operation 1516 [1/1] (0.69ns)   --->   "%acc_203 = select i1 %icmp_ln144_25, i14 %select_ln144_78, i14 %x_76" [firmware/nnet_utils/nnet_dense_resource.h:144]   --->   Operation 1516 'select' 'acc_203' <Predicate = (!out_index)> <Delay = 0.69> <CoreInst = "Sel">   --->   Core 73 'Sel' <Latency = 0> <II = 1> <Delay = 0.69> <FuncUnit> <Opcode : 'select'> <InPorts = 3> <OutPorts = 1>
ST_9 : Operation 1517 [1/1] (0.69ns)   --->   "%acc_202 = select i1 %icmp_ln144_25, i14 %select_ln144_79, i14 %x_77" [firmware/nnet_utils/nnet_dense_resource.h:144]   --->   Operation 1517 'select' 'acc_202' <Predicate = (out_index)> <Delay = 0.69> <CoreInst = "Sel">   --->   Core 73 'Sel' <Latency = 0> <II = 1> <Delay = 0.69> <FuncUnit> <Opcode : 'select'> <InPorts = 3> <OutPorts = 1>
ST_9 : Operation 1518 [1/1] (0.69ns)   --->   "%acc_369 = select i1 %out_index, i14 %acc_202, i14 %acc_204" [firmware/nnet_utils/nnet_dense_resource.h:139]   --->   Operation 1518 'select' 'acc_369' <Predicate = true> <Delay = 0.69> <CoreInst = "Sel">   --->   Core 73 'Sel' <Latency = 0> <II = 1> <Delay = 0.69> <FuncUnit> <Opcode : 'select'> <InPorts = 3> <OutPorts = 1>
ST_9 : Operation 1519 [1/1] (0.69ns)   --->   "%acc_370 = select i1 %out_index, i14 %acc_204, i14 %acc_203" [firmware/nnet_utils/nnet_dense_resource.h:139]   --->   Operation 1519 'select' 'acc_370' <Predicate = true> <Delay = 0.69> <CoreInst = "Sel">   --->   Core 73 'Sel' <Latency = 0> <II = 1> <Delay = 0.69> <FuncUnit> <Opcode : 'select'> <InPorts = 3> <OutPorts = 1>
ST_9 : Operation 1520 [1/1] (0.69ns)   --->   "%acc_206 = select i1 %icmp_ln144_26, i14 %select_ln144_81, i14 %x_74" [firmware/nnet_utils/nnet_dense_resource.h:144]   --->   Operation 1520 'select' 'acc_206' <Predicate = (!out_index)> <Delay = 0.69> <CoreInst = "Sel">   --->   Core 73 'Sel' <Latency = 0> <II = 1> <Delay = 0.69> <FuncUnit> <Opcode : 'select'> <InPorts = 3> <OutPorts = 1>
ST_9 : Operation 1521 [1/1] (0.69ns)   --->   "%acc_205 = select i1 %icmp_ln144_26, i14 %select_ln144_82, i14 %x_75" [firmware/nnet_utils/nnet_dense_resource.h:144]   --->   Operation 1521 'select' 'acc_205' <Predicate = (out_index)> <Delay = 0.69> <CoreInst = "Sel">   --->   Core 73 'Sel' <Latency = 0> <II = 1> <Delay = 0.69> <FuncUnit> <Opcode : 'select'> <InPorts = 3> <OutPorts = 1>
ST_9 : Operation 1522 [1/1] (0.69ns)   --->   "%acc_371 = select i1 %out_index, i14 %acc_205, i14 %acc_207" [firmware/nnet_utils/nnet_dense_resource.h:139]   --->   Operation 1522 'select' 'acc_371' <Predicate = true> <Delay = 0.69> <CoreInst = "Sel">   --->   Core 73 'Sel' <Latency = 0> <II = 1> <Delay = 0.69> <FuncUnit> <Opcode : 'select'> <InPorts = 3> <OutPorts = 1>
ST_9 : Operation 1523 [1/1] (0.69ns)   --->   "%acc_372 = select i1 %out_index, i14 %acc_207, i14 %acc_206" [firmware/nnet_utils/nnet_dense_resource.h:139]   --->   Operation 1523 'select' 'acc_372' <Predicate = true> <Delay = 0.69> <CoreInst = "Sel">   --->   Core 73 'Sel' <Latency = 0> <II = 1> <Delay = 0.69> <FuncUnit> <Opcode : 'select'> <InPorts = 3> <OutPorts = 1>
ST_9 : Operation 1524 [1/1] (0.69ns)   --->   "%acc_209 = select i1 %icmp_ln144_27, i14 %select_ln144_84, i14 %x_72" [firmware/nnet_utils/nnet_dense_resource.h:144]   --->   Operation 1524 'select' 'acc_209' <Predicate = (!out_index)> <Delay = 0.69> <CoreInst = "Sel">   --->   Core 73 'Sel' <Latency = 0> <II = 1> <Delay = 0.69> <FuncUnit> <Opcode : 'select'> <InPorts = 3> <OutPorts = 1>
ST_9 : Operation 1525 [1/1] (0.69ns)   --->   "%acc_208 = select i1 %icmp_ln144_27, i14 %select_ln144_85, i14 %x_73" [firmware/nnet_utils/nnet_dense_resource.h:144]   --->   Operation 1525 'select' 'acc_208' <Predicate = (out_index)> <Delay = 0.69> <CoreInst = "Sel">   --->   Core 73 'Sel' <Latency = 0> <II = 1> <Delay = 0.69> <FuncUnit> <Opcode : 'select'> <InPorts = 3> <OutPorts = 1>
ST_9 : Operation 1526 [1/1] (0.69ns)   --->   "%acc_373 = select i1 %out_index, i14 %acc_208, i14 %acc_210" [firmware/nnet_utils/nnet_dense_resource.h:139]   --->   Operation 1526 'select' 'acc_373' <Predicate = true> <Delay = 0.69> <CoreInst = "Sel">   --->   Core 73 'Sel' <Latency = 0> <II = 1> <Delay = 0.69> <FuncUnit> <Opcode : 'select'> <InPorts = 3> <OutPorts = 1>
ST_9 : Operation 1527 [1/1] (0.69ns)   --->   "%acc_374 = select i1 %out_index, i14 %acc_210, i14 %acc_209" [firmware/nnet_utils/nnet_dense_resource.h:139]   --->   Operation 1527 'select' 'acc_374' <Predicate = true> <Delay = 0.69> <CoreInst = "Sel">   --->   Core 73 'Sel' <Latency = 0> <II = 1> <Delay = 0.69> <FuncUnit> <Opcode : 'select'> <InPorts = 3> <OutPorts = 1>
ST_9 : Operation 1528 [1/1] (0.69ns)   --->   "%acc_212 = select i1 %icmp_ln144_28, i14 %select_ln144_87, i14 %x_70" [firmware/nnet_utils/nnet_dense_resource.h:144]   --->   Operation 1528 'select' 'acc_212' <Predicate = (!out_index)> <Delay = 0.69> <CoreInst = "Sel">   --->   Core 73 'Sel' <Latency = 0> <II = 1> <Delay = 0.69> <FuncUnit> <Opcode : 'select'> <InPorts = 3> <OutPorts = 1>
ST_9 : Operation 1529 [1/1] (0.69ns)   --->   "%acc_211 = select i1 %icmp_ln144_28, i14 %select_ln144_88, i14 %x_71" [firmware/nnet_utils/nnet_dense_resource.h:144]   --->   Operation 1529 'select' 'acc_211' <Predicate = (out_index)> <Delay = 0.69> <CoreInst = "Sel">   --->   Core 73 'Sel' <Latency = 0> <II = 1> <Delay = 0.69> <FuncUnit> <Opcode : 'select'> <InPorts = 3> <OutPorts = 1>
ST_9 : Operation 1530 [1/1] (0.69ns)   --->   "%acc_375 = select i1 %out_index, i14 %acc_211, i14 %acc_213" [firmware/nnet_utils/nnet_dense_resource.h:139]   --->   Operation 1530 'select' 'acc_375' <Predicate = true> <Delay = 0.69> <CoreInst = "Sel">   --->   Core 73 'Sel' <Latency = 0> <II = 1> <Delay = 0.69> <FuncUnit> <Opcode : 'select'> <InPorts = 3> <OutPorts = 1>
ST_9 : Operation 1531 [1/1] (0.69ns)   --->   "%acc_376 = select i1 %out_index, i14 %acc_213, i14 %acc_212" [firmware/nnet_utils/nnet_dense_resource.h:139]   --->   Operation 1531 'select' 'acc_376' <Predicate = true> <Delay = 0.69> <CoreInst = "Sel">   --->   Core 73 'Sel' <Latency = 0> <II = 1> <Delay = 0.69> <FuncUnit> <Opcode : 'select'> <InPorts = 3> <OutPorts = 1>
ST_9 : Operation 1532 [1/1] (0.69ns)   --->   "%acc_215 = select i1 %icmp_ln144_29, i14 %select_ln144_90, i14 %x_68" [firmware/nnet_utils/nnet_dense_resource.h:144]   --->   Operation 1532 'select' 'acc_215' <Predicate = (!out_index)> <Delay = 0.69> <CoreInst = "Sel">   --->   Core 73 'Sel' <Latency = 0> <II = 1> <Delay = 0.69> <FuncUnit> <Opcode : 'select'> <InPorts = 3> <OutPorts = 1>
ST_9 : Operation 1533 [1/1] (0.69ns)   --->   "%acc_214 = select i1 %icmp_ln144_29, i14 %select_ln144_91, i14 %x_69" [firmware/nnet_utils/nnet_dense_resource.h:144]   --->   Operation 1533 'select' 'acc_214' <Predicate = (out_index)> <Delay = 0.69> <CoreInst = "Sel">   --->   Core 73 'Sel' <Latency = 0> <II = 1> <Delay = 0.69> <FuncUnit> <Opcode : 'select'> <InPorts = 3> <OutPorts = 1>
ST_9 : Operation 1534 [1/1] (0.69ns)   --->   "%acc_377 = select i1 %out_index, i14 %acc_214, i14 %acc_216" [firmware/nnet_utils/nnet_dense_resource.h:139]   --->   Operation 1534 'select' 'acc_377' <Predicate = true> <Delay = 0.69> <CoreInst = "Sel">   --->   Core 73 'Sel' <Latency = 0> <II = 1> <Delay = 0.69> <FuncUnit> <Opcode : 'select'> <InPorts = 3> <OutPorts = 1>
ST_9 : Operation 1535 [1/1] (0.69ns)   --->   "%acc_378 = select i1 %out_index, i14 %acc_216, i14 %acc_215" [firmware/nnet_utils/nnet_dense_resource.h:139]   --->   Operation 1535 'select' 'acc_378' <Predicate = true> <Delay = 0.69> <CoreInst = "Sel">   --->   Core 73 'Sel' <Latency = 0> <II = 1> <Delay = 0.69> <FuncUnit> <Opcode : 'select'> <InPorts = 3> <OutPorts = 1>
ST_9 : Operation 1536 [1/1] (0.69ns)   --->   "%acc_218 = select i1 %icmp_ln144_30, i14 %select_ln144_93, i14 %x_66" [firmware/nnet_utils/nnet_dense_resource.h:144]   --->   Operation 1536 'select' 'acc_218' <Predicate = (!out_index)> <Delay = 0.69> <CoreInst = "Sel">   --->   Core 73 'Sel' <Latency = 0> <II = 1> <Delay = 0.69> <FuncUnit> <Opcode : 'select'> <InPorts = 3> <OutPorts = 1>
ST_9 : Operation 1537 [1/1] (0.69ns)   --->   "%acc_217 = select i1 %icmp_ln144_30, i14 %select_ln144_94, i14 %x_67" [firmware/nnet_utils/nnet_dense_resource.h:144]   --->   Operation 1537 'select' 'acc_217' <Predicate = (out_index)> <Delay = 0.69> <CoreInst = "Sel">   --->   Core 73 'Sel' <Latency = 0> <II = 1> <Delay = 0.69> <FuncUnit> <Opcode : 'select'> <InPorts = 3> <OutPorts = 1>
ST_9 : Operation 1538 [1/1] (0.69ns)   --->   "%acc_379 = select i1 %out_index, i14 %acc_217, i14 %acc_219" [firmware/nnet_utils/nnet_dense_resource.h:139]   --->   Operation 1538 'select' 'acc_379' <Predicate = true> <Delay = 0.69> <CoreInst = "Sel">   --->   Core 73 'Sel' <Latency = 0> <II = 1> <Delay = 0.69> <FuncUnit> <Opcode : 'select'> <InPorts = 3> <OutPorts = 1>
ST_9 : Operation 1539 [1/1] (0.69ns)   --->   "%acc_380 = select i1 %out_index, i14 %acc_219, i14 %acc_218" [firmware/nnet_utils/nnet_dense_resource.h:139]   --->   Operation 1539 'select' 'acc_380' <Predicate = true> <Delay = 0.69> <CoreInst = "Sel">   --->   Core 73 'Sel' <Latency = 0> <II = 1> <Delay = 0.69> <FuncUnit> <Opcode : 'select'> <InPorts = 3> <OutPorts = 1>
ST_9 : Operation 1540 [1/1] (0.69ns)   --->   "%acc_221 = select i1 %icmp_ln144_31, i14 %select_ln144_96, i14 %x_64" [firmware/nnet_utils/nnet_dense_resource.h:144]   --->   Operation 1540 'select' 'acc_221' <Predicate = (!out_index)> <Delay = 0.69> <CoreInst = "Sel">   --->   Core 73 'Sel' <Latency = 0> <II = 1> <Delay = 0.69> <FuncUnit> <Opcode : 'select'> <InPorts = 3> <OutPorts = 1>
ST_9 : Operation 1541 [1/1] (0.69ns)   --->   "%acc_220 = select i1 %icmp_ln144_31, i14 %select_ln144_97, i14 %x_65" [firmware/nnet_utils/nnet_dense_resource.h:144]   --->   Operation 1541 'select' 'acc_220' <Predicate = (out_index)> <Delay = 0.69> <CoreInst = "Sel">   --->   Core 73 'Sel' <Latency = 0> <II = 1> <Delay = 0.69> <FuncUnit> <Opcode : 'select'> <InPorts = 3> <OutPorts = 1>
ST_9 : Operation 1542 [1/1] (0.69ns)   --->   "%acc_381 = select i1 %out_index, i14 %acc_220, i14 %acc_222" [firmware/nnet_utils/nnet_dense_resource.h:139]   --->   Operation 1542 'select' 'acc_381' <Predicate = true> <Delay = 0.69> <CoreInst = "Sel">   --->   Core 73 'Sel' <Latency = 0> <II = 1> <Delay = 0.69> <FuncUnit> <Opcode : 'select'> <InPorts = 3> <OutPorts = 1>
ST_9 : Operation 1543 [1/1] (0.69ns)   --->   "%acc_382 = select i1 %out_index, i14 %acc_222, i14 %acc_221" [firmware/nnet_utils/nnet_dense_resource.h:139]   --->   Operation 1543 'select' 'acc_382' <Predicate = true> <Delay = 0.69> <CoreInst = "Sel">   --->   Core 73 'Sel' <Latency = 0> <II = 1> <Delay = 0.69> <FuncUnit> <Opcode : 'select'> <InPorts = 3> <OutPorts = 1>
ST_9 : Operation 1544 [1/1] (0.69ns)   --->   "%acc_224 = select i1 %icmp_ln144_32, i14 %select_ln144_99, i14 %x_62" [firmware/nnet_utils/nnet_dense_resource.h:144]   --->   Operation 1544 'select' 'acc_224' <Predicate = (!out_index)> <Delay = 0.69> <CoreInst = "Sel">   --->   Core 73 'Sel' <Latency = 0> <II = 1> <Delay = 0.69> <FuncUnit> <Opcode : 'select'> <InPorts = 3> <OutPorts = 1>
ST_9 : Operation 1545 [1/1] (0.69ns)   --->   "%acc_223 = select i1 %icmp_ln144_32, i14 %select_ln144_100, i14 %x_63" [firmware/nnet_utils/nnet_dense_resource.h:144]   --->   Operation 1545 'select' 'acc_223' <Predicate = (out_index)> <Delay = 0.69> <CoreInst = "Sel">   --->   Core 73 'Sel' <Latency = 0> <II = 1> <Delay = 0.69> <FuncUnit> <Opcode : 'select'> <InPorts = 3> <OutPorts = 1>
ST_9 : Operation 1546 [1/1] (0.69ns)   --->   "%acc_383 = select i1 %out_index, i14 %acc_223, i14 %acc_225" [firmware/nnet_utils/nnet_dense_resource.h:139]   --->   Operation 1546 'select' 'acc_383' <Predicate = true> <Delay = 0.69> <CoreInst = "Sel">   --->   Core 73 'Sel' <Latency = 0> <II = 1> <Delay = 0.69> <FuncUnit> <Opcode : 'select'> <InPorts = 3> <OutPorts = 1>
ST_9 : Operation 1547 [1/1] (0.69ns)   --->   "%acc_384 = select i1 %out_index, i14 %acc_225, i14 %acc_224" [firmware/nnet_utils/nnet_dense_resource.h:139]   --->   Operation 1547 'select' 'acc_384' <Predicate = true> <Delay = 0.69> <CoreInst = "Sel">   --->   Core 73 'Sel' <Latency = 0> <II = 1> <Delay = 0.69> <FuncUnit> <Opcode : 'select'> <InPorts = 3> <OutPorts = 1>
ST_9 : Operation 1548 [1/1] (0.69ns)   --->   "%acc_227 = select i1 %icmp_ln144_33, i14 %select_ln144_102, i14 %x_60" [firmware/nnet_utils/nnet_dense_resource.h:144]   --->   Operation 1548 'select' 'acc_227' <Predicate = (!out_index)> <Delay = 0.69> <CoreInst = "Sel">   --->   Core 73 'Sel' <Latency = 0> <II = 1> <Delay = 0.69> <FuncUnit> <Opcode : 'select'> <InPorts = 3> <OutPorts = 1>
ST_9 : Operation 1549 [1/1] (0.69ns)   --->   "%acc_226 = select i1 %icmp_ln144_33, i14 %select_ln144_103, i14 %x_61" [firmware/nnet_utils/nnet_dense_resource.h:144]   --->   Operation 1549 'select' 'acc_226' <Predicate = (out_index)> <Delay = 0.69> <CoreInst = "Sel">   --->   Core 73 'Sel' <Latency = 0> <II = 1> <Delay = 0.69> <FuncUnit> <Opcode : 'select'> <InPorts = 3> <OutPorts = 1>
ST_9 : Operation 1550 [1/1] (0.69ns)   --->   "%acc_385 = select i1 %out_index, i14 %acc_226, i14 %acc_228" [firmware/nnet_utils/nnet_dense_resource.h:139]   --->   Operation 1550 'select' 'acc_385' <Predicate = true> <Delay = 0.69> <CoreInst = "Sel">   --->   Core 73 'Sel' <Latency = 0> <II = 1> <Delay = 0.69> <FuncUnit> <Opcode : 'select'> <InPorts = 3> <OutPorts = 1>
ST_9 : Operation 1551 [1/1] (0.69ns)   --->   "%acc_386 = select i1 %out_index, i14 %acc_228, i14 %acc_227" [firmware/nnet_utils/nnet_dense_resource.h:139]   --->   Operation 1551 'select' 'acc_386' <Predicate = true> <Delay = 0.69> <CoreInst = "Sel">   --->   Core 73 'Sel' <Latency = 0> <II = 1> <Delay = 0.69> <FuncUnit> <Opcode : 'select'> <InPorts = 3> <OutPorts = 1>
ST_9 : Operation 1552 [1/1] (0.69ns)   --->   "%acc_230 = select i1 %icmp_ln144_34, i14 %select_ln144_105, i14 %x_58" [firmware/nnet_utils/nnet_dense_resource.h:144]   --->   Operation 1552 'select' 'acc_230' <Predicate = (!out_index)> <Delay = 0.69> <CoreInst = "Sel">   --->   Core 73 'Sel' <Latency = 0> <II = 1> <Delay = 0.69> <FuncUnit> <Opcode : 'select'> <InPorts = 3> <OutPorts = 1>
ST_9 : Operation 1553 [1/1] (0.69ns)   --->   "%acc_229 = select i1 %icmp_ln144_34, i14 %select_ln144_106, i14 %x_59" [firmware/nnet_utils/nnet_dense_resource.h:144]   --->   Operation 1553 'select' 'acc_229' <Predicate = (out_index)> <Delay = 0.69> <CoreInst = "Sel">   --->   Core 73 'Sel' <Latency = 0> <II = 1> <Delay = 0.69> <FuncUnit> <Opcode : 'select'> <InPorts = 3> <OutPorts = 1>
ST_9 : Operation 1554 [1/1] (0.69ns)   --->   "%acc_387 = select i1 %out_index, i14 %acc_229, i14 %acc_231" [firmware/nnet_utils/nnet_dense_resource.h:139]   --->   Operation 1554 'select' 'acc_387' <Predicate = true> <Delay = 0.69> <CoreInst = "Sel">   --->   Core 73 'Sel' <Latency = 0> <II = 1> <Delay = 0.69> <FuncUnit> <Opcode : 'select'> <InPorts = 3> <OutPorts = 1>
ST_9 : Operation 1555 [1/1] (0.69ns)   --->   "%acc_388 = select i1 %out_index, i14 %acc_231, i14 %acc_230" [firmware/nnet_utils/nnet_dense_resource.h:139]   --->   Operation 1555 'select' 'acc_388' <Predicate = true> <Delay = 0.69> <CoreInst = "Sel">   --->   Core 73 'Sel' <Latency = 0> <II = 1> <Delay = 0.69> <FuncUnit> <Opcode : 'select'> <InPorts = 3> <OutPorts = 1>
ST_9 : Operation 1556 [1/1] (0.69ns)   --->   "%acc_233 = select i1 %icmp_ln144_35, i14 %select_ln144_108, i14 %x_56" [firmware/nnet_utils/nnet_dense_resource.h:144]   --->   Operation 1556 'select' 'acc_233' <Predicate = (!out_index)> <Delay = 0.69> <CoreInst = "Sel">   --->   Core 73 'Sel' <Latency = 0> <II = 1> <Delay = 0.69> <FuncUnit> <Opcode : 'select'> <InPorts = 3> <OutPorts = 1>
ST_9 : Operation 1557 [1/1] (0.69ns)   --->   "%acc_232 = select i1 %icmp_ln144_35, i14 %select_ln144_109, i14 %x_57" [firmware/nnet_utils/nnet_dense_resource.h:144]   --->   Operation 1557 'select' 'acc_232' <Predicate = (out_index)> <Delay = 0.69> <CoreInst = "Sel">   --->   Core 73 'Sel' <Latency = 0> <II = 1> <Delay = 0.69> <FuncUnit> <Opcode : 'select'> <InPorts = 3> <OutPorts = 1>
ST_9 : Operation 1558 [1/1] (0.69ns)   --->   "%acc_389 = select i1 %out_index, i14 %acc_232, i14 %acc_234" [firmware/nnet_utils/nnet_dense_resource.h:139]   --->   Operation 1558 'select' 'acc_389' <Predicate = true> <Delay = 0.69> <CoreInst = "Sel">   --->   Core 73 'Sel' <Latency = 0> <II = 1> <Delay = 0.69> <FuncUnit> <Opcode : 'select'> <InPorts = 3> <OutPorts = 1>
ST_9 : Operation 1559 [1/1] (0.69ns)   --->   "%acc_390 = select i1 %out_index, i14 %acc_234, i14 %acc_233" [firmware/nnet_utils/nnet_dense_resource.h:139]   --->   Operation 1559 'select' 'acc_390' <Predicate = true> <Delay = 0.69> <CoreInst = "Sel">   --->   Core 73 'Sel' <Latency = 0> <II = 1> <Delay = 0.69> <FuncUnit> <Opcode : 'select'> <InPorts = 3> <OutPorts = 1>
ST_9 : Operation 1560 [1/1] (0.69ns)   --->   "%acc_236 = select i1 %icmp_ln144_36, i14 %select_ln144_111, i14 %x_54" [firmware/nnet_utils/nnet_dense_resource.h:144]   --->   Operation 1560 'select' 'acc_236' <Predicate = (!out_index)> <Delay = 0.69> <CoreInst = "Sel">   --->   Core 73 'Sel' <Latency = 0> <II = 1> <Delay = 0.69> <FuncUnit> <Opcode : 'select'> <InPorts = 3> <OutPorts = 1>
ST_9 : Operation 1561 [1/1] (0.69ns)   --->   "%acc_235 = select i1 %icmp_ln144_36, i14 %select_ln144_112, i14 %x_55" [firmware/nnet_utils/nnet_dense_resource.h:144]   --->   Operation 1561 'select' 'acc_235' <Predicate = (out_index)> <Delay = 0.69> <CoreInst = "Sel">   --->   Core 73 'Sel' <Latency = 0> <II = 1> <Delay = 0.69> <FuncUnit> <Opcode : 'select'> <InPorts = 3> <OutPorts = 1>
ST_9 : Operation 1562 [1/1] (0.69ns)   --->   "%acc_391 = select i1 %out_index, i14 %acc_235, i14 %acc_237" [firmware/nnet_utils/nnet_dense_resource.h:139]   --->   Operation 1562 'select' 'acc_391' <Predicate = true> <Delay = 0.69> <CoreInst = "Sel">   --->   Core 73 'Sel' <Latency = 0> <II = 1> <Delay = 0.69> <FuncUnit> <Opcode : 'select'> <InPorts = 3> <OutPorts = 1>
ST_9 : Operation 1563 [1/1] (0.69ns)   --->   "%acc_392 = select i1 %out_index, i14 %acc_237, i14 %acc_236" [firmware/nnet_utils/nnet_dense_resource.h:139]   --->   Operation 1563 'select' 'acc_392' <Predicate = true> <Delay = 0.69> <CoreInst = "Sel">   --->   Core 73 'Sel' <Latency = 0> <II = 1> <Delay = 0.69> <FuncUnit> <Opcode : 'select'> <InPorts = 3> <OutPorts = 1>
ST_9 : Operation 1564 [1/1] (0.69ns)   --->   "%acc_239 = select i1 %icmp_ln144_37, i14 %select_ln144_114, i14 %x_52" [firmware/nnet_utils/nnet_dense_resource.h:144]   --->   Operation 1564 'select' 'acc_239' <Predicate = (!out_index)> <Delay = 0.69> <CoreInst = "Sel">   --->   Core 73 'Sel' <Latency = 0> <II = 1> <Delay = 0.69> <FuncUnit> <Opcode : 'select'> <InPorts = 3> <OutPorts = 1>
ST_9 : Operation 1565 [1/1] (0.69ns)   --->   "%acc_238 = select i1 %icmp_ln144_37, i14 %select_ln144_115, i14 %x_53" [firmware/nnet_utils/nnet_dense_resource.h:144]   --->   Operation 1565 'select' 'acc_238' <Predicate = (out_index)> <Delay = 0.69> <CoreInst = "Sel">   --->   Core 73 'Sel' <Latency = 0> <II = 1> <Delay = 0.69> <FuncUnit> <Opcode : 'select'> <InPorts = 3> <OutPorts = 1>
ST_9 : Operation 1566 [1/1] (0.69ns)   --->   "%acc_393 = select i1 %out_index, i14 %acc_238, i14 %acc_240" [firmware/nnet_utils/nnet_dense_resource.h:139]   --->   Operation 1566 'select' 'acc_393' <Predicate = true> <Delay = 0.69> <CoreInst = "Sel">   --->   Core 73 'Sel' <Latency = 0> <II = 1> <Delay = 0.69> <FuncUnit> <Opcode : 'select'> <InPorts = 3> <OutPorts = 1>
ST_9 : Operation 1567 [1/1] (0.69ns)   --->   "%acc_394 = select i1 %out_index, i14 %acc_240, i14 %acc_239" [firmware/nnet_utils/nnet_dense_resource.h:139]   --->   Operation 1567 'select' 'acc_394' <Predicate = true> <Delay = 0.69> <CoreInst = "Sel">   --->   Core 73 'Sel' <Latency = 0> <II = 1> <Delay = 0.69> <FuncUnit> <Opcode : 'select'> <InPorts = 3> <OutPorts = 1>
ST_9 : Operation 1568 [1/1] (0.69ns)   --->   "%acc_242 = select i1 %icmp_ln144_38, i14 %select_ln144_117, i14 %x_50" [firmware/nnet_utils/nnet_dense_resource.h:144]   --->   Operation 1568 'select' 'acc_242' <Predicate = (!out_index)> <Delay = 0.69> <CoreInst = "Sel">   --->   Core 73 'Sel' <Latency = 0> <II = 1> <Delay = 0.69> <FuncUnit> <Opcode : 'select'> <InPorts = 3> <OutPorts = 1>
ST_9 : Operation 1569 [1/1] (0.69ns)   --->   "%acc_241 = select i1 %icmp_ln144_38, i14 %select_ln144_118, i14 %x_51" [firmware/nnet_utils/nnet_dense_resource.h:144]   --->   Operation 1569 'select' 'acc_241' <Predicate = (out_index)> <Delay = 0.69> <CoreInst = "Sel">   --->   Core 73 'Sel' <Latency = 0> <II = 1> <Delay = 0.69> <FuncUnit> <Opcode : 'select'> <InPorts = 3> <OutPorts = 1>
ST_9 : Operation 1570 [1/1] (0.69ns)   --->   "%acc_395 = select i1 %out_index, i14 %acc_241, i14 %acc_243" [firmware/nnet_utils/nnet_dense_resource.h:139]   --->   Operation 1570 'select' 'acc_395' <Predicate = true> <Delay = 0.69> <CoreInst = "Sel">   --->   Core 73 'Sel' <Latency = 0> <II = 1> <Delay = 0.69> <FuncUnit> <Opcode : 'select'> <InPorts = 3> <OutPorts = 1>
ST_9 : Operation 1571 [1/1] (0.69ns)   --->   "%acc_396 = select i1 %out_index, i14 %acc_243, i14 %acc_242" [firmware/nnet_utils/nnet_dense_resource.h:139]   --->   Operation 1571 'select' 'acc_396' <Predicate = true> <Delay = 0.69> <CoreInst = "Sel">   --->   Core 73 'Sel' <Latency = 0> <II = 1> <Delay = 0.69> <FuncUnit> <Opcode : 'select'> <InPorts = 3> <OutPorts = 1>
ST_9 : Operation 1572 [1/1] (0.69ns)   --->   "%acc_245 = select i1 %icmp_ln144_39, i14 %select_ln144_120, i14 %x_48" [firmware/nnet_utils/nnet_dense_resource.h:144]   --->   Operation 1572 'select' 'acc_245' <Predicate = (!out_index)> <Delay = 0.69> <CoreInst = "Sel">   --->   Core 73 'Sel' <Latency = 0> <II = 1> <Delay = 0.69> <FuncUnit> <Opcode : 'select'> <InPorts = 3> <OutPorts = 1>
ST_9 : Operation 1573 [1/1] (0.69ns)   --->   "%acc_244 = select i1 %icmp_ln144_39, i14 %select_ln144_121, i14 %x_49" [firmware/nnet_utils/nnet_dense_resource.h:144]   --->   Operation 1573 'select' 'acc_244' <Predicate = (out_index)> <Delay = 0.69> <CoreInst = "Sel">   --->   Core 73 'Sel' <Latency = 0> <II = 1> <Delay = 0.69> <FuncUnit> <Opcode : 'select'> <InPorts = 3> <OutPorts = 1>
ST_9 : Operation 1574 [1/1] (0.69ns)   --->   "%acc_397 = select i1 %out_index, i14 %acc_244, i14 %acc_246" [firmware/nnet_utils/nnet_dense_resource.h:139]   --->   Operation 1574 'select' 'acc_397' <Predicate = true> <Delay = 0.69> <CoreInst = "Sel">   --->   Core 73 'Sel' <Latency = 0> <II = 1> <Delay = 0.69> <FuncUnit> <Opcode : 'select'> <InPorts = 3> <OutPorts = 1>
ST_9 : Operation 1575 [1/1] (0.69ns)   --->   "%acc_398 = select i1 %out_index, i14 %acc_246, i14 %acc_245" [firmware/nnet_utils/nnet_dense_resource.h:139]   --->   Operation 1575 'select' 'acc_398' <Predicate = true> <Delay = 0.69> <CoreInst = "Sel">   --->   Core 73 'Sel' <Latency = 0> <II = 1> <Delay = 0.69> <FuncUnit> <Opcode : 'select'> <InPorts = 3> <OutPorts = 1>
ST_9 : Operation 1576 [1/1] (0.69ns)   --->   "%acc_248 = select i1 %icmp_ln144_40, i14 %select_ln144_123, i14 %x_46" [firmware/nnet_utils/nnet_dense_resource.h:144]   --->   Operation 1576 'select' 'acc_248' <Predicate = (!out_index)> <Delay = 0.69> <CoreInst = "Sel">   --->   Core 73 'Sel' <Latency = 0> <II = 1> <Delay = 0.69> <FuncUnit> <Opcode : 'select'> <InPorts = 3> <OutPorts = 1>
ST_9 : Operation 1577 [1/1] (0.69ns)   --->   "%acc_247 = select i1 %icmp_ln144_40, i14 %select_ln144_124, i14 %x_47" [firmware/nnet_utils/nnet_dense_resource.h:144]   --->   Operation 1577 'select' 'acc_247' <Predicate = (out_index)> <Delay = 0.69> <CoreInst = "Sel">   --->   Core 73 'Sel' <Latency = 0> <II = 1> <Delay = 0.69> <FuncUnit> <Opcode : 'select'> <InPorts = 3> <OutPorts = 1>
ST_9 : Operation 1578 [1/1] (0.69ns)   --->   "%acc_399 = select i1 %out_index, i14 %acc_247, i14 %acc_249" [firmware/nnet_utils/nnet_dense_resource.h:139]   --->   Operation 1578 'select' 'acc_399' <Predicate = true> <Delay = 0.69> <CoreInst = "Sel">   --->   Core 73 'Sel' <Latency = 0> <II = 1> <Delay = 0.69> <FuncUnit> <Opcode : 'select'> <InPorts = 3> <OutPorts = 1>
ST_9 : Operation 1579 [1/1] (0.69ns)   --->   "%acc_400 = select i1 %out_index, i14 %acc_249, i14 %acc_248" [firmware/nnet_utils/nnet_dense_resource.h:139]   --->   Operation 1579 'select' 'acc_400' <Predicate = true> <Delay = 0.69> <CoreInst = "Sel">   --->   Core 73 'Sel' <Latency = 0> <II = 1> <Delay = 0.69> <FuncUnit> <Opcode : 'select'> <InPorts = 3> <OutPorts = 1>
ST_9 : Operation 1580 [1/1] (0.69ns)   --->   "%acc_251 = select i1 %icmp_ln144_41, i14 %select_ln144_126, i14 %x_44" [firmware/nnet_utils/nnet_dense_resource.h:144]   --->   Operation 1580 'select' 'acc_251' <Predicate = (!out_index)> <Delay = 0.69> <CoreInst = "Sel">   --->   Core 73 'Sel' <Latency = 0> <II = 1> <Delay = 0.69> <FuncUnit> <Opcode : 'select'> <InPorts = 3> <OutPorts = 1>
ST_9 : Operation 1581 [1/1] (0.69ns)   --->   "%acc_250 = select i1 %icmp_ln144_41, i14 %select_ln144_127, i14 %x_45" [firmware/nnet_utils/nnet_dense_resource.h:144]   --->   Operation 1581 'select' 'acc_250' <Predicate = (out_index)> <Delay = 0.69> <CoreInst = "Sel">   --->   Core 73 'Sel' <Latency = 0> <II = 1> <Delay = 0.69> <FuncUnit> <Opcode : 'select'> <InPorts = 3> <OutPorts = 1>
ST_9 : Operation 1582 [1/1] (0.69ns)   --->   "%acc_401 = select i1 %out_index, i14 %acc_250, i14 %acc_252" [firmware/nnet_utils/nnet_dense_resource.h:139]   --->   Operation 1582 'select' 'acc_401' <Predicate = true> <Delay = 0.69> <CoreInst = "Sel">   --->   Core 73 'Sel' <Latency = 0> <II = 1> <Delay = 0.69> <FuncUnit> <Opcode : 'select'> <InPorts = 3> <OutPorts = 1>
ST_9 : Operation 1583 [1/1] (0.69ns)   --->   "%acc_402 = select i1 %out_index, i14 %acc_252, i14 %acc_251" [firmware/nnet_utils/nnet_dense_resource.h:139]   --->   Operation 1583 'select' 'acc_402' <Predicate = true> <Delay = 0.69> <CoreInst = "Sel">   --->   Core 73 'Sel' <Latency = 0> <II = 1> <Delay = 0.69> <FuncUnit> <Opcode : 'select'> <InPorts = 3> <OutPorts = 1>
ST_9 : Operation 1584 [1/1] (0.69ns)   --->   "%acc_254 = select i1 %icmp_ln144_42, i14 %select_ln144_129, i14 %x_42" [firmware/nnet_utils/nnet_dense_resource.h:144]   --->   Operation 1584 'select' 'acc_254' <Predicate = (!out_index)> <Delay = 0.69> <CoreInst = "Sel">   --->   Core 73 'Sel' <Latency = 0> <II = 1> <Delay = 0.69> <FuncUnit> <Opcode : 'select'> <InPorts = 3> <OutPorts = 1>
ST_9 : Operation 1585 [1/1] (0.69ns)   --->   "%acc_253 = select i1 %icmp_ln144_42, i14 %select_ln144_130, i14 %x_43" [firmware/nnet_utils/nnet_dense_resource.h:144]   --->   Operation 1585 'select' 'acc_253' <Predicate = (out_index)> <Delay = 0.69> <CoreInst = "Sel">   --->   Core 73 'Sel' <Latency = 0> <II = 1> <Delay = 0.69> <FuncUnit> <Opcode : 'select'> <InPorts = 3> <OutPorts = 1>
ST_9 : Operation 1586 [1/1] (0.69ns)   --->   "%acc_403 = select i1 %out_index, i14 %acc_253, i14 %acc_255" [firmware/nnet_utils/nnet_dense_resource.h:139]   --->   Operation 1586 'select' 'acc_403' <Predicate = true> <Delay = 0.69> <CoreInst = "Sel">   --->   Core 73 'Sel' <Latency = 0> <II = 1> <Delay = 0.69> <FuncUnit> <Opcode : 'select'> <InPorts = 3> <OutPorts = 1>
ST_9 : Operation 1587 [1/1] (0.69ns)   --->   "%acc_404 = select i1 %out_index, i14 %acc_255, i14 %acc_254" [firmware/nnet_utils/nnet_dense_resource.h:139]   --->   Operation 1587 'select' 'acc_404' <Predicate = true> <Delay = 0.69> <CoreInst = "Sel">   --->   Core 73 'Sel' <Latency = 0> <II = 1> <Delay = 0.69> <FuncUnit> <Opcode : 'select'> <InPorts = 3> <OutPorts = 1>
ST_9 : Operation 1588 [1/1] (0.69ns)   --->   "%acc_257 = select i1 %icmp_ln144_43, i14 %select_ln144_132, i14 %x_40" [firmware/nnet_utils/nnet_dense_resource.h:144]   --->   Operation 1588 'select' 'acc_257' <Predicate = (!out_index)> <Delay = 0.69> <CoreInst = "Sel">   --->   Core 73 'Sel' <Latency = 0> <II = 1> <Delay = 0.69> <FuncUnit> <Opcode : 'select'> <InPorts = 3> <OutPorts = 1>
ST_9 : Operation 1589 [1/1] (0.69ns)   --->   "%acc_256 = select i1 %icmp_ln144_43, i14 %select_ln144_133, i14 %x_41" [firmware/nnet_utils/nnet_dense_resource.h:144]   --->   Operation 1589 'select' 'acc_256' <Predicate = (out_index)> <Delay = 0.69> <CoreInst = "Sel">   --->   Core 73 'Sel' <Latency = 0> <II = 1> <Delay = 0.69> <FuncUnit> <Opcode : 'select'> <InPorts = 3> <OutPorts = 1>
ST_9 : Operation 1590 [1/1] (0.69ns)   --->   "%acc_405 = select i1 %out_index, i14 %acc_256, i14 %acc_258" [firmware/nnet_utils/nnet_dense_resource.h:139]   --->   Operation 1590 'select' 'acc_405' <Predicate = true> <Delay = 0.69> <CoreInst = "Sel">   --->   Core 73 'Sel' <Latency = 0> <II = 1> <Delay = 0.69> <FuncUnit> <Opcode : 'select'> <InPorts = 3> <OutPorts = 1>
ST_9 : Operation 1591 [1/1] (0.69ns)   --->   "%acc_406 = select i1 %out_index, i14 %acc_258, i14 %acc_257" [firmware/nnet_utils/nnet_dense_resource.h:139]   --->   Operation 1591 'select' 'acc_406' <Predicate = true> <Delay = 0.69> <CoreInst = "Sel">   --->   Core 73 'Sel' <Latency = 0> <II = 1> <Delay = 0.69> <FuncUnit> <Opcode : 'select'> <InPorts = 3> <OutPorts = 1>
ST_9 : Operation 1592 [1/1] (0.69ns)   --->   "%acc_260 = select i1 %icmp_ln144_44, i14 %select_ln144_135, i14 %x_38" [firmware/nnet_utils/nnet_dense_resource.h:144]   --->   Operation 1592 'select' 'acc_260' <Predicate = (!out_index)> <Delay = 0.69> <CoreInst = "Sel">   --->   Core 73 'Sel' <Latency = 0> <II = 1> <Delay = 0.69> <FuncUnit> <Opcode : 'select'> <InPorts = 3> <OutPorts = 1>
ST_9 : Operation 1593 [1/1] (0.69ns)   --->   "%acc_259 = select i1 %icmp_ln144_44, i14 %select_ln144_136, i14 %x_39" [firmware/nnet_utils/nnet_dense_resource.h:144]   --->   Operation 1593 'select' 'acc_259' <Predicate = (out_index)> <Delay = 0.69> <CoreInst = "Sel">   --->   Core 73 'Sel' <Latency = 0> <II = 1> <Delay = 0.69> <FuncUnit> <Opcode : 'select'> <InPorts = 3> <OutPorts = 1>
ST_9 : Operation 1594 [1/1] (0.69ns)   --->   "%acc_407 = select i1 %out_index, i14 %acc_259, i14 %acc_261" [firmware/nnet_utils/nnet_dense_resource.h:139]   --->   Operation 1594 'select' 'acc_407' <Predicate = true> <Delay = 0.69> <CoreInst = "Sel">   --->   Core 73 'Sel' <Latency = 0> <II = 1> <Delay = 0.69> <FuncUnit> <Opcode : 'select'> <InPorts = 3> <OutPorts = 1>
ST_9 : Operation 1595 [1/1] (0.69ns)   --->   "%acc_408 = select i1 %out_index, i14 %acc_261, i14 %acc_260" [firmware/nnet_utils/nnet_dense_resource.h:139]   --->   Operation 1595 'select' 'acc_408' <Predicate = true> <Delay = 0.69> <CoreInst = "Sel">   --->   Core 73 'Sel' <Latency = 0> <II = 1> <Delay = 0.69> <FuncUnit> <Opcode : 'select'> <InPorts = 3> <OutPorts = 1>
ST_9 : Operation 1596 [1/1] (0.69ns)   --->   "%acc_263 = select i1 %icmp_ln144_45, i14 %select_ln144_138, i14 %x_36" [firmware/nnet_utils/nnet_dense_resource.h:144]   --->   Operation 1596 'select' 'acc_263' <Predicate = (!out_index)> <Delay = 0.69> <CoreInst = "Sel">   --->   Core 73 'Sel' <Latency = 0> <II = 1> <Delay = 0.69> <FuncUnit> <Opcode : 'select'> <InPorts = 3> <OutPorts = 1>
ST_9 : Operation 1597 [1/1] (0.69ns)   --->   "%acc_262 = select i1 %icmp_ln144_45, i14 %select_ln144_139, i14 %x_37" [firmware/nnet_utils/nnet_dense_resource.h:144]   --->   Operation 1597 'select' 'acc_262' <Predicate = (out_index)> <Delay = 0.69> <CoreInst = "Sel">   --->   Core 73 'Sel' <Latency = 0> <II = 1> <Delay = 0.69> <FuncUnit> <Opcode : 'select'> <InPorts = 3> <OutPorts = 1>
ST_9 : Operation 1598 [1/1] (0.69ns)   --->   "%acc_409 = select i1 %out_index, i14 %acc_262, i14 %acc_264" [firmware/nnet_utils/nnet_dense_resource.h:139]   --->   Operation 1598 'select' 'acc_409' <Predicate = true> <Delay = 0.69> <CoreInst = "Sel">   --->   Core 73 'Sel' <Latency = 0> <II = 1> <Delay = 0.69> <FuncUnit> <Opcode : 'select'> <InPorts = 3> <OutPorts = 1>
ST_9 : Operation 1599 [1/1] (0.69ns)   --->   "%acc_410 = select i1 %out_index, i14 %acc_264, i14 %acc_263" [firmware/nnet_utils/nnet_dense_resource.h:139]   --->   Operation 1599 'select' 'acc_410' <Predicate = true> <Delay = 0.69> <CoreInst = "Sel">   --->   Core 73 'Sel' <Latency = 0> <II = 1> <Delay = 0.69> <FuncUnit> <Opcode : 'select'> <InPorts = 3> <OutPorts = 1>
ST_9 : Operation 1600 [1/1] (0.69ns)   --->   "%acc_266 = select i1 %icmp_ln144_46, i14 %select_ln144_141, i14 %x_34" [firmware/nnet_utils/nnet_dense_resource.h:144]   --->   Operation 1600 'select' 'acc_266' <Predicate = (!out_index)> <Delay = 0.69> <CoreInst = "Sel">   --->   Core 73 'Sel' <Latency = 0> <II = 1> <Delay = 0.69> <FuncUnit> <Opcode : 'select'> <InPorts = 3> <OutPorts = 1>
ST_9 : Operation 1601 [1/1] (0.69ns)   --->   "%acc_265 = select i1 %icmp_ln144_46, i14 %select_ln144_142, i14 %x_35" [firmware/nnet_utils/nnet_dense_resource.h:144]   --->   Operation 1601 'select' 'acc_265' <Predicate = (out_index)> <Delay = 0.69> <CoreInst = "Sel">   --->   Core 73 'Sel' <Latency = 0> <II = 1> <Delay = 0.69> <FuncUnit> <Opcode : 'select'> <InPorts = 3> <OutPorts = 1>
ST_9 : Operation 1602 [1/1] (0.69ns)   --->   "%acc_411 = select i1 %out_index, i14 %acc_265, i14 %acc_267" [firmware/nnet_utils/nnet_dense_resource.h:139]   --->   Operation 1602 'select' 'acc_411' <Predicate = true> <Delay = 0.69> <CoreInst = "Sel">   --->   Core 73 'Sel' <Latency = 0> <II = 1> <Delay = 0.69> <FuncUnit> <Opcode : 'select'> <InPorts = 3> <OutPorts = 1>
ST_9 : Operation 1603 [1/1] (0.69ns)   --->   "%acc_412 = select i1 %out_index, i14 %acc_267, i14 %acc_266" [firmware/nnet_utils/nnet_dense_resource.h:139]   --->   Operation 1603 'select' 'acc_412' <Predicate = true> <Delay = 0.69> <CoreInst = "Sel">   --->   Core 73 'Sel' <Latency = 0> <II = 1> <Delay = 0.69> <FuncUnit> <Opcode : 'select'> <InPorts = 3> <OutPorts = 1>
ST_9 : Operation 1604 [1/1] (0.69ns)   --->   "%acc_269 = select i1 %icmp_ln144_47, i14 %select_ln144_144, i14 %x_32" [firmware/nnet_utils/nnet_dense_resource.h:144]   --->   Operation 1604 'select' 'acc_269' <Predicate = (!out_index)> <Delay = 0.69> <CoreInst = "Sel">   --->   Core 73 'Sel' <Latency = 0> <II = 1> <Delay = 0.69> <FuncUnit> <Opcode : 'select'> <InPorts = 3> <OutPorts = 1>
ST_9 : Operation 1605 [1/1] (0.69ns)   --->   "%acc_268 = select i1 %icmp_ln144_47, i14 %select_ln144_145, i14 %x_33" [firmware/nnet_utils/nnet_dense_resource.h:144]   --->   Operation 1605 'select' 'acc_268' <Predicate = (out_index)> <Delay = 0.69> <CoreInst = "Sel">   --->   Core 73 'Sel' <Latency = 0> <II = 1> <Delay = 0.69> <FuncUnit> <Opcode : 'select'> <InPorts = 3> <OutPorts = 1>
ST_9 : Operation 1606 [1/1] (0.69ns)   --->   "%acc_413 = select i1 %out_index, i14 %acc_268, i14 %acc_270" [firmware/nnet_utils/nnet_dense_resource.h:139]   --->   Operation 1606 'select' 'acc_413' <Predicate = true> <Delay = 0.69> <CoreInst = "Sel">   --->   Core 73 'Sel' <Latency = 0> <II = 1> <Delay = 0.69> <FuncUnit> <Opcode : 'select'> <InPorts = 3> <OutPorts = 1>
ST_9 : Operation 1607 [1/1] (0.69ns)   --->   "%acc_414 = select i1 %out_index, i14 %acc_270, i14 %acc_269" [firmware/nnet_utils/nnet_dense_resource.h:139]   --->   Operation 1607 'select' 'acc_414' <Predicate = true> <Delay = 0.69> <CoreInst = "Sel">   --->   Core 73 'Sel' <Latency = 0> <II = 1> <Delay = 0.69> <FuncUnit> <Opcode : 'select'> <InPorts = 3> <OutPorts = 1>
ST_9 : Operation 1608 [1/1] (0.69ns)   --->   "%acc_272 = select i1 %icmp_ln144_48, i14 %select_ln144_147, i14 %x_30" [firmware/nnet_utils/nnet_dense_resource.h:144]   --->   Operation 1608 'select' 'acc_272' <Predicate = (!out_index)> <Delay = 0.69> <CoreInst = "Sel">   --->   Core 73 'Sel' <Latency = 0> <II = 1> <Delay = 0.69> <FuncUnit> <Opcode : 'select'> <InPorts = 3> <OutPorts = 1>
ST_9 : Operation 1609 [1/1] (0.69ns)   --->   "%acc_271 = select i1 %icmp_ln144_48, i14 %select_ln144_148, i14 %x_31" [firmware/nnet_utils/nnet_dense_resource.h:144]   --->   Operation 1609 'select' 'acc_271' <Predicate = (out_index)> <Delay = 0.69> <CoreInst = "Sel">   --->   Core 73 'Sel' <Latency = 0> <II = 1> <Delay = 0.69> <FuncUnit> <Opcode : 'select'> <InPorts = 3> <OutPorts = 1>
ST_9 : Operation 1610 [1/1] (0.69ns)   --->   "%acc_415 = select i1 %out_index, i14 %acc_271, i14 %acc_273" [firmware/nnet_utils/nnet_dense_resource.h:139]   --->   Operation 1610 'select' 'acc_415' <Predicate = true> <Delay = 0.69> <CoreInst = "Sel">   --->   Core 73 'Sel' <Latency = 0> <II = 1> <Delay = 0.69> <FuncUnit> <Opcode : 'select'> <InPorts = 3> <OutPorts = 1>
ST_9 : Operation 1611 [1/1] (0.69ns)   --->   "%acc_416 = select i1 %out_index, i14 %acc_273, i14 %acc_272" [firmware/nnet_utils/nnet_dense_resource.h:139]   --->   Operation 1611 'select' 'acc_416' <Predicate = true> <Delay = 0.69> <CoreInst = "Sel">   --->   Core 73 'Sel' <Latency = 0> <II = 1> <Delay = 0.69> <FuncUnit> <Opcode : 'select'> <InPorts = 3> <OutPorts = 1>
ST_9 : Operation 1612 [1/1] (0.69ns)   --->   "%acc_275 = select i1 %icmp_ln144_49, i14 %select_ln144_150, i14 %x_28" [firmware/nnet_utils/nnet_dense_resource.h:144]   --->   Operation 1612 'select' 'acc_275' <Predicate = (!out_index)> <Delay = 0.69> <CoreInst = "Sel">   --->   Core 73 'Sel' <Latency = 0> <II = 1> <Delay = 0.69> <FuncUnit> <Opcode : 'select'> <InPorts = 3> <OutPorts = 1>
ST_9 : Operation 1613 [1/1] (0.69ns)   --->   "%acc_274 = select i1 %icmp_ln144_49, i14 %select_ln144_151, i14 %x_29" [firmware/nnet_utils/nnet_dense_resource.h:144]   --->   Operation 1613 'select' 'acc_274' <Predicate = (out_index)> <Delay = 0.69> <CoreInst = "Sel">   --->   Core 73 'Sel' <Latency = 0> <II = 1> <Delay = 0.69> <FuncUnit> <Opcode : 'select'> <InPorts = 3> <OutPorts = 1>
ST_9 : Operation 1614 [1/1] (0.69ns)   --->   "%acc_417 = select i1 %out_index, i14 %acc_274, i14 %acc_276" [firmware/nnet_utils/nnet_dense_resource.h:139]   --->   Operation 1614 'select' 'acc_417' <Predicate = true> <Delay = 0.69> <CoreInst = "Sel">   --->   Core 73 'Sel' <Latency = 0> <II = 1> <Delay = 0.69> <FuncUnit> <Opcode : 'select'> <InPorts = 3> <OutPorts = 1>
ST_9 : Operation 1615 [1/1] (0.69ns)   --->   "%acc_418 = select i1 %out_index, i14 %acc_276, i14 %acc_275" [firmware/nnet_utils/nnet_dense_resource.h:139]   --->   Operation 1615 'select' 'acc_418' <Predicate = true> <Delay = 0.69> <CoreInst = "Sel">   --->   Core 73 'Sel' <Latency = 0> <II = 1> <Delay = 0.69> <FuncUnit> <Opcode : 'select'> <InPorts = 3> <OutPorts = 1>
ST_9 : Operation 1616 [1/1] (0.69ns)   --->   "%acc_278 = select i1 %icmp_ln144_50, i14 %select_ln144_153, i14 %x_26" [firmware/nnet_utils/nnet_dense_resource.h:144]   --->   Operation 1616 'select' 'acc_278' <Predicate = (!out_index)> <Delay = 0.69> <CoreInst = "Sel">   --->   Core 73 'Sel' <Latency = 0> <II = 1> <Delay = 0.69> <FuncUnit> <Opcode : 'select'> <InPorts = 3> <OutPorts = 1>
ST_9 : Operation 1617 [1/1] (0.69ns)   --->   "%acc_277 = select i1 %icmp_ln144_50, i14 %select_ln144_154, i14 %x_27" [firmware/nnet_utils/nnet_dense_resource.h:144]   --->   Operation 1617 'select' 'acc_277' <Predicate = (out_index)> <Delay = 0.69> <CoreInst = "Sel">   --->   Core 73 'Sel' <Latency = 0> <II = 1> <Delay = 0.69> <FuncUnit> <Opcode : 'select'> <InPorts = 3> <OutPorts = 1>
ST_9 : Operation 1618 [1/1] (0.69ns)   --->   "%acc_419 = select i1 %out_index, i14 %acc_277, i14 %acc_279" [firmware/nnet_utils/nnet_dense_resource.h:139]   --->   Operation 1618 'select' 'acc_419' <Predicate = true> <Delay = 0.69> <CoreInst = "Sel">   --->   Core 73 'Sel' <Latency = 0> <II = 1> <Delay = 0.69> <FuncUnit> <Opcode : 'select'> <InPorts = 3> <OutPorts = 1>
ST_9 : Operation 1619 [1/1] (0.69ns)   --->   "%acc_420 = select i1 %out_index, i14 %acc_279, i14 %acc_278" [firmware/nnet_utils/nnet_dense_resource.h:139]   --->   Operation 1619 'select' 'acc_420' <Predicate = true> <Delay = 0.69> <CoreInst = "Sel">   --->   Core 73 'Sel' <Latency = 0> <II = 1> <Delay = 0.69> <FuncUnit> <Opcode : 'select'> <InPorts = 3> <OutPorts = 1>
ST_9 : Operation 1620 [1/1] (0.69ns)   --->   "%acc_281 = select i1 %icmp_ln144_51, i14 %select_ln144_156, i14 %x_24" [firmware/nnet_utils/nnet_dense_resource.h:144]   --->   Operation 1620 'select' 'acc_281' <Predicate = (!out_index)> <Delay = 0.69> <CoreInst = "Sel">   --->   Core 73 'Sel' <Latency = 0> <II = 1> <Delay = 0.69> <FuncUnit> <Opcode : 'select'> <InPorts = 3> <OutPorts = 1>
ST_9 : Operation 1621 [1/1] (0.69ns)   --->   "%acc_280 = select i1 %icmp_ln144_51, i14 %select_ln144_157, i14 %x_25" [firmware/nnet_utils/nnet_dense_resource.h:144]   --->   Operation 1621 'select' 'acc_280' <Predicate = (out_index)> <Delay = 0.69> <CoreInst = "Sel">   --->   Core 73 'Sel' <Latency = 0> <II = 1> <Delay = 0.69> <FuncUnit> <Opcode : 'select'> <InPorts = 3> <OutPorts = 1>
ST_9 : Operation 1622 [1/1] (0.69ns)   --->   "%acc_421 = select i1 %out_index, i14 %acc_280, i14 %acc_282" [firmware/nnet_utils/nnet_dense_resource.h:139]   --->   Operation 1622 'select' 'acc_421' <Predicate = true> <Delay = 0.69> <CoreInst = "Sel">   --->   Core 73 'Sel' <Latency = 0> <II = 1> <Delay = 0.69> <FuncUnit> <Opcode : 'select'> <InPorts = 3> <OutPorts = 1>
ST_9 : Operation 1623 [1/1] (0.69ns)   --->   "%acc_422 = select i1 %out_index, i14 %acc_282, i14 %acc_281" [firmware/nnet_utils/nnet_dense_resource.h:139]   --->   Operation 1623 'select' 'acc_422' <Predicate = true> <Delay = 0.69> <CoreInst = "Sel">   --->   Core 73 'Sel' <Latency = 0> <II = 1> <Delay = 0.69> <FuncUnit> <Opcode : 'select'> <InPorts = 3> <OutPorts = 1>
ST_9 : Operation 1624 [1/1] (0.69ns)   --->   "%acc_284 = select i1 %icmp_ln144_52, i14 %select_ln144_159, i14 %x_22" [firmware/nnet_utils/nnet_dense_resource.h:144]   --->   Operation 1624 'select' 'acc_284' <Predicate = (!out_index)> <Delay = 0.69> <CoreInst = "Sel">   --->   Core 73 'Sel' <Latency = 0> <II = 1> <Delay = 0.69> <FuncUnit> <Opcode : 'select'> <InPorts = 3> <OutPorts = 1>
ST_9 : Operation 1625 [1/1] (0.69ns)   --->   "%acc_283 = select i1 %icmp_ln144_52, i14 %select_ln144_160, i14 %x_23" [firmware/nnet_utils/nnet_dense_resource.h:144]   --->   Operation 1625 'select' 'acc_283' <Predicate = (out_index)> <Delay = 0.69> <CoreInst = "Sel">   --->   Core 73 'Sel' <Latency = 0> <II = 1> <Delay = 0.69> <FuncUnit> <Opcode : 'select'> <InPorts = 3> <OutPorts = 1>
ST_9 : Operation 1626 [1/1] (0.69ns)   --->   "%acc_423 = select i1 %out_index, i14 %acc_283, i14 %acc_285" [firmware/nnet_utils/nnet_dense_resource.h:139]   --->   Operation 1626 'select' 'acc_423' <Predicate = true> <Delay = 0.69> <CoreInst = "Sel">   --->   Core 73 'Sel' <Latency = 0> <II = 1> <Delay = 0.69> <FuncUnit> <Opcode : 'select'> <InPorts = 3> <OutPorts = 1>
ST_9 : Operation 1627 [1/1] (0.69ns)   --->   "%acc_424 = select i1 %out_index, i14 %acc_285, i14 %acc_284" [firmware/nnet_utils/nnet_dense_resource.h:139]   --->   Operation 1627 'select' 'acc_424' <Predicate = true> <Delay = 0.69> <CoreInst = "Sel">   --->   Core 73 'Sel' <Latency = 0> <II = 1> <Delay = 0.69> <FuncUnit> <Opcode : 'select'> <InPorts = 3> <OutPorts = 1>
ST_9 : Operation 1628 [1/1] (0.69ns)   --->   "%acc_287 = select i1 %icmp_ln144_53, i14 %select_ln144_162, i14 %x_20" [firmware/nnet_utils/nnet_dense_resource.h:144]   --->   Operation 1628 'select' 'acc_287' <Predicate = (!out_index)> <Delay = 0.69> <CoreInst = "Sel">   --->   Core 73 'Sel' <Latency = 0> <II = 1> <Delay = 0.69> <FuncUnit> <Opcode : 'select'> <InPorts = 3> <OutPorts = 1>
ST_9 : Operation 1629 [1/1] (0.69ns)   --->   "%acc_286 = select i1 %icmp_ln144_53, i14 %select_ln144_163, i14 %x_21" [firmware/nnet_utils/nnet_dense_resource.h:144]   --->   Operation 1629 'select' 'acc_286' <Predicate = (out_index)> <Delay = 0.69> <CoreInst = "Sel">   --->   Core 73 'Sel' <Latency = 0> <II = 1> <Delay = 0.69> <FuncUnit> <Opcode : 'select'> <InPorts = 3> <OutPorts = 1>
ST_9 : Operation 1630 [1/1] (0.69ns)   --->   "%acc_425 = select i1 %out_index, i14 %acc_286, i14 %acc_288" [firmware/nnet_utils/nnet_dense_resource.h:139]   --->   Operation 1630 'select' 'acc_425' <Predicate = true> <Delay = 0.69> <CoreInst = "Sel">   --->   Core 73 'Sel' <Latency = 0> <II = 1> <Delay = 0.69> <FuncUnit> <Opcode : 'select'> <InPorts = 3> <OutPorts = 1>
ST_9 : Operation 1631 [1/1] (0.69ns)   --->   "%acc_426 = select i1 %out_index, i14 %acc_288, i14 %acc_287" [firmware/nnet_utils/nnet_dense_resource.h:139]   --->   Operation 1631 'select' 'acc_426' <Predicate = true> <Delay = 0.69> <CoreInst = "Sel">   --->   Core 73 'Sel' <Latency = 0> <II = 1> <Delay = 0.69> <FuncUnit> <Opcode : 'select'> <InPorts = 3> <OutPorts = 1>
ST_9 : Operation 1632 [1/1] (0.69ns)   --->   "%acc_290 = select i1 %icmp_ln144_54, i14 %select_ln144_165, i14 %x_18" [firmware/nnet_utils/nnet_dense_resource.h:144]   --->   Operation 1632 'select' 'acc_290' <Predicate = (!out_index)> <Delay = 0.69> <CoreInst = "Sel">   --->   Core 73 'Sel' <Latency = 0> <II = 1> <Delay = 0.69> <FuncUnit> <Opcode : 'select'> <InPorts = 3> <OutPorts = 1>
ST_9 : Operation 1633 [1/1] (0.69ns)   --->   "%acc_289 = select i1 %icmp_ln144_54, i14 %select_ln144_166, i14 %x_19" [firmware/nnet_utils/nnet_dense_resource.h:144]   --->   Operation 1633 'select' 'acc_289' <Predicate = (out_index)> <Delay = 0.69> <CoreInst = "Sel">   --->   Core 73 'Sel' <Latency = 0> <II = 1> <Delay = 0.69> <FuncUnit> <Opcode : 'select'> <InPorts = 3> <OutPorts = 1>
ST_9 : Operation 1634 [1/1] (0.69ns)   --->   "%acc_427 = select i1 %out_index, i14 %acc_289, i14 %acc_291" [firmware/nnet_utils/nnet_dense_resource.h:139]   --->   Operation 1634 'select' 'acc_427' <Predicate = true> <Delay = 0.69> <CoreInst = "Sel">   --->   Core 73 'Sel' <Latency = 0> <II = 1> <Delay = 0.69> <FuncUnit> <Opcode : 'select'> <InPorts = 3> <OutPorts = 1>
ST_9 : Operation 1635 [1/1] (0.69ns)   --->   "%acc_428 = select i1 %out_index, i14 %acc_291, i14 %acc_290" [firmware/nnet_utils/nnet_dense_resource.h:139]   --->   Operation 1635 'select' 'acc_428' <Predicate = true> <Delay = 0.69> <CoreInst = "Sel">   --->   Core 73 'Sel' <Latency = 0> <II = 1> <Delay = 0.69> <FuncUnit> <Opcode : 'select'> <InPorts = 3> <OutPorts = 1>
ST_9 : Operation 1636 [1/1] (0.69ns)   --->   "%acc_293 = select i1 %icmp_ln144_55, i14 %select_ln144_168, i14 %x_16" [firmware/nnet_utils/nnet_dense_resource.h:144]   --->   Operation 1636 'select' 'acc_293' <Predicate = (!out_index)> <Delay = 0.69> <CoreInst = "Sel">   --->   Core 73 'Sel' <Latency = 0> <II = 1> <Delay = 0.69> <FuncUnit> <Opcode : 'select'> <InPorts = 3> <OutPorts = 1>
ST_9 : Operation 1637 [1/1] (0.69ns)   --->   "%acc_292 = select i1 %icmp_ln144_55, i14 %select_ln144_169, i14 %x_17" [firmware/nnet_utils/nnet_dense_resource.h:144]   --->   Operation 1637 'select' 'acc_292' <Predicate = (out_index)> <Delay = 0.69> <CoreInst = "Sel">   --->   Core 73 'Sel' <Latency = 0> <II = 1> <Delay = 0.69> <FuncUnit> <Opcode : 'select'> <InPorts = 3> <OutPorts = 1>
ST_9 : Operation 1638 [1/1] (0.69ns)   --->   "%acc_429 = select i1 %out_index, i14 %acc_292, i14 %acc_294" [firmware/nnet_utils/nnet_dense_resource.h:139]   --->   Operation 1638 'select' 'acc_429' <Predicate = true> <Delay = 0.69> <CoreInst = "Sel">   --->   Core 73 'Sel' <Latency = 0> <II = 1> <Delay = 0.69> <FuncUnit> <Opcode : 'select'> <InPorts = 3> <OutPorts = 1>
ST_9 : Operation 1639 [1/1] (0.69ns)   --->   "%acc_430 = select i1 %out_index, i14 %acc_294, i14 %acc_293" [firmware/nnet_utils/nnet_dense_resource.h:139]   --->   Operation 1639 'select' 'acc_430' <Predicate = true> <Delay = 0.69> <CoreInst = "Sel">   --->   Core 73 'Sel' <Latency = 0> <II = 1> <Delay = 0.69> <FuncUnit> <Opcode : 'select'> <InPorts = 3> <OutPorts = 1>
ST_9 : Operation 1640 [1/1] (0.69ns)   --->   "%acc_296 = select i1 %icmp_ln144_56, i14 %select_ln144_171, i14 %x_14" [firmware/nnet_utils/nnet_dense_resource.h:144]   --->   Operation 1640 'select' 'acc_296' <Predicate = (!out_index)> <Delay = 0.69> <CoreInst = "Sel">   --->   Core 73 'Sel' <Latency = 0> <II = 1> <Delay = 0.69> <FuncUnit> <Opcode : 'select'> <InPorts = 3> <OutPorts = 1>
ST_9 : Operation 1641 [1/1] (0.69ns)   --->   "%acc_295 = select i1 %icmp_ln144_56, i14 %select_ln144_172, i14 %x_15" [firmware/nnet_utils/nnet_dense_resource.h:144]   --->   Operation 1641 'select' 'acc_295' <Predicate = (out_index)> <Delay = 0.69> <CoreInst = "Sel">   --->   Core 73 'Sel' <Latency = 0> <II = 1> <Delay = 0.69> <FuncUnit> <Opcode : 'select'> <InPorts = 3> <OutPorts = 1>
ST_9 : Operation 1642 [1/1] (0.69ns)   --->   "%acc_431 = select i1 %out_index, i14 %acc_295, i14 %acc_297" [firmware/nnet_utils/nnet_dense_resource.h:139]   --->   Operation 1642 'select' 'acc_431' <Predicate = true> <Delay = 0.69> <CoreInst = "Sel">   --->   Core 73 'Sel' <Latency = 0> <II = 1> <Delay = 0.69> <FuncUnit> <Opcode : 'select'> <InPorts = 3> <OutPorts = 1>
ST_9 : Operation 1643 [1/1] (0.69ns)   --->   "%acc_432 = select i1 %out_index, i14 %acc_297, i14 %acc_296" [firmware/nnet_utils/nnet_dense_resource.h:139]   --->   Operation 1643 'select' 'acc_432' <Predicate = true> <Delay = 0.69> <CoreInst = "Sel">   --->   Core 73 'Sel' <Latency = 0> <II = 1> <Delay = 0.69> <FuncUnit> <Opcode : 'select'> <InPorts = 3> <OutPorts = 1>
ST_9 : Operation 1644 [1/1] (0.69ns)   --->   "%acc_299 = select i1 %icmp_ln144_57, i14 %select_ln144_174, i14 %x_12" [firmware/nnet_utils/nnet_dense_resource.h:144]   --->   Operation 1644 'select' 'acc_299' <Predicate = (!out_index)> <Delay = 0.69> <CoreInst = "Sel">   --->   Core 73 'Sel' <Latency = 0> <II = 1> <Delay = 0.69> <FuncUnit> <Opcode : 'select'> <InPorts = 3> <OutPorts = 1>
ST_9 : Operation 1645 [1/1] (0.69ns)   --->   "%acc_298 = select i1 %icmp_ln144_57, i14 %select_ln144_175, i14 %x_13" [firmware/nnet_utils/nnet_dense_resource.h:144]   --->   Operation 1645 'select' 'acc_298' <Predicate = (out_index)> <Delay = 0.69> <CoreInst = "Sel">   --->   Core 73 'Sel' <Latency = 0> <II = 1> <Delay = 0.69> <FuncUnit> <Opcode : 'select'> <InPorts = 3> <OutPorts = 1>
ST_9 : Operation 1646 [1/1] (0.69ns)   --->   "%acc_433 = select i1 %out_index, i14 %acc_298, i14 %acc_300" [firmware/nnet_utils/nnet_dense_resource.h:139]   --->   Operation 1646 'select' 'acc_433' <Predicate = true> <Delay = 0.69> <CoreInst = "Sel">   --->   Core 73 'Sel' <Latency = 0> <II = 1> <Delay = 0.69> <FuncUnit> <Opcode : 'select'> <InPorts = 3> <OutPorts = 1>
ST_9 : Operation 1647 [1/1] (0.69ns)   --->   "%acc_434 = select i1 %out_index, i14 %acc_300, i14 %acc_299" [firmware/nnet_utils/nnet_dense_resource.h:139]   --->   Operation 1647 'select' 'acc_434' <Predicate = true> <Delay = 0.69> <CoreInst = "Sel">   --->   Core 73 'Sel' <Latency = 0> <II = 1> <Delay = 0.69> <FuncUnit> <Opcode : 'select'> <InPorts = 3> <OutPorts = 1>
ST_9 : Operation 1648 [1/1] (0.69ns)   --->   "%acc_302 = select i1 %icmp_ln144_58, i14 %select_ln144_177, i14 %x_10" [firmware/nnet_utils/nnet_dense_resource.h:144]   --->   Operation 1648 'select' 'acc_302' <Predicate = (!out_index)> <Delay = 0.69> <CoreInst = "Sel">   --->   Core 73 'Sel' <Latency = 0> <II = 1> <Delay = 0.69> <FuncUnit> <Opcode : 'select'> <InPorts = 3> <OutPorts = 1>
ST_9 : Operation 1649 [1/1] (0.69ns)   --->   "%acc_301 = select i1 %icmp_ln144_58, i14 %select_ln144_178, i14 %x_11" [firmware/nnet_utils/nnet_dense_resource.h:144]   --->   Operation 1649 'select' 'acc_301' <Predicate = (out_index)> <Delay = 0.69> <CoreInst = "Sel">   --->   Core 73 'Sel' <Latency = 0> <II = 1> <Delay = 0.69> <FuncUnit> <Opcode : 'select'> <InPorts = 3> <OutPorts = 1>
ST_9 : Operation 1650 [1/1] (0.69ns)   --->   "%acc_435 = select i1 %out_index, i14 %acc_301, i14 %acc_303" [firmware/nnet_utils/nnet_dense_resource.h:139]   --->   Operation 1650 'select' 'acc_435' <Predicate = true> <Delay = 0.69> <CoreInst = "Sel">   --->   Core 73 'Sel' <Latency = 0> <II = 1> <Delay = 0.69> <FuncUnit> <Opcode : 'select'> <InPorts = 3> <OutPorts = 1>
ST_9 : Operation 1651 [1/1] (0.69ns)   --->   "%acc_436 = select i1 %out_index, i14 %acc_303, i14 %acc_302" [firmware/nnet_utils/nnet_dense_resource.h:139]   --->   Operation 1651 'select' 'acc_436' <Predicate = true> <Delay = 0.69> <CoreInst = "Sel">   --->   Core 73 'Sel' <Latency = 0> <II = 1> <Delay = 0.69> <FuncUnit> <Opcode : 'select'> <InPorts = 3> <OutPorts = 1>
ST_9 : Operation 1652 [1/1] (0.69ns)   --->   "%acc_305 = select i1 %icmp_ln144_59, i14 %select_ln144_180, i14 %x_8" [firmware/nnet_utils/nnet_dense_resource.h:144]   --->   Operation 1652 'select' 'acc_305' <Predicate = (!out_index)> <Delay = 0.69> <CoreInst = "Sel">   --->   Core 73 'Sel' <Latency = 0> <II = 1> <Delay = 0.69> <FuncUnit> <Opcode : 'select'> <InPorts = 3> <OutPorts = 1>
ST_9 : Operation 1653 [1/1] (0.69ns)   --->   "%acc_304 = select i1 %icmp_ln144_59, i14 %select_ln144_181, i14 %x_9" [firmware/nnet_utils/nnet_dense_resource.h:144]   --->   Operation 1653 'select' 'acc_304' <Predicate = (out_index)> <Delay = 0.69> <CoreInst = "Sel">   --->   Core 73 'Sel' <Latency = 0> <II = 1> <Delay = 0.69> <FuncUnit> <Opcode : 'select'> <InPorts = 3> <OutPorts = 1>
ST_9 : Operation 1654 [1/1] (0.69ns)   --->   "%acc_437 = select i1 %out_index, i14 %acc_304, i14 %acc_306" [firmware/nnet_utils/nnet_dense_resource.h:139]   --->   Operation 1654 'select' 'acc_437' <Predicate = true> <Delay = 0.69> <CoreInst = "Sel">   --->   Core 73 'Sel' <Latency = 0> <II = 1> <Delay = 0.69> <FuncUnit> <Opcode : 'select'> <InPorts = 3> <OutPorts = 1>
ST_9 : Operation 1655 [1/1] (0.69ns)   --->   "%acc_438 = select i1 %out_index, i14 %acc_306, i14 %acc_305" [firmware/nnet_utils/nnet_dense_resource.h:139]   --->   Operation 1655 'select' 'acc_438' <Predicate = true> <Delay = 0.69> <CoreInst = "Sel">   --->   Core 73 'Sel' <Latency = 0> <II = 1> <Delay = 0.69> <FuncUnit> <Opcode : 'select'> <InPorts = 3> <OutPorts = 1>
ST_9 : Operation 1656 [1/1] (0.69ns)   --->   "%acc_308 = select i1 %icmp_ln144_60, i14 %select_ln144_183, i14 %x_6" [firmware/nnet_utils/nnet_dense_resource.h:144]   --->   Operation 1656 'select' 'acc_308' <Predicate = (!out_index)> <Delay = 0.69> <CoreInst = "Sel">   --->   Core 73 'Sel' <Latency = 0> <II = 1> <Delay = 0.69> <FuncUnit> <Opcode : 'select'> <InPorts = 3> <OutPorts = 1>
ST_9 : Operation 1657 [1/1] (0.69ns)   --->   "%acc_307 = select i1 %icmp_ln144_60, i14 %select_ln144_184, i14 %x_7" [firmware/nnet_utils/nnet_dense_resource.h:144]   --->   Operation 1657 'select' 'acc_307' <Predicate = (out_index)> <Delay = 0.69> <CoreInst = "Sel">   --->   Core 73 'Sel' <Latency = 0> <II = 1> <Delay = 0.69> <FuncUnit> <Opcode : 'select'> <InPorts = 3> <OutPorts = 1>
ST_9 : Operation 1658 [1/1] (0.69ns)   --->   "%acc_439 = select i1 %out_index, i14 %acc_307, i14 %acc_309" [firmware/nnet_utils/nnet_dense_resource.h:139]   --->   Operation 1658 'select' 'acc_439' <Predicate = true> <Delay = 0.69> <CoreInst = "Sel">   --->   Core 73 'Sel' <Latency = 0> <II = 1> <Delay = 0.69> <FuncUnit> <Opcode : 'select'> <InPorts = 3> <OutPorts = 1>
ST_9 : Operation 1659 [1/1] (0.69ns)   --->   "%acc_440 = select i1 %out_index, i14 %acc_309, i14 %acc_308" [firmware/nnet_utils/nnet_dense_resource.h:139]   --->   Operation 1659 'select' 'acc_440' <Predicate = true> <Delay = 0.69> <CoreInst = "Sel">   --->   Core 73 'Sel' <Latency = 0> <II = 1> <Delay = 0.69> <FuncUnit> <Opcode : 'select'> <InPorts = 3> <OutPorts = 1>
ST_9 : Operation 1660 [1/1] (0.69ns)   --->   "%acc_311 = select i1 %icmp_ln144_61, i14 %select_ln144_186, i14 %x_4" [firmware/nnet_utils/nnet_dense_resource.h:144]   --->   Operation 1660 'select' 'acc_311' <Predicate = (!out_index)> <Delay = 0.69> <CoreInst = "Sel">   --->   Core 73 'Sel' <Latency = 0> <II = 1> <Delay = 0.69> <FuncUnit> <Opcode : 'select'> <InPorts = 3> <OutPorts = 1>
ST_9 : Operation 1661 [1/1] (0.69ns)   --->   "%acc_310 = select i1 %icmp_ln144_61, i14 %select_ln144_187, i14 %x_5" [firmware/nnet_utils/nnet_dense_resource.h:144]   --->   Operation 1661 'select' 'acc_310' <Predicate = (out_index)> <Delay = 0.69> <CoreInst = "Sel">   --->   Core 73 'Sel' <Latency = 0> <II = 1> <Delay = 0.69> <FuncUnit> <Opcode : 'select'> <InPorts = 3> <OutPorts = 1>
ST_9 : Operation 1662 [1/1] (0.69ns)   --->   "%acc_441 = select i1 %out_index, i14 %acc_310, i14 %acc_312" [firmware/nnet_utils/nnet_dense_resource.h:139]   --->   Operation 1662 'select' 'acc_441' <Predicate = true> <Delay = 0.69> <CoreInst = "Sel">   --->   Core 73 'Sel' <Latency = 0> <II = 1> <Delay = 0.69> <FuncUnit> <Opcode : 'select'> <InPorts = 3> <OutPorts = 1>
ST_9 : Operation 1663 [1/1] (0.69ns)   --->   "%acc_442 = select i1 %out_index, i14 %acc_312, i14 %acc_311" [firmware/nnet_utils/nnet_dense_resource.h:139]   --->   Operation 1663 'select' 'acc_442' <Predicate = true> <Delay = 0.69> <CoreInst = "Sel">   --->   Core 73 'Sel' <Latency = 0> <II = 1> <Delay = 0.69> <FuncUnit> <Opcode : 'select'> <InPorts = 3> <OutPorts = 1>
ST_9 : Operation 1664 [1/1] (0.69ns)   --->   "%acc_314 = select i1 %icmp_ln144_62, i14 %select_ln144_189, i14 %x_2" [firmware/nnet_utils/nnet_dense_resource.h:144]   --->   Operation 1664 'select' 'acc_314' <Predicate = (!out_index)> <Delay = 0.69> <CoreInst = "Sel">   --->   Core 73 'Sel' <Latency = 0> <II = 1> <Delay = 0.69> <FuncUnit> <Opcode : 'select'> <InPorts = 3> <OutPorts = 1>
ST_9 : Operation 1665 [1/1] (0.69ns)   --->   "%acc_313 = select i1 %icmp_ln144_62, i14 %select_ln144_190, i14 %x_3" [firmware/nnet_utils/nnet_dense_resource.h:144]   --->   Operation 1665 'select' 'acc_313' <Predicate = (out_index)> <Delay = 0.69> <CoreInst = "Sel">   --->   Core 73 'Sel' <Latency = 0> <II = 1> <Delay = 0.69> <FuncUnit> <Opcode : 'select'> <InPorts = 3> <OutPorts = 1>
ST_9 : Operation 1666 [1/1] (0.69ns)   --->   "%acc_443 = select i1 %out_index, i14 %acc_313, i14 %acc_315" [firmware/nnet_utils/nnet_dense_resource.h:139]   --->   Operation 1666 'select' 'acc_443' <Predicate = true> <Delay = 0.69> <CoreInst = "Sel">   --->   Core 73 'Sel' <Latency = 0> <II = 1> <Delay = 0.69> <FuncUnit> <Opcode : 'select'> <InPorts = 3> <OutPorts = 1>
ST_9 : Operation 1667 [1/1] (0.69ns)   --->   "%acc_444 = select i1 %out_index, i14 %acc_315, i14 %acc_314" [firmware/nnet_utils/nnet_dense_resource.h:139]   --->   Operation 1667 'select' 'acc_444' <Predicate = true> <Delay = 0.69> <CoreInst = "Sel">   --->   Core 73 'Sel' <Latency = 0> <II = 1> <Delay = 0.69> <FuncUnit> <Opcode : 'select'> <InPorts = 3> <OutPorts = 1>
ST_9 : Operation 1668 [1/1] (0.69ns)   --->   "%acc_317 = select i1 %icmp_ln144_63, i14 %select_ln144_192, i14 %x" [firmware/nnet_utils/nnet_dense_resource.h:144]   --->   Operation 1668 'select' 'acc_317' <Predicate = (!out_index)> <Delay = 0.69> <CoreInst = "Sel">   --->   Core 73 'Sel' <Latency = 0> <II = 1> <Delay = 0.69> <FuncUnit> <Opcode : 'select'> <InPorts = 3> <OutPorts = 1>
ST_9 : Operation 1669 [1/1] (0.69ns)   --->   "%acc_316 = select i1 %icmp_ln144_63, i14 %select_ln144_193, i14 %x_1" [firmware/nnet_utils/nnet_dense_resource.h:144]   --->   Operation 1669 'select' 'acc_316' <Predicate = (out_index)> <Delay = 0.69> <CoreInst = "Sel">   --->   Core 73 'Sel' <Latency = 0> <II = 1> <Delay = 0.69> <FuncUnit> <Opcode : 'select'> <InPorts = 3> <OutPorts = 1>
ST_9 : Operation 1670 [1/1] (0.69ns)   --->   "%acc_445 = select i1 %out_index, i14 %acc_316, i14 %acc_318" [firmware/nnet_utils/nnet_dense_resource.h:139]   --->   Operation 1670 'select' 'acc_445' <Predicate = true> <Delay = 0.69> <CoreInst = "Sel">   --->   Core 73 'Sel' <Latency = 0> <II = 1> <Delay = 0.69> <FuncUnit> <Opcode : 'select'> <InPorts = 3> <OutPorts = 1>
ST_9 : Operation 1671 [1/1] (0.69ns)   --->   "%acc_446 = select i1 %out_index, i14 %acc_318, i14 %acc_317" [firmware/nnet_utils/nnet_dense_resource.h:139]   --->   Operation 1671 'select' 'acc_446' <Predicate = true> <Delay = 0.69> <CoreInst = "Sel">   --->   Core 73 'Sel' <Latency = 0> <II = 1> <Delay = 0.69> <FuncUnit> <Opcode : 'select'> <InPorts = 3> <OutPorts = 1>
ST_9 : Operation 1672 [1/1] (0.00ns)   --->   "%mrv_i = insertvalue i1792 <undef>, i14 %acc_319" [firmware/nnet_utils/nnet_dense_resource.h:166]   --->   Operation 1672 'insertvalue' 'mrv_i' <Predicate = (icmp_ln135)> <Delay = 0.00>
ST_9 : Operation 1673 [1/1] (0.00ns)   --->   "%mrv_1_i = insertvalue i1792 %mrv_i, i14 %acc_320" [firmware/nnet_utils/nnet_dense_resource.h:166]   --->   Operation 1673 'insertvalue' 'mrv_1_i' <Predicate = (icmp_ln135)> <Delay = 0.00>
ST_9 : Operation 1674 [1/1] (0.00ns)   --->   "%mrv_2_i = insertvalue i1792 %mrv_1_i, i14 %acc_321" [firmware/nnet_utils/nnet_dense_resource.h:166]   --->   Operation 1674 'insertvalue' 'mrv_2_i' <Predicate = (icmp_ln135)> <Delay = 0.00>
ST_9 : Operation 1675 [1/1] (0.00ns)   --->   "%mrv_3_i = insertvalue i1792 %mrv_2_i, i14 %acc_322" [firmware/nnet_utils/nnet_dense_resource.h:166]   --->   Operation 1675 'insertvalue' 'mrv_3_i' <Predicate = (icmp_ln135)> <Delay = 0.00>
ST_9 : Operation 1676 [1/1] (0.00ns)   --->   "%mrv_4_i = insertvalue i1792 %mrv_3_i, i14 %acc_323" [firmware/nnet_utils/nnet_dense_resource.h:166]   --->   Operation 1676 'insertvalue' 'mrv_4_i' <Predicate = (icmp_ln135)> <Delay = 0.00>
ST_9 : Operation 1677 [1/1] (0.00ns)   --->   "%mrv_5_i = insertvalue i1792 %mrv_4_i, i14 %acc_324" [firmware/nnet_utils/nnet_dense_resource.h:166]   --->   Operation 1677 'insertvalue' 'mrv_5_i' <Predicate = (icmp_ln135)> <Delay = 0.00>
ST_9 : Operation 1678 [1/1] (0.00ns)   --->   "%mrv_6_i = insertvalue i1792 %mrv_5_i, i14 %acc_325" [firmware/nnet_utils/nnet_dense_resource.h:166]   --->   Operation 1678 'insertvalue' 'mrv_6_i' <Predicate = (icmp_ln135)> <Delay = 0.00>
ST_9 : Operation 1679 [1/1] (0.00ns)   --->   "%mrv_7_i = insertvalue i1792 %mrv_6_i, i14 %acc_326" [firmware/nnet_utils/nnet_dense_resource.h:166]   --->   Operation 1679 'insertvalue' 'mrv_7_i' <Predicate = (icmp_ln135)> <Delay = 0.00>
ST_9 : Operation 1680 [1/1] (0.00ns)   --->   "%mrv_8_i = insertvalue i1792 %mrv_7_i, i14 %acc_327" [firmware/nnet_utils/nnet_dense_resource.h:166]   --->   Operation 1680 'insertvalue' 'mrv_8_i' <Predicate = (icmp_ln135)> <Delay = 0.00>
ST_9 : Operation 1681 [1/1] (0.00ns)   --->   "%mrv_9_i = insertvalue i1792 %mrv_8_i, i14 %acc_328" [firmware/nnet_utils/nnet_dense_resource.h:166]   --->   Operation 1681 'insertvalue' 'mrv_9_i' <Predicate = (icmp_ln135)> <Delay = 0.00>
ST_9 : Operation 1682 [1/1] (0.00ns)   --->   "%mrv_10_i = insertvalue i1792 %mrv_9_i, i14 %acc_329" [firmware/nnet_utils/nnet_dense_resource.h:166]   --->   Operation 1682 'insertvalue' 'mrv_10_i' <Predicate = (icmp_ln135)> <Delay = 0.00>
ST_9 : Operation 1683 [1/1] (0.00ns)   --->   "%mrv_11_i = insertvalue i1792 %mrv_10_i, i14 %acc_330" [firmware/nnet_utils/nnet_dense_resource.h:166]   --->   Operation 1683 'insertvalue' 'mrv_11_i' <Predicate = (icmp_ln135)> <Delay = 0.00>
ST_9 : Operation 1684 [1/1] (0.00ns)   --->   "%mrv_12_i = insertvalue i1792 %mrv_11_i, i14 %acc_331" [firmware/nnet_utils/nnet_dense_resource.h:166]   --->   Operation 1684 'insertvalue' 'mrv_12_i' <Predicate = (icmp_ln135)> <Delay = 0.00>
ST_9 : Operation 1685 [1/1] (0.00ns)   --->   "%mrv_13_i = insertvalue i1792 %mrv_12_i, i14 %acc_332" [firmware/nnet_utils/nnet_dense_resource.h:166]   --->   Operation 1685 'insertvalue' 'mrv_13_i' <Predicate = (icmp_ln135)> <Delay = 0.00>
ST_9 : Operation 1686 [1/1] (0.00ns)   --->   "%mrv_14_i = insertvalue i1792 %mrv_13_i, i14 %acc_333" [firmware/nnet_utils/nnet_dense_resource.h:166]   --->   Operation 1686 'insertvalue' 'mrv_14_i' <Predicate = (icmp_ln135)> <Delay = 0.00>
ST_9 : Operation 1687 [1/1] (0.00ns)   --->   "%mrv_15_i = insertvalue i1792 %mrv_14_i, i14 %acc_334" [firmware/nnet_utils/nnet_dense_resource.h:166]   --->   Operation 1687 'insertvalue' 'mrv_15_i' <Predicate = (icmp_ln135)> <Delay = 0.00>
ST_9 : Operation 1688 [1/1] (0.00ns)   --->   "%mrv_16_i = insertvalue i1792 %mrv_15_i, i14 %acc_335" [firmware/nnet_utils/nnet_dense_resource.h:166]   --->   Operation 1688 'insertvalue' 'mrv_16_i' <Predicate = (icmp_ln135)> <Delay = 0.00>
ST_9 : Operation 1689 [1/1] (0.00ns)   --->   "%mrv_17_i = insertvalue i1792 %mrv_16_i, i14 %acc_336" [firmware/nnet_utils/nnet_dense_resource.h:166]   --->   Operation 1689 'insertvalue' 'mrv_17_i' <Predicate = (icmp_ln135)> <Delay = 0.00>
ST_9 : Operation 1690 [1/1] (0.00ns)   --->   "%mrv_18_i = insertvalue i1792 %mrv_17_i, i14 %acc_337" [firmware/nnet_utils/nnet_dense_resource.h:166]   --->   Operation 1690 'insertvalue' 'mrv_18_i' <Predicate = (icmp_ln135)> <Delay = 0.00>
ST_9 : Operation 1691 [1/1] (0.00ns)   --->   "%mrv_19_i = insertvalue i1792 %mrv_18_i, i14 %acc_338" [firmware/nnet_utils/nnet_dense_resource.h:166]   --->   Operation 1691 'insertvalue' 'mrv_19_i' <Predicate = (icmp_ln135)> <Delay = 0.00>
ST_9 : Operation 1692 [1/1] (0.00ns)   --->   "%mrv_20_i = insertvalue i1792 %mrv_19_i, i14 %acc_339" [firmware/nnet_utils/nnet_dense_resource.h:166]   --->   Operation 1692 'insertvalue' 'mrv_20_i' <Predicate = (icmp_ln135)> <Delay = 0.00>
ST_9 : Operation 1693 [1/1] (0.00ns)   --->   "%mrv_21_i = insertvalue i1792 %mrv_20_i, i14 %acc_340" [firmware/nnet_utils/nnet_dense_resource.h:166]   --->   Operation 1693 'insertvalue' 'mrv_21_i' <Predicate = (icmp_ln135)> <Delay = 0.00>
ST_9 : Operation 1694 [1/1] (0.00ns)   --->   "%mrv_22_i = insertvalue i1792 %mrv_21_i, i14 %acc_341" [firmware/nnet_utils/nnet_dense_resource.h:166]   --->   Operation 1694 'insertvalue' 'mrv_22_i' <Predicate = (icmp_ln135)> <Delay = 0.00>
ST_9 : Operation 1695 [1/1] (0.00ns)   --->   "%mrv_23_i = insertvalue i1792 %mrv_22_i, i14 %acc_342" [firmware/nnet_utils/nnet_dense_resource.h:166]   --->   Operation 1695 'insertvalue' 'mrv_23_i' <Predicate = (icmp_ln135)> <Delay = 0.00>
ST_9 : Operation 1696 [1/1] (0.00ns)   --->   "%mrv_24_i = insertvalue i1792 %mrv_23_i, i14 %acc_343" [firmware/nnet_utils/nnet_dense_resource.h:166]   --->   Operation 1696 'insertvalue' 'mrv_24_i' <Predicate = (icmp_ln135)> <Delay = 0.00>
ST_9 : Operation 1697 [1/1] (0.00ns)   --->   "%mrv_25_i = insertvalue i1792 %mrv_24_i, i14 %acc_344" [firmware/nnet_utils/nnet_dense_resource.h:166]   --->   Operation 1697 'insertvalue' 'mrv_25_i' <Predicate = (icmp_ln135)> <Delay = 0.00>
ST_9 : Operation 1698 [1/1] (0.00ns)   --->   "%mrv_26_i = insertvalue i1792 %mrv_25_i, i14 %acc_345" [firmware/nnet_utils/nnet_dense_resource.h:166]   --->   Operation 1698 'insertvalue' 'mrv_26_i' <Predicate = (icmp_ln135)> <Delay = 0.00>
ST_9 : Operation 1699 [1/1] (0.00ns)   --->   "%mrv_27_i = insertvalue i1792 %mrv_26_i, i14 %acc_346" [firmware/nnet_utils/nnet_dense_resource.h:166]   --->   Operation 1699 'insertvalue' 'mrv_27_i' <Predicate = (icmp_ln135)> <Delay = 0.00>
ST_9 : Operation 1700 [1/1] (0.00ns)   --->   "%mrv_28_i = insertvalue i1792 %mrv_27_i, i14 %acc_347" [firmware/nnet_utils/nnet_dense_resource.h:166]   --->   Operation 1700 'insertvalue' 'mrv_28_i' <Predicate = (icmp_ln135)> <Delay = 0.00>
ST_9 : Operation 1701 [1/1] (0.00ns)   --->   "%mrv_29_i = insertvalue i1792 %mrv_28_i, i14 %acc_348" [firmware/nnet_utils/nnet_dense_resource.h:166]   --->   Operation 1701 'insertvalue' 'mrv_29_i' <Predicate = (icmp_ln135)> <Delay = 0.00>
ST_9 : Operation 1702 [1/1] (0.00ns)   --->   "%mrv_30_i = insertvalue i1792 %mrv_29_i, i14 %acc_349" [firmware/nnet_utils/nnet_dense_resource.h:166]   --->   Operation 1702 'insertvalue' 'mrv_30_i' <Predicate = (icmp_ln135)> <Delay = 0.00>
ST_9 : Operation 1703 [1/1] (0.00ns)   --->   "%mrv_31_i = insertvalue i1792 %mrv_30_i, i14 %acc_350" [firmware/nnet_utils/nnet_dense_resource.h:166]   --->   Operation 1703 'insertvalue' 'mrv_31_i' <Predicate = (icmp_ln135)> <Delay = 0.00>
ST_9 : Operation 1704 [1/1] (0.00ns)   --->   "%mrv_32_i = insertvalue i1792 %mrv_31_i, i14 %acc_351" [firmware/nnet_utils/nnet_dense_resource.h:166]   --->   Operation 1704 'insertvalue' 'mrv_32_i' <Predicate = (icmp_ln135)> <Delay = 0.00>
ST_9 : Operation 1705 [1/1] (0.00ns)   --->   "%mrv_33_i = insertvalue i1792 %mrv_32_i, i14 %acc_352" [firmware/nnet_utils/nnet_dense_resource.h:166]   --->   Operation 1705 'insertvalue' 'mrv_33_i' <Predicate = (icmp_ln135)> <Delay = 0.00>
ST_9 : Operation 1706 [1/1] (0.00ns)   --->   "%mrv_34_i = insertvalue i1792 %mrv_33_i, i14 %acc_353" [firmware/nnet_utils/nnet_dense_resource.h:166]   --->   Operation 1706 'insertvalue' 'mrv_34_i' <Predicate = (icmp_ln135)> <Delay = 0.00>
ST_9 : Operation 1707 [1/1] (0.00ns)   --->   "%mrv_35_i = insertvalue i1792 %mrv_34_i, i14 %acc_354" [firmware/nnet_utils/nnet_dense_resource.h:166]   --->   Operation 1707 'insertvalue' 'mrv_35_i' <Predicate = (icmp_ln135)> <Delay = 0.00>
ST_9 : Operation 1708 [1/1] (0.00ns)   --->   "%mrv_36_i = insertvalue i1792 %mrv_35_i, i14 %acc_355" [firmware/nnet_utils/nnet_dense_resource.h:166]   --->   Operation 1708 'insertvalue' 'mrv_36_i' <Predicate = (icmp_ln135)> <Delay = 0.00>
ST_9 : Operation 1709 [1/1] (0.00ns)   --->   "%mrv_37_i = insertvalue i1792 %mrv_36_i, i14 %acc_356" [firmware/nnet_utils/nnet_dense_resource.h:166]   --->   Operation 1709 'insertvalue' 'mrv_37_i' <Predicate = (icmp_ln135)> <Delay = 0.00>
ST_9 : Operation 1710 [1/1] (0.00ns)   --->   "%mrv_38_i = insertvalue i1792 %mrv_37_i, i14 %acc_357" [firmware/nnet_utils/nnet_dense_resource.h:166]   --->   Operation 1710 'insertvalue' 'mrv_38_i' <Predicate = (icmp_ln135)> <Delay = 0.00>
ST_9 : Operation 1711 [1/1] (0.00ns)   --->   "%mrv_39_i = insertvalue i1792 %mrv_38_i, i14 %acc_358" [firmware/nnet_utils/nnet_dense_resource.h:166]   --->   Operation 1711 'insertvalue' 'mrv_39_i' <Predicate = (icmp_ln135)> <Delay = 0.00>
ST_9 : Operation 1712 [1/1] (0.00ns)   --->   "%mrv_40_i = insertvalue i1792 %mrv_39_i, i14 %acc_359" [firmware/nnet_utils/nnet_dense_resource.h:166]   --->   Operation 1712 'insertvalue' 'mrv_40_i' <Predicate = (icmp_ln135)> <Delay = 0.00>
ST_9 : Operation 1713 [1/1] (0.00ns)   --->   "%mrv_41_i = insertvalue i1792 %mrv_40_i, i14 %acc_360" [firmware/nnet_utils/nnet_dense_resource.h:166]   --->   Operation 1713 'insertvalue' 'mrv_41_i' <Predicate = (icmp_ln135)> <Delay = 0.00>
ST_9 : Operation 1714 [1/1] (0.00ns)   --->   "%mrv_42_i = insertvalue i1792 %mrv_41_i, i14 %acc_361" [firmware/nnet_utils/nnet_dense_resource.h:166]   --->   Operation 1714 'insertvalue' 'mrv_42_i' <Predicate = (icmp_ln135)> <Delay = 0.00>
ST_9 : Operation 1715 [1/1] (0.00ns)   --->   "%mrv_43_i = insertvalue i1792 %mrv_42_i, i14 %acc_362" [firmware/nnet_utils/nnet_dense_resource.h:166]   --->   Operation 1715 'insertvalue' 'mrv_43_i' <Predicate = (icmp_ln135)> <Delay = 0.00>
ST_9 : Operation 1716 [1/1] (0.00ns)   --->   "%mrv_44_i = insertvalue i1792 %mrv_43_i, i14 %acc_363" [firmware/nnet_utils/nnet_dense_resource.h:166]   --->   Operation 1716 'insertvalue' 'mrv_44_i' <Predicate = (icmp_ln135)> <Delay = 0.00>
ST_9 : Operation 1717 [1/1] (0.00ns)   --->   "%mrv_45_i = insertvalue i1792 %mrv_44_i, i14 %acc_364" [firmware/nnet_utils/nnet_dense_resource.h:166]   --->   Operation 1717 'insertvalue' 'mrv_45_i' <Predicate = (icmp_ln135)> <Delay = 0.00>
ST_9 : Operation 1718 [1/1] (0.00ns)   --->   "%mrv_46_i = insertvalue i1792 %mrv_45_i, i14 %acc_365" [firmware/nnet_utils/nnet_dense_resource.h:166]   --->   Operation 1718 'insertvalue' 'mrv_46_i' <Predicate = (icmp_ln135)> <Delay = 0.00>
ST_9 : Operation 1719 [1/1] (0.00ns)   --->   "%mrv_47_i = insertvalue i1792 %mrv_46_i, i14 %acc_366" [firmware/nnet_utils/nnet_dense_resource.h:166]   --->   Operation 1719 'insertvalue' 'mrv_47_i' <Predicate = (icmp_ln135)> <Delay = 0.00>
ST_9 : Operation 1720 [1/1] (0.00ns)   --->   "%mrv_48_i = insertvalue i1792 %mrv_47_i, i14 %acc_367" [firmware/nnet_utils/nnet_dense_resource.h:166]   --->   Operation 1720 'insertvalue' 'mrv_48_i' <Predicate = (icmp_ln135)> <Delay = 0.00>
ST_9 : Operation 1721 [1/1] (0.00ns)   --->   "%mrv_49_i = insertvalue i1792 %mrv_48_i, i14 %acc_368" [firmware/nnet_utils/nnet_dense_resource.h:166]   --->   Operation 1721 'insertvalue' 'mrv_49_i' <Predicate = (icmp_ln135)> <Delay = 0.00>
ST_9 : Operation 1722 [1/1] (0.00ns)   --->   "%mrv_50_i = insertvalue i1792 %mrv_49_i, i14 %acc_369" [firmware/nnet_utils/nnet_dense_resource.h:166]   --->   Operation 1722 'insertvalue' 'mrv_50_i' <Predicate = (icmp_ln135)> <Delay = 0.00>
ST_9 : Operation 1723 [1/1] (0.00ns)   --->   "%mrv_51_i = insertvalue i1792 %mrv_50_i, i14 %acc_370" [firmware/nnet_utils/nnet_dense_resource.h:166]   --->   Operation 1723 'insertvalue' 'mrv_51_i' <Predicate = (icmp_ln135)> <Delay = 0.00>
ST_9 : Operation 1724 [1/1] (0.00ns)   --->   "%mrv_52_i = insertvalue i1792 %mrv_51_i, i14 %acc_371" [firmware/nnet_utils/nnet_dense_resource.h:166]   --->   Operation 1724 'insertvalue' 'mrv_52_i' <Predicate = (icmp_ln135)> <Delay = 0.00>
ST_9 : Operation 1725 [1/1] (0.00ns)   --->   "%mrv_53_i = insertvalue i1792 %mrv_52_i, i14 %acc_372" [firmware/nnet_utils/nnet_dense_resource.h:166]   --->   Operation 1725 'insertvalue' 'mrv_53_i' <Predicate = (icmp_ln135)> <Delay = 0.00>
ST_9 : Operation 1726 [1/1] (0.00ns)   --->   "%mrv_54_i = insertvalue i1792 %mrv_53_i, i14 %acc_373" [firmware/nnet_utils/nnet_dense_resource.h:166]   --->   Operation 1726 'insertvalue' 'mrv_54_i' <Predicate = (icmp_ln135)> <Delay = 0.00>
ST_9 : Operation 1727 [1/1] (0.00ns)   --->   "%mrv_55_i = insertvalue i1792 %mrv_54_i, i14 %acc_374" [firmware/nnet_utils/nnet_dense_resource.h:166]   --->   Operation 1727 'insertvalue' 'mrv_55_i' <Predicate = (icmp_ln135)> <Delay = 0.00>
ST_9 : Operation 1728 [1/1] (0.00ns)   --->   "%mrv_56_i = insertvalue i1792 %mrv_55_i, i14 %acc_375" [firmware/nnet_utils/nnet_dense_resource.h:166]   --->   Operation 1728 'insertvalue' 'mrv_56_i' <Predicate = (icmp_ln135)> <Delay = 0.00>
ST_9 : Operation 1729 [1/1] (0.00ns)   --->   "%mrv_57_i = insertvalue i1792 %mrv_56_i, i14 %acc_376" [firmware/nnet_utils/nnet_dense_resource.h:166]   --->   Operation 1729 'insertvalue' 'mrv_57_i' <Predicate = (icmp_ln135)> <Delay = 0.00>
ST_9 : Operation 1730 [1/1] (0.00ns)   --->   "%mrv_58_i = insertvalue i1792 %mrv_57_i, i14 %acc_377" [firmware/nnet_utils/nnet_dense_resource.h:166]   --->   Operation 1730 'insertvalue' 'mrv_58_i' <Predicate = (icmp_ln135)> <Delay = 0.00>
ST_9 : Operation 1731 [1/1] (0.00ns)   --->   "%mrv_59_i = insertvalue i1792 %mrv_58_i, i14 %acc_378" [firmware/nnet_utils/nnet_dense_resource.h:166]   --->   Operation 1731 'insertvalue' 'mrv_59_i' <Predicate = (icmp_ln135)> <Delay = 0.00>
ST_9 : Operation 1732 [1/1] (0.00ns)   --->   "%mrv_60_i = insertvalue i1792 %mrv_59_i, i14 %acc_379" [firmware/nnet_utils/nnet_dense_resource.h:166]   --->   Operation 1732 'insertvalue' 'mrv_60_i' <Predicate = (icmp_ln135)> <Delay = 0.00>
ST_9 : Operation 1733 [1/1] (0.00ns)   --->   "%mrv_61_i = insertvalue i1792 %mrv_60_i, i14 %acc_380" [firmware/nnet_utils/nnet_dense_resource.h:166]   --->   Operation 1733 'insertvalue' 'mrv_61_i' <Predicate = (icmp_ln135)> <Delay = 0.00>
ST_9 : Operation 1734 [1/1] (0.00ns)   --->   "%mrv_62_i = insertvalue i1792 %mrv_61_i, i14 %acc_381" [firmware/nnet_utils/nnet_dense_resource.h:166]   --->   Operation 1734 'insertvalue' 'mrv_62_i' <Predicate = (icmp_ln135)> <Delay = 0.00>
ST_9 : Operation 1735 [1/1] (0.00ns)   --->   "%mrv_63_i = insertvalue i1792 %mrv_62_i, i14 %acc_382" [firmware/nnet_utils/nnet_dense_resource.h:166]   --->   Operation 1735 'insertvalue' 'mrv_63_i' <Predicate = (icmp_ln135)> <Delay = 0.00>
ST_9 : Operation 1736 [1/1] (0.00ns)   --->   "%mrv_64_i = insertvalue i1792 %mrv_63_i, i14 %acc_383" [firmware/nnet_utils/nnet_dense_resource.h:166]   --->   Operation 1736 'insertvalue' 'mrv_64_i' <Predicate = (icmp_ln135)> <Delay = 0.00>
ST_9 : Operation 1737 [1/1] (0.00ns)   --->   "%mrv_65_i = insertvalue i1792 %mrv_64_i, i14 %acc_384" [firmware/nnet_utils/nnet_dense_resource.h:166]   --->   Operation 1737 'insertvalue' 'mrv_65_i' <Predicate = (icmp_ln135)> <Delay = 0.00>
ST_9 : Operation 1738 [1/1] (0.00ns)   --->   "%mrv_66_i = insertvalue i1792 %mrv_65_i, i14 %acc_385" [firmware/nnet_utils/nnet_dense_resource.h:166]   --->   Operation 1738 'insertvalue' 'mrv_66_i' <Predicate = (icmp_ln135)> <Delay = 0.00>
ST_9 : Operation 1739 [1/1] (0.00ns)   --->   "%mrv_67_i = insertvalue i1792 %mrv_66_i, i14 %acc_386" [firmware/nnet_utils/nnet_dense_resource.h:166]   --->   Operation 1739 'insertvalue' 'mrv_67_i' <Predicate = (icmp_ln135)> <Delay = 0.00>
ST_9 : Operation 1740 [1/1] (0.00ns)   --->   "%mrv_68_i = insertvalue i1792 %mrv_67_i, i14 %acc_387" [firmware/nnet_utils/nnet_dense_resource.h:166]   --->   Operation 1740 'insertvalue' 'mrv_68_i' <Predicate = (icmp_ln135)> <Delay = 0.00>
ST_9 : Operation 1741 [1/1] (0.00ns)   --->   "%mrv_69_i = insertvalue i1792 %mrv_68_i, i14 %acc_388" [firmware/nnet_utils/nnet_dense_resource.h:166]   --->   Operation 1741 'insertvalue' 'mrv_69_i' <Predicate = (icmp_ln135)> <Delay = 0.00>
ST_9 : Operation 1742 [1/1] (0.00ns)   --->   "%mrv_70_i = insertvalue i1792 %mrv_69_i, i14 %acc_389" [firmware/nnet_utils/nnet_dense_resource.h:166]   --->   Operation 1742 'insertvalue' 'mrv_70_i' <Predicate = (icmp_ln135)> <Delay = 0.00>
ST_9 : Operation 1743 [1/1] (0.00ns)   --->   "%mrv_71_i = insertvalue i1792 %mrv_70_i, i14 %acc_390" [firmware/nnet_utils/nnet_dense_resource.h:166]   --->   Operation 1743 'insertvalue' 'mrv_71_i' <Predicate = (icmp_ln135)> <Delay = 0.00>
ST_9 : Operation 1744 [1/1] (0.00ns)   --->   "%mrv_72_i = insertvalue i1792 %mrv_71_i, i14 %acc_391" [firmware/nnet_utils/nnet_dense_resource.h:166]   --->   Operation 1744 'insertvalue' 'mrv_72_i' <Predicate = (icmp_ln135)> <Delay = 0.00>
ST_9 : Operation 1745 [1/1] (0.00ns)   --->   "%mrv_73_i = insertvalue i1792 %mrv_72_i, i14 %acc_392" [firmware/nnet_utils/nnet_dense_resource.h:166]   --->   Operation 1745 'insertvalue' 'mrv_73_i' <Predicate = (icmp_ln135)> <Delay = 0.00>
ST_9 : Operation 1746 [1/1] (0.00ns)   --->   "%mrv_74_i = insertvalue i1792 %mrv_73_i, i14 %acc_393" [firmware/nnet_utils/nnet_dense_resource.h:166]   --->   Operation 1746 'insertvalue' 'mrv_74_i' <Predicate = (icmp_ln135)> <Delay = 0.00>
ST_9 : Operation 1747 [1/1] (0.00ns)   --->   "%mrv_75_i = insertvalue i1792 %mrv_74_i, i14 %acc_394" [firmware/nnet_utils/nnet_dense_resource.h:166]   --->   Operation 1747 'insertvalue' 'mrv_75_i' <Predicate = (icmp_ln135)> <Delay = 0.00>
ST_9 : Operation 1748 [1/1] (0.00ns)   --->   "%mrv_76_i = insertvalue i1792 %mrv_75_i, i14 %acc_395" [firmware/nnet_utils/nnet_dense_resource.h:166]   --->   Operation 1748 'insertvalue' 'mrv_76_i' <Predicate = (icmp_ln135)> <Delay = 0.00>
ST_9 : Operation 1749 [1/1] (0.00ns)   --->   "%mrv_77_i = insertvalue i1792 %mrv_76_i, i14 %acc_396" [firmware/nnet_utils/nnet_dense_resource.h:166]   --->   Operation 1749 'insertvalue' 'mrv_77_i' <Predicate = (icmp_ln135)> <Delay = 0.00>
ST_9 : Operation 1750 [1/1] (0.00ns)   --->   "%mrv_78_i = insertvalue i1792 %mrv_77_i, i14 %acc_397" [firmware/nnet_utils/nnet_dense_resource.h:166]   --->   Operation 1750 'insertvalue' 'mrv_78_i' <Predicate = (icmp_ln135)> <Delay = 0.00>
ST_9 : Operation 1751 [1/1] (0.00ns)   --->   "%mrv_79_i = insertvalue i1792 %mrv_78_i, i14 %acc_398" [firmware/nnet_utils/nnet_dense_resource.h:166]   --->   Operation 1751 'insertvalue' 'mrv_79_i' <Predicate = (icmp_ln135)> <Delay = 0.00>
ST_9 : Operation 1752 [1/1] (0.00ns)   --->   "%mrv_80_i = insertvalue i1792 %mrv_79_i, i14 %acc_399" [firmware/nnet_utils/nnet_dense_resource.h:166]   --->   Operation 1752 'insertvalue' 'mrv_80_i' <Predicate = (icmp_ln135)> <Delay = 0.00>
ST_9 : Operation 1753 [1/1] (0.00ns)   --->   "%mrv_81_i = insertvalue i1792 %mrv_80_i, i14 %acc_400" [firmware/nnet_utils/nnet_dense_resource.h:166]   --->   Operation 1753 'insertvalue' 'mrv_81_i' <Predicate = (icmp_ln135)> <Delay = 0.00>
ST_9 : Operation 1754 [1/1] (0.00ns)   --->   "%mrv_82_i = insertvalue i1792 %mrv_81_i, i14 %acc_401" [firmware/nnet_utils/nnet_dense_resource.h:166]   --->   Operation 1754 'insertvalue' 'mrv_82_i' <Predicate = (icmp_ln135)> <Delay = 0.00>
ST_9 : Operation 1755 [1/1] (0.00ns)   --->   "%mrv_83_i = insertvalue i1792 %mrv_82_i, i14 %acc_402" [firmware/nnet_utils/nnet_dense_resource.h:166]   --->   Operation 1755 'insertvalue' 'mrv_83_i' <Predicate = (icmp_ln135)> <Delay = 0.00>
ST_9 : Operation 1756 [1/1] (0.00ns)   --->   "%mrv_84_i = insertvalue i1792 %mrv_83_i, i14 %acc_403" [firmware/nnet_utils/nnet_dense_resource.h:166]   --->   Operation 1756 'insertvalue' 'mrv_84_i' <Predicate = (icmp_ln135)> <Delay = 0.00>
ST_9 : Operation 1757 [1/1] (0.00ns)   --->   "%mrv_85_i = insertvalue i1792 %mrv_84_i, i14 %acc_404" [firmware/nnet_utils/nnet_dense_resource.h:166]   --->   Operation 1757 'insertvalue' 'mrv_85_i' <Predicate = (icmp_ln135)> <Delay = 0.00>
ST_9 : Operation 1758 [1/1] (0.00ns)   --->   "%mrv_86_i = insertvalue i1792 %mrv_85_i, i14 %acc_405" [firmware/nnet_utils/nnet_dense_resource.h:166]   --->   Operation 1758 'insertvalue' 'mrv_86_i' <Predicate = (icmp_ln135)> <Delay = 0.00>
ST_9 : Operation 1759 [1/1] (0.00ns)   --->   "%mrv_87_i = insertvalue i1792 %mrv_86_i, i14 %acc_406" [firmware/nnet_utils/nnet_dense_resource.h:166]   --->   Operation 1759 'insertvalue' 'mrv_87_i' <Predicate = (icmp_ln135)> <Delay = 0.00>
ST_9 : Operation 1760 [1/1] (0.00ns)   --->   "%mrv_88_i = insertvalue i1792 %mrv_87_i, i14 %acc_407" [firmware/nnet_utils/nnet_dense_resource.h:166]   --->   Operation 1760 'insertvalue' 'mrv_88_i' <Predicate = (icmp_ln135)> <Delay = 0.00>
ST_9 : Operation 1761 [1/1] (0.00ns)   --->   "%mrv_89_i = insertvalue i1792 %mrv_88_i, i14 %acc_408" [firmware/nnet_utils/nnet_dense_resource.h:166]   --->   Operation 1761 'insertvalue' 'mrv_89_i' <Predicate = (icmp_ln135)> <Delay = 0.00>
ST_9 : Operation 1762 [1/1] (0.00ns)   --->   "%mrv_90_i = insertvalue i1792 %mrv_89_i, i14 %acc_409" [firmware/nnet_utils/nnet_dense_resource.h:166]   --->   Operation 1762 'insertvalue' 'mrv_90_i' <Predicate = (icmp_ln135)> <Delay = 0.00>
ST_9 : Operation 1763 [1/1] (0.00ns)   --->   "%mrv_91_i = insertvalue i1792 %mrv_90_i, i14 %acc_410" [firmware/nnet_utils/nnet_dense_resource.h:166]   --->   Operation 1763 'insertvalue' 'mrv_91_i' <Predicate = (icmp_ln135)> <Delay = 0.00>
ST_9 : Operation 1764 [1/1] (0.00ns)   --->   "%mrv_92_i = insertvalue i1792 %mrv_91_i, i14 %acc_411" [firmware/nnet_utils/nnet_dense_resource.h:166]   --->   Operation 1764 'insertvalue' 'mrv_92_i' <Predicate = (icmp_ln135)> <Delay = 0.00>
ST_9 : Operation 1765 [1/1] (0.00ns)   --->   "%mrv_93_i = insertvalue i1792 %mrv_92_i, i14 %acc_412" [firmware/nnet_utils/nnet_dense_resource.h:166]   --->   Operation 1765 'insertvalue' 'mrv_93_i' <Predicate = (icmp_ln135)> <Delay = 0.00>
ST_9 : Operation 1766 [1/1] (0.00ns)   --->   "%mrv_94_i = insertvalue i1792 %mrv_93_i, i14 %acc_413" [firmware/nnet_utils/nnet_dense_resource.h:166]   --->   Operation 1766 'insertvalue' 'mrv_94_i' <Predicate = (icmp_ln135)> <Delay = 0.00>
ST_9 : Operation 1767 [1/1] (0.00ns)   --->   "%mrv_i_35 = insertvalue i1792 %mrv_94_i, i14 %acc_414" [firmware/nnet_utils/nnet_dense_resource.h:166]   --->   Operation 1767 'insertvalue' 'mrv_i_35' <Predicate = (icmp_ln135)> <Delay = 0.00>
ST_9 : Operation 1768 [1/1] (0.00ns)   --->   "%mrv_95_i = insertvalue i1792 %mrv_i_35, i14 %acc_415" [firmware/nnet_utils/nnet_dense_resource.h:166]   --->   Operation 1768 'insertvalue' 'mrv_95_i' <Predicate = (icmp_ln135)> <Delay = 0.00>
ST_9 : Operation 1769 [1/1] (0.00ns)   --->   "%mrv_96_i = insertvalue i1792 %mrv_95_i, i14 %acc_416" [firmware/nnet_utils/nnet_dense_resource.h:166]   --->   Operation 1769 'insertvalue' 'mrv_96_i' <Predicate = (icmp_ln135)> <Delay = 0.00>
ST_9 : Operation 1770 [1/1] (0.00ns)   --->   "%mrv_97_i = insertvalue i1792 %mrv_96_i, i14 %acc_417" [firmware/nnet_utils/nnet_dense_resource.h:166]   --->   Operation 1770 'insertvalue' 'mrv_97_i' <Predicate = (icmp_ln135)> <Delay = 0.00>
ST_9 : Operation 1771 [1/1] (0.00ns)   --->   "%mrv_98_i = insertvalue i1792 %mrv_97_i, i14 %acc_418" [firmware/nnet_utils/nnet_dense_resource.h:166]   --->   Operation 1771 'insertvalue' 'mrv_98_i' <Predicate = (icmp_ln135)> <Delay = 0.00>
ST_9 : Operation 1772 [1/1] (0.00ns)   --->   "%mrv_99_i = insertvalue i1792 %mrv_98_i, i14 %acc_419" [firmware/nnet_utils/nnet_dense_resource.h:166]   --->   Operation 1772 'insertvalue' 'mrv_99_i' <Predicate = (icmp_ln135)> <Delay = 0.00>
ST_9 : Operation 1773 [1/1] (0.00ns)   --->   "%mrv_100_i = insertvalue i1792 %mrv_99_i, i14 %acc_420" [firmware/nnet_utils/nnet_dense_resource.h:166]   --->   Operation 1773 'insertvalue' 'mrv_100_i' <Predicate = (icmp_ln135)> <Delay = 0.00>
ST_9 : Operation 1774 [1/1] (0.00ns)   --->   "%mrv_101_i = insertvalue i1792 %mrv_100_i, i14 %acc_421" [firmware/nnet_utils/nnet_dense_resource.h:166]   --->   Operation 1774 'insertvalue' 'mrv_101_i' <Predicate = (icmp_ln135)> <Delay = 0.00>
ST_9 : Operation 1775 [1/1] (0.00ns)   --->   "%mrv_102_i = insertvalue i1792 %mrv_101_i, i14 %acc_422" [firmware/nnet_utils/nnet_dense_resource.h:166]   --->   Operation 1775 'insertvalue' 'mrv_102_i' <Predicate = (icmp_ln135)> <Delay = 0.00>
ST_9 : Operation 1776 [1/1] (0.00ns)   --->   "%mrv_103_i = insertvalue i1792 %mrv_102_i, i14 %acc_423" [firmware/nnet_utils/nnet_dense_resource.h:166]   --->   Operation 1776 'insertvalue' 'mrv_103_i' <Predicate = (icmp_ln135)> <Delay = 0.00>
ST_9 : Operation 1777 [1/1] (0.00ns)   --->   "%mrv_104_i = insertvalue i1792 %mrv_103_i, i14 %acc_424" [firmware/nnet_utils/nnet_dense_resource.h:166]   --->   Operation 1777 'insertvalue' 'mrv_104_i' <Predicate = (icmp_ln135)> <Delay = 0.00>
ST_9 : Operation 1778 [1/1] (0.00ns)   --->   "%mrv_105_i = insertvalue i1792 %mrv_104_i, i14 %acc_425" [firmware/nnet_utils/nnet_dense_resource.h:166]   --->   Operation 1778 'insertvalue' 'mrv_105_i' <Predicate = (icmp_ln135)> <Delay = 0.00>
ST_9 : Operation 1779 [1/1] (0.00ns)   --->   "%mrv_106_i = insertvalue i1792 %mrv_105_i, i14 %acc_426" [firmware/nnet_utils/nnet_dense_resource.h:166]   --->   Operation 1779 'insertvalue' 'mrv_106_i' <Predicate = (icmp_ln135)> <Delay = 0.00>
ST_9 : Operation 1780 [1/1] (0.00ns)   --->   "%mrv_107_i = insertvalue i1792 %mrv_106_i, i14 %acc_427" [firmware/nnet_utils/nnet_dense_resource.h:166]   --->   Operation 1780 'insertvalue' 'mrv_107_i' <Predicate = (icmp_ln135)> <Delay = 0.00>
ST_9 : Operation 1781 [1/1] (0.00ns)   --->   "%mrv_108_i = insertvalue i1792 %mrv_107_i, i14 %acc_428" [firmware/nnet_utils/nnet_dense_resource.h:166]   --->   Operation 1781 'insertvalue' 'mrv_108_i' <Predicate = (icmp_ln135)> <Delay = 0.00>
ST_9 : Operation 1782 [1/1] (0.00ns)   --->   "%mrv_109_i = insertvalue i1792 %mrv_108_i, i14 %acc_429" [firmware/nnet_utils/nnet_dense_resource.h:166]   --->   Operation 1782 'insertvalue' 'mrv_109_i' <Predicate = (icmp_ln135)> <Delay = 0.00>
ST_9 : Operation 1783 [1/1] (0.00ns)   --->   "%mrv_110_i = insertvalue i1792 %mrv_109_i, i14 %acc_430" [firmware/nnet_utils/nnet_dense_resource.h:166]   --->   Operation 1783 'insertvalue' 'mrv_110_i' <Predicate = (icmp_ln135)> <Delay = 0.00>
ST_9 : Operation 1784 [1/1] (0.00ns)   --->   "%mrv_111_i = insertvalue i1792 %mrv_110_i, i14 %acc_431" [firmware/nnet_utils/nnet_dense_resource.h:166]   --->   Operation 1784 'insertvalue' 'mrv_111_i' <Predicate = (icmp_ln135)> <Delay = 0.00>
ST_9 : Operation 1785 [1/1] (0.00ns)   --->   "%mrv_112_i = insertvalue i1792 %mrv_111_i, i14 %acc_432" [firmware/nnet_utils/nnet_dense_resource.h:166]   --->   Operation 1785 'insertvalue' 'mrv_112_i' <Predicate = (icmp_ln135)> <Delay = 0.00>
ST_9 : Operation 1786 [1/1] (0.00ns)   --->   "%mrv_113_i = insertvalue i1792 %mrv_112_i, i14 %acc_433" [firmware/nnet_utils/nnet_dense_resource.h:166]   --->   Operation 1786 'insertvalue' 'mrv_113_i' <Predicate = (icmp_ln135)> <Delay = 0.00>
ST_9 : Operation 1787 [1/1] (0.00ns)   --->   "%mrv_114_i = insertvalue i1792 %mrv_113_i, i14 %acc_434" [firmware/nnet_utils/nnet_dense_resource.h:166]   --->   Operation 1787 'insertvalue' 'mrv_114_i' <Predicate = (icmp_ln135)> <Delay = 0.00>
ST_9 : Operation 1788 [1/1] (0.00ns)   --->   "%mrv_115_i = insertvalue i1792 %mrv_114_i, i14 %acc_435" [firmware/nnet_utils/nnet_dense_resource.h:166]   --->   Operation 1788 'insertvalue' 'mrv_115_i' <Predicate = (icmp_ln135)> <Delay = 0.00>
ST_9 : Operation 1789 [1/1] (0.00ns)   --->   "%mrv_116_i = insertvalue i1792 %mrv_115_i, i14 %acc_436" [firmware/nnet_utils/nnet_dense_resource.h:166]   --->   Operation 1789 'insertvalue' 'mrv_116_i' <Predicate = (icmp_ln135)> <Delay = 0.00>
ST_9 : Operation 1790 [1/1] (0.00ns)   --->   "%mrv_117_i = insertvalue i1792 %mrv_116_i, i14 %acc_437" [firmware/nnet_utils/nnet_dense_resource.h:166]   --->   Operation 1790 'insertvalue' 'mrv_117_i' <Predicate = (icmp_ln135)> <Delay = 0.00>
ST_9 : Operation 1791 [1/1] (0.00ns)   --->   "%mrv_118_i = insertvalue i1792 %mrv_117_i, i14 %acc_438" [firmware/nnet_utils/nnet_dense_resource.h:166]   --->   Operation 1791 'insertvalue' 'mrv_118_i' <Predicate = (icmp_ln135)> <Delay = 0.00>
ST_9 : Operation 1792 [1/1] (0.00ns)   --->   "%mrv_119_i = insertvalue i1792 %mrv_118_i, i14 %acc_439" [firmware/nnet_utils/nnet_dense_resource.h:166]   --->   Operation 1792 'insertvalue' 'mrv_119_i' <Predicate = (icmp_ln135)> <Delay = 0.00>
ST_9 : Operation 1793 [1/1] (0.00ns)   --->   "%mrv_120_i = insertvalue i1792 %mrv_119_i, i14 %acc_440" [firmware/nnet_utils/nnet_dense_resource.h:166]   --->   Operation 1793 'insertvalue' 'mrv_120_i' <Predicate = (icmp_ln135)> <Delay = 0.00>
ST_9 : Operation 1794 [1/1] (0.00ns)   --->   "%mrv_121_i = insertvalue i1792 %mrv_120_i, i14 %acc_441" [firmware/nnet_utils/nnet_dense_resource.h:166]   --->   Operation 1794 'insertvalue' 'mrv_121_i' <Predicate = (icmp_ln135)> <Delay = 0.00>
ST_9 : Operation 1795 [1/1] (0.00ns)   --->   "%mrv_122_i = insertvalue i1792 %mrv_121_i, i14 %acc_442" [firmware/nnet_utils/nnet_dense_resource.h:166]   --->   Operation 1795 'insertvalue' 'mrv_122_i' <Predicate = (icmp_ln135)> <Delay = 0.00>
ST_9 : Operation 1796 [1/1] (0.00ns)   --->   "%mrv_123_i = insertvalue i1792 %mrv_122_i, i14 %acc_443" [firmware/nnet_utils/nnet_dense_resource.h:166]   --->   Operation 1796 'insertvalue' 'mrv_123_i' <Predicate = (icmp_ln135)> <Delay = 0.00>
ST_9 : Operation 1797 [1/1] (0.00ns)   --->   "%mrv_124_i = insertvalue i1792 %mrv_123_i, i14 %acc_444" [firmware/nnet_utils/nnet_dense_resource.h:166]   --->   Operation 1797 'insertvalue' 'mrv_124_i' <Predicate = (icmp_ln135)> <Delay = 0.00>
ST_9 : Operation 1798 [1/1] (0.00ns)   --->   "%mrv_125_i = insertvalue i1792 %mrv_124_i, i14 %acc_445" [firmware/nnet_utils/nnet_dense_resource.h:166]   --->   Operation 1798 'insertvalue' 'mrv_125_i' <Predicate = (icmp_ln135)> <Delay = 0.00>
ST_9 : Operation 1799 [1/1] (0.00ns)   --->   "%mrv_126_i = insertvalue i1792 %mrv_125_i, i14 %acc_446" [firmware/nnet_utils/nnet_dense_resource.h:166]   --->   Operation 1799 'insertvalue' 'mrv_126_i' <Predicate = (icmp_ln135)> <Delay = 0.00>
ST_9 : Operation 1800 [1/1] (0.00ns)   --->   "%return_ln166 = return void @_ssdm_op_Return, i1792 %mrv_126_i" [firmware/nnet_utils/nnet_dense_resource.h:166]   --->   Operation 1800 'return' 'return_ln166' <Predicate = (icmp_ln135)> <Delay = 0.00>


============================================================
+ Verbose Summary: Timing violations
============================================================
Target clock period: 4.000ns, clock uncertainty: 1.080ns.

 <State 1>: 1.610ns
The critical path consists of the following:
	multiplexor before 'phi' operation 1 bit ('do_init') [37]  (1.610 ns)
	'br' operation ('br_ln135', firmware/nnet_utils/nnet_dense_resource.h:135) [35]  (1.610 ns)

 <State 2>: 2.152ns
The critical path consists of the following:
	'phi' operation 6 bit ('w_index') with incoming values : ('w_index', firmware/nnet_utils/nnet_dense_resource.h:135) [71]  (0.000 ns)
	'getelementptr' operation 6 bit ('outidx_4_addr', firmware/nnet_utils/nnet_dense_resource.h:139) [274]  (0.000 ns)
	'load' operation 1 bit ('out_index', firmware/nnet_utils/nnet_dense_resource.h:139) on array 'outidx_4' [275]  (2.152 ns)

 <State 3>: 6.026ns
The critical path consists of the following:
	'phi' operation 32 bit ('in_index') with incoming values : ('in_index_4', firmware/nnet_utils/nnet_dense_resource.h:154) [70]  (0.000 ns)
	'add' operation 32 bit ('in_index', firmware/nnet_utils/nnet_dense_resource.h:153) [1497]  (2.702 ns)
	'icmp' operation 1 bit ('icmp_ln154', firmware/nnet_utils/nnet_dense_resource.h:154) [1499]  (2.528 ns)
	'select' operation 32 bit ('in_index_4', firmware/nnet_utils/nnet_dense_resource.h:154) [1500]  (0.796 ns)

 <State 4>: 3.559ns
The critical path consists of the following:
	'load' operation 703 bit ('wr2_load', firmware/nnet_utils/nnet_dense_resource.h:145) on array 'wr2' [278]  (1.685 ns)
	'mul' operation 25 bit ('mul_ln73', firmware/nnet_utils/nnet_mult.h:73->firmware/nnet_utils/nnet_dense_resource.h:145) [283]  (1.874 ns)

 <State 5>: 1.874ns
The critical path consists of the following:
	'mul' operation 25 bit ('mul_ln73', firmware/nnet_utils/nnet_mult.h:73->firmware/nnet_utils/nnet_dense_resource.h:145) [283]  (1.874 ns)

 <State 6>: 1.874ns
The critical path consists of the following:
	'mul' operation 25 bit ('mul_ln73', firmware/nnet_utils/nnet_mult.h:73->firmware/nnet_utils/nnet_dense_resource.h:145) [283]  (1.874 ns)

 <State 7>: 1.874ns
The critical path consists of the following:
	'mul' operation 25 bit ('mul_ln73', firmware/nnet_utils/nnet_mult.h:73->firmware/nnet_utils/nnet_dense_resource.h:145) [283]  (1.874 ns)

 <State 8>: 4.978ns
The critical path consists of the following:
	'phi' operation 14 bit ('acc') with incoming values : ('x', firmware/nnet_utils/nnet_dense_resource.h:144) [72]  (0.000 ns)
	'select' operation 14 bit ('select_ln144', firmware/nnet_utils/nnet_dense_resource.h:144) [288]  (0.698 ns)
	'sub' operation 15 bit ('sub_ln144', firmware/nnet_utils/nnet_dense_resource.h:144) [292]  (2.138 ns)
	'icmp' operation 1 bit ('icmp_ln144', firmware/nnet_utils/nnet_dense_resource.h:144) [293]  (2.142 ns)

 <State 9>: 7.984ns
The critical path consists of the following:
	'select' operation 14 bit ('acc', firmware/nnet_utils/nnet_dense_resource.h:144) [296]  (0.698 ns)
	'select' operation 14 bit ('x', firmware/nnet_utils/nnet_dense_resource.h:144) [306]  (0.698 ns)
	multiplexor before 'phi' operation 14 bit ('acc') with incoming values : ('x', firmware/nnet_utils/nnet_dense_resource.h:144) [73]  (1.610 ns)
	'phi' operation 14 bit ('acc') with incoming values : ('x', firmware/nnet_utils/nnet_dense_resource.h:144) [73]  (0.000 ns)
	'select' operation 14 bit ('select_ln144', firmware/nnet_utils/nnet_dense_resource.h:144) [288]  (0.698 ns)
	'sub' operation 15 bit ('sub_ln144', firmware/nnet_utils/nnet_dense_resource.h:144) [292]  (2.138 ns)
	'icmp' operation 1 bit ('icmp_ln144', firmware/nnet_utils/nnet_dense_resource.h:144) [293]  (2.142 ns)


============================================================
+ Verbose Summary: Binding
============================================================
N/A
* FSMD analyzer results:
  - Output states:
 - Input state : 
  - Chain level:
	State 1
	State 2
	State 3
	State 4
	State 5
	State 6
	State 7
	State 8
	State 9


============================================================
+ Verbose Summary: Datapath Resource usage 
============================================================
N/A
