

================================================================
== Vitis HLS Report for 'dense_resource_rf_gt_nin_rem0_ap_fixed_ap_fixed_14_7_0_3_0_config2_1_s'
================================================================
* Date:           Tue Sep 15 12:08:15 2026

* Version:        2026.1 (Build 6493734 on Jun 16 2026)
* Project:        recurrent_prj
* Solution:       solution1
* Product family: artix7
* Target device:  xc7a100t-csg324-1


================================================================
== Performance Estimates
================================================================
+ Timing: 
    * Summary: 
    +--------+---------+----------+------------+
    |  Clock |  Target | Estimated| Uncertainty|
    +--------+---------+----------+------------+
    |ap_clk  |  4.00 ns|  9.651 ns|     1.08 ns|
    +--------+---------+----------+------------+

+ Latency: 
    * Summary: 
    +---------+---------+----------+----------+-----+-----+------------------------------------+
    |  Latency (cycles) |  Latency (absolute) |  Interval |              Pipeline              |
    |   min   |   max   |    min   |    max   | min | max |                Type                |
    +---------+---------+----------+----------+-----+-----+------------------------------------+
    |       70|       71|  0.280 us|  0.284 us|   64|   64|  loop rewind stp (delay=0 cycle(s))|
    +---------+---------+----------+----------+-----+-----+------------------------------------+

    + Detail: 
        * Instance: 
        N/A

        * Loop: 
        +-------------+---------+---------+----------+-----------+-----------+------+----------+
        |             |  Latency (cycles) | Iteration|  Initiation Interval  | Trip |          |
        |  Loop Name  |   min   |   max   |  Latency |  achieved |   target  | Count| Pipelined|
        +-------------+---------+---------+----------+-----------+-----------+------+----------+
        |- ReuseLoop  |       70|       70|         8|          1|          1|    64|       yes|
        +-------------+---------+---------+----------+-----------+-----------+------+----------+

============================================================
+ Verbose Summary: Synthesis Manager
============================================================
InlineROM: 1
ExposeGlobal: 0
============================================================
+ Verbose Summary: CDFG Model
============================================================
IsTopModel: 0
ResetActiveHigh: 1
IsCombinational: 0
IsDatapathOnly: 0
HasWiredReturn: 1
HasMFsm: 2
HasVarLatency: 1
IsPipeline: 0
IsRtlPipelined: 0
IsInstanceOverlapped: 0
IsDontTouch: 0
HasImplIP: 0
IsGatedGlobalClock: 0

+ Individual pipeline summary: 
  * Pipeline-0: initiation interval (II) = 1, depth = 8


============================================================
+ Verbose Summary: Schedule
============================================================
* Number of FSM states : 9
* Pipeline : 1
  Pipeline-0 : II = 1, D = 8, States = { 2 3 4 5 6 7 8 9 }
* Dataflow Pipeline: 0

* FSM state transitions: 
1 --> 2 
2 --> 3 
3 --> 4 
4 --> 5 
5 --> 6 
6 --> 7 
7 --> 8 
8 --> 9 
9 --> 2 

* FSM state operations: 

State 1 <SV = 0> <Delay = 1.61>
ST_1 : Operation 10 [1/1] (1.61ns)   --->   "%br_ln135 = br void %rewind_header" [firmware/nnet_utils/nnet_dense_resource.h:135]   --->   Operation 10 'br' 'br_ln135' <Predicate = true> <Delay = 1.61>

State 2 <SV = 1> <Delay = 2.15>
ST_2 : Operation 11 [1/1] (0.00ns)   --->   "%do_init = phi i1 1, void %entry, i1 0, void %MultLoop.split_ifconv, i1 1, void %Result"   --->   Operation 11 'phi' 'do_init' <Predicate = true> <Delay = 0.00>
ST_2 : Operation 12 [1/1] (0.00ns)   --->   "%ir = phi i6 0, void %entry, i6 %w_index, void %MultLoop.split_ifconv, i6 0, void %Result"   --->   Operation 12 'phi' 'ir' <Predicate = true> <Delay = 0.00>
ST_2 : Operation 13 [1/1] (0.00ns)   --->   "%br_ln0 = br i1 %do_init, void %MultLoop.split_ifconv, void %rewind_init"   --->   Operation 13 'br' 'br_ln0' <Predicate = true> <Delay = 0.00>
ST_2 : Operation 14 [1/1] (0.00ns)   --->   "%specmemcore_ln0 = specmemcore void @_ssdm_op_SpecMemCore, i206 %w2, i64 666, i64 38, i64 18446744073709551615, i1 0"   --->   Operation 14 'specmemcore' 'specmemcore_ln0' <Predicate = (do_init)> <Delay = 0.00>
ST_2 : Operation 15 [1/1] (0.00ns)   --->   "%br_ln135 = br void %MultLoop.split_ifconv" [firmware/nnet_utils/nnet_dense_resource.h:135]   --->   Operation 15 'br' 'br_ln135' <Predicate = (do_init)> <Delay = 0.00>
ST_2 : Operation 16 [1/1] (0.00ns)   --->   "%zext_ln135 = zext i6 %ir" [firmware/nnet_utils/nnet_dense_resource.h:135]   --->   Operation 16 'zext' 'zext_ln135' <Predicate = true> <Delay = 0.00>
ST_2 : Operation 17 [1/1] (0.00ns)   --->   "%outidx_addr = getelementptr i3 %outidx, i64 0, i64 %zext_ln135" [firmware/nnet_utils/nnet_dense_resource.h:139]   --->   Operation 17 'getelementptr' 'outidx_addr' <Predicate = true> <Delay = 0.00>
ST_2 : Operation 18 [2/2] (2.15ns)   --->   "%out_index = load i6 %outidx_addr" [firmware/nnet_utils/nnet_dense_resource.h:139]   --->   Operation 18 'load' 'out_index' <Predicate = true> <Delay = 2.15> <CoreInst = "ROM">   --->   Core 94 'ROM' <Latency = 1> <II = 1> <Delay = 2.15> <Storage> <Opcode : 'load'> <Ports = 0> <Width = 3> <Depth = 64> <ROM>
ST_2 : Operation 19 [1/1] (0.00ns)   --->   "%w2_addr = getelementptr i206 %w2, i64 0, i64 %zext_ln135" [firmware/nnet_utils/nnet_dense_resource.h:145]   --->   Operation 19 'getelementptr' 'w2_addr' <Predicate = true> <Delay = 0.00>
ST_2 : Operation 20 [3/3] (1.68ns)   --->   "%w2_load = load i6 %w2_addr" [firmware/nnet_utils/nnet_dense_resource.h:145]   --->   Operation 20 'load' 'w2_load' <Predicate = true> <Delay = 1.68> <CoreInst = "ROM_nP_BRAM">   --->   Core 102 'ROM_nP_BRAM' <Latency = 2> <II = 1> <Delay = 1.68> <Storage> <Opcode : 'load'> <Ports = 0> <Width = 206> <Depth = 64> <ROM>
ST_2 : Operation 21 [1/1] (1.94ns)   --->   "%w_index = add i6 %ir, i6 1" [firmware/nnet_utils/nnet_dense_resource.h:135]   --->   Operation 21 'add' 'w_index' <Predicate = true> <Delay = 1.94> <CoreInst = "Adder">   --->   Core 1 'Adder' <Latency = 0> <II = 1> <Delay = 1.94> <FuncUnit> <Opcode : 'add' 'sub'> <InPorts = 2> <OutPorts = 1>
ST_2 : Operation 22 [1/1] (1.94ns)   --->   "%icmp_ln135 = icmp_eq  i6 %ir, i6 63" [firmware/nnet_utils/nnet_dense_resource.h:135]   --->   Operation 22 'icmp' 'icmp_ln135' <Predicate = true> <Delay = 1.94> <CoreInst = "Cmp">   --->   Core 9 'Cmp' <Latency = 0> <II = 1> <Delay = 1.94> <FuncUnit> <Opcode : 'seteq' 'setne' 'setle' 'setge' 'setlt' 'setgt'> <InPorts = 2> <OutPorts = 1>
ST_2 : Operation 23 [1/1] (0.00ns)   --->   "%br_ln135 = br i1 %icmp_ln135, void %rewind_header, void %Result" [firmware/nnet_utils/nnet_dense_resource.h:135]   --->   Operation 23 'br' 'br_ln135' <Predicate = true> <Delay = 0.00>
ST_2 : Operation 24 [1/1] (0.00ns)   --->   "%br_ln166 = br void %rewind_header" [firmware/nnet_utils/nnet_dense_resource.h:166]   --->   Operation 24 'br' 'br_ln166' <Predicate = (icmp_ln135)> <Delay = 0.00>

State 3 <SV = 2> <Delay = 6.09>
ST_3 : Operation 25 [1/1] (0.00ns)   --->   "%in_index = phi i32 0, void %entry, i32 %in_index_6, void %MultLoop.split_ifconv, i32 0, void %Result"   --->   Operation 25 'phi' 'in_index' <Predicate = true> <Delay = 0.00>
ST_3 : Operation 26 [1/2] ( I:2.15ns O:2.15ns )   --->   "%out_index = load i6 %outidx_addr" [firmware/nnet_utils/nnet_dense_resource.h:139]   --->   Operation 26 'load' 'out_index' <Predicate = true> <Delay = 2.15> <CoreInst = "ROM">   --->   Core 94 'ROM' <Latency = 1> <II = 1> <Delay = 2.15> <Storage> <Opcode : 'load'> <Ports = 0> <Width = 3> <Depth = 64> <ROM>
ST_3 : Operation 27 [1/1] (0.00ns)   --->   "%zext_ln145 = zext i32 %in_index" [firmware/nnet_utils/nnet_dense_resource.h:145]   --->   Operation 27 'zext' 'zext_ln145' <Predicate = true> <Delay = 0.00>
ST_3 : Operation 28 [1/1] (0.00ns)   --->   "%data_addr = getelementptr i14 %data, i64 0, i64 %zext_ln145" [firmware/nnet_utils/nnet_dense_resource.h:145]   --->   Operation 28 'getelementptr' 'data_addr' <Predicate = true> <Delay = 0.00>
ST_3 : Operation 29 [2/2] (2.15ns)   --->   "%a = load i3 %data_addr" [firmware/nnet_utils/nnet_dense_resource.h:145]   --->   Operation 29 'load' 'a' <Predicate = true> <Delay = 2.15> <CoreInst = "RAM">   --->   Core 81 'RAM' <Latency = 1> <II = 1> <Delay = 2.15> <Storage> <Opcode : 'load' 'store'> <Ports = 2> <Width = 14> <Depth = 8> <RAM>
ST_3 : Operation 30 [2/3] (1.68ns)   --->   "%w2_load = load i6 %w2_addr" [firmware/nnet_utils/nnet_dense_resource.h:145]   --->   Operation 30 'load' 'w2_load' <Predicate = true> <Delay = 1.68> <CoreInst = "ROM_nP_BRAM">   --->   Core 102 'ROM_nP_BRAM' <Latency = 2> <II = 1> <Delay = 1.68> <Storage> <Opcode : 'load'> <Ports = 0> <Width = 206> <Depth = 64> <ROM>
ST_3 : Operation 31 [1/1] (2.70ns)   --->   "%in_index_5 = add i32 %in_index, i32 1" [firmware/nnet_utils/nnet_dense_resource.h:153]   --->   Operation 31 'add' 'in_index_5' <Predicate = true> <Delay = 2.70> <CoreInst = "Adder">   --->   Core 1 'Adder' <Latency = 0> <II = 1> <Delay = 2.70> <FuncUnit> <Opcode : 'add' 'sub'> <InPorts = 2> <OutPorts = 1>
ST_3 : Operation 32 [1/1] (0.00ns)   --->   "%tmp_815 = partselect i29 @_ssdm_op_PartSelect.i29.i32.i32.i32, i32 %in_index_5, i32 3, i32 31" [firmware/nnet_utils/nnet_dense_resource.h:154]   --->   Operation 32 'partselect' 'tmp_815' <Predicate = true> <Delay = 0.00>
ST_3 : Operation 33 [1/1] (2.59ns)   --->   "%icmp_ln154 = icmp_sgt  i29 %tmp_815, i29 0" [firmware/nnet_utils/nnet_dense_resource.h:154]   --->   Operation 33 'icmp' 'icmp_ln154' <Predicate = true> <Delay = 2.59> <CoreInst = "Cmp">   --->   Core 9 'Cmp' <Latency = 0> <II = 1> <Delay = 2.59> <FuncUnit> <Opcode : 'seteq' 'setne' 'setle' 'setge' 'setlt' 'setgt'> <InPorts = 2> <OutPorts = 1>
ST_3 : Operation 34 [1/1] (0.79ns)   --->   "%in_index_6 = select i1 %icmp_ln154, i32 0, i32 %in_index_5" [firmware/nnet_utils/nnet_dense_resource.h:154]   --->   Operation 34 'select' 'in_index_6' <Predicate = true> <Delay = 0.79> <CoreInst = "Sel">   --->   Core 73 'Sel' <Latency = 0> <II = 1> <Delay = 0.79> <FuncUnit> <Opcode : 'select'> <InPorts = 3> <OutPorts = 1>

State 4 <SV = 3> <Delay = 4.02>
ST_4 : Operation 35 [1/2] ( I:2.15ns O:2.15ns )   --->   "%a = load i3 %data_addr" [firmware/nnet_utils/nnet_dense_resource.h:145]   --->   Operation 35 'load' 'a' <Predicate = true> <Delay = 2.15> <CoreInst = "RAM">   --->   Core 81 'RAM' <Latency = 1> <II = 1> <Delay = 2.15> <Storage> <Opcode : 'load' 'store'> <Ports = 2> <Width = 14> <Depth = 8> <RAM>
ST_4 : Operation 36 [1/3] ( I:1.68ns O:1.68ns )   --->   "%w2_load = load i6 %w2_addr" [firmware/nnet_utils/nnet_dense_resource.h:145]   --->   Operation 36 'load' 'w2_load' <Predicate = true> <Delay = 1.68> <CoreInst = "ROM_nP_BRAM">   --->   Core 102 'ROM_nP_BRAM' <Latency = 2> <II = 1> <Delay = 1.68> <Storage> <Opcode : 'load'> <Ports = 0> <Width = 206> <Depth = 64> <ROM>
ST_4 : Operation 37 [1/1] (0.00ns)   --->   "%w = trunc i206 %w2_load" [firmware/nnet_utils/nnet_dense_resource.h:145]   --->   Operation 37 'trunc' 'w' <Predicate = true> <Delay = 0.00>
ST_4 : Operation 38 [1/1] (0.00ns)   --->   "%sext_ln73 = sext i13 %w" [firmware/nnet_utils/nnet_mult.h:73->firmware/nnet_utils/nnet_dense_resource.h:145]   --->   Operation 38 'sext' 'sext_ln73' <Predicate = true> <Delay = 0.00>
ST_4 : Operation 39 [1/1] (0.00ns)   --->   "%sext_ln73_66 = sext i14 %a" [firmware/nnet_utils/nnet_mult.h:73->firmware/nnet_utils/nnet_dense_resource.h:145]   --->   Operation 39 'sext' 'sext_ln73_66' <Predicate = true> <Delay = 0.00>
ST_4 : Operation 40 [1/1] (0.00ns)   --->   "%sext_ln73_81 = sext i14 %a" [firmware/nnet_utils/nnet_mult.h:73->firmware/nnet_utils/nnet_dense_resource.h:145]   --->   Operation 40 'sext' 'sext_ln73_81' <Predicate = true> <Delay = 0.00>
ST_4 : Operation 41 [4/4] (1.87ns)   --->   "%mul_ln73 = mul i27 %sext_ln73_66, i27 %sext_ln73" [firmware/nnet_utils/nnet_mult.h:73->firmware/nnet_utils/nnet_dense_resource.h:145]   --->   Operation 41 'mul' 'mul_ln73' <Predicate = true> <Delay = 1.87> <CoreInst = "Multiplier">   --->   Core 3 'Multiplier' <Latency = 3> <II = 1> <Delay = 1.87> <FuncUnit> <Opcode : 'mul'> <InPorts = 2> <OutPorts = 1>
ST_4 : Operation 42 [1/1] (0.00ns)   --->   "%w_63 = partselect i13 @_ssdm_op_PartSelect.i13.i206.i32.i32, i206 %w2_load, i32 13, i32 25" [firmware/nnet_utils/nnet_dense_resource.h:145]   --->   Operation 42 'partselect' 'w_63' <Predicate = true> <Delay = 0.00>
ST_4 : Operation 43 [1/1] (0.00ns)   --->   "%sext_ln73_67 = sext i13 %w_63" [firmware/nnet_utils/nnet_mult.h:73->firmware/nnet_utils/nnet_dense_resource.h:145]   --->   Operation 43 'sext' 'sext_ln73_67' <Predicate = true> <Delay = 0.00>
ST_4 : Operation 44 [4/4] (1.87ns)   --->   "%mul_ln73_64 = mul i27 %sext_ln73_66, i27 %sext_ln73_67" [firmware/nnet_utils/nnet_mult.h:73->firmware/nnet_utils/nnet_dense_resource.h:145]   --->   Operation 44 'mul' 'mul_ln73_64' <Predicate = true> <Delay = 1.87> <CoreInst = "Multiplier">   --->   Core 3 'Multiplier' <Latency = 3> <II = 1> <Delay = 1.87> <FuncUnit> <Opcode : 'mul'> <InPorts = 2> <OutPorts = 1>
ST_4 : Operation 45 [1/1] (0.00ns)   --->   "%w_64 = partselect i13 @_ssdm_op_PartSelect.i13.i206.i32.i32, i206 %w2_load, i32 26, i32 38" [firmware/nnet_utils/nnet_dense_resource.h:145]   --->   Operation 45 'partselect' 'w_64' <Predicate = true> <Delay = 0.00>
ST_4 : Operation 46 [1/1] (0.00ns)   --->   "%sext_ln73_68 = sext i13 %w_64" [firmware/nnet_utils/nnet_mult.h:73->firmware/nnet_utils/nnet_dense_resource.h:145]   --->   Operation 46 'sext' 'sext_ln73_68' <Predicate = true> <Delay = 0.00>
ST_4 : Operation 47 [4/4] (1.87ns)   --->   "%mul_ln73_65 = mul i27 %sext_ln73_66, i27 %sext_ln73_68" [firmware/nnet_utils/nnet_mult.h:73->firmware/nnet_utils/nnet_dense_resource.h:145]   --->   Operation 47 'mul' 'mul_ln73_65' <Predicate = true> <Delay = 1.87> <CoreInst = "Multiplier">   --->   Core 3 'Multiplier' <Latency = 3> <II = 1> <Delay = 1.87> <FuncUnit> <Opcode : 'mul'> <InPorts = 2> <OutPorts = 1>
ST_4 : Operation 48 [1/1] (0.00ns)   --->   "%w_65 = partselect i13 @_ssdm_op_PartSelect.i13.i206.i32.i32, i206 %w2_load, i32 39, i32 51" [firmware/nnet_utils/nnet_dense_resource.h:145]   --->   Operation 48 'partselect' 'w_65' <Predicate = true> <Delay = 0.00>
ST_4 : Operation 49 [1/1] (0.00ns)   --->   "%sext_ln73_69 = sext i13 %w_65" [firmware/nnet_utils/nnet_mult.h:73->firmware/nnet_utils/nnet_dense_resource.h:145]   --->   Operation 49 'sext' 'sext_ln73_69' <Predicate = true> <Delay = 0.00>
ST_4 : Operation 50 [4/4] (1.87ns)   --->   "%mul_ln73_66 = mul i27 %sext_ln73_66, i27 %sext_ln73_69" [firmware/nnet_utils/nnet_mult.h:73->firmware/nnet_utils/nnet_dense_resource.h:145]   --->   Operation 50 'mul' 'mul_ln73_66' <Predicate = true> <Delay = 1.87> <CoreInst = "Multiplier">   --->   Core 3 'Multiplier' <Latency = 3> <II = 1> <Delay = 1.87> <FuncUnit> <Opcode : 'mul'> <InPorts = 2> <OutPorts = 1>
ST_4 : Operation 51 [1/1] (0.00ns)   --->   "%w_66 = partselect i13 @_ssdm_op_PartSelect.i13.i206.i32.i32, i206 %w2_load, i32 52, i32 64" [firmware/nnet_utils/nnet_dense_resource.h:145]   --->   Operation 51 'partselect' 'w_66' <Predicate = true> <Delay = 0.00>
ST_4 : Operation 52 [1/1] (0.00ns)   --->   "%sext_ln73_70 = sext i13 %w_66" [firmware/nnet_utils/nnet_mult.h:73->firmware/nnet_utils/nnet_dense_resource.h:145]   --->   Operation 52 'sext' 'sext_ln73_70' <Predicate = true> <Delay = 0.00>
ST_4 : Operation 53 [4/4] (1.87ns)   --->   "%mul_ln73_67 = mul i27 %sext_ln73_66, i27 %sext_ln73_70" [firmware/nnet_utils/nnet_mult.h:73->firmware/nnet_utils/nnet_dense_resource.h:145]   --->   Operation 53 'mul' 'mul_ln73_67' <Predicate = true> <Delay = 1.87> <CoreInst = "Multiplier">   --->   Core 3 'Multiplier' <Latency = 3> <II = 1> <Delay = 1.87> <FuncUnit> <Opcode : 'mul'> <InPorts = 2> <OutPorts = 1>
ST_4 : Operation 54 [1/1] (0.00ns)   --->   "%w_67 = partselect i13 @_ssdm_op_PartSelect.i13.i206.i32.i32, i206 %w2_load, i32 65, i32 77" [firmware/nnet_utils/nnet_dense_resource.h:145]   --->   Operation 54 'partselect' 'w_67' <Predicate = true> <Delay = 0.00>
ST_4 : Operation 55 [1/1] (0.00ns)   --->   "%sext_ln73_71 = sext i13 %w_67" [firmware/nnet_utils/nnet_mult.h:73->firmware/nnet_utils/nnet_dense_resource.h:145]   --->   Operation 55 'sext' 'sext_ln73_71' <Predicate = true> <Delay = 0.00>
ST_4 : Operation 56 [4/4] (1.87ns)   --->   "%mul_ln73_68 = mul i27 %sext_ln73_66, i27 %sext_ln73_71" [firmware/nnet_utils/nnet_mult.h:73->firmware/nnet_utils/nnet_dense_resource.h:145]   --->   Operation 56 'mul' 'mul_ln73_68' <Predicate = true> <Delay = 1.87> <CoreInst = "Multiplier">   --->   Core 3 'Multiplier' <Latency = 3> <II = 1> <Delay = 1.87> <FuncUnit> <Opcode : 'mul'> <InPorts = 2> <OutPorts = 1>
ST_4 : Operation 57 [1/1] (0.00ns)   --->   "%w_68 = partselect i13 @_ssdm_op_PartSelect.i13.i206.i32.i32, i206 %w2_load, i32 78, i32 90" [firmware/nnet_utils/nnet_dense_resource.h:145]   --->   Operation 57 'partselect' 'w_68' <Predicate = true> <Delay = 0.00>
ST_4 : Operation 58 [1/1] (0.00ns)   --->   "%sext_ln73_72 = sext i13 %w_68" [firmware/nnet_utils/nnet_mult.h:73->firmware/nnet_utils/nnet_dense_resource.h:145]   --->   Operation 58 'sext' 'sext_ln73_72' <Predicate = true> <Delay = 0.00>
ST_4 : Operation 59 [4/4] (1.87ns)   --->   "%mul_ln73_69 = mul i27 %sext_ln73_66, i27 %sext_ln73_72" [firmware/nnet_utils/nnet_mult.h:73->firmware/nnet_utils/nnet_dense_resource.h:145]   --->   Operation 59 'mul' 'mul_ln73_69' <Predicate = true> <Delay = 1.87> <CoreInst = "Multiplier">   --->   Core 3 'Multiplier' <Latency = 3> <II = 1> <Delay = 1.87> <FuncUnit> <Opcode : 'mul'> <InPorts = 2> <OutPorts = 1>
ST_4 : Operation 60 [1/1] (0.00ns)   --->   "%w_69 = partselect i13 @_ssdm_op_PartSelect.i13.i206.i32.i32, i206 %w2_load, i32 91, i32 103" [firmware/nnet_utils/nnet_dense_resource.h:145]   --->   Operation 60 'partselect' 'w_69' <Predicate = true> <Delay = 0.00>
ST_4 : Operation 61 [1/1] (0.00ns)   --->   "%sext_ln73_73 = sext i13 %w_69" [firmware/nnet_utils/nnet_mult.h:73->firmware/nnet_utils/nnet_dense_resource.h:145]   --->   Operation 61 'sext' 'sext_ln73_73' <Predicate = true> <Delay = 0.00>
ST_4 : Operation 62 [4/4] (1.87ns)   --->   "%mul_ln73_70 = mul i27 %sext_ln73_66, i27 %sext_ln73_73" [firmware/nnet_utils/nnet_mult.h:73->firmware/nnet_utils/nnet_dense_resource.h:145]   --->   Operation 62 'mul' 'mul_ln73_70' <Predicate = true> <Delay = 1.87> <CoreInst = "Multiplier">   --->   Core 3 'Multiplier' <Latency = 3> <II = 1> <Delay = 1.87> <FuncUnit> <Opcode : 'mul'> <InPorts = 2> <OutPorts = 1>
ST_4 : Operation 63 [1/1] (0.00ns)   --->   "%w_70 = partselect i13 @_ssdm_op_PartSelect.i13.i206.i32.i32, i206 %w2_load, i32 104, i32 116" [firmware/nnet_utils/nnet_dense_resource.h:145]   --->   Operation 63 'partselect' 'w_70' <Predicate = true> <Delay = 0.00>
ST_4 : Operation 64 [1/1] (0.00ns)   --->   "%sext_ln73_74 = sext i13 %w_70" [firmware/nnet_utils/nnet_mult.h:73->firmware/nnet_utils/nnet_dense_resource.h:145]   --->   Operation 64 'sext' 'sext_ln73_74' <Predicate = true> <Delay = 0.00>
ST_4 : Operation 65 [4/4] (1.87ns)   --->   "%mul_ln73_71 = mul i27 %sext_ln73_66, i27 %sext_ln73_74" [firmware/nnet_utils/nnet_mult.h:73->firmware/nnet_utils/nnet_dense_resource.h:145]   --->   Operation 65 'mul' 'mul_ln73_71' <Predicate = true> <Delay = 1.87> <CoreInst = "Multiplier">   --->   Core 3 'Multiplier' <Latency = 3> <II = 1> <Delay = 1.87> <FuncUnit> <Opcode : 'mul'> <InPorts = 2> <OutPorts = 1>
ST_4 : Operation 66 [1/1] (0.00ns)   --->   "%w_71 = partselect i13 @_ssdm_op_PartSelect.i13.i206.i32.i32, i206 %w2_load, i32 117, i32 129" [firmware/nnet_utils/nnet_dense_resource.h:145]   --->   Operation 66 'partselect' 'w_71' <Predicate = true> <Delay = 0.00>
ST_4 : Operation 67 [1/1] (0.00ns)   --->   "%sext_ln73_75 = sext i13 %w_71" [firmware/nnet_utils/nnet_mult.h:73->firmware/nnet_utils/nnet_dense_resource.h:145]   --->   Operation 67 'sext' 'sext_ln73_75' <Predicate = true> <Delay = 0.00>
ST_4 : Operation 68 [4/4] (1.87ns)   --->   "%mul_ln73_72 = mul i27 %sext_ln73_66, i27 %sext_ln73_75" [firmware/nnet_utils/nnet_mult.h:73->firmware/nnet_utils/nnet_dense_resource.h:145]   --->   Operation 68 'mul' 'mul_ln73_72' <Predicate = true> <Delay = 1.87> <CoreInst = "Multiplier">   --->   Core 3 'Multiplier' <Latency = 3> <II = 1> <Delay = 1.87> <FuncUnit> <Opcode : 'mul'> <InPorts = 2> <OutPorts = 1>
ST_4 : Operation 69 [1/1] (0.00ns)   --->   "%w_72 = partselect i13 @_ssdm_op_PartSelect.i13.i206.i32.i32, i206 %w2_load, i32 130, i32 142" [firmware/nnet_utils/nnet_dense_resource.h:145]   --->   Operation 69 'partselect' 'w_72' <Predicate = true> <Delay = 0.00>
ST_4 : Operation 70 [1/1] (0.00ns)   --->   "%sext_ln73_76 = sext i13 %w_72" [firmware/nnet_utils/nnet_mult.h:73->firmware/nnet_utils/nnet_dense_resource.h:145]   --->   Operation 70 'sext' 'sext_ln73_76' <Predicate = true> <Delay = 0.00>
ST_4 : Operation 71 [4/4] (1.87ns)   --->   "%mul_ln73_73 = mul i27 %sext_ln73_66, i27 %sext_ln73_76" [firmware/nnet_utils/nnet_mult.h:73->firmware/nnet_utils/nnet_dense_resource.h:145]   --->   Operation 71 'mul' 'mul_ln73_73' <Predicate = true> <Delay = 1.87> <CoreInst = "Multiplier">   --->   Core 3 'Multiplier' <Latency = 3> <II = 1> <Delay = 1.87> <FuncUnit> <Opcode : 'mul'> <InPorts = 2> <OutPorts = 1>
ST_4 : Operation 72 [1/1] (0.00ns)   --->   "%w_73 = partselect i13 @_ssdm_op_PartSelect.i13.i206.i32.i32, i206 %w2_load, i32 143, i32 155" [firmware/nnet_utils/nnet_dense_resource.h:145]   --->   Operation 72 'partselect' 'w_73' <Predicate = true> <Delay = 0.00>
ST_4 : Operation 73 [1/1] (0.00ns)   --->   "%sext_ln73_77 = sext i13 %w_73" [firmware/nnet_utils/nnet_mult.h:73->firmware/nnet_utils/nnet_dense_resource.h:145]   --->   Operation 73 'sext' 'sext_ln73_77' <Predicate = true> <Delay = 0.00>
ST_4 : Operation 74 [4/4] (1.87ns)   --->   "%mul_ln73_74 = mul i27 %sext_ln73_66, i27 %sext_ln73_77" [firmware/nnet_utils/nnet_mult.h:73->firmware/nnet_utils/nnet_dense_resource.h:145]   --->   Operation 74 'mul' 'mul_ln73_74' <Predicate = true> <Delay = 1.87> <CoreInst = "Multiplier">   --->   Core 3 'Multiplier' <Latency = 3> <II = 1> <Delay = 1.87> <FuncUnit> <Opcode : 'mul'> <InPorts = 2> <OutPorts = 1>
ST_4 : Operation 75 [1/1] (0.00ns)   --->   "%w_74 = partselect i13 @_ssdm_op_PartSelect.i13.i206.i32.i32, i206 %w2_load, i32 156, i32 168" [firmware/nnet_utils/nnet_dense_resource.h:145]   --->   Operation 75 'partselect' 'w_74' <Predicate = true> <Delay = 0.00>
ST_4 : Operation 76 [1/1] (0.00ns)   --->   "%sext_ln73_78 = sext i13 %w_74" [firmware/nnet_utils/nnet_mult.h:73->firmware/nnet_utils/nnet_dense_resource.h:145]   --->   Operation 76 'sext' 'sext_ln73_78' <Predicate = true> <Delay = 0.00>
ST_4 : Operation 77 [4/4] (1.87ns)   --->   "%mul_ln73_75 = mul i27 %sext_ln73_66, i27 %sext_ln73_78" [firmware/nnet_utils/nnet_mult.h:73->firmware/nnet_utils/nnet_dense_resource.h:145]   --->   Operation 77 'mul' 'mul_ln73_75' <Predicate = true> <Delay = 1.87> <CoreInst = "Multiplier">   --->   Core 3 'Multiplier' <Latency = 3> <II = 1> <Delay = 1.87> <FuncUnit> <Opcode : 'mul'> <InPorts = 2> <OutPorts = 1>
ST_4 : Operation 78 [1/1] (0.00ns)   --->   "%w_75 = partselect i13 @_ssdm_op_PartSelect.i13.i206.i32.i32, i206 %w2_load, i32 169, i32 181" [firmware/nnet_utils/nnet_dense_resource.h:145]   --->   Operation 78 'partselect' 'w_75' <Predicate = true> <Delay = 0.00>
ST_4 : Operation 79 [1/1] (0.00ns)   --->   "%sext_ln73_79 = sext i13 %w_75" [firmware/nnet_utils/nnet_mult.h:73->firmware/nnet_utils/nnet_dense_resource.h:145]   --->   Operation 79 'sext' 'sext_ln73_79' <Predicate = true> <Delay = 0.00>
ST_4 : Operation 80 [4/4] (1.87ns)   --->   "%mul_ln73_76 = mul i27 %sext_ln73_66, i27 %sext_ln73_79" [firmware/nnet_utils/nnet_mult.h:73->firmware/nnet_utils/nnet_dense_resource.h:145]   --->   Operation 80 'mul' 'mul_ln73_76' <Predicate = true> <Delay = 1.87> <CoreInst = "Multiplier">   --->   Core 3 'Multiplier' <Latency = 3> <II = 1> <Delay = 1.87> <FuncUnit> <Opcode : 'mul'> <InPorts = 2> <OutPorts = 1>
ST_4 : Operation 81 [1/1] (0.00ns)   --->   "%w_76 = partselect i13 @_ssdm_op_PartSelect.i13.i206.i32.i32, i206 %w2_load, i32 182, i32 194" [firmware/nnet_utils/nnet_dense_resource.h:145]   --->   Operation 81 'partselect' 'w_76' <Predicate = true> <Delay = 0.00>
ST_4 : Operation 82 [1/1] (0.00ns)   --->   "%sext_ln73_80 = sext i13 %w_76" [firmware/nnet_utils/nnet_mult.h:73->firmware/nnet_utils/nnet_dense_resource.h:145]   --->   Operation 82 'sext' 'sext_ln73_80' <Predicate = true> <Delay = 0.00>
ST_4 : Operation 83 [4/4] (1.87ns)   --->   "%mul_ln73_77 = mul i27 %sext_ln73_66, i27 %sext_ln73_80" [firmware/nnet_utils/nnet_mult.h:73->firmware/nnet_utils/nnet_dense_resource.h:145]   --->   Operation 83 'mul' 'mul_ln73_77' <Predicate = true> <Delay = 1.87> <CoreInst = "Multiplier">   --->   Core 3 'Multiplier' <Latency = 3> <II = 1> <Delay = 1.87> <FuncUnit> <Opcode : 'mul'> <InPorts = 2> <OutPorts = 1>
ST_4 : Operation 84 [1/1] (0.00ns)   --->   "%tmp_1 = partselect i11 @_ssdm_op_PartSelect.i11.i206.i32.i32, i206 %w2_load, i32 195, i32 205" [firmware/nnet_utils/nnet_dense_resource.h:145]   --->   Operation 84 'partselect' 'tmp_1' <Predicate = true> <Delay = 0.00>
ST_4 : Operation 85 [1/1] (0.00ns)   --->   "%sext_ln73_82 = sext i11 %tmp_1" [firmware/nnet_utils/nnet_mult.h:73->firmware/nnet_utils/nnet_dense_resource.h:145]   --->   Operation 85 'sext' 'sext_ln73_82' <Predicate = true> <Delay = 0.00>
ST_4 : Operation 86 [4/4] (1.87ns)   --->   "%mul_ln73_78 = mul i25 %sext_ln73_81, i25 %sext_ln73_82" [firmware/nnet_utils/nnet_mult.h:73->firmware/nnet_utils/nnet_dense_resource.h:145]   --->   Operation 86 'mul' 'mul_ln73_78' <Predicate = true> <Delay = 1.87> <CoreInst = "Multiplier">   --->   Core 3 'Multiplier' <Latency = 3> <II = 1> <Delay = 1.87> <FuncUnit> <Opcode : 'mul'> <InPorts = 2> <OutPorts = 1>

State 5 <SV = 4> <Delay = 1.87>
ST_5 : Operation 87 [3/4] (1.87ns)   --->   "%mul_ln73 = mul i27 %sext_ln73_66, i27 %sext_ln73" [firmware/nnet_utils/nnet_mult.h:73->firmware/nnet_utils/nnet_dense_resource.h:145]   --->   Operation 87 'mul' 'mul_ln73' <Predicate = true> <Delay = 1.87> <CoreInst = "Multiplier">   --->   Core 3 'Multiplier' <Latency = 3> <II = 1> <Delay = 1.87> <FuncUnit> <Opcode : 'mul'> <InPorts = 2> <OutPorts = 1>
ST_5 : Operation 88 [3/4] (1.87ns)   --->   "%mul_ln73_64 = mul i27 %sext_ln73_66, i27 %sext_ln73_67" [firmware/nnet_utils/nnet_mult.h:73->firmware/nnet_utils/nnet_dense_resource.h:145]   --->   Operation 88 'mul' 'mul_ln73_64' <Predicate = true> <Delay = 1.87> <CoreInst = "Multiplier">   --->   Core 3 'Multiplier' <Latency = 3> <II = 1> <Delay = 1.87> <FuncUnit> <Opcode : 'mul'> <InPorts = 2> <OutPorts = 1>
ST_5 : Operation 89 [3/4] (1.87ns)   --->   "%mul_ln73_65 = mul i27 %sext_ln73_66, i27 %sext_ln73_68" [firmware/nnet_utils/nnet_mult.h:73->firmware/nnet_utils/nnet_dense_resource.h:145]   --->   Operation 89 'mul' 'mul_ln73_65' <Predicate = true> <Delay = 1.87> <CoreInst = "Multiplier">   --->   Core 3 'Multiplier' <Latency = 3> <II = 1> <Delay = 1.87> <FuncUnit> <Opcode : 'mul'> <InPorts = 2> <OutPorts = 1>
ST_5 : Operation 90 [3/4] (1.87ns)   --->   "%mul_ln73_66 = mul i27 %sext_ln73_66, i27 %sext_ln73_69" [firmware/nnet_utils/nnet_mult.h:73->firmware/nnet_utils/nnet_dense_resource.h:145]   --->   Operation 90 'mul' 'mul_ln73_66' <Predicate = true> <Delay = 1.87> <CoreInst = "Multiplier">   --->   Core 3 'Multiplier' <Latency = 3> <II = 1> <Delay = 1.87> <FuncUnit> <Opcode : 'mul'> <InPorts = 2> <OutPorts = 1>
ST_5 : Operation 91 [3/4] (1.87ns)   --->   "%mul_ln73_67 = mul i27 %sext_ln73_66, i27 %sext_ln73_70" [firmware/nnet_utils/nnet_mult.h:73->firmware/nnet_utils/nnet_dense_resource.h:145]   --->   Operation 91 'mul' 'mul_ln73_67' <Predicate = true> <Delay = 1.87> <CoreInst = "Multiplier">   --->   Core 3 'Multiplier' <Latency = 3> <II = 1> <Delay = 1.87> <FuncUnit> <Opcode : 'mul'> <InPorts = 2> <OutPorts = 1>
ST_5 : Operation 92 [3/4] (1.87ns)   --->   "%mul_ln73_68 = mul i27 %sext_ln73_66, i27 %sext_ln73_71" [firmware/nnet_utils/nnet_mult.h:73->firmware/nnet_utils/nnet_dense_resource.h:145]   --->   Operation 92 'mul' 'mul_ln73_68' <Predicate = true> <Delay = 1.87> <CoreInst = "Multiplier">   --->   Core 3 'Multiplier' <Latency = 3> <II = 1> <Delay = 1.87> <FuncUnit> <Opcode : 'mul'> <InPorts = 2> <OutPorts = 1>
ST_5 : Operation 93 [3/4] (1.87ns)   --->   "%mul_ln73_69 = mul i27 %sext_ln73_66, i27 %sext_ln73_72" [firmware/nnet_utils/nnet_mult.h:73->firmware/nnet_utils/nnet_dense_resource.h:145]   --->   Operation 93 'mul' 'mul_ln73_69' <Predicate = true> <Delay = 1.87> <CoreInst = "Multiplier">   --->   Core 3 'Multiplier' <Latency = 3> <II = 1> <Delay = 1.87> <FuncUnit> <Opcode : 'mul'> <InPorts = 2> <OutPorts = 1>
ST_5 : Operation 94 [3/4] (1.87ns)   --->   "%mul_ln73_70 = mul i27 %sext_ln73_66, i27 %sext_ln73_73" [firmware/nnet_utils/nnet_mult.h:73->firmware/nnet_utils/nnet_dense_resource.h:145]   --->   Operation 94 'mul' 'mul_ln73_70' <Predicate = true> <Delay = 1.87> <CoreInst = "Multiplier">   --->   Core 3 'Multiplier' <Latency = 3> <II = 1> <Delay = 1.87> <FuncUnit> <Opcode : 'mul'> <InPorts = 2> <OutPorts = 1>
ST_5 : Operation 95 [3/4] (1.87ns)   --->   "%mul_ln73_71 = mul i27 %sext_ln73_66, i27 %sext_ln73_74" [firmware/nnet_utils/nnet_mult.h:73->firmware/nnet_utils/nnet_dense_resource.h:145]   --->   Operation 95 'mul' 'mul_ln73_71' <Predicate = true> <Delay = 1.87> <CoreInst = "Multiplier">   --->   Core 3 'Multiplier' <Latency = 3> <II = 1> <Delay = 1.87> <FuncUnit> <Opcode : 'mul'> <InPorts = 2> <OutPorts = 1>
ST_5 : Operation 96 [3/4] (1.87ns)   --->   "%mul_ln73_72 = mul i27 %sext_ln73_66, i27 %sext_ln73_75" [firmware/nnet_utils/nnet_mult.h:73->firmware/nnet_utils/nnet_dense_resource.h:145]   --->   Operation 96 'mul' 'mul_ln73_72' <Predicate = true> <Delay = 1.87> <CoreInst = "Multiplier">   --->   Core 3 'Multiplier' <Latency = 3> <II = 1> <Delay = 1.87> <FuncUnit> <Opcode : 'mul'> <InPorts = 2> <OutPorts = 1>
ST_5 : Operation 97 [3/4] (1.87ns)   --->   "%mul_ln73_73 = mul i27 %sext_ln73_66, i27 %sext_ln73_76" [firmware/nnet_utils/nnet_mult.h:73->firmware/nnet_utils/nnet_dense_resource.h:145]   --->   Operation 97 'mul' 'mul_ln73_73' <Predicate = true> <Delay = 1.87> <CoreInst = "Multiplier">   --->   Core 3 'Multiplier' <Latency = 3> <II = 1> <Delay = 1.87> <FuncUnit> <Opcode : 'mul'> <InPorts = 2> <OutPorts = 1>
ST_5 : Operation 98 [3/4] (1.87ns)   --->   "%mul_ln73_74 = mul i27 %sext_ln73_66, i27 %sext_ln73_77" [firmware/nnet_utils/nnet_mult.h:73->firmware/nnet_utils/nnet_dense_resource.h:145]   --->   Operation 98 'mul' 'mul_ln73_74' <Predicate = true> <Delay = 1.87> <CoreInst = "Multiplier">   --->   Core 3 'Multiplier' <Latency = 3> <II = 1> <Delay = 1.87> <FuncUnit> <Opcode : 'mul'> <InPorts = 2> <OutPorts = 1>
ST_5 : Operation 99 [3/4] (1.87ns)   --->   "%mul_ln73_75 = mul i27 %sext_ln73_66, i27 %sext_ln73_78" [firmware/nnet_utils/nnet_mult.h:73->firmware/nnet_utils/nnet_dense_resource.h:145]   --->   Operation 99 'mul' 'mul_ln73_75' <Predicate = true> <Delay = 1.87> <CoreInst = "Multiplier">   --->   Core 3 'Multiplier' <Latency = 3> <II = 1> <Delay = 1.87> <FuncUnit> <Opcode : 'mul'> <InPorts = 2> <OutPorts = 1>
ST_5 : Operation 100 [3/4] (1.87ns)   --->   "%mul_ln73_76 = mul i27 %sext_ln73_66, i27 %sext_ln73_79" [firmware/nnet_utils/nnet_mult.h:73->firmware/nnet_utils/nnet_dense_resource.h:145]   --->   Operation 100 'mul' 'mul_ln73_76' <Predicate = true> <Delay = 1.87> <CoreInst = "Multiplier">   --->   Core 3 'Multiplier' <Latency = 3> <II = 1> <Delay = 1.87> <FuncUnit> <Opcode : 'mul'> <InPorts = 2> <OutPorts = 1>
ST_5 : Operation 101 [3/4] (1.87ns)   --->   "%mul_ln73_77 = mul i27 %sext_ln73_66, i27 %sext_ln73_80" [firmware/nnet_utils/nnet_mult.h:73->firmware/nnet_utils/nnet_dense_resource.h:145]   --->   Operation 101 'mul' 'mul_ln73_77' <Predicate = true> <Delay = 1.87> <CoreInst = "Multiplier">   --->   Core 3 'Multiplier' <Latency = 3> <II = 1> <Delay = 1.87> <FuncUnit> <Opcode : 'mul'> <InPorts = 2> <OutPorts = 1>
ST_5 : Operation 102 [3/4] (1.87ns)   --->   "%mul_ln73_78 = mul i25 %sext_ln73_81, i25 %sext_ln73_82" [firmware/nnet_utils/nnet_mult.h:73->firmware/nnet_utils/nnet_dense_resource.h:145]   --->   Operation 102 'mul' 'mul_ln73_78' <Predicate = true> <Delay = 1.87> <CoreInst = "Multiplier">   --->   Core 3 'Multiplier' <Latency = 3> <II = 1> <Delay = 1.87> <FuncUnit> <Opcode : 'mul'> <InPorts = 2> <OutPorts = 1>

State 6 <SV = 5> <Delay = 1.87>
ST_6 : Operation 103 [2/4] (1.87ns)   --->   "%mul_ln73 = mul i27 %sext_ln73_66, i27 %sext_ln73" [firmware/nnet_utils/nnet_mult.h:73->firmware/nnet_utils/nnet_dense_resource.h:145]   --->   Operation 103 'mul' 'mul_ln73' <Predicate = true> <Delay = 1.87> <CoreInst = "Multiplier">   --->   Core 3 'Multiplier' <Latency = 3> <II = 1> <Delay = 1.87> <FuncUnit> <Opcode : 'mul'> <InPorts = 2> <OutPorts = 1>
ST_6 : Operation 104 [2/4] (1.87ns)   --->   "%mul_ln73_64 = mul i27 %sext_ln73_66, i27 %sext_ln73_67" [firmware/nnet_utils/nnet_mult.h:73->firmware/nnet_utils/nnet_dense_resource.h:145]   --->   Operation 104 'mul' 'mul_ln73_64' <Predicate = true> <Delay = 1.87> <CoreInst = "Multiplier">   --->   Core 3 'Multiplier' <Latency = 3> <II = 1> <Delay = 1.87> <FuncUnit> <Opcode : 'mul'> <InPorts = 2> <OutPorts = 1>
ST_6 : Operation 105 [2/4] (1.87ns)   --->   "%mul_ln73_65 = mul i27 %sext_ln73_66, i27 %sext_ln73_68" [firmware/nnet_utils/nnet_mult.h:73->firmware/nnet_utils/nnet_dense_resource.h:145]   --->   Operation 105 'mul' 'mul_ln73_65' <Predicate = true> <Delay = 1.87> <CoreInst = "Multiplier">   --->   Core 3 'Multiplier' <Latency = 3> <II = 1> <Delay = 1.87> <FuncUnit> <Opcode : 'mul'> <InPorts = 2> <OutPorts = 1>
ST_6 : Operation 106 [2/4] (1.87ns)   --->   "%mul_ln73_66 = mul i27 %sext_ln73_66, i27 %sext_ln73_69" [firmware/nnet_utils/nnet_mult.h:73->firmware/nnet_utils/nnet_dense_resource.h:145]   --->   Operation 106 'mul' 'mul_ln73_66' <Predicate = true> <Delay = 1.87> <CoreInst = "Multiplier">   --->   Core 3 'Multiplier' <Latency = 3> <II = 1> <Delay = 1.87> <FuncUnit> <Opcode : 'mul'> <InPorts = 2> <OutPorts = 1>
ST_6 : Operation 107 [2/4] (1.87ns)   --->   "%mul_ln73_67 = mul i27 %sext_ln73_66, i27 %sext_ln73_70" [firmware/nnet_utils/nnet_mult.h:73->firmware/nnet_utils/nnet_dense_resource.h:145]   --->   Operation 107 'mul' 'mul_ln73_67' <Predicate = true> <Delay = 1.87> <CoreInst = "Multiplier">   --->   Core 3 'Multiplier' <Latency = 3> <II = 1> <Delay = 1.87> <FuncUnit> <Opcode : 'mul'> <InPorts = 2> <OutPorts = 1>
ST_6 : Operation 108 [2/4] (1.87ns)   --->   "%mul_ln73_68 = mul i27 %sext_ln73_66, i27 %sext_ln73_71" [firmware/nnet_utils/nnet_mult.h:73->firmware/nnet_utils/nnet_dense_resource.h:145]   --->   Operation 108 'mul' 'mul_ln73_68' <Predicate = true> <Delay = 1.87> <CoreInst = "Multiplier">   --->   Core 3 'Multiplier' <Latency = 3> <II = 1> <Delay = 1.87> <FuncUnit> <Opcode : 'mul'> <InPorts = 2> <OutPorts = 1>
ST_6 : Operation 109 [2/4] (1.87ns)   --->   "%mul_ln73_69 = mul i27 %sext_ln73_66, i27 %sext_ln73_72" [firmware/nnet_utils/nnet_mult.h:73->firmware/nnet_utils/nnet_dense_resource.h:145]   --->   Operation 109 'mul' 'mul_ln73_69' <Predicate = true> <Delay = 1.87> <CoreInst = "Multiplier">   --->   Core 3 'Multiplier' <Latency = 3> <II = 1> <Delay = 1.87> <FuncUnit> <Opcode : 'mul'> <InPorts = 2> <OutPorts = 1>
ST_6 : Operation 110 [2/4] (1.87ns)   --->   "%mul_ln73_70 = mul i27 %sext_ln73_66, i27 %sext_ln73_73" [firmware/nnet_utils/nnet_mult.h:73->firmware/nnet_utils/nnet_dense_resource.h:145]   --->   Operation 110 'mul' 'mul_ln73_70' <Predicate = true> <Delay = 1.87> <CoreInst = "Multiplier">   --->   Core 3 'Multiplier' <Latency = 3> <II = 1> <Delay = 1.87> <FuncUnit> <Opcode : 'mul'> <InPorts = 2> <OutPorts = 1>
ST_6 : Operation 111 [2/4] (1.87ns)   --->   "%mul_ln73_71 = mul i27 %sext_ln73_66, i27 %sext_ln73_74" [firmware/nnet_utils/nnet_mult.h:73->firmware/nnet_utils/nnet_dense_resource.h:145]   --->   Operation 111 'mul' 'mul_ln73_71' <Predicate = true> <Delay = 1.87> <CoreInst = "Multiplier">   --->   Core 3 'Multiplier' <Latency = 3> <II = 1> <Delay = 1.87> <FuncUnit> <Opcode : 'mul'> <InPorts = 2> <OutPorts = 1>
ST_6 : Operation 112 [2/4] (1.87ns)   --->   "%mul_ln73_72 = mul i27 %sext_ln73_66, i27 %sext_ln73_75" [firmware/nnet_utils/nnet_mult.h:73->firmware/nnet_utils/nnet_dense_resource.h:145]   --->   Operation 112 'mul' 'mul_ln73_72' <Predicate = true> <Delay = 1.87> <CoreInst = "Multiplier">   --->   Core 3 'Multiplier' <Latency = 3> <II = 1> <Delay = 1.87> <FuncUnit> <Opcode : 'mul'> <InPorts = 2> <OutPorts = 1>
ST_6 : Operation 113 [2/4] (1.87ns)   --->   "%mul_ln73_73 = mul i27 %sext_ln73_66, i27 %sext_ln73_76" [firmware/nnet_utils/nnet_mult.h:73->firmware/nnet_utils/nnet_dense_resource.h:145]   --->   Operation 113 'mul' 'mul_ln73_73' <Predicate = true> <Delay = 1.87> <CoreInst = "Multiplier">   --->   Core 3 'Multiplier' <Latency = 3> <II = 1> <Delay = 1.87> <FuncUnit> <Opcode : 'mul'> <InPorts = 2> <OutPorts = 1>
ST_6 : Operation 114 [2/4] (1.87ns)   --->   "%mul_ln73_74 = mul i27 %sext_ln73_66, i27 %sext_ln73_77" [firmware/nnet_utils/nnet_mult.h:73->firmware/nnet_utils/nnet_dense_resource.h:145]   --->   Operation 114 'mul' 'mul_ln73_74' <Predicate = true> <Delay = 1.87> <CoreInst = "Multiplier">   --->   Core 3 'Multiplier' <Latency = 3> <II = 1> <Delay = 1.87> <FuncUnit> <Opcode : 'mul'> <InPorts = 2> <OutPorts = 1>
ST_6 : Operation 115 [2/4] (1.87ns)   --->   "%mul_ln73_75 = mul i27 %sext_ln73_66, i27 %sext_ln73_78" [firmware/nnet_utils/nnet_mult.h:73->firmware/nnet_utils/nnet_dense_resource.h:145]   --->   Operation 115 'mul' 'mul_ln73_75' <Predicate = true> <Delay = 1.87> <CoreInst = "Multiplier">   --->   Core 3 'Multiplier' <Latency = 3> <II = 1> <Delay = 1.87> <FuncUnit> <Opcode : 'mul'> <InPorts = 2> <OutPorts = 1>
ST_6 : Operation 116 [2/4] (1.87ns)   --->   "%mul_ln73_76 = mul i27 %sext_ln73_66, i27 %sext_ln73_79" [firmware/nnet_utils/nnet_mult.h:73->firmware/nnet_utils/nnet_dense_resource.h:145]   --->   Operation 116 'mul' 'mul_ln73_76' <Predicate = true> <Delay = 1.87> <CoreInst = "Multiplier">   --->   Core 3 'Multiplier' <Latency = 3> <II = 1> <Delay = 1.87> <FuncUnit> <Opcode : 'mul'> <InPorts = 2> <OutPorts = 1>
ST_6 : Operation 117 [2/4] (1.87ns)   --->   "%mul_ln73_77 = mul i27 %sext_ln73_66, i27 %sext_ln73_80" [firmware/nnet_utils/nnet_mult.h:73->firmware/nnet_utils/nnet_dense_resource.h:145]   --->   Operation 117 'mul' 'mul_ln73_77' <Predicate = true> <Delay = 1.87> <CoreInst = "Multiplier">   --->   Core 3 'Multiplier' <Latency = 3> <II = 1> <Delay = 1.87> <FuncUnit> <Opcode : 'mul'> <InPorts = 2> <OutPorts = 1>
ST_6 : Operation 118 [2/4] (1.87ns)   --->   "%mul_ln73_78 = mul i25 %sext_ln73_81, i25 %sext_ln73_82" [firmware/nnet_utils/nnet_mult.h:73->firmware/nnet_utils/nnet_dense_resource.h:145]   --->   Operation 118 'mul' 'mul_ln73_78' <Predicate = true> <Delay = 1.87> <CoreInst = "Multiplier">   --->   Core 3 'Multiplier' <Latency = 3> <II = 1> <Delay = 1.87> <FuncUnit> <Opcode : 'mul'> <InPorts = 2> <OutPorts = 1>

State 7 <SV = 6> <Delay = 1.87>
ST_7 : Operation 119 [1/4] (1.87ns)   --->   "%mul_ln73 = mul i27 %sext_ln73_66, i27 %sext_ln73" [firmware/nnet_utils/nnet_mult.h:73->firmware/nnet_utils/nnet_dense_resource.h:145]   --->   Operation 119 'mul' 'mul_ln73' <Predicate = true> <Delay = 1.87> <CoreInst = "Multiplier">   --->   Core 3 'Multiplier' <Latency = 3> <II = 1> <Delay = 1.87> <FuncUnit> <Opcode : 'mul'> <InPorts = 2> <OutPorts = 1>
ST_7 : Operation 120 [1/1] (0.00ns)   --->   "%trunc_ln = partselect i14 @_ssdm_op_PartSelect.i14.i27.i32.i32, i27 %mul_ln73, i32 7, i32 20" [firmware/nnet_utils/nnet_dense_resource.h:144]   --->   Operation 120 'partselect' 'trunc_ln' <Predicate = true> <Delay = 0.00>
ST_7 : Operation 121 [1/1] (0.00ns)   --->   "%tmp = bitselect i1 @_ssdm_op_BitSelect.i1.i27.i32, i27 %mul_ln73, i32 6" [firmware/nnet_utils/nnet_dense_resource.h:144]   --->   Operation 121 'bitselect' 'tmp' <Predicate = true> <Delay = 0.00>
ST_7 : Operation 122 [1/1] (1.68ns)   --->   "%icmp_ln144_64 = icmp_eq  i3 %out_index, i3 1" [firmware/nnet_utils/nnet_dense_resource.h:144]   --->   Operation 122 'icmp' 'icmp_ln144_64' <Predicate = true> <Delay = 1.68> <CoreInst = "Cmp">   --->   Core 9 'Cmp' <Latency = 0> <II = 1> <Delay = 1.68> <FuncUnit> <Opcode : 'seteq' 'setne' 'setle' 'setge' 'setlt' 'setgt'> <InPorts = 2> <OutPorts = 1>
ST_7 : Operation 123 [1/1] (1.68ns)   --->   "%icmp_ln144_65 = icmp_eq  i3 %out_index, i3 2" [firmware/nnet_utils/nnet_dense_resource.h:144]   --->   Operation 123 'icmp' 'icmp_ln144_65' <Predicate = true> <Delay = 1.68> <CoreInst = "Cmp">   --->   Core 9 'Cmp' <Latency = 0> <II = 1> <Delay = 1.68> <FuncUnit> <Opcode : 'seteq' 'setne' 'setle' 'setge' 'setlt' 'setgt'> <InPorts = 2> <OutPorts = 1>
ST_7 : Operation 124 [1/1] (1.68ns)   --->   "%icmp_ln144_66 = icmp_eq  i3 %out_index, i3 3" [firmware/nnet_utils/nnet_dense_resource.h:144]   --->   Operation 124 'icmp' 'icmp_ln144_66' <Predicate = true> <Delay = 1.68> <CoreInst = "Cmp">   --->   Core 9 'Cmp' <Latency = 0> <II = 1> <Delay = 1.68> <FuncUnit> <Opcode : 'seteq' 'setne' 'setle' 'setge' 'setlt' 'setgt'> <InPorts = 2> <OutPorts = 1>
ST_7 : Operation 125 [1/1] (1.68ns)   --->   "%icmp_ln144_67 = icmp_eq  i3 %out_index, i3 4" [firmware/nnet_utils/nnet_dense_resource.h:144]   --->   Operation 125 'icmp' 'icmp_ln144_67' <Predicate = true> <Delay = 1.68> <CoreInst = "Cmp">   --->   Core 9 'Cmp' <Latency = 0> <II = 1> <Delay = 1.68> <FuncUnit> <Opcode : 'seteq' 'setne' 'setle' 'setge' 'setlt' 'setgt'> <InPorts = 2> <OutPorts = 1>
ST_7 : Operation 126 [1/1] (1.68ns)   --->   "%icmp_ln144_68 = icmp_eq  i3 %out_index, i3 5" [firmware/nnet_utils/nnet_dense_resource.h:144]   --->   Operation 126 'icmp' 'icmp_ln144_68' <Predicate = true> <Delay = 1.68> <CoreInst = "Cmp">   --->   Core 9 'Cmp' <Latency = 0> <II = 1> <Delay = 1.68> <FuncUnit> <Opcode : 'seteq' 'setne' 'setle' 'setge' 'setlt' 'setgt'> <InPorts = 2> <OutPorts = 1>
ST_7 : Operation 127 [1/1] (1.68ns)   --->   "%icmp_ln144_69 = icmp_eq  i3 %out_index, i3 6" [firmware/nnet_utils/nnet_dense_resource.h:144]   --->   Operation 127 'icmp' 'icmp_ln144_69' <Predicate = true> <Delay = 1.68> <CoreInst = "Cmp">   --->   Core 9 'Cmp' <Latency = 0> <II = 1> <Delay = 1.68> <FuncUnit> <Opcode : 'seteq' 'setne' 'setle' 'setge' 'setlt' 'setgt'> <InPorts = 2> <OutPorts = 1>
ST_7 : Operation 128 [1/4] (1.87ns)   --->   "%mul_ln73_64 = mul i27 %sext_ln73_66, i27 %sext_ln73_67" [firmware/nnet_utils/nnet_mult.h:73->firmware/nnet_utils/nnet_dense_resource.h:145]   --->   Operation 128 'mul' 'mul_ln73_64' <Predicate = true> <Delay = 1.87> <CoreInst = "Multiplier">   --->   Core 3 'Multiplier' <Latency = 3> <II = 1> <Delay = 1.87> <FuncUnit> <Opcode : 'mul'> <InPorts = 2> <OutPorts = 1>
ST_7 : Operation 129 [1/1] (0.00ns)   --->   "%trunc_ln144_s = partselect i14 @_ssdm_op_PartSelect.i14.i27.i32.i32, i27 %mul_ln73_64, i32 7, i32 20" [firmware/nnet_utils/nnet_dense_resource.h:144]   --->   Operation 129 'partselect' 'trunc_ln144_s' <Predicate = true> <Delay = 0.00>
ST_7 : Operation 130 [1/1] (0.00ns)   --->   "%tmp_800 = bitselect i1 @_ssdm_op_BitSelect.i1.i27.i32, i27 %mul_ln73_64, i32 6" [firmware/nnet_utils/nnet_dense_resource.h:144]   --->   Operation 130 'bitselect' 'tmp_800' <Predicate = true> <Delay = 0.00>
ST_7 : Operation 131 [1/4] (1.87ns)   --->   "%mul_ln73_65 = mul i27 %sext_ln73_66, i27 %sext_ln73_68" [firmware/nnet_utils/nnet_mult.h:73->firmware/nnet_utils/nnet_dense_resource.h:145]   --->   Operation 131 'mul' 'mul_ln73_65' <Predicate = true> <Delay = 1.87> <CoreInst = "Multiplier">   --->   Core 3 'Multiplier' <Latency = 3> <II = 1> <Delay = 1.87> <FuncUnit> <Opcode : 'mul'> <InPorts = 2> <OutPorts = 1>
ST_7 : Operation 132 [1/1] (0.00ns)   --->   "%trunc_ln144_64 = partselect i14 @_ssdm_op_PartSelect.i14.i27.i32.i32, i27 %mul_ln73_65, i32 7, i32 20" [firmware/nnet_utils/nnet_dense_resource.h:144]   --->   Operation 132 'partselect' 'trunc_ln144_64' <Predicate = true> <Delay = 0.00>
ST_7 : Operation 133 [1/1] (0.00ns)   --->   "%tmp_801 = bitselect i1 @_ssdm_op_BitSelect.i1.i27.i32, i27 %mul_ln73_65, i32 6" [firmware/nnet_utils/nnet_dense_resource.h:144]   --->   Operation 133 'bitselect' 'tmp_801' <Predicate = true> <Delay = 0.00>
ST_7 : Operation 134 [1/4] (1.87ns)   --->   "%mul_ln73_66 = mul i27 %sext_ln73_66, i27 %sext_ln73_69" [firmware/nnet_utils/nnet_mult.h:73->firmware/nnet_utils/nnet_dense_resource.h:145]   --->   Operation 134 'mul' 'mul_ln73_66' <Predicate = true> <Delay = 1.87> <CoreInst = "Multiplier">   --->   Core 3 'Multiplier' <Latency = 3> <II = 1> <Delay = 1.87> <FuncUnit> <Opcode : 'mul'> <InPorts = 2> <OutPorts = 1>
ST_7 : Operation 135 [1/1] (0.00ns)   --->   "%trunc_ln144_65 = partselect i14 @_ssdm_op_PartSelect.i14.i27.i32.i32, i27 %mul_ln73_66, i32 7, i32 20" [firmware/nnet_utils/nnet_dense_resource.h:144]   --->   Operation 135 'partselect' 'trunc_ln144_65' <Predicate = true> <Delay = 0.00>
ST_7 : Operation 136 [1/1] (0.00ns)   --->   "%tmp_802 = bitselect i1 @_ssdm_op_BitSelect.i1.i27.i32, i27 %mul_ln73_66, i32 6" [firmware/nnet_utils/nnet_dense_resource.h:144]   --->   Operation 136 'bitselect' 'tmp_802' <Predicate = true> <Delay = 0.00>
ST_7 : Operation 137 [1/4] (1.87ns)   --->   "%mul_ln73_67 = mul i27 %sext_ln73_66, i27 %sext_ln73_70" [firmware/nnet_utils/nnet_mult.h:73->firmware/nnet_utils/nnet_dense_resource.h:145]   --->   Operation 137 'mul' 'mul_ln73_67' <Predicate = true> <Delay = 1.87> <CoreInst = "Multiplier">   --->   Core 3 'Multiplier' <Latency = 3> <II = 1> <Delay = 1.87> <FuncUnit> <Opcode : 'mul'> <InPorts = 2> <OutPorts = 1>
ST_7 : Operation 138 [1/1] (0.00ns)   --->   "%trunc_ln144_66 = partselect i14 @_ssdm_op_PartSelect.i14.i27.i32.i32, i27 %mul_ln73_67, i32 7, i32 20" [firmware/nnet_utils/nnet_dense_resource.h:144]   --->   Operation 138 'partselect' 'trunc_ln144_66' <Predicate = true> <Delay = 0.00>
ST_7 : Operation 139 [1/1] (0.00ns)   --->   "%tmp_803 = bitselect i1 @_ssdm_op_BitSelect.i1.i27.i32, i27 %mul_ln73_67, i32 6" [firmware/nnet_utils/nnet_dense_resource.h:144]   --->   Operation 139 'bitselect' 'tmp_803' <Predicate = true> <Delay = 0.00>
ST_7 : Operation 140 [1/4] (1.87ns)   --->   "%mul_ln73_68 = mul i27 %sext_ln73_66, i27 %sext_ln73_71" [firmware/nnet_utils/nnet_mult.h:73->firmware/nnet_utils/nnet_dense_resource.h:145]   --->   Operation 140 'mul' 'mul_ln73_68' <Predicate = true> <Delay = 1.87> <CoreInst = "Multiplier">   --->   Core 3 'Multiplier' <Latency = 3> <II = 1> <Delay = 1.87> <FuncUnit> <Opcode : 'mul'> <InPorts = 2> <OutPorts = 1>
ST_7 : Operation 141 [1/1] (0.00ns)   --->   "%trunc_ln144_67 = partselect i14 @_ssdm_op_PartSelect.i14.i27.i32.i32, i27 %mul_ln73_68, i32 7, i32 20" [firmware/nnet_utils/nnet_dense_resource.h:144]   --->   Operation 141 'partselect' 'trunc_ln144_67' <Predicate = true> <Delay = 0.00>
ST_7 : Operation 142 [1/1] (0.00ns)   --->   "%tmp_804 = bitselect i1 @_ssdm_op_BitSelect.i1.i27.i32, i27 %mul_ln73_68, i32 6" [firmware/nnet_utils/nnet_dense_resource.h:144]   --->   Operation 142 'bitselect' 'tmp_804' <Predicate = true> <Delay = 0.00>
ST_7 : Operation 143 [1/4] (1.87ns)   --->   "%mul_ln73_69 = mul i27 %sext_ln73_66, i27 %sext_ln73_72" [firmware/nnet_utils/nnet_mult.h:73->firmware/nnet_utils/nnet_dense_resource.h:145]   --->   Operation 143 'mul' 'mul_ln73_69' <Predicate = true> <Delay = 1.87> <CoreInst = "Multiplier">   --->   Core 3 'Multiplier' <Latency = 3> <II = 1> <Delay = 1.87> <FuncUnit> <Opcode : 'mul'> <InPorts = 2> <OutPorts = 1>
ST_7 : Operation 144 [1/1] (0.00ns)   --->   "%trunc_ln144_68 = partselect i14 @_ssdm_op_PartSelect.i14.i27.i32.i32, i27 %mul_ln73_69, i32 7, i32 20" [firmware/nnet_utils/nnet_dense_resource.h:144]   --->   Operation 144 'partselect' 'trunc_ln144_68' <Predicate = true> <Delay = 0.00>
ST_7 : Operation 145 [1/1] (0.00ns)   --->   "%tmp_805 = bitselect i1 @_ssdm_op_BitSelect.i1.i27.i32, i27 %mul_ln73_69, i32 6" [firmware/nnet_utils/nnet_dense_resource.h:144]   --->   Operation 145 'bitselect' 'tmp_805' <Predicate = true> <Delay = 0.00>
ST_7 : Operation 146 [1/4] (1.87ns)   --->   "%mul_ln73_70 = mul i27 %sext_ln73_66, i27 %sext_ln73_73" [firmware/nnet_utils/nnet_mult.h:73->firmware/nnet_utils/nnet_dense_resource.h:145]   --->   Operation 146 'mul' 'mul_ln73_70' <Predicate = true> <Delay = 1.87> <CoreInst = "Multiplier">   --->   Core 3 'Multiplier' <Latency = 3> <II = 1> <Delay = 1.87> <FuncUnit> <Opcode : 'mul'> <InPorts = 2> <OutPorts = 1>
ST_7 : Operation 147 [1/1] (0.00ns)   --->   "%trunc_ln144_69 = partselect i14 @_ssdm_op_PartSelect.i14.i27.i32.i32, i27 %mul_ln73_70, i32 7, i32 20" [firmware/nnet_utils/nnet_dense_resource.h:144]   --->   Operation 147 'partselect' 'trunc_ln144_69' <Predicate = true> <Delay = 0.00>
ST_7 : Operation 148 [1/1] (0.00ns)   --->   "%tmp_806 = bitselect i1 @_ssdm_op_BitSelect.i1.i27.i32, i27 %mul_ln73_70, i32 6" [firmware/nnet_utils/nnet_dense_resource.h:144]   --->   Operation 148 'bitselect' 'tmp_806' <Predicate = true> <Delay = 0.00>
ST_7 : Operation 149 [1/4] (1.87ns)   --->   "%mul_ln73_71 = mul i27 %sext_ln73_66, i27 %sext_ln73_74" [firmware/nnet_utils/nnet_mult.h:73->firmware/nnet_utils/nnet_dense_resource.h:145]   --->   Operation 149 'mul' 'mul_ln73_71' <Predicate = true> <Delay = 1.87> <CoreInst = "Multiplier">   --->   Core 3 'Multiplier' <Latency = 3> <II = 1> <Delay = 1.87> <FuncUnit> <Opcode : 'mul'> <InPorts = 2> <OutPorts = 1>
ST_7 : Operation 150 [1/1] (0.00ns)   --->   "%trunc_ln144_70 = partselect i14 @_ssdm_op_PartSelect.i14.i27.i32.i32, i27 %mul_ln73_71, i32 7, i32 20" [firmware/nnet_utils/nnet_dense_resource.h:144]   --->   Operation 150 'partselect' 'trunc_ln144_70' <Predicate = true> <Delay = 0.00>
ST_7 : Operation 151 [1/1] (0.00ns)   --->   "%tmp_807 = bitselect i1 @_ssdm_op_BitSelect.i1.i27.i32, i27 %mul_ln73_71, i32 6" [firmware/nnet_utils/nnet_dense_resource.h:144]   --->   Operation 151 'bitselect' 'tmp_807' <Predicate = true> <Delay = 0.00>
ST_7 : Operation 152 [1/4] (1.87ns)   --->   "%mul_ln73_72 = mul i27 %sext_ln73_66, i27 %sext_ln73_75" [firmware/nnet_utils/nnet_mult.h:73->firmware/nnet_utils/nnet_dense_resource.h:145]   --->   Operation 152 'mul' 'mul_ln73_72' <Predicate = true> <Delay = 1.87> <CoreInst = "Multiplier">   --->   Core 3 'Multiplier' <Latency = 3> <II = 1> <Delay = 1.87> <FuncUnit> <Opcode : 'mul'> <InPorts = 2> <OutPorts = 1>
ST_7 : Operation 153 [1/1] (0.00ns)   --->   "%trunc_ln144_71 = partselect i14 @_ssdm_op_PartSelect.i14.i27.i32.i32, i27 %mul_ln73_72, i32 7, i32 20" [firmware/nnet_utils/nnet_dense_resource.h:144]   --->   Operation 153 'partselect' 'trunc_ln144_71' <Predicate = true> <Delay = 0.00>
ST_7 : Operation 154 [1/1] (0.00ns)   --->   "%tmp_808 = bitselect i1 @_ssdm_op_BitSelect.i1.i27.i32, i27 %mul_ln73_72, i32 6" [firmware/nnet_utils/nnet_dense_resource.h:144]   --->   Operation 154 'bitselect' 'tmp_808' <Predicate = true> <Delay = 0.00>
ST_7 : Operation 155 [1/4] (1.87ns)   --->   "%mul_ln73_73 = mul i27 %sext_ln73_66, i27 %sext_ln73_76" [firmware/nnet_utils/nnet_mult.h:73->firmware/nnet_utils/nnet_dense_resource.h:145]   --->   Operation 155 'mul' 'mul_ln73_73' <Predicate = true> <Delay = 1.87> <CoreInst = "Multiplier">   --->   Core 3 'Multiplier' <Latency = 3> <II = 1> <Delay = 1.87> <FuncUnit> <Opcode : 'mul'> <InPorts = 2> <OutPorts = 1>
ST_7 : Operation 156 [1/1] (0.00ns)   --->   "%trunc_ln144_72 = partselect i14 @_ssdm_op_PartSelect.i14.i27.i32.i32, i27 %mul_ln73_73, i32 7, i32 20" [firmware/nnet_utils/nnet_dense_resource.h:144]   --->   Operation 156 'partselect' 'trunc_ln144_72' <Predicate = true> <Delay = 0.00>
ST_7 : Operation 157 [1/1] (0.00ns)   --->   "%tmp_809 = bitselect i1 @_ssdm_op_BitSelect.i1.i27.i32, i27 %mul_ln73_73, i32 6" [firmware/nnet_utils/nnet_dense_resource.h:144]   --->   Operation 157 'bitselect' 'tmp_809' <Predicate = true> <Delay = 0.00>
ST_7 : Operation 158 [1/4] (1.87ns)   --->   "%mul_ln73_74 = mul i27 %sext_ln73_66, i27 %sext_ln73_77" [firmware/nnet_utils/nnet_mult.h:73->firmware/nnet_utils/nnet_dense_resource.h:145]   --->   Operation 158 'mul' 'mul_ln73_74' <Predicate = true> <Delay = 1.87> <CoreInst = "Multiplier">   --->   Core 3 'Multiplier' <Latency = 3> <II = 1> <Delay = 1.87> <FuncUnit> <Opcode : 'mul'> <InPorts = 2> <OutPorts = 1>
ST_7 : Operation 159 [1/1] (0.00ns)   --->   "%trunc_ln144_73 = partselect i14 @_ssdm_op_PartSelect.i14.i27.i32.i32, i27 %mul_ln73_74, i32 7, i32 20" [firmware/nnet_utils/nnet_dense_resource.h:144]   --->   Operation 159 'partselect' 'trunc_ln144_73' <Predicate = true> <Delay = 0.00>
ST_7 : Operation 160 [1/1] (0.00ns)   --->   "%tmp_810 = bitselect i1 @_ssdm_op_BitSelect.i1.i27.i32, i27 %mul_ln73_74, i32 6" [firmware/nnet_utils/nnet_dense_resource.h:144]   --->   Operation 160 'bitselect' 'tmp_810' <Predicate = true> <Delay = 0.00>
ST_7 : Operation 161 [1/4] (1.87ns)   --->   "%mul_ln73_75 = mul i27 %sext_ln73_66, i27 %sext_ln73_78" [firmware/nnet_utils/nnet_mult.h:73->firmware/nnet_utils/nnet_dense_resource.h:145]   --->   Operation 161 'mul' 'mul_ln73_75' <Predicate = true> <Delay = 1.87> <CoreInst = "Multiplier">   --->   Core 3 'Multiplier' <Latency = 3> <II = 1> <Delay = 1.87> <FuncUnit> <Opcode : 'mul'> <InPorts = 2> <OutPorts = 1>
ST_7 : Operation 162 [1/1] (0.00ns)   --->   "%trunc_ln144_74 = partselect i14 @_ssdm_op_PartSelect.i14.i27.i32.i32, i27 %mul_ln73_75, i32 7, i32 20" [firmware/nnet_utils/nnet_dense_resource.h:144]   --->   Operation 162 'partselect' 'trunc_ln144_74' <Predicate = true> <Delay = 0.00>
ST_7 : Operation 163 [1/1] (0.00ns)   --->   "%tmp_811 = bitselect i1 @_ssdm_op_BitSelect.i1.i27.i32, i27 %mul_ln73_75, i32 6" [firmware/nnet_utils/nnet_dense_resource.h:144]   --->   Operation 163 'bitselect' 'tmp_811' <Predicate = true> <Delay = 0.00>
ST_7 : Operation 164 [1/4] (1.87ns)   --->   "%mul_ln73_76 = mul i27 %sext_ln73_66, i27 %sext_ln73_79" [firmware/nnet_utils/nnet_mult.h:73->firmware/nnet_utils/nnet_dense_resource.h:145]   --->   Operation 164 'mul' 'mul_ln73_76' <Predicate = true> <Delay = 1.87> <CoreInst = "Multiplier">   --->   Core 3 'Multiplier' <Latency = 3> <II = 1> <Delay = 1.87> <FuncUnit> <Opcode : 'mul'> <InPorts = 2> <OutPorts = 1>
ST_7 : Operation 165 [1/1] (0.00ns)   --->   "%trunc_ln144_75 = partselect i14 @_ssdm_op_PartSelect.i14.i27.i32.i32, i27 %mul_ln73_76, i32 7, i32 20" [firmware/nnet_utils/nnet_dense_resource.h:144]   --->   Operation 165 'partselect' 'trunc_ln144_75' <Predicate = true> <Delay = 0.00>
ST_7 : Operation 166 [1/1] (0.00ns)   --->   "%tmp_812 = bitselect i1 @_ssdm_op_BitSelect.i1.i27.i32, i27 %mul_ln73_76, i32 6" [firmware/nnet_utils/nnet_dense_resource.h:144]   --->   Operation 166 'bitselect' 'tmp_812' <Predicate = true> <Delay = 0.00>
ST_7 : Operation 167 [1/4] (1.87ns)   --->   "%mul_ln73_77 = mul i27 %sext_ln73_66, i27 %sext_ln73_80" [firmware/nnet_utils/nnet_mult.h:73->firmware/nnet_utils/nnet_dense_resource.h:145]   --->   Operation 167 'mul' 'mul_ln73_77' <Predicate = true> <Delay = 1.87> <CoreInst = "Multiplier">   --->   Core 3 'Multiplier' <Latency = 3> <II = 1> <Delay = 1.87> <FuncUnit> <Opcode : 'mul'> <InPorts = 2> <OutPorts = 1>
ST_7 : Operation 168 [1/1] (0.00ns)   --->   "%trunc_ln144_76 = partselect i14 @_ssdm_op_PartSelect.i14.i27.i32.i32, i27 %mul_ln73_77, i32 7, i32 20" [firmware/nnet_utils/nnet_dense_resource.h:144]   --->   Operation 168 'partselect' 'trunc_ln144_76' <Predicate = true> <Delay = 0.00>
ST_7 : Operation 169 [1/1] (0.00ns)   --->   "%tmp_813 = bitselect i1 @_ssdm_op_BitSelect.i1.i27.i32, i27 %mul_ln73_77, i32 6" [firmware/nnet_utils/nnet_dense_resource.h:144]   --->   Operation 169 'bitselect' 'tmp_813' <Predicate = true> <Delay = 0.00>
ST_7 : Operation 170 [1/4] (1.87ns)   --->   "%mul_ln73_78 = mul i25 %sext_ln73_81, i25 %sext_ln73_82" [firmware/nnet_utils/nnet_mult.h:73->firmware/nnet_utils/nnet_dense_resource.h:145]   --->   Operation 170 'mul' 'mul_ln73_78' <Predicate = true> <Delay = 1.87> <CoreInst = "Multiplier">   --->   Core 3 'Multiplier' <Latency = 3> <II = 1> <Delay = 1.87> <FuncUnit> <Opcode : 'mul'> <InPorts = 2> <OutPorts = 1>
ST_7 : Operation 171 [1/1] (0.00ns)   --->   "%trunc_ln144_77 = partselect i14 @_ssdm_op_PartSelect.i14.i25.i32.i32, i25 %mul_ln73_78, i32 7, i32 20" [firmware/nnet_utils/nnet_dense_resource.h:144]   --->   Operation 171 'partselect' 'trunc_ln144_77' <Predicate = true> <Delay = 0.00>
ST_7 : Operation 172 [1/1] (0.00ns)   --->   "%tmp_814 = bitselect i1 @_ssdm_op_BitSelect.i1.i25.i32, i25 %mul_ln73_78, i32 6" [firmware/nnet_utils/nnet_dense_resource.h:144]   --->   Operation 172 'bitselect' 'tmp_814' <Predicate = true> <Delay = 0.00>

State 8 <SV = 7> <Delay = 7.06>
ST_8 : Operation 173 [1/1] (0.00ns)   --->   "%x_382 = phi i14 16373, void %entry, i14 %acc, void %MultLoop.split_ifconv, i14 16373, void %Result"   --->   Operation 173 'phi' 'x_382' <Predicate = true> <Delay = 0.00>
ST_8 : Operation 174 [1/1] (0.00ns)   --->   "%x_381 = phi i14 16223, void %entry, i14 %acc_606, void %MultLoop.split_ifconv, i14 16223, void %Result"   --->   Operation 174 'phi' 'x_381' <Predicate = true> <Delay = 0.00>
ST_8 : Operation 175 [1/1] (0.00ns)   --->   "%x_380 = phi i14 16363, void %entry, i14 %acc_607, void %MultLoop.split_ifconv, i14 16363, void %Result"   --->   Operation 175 'phi' 'x_380' <Predicate = true> <Delay = 0.00>
ST_8 : Operation 176 [1/1] (0.00ns)   --->   "%x_379 = phi i14 16373, void %entry, i14 %acc_608, void %MultLoop.split_ifconv, i14 16373, void %Result"   --->   Operation 176 'phi' 'x_379' <Predicate = true> <Delay = 0.00>
ST_8 : Operation 177 [1/1] (0.00ns)   --->   "%x_378 = phi i14 107, void %entry, i14 %acc_609, void %MultLoop.split_ifconv, i14 107, void %Result"   --->   Operation 177 'phi' 'x_378' <Predicate = true> <Delay = 0.00>
ST_8 : Operation 178 [1/1] (0.00ns)   --->   "%x_377 = phi i14 54, void %entry, i14 %acc_610, void %MultLoop.split_ifconv, i14 54, void %Result"   --->   Operation 178 'phi' 'x_377' <Predicate = true> <Delay = 0.00>
ST_8 : Operation 179 [1/1] (0.00ns)   --->   "%x_376 = phi i14 16234, void %entry, i14 %acc_611, void %MultLoop.split_ifconv, i14 16234, void %Result"   --->   Operation 179 'phi' 'x_376' <Predicate = true> <Delay = 0.00>
ST_8 : Operation 180 [1/1] (0.00ns)   --->   "%x_375 = phi i14 129, void %entry, i14 %acc_612, void %MultLoop.split_ifconv, i14 129, void %Result"   --->   Operation 180 'phi' 'x_375' <Predicate = true> <Delay = 0.00>
ST_8 : Operation 181 [1/1] (0.00ns)   --->   "%x_374 = phi i14 0, void %entry, i14 %acc_613, void %MultLoop.split_ifconv, i14 0, void %Result"   --->   Operation 181 'phi' 'x_374' <Predicate = true> <Delay = 0.00>
ST_8 : Operation 182 [1/1] (0.00ns)   --->   "%x_373 = phi i14 16373, void %entry, i14 %acc_614, void %MultLoop.split_ifconv, i14 16373, void %Result"   --->   Operation 182 'phi' 'x_373' <Predicate = true> <Delay = 0.00>
ST_8 : Operation 183 [1/1] (0.00ns)   --->   "%x_372 = phi i14 129, void %entry, i14 %acc_615, void %MultLoop.split_ifconv, i14 129, void %Result"   --->   Operation 183 'phi' 'x_372' <Predicate = true> <Delay = 0.00>
ST_8 : Operation 184 [1/1] (0.00ns)   --->   "%x_371 = phi i14 43, void %entry, i14 %acc_616, void %MultLoop.split_ifconv, i14 43, void %Result"   --->   Operation 184 'phi' 'x_371' <Predicate = true> <Delay = 0.00>
ST_8 : Operation 185 [1/1] (0.00ns)   --->   "%x_370 = phi i14 0, void %entry, i14 %acc_617, void %MultLoop.split_ifconv, i14 0, void %Result"   --->   Operation 185 'phi' 'x_370' <Predicate = true> <Delay = 0.00>
ST_8 : Operation 186 [1/1] (0.00ns)   --->   "%x_369 = phi i14 43, void %entry, i14 %acc_618, void %MultLoop.split_ifconv, i14 43, void %Result"   --->   Operation 186 'phi' 'x_369' <Predicate = true> <Delay = 0.00>
ST_8 : Operation 187 [1/1] (0.00ns)   --->   "%x_368 = phi i14 0, void %entry, i14 %acc_619, void %MultLoop.split_ifconv, i14 0, void %Result"   --->   Operation 187 'phi' 'x_368' <Predicate = true> <Delay = 0.00>
ST_8 : Operation 188 [1/1] (0.00ns)   --->   "%x_367 = phi i14 11, void %entry, i14 %acc_620, void %MultLoop.split_ifconv, i14 11, void %Result"   --->   Operation 188 'phi' 'x_367' <Predicate = true> <Delay = 0.00>
ST_8 : Operation 189 [1/1] (0.00ns)   --->   "%x_366 = phi i14 118, void %entry, i14 %acc_621, void %MultLoop.split_ifconv, i14 118, void %Result"   --->   Operation 189 'phi' 'x_366' <Predicate = true> <Delay = 0.00>
ST_8 : Operation 190 [1/1] (0.00ns)   --->   "%x_365 = phi i14 16223, void %entry, i14 %acc_622, void %MultLoop.split_ifconv, i14 16223, void %Result"   --->   Operation 190 'phi' 'x_365' <Predicate = true> <Delay = 0.00>
ST_8 : Operation 191 [1/1] (0.00ns)   --->   "%x_364 = phi i14 16373, void %entry, i14 %acc_623, void %MultLoop.split_ifconv, i14 16373, void %Result"   --->   Operation 191 'phi' 'x_364' <Predicate = true> <Delay = 0.00>
ST_8 : Operation 192 [1/1] (0.00ns)   --->   "%x_363 = phi i14 139, void %entry, i14 %acc_624, void %MultLoop.split_ifconv, i14 139, void %Result"   --->   Operation 192 'phi' 'x_363' <Predicate = true> <Delay = 0.00>
ST_8 : Operation 193 [1/1] (0.00ns)   --->   "%x_362 = phi i14 16320, void %entry, i14 %acc_625, void %MultLoop.split_ifconv, i14 16320, void %Result"   --->   Operation 193 'phi' 'x_362' <Predicate = true> <Delay = 0.00>
ST_8 : Operation 194 [1/1] (0.00ns)   --->   "%x_361 = phi i14 16363, void %entry, i14 %acc_626, void %MultLoop.split_ifconv, i14 16363, void %Result"   --->   Operation 194 'phi' 'x_361' <Predicate = true> <Delay = 0.00>
ST_8 : Operation 195 [1/1] (0.00ns)   --->   "%x_360 = phi i14 16373, void %entry, i14 %acc_627, void %MultLoop.split_ifconv, i14 16373, void %Result"   --->   Operation 195 'phi' 'x_360' <Predicate = true> <Delay = 0.00>
ST_8 : Operation 196 [1/1] (0.00ns)   --->   "%x_359 = phi i14 0, void %entry, i14 %acc_628, void %MultLoop.split_ifconv, i14 0, void %Result"   --->   Operation 196 'phi' 'x_359' <Predicate = true> <Delay = 0.00>
ST_8 : Operation 197 [1/1] (0.00ns)   --->   "%x_358 = phi i14 16298, void %entry, i14 %acc_629, void %MultLoop.split_ifconv, i14 16298, void %Result"   --->   Operation 197 'phi' 'x_358' <Predicate = true> <Delay = 0.00>
ST_8 : Operation 198 [1/1] (0.00ns)   --->   "%x_357 = phi i14 16309, void %entry, i14 %acc_630, void %MultLoop.split_ifconv, i14 16309, void %Result"   --->   Operation 198 'phi' 'x_357' <Predicate = true> <Delay = 0.00>
ST_8 : Operation 199 [1/1] (0.00ns)   --->   "%x_356 = phi i14 75, void %entry, i14 %acc_631, void %MultLoop.split_ifconv, i14 75, void %Result"   --->   Operation 199 'phi' 'x_356' <Predicate = true> <Delay = 0.00>
ST_8 : Operation 200 [1/1] (0.00ns)   --->   "%x_355 = phi i14 11, void %entry, i14 %acc_632, void %MultLoop.split_ifconv, i14 11, void %Result"   --->   Operation 200 'phi' 'x_355' <Predicate = true> <Delay = 0.00>
ST_8 : Operation 201 [1/1] (0.00ns)   --->   "%x_354 = phi i14 247, void %entry, i14 %acc_633, void %MultLoop.split_ifconv, i14 247, void %Result"   --->   Operation 201 'phi' 'x_354' <Predicate = true> <Delay = 0.00>
ST_8 : Operation 202 [1/1] (0.00ns)   --->   "%x_353 = phi i14 16287, void %entry, i14 %acc_634, void %MultLoop.split_ifconv, i14 16287, void %Result"   --->   Operation 202 'phi' 'x_353' <Predicate = true> <Delay = 0.00>
ST_8 : Operation 203 [1/1] (0.00ns)   --->   "%x_352 = phi i14 86, void %entry, i14 %acc_635, void %MultLoop.split_ifconv, i14 86, void %Result"   --->   Operation 203 'phi' 'x_352' <Predicate = true> <Delay = 0.00>
ST_8 : Operation 204 [1/1] (0.00ns)   --->   "%x_351 = phi i14 247, void %entry, i14 %acc_636, void %MultLoop.split_ifconv, i14 247, void %Result"   --->   Operation 204 'phi' 'x_351' <Predicate = true> <Delay = 0.00>
ST_8 : Operation 205 [1/1] (0.00ns)   --->   "%x_350 = phi i14 43, void %entry, i14 %acc_637, void %MultLoop.split_ifconv, i14 43, void %Result"   --->   Operation 205 'phi' 'x_350' <Predicate = true> <Delay = 0.00>
ST_8 : Operation 206 [1/1] (0.00ns)   --->   "%x_349 = phi i14 16309, void %entry, i14 %acc_638, void %MultLoop.split_ifconv, i14 16309, void %Result"   --->   Operation 206 'phi' 'x_349' <Predicate = true> <Delay = 0.00>
ST_8 : Operation 207 [1/1] (0.00ns)   --->   "%x_348 = phi i14 16309, void %entry, i14 %acc_639, void %MultLoop.split_ifconv, i14 16309, void %Result"   --->   Operation 207 'phi' 'x_348' <Predicate = true> <Delay = 0.00>
ST_8 : Operation 208 [1/1] (0.00ns)   --->   "%x_347 = phi i14 16309, void %entry, i14 %acc_640, void %MultLoop.split_ifconv, i14 16309, void %Result"   --->   Operation 208 'phi' 'x_347' <Predicate = true> <Delay = 0.00>
ST_8 : Operation 209 [1/1] (0.00ns)   --->   "%x_346 = phi i14 16298, void %entry, i14 %acc_641, void %MultLoop.split_ifconv, i14 16298, void %Result"   --->   Operation 209 'phi' 'x_346' <Predicate = true> <Delay = 0.00>
ST_8 : Operation 210 [1/1] (0.00ns)   --->   "%x_345 = phi i14 97, void %entry, i14 %acc_642, void %MultLoop.split_ifconv, i14 97, void %Result"   --->   Operation 210 'phi' 'x_345' <Predicate = true> <Delay = 0.00>
ST_8 : Operation 211 [1/1] (0.00ns)   --->   "%x_344 = phi i14 16298, void %entry, i14 %acc_643, void %MultLoop.split_ifconv, i14 16298, void %Result"   --->   Operation 211 'phi' 'x_344' <Predicate = true> <Delay = 0.00>
ST_8 : Operation 212 [1/1] (0.00ns)   --->   "%x_343 = phi i14 21, void %entry, i14 %acc_644, void %MultLoop.split_ifconv, i14 21, void %Result"   --->   Operation 212 'phi' 'x_343' <Predicate = true> <Delay = 0.00>
ST_8 : Operation 213 [1/1] (0.00ns)   --->   "%x_342 = phi i14 16363, void %entry, i14 %acc_645, void %MultLoop.split_ifconv, i14 16363, void %Result"   --->   Operation 213 'phi' 'x_342' <Predicate = true> <Delay = 0.00>
ST_8 : Operation 214 [1/1] (0.00ns)   --->   "%x_341 = phi i14 16298, void %entry, i14 %acc_646, void %MultLoop.split_ifconv, i14 16298, void %Result"   --->   Operation 214 'phi' 'x_341' <Predicate = true> <Delay = 0.00>
ST_8 : Operation 215 [1/1] (0.00ns)   --->   "%x_340 = phi i14 16363, void %entry, i14 %acc_647, void %MultLoop.split_ifconv, i14 16363, void %Result"   --->   Operation 215 'phi' 'x_340' <Predicate = true> <Delay = 0.00>
ST_8 : Operation 216 [1/1] (0.00ns)   --->   "%x_339 = phi i14 0, void %entry, i14 %acc_648, void %MultLoop.split_ifconv, i14 0, void %Result"   --->   Operation 216 'phi' 'x_339' <Predicate = true> <Delay = 0.00>
ST_8 : Operation 217 [1/1] (0.00ns)   --->   "%x_338 = phi i14 16212, void %entry, i14 %acc_649, void %MultLoop.split_ifconv, i14 16212, void %Result"   --->   Operation 217 'phi' 'x_338' <Predicate = true> <Delay = 0.00>
ST_8 : Operation 218 [1/1] (0.00ns)   --->   "%x_337 = phi i14 16309, void %entry, i14 %acc_650, void %MultLoop.split_ifconv, i14 16309, void %Result"   --->   Operation 218 'phi' 'x_337' <Predicate = true> <Delay = 0.00>
ST_8 : Operation 219 [1/1] (0.00ns)   --->   "%x_336 = phi i14 16320, void %entry, i14 %acc_651, void %MultLoop.split_ifconv, i14 16320, void %Result"   --->   Operation 219 'phi' 'x_336' <Predicate = true> <Delay = 0.00>
ST_8 : Operation 220 [1/1] (0.00ns)   --->   "%x_335 = phi i14 16169, void %entry, i14 %acc_652, void %MultLoop.split_ifconv, i14 16169, void %Result"   --->   Operation 220 'phi' 'x_335' <Predicate = true> <Delay = 0.00>
ST_8 : Operation 221 [1/1] (0.00ns)   --->   "%x_334 = phi i14 16363, void %entry, i14 %acc_653, void %MultLoop.split_ifconv, i14 16363, void %Result"   --->   Operation 221 'phi' 'x_334' <Predicate = true> <Delay = 0.00>
ST_8 : Operation 222 [1/1] (0.00ns)   --->   "%x_333 = phi i14 16255, void %entry, i14 %acc_654, void %MultLoop.split_ifconv, i14 16255, void %Result"   --->   Operation 222 'phi' 'x_333' <Predicate = true> <Delay = 0.00>
ST_8 : Operation 223 [1/1] (0.00ns)   --->   "%x_332 = phi i14 16341, void %entry, i14 %acc_655, void %MultLoop.split_ifconv, i14 16341, void %Result"   --->   Operation 223 'phi' 'x_332' <Predicate = true> <Delay = 0.00>
ST_8 : Operation 224 [1/1] (0.00ns)   --->   "%x_331 = phi i14 16287, void %entry, i14 %acc_656, void %MultLoop.split_ifconv, i14 16287, void %Result"   --->   Operation 224 'phi' 'x_331' <Predicate = true> <Delay = 0.00>
ST_8 : Operation 225 [1/1] (0.00ns)   --->   "%x_330 = phi i14 54, void %entry, i14 %acc_657, void %MultLoop.split_ifconv, i14 54, void %Result"   --->   Operation 225 'phi' 'x_330' <Predicate = true> <Delay = 0.00>
ST_8 : Operation 226 [1/1] (0.00ns)   --->   "%x_329 = phi i14 16352, void %entry, i14 %acc_658, void %MultLoop.split_ifconv, i14 16352, void %Result"   --->   Operation 226 'phi' 'x_329' <Predicate = true> <Delay = 0.00>
ST_8 : Operation 227 [1/1] (0.00ns)   --->   "%x_328 = phi i14 16255, void %entry, i14 %acc_659, void %MultLoop.split_ifconv, i14 16255, void %Result"   --->   Operation 227 'phi' 'x_328' <Predicate = true> <Delay = 0.00>
ST_8 : Operation 228 [1/1] (0.00ns)   --->   "%x_327 = phi i14 16234, void %entry, i14 %acc_660, void %MultLoop.split_ifconv, i14 16234, void %Result"   --->   Operation 228 'phi' 'x_327' <Predicate = true> <Delay = 0.00>
ST_8 : Operation 229 [1/1] (0.00ns)   --->   "%x_326 = phi i14 16212, void %entry, i14 %acc_661, void %MultLoop.split_ifconv, i14 16212, void %Result"   --->   Operation 229 'phi' 'x_326' <Predicate = true> <Delay = 0.00>
ST_8 : Operation 230 [1/1] (0.00ns)   --->   "%x_325 = phi i14 16309, void %entry, i14 %acc_662, void %MultLoop.split_ifconv, i14 16309, void %Result"   --->   Operation 230 'phi' 'x_325' <Predicate = true> <Delay = 0.00>
ST_8 : Operation 231 [1/1] (0.00ns)   --->   "%x_324 = phi i14 16298, void %entry, i14 %acc_663, void %MultLoop.split_ifconv, i14 16298, void %Result"   --->   Operation 231 'phi' 'x_324' <Predicate = true> <Delay = 0.00>
ST_8 : Operation 232 [1/1] (0.00ns)   --->   "%x_323 = phi i14 16309, void %entry, i14 %acc_664, void %MultLoop.split_ifconv, i14 16309, void %Result"   --->   Operation 232 'phi' 'x_323' <Predicate = true> <Delay = 0.00>
ST_8 : Operation 233 [1/1] (0.00ns)   --->   "%x_322 = phi i14 43, void %entry, i14 %acc_665, void %MultLoop.split_ifconv, i14 43, void %Result"   --->   Operation 233 'phi' 'x_322' <Predicate = true> <Delay = 0.00>
ST_8 : Operation 234 [1/1] (0.00ns)   --->   "%x_321 = phi i14 16287, void %entry, i14 %acc_666, void %MultLoop.split_ifconv, i14 16287, void %Result"   --->   Operation 234 'phi' 'x_321' <Predicate = true> <Delay = 0.00>
ST_8 : Operation 235 [1/1] (0.00ns)   --->   "%x_320 = phi i14 16277, void %entry, i14 %acc_667, void %MultLoop.split_ifconv, i14 16277, void %Result"   --->   Operation 235 'phi' 'x_320' <Predicate = true> <Delay = 0.00>
ST_8 : Operation 236 [1/1] (0.00ns)   --->   "%x_319 = phi i14 16309, void %entry, i14 %acc_668, void %MultLoop.split_ifconv, i14 16309, void %Result"   --->   Operation 236 'phi' 'x_319' <Predicate = true> <Delay = 0.00>
ST_8 : Operation 237 [1/1] (0.00ns)   --->   "%x_318 = phi i14 75, void %entry, i14 %acc_669, void %MultLoop.split_ifconv, i14 75, void %Result"   --->   Operation 237 'phi' 'x_318' <Predicate = true> <Delay = 0.00>
ST_8 : Operation 238 [1/1] (0.00ns)   --->   "%x_317 = phi i14 64, void %entry, i14 %acc_670, void %MultLoop.split_ifconv, i14 64, void %Result"   --->   Operation 238 'phi' 'x_317' <Predicate = true> <Delay = 0.00>
ST_8 : Operation 239 [1/1] (0.00ns)   --->   "%x_316 = phi i14 107, void %entry, i14 %acc_671, void %MultLoop.split_ifconv, i14 107, void %Result"   --->   Operation 239 'phi' 'x_316' <Predicate = true> <Delay = 0.00>
ST_8 : Operation 240 [1/1] (0.00ns)   --->   "%x_315 = phi i14 16298, void %entry, i14 %acc_672, void %MultLoop.split_ifconv, i14 16298, void %Result"   --->   Operation 240 'phi' 'x_315' <Predicate = true> <Delay = 0.00>
ST_8 : Operation 241 [1/1] (0.00ns)   --->   "%x_314 = phi i14 43, void %entry, i14 %acc_673, void %MultLoop.split_ifconv, i14 43, void %Result"   --->   Operation 241 'phi' 'x_314' <Predicate = true> <Delay = 0.00>
ST_8 : Operation 242 [1/1] (0.00ns)   --->   "%x_313 = phi i14 193, void %entry, i14 %acc_674, void %MultLoop.split_ifconv, i14 193, void %Result"   --->   Operation 242 'phi' 'x_313' <Predicate = true> <Delay = 0.00>
ST_8 : Operation 243 [1/1] (0.00ns)   --->   "%x_312 = phi i14 54, void %entry, i14 %acc_675, void %MultLoop.split_ifconv, i14 54, void %Result"   --->   Operation 243 'phi' 'x_312' <Predicate = true> <Delay = 0.00>
ST_8 : Operation 244 [1/1] (0.00ns)   --->   "%x_311 = phi i14 16363, void %entry, i14 %acc_676, void %MultLoop.split_ifconv, i14 16363, void %Result"   --->   Operation 244 'phi' 'x_311' <Predicate = true> <Delay = 0.00>
ST_8 : Operation 245 [1/1] (0.00ns)   --->   "%x_310 = phi i14 97, void %entry, i14 %acc_677, void %MultLoop.split_ifconv, i14 97, void %Result"   --->   Operation 245 'phi' 'x_310' <Predicate = true> <Delay = 0.00>
ST_8 : Operation 246 [1/1] (0.00ns)   --->   "%x_309 = phi i14 129, void %entry, i14 %acc_678, void %MultLoop.split_ifconv, i14 129, void %Result"   --->   Operation 246 'phi' 'x_309' <Predicate = true> <Delay = 0.00>
ST_8 : Operation 247 [1/1] (0.00ns)   --->   "%x_308 = phi i14 86, void %entry, i14 %acc_679, void %MultLoop.split_ifconv, i14 86, void %Result"   --->   Operation 247 'phi' 'x_308' <Predicate = true> <Delay = 0.00>
ST_8 : Operation 248 [1/1] (0.00ns)   --->   "%x_307 = phi i14 311, void %entry, i14 %acc_680, void %MultLoop.split_ifconv, i14 311, void %Result"   --->   Operation 248 'phi' 'x_307' <Predicate = true> <Delay = 0.00>
ST_8 : Operation 249 [1/1] (0.00ns)   --->   "%x_306 = phi i14 118, void %entry, i14 %acc_681, void %MultLoop.split_ifconv, i14 118, void %Result"   --->   Operation 249 'phi' 'x_306' <Predicate = true> <Delay = 0.00>
ST_8 : Operation 250 [1/1] (0.00ns)   --->   "%x_305 = phi i14 32, void %entry, i14 %acc_682, void %MultLoop.split_ifconv, i14 32, void %Result"   --->   Operation 250 'phi' 'x_305' <Predicate = true> <Delay = 0.00>
ST_8 : Operation 251 [1/1] (0.00ns)   --->   "%x_304 = phi i14 16212, void %entry, i14 %acc_683, void %MultLoop.split_ifconv, i14 16212, void %Result"   --->   Operation 251 'phi' 'x_304' <Predicate = true> <Delay = 0.00>
ST_8 : Operation 252 [1/1] (0.00ns)   --->   "%x_303 = phi i14 43, void %entry, i14 %acc_684, void %MultLoop.split_ifconv, i14 43, void %Result"   --->   Operation 252 'phi' 'x_303' <Predicate = true> <Delay = 0.00>
ST_8 : Operation 253 [1/1] (0.00ns)   --->   "%x_302 = phi i14 64, void %entry, i14 %acc_685, void %MultLoop.split_ifconv, i14 64, void %Result"   --->   Operation 253 'phi' 'x_302' <Predicate = true> <Delay = 0.00>
ST_8 : Operation 254 [1/1] (0.00ns)   --->   "%x_301 = phi i14 107, void %entry, i14 %acc_686, void %MultLoop.split_ifconv, i14 107, void %Result"   --->   Operation 254 'phi' 'x_301' <Predicate = true> <Delay = 0.00>
ST_8 : Operation 255 [1/1] (0.00ns)   --->   "%x_300 = phi i14 75, void %entry, i14 %acc_687, void %MultLoop.split_ifconv, i14 75, void %Result"   --->   Operation 255 'phi' 'x_300' <Predicate = true> <Delay = 0.00>
ST_8 : Operation 256 [1/1] (0.00ns)   --->   "%x_299 = phi i14 16298, void %entry, i14 %acc_688, void %MultLoop.split_ifconv, i14 16298, void %Result"   --->   Operation 256 'phi' 'x_299' <Predicate = true> <Delay = 0.00>
ST_8 : Operation 257 [1/1] (0.00ns)   --->   "%x_298 = phi i14 11, void %entry, i14 %acc_689, void %MultLoop.split_ifconv, i14 11, void %Result"   --->   Operation 257 'phi' 'x_298' <Predicate = true> <Delay = 0.00>
ST_8 : Operation 258 [1/1] (0.00ns)   --->   "%x_297 = phi i14 16212, void %entry, i14 %acc_690, void %MultLoop.split_ifconv, i14 16212, void %Result"   --->   Operation 258 'phi' 'x_297' <Predicate = true> <Delay = 0.00>
ST_8 : Operation 259 [1/1] (0.00ns)   --->   "%x_296 = phi i14 16320, void %entry, i14 %acc_691, void %MultLoop.split_ifconv, i14 16320, void %Result"   --->   Operation 259 'phi' 'x_296' <Predicate = true> <Delay = 0.00>
ST_8 : Operation 260 [1/1] (0.00ns)   --->   "%x_295 = phi i14 64, void %entry, i14 %acc_692, void %MultLoop.split_ifconv, i14 64, void %Result"   --->   Operation 260 'phi' 'x_295' <Predicate = true> <Delay = 0.00>
ST_8 : Operation 261 [1/1] (0.00ns)   --->   "%x_294 = phi i14 333, void %entry, i14 %acc_693, void %MultLoop.split_ifconv, i14 333, void %Result"   --->   Operation 261 'phi' 'x_294' <Predicate = true> <Delay = 0.00>
ST_8 : Operation 262 [1/1] (0.00ns)   --->   "%x_293 = phi i14 129, void %entry, i14 %acc_694, void %MultLoop.split_ifconv, i14 129, void %Result"   --->   Operation 262 'phi' 'x_293' <Predicate = true> <Delay = 0.00>
ST_8 : Operation 263 [1/1] (0.00ns)   --->   "%x_292 = phi i14 16363, void %entry, i14 %acc_695, void %MultLoop.split_ifconv, i14 16363, void %Result"   --->   Operation 263 'phi' 'x_292' <Predicate = true> <Delay = 0.00>
ST_8 : Operation 264 [1/1] (0.00ns)   --->   "%x_291 = phi i14 118, void %entry, i14 %acc_696, void %MultLoop.split_ifconv, i14 118, void %Result"   --->   Operation 264 'phi' 'x_291' <Predicate = true> <Delay = 0.00>
ST_8 : Operation 265 [1/1] (0.00ns)   --->   "%x_290 = phi i14 86, void %entry, i14 %acc_697, void %MultLoop.split_ifconv, i14 86, void %Result"   --->   Operation 265 'phi' 'x_290' <Predicate = true> <Delay = 0.00>
ST_8 : Operation 266 [1/1] (0.00ns)   --->   "%x_289 = phi i14 16352, void %entry, i14 %acc_698, void %MultLoop.split_ifconv, i14 16352, void %Result"   --->   Operation 266 'phi' 'x_289' <Predicate = true> <Delay = 0.00>
ST_8 : Operation 267 [1/1] (0.00ns)   --->   "%x_288 = phi i14 21, void %entry, i14 %acc_699, void %MultLoop.split_ifconv, i14 21, void %Result"   --->   Operation 267 'phi' 'x_288' <Predicate = true> <Delay = 0.00>
ST_8 : Operation 268 [1/1] (0.00ns)   --->   "%x_287 = phi i14 193, void %entry, i14 %acc_700, void %MultLoop.split_ifconv, i14 193, void %Result"   --->   Operation 268 'phi' 'x_287' <Predicate = true> <Delay = 0.00>
ST_8 : Operation 269 [1/1] (0.00ns)   --->   "%x_286 = phi i14 75, void %entry, i14 %acc_701, void %MultLoop.split_ifconv, i14 75, void %Result"   --->   Operation 269 'phi' 'x_286' <Predicate = true> <Delay = 0.00>
ST_8 : Operation 270 [1/1] (0.00ns)   --->   "%x_285 = phi i14 16266, void %entry, i14 %acc_702, void %MultLoop.split_ifconv, i14 16266, void %Result"   --->   Operation 270 'phi' 'x_285' <Predicate = true> <Delay = 0.00>
ST_8 : Operation 271 [1/1] (0.00ns)   --->   "%x_284 = phi i14 0, void %entry, i14 %acc_703, void %MultLoop.split_ifconv, i14 0, void %Result"   --->   Operation 271 'phi' 'x_284' <Predicate = true> <Delay = 0.00>
ST_8 : Operation 272 [1/1] (0.00ns)   --->   "%x_283 = phi i14 11, void %entry, i14 %acc_704, void %MultLoop.split_ifconv, i14 11, void %Result"   --->   Operation 272 'phi' 'x_283' <Predicate = true> <Delay = 0.00>
ST_8 : Operation 273 [1/1] (0.00ns)   --->   "%x_282 = phi i14 11, void %entry, i14 %acc_705, void %MultLoop.split_ifconv, i14 11, void %Result"   --->   Operation 273 'phi' 'x_282' <Predicate = true> <Delay = 0.00>
ST_8 : Operation 274 [1/1] (0.00ns)   --->   "%x_281 = phi i14 129, void %entry, i14 %acc_706, void %MultLoop.split_ifconv, i14 129, void %Result"   --->   Operation 274 'phi' 'x_281' <Predicate = true> <Delay = 0.00>
ST_8 : Operation 275 [1/1] (0.00ns)   --->   "%x_280 = phi i14 16341, void %entry, i14 %acc_707, void %MultLoop.split_ifconv, i14 16341, void %Result"   --->   Operation 275 'phi' 'x_280' <Predicate = true> <Delay = 0.00>
ST_8 : Operation 276 [1/1] (0.00ns)   --->   "%x_279 = phi i14 86, void %entry, i14 %acc_708, void %MultLoop.split_ifconv, i14 86, void %Result"   --->   Operation 276 'phi' 'x_279' <Predicate = true> <Delay = 0.00>
ST_8 : Operation 277 [1/1] (0.00ns)   --->   "%x_278 = phi i14 43, void %entry, i14 %acc_709, void %MultLoop.split_ifconv, i14 43, void %Result"   --->   Operation 277 'phi' 'x_278' <Predicate = true> <Delay = 0.00>
ST_8 : Operation 278 [1/1] (0.00ns)   --->   "%x_277 = phi i14 16373, void %entry, i14 %acc_710, void %MultLoop.split_ifconv, i14 16373, void %Result"   --->   Operation 278 'phi' 'x_277' <Predicate = true> <Delay = 0.00>
ST_8 : Operation 279 [1/1] (0.00ns)   --->   "%x_276 = phi i14 193, void %entry, i14 %acc_711, void %MultLoop.split_ifconv, i14 193, void %Result"   --->   Operation 279 'phi' 'x_276' <Predicate = true> <Delay = 0.00>
ST_8 : Operation 280 [1/1] (0.00ns)   --->   "%x_275 = phi i14 16363, void %entry, i14 %acc_712, void %MultLoop.split_ifconv, i14 16363, void %Result"   --->   Operation 280 'phi' 'x_275' <Predicate = true> <Delay = 0.00>
ST_8 : Operation 281 [1/1] (0.00ns)   --->   "%x_274 = phi i14 75, void %entry, i14 %acc_713, void %MultLoop.split_ifconv, i14 75, void %Result"   --->   Operation 281 'phi' 'x_274' <Predicate = true> <Delay = 0.00>
ST_8 : Operation 282 [1/1] (0.00ns)   --->   "%x_273 = phi i14 54, void %entry, i14 %acc_714, void %MultLoop.split_ifconv, i14 54, void %Result"   --->   Operation 282 'phi' 'x_273' <Predicate = true> <Delay = 0.00>
ST_8 : Operation 283 [1/1] (0.00ns)   --->   "%x_272 = phi i14 16320, void %entry, i14 %acc_715, void %MultLoop.split_ifconv, i14 16320, void %Result"   --->   Operation 283 'phi' 'x_272' <Predicate = true> <Delay = 0.00>
ST_8 : Operation 284 [1/1] (0.00ns)   --->   "%x_271 = phi i14 43, void %entry, i14 %acc_716, void %MultLoop.split_ifconv, i14 43, void %Result"   --->   Operation 284 'phi' 'x_271' <Predicate = true> <Delay = 0.00>
ST_8 : Operation 285 [1/1] (0.00ns)   --->   "%x_270 = phi i14 16341, void %entry, i14 %acc_717, void %MultLoop.split_ifconv, i14 16341, void %Result"   --->   Operation 285 'phi' 'x_270' <Predicate = true> <Delay = 0.00>
ST_8 : Operation 286 [1/1] (0.00ns)   --->   "%x_269 = phi i14 0, void %entry, i14 %acc_718, void %MultLoop.split_ifconv, i14 0, void %Result"   --->   Operation 286 'phi' 'x_269' <Predicate = true> <Delay = 0.00>
ST_8 : Operation 287 [1/1] (0.00ns)   --->   "%x_268 = phi i14 54, void %entry, i14 %acc_719, void %MultLoop.split_ifconv, i14 54, void %Result"   --->   Operation 287 'phi' 'x_268' <Predicate = true> <Delay = 0.00>
ST_8 : Operation 288 [1/1] (0.00ns)   --->   "%x_267 = phi i14 54, void %entry, i14 %acc_720, void %MultLoop.split_ifconv, i14 54, void %Result"   --->   Operation 288 'phi' 'x_267' <Predicate = true> <Delay = 0.00>
ST_8 : Operation 289 [1/1] (0.00ns)   --->   "%x_266 = phi i14 54, void %entry, i14 %acc_721, void %MultLoop.split_ifconv, i14 54, void %Result"   --->   Operation 289 'phi' 'x_266' <Predicate = true> <Delay = 0.00>
ST_8 : Operation 290 [1/1] (0.00ns)   --->   "%x_265 = phi i14 64, void %entry, i14 %acc_722, void %MultLoop.split_ifconv, i14 64, void %Result"   --->   Operation 290 'phi' 'x_265' <Predicate = true> <Delay = 0.00>
ST_8 : Operation 291 [1/1] (0.00ns)   --->   "%x_264 = phi i14 16266, void %entry, i14 %acc_723, void %MultLoop.split_ifconv, i14 16266, void %Result"   --->   Operation 291 'phi' 'x_264' <Predicate = true> <Delay = 0.00>
ST_8 : Operation 292 [1/1] (0.00ns)   --->   "%x_263 = phi i14 161, void %entry, i14 %acc_724, void %MultLoop.split_ifconv, i14 161, void %Result"   --->   Operation 292 'phi' 'x_263' <Predicate = true> <Delay = 0.00>
ST_8 : Operation 293 [1/1] (0.00ns)   --->   "%x_262 = phi i14 16352, void %entry, i14 %acc_725, void %MultLoop.split_ifconv, i14 16352, void %Result"   --->   Operation 293 'phi' 'x_262' <Predicate = true> <Delay = 0.00>
ST_8 : Operation 294 [1/1] (0.00ns)   --->   "%x_261 = phi i14 16298, void %entry, i14 %acc_726, void %MultLoop.split_ifconv, i14 16298, void %Result"   --->   Operation 294 'phi' 'x_261' <Predicate = true> <Delay = 0.00>
ST_8 : Operation 295 [1/1] (0.00ns)   --->   "%x_260 = phi i14 32, void %entry, i14 %acc_727, void %MultLoop.split_ifconv, i14 32, void %Result"   --->   Operation 295 'phi' 'x_260' <Predicate = true> <Delay = 0.00>
ST_8 : Operation 296 [1/1] (0.00ns)   --->   "%x_259 = phi i14 86, void %entry, i14 %acc_728, void %MultLoop.split_ifconv, i14 86, void %Result"   --->   Operation 296 'phi' 'x_259' <Predicate = true> <Delay = 0.00>
ST_8 : Operation 297 [1/1] (0.00ns)   --->   "%x_258 = phi i14 118, void %entry, i14 %acc_729, void %MultLoop.split_ifconv, i14 118, void %Result"   --->   Operation 297 'phi' 'x_258' <Predicate = true> <Delay = 0.00>
ST_8 : Operation 298 [1/1] (0.00ns)   --->   "%x_257 = phi i14 21, void %entry, i14 %acc_730, void %MultLoop.split_ifconv, i14 21, void %Result"   --->   Operation 298 'phi' 'x_257' <Predicate = true> <Delay = 0.00>
ST_8 : Operation 299 [1/1] (0.00ns)   --->   "%x_256 = phi i14 11, void %entry, i14 %acc_731, void %MultLoop.split_ifconv, i14 11, void %Result"   --->   Operation 299 'phi' 'x_256' <Predicate = true> <Delay = 0.00>
ST_8 : Operation 300 [1/1] (0.00ns)   --->   "%x = phi i14 333, void %entry, i14 %acc_732, void %MultLoop.split_ifconv, i14 333, void %Result"   --->   Operation 300 'phi' 'x' <Predicate = true> <Delay = 0.00>
ST_8 : Operation 301 [1/1] (0.00ns)   --->   "%zext_ln144 = zext i1 %tmp" [firmware/nnet_utils/nnet_dense_resource.h:144]   --->   Operation 301 'zext' 'zext_ln144' <Predicate = true> <Delay = 0.00>
ST_8 : Operation 302 [1/1] (2.13ns)   --->   "%add_ln144 = add i14 %trunc_ln, i14 %zext_ln144" [firmware/nnet_utils/nnet_dense_resource.h:144]   --->   Operation 302 'add' 'add_ln144' <Predicate = true> <Delay = 2.13> <CoreInst = "Adder">   --->   Core 1 'Adder' <Latency = 0> <II = 1> <Delay = 2.13> <FuncUnit> <Opcode : 'add' 'sub'> <InPorts = 2> <OutPorts = 1>
ST_8 : Operation 303 [1/1] (1.80ns)   --->   "%tmp_s = sparsemux i14 @_ssdm_op_SparseMux.ap_auto.8i14.i14.i3, i3 0, i14 %x_382, i3 1, i14 %x_381, i3 2, i14 %x_380, i3 3, i14 %x_379, i3 4, i14 %x_378, i3 5, i14 %x_377, i3 6, i14 %x_376, i3 7, i14 %x_375, i14 0, i3 %out_index" [firmware/nnet_utils/nnet_dense_resource.h:144]   --->   Operation 303 'sparsemux' 'tmp_s' <Predicate = true> <Delay = 1.80> <CoreInst = "BinarySparseMux_DontCare">   --->   Core 137 'BinarySparseMux_DontCare' <Latency = 0> <II = 1> <Delay = 1.80> <FuncUnit> <Opcode : 'sparsemux'> <InPorts = 2> <OutPorts = 1>
ST_8 : Operation 304 [1/1] (0.00ns)   --->   "%sext_ln144 = sext i14 %tmp_s" [firmware/nnet_utils/nnet_dense_resource.h:144]   --->   Operation 304 'sext' 'sext_ln144' <Predicate = true> <Delay = 0.00>
ST_8 : Operation 305 [1/1] (0.00ns)   --->   "%sext_ln144_128 = sext i14 %add_ln144" [firmware/nnet_utils/nnet_dense_resource.h:144]   --->   Operation 305 'sext' 'sext_ln144_128' <Predicate = true> <Delay = 0.00>
ST_8 : Operation 306 [1/1] (2.13ns)   --->   "%acc_575 = add i14 %add_ln144, i14 %tmp_s" [firmware/nnet_utils/nnet_dense_resource.h:144]   --->   Operation 306 'add' 'acc_575' <Predicate = true> <Delay = 2.13> <CoreInst = "Adder">   --->   Core 1 'Adder' <Latency = 0> <II = 1> <Delay = 2.13> <FuncUnit> <Opcode : 'add' 'sub'> <InPorts = 2> <OutPorts = 1>
ST_8 : Operation 307 [1/1] (2.13ns)   --->   "%sub_ln144 = sub i15 0, i15 %sext_ln144" [firmware/nnet_utils/nnet_dense_resource.h:144]   --->   Operation 307 'sub' 'sub_ln144' <Predicate = true> <Delay = 2.13> <CoreInst = "Adder">   --->   Core 1 'Adder' <Latency = 0> <II = 1> <Delay = 2.13> <FuncUnit> <Opcode : 'add' 'sub'> <InPorts = 2> <OutPorts = 1>
ST_8 : Operation 308 [1/1] (1.68ns)   --->   "%icmp_ln144 = icmp_eq  i3 %out_index, i3 0" [firmware/nnet_utils/nnet_dense_resource.h:144]   --->   Operation 308 'icmp' 'icmp_ln144' <Predicate = true> <Delay = 1.68> <CoreInst = "Cmp">   --->   Core 9 'Cmp' <Latency = 0> <II = 1> <Delay = 1.68> <FuncUnit> <Opcode : 'seteq' 'setne' 'setle' 'setge' 'setlt' 'setgt'> <InPorts = 2> <OutPorts = 1>
ST_8 : Operation 309 [1/1] (2.14ns)   --->   "%icmp_ln144_70 = icmp_ne  i15 %sext_ln144_128, i15 %sub_ln144" [firmware/nnet_utils/nnet_dense_resource.h:144]   --->   Operation 309 'icmp' 'icmp_ln144_70' <Predicate = true> <Delay = 2.14> <CoreInst = "Cmp">   --->   Core 9 'Cmp' <Latency = 0> <II = 1> <Delay = 2.14> <FuncUnit> <Opcode : 'seteq' 'setne' 'setle' 'setge' 'setlt' 'setgt'> <InPorts = 2> <OutPorts = 1>
ST_8 : Operation 310 [1/1] (0.00ns) (grouped into LUT with out node acc_574)   --->   "%or_ln144 = or i1 %icmp_ln144, i1 %icmp_ln144_70" [firmware/nnet_utils/nnet_dense_resource.h:144]   --->   Operation 310 'or' 'or_ln144' <Predicate = true> <Delay = 0.00> <CoreInst = "LogicGate">   --->   Core 74 'LogicGate' <Latency = 0> <II = 1> <Delay = 0.97> <FuncUnit> <Opcode : 'and' 'or' 'xor'> <InPorts = 2> <OutPorts = 1>
ST_8 : Operation 311 [1/1] (0.97ns)   --->   "%or_ln144_1 = or i1 %icmp_ln144_64, i1 %icmp_ln144_65" [firmware/nnet_utils/nnet_dense_resource.h:144]   --->   Operation 311 'or' 'or_ln144_1' <Predicate = true> <Delay = 0.97> <CoreInst = "LogicGate">   --->   Core 74 'LogicGate' <Latency = 0> <II = 1> <Delay = 0.97> <FuncUnit> <Opcode : 'and' 'or' 'xor'> <InPorts = 2> <OutPorts = 1>
ST_8 : Operation 312 [1/1] (0.00ns) (grouped into LUT with out node acc_574)   --->   "%or_ln144_2 = or i1 %or_ln144_1, i1 %or_ln144" [firmware/nnet_utils/nnet_dense_resource.h:144]   --->   Operation 312 'or' 'or_ln144_2' <Predicate = true> <Delay = 0.00> <CoreInst = "LogicGate">   --->   Core 74 'LogicGate' <Latency = 0> <II = 1> <Delay = 0.97> <FuncUnit> <Opcode : 'and' 'or' 'xor'> <InPorts = 2> <OutPorts = 1>
ST_8 : Operation 313 [1/1] (0.00ns) (grouped into LUT with out node or_ln144_5)   --->   "%or_ln144_3 = or i1 %icmp_ln144_66, i1 %icmp_ln144_67" [firmware/nnet_utils/nnet_dense_resource.h:144]   --->   Operation 313 'or' 'or_ln144_3' <Predicate = true> <Delay = 0.00> <CoreInst = "LogicGate">   --->   Core 74 'LogicGate' <Latency = 0> <II = 1> <Delay = 0.97> <FuncUnit> <Opcode : 'and' 'or' 'xor'> <InPorts = 2> <OutPorts = 1>
ST_8 : Operation 314 [1/1] (0.00ns) (grouped into LUT with out node or_ln144_5)   --->   "%or_ln144_4 = or i1 %icmp_ln144_68, i1 %icmp_ln144_69" [firmware/nnet_utils/nnet_dense_resource.h:144]   --->   Operation 314 'or' 'or_ln144_4' <Predicate = true> <Delay = 0.00> <CoreInst = "LogicGate">   --->   Core 74 'LogicGate' <Latency = 0> <II = 1> <Delay = 0.97> <FuncUnit> <Opcode : 'and' 'or' 'xor'> <InPorts = 2> <OutPorts = 1>
ST_8 : Operation 315 [1/1] (0.97ns) (out node of the LUT)   --->   "%or_ln144_5 = or i1 %or_ln144_4, i1 %or_ln144_3" [firmware/nnet_utils/nnet_dense_resource.h:144]   --->   Operation 315 'or' 'or_ln144_5' <Predicate = true> <Delay = 0.97> <CoreInst = "LogicGate">   --->   Core 74 'LogicGate' <Latency = 0> <II = 1> <Delay = 0.97> <FuncUnit> <Opcode : 'and' 'or' 'xor'> <InPorts = 2> <OutPorts = 1>
ST_8 : Operation 316 [1/1] (0.00ns) (grouped into LUT with out node acc_574)   --->   "%or_ln144_6 = or i1 %or_ln144_5, i1 %or_ln144_2" [firmware/nnet_utils/nnet_dense_resource.h:144]   --->   Operation 316 'or' 'or_ln144_6' <Predicate = true> <Delay = 0.00> <CoreInst = "LogicGate">   --->   Core 74 'LogicGate' <Latency = 0> <II = 1> <Delay = 0.97> <FuncUnit> <Opcode : 'and' 'or' 'xor'> <InPorts = 2> <OutPorts = 1>
ST_8 : Operation 317 [1/1] (0.97ns) (out node of the LUT)   --->   "%acc_574 = select i1 %or_ln144_6, i14 %x_375, i14 0" [firmware/nnet_utils/nnet_dense_resource.h:144]   --->   Operation 317 'select' 'acc_574' <Predicate = true> <Delay = 0.97> <CoreInst = "Sel">   --->   Core 73 'Sel' <Latency = 0> <II = 1> <Delay = 0.69> <FuncUnit> <Opcode : 'select'> <InPorts = 3> <OutPorts = 1>
ST_8 : Operation 318 [1/1] (0.00ns)   --->   "%zext_ln144_64 = zext i1 %tmp_800" [firmware/nnet_utils/nnet_dense_resource.h:144]   --->   Operation 318 'zext' 'zext_ln144_64' <Predicate = true> <Delay = 0.00>
ST_8 : Operation 319 [1/1] (2.13ns)   --->   "%add_ln144_129 = add i14 %trunc_ln144_s, i14 %zext_ln144_64" [firmware/nnet_utils/nnet_dense_resource.h:144]   --->   Operation 319 'add' 'add_ln144_129' <Predicate = true> <Delay = 2.13> <CoreInst = "Adder">   --->   Core 1 'Adder' <Latency = 0> <II = 1> <Delay = 2.13> <FuncUnit> <Opcode : 'add' 'sub'> <InPorts = 2> <OutPorts = 1>
ST_8 : Operation 320 [1/1] (1.80ns)   --->   "%tmp_548 = sparsemux i14 @_ssdm_op_SparseMux.ap_auto.8i14.i14.i3, i3 0, i14 %x_374, i3 1, i14 %x_373, i3 2, i14 %x_372, i3 3, i14 %x_371, i3 4, i14 %x_370, i3 5, i14 %x_369, i3 6, i14 %x_368, i3 7, i14 %x_367, i14 0, i3 %out_index" [firmware/nnet_utils/nnet_dense_resource.h:144]   --->   Operation 320 'sparsemux' 'tmp_548' <Predicate = true> <Delay = 1.80> <CoreInst = "BinarySparseMux_DontCare">   --->   Core 137 'BinarySparseMux_DontCare' <Latency = 0> <II = 1> <Delay = 1.80> <FuncUnit> <Opcode : 'sparsemux'> <InPorts = 2> <OutPorts = 1>
ST_8 : Operation 321 [1/1] (0.69ns)   --->   "%acc_611 = select i1 %icmp_ln144_69, i14 %acc_575, i14 %x_376" [firmware/nnet_utils/nnet_dense_resource.h:144]   --->   Operation 321 'select' 'acc_611' <Predicate = true> <Delay = 0.69> <CoreInst = "Sel">   --->   Core 73 'Sel' <Latency = 0> <II = 1> <Delay = 0.69> <FuncUnit> <Opcode : 'select'> <InPorts = 3> <OutPorts = 1>
ST_8 : Operation 322 [1/1] (0.69ns)   --->   "%acc_610 = select i1 %icmp_ln144_68, i14 %acc_575, i14 %x_377" [firmware/nnet_utils/nnet_dense_resource.h:144]   --->   Operation 322 'select' 'acc_610' <Predicate = true> <Delay = 0.69> <CoreInst = "Sel">   --->   Core 73 'Sel' <Latency = 0> <II = 1> <Delay = 0.69> <FuncUnit> <Opcode : 'select'> <InPorts = 3> <OutPorts = 1>
ST_8 : Operation 323 [1/1] (0.69ns)   --->   "%acc_609 = select i1 %icmp_ln144_67, i14 %acc_575, i14 %x_378" [firmware/nnet_utils/nnet_dense_resource.h:144]   --->   Operation 323 'select' 'acc_609' <Predicate = true> <Delay = 0.69> <CoreInst = "Sel">   --->   Core 73 'Sel' <Latency = 0> <II = 1> <Delay = 0.69> <FuncUnit> <Opcode : 'select'> <InPorts = 3> <OutPorts = 1>
ST_8 : Operation 324 [1/1] (0.69ns)   --->   "%acc_608 = select i1 %icmp_ln144_66, i14 %acc_575, i14 %x_379" [firmware/nnet_utils/nnet_dense_resource.h:144]   --->   Operation 324 'select' 'acc_608' <Predicate = true> <Delay = 0.69> <CoreInst = "Sel">   --->   Core 73 'Sel' <Latency = 0> <II = 1> <Delay = 0.69> <FuncUnit> <Opcode : 'select'> <InPorts = 3> <OutPorts = 1>
ST_8 : Operation 325 [1/1] (0.69ns)   --->   "%acc_607 = select i1 %icmp_ln144_65, i14 %acc_575, i14 %x_380" [firmware/nnet_utils/nnet_dense_resource.h:144]   --->   Operation 325 'select' 'acc_607' <Predicate = true> <Delay = 0.69> <CoreInst = "Sel">   --->   Core 73 'Sel' <Latency = 0> <II = 1> <Delay = 0.69> <FuncUnit> <Opcode : 'select'> <InPorts = 3> <OutPorts = 1>
ST_8 : Operation 326 [1/1] (0.69ns)   --->   "%acc_606 = select i1 %icmp_ln144_64, i14 %acc_575, i14 %x_381" [firmware/nnet_utils/nnet_dense_resource.h:144]   --->   Operation 326 'select' 'acc_606' <Predicate = true> <Delay = 0.69> <CoreInst = "Sel">   --->   Core 73 'Sel' <Latency = 0> <II = 1> <Delay = 0.69> <FuncUnit> <Opcode : 'select'> <InPorts = 3> <OutPorts = 1>
ST_8 : Operation 327 [1/1] (0.69ns)   --->   "%acc = select i1 %icmp_ln144, i14 %acc_575, i14 %x_382" [firmware/nnet_utils/nnet_dense_resource.h:144]   --->   Operation 327 'select' 'acc' <Predicate = true> <Delay = 0.69> <CoreInst = "Sel">   --->   Core 73 'Sel' <Latency = 0> <II = 1> <Delay = 0.69> <FuncUnit> <Opcode : 'select'> <InPorts = 3> <OutPorts = 1>
ST_8 : Operation 328 [1/1] (0.00ns)   --->   "%sext_ln144_129 = sext i14 %tmp_548" [firmware/nnet_utils/nnet_dense_resource.h:144]   --->   Operation 328 'sext' 'sext_ln144_129' <Predicate = true> <Delay = 0.00>
ST_8 : Operation 329 [1/1] (0.00ns)   --->   "%sext_ln144_130 = sext i14 %add_ln144_129" [firmware/nnet_utils/nnet_dense_resource.h:144]   --->   Operation 329 'sext' 'sext_ln144_130' <Predicate = true> <Delay = 0.00>
ST_8 : Operation 330 [1/1] (2.13ns)   --->   "%acc_577 = add i14 %add_ln144_129, i14 %tmp_548" [firmware/nnet_utils/nnet_dense_resource.h:144]   --->   Operation 330 'add' 'acc_577' <Predicate = true> <Delay = 2.13> <CoreInst = "Adder">   --->   Core 1 'Adder' <Latency = 0> <II = 1> <Delay = 2.13> <FuncUnit> <Opcode : 'add' 'sub'> <InPorts = 2> <OutPorts = 1>
ST_8 : Operation 331 [1/1] (2.13ns)   --->   "%sub_ln144_64 = sub i15 0, i15 %sext_ln144_129" [firmware/nnet_utils/nnet_dense_resource.h:144]   --->   Operation 331 'sub' 'sub_ln144_64' <Predicate = true> <Delay = 2.13> <CoreInst = "Adder">   --->   Core 1 'Adder' <Latency = 0> <II = 1> <Delay = 2.13> <FuncUnit> <Opcode : 'add' 'sub'> <InPorts = 2> <OutPorts = 1>
ST_8 : Operation 332 [1/1] (1.68ns)   --->   "%icmp_ln144_71 = icmp_eq  i3 %out_index, i3 7" [firmware/nnet_utils/nnet_dense_resource.h:144]   --->   Operation 332 'icmp' 'icmp_ln144_71' <Predicate = true> <Delay = 1.68> <CoreInst = "Cmp">   --->   Core 9 'Cmp' <Latency = 0> <II = 1> <Delay = 1.68> <FuncUnit> <Opcode : 'seteq' 'setne' 'setle' 'setge' 'setlt' 'setgt'> <InPorts = 2> <OutPorts = 1>
ST_8 : Operation 333 [1/1] (2.14ns)   --->   "%icmp_ln144_72 = icmp_ne  i15 %sext_ln144_130, i15 %sub_ln144_64" [firmware/nnet_utils/nnet_dense_resource.h:144]   --->   Operation 333 'icmp' 'icmp_ln144_72' <Predicate = true> <Delay = 2.14> <CoreInst = "Cmp">   --->   Core 9 'Cmp' <Latency = 0> <II = 1> <Delay = 2.14> <FuncUnit> <Opcode : 'seteq' 'setne' 'setle' 'setge' 'setlt' 'setgt'> <InPorts = 2> <OutPorts = 1>
ST_8 : Operation 334 [1/1] (0.00ns) (grouped into LUT with out node acc_576)   --->   "%or_ln144_9 = or i1 %icmp_ln144_71, i1 %icmp_ln144_72" [firmware/nnet_utils/nnet_dense_resource.h:144]   --->   Operation 334 'or' 'or_ln144_9' <Predicate = true> <Delay = 0.00> <CoreInst = "LogicGate">   --->   Core 74 'LogicGate' <Latency = 0> <II = 1> <Delay = 0.97> <FuncUnit> <Opcode : 'and' 'or' 'xor'> <InPorts = 2> <OutPorts = 1>
ST_8 : Operation 335 [1/1] (0.00ns) (grouped into LUT with out node acc_576)   --->   "%or_ln144_10 = or i1 %or_ln144_1, i1 %or_ln144_9" [firmware/nnet_utils/nnet_dense_resource.h:144]   --->   Operation 335 'or' 'or_ln144_10' <Predicate = true> <Delay = 0.00> <CoreInst = "LogicGate">   --->   Core 74 'LogicGate' <Latency = 0> <II = 1> <Delay = 0.97> <FuncUnit> <Opcode : 'and' 'or' 'xor'> <InPorts = 2> <OutPorts = 1>
ST_8 : Operation 336 [1/1] (0.00ns) (grouped into LUT with out node acc_576)   --->   "%or_ln144_11 = or i1 %or_ln144_5, i1 %or_ln144_10" [firmware/nnet_utils/nnet_dense_resource.h:144]   --->   Operation 336 'or' 'or_ln144_11' <Predicate = true> <Delay = 0.00> <CoreInst = "LogicGate">   --->   Core 74 'LogicGate' <Latency = 0> <II = 1> <Delay = 0.97> <FuncUnit> <Opcode : 'and' 'or' 'xor'> <InPorts = 2> <OutPorts = 1>
ST_8 : Operation 337 [1/1] (0.97ns) (out node of the LUT)   --->   "%acc_576 = select i1 %or_ln144_11, i14 %x_374, i14 0" [firmware/nnet_utils/nnet_dense_resource.h:144]   --->   Operation 337 'select' 'acc_576' <Predicate = true> <Delay = 0.97> <CoreInst = "Sel">   --->   Core 73 'Sel' <Latency = 0> <II = 1> <Delay = 0.69> <FuncUnit> <Opcode : 'select'> <InPorts = 3> <OutPorts = 1>
ST_8 : Operation 338 [1/1] (0.00ns)   --->   "%zext_ln144_65 = zext i1 %tmp_801" [firmware/nnet_utils/nnet_dense_resource.h:144]   --->   Operation 338 'zext' 'zext_ln144_65' <Predicate = true> <Delay = 0.00>
ST_8 : Operation 339 [1/1] (2.13ns)   --->   "%add_ln144_131 = add i14 %trunc_ln144_64, i14 %zext_ln144_65" [firmware/nnet_utils/nnet_dense_resource.h:144]   --->   Operation 339 'add' 'add_ln144_131' <Predicate = true> <Delay = 2.13> <CoreInst = "Adder">   --->   Core 1 'Adder' <Latency = 0> <II = 1> <Delay = 2.13> <FuncUnit> <Opcode : 'add' 'sub'> <InPorts = 2> <OutPorts = 1>
ST_8 : Operation 340 [1/1] (1.80ns)   --->   "%tmp_550 = sparsemux i14 @_ssdm_op_SparseMux.ap_auto.8i14.i14.i3, i3 0, i14 %x_366, i3 1, i14 %x_365, i3 2, i14 %x_364, i3 3, i14 %x_363, i3 4, i14 %x_362, i3 5, i14 %x_361, i3 6, i14 %x_360, i3 7, i14 %x_359, i14 0, i3 %out_index" [firmware/nnet_utils/nnet_dense_resource.h:144]   --->   Operation 340 'sparsemux' 'tmp_550' <Predicate = true> <Delay = 1.80> <CoreInst = "BinarySparseMux_DontCare">   --->   Core 137 'BinarySparseMux_DontCare' <Latency = 0> <II = 1> <Delay = 1.80> <FuncUnit> <Opcode : 'sparsemux'> <InPorts = 2> <OutPorts = 1>
ST_8 : Operation 341 [1/1] (0.69ns)   --->   "%acc_620 = select i1 %icmp_ln144_71, i14 %acc_577, i14 %x_367" [firmware/nnet_utils/nnet_dense_resource.h:144]   --->   Operation 341 'select' 'acc_620' <Predicate = true> <Delay = 0.69> <CoreInst = "Sel">   --->   Core 73 'Sel' <Latency = 0> <II = 1> <Delay = 0.69> <FuncUnit> <Opcode : 'select'> <InPorts = 3> <OutPorts = 1>
ST_8 : Operation 342 [1/1] (0.69ns)   --->   "%acc_619 = select i1 %icmp_ln144_69, i14 %acc_577, i14 %x_368" [firmware/nnet_utils/nnet_dense_resource.h:144]   --->   Operation 342 'select' 'acc_619' <Predicate = true> <Delay = 0.69> <CoreInst = "Sel">   --->   Core 73 'Sel' <Latency = 0> <II = 1> <Delay = 0.69> <FuncUnit> <Opcode : 'select'> <InPorts = 3> <OutPorts = 1>
ST_8 : Operation 343 [1/1] (0.69ns)   --->   "%acc_618 = select i1 %icmp_ln144_68, i14 %acc_577, i14 %x_369" [firmware/nnet_utils/nnet_dense_resource.h:144]   --->   Operation 343 'select' 'acc_618' <Predicate = true> <Delay = 0.69> <CoreInst = "Sel">   --->   Core 73 'Sel' <Latency = 0> <II = 1> <Delay = 0.69> <FuncUnit> <Opcode : 'select'> <InPorts = 3> <OutPorts = 1>
ST_8 : Operation 344 [1/1] (0.69ns)   --->   "%acc_617 = select i1 %icmp_ln144_67, i14 %acc_577, i14 %x_370" [firmware/nnet_utils/nnet_dense_resource.h:144]   --->   Operation 344 'select' 'acc_617' <Predicate = true> <Delay = 0.69> <CoreInst = "Sel">   --->   Core 73 'Sel' <Latency = 0> <II = 1> <Delay = 0.69> <FuncUnit> <Opcode : 'select'> <InPorts = 3> <OutPorts = 1>
ST_8 : Operation 345 [1/1] (0.69ns)   --->   "%acc_616 = select i1 %icmp_ln144_66, i14 %acc_577, i14 %x_371" [firmware/nnet_utils/nnet_dense_resource.h:144]   --->   Operation 345 'select' 'acc_616' <Predicate = true> <Delay = 0.69> <CoreInst = "Sel">   --->   Core 73 'Sel' <Latency = 0> <II = 1> <Delay = 0.69> <FuncUnit> <Opcode : 'select'> <InPorts = 3> <OutPorts = 1>
ST_8 : Operation 346 [1/1] (0.69ns)   --->   "%acc_615 = select i1 %icmp_ln144_65, i14 %acc_577, i14 %x_372" [firmware/nnet_utils/nnet_dense_resource.h:144]   --->   Operation 346 'select' 'acc_615' <Predicate = true> <Delay = 0.69> <CoreInst = "Sel">   --->   Core 73 'Sel' <Latency = 0> <II = 1> <Delay = 0.69> <FuncUnit> <Opcode : 'select'> <InPorts = 3> <OutPorts = 1>
ST_8 : Operation 347 [1/1] (0.69ns)   --->   "%acc_614 = select i1 %icmp_ln144_64, i14 %acc_577, i14 %x_373" [firmware/nnet_utils/nnet_dense_resource.h:144]   --->   Operation 347 'select' 'acc_614' <Predicate = true> <Delay = 0.69> <CoreInst = "Sel">   --->   Core 73 'Sel' <Latency = 0> <II = 1> <Delay = 0.69> <FuncUnit> <Opcode : 'select'> <InPorts = 3> <OutPorts = 1>
ST_8 : Operation 348 [1/1] (0.00ns) (grouped into LUT with out node or_ln144_13)   --->   "%or_ln144_12 = or i1 %icmp_ln144_68, i1 %icmp_ln144_66" [firmware/nnet_utils/nnet_dense_resource.h:144]   --->   Operation 348 'or' 'or_ln144_12' <Predicate = true> <Delay = 0.00> <CoreInst = "LogicGate">   --->   Core 74 'LogicGate' <Latency = 0> <II = 1> <Delay = 0.97> <FuncUnit> <Opcode : 'and' 'or' 'xor'> <InPorts = 2> <OutPorts = 1>
ST_8 : Operation 349 [1/1] (0.97ns) (out node of the LUT)   --->   "%or_ln144_13 = or i1 %or_ln144_12, i1 %icmp_ln144_67" [firmware/nnet_utils/nnet_dense_resource.h:144]   --->   Operation 349 'or' 'or_ln144_13' <Predicate = true> <Delay = 0.97> <CoreInst = "LogicGate">   --->   Core 74 'LogicGate' <Latency = 0> <II = 1> <Delay = 0.97> <FuncUnit> <Opcode : 'and' 'or' 'xor'> <InPorts = 2> <OutPorts = 1>
ST_8 : Operation 350 [1/1] (0.00ns) (grouped into LUT with out node or_ln144_17)   --->   "%or_ln144_14 = or i1 %icmp_ln144_71, i1 %icmp_ln144_65" [firmware/nnet_utils/nnet_dense_resource.h:144]   --->   Operation 350 'or' 'or_ln144_14' <Predicate = true> <Delay = 0.00> <CoreInst = "LogicGate">   --->   Core 74 'LogicGate' <Latency = 0> <II = 1> <Delay = 0.97> <FuncUnit> <Opcode : 'and' 'or' 'xor'> <InPorts = 2> <OutPorts = 1>
ST_8 : Operation 351 [1/1] (0.00ns) (grouped into LUT with out node or_ln144_17)   --->   "%or_ln144_15 = or i1 %icmp_ln144_64, i1 %icmp_ln144_69" [firmware/nnet_utils/nnet_dense_resource.h:144]   --->   Operation 351 'or' 'or_ln144_15' <Predicate = true> <Delay = 0.00> <CoreInst = "LogicGate">   --->   Core 74 'LogicGate' <Latency = 0> <II = 1> <Delay = 0.97> <FuncUnit> <Opcode : 'and' 'or' 'xor'> <InPorts = 2> <OutPorts = 1>
ST_8 : Operation 352 [1/1] (0.00ns) (grouped into LUT with out node or_ln144_17)   --->   "%or_ln144_16 = or i1 %or_ln144_15, i1 %or_ln144_14" [firmware/nnet_utils/nnet_dense_resource.h:144]   --->   Operation 352 'or' 'or_ln144_16' <Predicate = true> <Delay = 0.00> <CoreInst = "LogicGate">   --->   Core 74 'LogicGate' <Latency = 0> <II = 1> <Delay = 0.97> <FuncUnit> <Opcode : 'and' 'or' 'xor'> <InPorts = 2> <OutPorts = 1>
ST_8 : Operation 353 [1/1] (0.97ns) (out node of the LUT)   --->   "%or_ln144_17 = or i1 %or_ln144_16, i1 %or_ln144_13" [firmware/nnet_utils/nnet_dense_resource.h:144]   --->   Operation 353 'or' 'or_ln144_17' <Predicate = true> <Delay = 0.97> <CoreInst = "LogicGate">   --->   Core 74 'LogicGate' <Latency = 0> <II = 1> <Delay = 0.97> <FuncUnit> <Opcode : 'and' 'or' 'xor'> <InPorts = 2> <OutPorts = 1>
ST_8 : Operation 354 [1/1] (0.00ns)   --->   "%sext_ln144_131 = sext i14 %tmp_550" [firmware/nnet_utils/nnet_dense_resource.h:144]   --->   Operation 354 'sext' 'sext_ln144_131' <Predicate = true> <Delay = 0.00>
ST_8 : Operation 355 [1/1] (0.00ns)   --->   "%sext_ln144_132 = sext i14 %add_ln144_131" [firmware/nnet_utils/nnet_dense_resource.h:144]   --->   Operation 355 'sext' 'sext_ln144_132' <Predicate = true> <Delay = 0.00>
ST_8 : Operation 356 [1/1] (2.13ns)   --->   "%acc_579 = add i14 %add_ln144_131, i14 %tmp_550" [firmware/nnet_utils/nnet_dense_resource.h:144]   --->   Operation 356 'add' 'acc_579' <Predicate = true> <Delay = 2.13> <CoreInst = "Adder">   --->   Core 1 'Adder' <Latency = 0> <II = 1> <Delay = 2.13> <FuncUnit> <Opcode : 'add' 'sub'> <InPorts = 2> <OutPorts = 1>
ST_8 : Operation 357 [1/1] (2.13ns)   --->   "%sub_ln144_65 = sub i15 0, i15 %sext_ln144_131" [firmware/nnet_utils/nnet_dense_resource.h:144]   --->   Operation 357 'sub' 'sub_ln144_65' <Predicate = true> <Delay = 2.13> <CoreInst = "Adder">   --->   Core 1 'Adder' <Latency = 0> <II = 1> <Delay = 2.13> <FuncUnit> <Opcode : 'add' 'sub'> <InPorts = 2> <OutPorts = 1>
ST_8 : Operation 358 [1/1] (2.14ns)   --->   "%icmp_ln144_73 = icmp_ne  i15 %sext_ln144_132, i15 %sub_ln144_65" [firmware/nnet_utils/nnet_dense_resource.h:144]   --->   Operation 358 'icmp' 'icmp_ln144_73' <Predicate = true> <Delay = 2.14> <CoreInst = "Cmp">   --->   Core 9 'Cmp' <Latency = 0> <II = 1> <Delay = 2.14> <FuncUnit> <Opcode : 'seteq' 'setne' 'setle' 'setge' 'setlt' 'setgt'> <InPorts = 2> <OutPorts = 1>
ST_8 : Operation 359 [1/1] (0.00ns) (grouped into LUT with out node acc_578)   --->   "%or_ln144_18 = or i1 %icmp_ln144_71, i1 %icmp_ln144_73" [firmware/nnet_utils/nnet_dense_resource.h:144]   --->   Operation 359 'or' 'or_ln144_18' <Predicate = true> <Delay = 0.00> <CoreInst = "LogicGate">   --->   Core 74 'LogicGate' <Latency = 0> <II = 1> <Delay = 0.97> <FuncUnit> <Opcode : 'and' 'or' 'xor'> <InPorts = 2> <OutPorts = 1>
ST_8 : Operation 360 [1/1] (0.00ns) (grouped into LUT with out node acc_578)   --->   "%or_ln144_19 = or i1 %or_ln144_1, i1 %or_ln144_18" [firmware/nnet_utils/nnet_dense_resource.h:144]   --->   Operation 360 'or' 'or_ln144_19' <Predicate = true> <Delay = 0.00> <CoreInst = "LogicGate">   --->   Core 74 'LogicGate' <Latency = 0> <II = 1> <Delay = 0.97> <FuncUnit> <Opcode : 'and' 'or' 'xor'> <InPorts = 2> <OutPorts = 1>
ST_8 : Operation 361 [1/1] (0.00ns) (grouped into LUT with out node acc_578)   --->   "%or_ln144_20 = or i1 %or_ln144_5, i1 %or_ln144_19" [firmware/nnet_utils/nnet_dense_resource.h:144]   --->   Operation 361 'or' 'or_ln144_20' <Predicate = true> <Delay = 0.00> <CoreInst = "LogicGate">   --->   Core 74 'LogicGate' <Latency = 0> <II = 1> <Delay = 0.97> <FuncUnit> <Opcode : 'and' 'or' 'xor'> <InPorts = 2> <OutPorts = 1>
ST_8 : Operation 362 [1/1] (0.97ns) (out node of the LUT)   --->   "%acc_578 = select i1 %or_ln144_20, i14 %x_366, i14 0" [firmware/nnet_utils/nnet_dense_resource.h:144]   --->   Operation 362 'select' 'acc_578' <Predicate = true> <Delay = 0.97> <CoreInst = "Sel">   --->   Core 73 'Sel' <Latency = 0> <II = 1> <Delay = 0.69> <FuncUnit> <Opcode : 'select'> <InPorts = 3> <OutPorts = 1>
ST_8 : Operation 363 [1/1] (0.00ns)   --->   "%zext_ln144_66 = zext i1 %tmp_802" [firmware/nnet_utils/nnet_dense_resource.h:144]   --->   Operation 363 'zext' 'zext_ln144_66' <Predicate = true> <Delay = 0.00>
ST_8 : Operation 364 [1/1] (2.13ns)   --->   "%add_ln144_133 = add i14 %trunc_ln144_65, i14 %zext_ln144_66" [firmware/nnet_utils/nnet_dense_resource.h:144]   --->   Operation 364 'add' 'add_ln144_133' <Predicate = true> <Delay = 2.13> <CoreInst = "Adder">   --->   Core 1 'Adder' <Latency = 0> <II = 1> <Delay = 2.13> <FuncUnit> <Opcode : 'add' 'sub'> <InPorts = 2> <OutPorts = 1>
ST_8 : Operation 365 [1/1] (1.80ns)   --->   "%tmp_552 = sparsemux i14 @_ssdm_op_SparseMux.ap_auto.8i14.i14.i3, i3 0, i14 %x_358, i3 1, i14 %x_357, i3 2, i14 %x_356, i3 3, i14 %x_355, i3 4, i14 %x_354, i3 5, i14 %x_353, i3 6, i14 %x_352, i3 7, i14 %x_351, i14 0, i3 %out_index" [firmware/nnet_utils/nnet_dense_resource.h:144]   --->   Operation 365 'sparsemux' 'tmp_552' <Predicate = true> <Delay = 1.80> <CoreInst = "BinarySparseMux_DontCare">   --->   Core 137 'BinarySparseMux_DontCare' <Latency = 0> <II = 1> <Delay = 1.80> <FuncUnit> <Opcode : 'sparsemux'> <InPorts = 2> <OutPorts = 1>
ST_8 : Operation 366 [1/1] (0.69ns)   --->   "%acc_628 = select i1 %icmp_ln144_71, i14 %acc_579, i14 %x_359" [firmware/nnet_utils/nnet_dense_resource.h:144]   --->   Operation 366 'select' 'acc_628' <Predicate = true> <Delay = 0.69> <CoreInst = "Sel">   --->   Core 73 'Sel' <Latency = 0> <II = 1> <Delay = 0.69> <FuncUnit> <Opcode : 'select'> <InPorts = 3> <OutPorts = 1>
ST_8 : Operation 367 [1/1] (0.69ns)   --->   "%acc_627 = select i1 %icmp_ln144_69, i14 %acc_579, i14 %x_360" [firmware/nnet_utils/nnet_dense_resource.h:144]   --->   Operation 367 'select' 'acc_627' <Predicate = true> <Delay = 0.69> <CoreInst = "Sel">   --->   Core 73 'Sel' <Latency = 0> <II = 1> <Delay = 0.69> <FuncUnit> <Opcode : 'select'> <InPorts = 3> <OutPorts = 1>
ST_8 : Operation 368 [1/1] (0.69ns)   --->   "%acc_626 = select i1 %icmp_ln144_68, i14 %acc_579, i14 %x_361" [firmware/nnet_utils/nnet_dense_resource.h:144]   --->   Operation 368 'select' 'acc_626' <Predicate = true> <Delay = 0.69> <CoreInst = "Sel">   --->   Core 73 'Sel' <Latency = 0> <II = 1> <Delay = 0.69> <FuncUnit> <Opcode : 'select'> <InPorts = 3> <OutPorts = 1>
ST_8 : Operation 369 [1/1] (0.69ns)   --->   "%acc_625 = select i1 %icmp_ln144_67, i14 %acc_579, i14 %x_362" [firmware/nnet_utils/nnet_dense_resource.h:144]   --->   Operation 369 'select' 'acc_625' <Predicate = true> <Delay = 0.69> <CoreInst = "Sel">   --->   Core 73 'Sel' <Latency = 0> <II = 1> <Delay = 0.69> <FuncUnit> <Opcode : 'select'> <InPorts = 3> <OutPorts = 1>
ST_8 : Operation 370 [1/1] (0.69ns)   --->   "%acc_624 = select i1 %icmp_ln144_66, i14 %acc_579, i14 %x_363" [firmware/nnet_utils/nnet_dense_resource.h:144]   --->   Operation 370 'select' 'acc_624' <Predicate = true> <Delay = 0.69> <CoreInst = "Sel">   --->   Core 73 'Sel' <Latency = 0> <II = 1> <Delay = 0.69> <FuncUnit> <Opcode : 'select'> <InPorts = 3> <OutPorts = 1>
ST_8 : Operation 371 [1/1] (0.69ns)   --->   "%acc_623 = select i1 %icmp_ln144_65, i14 %acc_579, i14 %x_364" [firmware/nnet_utils/nnet_dense_resource.h:144]   --->   Operation 371 'select' 'acc_623' <Predicate = true> <Delay = 0.69> <CoreInst = "Sel">   --->   Core 73 'Sel' <Latency = 0> <II = 1> <Delay = 0.69> <FuncUnit> <Opcode : 'select'> <InPorts = 3> <OutPorts = 1>
ST_8 : Operation 372 [1/1] (0.69ns)   --->   "%acc_622 = select i1 %icmp_ln144_64, i14 %acc_579, i14 %x_365" [firmware/nnet_utils/nnet_dense_resource.h:144]   --->   Operation 372 'select' 'acc_622' <Predicate = true> <Delay = 0.69> <CoreInst = "Sel">   --->   Core 73 'Sel' <Latency = 0> <II = 1> <Delay = 0.69> <FuncUnit> <Opcode : 'select'> <InPorts = 3> <OutPorts = 1>
ST_8 : Operation 373 [1/1] (0.00ns)   --->   "%sext_ln144_133 = sext i14 %tmp_552" [firmware/nnet_utils/nnet_dense_resource.h:144]   --->   Operation 373 'sext' 'sext_ln144_133' <Predicate = true> <Delay = 0.00>
ST_8 : Operation 374 [1/1] (0.00ns)   --->   "%sext_ln144_134 = sext i14 %add_ln144_133" [firmware/nnet_utils/nnet_dense_resource.h:144]   --->   Operation 374 'sext' 'sext_ln144_134' <Predicate = true> <Delay = 0.00>
ST_8 : Operation 375 [1/1] (2.13ns)   --->   "%acc_581 = add i14 %add_ln144_133, i14 %tmp_552" [firmware/nnet_utils/nnet_dense_resource.h:144]   --->   Operation 375 'add' 'acc_581' <Predicate = true> <Delay = 2.13> <CoreInst = "Adder">   --->   Core 1 'Adder' <Latency = 0> <II = 1> <Delay = 2.13> <FuncUnit> <Opcode : 'add' 'sub'> <InPorts = 2> <OutPorts = 1>
ST_8 : Operation 376 [1/1] (2.13ns)   --->   "%sub_ln144_66 = sub i15 0, i15 %sext_ln144_133" [firmware/nnet_utils/nnet_dense_resource.h:144]   --->   Operation 376 'sub' 'sub_ln144_66' <Predicate = true> <Delay = 2.13> <CoreInst = "Adder">   --->   Core 1 'Adder' <Latency = 0> <II = 1> <Delay = 2.13> <FuncUnit> <Opcode : 'add' 'sub'> <InPorts = 2> <OutPorts = 1>
ST_8 : Operation 377 [1/1] (2.14ns)   --->   "%icmp_ln144_74 = icmp_ne  i15 %sext_ln144_134, i15 %sub_ln144_66" [firmware/nnet_utils/nnet_dense_resource.h:144]   --->   Operation 377 'icmp' 'icmp_ln144_74' <Predicate = true> <Delay = 2.14> <CoreInst = "Cmp">   --->   Core 9 'Cmp' <Latency = 0> <II = 1> <Delay = 2.14> <FuncUnit> <Opcode : 'seteq' 'setne' 'setle' 'setge' 'setlt' 'setgt'> <InPorts = 2> <OutPorts = 1>
ST_8 : Operation 378 [1/1] (0.00ns) (grouped into LUT with out node acc_580)   --->   "%or_ln144_21 = or i1 %icmp_ln144_71, i1 %icmp_ln144_74" [firmware/nnet_utils/nnet_dense_resource.h:144]   --->   Operation 378 'or' 'or_ln144_21' <Predicate = true> <Delay = 0.00> <CoreInst = "LogicGate">   --->   Core 74 'LogicGate' <Latency = 0> <II = 1> <Delay = 0.97> <FuncUnit> <Opcode : 'and' 'or' 'xor'> <InPorts = 2> <OutPorts = 1>
ST_8 : Operation 379 [1/1] (0.00ns) (grouped into LUT with out node acc_580)   --->   "%or_ln144_22 = or i1 %or_ln144_1, i1 %or_ln144_21" [firmware/nnet_utils/nnet_dense_resource.h:144]   --->   Operation 379 'or' 'or_ln144_22' <Predicate = true> <Delay = 0.00> <CoreInst = "LogicGate">   --->   Core 74 'LogicGate' <Latency = 0> <II = 1> <Delay = 0.97> <FuncUnit> <Opcode : 'and' 'or' 'xor'> <InPorts = 2> <OutPorts = 1>
ST_8 : Operation 380 [1/1] (0.00ns) (grouped into LUT with out node acc_580)   --->   "%or_ln144_23 = or i1 %or_ln144_5, i1 %or_ln144_22" [firmware/nnet_utils/nnet_dense_resource.h:144]   --->   Operation 380 'or' 'or_ln144_23' <Predicate = true> <Delay = 0.00> <CoreInst = "LogicGate">   --->   Core 74 'LogicGate' <Latency = 0> <II = 1> <Delay = 0.97> <FuncUnit> <Opcode : 'and' 'or' 'xor'> <InPorts = 2> <OutPorts = 1>
ST_8 : Operation 381 [1/1] (0.97ns) (out node of the LUT)   --->   "%acc_580 = select i1 %or_ln144_23, i14 %x_358, i14 0" [firmware/nnet_utils/nnet_dense_resource.h:144]   --->   Operation 381 'select' 'acc_580' <Predicate = true> <Delay = 0.97> <CoreInst = "Sel">   --->   Core 73 'Sel' <Latency = 0> <II = 1> <Delay = 0.69> <FuncUnit> <Opcode : 'select'> <InPorts = 3> <OutPorts = 1>
ST_8 : Operation 382 [1/1] (0.00ns)   --->   "%zext_ln144_67 = zext i1 %tmp_803" [firmware/nnet_utils/nnet_dense_resource.h:144]   --->   Operation 382 'zext' 'zext_ln144_67' <Predicate = true> <Delay = 0.00>
ST_8 : Operation 383 [1/1] (2.13ns)   --->   "%add_ln144_135 = add i14 %trunc_ln144_66, i14 %zext_ln144_67" [firmware/nnet_utils/nnet_dense_resource.h:144]   --->   Operation 383 'add' 'add_ln144_135' <Predicate = true> <Delay = 2.13> <CoreInst = "Adder">   --->   Core 1 'Adder' <Latency = 0> <II = 1> <Delay = 2.13> <FuncUnit> <Opcode : 'add' 'sub'> <InPorts = 2> <OutPorts = 1>
ST_8 : Operation 384 [1/1] (1.80ns)   --->   "%tmp_554 = sparsemux i14 @_ssdm_op_SparseMux.ap_auto.8i14.i14.i3, i3 0, i14 %x_350, i3 1, i14 %x_349, i3 2, i14 %x_348, i3 3, i14 %x_347, i3 4, i14 %x_346, i3 5, i14 %x_345, i3 6, i14 %x_344, i3 7, i14 %x_343, i14 0, i3 %out_index" [firmware/nnet_utils/nnet_dense_resource.h:144]   --->   Operation 384 'sparsemux' 'tmp_554' <Predicate = true> <Delay = 1.80> <CoreInst = "BinarySparseMux_DontCare">   --->   Core 137 'BinarySparseMux_DontCare' <Latency = 0> <II = 1> <Delay = 1.80> <FuncUnit> <Opcode : 'sparsemux'> <InPorts = 2> <OutPorts = 1>
ST_8 : Operation 385 [1/1] (0.69ns)   --->   "%acc_636 = select i1 %icmp_ln144_71, i14 %acc_581, i14 %x_351" [firmware/nnet_utils/nnet_dense_resource.h:144]   --->   Operation 385 'select' 'acc_636' <Predicate = true> <Delay = 0.69> <CoreInst = "Sel">   --->   Core 73 'Sel' <Latency = 0> <II = 1> <Delay = 0.69> <FuncUnit> <Opcode : 'select'> <InPorts = 3> <OutPorts = 1>
ST_8 : Operation 386 [1/1] (0.69ns)   --->   "%acc_635 = select i1 %icmp_ln144_69, i14 %acc_581, i14 %x_352" [firmware/nnet_utils/nnet_dense_resource.h:144]   --->   Operation 386 'select' 'acc_635' <Predicate = true> <Delay = 0.69> <CoreInst = "Sel">   --->   Core 73 'Sel' <Latency = 0> <II = 1> <Delay = 0.69> <FuncUnit> <Opcode : 'select'> <InPorts = 3> <OutPorts = 1>
ST_8 : Operation 387 [1/1] (0.69ns)   --->   "%acc_634 = select i1 %icmp_ln144_68, i14 %acc_581, i14 %x_353" [firmware/nnet_utils/nnet_dense_resource.h:144]   --->   Operation 387 'select' 'acc_634' <Predicate = true> <Delay = 0.69> <CoreInst = "Sel">   --->   Core 73 'Sel' <Latency = 0> <II = 1> <Delay = 0.69> <FuncUnit> <Opcode : 'select'> <InPorts = 3> <OutPorts = 1>
ST_8 : Operation 388 [1/1] (0.69ns)   --->   "%acc_633 = select i1 %icmp_ln144_67, i14 %acc_581, i14 %x_354" [firmware/nnet_utils/nnet_dense_resource.h:144]   --->   Operation 388 'select' 'acc_633' <Predicate = true> <Delay = 0.69> <CoreInst = "Sel">   --->   Core 73 'Sel' <Latency = 0> <II = 1> <Delay = 0.69> <FuncUnit> <Opcode : 'select'> <InPorts = 3> <OutPorts = 1>
ST_8 : Operation 389 [1/1] (0.69ns)   --->   "%acc_632 = select i1 %icmp_ln144_66, i14 %acc_581, i14 %x_355" [firmware/nnet_utils/nnet_dense_resource.h:144]   --->   Operation 389 'select' 'acc_632' <Predicate = true> <Delay = 0.69> <CoreInst = "Sel">   --->   Core 73 'Sel' <Latency = 0> <II = 1> <Delay = 0.69> <FuncUnit> <Opcode : 'select'> <InPorts = 3> <OutPorts = 1>
ST_8 : Operation 390 [1/1] (0.69ns)   --->   "%acc_631 = select i1 %icmp_ln144_65, i14 %acc_581, i14 %x_356" [firmware/nnet_utils/nnet_dense_resource.h:144]   --->   Operation 390 'select' 'acc_631' <Predicate = true> <Delay = 0.69> <CoreInst = "Sel">   --->   Core 73 'Sel' <Latency = 0> <II = 1> <Delay = 0.69> <FuncUnit> <Opcode : 'select'> <InPorts = 3> <OutPorts = 1>
ST_8 : Operation 391 [1/1] (0.69ns)   --->   "%acc_630 = select i1 %icmp_ln144_64, i14 %acc_581, i14 %x_357" [firmware/nnet_utils/nnet_dense_resource.h:144]   --->   Operation 391 'select' 'acc_630' <Predicate = true> <Delay = 0.69> <CoreInst = "Sel">   --->   Core 73 'Sel' <Latency = 0> <II = 1> <Delay = 0.69> <FuncUnit> <Opcode : 'select'> <InPorts = 3> <OutPorts = 1>
ST_8 : Operation 392 [1/1] (0.00ns)   --->   "%sext_ln144_135 = sext i14 %tmp_554" [firmware/nnet_utils/nnet_dense_resource.h:144]   --->   Operation 392 'sext' 'sext_ln144_135' <Predicate = true> <Delay = 0.00>
ST_8 : Operation 393 [1/1] (0.00ns)   --->   "%sext_ln144_136 = sext i14 %add_ln144_135" [firmware/nnet_utils/nnet_dense_resource.h:144]   --->   Operation 393 'sext' 'sext_ln144_136' <Predicate = true> <Delay = 0.00>
ST_8 : Operation 394 [1/1] (2.13ns)   --->   "%acc_583 = add i14 %add_ln144_135, i14 %tmp_554" [firmware/nnet_utils/nnet_dense_resource.h:144]   --->   Operation 394 'add' 'acc_583' <Predicate = true> <Delay = 2.13> <CoreInst = "Adder">   --->   Core 1 'Adder' <Latency = 0> <II = 1> <Delay = 2.13> <FuncUnit> <Opcode : 'add' 'sub'> <InPorts = 2> <OutPorts = 1>
ST_8 : Operation 395 [1/1] (2.13ns)   --->   "%sub_ln144_67 = sub i15 0, i15 %sext_ln144_135" [firmware/nnet_utils/nnet_dense_resource.h:144]   --->   Operation 395 'sub' 'sub_ln144_67' <Predicate = true> <Delay = 2.13> <CoreInst = "Adder">   --->   Core 1 'Adder' <Latency = 0> <II = 1> <Delay = 2.13> <FuncUnit> <Opcode : 'add' 'sub'> <InPorts = 2> <OutPorts = 1>
ST_8 : Operation 396 [1/1] (2.14ns)   --->   "%icmp_ln144_75 = icmp_ne  i15 %sext_ln144_136, i15 %sub_ln144_67" [firmware/nnet_utils/nnet_dense_resource.h:144]   --->   Operation 396 'icmp' 'icmp_ln144_75' <Predicate = true> <Delay = 2.14> <CoreInst = "Cmp">   --->   Core 9 'Cmp' <Latency = 0> <II = 1> <Delay = 2.14> <FuncUnit> <Opcode : 'seteq' 'setne' 'setle' 'setge' 'setlt' 'setgt'> <InPorts = 2> <OutPorts = 1>
ST_8 : Operation 397 [1/1] (0.00ns) (grouped into LUT with out node acc_582)   --->   "%or_ln144_24 = or i1 %icmp_ln144_71, i1 %icmp_ln144_75" [firmware/nnet_utils/nnet_dense_resource.h:144]   --->   Operation 397 'or' 'or_ln144_24' <Predicate = true> <Delay = 0.00> <CoreInst = "LogicGate">   --->   Core 74 'LogicGate' <Latency = 0> <II = 1> <Delay = 0.97> <FuncUnit> <Opcode : 'and' 'or' 'xor'> <InPorts = 2> <OutPorts = 1>
ST_8 : Operation 398 [1/1] (0.00ns) (grouped into LUT with out node acc_582)   --->   "%or_ln144_25 = or i1 %or_ln144_1, i1 %or_ln144_24" [firmware/nnet_utils/nnet_dense_resource.h:144]   --->   Operation 398 'or' 'or_ln144_25' <Predicate = true> <Delay = 0.00> <CoreInst = "LogicGate">   --->   Core 74 'LogicGate' <Latency = 0> <II = 1> <Delay = 0.97> <FuncUnit> <Opcode : 'and' 'or' 'xor'> <InPorts = 2> <OutPorts = 1>
ST_8 : Operation 399 [1/1] (0.00ns) (grouped into LUT with out node acc_582)   --->   "%or_ln144_26 = or i1 %or_ln144_5, i1 %or_ln144_25" [firmware/nnet_utils/nnet_dense_resource.h:144]   --->   Operation 399 'or' 'or_ln144_26' <Predicate = true> <Delay = 0.00> <CoreInst = "LogicGate">   --->   Core 74 'LogicGate' <Latency = 0> <II = 1> <Delay = 0.97> <FuncUnit> <Opcode : 'and' 'or' 'xor'> <InPorts = 2> <OutPorts = 1>
ST_8 : Operation 400 [1/1] (0.97ns) (out node of the LUT)   --->   "%acc_582 = select i1 %or_ln144_26, i14 %x_350, i14 0" [firmware/nnet_utils/nnet_dense_resource.h:144]   --->   Operation 400 'select' 'acc_582' <Predicate = true> <Delay = 0.97> <CoreInst = "Sel">   --->   Core 73 'Sel' <Latency = 0> <II = 1> <Delay = 0.69> <FuncUnit> <Opcode : 'select'> <InPorts = 3> <OutPorts = 1>
ST_8 : Operation 401 [1/1] (0.00ns)   --->   "%zext_ln144_68 = zext i1 %tmp_804" [firmware/nnet_utils/nnet_dense_resource.h:144]   --->   Operation 401 'zext' 'zext_ln144_68' <Predicate = true> <Delay = 0.00>
ST_8 : Operation 402 [1/1] (2.13ns)   --->   "%add_ln144_137 = add i14 %trunc_ln144_67, i14 %zext_ln144_68" [firmware/nnet_utils/nnet_dense_resource.h:144]   --->   Operation 402 'add' 'add_ln144_137' <Predicate = true> <Delay = 2.13> <CoreInst = "Adder">   --->   Core 1 'Adder' <Latency = 0> <II = 1> <Delay = 2.13> <FuncUnit> <Opcode : 'add' 'sub'> <InPorts = 2> <OutPorts = 1>
ST_8 : Operation 403 [1/1] (1.80ns)   --->   "%tmp_556 = sparsemux i14 @_ssdm_op_SparseMux.ap_auto.8i14.i14.i3, i3 0, i14 %x_342, i3 1, i14 %x_341, i3 2, i14 %x_340, i3 3, i14 %x_339, i3 4, i14 %x_338, i3 5, i14 %x_337, i3 6, i14 %x_336, i3 7, i14 %x_335, i14 0, i3 %out_index" [firmware/nnet_utils/nnet_dense_resource.h:144]   --->   Operation 403 'sparsemux' 'tmp_556' <Predicate = true> <Delay = 1.80> <CoreInst = "BinarySparseMux_DontCare">   --->   Core 137 'BinarySparseMux_DontCare' <Latency = 0> <II = 1> <Delay = 1.80> <FuncUnit> <Opcode : 'sparsemux'> <InPorts = 2> <OutPorts = 1>
ST_8 : Operation 404 [1/1] (0.69ns)   --->   "%acc_644 = select i1 %icmp_ln144_71, i14 %acc_583, i14 %x_343" [firmware/nnet_utils/nnet_dense_resource.h:144]   --->   Operation 404 'select' 'acc_644' <Predicate = true> <Delay = 0.69> <CoreInst = "Sel">   --->   Core 73 'Sel' <Latency = 0> <II = 1> <Delay = 0.69> <FuncUnit> <Opcode : 'select'> <InPorts = 3> <OutPorts = 1>
ST_8 : Operation 405 [1/1] (0.69ns)   --->   "%acc_643 = select i1 %icmp_ln144_69, i14 %acc_583, i14 %x_344" [firmware/nnet_utils/nnet_dense_resource.h:144]   --->   Operation 405 'select' 'acc_643' <Predicate = true> <Delay = 0.69> <CoreInst = "Sel">   --->   Core 73 'Sel' <Latency = 0> <II = 1> <Delay = 0.69> <FuncUnit> <Opcode : 'select'> <InPorts = 3> <OutPorts = 1>
ST_8 : Operation 406 [1/1] (0.69ns)   --->   "%acc_642 = select i1 %icmp_ln144_68, i14 %acc_583, i14 %x_345" [firmware/nnet_utils/nnet_dense_resource.h:144]   --->   Operation 406 'select' 'acc_642' <Predicate = true> <Delay = 0.69> <CoreInst = "Sel">   --->   Core 73 'Sel' <Latency = 0> <II = 1> <Delay = 0.69> <FuncUnit> <Opcode : 'select'> <InPorts = 3> <OutPorts = 1>
ST_8 : Operation 407 [1/1] (0.69ns)   --->   "%acc_641 = select i1 %icmp_ln144_67, i14 %acc_583, i14 %x_346" [firmware/nnet_utils/nnet_dense_resource.h:144]   --->   Operation 407 'select' 'acc_641' <Predicate = true> <Delay = 0.69> <CoreInst = "Sel">   --->   Core 73 'Sel' <Latency = 0> <II = 1> <Delay = 0.69> <FuncUnit> <Opcode : 'select'> <InPorts = 3> <OutPorts = 1>
ST_8 : Operation 408 [1/1] (0.69ns)   --->   "%acc_640 = select i1 %icmp_ln144_66, i14 %acc_583, i14 %x_347" [firmware/nnet_utils/nnet_dense_resource.h:144]   --->   Operation 408 'select' 'acc_640' <Predicate = true> <Delay = 0.69> <CoreInst = "Sel">   --->   Core 73 'Sel' <Latency = 0> <II = 1> <Delay = 0.69> <FuncUnit> <Opcode : 'select'> <InPorts = 3> <OutPorts = 1>
ST_8 : Operation 409 [1/1] (0.69ns)   --->   "%acc_639 = select i1 %icmp_ln144_65, i14 %acc_583, i14 %x_348" [firmware/nnet_utils/nnet_dense_resource.h:144]   --->   Operation 409 'select' 'acc_639' <Predicate = true> <Delay = 0.69> <CoreInst = "Sel">   --->   Core 73 'Sel' <Latency = 0> <II = 1> <Delay = 0.69> <FuncUnit> <Opcode : 'select'> <InPorts = 3> <OutPorts = 1>
ST_8 : Operation 410 [1/1] (0.69ns)   --->   "%acc_638 = select i1 %icmp_ln144_64, i14 %acc_583, i14 %x_349" [firmware/nnet_utils/nnet_dense_resource.h:144]   --->   Operation 410 'select' 'acc_638' <Predicate = true> <Delay = 0.69> <CoreInst = "Sel">   --->   Core 73 'Sel' <Latency = 0> <II = 1> <Delay = 0.69> <FuncUnit> <Opcode : 'select'> <InPorts = 3> <OutPorts = 1>
ST_8 : Operation 411 [1/1] (0.00ns)   --->   "%sext_ln144_137 = sext i14 %tmp_556" [firmware/nnet_utils/nnet_dense_resource.h:144]   --->   Operation 411 'sext' 'sext_ln144_137' <Predicate = true> <Delay = 0.00>
ST_8 : Operation 412 [1/1] (0.00ns)   --->   "%sext_ln144_138 = sext i14 %add_ln144_137" [firmware/nnet_utils/nnet_dense_resource.h:144]   --->   Operation 412 'sext' 'sext_ln144_138' <Predicate = true> <Delay = 0.00>
ST_8 : Operation 413 [1/1] (2.13ns)   --->   "%acc_585 = add i14 %add_ln144_137, i14 %tmp_556" [firmware/nnet_utils/nnet_dense_resource.h:144]   --->   Operation 413 'add' 'acc_585' <Predicate = true> <Delay = 2.13> <CoreInst = "Adder">   --->   Core 1 'Adder' <Latency = 0> <II = 1> <Delay = 2.13> <FuncUnit> <Opcode : 'add' 'sub'> <InPorts = 2> <OutPorts = 1>
ST_8 : Operation 414 [1/1] (2.13ns)   --->   "%sub_ln144_68 = sub i15 0, i15 %sext_ln144_137" [firmware/nnet_utils/nnet_dense_resource.h:144]   --->   Operation 414 'sub' 'sub_ln144_68' <Predicate = true> <Delay = 2.13> <CoreInst = "Adder">   --->   Core 1 'Adder' <Latency = 0> <II = 1> <Delay = 2.13> <FuncUnit> <Opcode : 'add' 'sub'> <InPorts = 2> <OutPorts = 1>
ST_8 : Operation 415 [1/1] (2.14ns)   --->   "%icmp_ln144_76 = icmp_ne  i15 %sext_ln144_138, i15 %sub_ln144_68" [firmware/nnet_utils/nnet_dense_resource.h:144]   --->   Operation 415 'icmp' 'icmp_ln144_76' <Predicate = true> <Delay = 2.14> <CoreInst = "Cmp">   --->   Core 9 'Cmp' <Latency = 0> <II = 1> <Delay = 2.14> <FuncUnit> <Opcode : 'seteq' 'setne' 'setle' 'setge' 'setlt' 'setgt'> <InPorts = 2> <OutPorts = 1>
ST_8 : Operation 416 [1/1] (0.00ns) (grouped into LUT with out node acc_584)   --->   "%or_ln144_27 = or i1 %icmp_ln144_71, i1 %icmp_ln144_76" [firmware/nnet_utils/nnet_dense_resource.h:144]   --->   Operation 416 'or' 'or_ln144_27' <Predicate = true> <Delay = 0.00> <CoreInst = "LogicGate">   --->   Core 74 'LogicGate' <Latency = 0> <II = 1> <Delay = 0.97> <FuncUnit> <Opcode : 'and' 'or' 'xor'> <InPorts = 2> <OutPorts = 1>
ST_8 : Operation 417 [1/1] (0.00ns) (grouped into LUT with out node acc_584)   --->   "%or_ln144_28 = or i1 %or_ln144_1, i1 %or_ln144_27" [firmware/nnet_utils/nnet_dense_resource.h:144]   --->   Operation 417 'or' 'or_ln144_28' <Predicate = true> <Delay = 0.00> <CoreInst = "LogicGate">   --->   Core 74 'LogicGate' <Latency = 0> <II = 1> <Delay = 0.97> <FuncUnit> <Opcode : 'and' 'or' 'xor'> <InPorts = 2> <OutPorts = 1>
ST_8 : Operation 418 [1/1] (0.00ns) (grouped into LUT with out node acc_584)   --->   "%or_ln144_29 = or i1 %or_ln144_5, i1 %or_ln144_28" [firmware/nnet_utils/nnet_dense_resource.h:144]   --->   Operation 418 'or' 'or_ln144_29' <Predicate = true> <Delay = 0.00> <CoreInst = "LogicGate">   --->   Core 74 'LogicGate' <Latency = 0> <II = 1> <Delay = 0.97> <FuncUnit> <Opcode : 'and' 'or' 'xor'> <InPorts = 2> <OutPorts = 1>
ST_8 : Operation 419 [1/1] (0.97ns) (out node of the LUT)   --->   "%acc_584 = select i1 %or_ln144_29, i14 %x_342, i14 0" [firmware/nnet_utils/nnet_dense_resource.h:144]   --->   Operation 419 'select' 'acc_584' <Predicate = true> <Delay = 0.97> <CoreInst = "Sel">   --->   Core 73 'Sel' <Latency = 0> <II = 1> <Delay = 0.69> <FuncUnit> <Opcode : 'select'> <InPorts = 3> <OutPorts = 1>
ST_8 : Operation 420 [1/1] (0.00ns)   --->   "%zext_ln144_69 = zext i1 %tmp_805" [firmware/nnet_utils/nnet_dense_resource.h:144]   --->   Operation 420 'zext' 'zext_ln144_69' <Predicate = true> <Delay = 0.00>
ST_8 : Operation 421 [1/1] (2.13ns)   --->   "%add_ln144_139 = add i14 %trunc_ln144_68, i14 %zext_ln144_69" [firmware/nnet_utils/nnet_dense_resource.h:144]   --->   Operation 421 'add' 'add_ln144_139' <Predicate = true> <Delay = 2.13> <CoreInst = "Adder">   --->   Core 1 'Adder' <Latency = 0> <II = 1> <Delay = 2.13> <FuncUnit> <Opcode : 'add' 'sub'> <InPorts = 2> <OutPorts = 1>
ST_8 : Operation 422 [1/1] (1.80ns)   --->   "%tmp_558 = sparsemux i14 @_ssdm_op_SparseMux.ap_auto.8i14.i14.i3, i3 0, i14 %x_334, i3 1, i14 %x_333, i3 2, i14 %x_332, i3 3, i14 %x_331, i3 4, i14 %x_330, i3 5, i14 %x_329, i3 6, i14 %x_328, i3 7, i14 %x_327, i14 0, i3 %out_index" [firmware/nnet_utils/nnet_dense_resource.h:144]   --->   Operation 422 'sparsemux' 'tmp_558' <Predicate = true> <Delay = 1.80> <CoreInst = "BinarySparseMux_DontCare">   --->   Core 137 'BinarySparseMux_DontCare' <Latency = 0> <II = 1> <Delay = 1.80> <FuncUnit> <Opcode : 'sparsemux'> <InPorts = 2> <OutPorts = 1>
ST_8 : Operation 423 [1/1] (0.69ns)   --->   "%acc_652 = select i1 %icmp_ln144_71, i14 %acc_585, i14 %x_335" [firmware/nnet_utils/nnet_dense_resource.h:144]   --->   Operation 423 'select' 'acc_652' <Predicate = true> <Delay = 0.69> <CoreInst = "Sel">   --->   Core 73 'Sel' <Latency = 0> <II = 1> <Delay = 0.69> <FuncUnit> <Opcode : 'select'> <InPorts = 3> <OutPorts = 1>
ST_8 : Operation 424 [1/1] (0.69ns)   --->   "%acc_651 = select i1 %icmp_ln144_69, i14 %acc_585, i14 %x_336" [firmware/nnet_utils/nnet_dense_resource.h:144]   --->   Operation 424 'select' 'acc_651' <Predicate = true> <Delay = 0.69> <CoreInst = "Sel">   --->   Core 73 'Sel' <Latency = 0> <II = 1> <Delay = 0.69> <FuncUnit> <Opcode : 'select'> <InPorts = 3> <OutPorts = 1>
ST_8 : Operation 425 [1/1] (0.69ns)   --->   "%acc_650 = select i1 %icmp_ln144_68, i14 %acc_585, i14 %x_337" [firmware/nnet_utils/nnet_dense_resource.h:144]   --->   Operation 425 'select' 'acc_650' <Predicate = true> <Delay = 0.69> <CoreInst = "Sel">   --->   Core 73 'Sel' <Latency = 0> <II = 1> <Delay = 0.69> <FuncUnit> <Opcode : 'select'> <InPorts = 3> <OutPorts = 1>
ST_8 : Operation 426 [1/1] (0.69ns)   --->   "%acc_649 = select i1 %icmp_ln144_67, i14 %acc_585, i14 %x_338" [firmware/nnet_utils/nnet_dense_resource.h:144]   --->   Operation 426 'select' 'acc_649' <Predicate = true> <Delay = 0.69> <CoreInst = "Sel">   --->   Core 73 'Sel' <Latency = 0> <II = 1> <Delay = 0.69> <FuncUnit> <Opcode : 'select'> <InPorts = 3> <OutPorts = 1>
ST_8 : Operation 427 [1/1] (0.69ns)   --->   "%acc_648 = select i1 %icmp_ln144_66, i14 %acc_585, i14 %x_339" [firmware/nnet_utils/nnet_dense_resource.h:144]   --->   Operation 427 'select' 'acc_648' <Predicate = true> <Delay = 0.69> <CoreInst = "Sel">   --->   Core 73 'Sel' <Latency = 0> <II = 1> <Delay = 0.69> <FuncUnit> <Opcode : 'select'> <InPorts = 3> <OutPorts = 1>
ST_8 : Operation 428 [1/1] (0.69ns)   --->   "%acc_647 = select i1 %icmp_ln144_65, i14 %acc_585, i14 %x_340" [firmware/nnet_utils/nnet_dense_resource.h:144]   --->   Operation 428 'select' 'acc_647' <Predicate = true> <Delay = 0.69> <CoreInst = "Sel">   --->   Core 73 'Sel' <Latency = 0> <II = 1> <Delay = 0.69> <FuncUnit> <Opcode : 'select'> <InPorts = 3> <OutPorts = 1>
ST_8 : Operation 429 [1/1] (0.69ns)   --->   "%acc_646 = select i1 %icmp_ln144_64, i14 %acc_585, i14 %x_341" [firmware/nnet_utils/nnet_dense_resource.h:144]   --->   Operation 429 'select' 'acc_646' <Predicate = true> <Delay = 0.69> <CoreInst = "Sel">   --->   Core 73 'Sel' <Latency = 0> <II = 1> <Delay = 0.69> <FuncUnit> <Opcode : 'select'> <InPorts = 3> <OutPorts = 1>
ST_8 : Operation 430 [1/1] (0.00ns)   --->   "%sext_ln144_139 = sext i14 %tmp_558" [firmware/nnet_utils/nnet_dense_resource.h:144]   --->   Operation 430 'sext' 'sext_ln144_139' <Predicate = true> <Delay = 0.00>
ST_8 : Operation 431 [1/1] (0.00ns)   --->   "%sext_ln144_140 = sext i14 %add_ln144_139" [firmware/nnet_utils/nnet_dense_resource.h:144]   --->   Operation 431 'sext' 'sext_ln144_140' <Predicate = true> <Delay = 0.00>
ST_8 : Operation 432 [1/1] (2.13ns)   --->   "%acc_587 = add i14 %add_ln144_139, i14 %tmp_558" [firmware/nnet_utils/nnet_dense_resource.h:144]   --->   Operation 432 'add' 'acc_587' <Predicate = true> <Delay = 2.13> <CoreInst = "Adder">   --->   Core 1 'Adder' <Latency = 0> <II = 1> <Delay = 2.13> <FuncUnit> <Opcode : 'add' 'sub'> <InPorts = 2> <OutPorts = 1>
ST_8 : Operation 433 [1/1] (2.13ns)   --->   "%sub_ln144_69 = sub i15 0, i15 %sext_ln144_139" [firmware/nnet_utils/nnet_dense_resource.h:144]   --->   Operation 433 'sub' 'sub_ln144_69' <Predicate = true> <Delay = 2.13> <CoreInst = "Adder">   --->   Core 1 'Adder' <Latency = 0> <II = 1> <Delay = 2.13> <FuncUnit> <Opcode : 'add' 'sub'> <InPorts = 2> <OutPorts = 1>
ST_8 : Operation 434 [1/1] (2.14ns)   --->   "%icmp_ln144_77 = icmp_ne  i15 %sext_ln144_140, i15 %sub_ln144_69" [firmware/nnet_utils/nnet_dense_resource.h:144]   --->   Operation 434 'icmp' 'icmp_ln144_77' <Predicate = true> <Delay = 2.14> <CoreInst = "Cmp">   --->   Core 9 'Cmp' <Latency = 0> <II = 1> <Delay = 2.14> <FuncUnit> <Opcode : 'seteq' 'setne' 'setle' 'setge' 'setlt' 'setgt'> <InPorts = 2> <OutPorts = 1>
ST_8 : Operation 435 [1/1] (0.00ns) (grouped into LUT with out node acc_586)   --->   "%or_ln144_30 = or i1 %icmp_ln144_71, i1 %icmp_ln144_77" [firmware/nnet_utils/nnet_dense_resource.h:144]   --->   Operation 435 'or' 'or_ln144_30' <Predicate = true> <Delay = 0.00> <CoreInst = "LogicGate">   --->   Core 74 'LogicGate' <Latency = 0> <II = 1> <Delay = 0.97> <FuncUnit> <Opcode : 'and' 'or' 'xor'> <InPorts = 2> <OutPorts = 1>
ST_8 : Operation 436 [1/1] (0.00ns) (grouped into LUT with out node acc_586)   --->   "%or_ln144_31 = or i1 %or_ln144_1, i1 %or_ln144_30" [firmware/nnet_utils/nnet_dense_resource.h:144]   --->   Operation 436 'or' 'or_ln144_31' <Predicate = true> <Delay = 0.00> <CoreInst = "LogicGate">   --->   Core 74 'LogicGate' <Latency = 0> <II = 1> <Delay = 0.97> <FuncUnit> <Opcode : 'and' 'or' 'xor'> <InPorts = 2> <OutPorts = 1>
ST_8 : Operation 437 [1/1] (0.00ns) (grouped into LUT with out node acc_586)   --->   "%or_ln144_32 = or i1 %or_ln144_5, i1 %or_ln144_31" [firmware/nnet_utils/nnet_dense_resource.h:144]   --->   Operation 437 'or' 'or_ln144_32' <Predicate = true> <Delay = 0.00> <CoreInst = "LogicGate">   --->   Core 74 'LogicGate' <Latency = 0> <II = 1> <Delay = 0.97> <FuncUnit> <Opcode : 'and' 'or' 'xor'> <InPorts = 2> <OutPorts = 1>
ST_8 : Operation 438 [1/1] (0.97ns) (out node of the LUT)   --->   "%acc_586 = select i1 %or_ln144_32, i14 %x_334, i14 0" [firmware/nnet_utils/nnet_dense_resource.h:144]   --->   Operation 438 'select' 'acc_586' <Predicate = true> <Delay = 0.97> <CoreInst = "Sel">   --->   Core 73 'Sel' <Latency = 0> <II = 1> <Delay = 0.69> <FuncUnit> <Opcode : 'select'> <InPorts = 3> <OutPorts = 1>
ST_8 : Operation 439 [1/1] (0.00ns)   --->   "%zext_ln144_70 = zext i1 %tmp_806" [firmware/nnet_utils/nnet_dense_resource.h:144]   --->   Operation 439 'zext' 'zext_ln144_70' <Predicate = true> <Delay = 0.00>
ST_8 : Operation 440 [1/1] (2.13ns)   --->   "%add_ln144_141 = add i14 %trunc_ln144_69, i14 %zext_ln144_70" [firmware/nnet_utils/nnet_dense_resource.h:144]   --->   Operation 440 'add' 'add_ln144_141' <Predicate = true> <Delay = 2.13> <CoreInst = "Adder">   --->   Core 1 'Adder' <Latency = 0> <II = 1> <Delay = 2.13> <FuncUnit> <Opcode : 'add' 'sub'> <InPorts = 2> <OutPorts = 1>
ST_8 : Operation 441 [1/1] (1.80ns)   --->   "%tmp_560 = sparsemux i14 @_ssdm_op_SparseMux.ap_auto.8i14.i14.i3, i3 0, i14 %x_326, i3 1, i14 %x_325, i3 2, i14 %x_324, i3 3, i14 %x_323, i3 4, i14 %x_322, i3 5, i14 %x_321, i3 6, i14 %x_320, i3 7, i14 %x_319, i14 0, i3 %out_index" [firmware/nnet_utils/nnet_dense_resource.h:144]   --->   Operation 441 'sparsemux' 'tmp_560' <Predicate = true> <Delay = 1.80> <CoreInst = "BinarySparseMux_DontCare">   --->   Core 137 'BinarySparseMux_DontCare' <Latency = 0> <II = 1> <Delay = 1.80> <FuncUnit> <Opcode : 'sparsemux'> <InPorts = 2> <OutPorts = 1>
ST_8 : Operation 442 [1/1] (0.69ns)   --->   "%acc_660 = select i1 %icmp_ln144_71, i14 %acc_587, i14 %x_327" [firmware/nnet_utils/nnet_dense_resource.h:144]   --->   Operation 442 'select' 'acc_660' <Predicate = true> <Delay = 0.69> <CoreInst = "Sel">   --->   Core 73 'Sel' <Latency = 0> <II = 1> <Delay = 0.69> <FuncUnit> <Opcode : 'select'> <InPorts = 3> <OutPorts = 1>
ST_8 : Operation 443 [1/1] (0.69ns)   --->   "%acc_659 = select i1 %icmp_ln144_69, i14 %acc_587, i14 %x_328" [firmware/nnet_utils/nnet_dense_resource.h:144]   --->   Operation 443 'select' 'acc_659' <Predicate = true> <Delay = 0.69> <CoreInst = "Sel">   --->   Core 73 'Sel' <Latency = 0> <II = 1> <Delay = 0.69> <FuncUnit> <Opcode : 'select'> <InPorts = 3> <OutPorts = 1>
ST_8 : Operation 444 [1/1] (0.69ns)   --->   "%acc_658 = select i1 %icmp_ln144_68, i14 %acc_587, i14 %x_329" [firmware/nnet_utils/nnet_dense_resource.h:144]   --->   Operation 444 'select' 'acc_658' <Predicate = true> <Delay = 0.69> <CoreInst = "Sel">   --->   Core 73 'Sel' <Latency = 0> <II = 1> <Delay = 0.69> <FuncUnit> <Opcode : 'select'> <InPorts = 3> <OutPorts = 1>
ST_8 : Operation 445 [1/1] (0.69ns)   --->   "%acc_657 = select i1 %icmp_ln144_67, i14 %acc_587, i14 %x_330" [firmware/nnet_utils/nnet_dense_resource.h:144]   --->   Operation 445 'select' 'acc_657' <Predicate = true> <Delay = 0.69> <CoreInst = "Sel">   --->   Core 73 'Sel' <Latency = 0> <II = 1> <Delay = 0.69> <FuncUnit> <Opcode : 'select'> <InPorts = 3> <OutPorts = 1>
ST_8 : Operation 446 [1/1] (0.69ns)   --->   "%acc_656 = select i1 %icmp_ln144_66, i14 %acc_587, i14 %x_331" [firmware/nnet_utils/nnet_dense_resource.h:144]   --->   Operation 446 'select' 'acc_656' <Predicate = true> <Delay = 0.69> <CoreInst = "Sel">   --->   Core 73 'Sel' <Latency = 0> <II = 1> <Delay = 0.69> <FuncUnit> <Opcode : 'select'> <InPorts = 3> <OutPorts = 1>
ST_8 : Operation 447 [1/1] (0.69ns)   --->   "%acc_655 = select i1 %icmp_ln144_65, i14 %acc_587, i14 %x_332" [firmware/nnet_utils/nnet_dense_resource.h:144]   --->   Operation 447 'select' 'acc_655' <Predicate = true> <Delay = 0.69> <CoreInst = "Sel">   --->   Core 73 'Sel' <Latency = 0> <II = 1> <Delay = 0.69> <FuncUnit> <Opcode : 'select'> <InPorts = 3> <OutPorts = 1>
ST_8 : Operation 448 [1/1] (0.69ns)   --->   "%acc_654 = select i1 %icmp_ln144_64, i14 %acc_587, i14 %x_333" [firmware/nnet_utils/nnet_dense_resource.h:144]   --->   Operation 448 'select' 'acc_654' <Predicate = true> <Delay = 0.69> <CoreInst = "Sel">   --->   Core 73 'Sel' <Latency = 0> <II = 1> <Delay = 0.69> <FuncUnit> <Opcode : 'select'> <InPorts = 3> <OutPorts = 1>
ST_8 : Operation 449 [1/1] (0.00ns)   --->   "%sext_ln144_141 = sext i14 %tmp_560" [firmware/nnet_utils/nnet_dense_resource.h:144]   --->   Operation 449 'sext' 'sext_ln144_141' <Predicate = true> <Delay = 0.00>
ST_8 : Operation 450 [1/1] (0.00ns)   --->   "%sext_ln144_142 = sext i14 %add_ln144_141" [firmware/nnet_utils/nnet_dense_resource.h:144]   --->   Operation 450 'sext' 'sext_ln144_142' <Predicate = true> <Delay = 0.00>
ST_8 : Operation 451 [1/1] (2.13ns)   --->   "%acc_589 = add i14 %add_ln144_141, i14 %tmp_560" [firmware/nnet_utils/nnet_dense_resource.h:144]   --->   Operation 451 'add' 'acc_589' <Predicate = true> <Delay = 2.13> <CoreInst = "Adder">   --->   Core 1 'Adder' <Latency = 0> <II = 1> <Delay = 2.13> <FuncUnit> <Opcode : 'add' 'sub'> <InPorts = 2> <OutPorts = 1>
ST_8 : Operation 452 [1/1] (2.13ns)   --->   "%sub_ln144_70 = sub i15 0, i15 %sext_ln144_141" [firmware/nnet_utils/nnet_dense_resource.h:144]   --->   Operation 452 'sub' 'sub_ln144_70' <Predicate = true> <Delay = 2.13> <CoreInst = "Adder">   --->   Core 1 'Adder' <Latency = 0> <II = 1> <Delay = 2.13> <FuncUnit> <Opcode : 'add' 'sub'> <InPorts = 2> <OutPorts = 1>
ST_8 : Operation 453 [1/1] (2.14ns)   --->   "%icmp_ln144_78 = icmp_ne  i15 %sext_ln144_142, i15 %sub_ln144_70" [firmware/nnet_utils/nnet_dense_resource.h:144]   --->   Operation 453 'icmp' 'icmp_ln144_78' <Predicate = true> <Delay = 2.14> <CoreInst = "Cmp">   --->   Core 9 'Cmp' <Latency = 0> <II = 1> <Delay = 2.14> <FuncUnit> <Opcode : 'seteq' 'setne' 'setle' 'setge' 'setlt' 'setgt'> <InPorts = 2> <OutPorts = 1>
ST_8 : Operation 454 [1/1] (0.00ns) (grouped into LUT with out node acc_588)   --->   "%or_ln144_33 = or i1 %icmp_ln144_71, i1 %icmp_ln144_78" [firmware/nnet_utils/nnet_dense_resource.h:144]   --->   Operation 454 'or' 'or_ln144_33' <Predicate = true> <Delay = 0.00> <CoreInst = "LogicGate">   --->   Core 74 'LogicGate' <Latency = 0> <II = 1> <Delay = 0.97> <FuncUnit> <Opcode : 'and' 'or' 'xor'> <InPorts = 2> <OutPorts = 1>
ST_8 : Operation 455 [1/1] (0.00ns) (grouped into LUT with out node acc_588)   --->   "%or_ln144_34 = or i1 %or_ln144_1, i1 %or_ln144_33" [firmware/nnet_utils/nnet_dense_resource.h:144]   --->   Operation 455 'or' 'or_ln144_34' <Predicate = true> <Delay = 0.00> <CoreInst = "LogicGate">   --->   Core 74 'LogicGate' <Latency = 0> <II = 1> <Delay = 0.97> <FuncUnit> <Opcode : 'and' 'or' 'xor'> <InPorts = 2> <OutPorts = 1>
ST_8 : Operation 456 [1/1] (0.00ns) (grouped into LUT with out node acc_588)   --->   "%or_ln144_35 = or i1 %or_ln144_5, i1 %or_ln144_34" [firmware/nnet_utils/nnet_dense_resource.h:144]   --->   Operation 456 'or' 'or_ln144_35' <Predicate = true> <Delay = 0.00> <CoreInst = "LogicGate">   --->   Core 74 'LogicGate' <Latency = 0> <II = 1> <Delay = 0.97> <FuncUnit> <Opcode : 'and' 'or' 'xor'> <InPorts = 2> <OutPorts = 1>
ST_8 : Operation 457 [1/1] (0.97ns) (out node of the LUT)   --->   "%acc_588 = select i1 %or_ln144_35, i14 %x_326, i14 0" [firmware/nnet_utils/nnet_dense_resource.h:144]   --->   Operation 457 'select' 'acc_588' <Predicate = true> <Delay = 0.97> <CoreInst = "Sel">   --->   Core 73 'Sel' <Latency = 0> <II = 1> <Delay = 0.69> <FuncUnit> <Opcode : 'select'> <InPorts = 3> <OutPorts = 1>
ST_8 : Operation 458 [1/1] (0.00ns)   --->   "%zext_ln144_71 = zext i1 %tmp_807" [firmware/nnet_utils/nnet_dense_resource.h:144]   --->   Operation 458 'zext' 'zext_ln144_71' <Predicate = true> <Delay = 0.00>
ST_8 : Operation 459 [1/1] (2.13ns)   --->   "%add_ln144_143 = add i14 %trunc_ln144_70, i14 %zext_ln144_71" [firmware/nnet_utils/nnet_dense_resource.h:144]   --->   Operation 459 'add' 'add_ln144_143' <Predicate = true> <Delay = 2.13> <CoreInst = "Adder">   --->   Core 1 'Adder' <Latency = 0> <II = 1> <Delay = 2.13> <FuncUnit> <Opcode : 'add' 'sub'> <InPorts = 2> <OutPorts = 1>
ST_8 : Operation 460 [1/1] (1.80ns)   --->   "%tmp_562 = sparsemux i14 @_ssdm_op_SparseMux.ap_auto.8i14.i14.i3, i3 0, i14 %x_318, i3 1, i14 %x_317, i3 2, i14 %x_316, i3 3, i14 %x_315, i3 4, i14 %x_314, i3 5, i14 %x_313, i3 6, i14 %x_312, i3 7, i14 %x_311, i14 0, i3 %out_index" [firmware/nnet_utils/nnet_dense_resource.h:144]   --->   Operation 460 'sparsemux' 'tmp_562' <Predicate = true> <Delay = 1.80> <CoreInst = "BinarySparseMux_DontCare">   --->   Core 137 'BinarySparseMux_DontCare' <Latency = 0> <II = 1> <Delay = 1.80> <FuncUnit> <Opcode : 'sparsemux'> <InPorts = 2> <OutPorts = 1>
ST_8 : Operation 461 [1/1] (0.69ns)   --->   "%acc_668 = select i1 %icmp_ln144_71, i14 %acc_589, i14 %x_319" [firmware/nnet_utils/nnet_dense_resource.h:144]   --->   Operation 461 'select' 'acc_668' <Predicate = true> <Delay = 0.69> <CoreInst = "Sel">   --->   Core 73 'Sel' <Latency = 0> <II = 1> <Delay = 0.69> <FuncUnit> <Opcode : 'select'> <InPorts = 3> <OutPorts = 1>
ST_8 : Operation 462 [1/1] (0.69ns)   --->   "%acc_667 = select i1 %icmp_ln144_69, i14 %acc_589, i14 %x_320" [firmware/nnet_utils/nnet_dense_resource.h:144]   --->   Operation 462 'select' 'acc_667' <Predicate = true> <Delay = 0.69> <CoreInst = "Sel">   --->   Core 73 'Sel' <Latency = 0> <II = 1> <Delay = 0.69> <FuncUnit> <Opcode : 'select'> <InPorts = 3> <OutPorts = 1>
ST_8 : Operation 463 [1/1] (0.69ns)   --->   "%acc_666 = select i1 %icmp_ln144_68, i14 %acc_589, i14 %x_321" [firmware/nnet_utils/nnet_dense_resource.h:144]   --->   Operation 463 'select' 'acc_666' <Predicate = true> <Delay = 0.69> <CoreInst = "Sel">   --->   Core 73 'Sel' <Latency = 0> <II = 1> <Delay = 0.69> <FuncUnit> <Opcode : 'select'> <InPorts = 3> <OutPorts = 1>
ST_8 : Operation 464 [1/1] (0.69ns)   --->   "%acc_665 = select i1 %icmp_ln144_67, i14 %acc_589, i14 %x_322" [firmware/nnet_utils/nnet_dense_resource.h:144]   --->   Operation 464 'select' 'acc_665' <Predicate = true> <Delay = 0.69> <CoreInst = "Sel">   --->   Core 73 'Sel' <Latency = 0> <II = 1> <Delay = 0.69> <FuncUnit> <Opcode : 'select'> <InPorts = 3> <OutPorts = 1>
ST_8 : Operation 465 [1/1] (0.69ns)   --->   "%acc_664 = select i1 %icmp_ln144_66, i14 %acc_589, i14 %x_323" [firmware/nnet_utils/nnet_dense_resource.h:144]   --->   Operation 465 'select' 'acc_664' <Predicate = true> <Delay = 0.69> <CoreInst = "Sel">   --->   Core 73 'Sel' <Latency = 0> <II = 1> <Delay = 0.69> <FuncUnit> <Opcode : 'select'> <InPorts = 3> <OutPorts = 1>
ST_8 : Operation 466 [1/1] (0.69ns)   --->   "%acc_663 = select i1 %icmp_ln144_65, i14 %acc_589, i14 %x_324" [firmware/nnet_utils/nnet_dense_resource.h:144]   --->   Operation 466 'select' 'acc_663' <Predicate = true> <Delay = 0.69> <CoreInst = "Sel">   --->   Core 73 'Sel' <Latency = 0> <II = 1> <Delay = 0.69> <FuncUnit> <Opcode : 'select'> <InPorts = 3> <OutPorts = 1>
ST_8 : Operation 467 [1/1] (0.69ns)   --->   "%acc_662 = select i1 %icmp_ln144_64, i14 %acc_589, i14 %x_325" [firmware/nnet_utils/nnet_dense_resource.h:144]   --->   Operation 467 'select' 'acc_662' <Predicate = true> <Delay = 0.69> <CoreInst = "Sel">   --->   Core 73 'Sel' <Latency = 0> <II = 1> <Delay = 0.69> <FuncUnit> <Opcode : 'select'> <InPorts = 3> <OutPorts = 1>
ST_8 : Operation 468 [1/1] (0.00ns)   --->   "%sext_ln144_143 = sext i14 %tmp_562" [firmware/nnet_utils/nnet_dense_resource.h:144]   --->   Operation 468 'sext' 'sext_ln144_143' <Predicate = true> <Delay = 0.00>
ST_8 : Operation 469 [1/1] (0.00ns)   --->   "%sext_ln144_144 = sext i14 %add_ln144_143" [firmware/nnet_utils/nnet_dense_resource.h:144]   --->   Operation 469 'sext' 'sext_ln144_144' <Predicate = true> <Delay = 0.00>
ST_8 : Operation 470 [1/1] (2.13ns)   --->   "%acc_591 = add i14 %add_ln144_143, i14 %tmp_562" [firmware/nnet_utils/nnet_dense_resource.h:144]   --->   Operation 470 'add' 'acc_591' <Predicate = true> <Delay = 2.13> <CoreInst = "Adder">   --->   Core 1 'Adder' <Latency = 0> <II = 1> <Delay = 2.13> <FuncUnit> <Opcode : 'add' 'sub'> <InPorts = 2> <OutPorts = 1>
ST_8 : Operation 471 [1/1] (2.13ns)   --->   "%sub_ln144_71 = sub i15 0, i15 %sext_ln144_143" [firmware/nnet_utils/nnet_dense_resource.h:144]   --->   Operation 471 'sub' 'sub_ln144_71' <Predicate = true> <Delay = 2.13> <CoreInst = "Adder">   --->   Core 1 'Adder' <Latency = 0> <II = 1> <Delay = 2.13> <FuncUnit> <Opcode : 'add' 'sub'> <InPorts = 2> <OutPorts = 1>
ST_8 : Operation 472 [1/1] (2.14ns)   --->   "%icmp_ln144_79 = icmp_ne  i15 %sext_ln144_144, i15 %sub_ln144_71" [firmware/nnet_utils/nnet_dense_resource.h:144]   --->   Operation 472 'icmp' 'icmp_ln144_79' <Predicate = true> <Delay = 2.14> <CoreInst = "Cmp">   --->   Core 9 'Cmp' <Latency = 0> <II = 1> <Delay = 2.14> <FuncUnit> <Opcode : 'seteq' 'setne' 'setle' 'setge' 'setlt' 'setgt'> <InPorts = 2> <OutPorts = 1>
ST_8 : Operation 473 [1/1] (0.00ns) (grouped into LUT with out node acc_590)   --->   "%or_ln144_36 = or i1 %icmp_ln144_71, i1 %icmp_ln144_79" [firmware/nnet_utils/nnet_dense_resource.h:144]   --->   Operation 473 'or' 'or_ln144_36' <Predicate = true> <Delay = 0.00> <CoreInst = "LogicGate">   --->   Core 74 'LogicGate' <Latency = 0> <II = 1> <Delay = 0.97> <FuncUnit> <Opcode : 'and' 'or' 'xor'> <InPorts = 2> <OutPorts = 1>
ST_8 : Operation 474 [1/1] (0.00ns) (grouped into LUT with out node acc_590)   --->   "%or_ln144_37 = or i1 %or_ln144_1, i1 %or_ln144_36" [firmware/nnet_utils/nnet_dense_resource.h:144]   --->   Operation 474 'or' 'or_ln144_37' <Predicate = true> <Delay = 0.00> <CoreInst = "LogicGate">   --->   Core 74 'LogicGate' <Latency = 0> <II = 1> <Delay = 0.97> <FuncUnit> <Opcode : 'and' 'or' 'xor'> <InPorts = 2> <OutPorts = 1>
ST_8 : Operation 475 [1/1] (0.00ns) (grouped into LUT with out node acc_590)   --->   "%or_ln144_38 = or i1 %or_ln144_5, i1 %or_ln144_37" [firmware/nnet_utils/nnet_dense_resource.h:144]   --->   Operation 475 'or' 'or_ln144_38' <Predicate = true> <Delay = 0.00> <CoreInst = "LogicGate">   --->   Core 74 'LogicGate' <Latency = 0> <II = 1> <Delay = 0.97> <FuncUnit> <Opcode : 'and' 'or' 'xor'> <InPorts = 2> <OutPorts = 1>
ST_8 : Operation 476 [1/1] (0.97ns) (out node of the LUT)   --->   "%acc_590 = select i1 %or_ln144_38, i14 %x_318, i14 0" [firmware/nnet_utils/nnet_dense_resource.h:144]   --->   Operation 476 'select' 'acc_590' <Predicate = true> <Delay = 0.97> <CoreInst = "Sel">   --->   Core 73 'Sel' <Latency = 0> <II = 1> <Delay = 0.69> <FuncUnit> <Opcode : 'select'> <InPorts = 3> <OutPorts = 1>
ST_8 : Operation 477 [1/1] (0.00ns)   --->   "%zext_ln144_72 = zext i1 %tmp_808" [firmware/nnet_utils/nnet_dense_resource.h:144]   --->   Operation 477 'zext' 'zext_ln144_72' <Predicate = true> <Delay = 0.00>
ST_8 : Operation 478 [1/1] (2.13ns)   --->   "%add_ln144_145 = add i14 %trunc_ln144_71, i14 %zext_ln144_72" [firmware/nnet_utils/nnet_dense_resource.h:144]   --->   Operation 478 'add' 'add_ln144_145' <Predicate = true> <Delay = 2.13> <CoreInst = "Adder">   --->   Core 1 'Adder' <Latency = 0> <II = 1> <Delay = 2.13> <FuncUnit> <Opcode : 'add' 'sub'> <InPorts = 2> <OutPorts = 1>
ST_8 : Operation 479 [1/1] (1.80ns)   --->   "%tmp_564 = sparsemux i14 @_ssdm_op_SparseMux.ap_auto.8i14.i14.i3, i3 0, i14 %x_310, i3 1, i14 %x_309, i3 2, i14 %x_308, i3 3, i14 %x_307, i3 4, i14 %x_306, i3 5, i14 %x_305, i3 6, i14 %x_304, i3 7, i14 %x_303, i14 0, i3 %out_index" [firmware/nnet_utils/nnet_dense_resource.h:144]   --->   Operation 479 'sparsemux' 'tmp_564' <Predicate = true> <Delay = 1.80> <CoreInst = "BinarySparseMux_DontCare">   --->   Core 137 'BinarySparseMux_DontCare' <Latency = 0> <II = 1> <Delay = 1.80> <FuncUnit> <Opcode : 'sparsemux'> <InPorts = 2> <OutPorts = 1>
ST_8 : Operation 480 [1/1] (0.69ns)   --->   "%acc_676 = select i1 %icmp_ln144_71, i14 %acc_591, i14 %x_311" [firmware/nnet_utils/nnet_dense_resource.h:144]   --->   Operation 480 'select' 'acc_676' <Predicate = true> <Delay = 0.69> <CoreInst = "Sel">   --->   Core 73 'Sel' <Latency = 0> <II = 1> <Delay = 0.69> <FuncUnit> <Opcode : 'select'> <InPorts = 3> <OutPorts = 1>
ST_8 : Operation 481 [1/1] (0.69ns)   --->   "%acc_675 = select i1 %icmp_ln144_69, i14 %acc_591, i14 %x_312" [firmware/nnet_utils/nnet_dense_resource.h:144]   --->   Operation 481 'select' 'acc_675' <Predicate = true> <Delay = 0.69> <CoreInst = "Sel">   --->   Core 73 'Sel' <Latency = 0> <II = 1> <Delay = 0.69> <FuncUnit> <Opcode : 'select'> <InPorts = 3> <OutPorts = 1>
ST_8 : Operation 482 [1/1] (0.69ns)   --->   "%acc_674 = select i1 %icmp_ln144_68, i14 %acc_591, i14 %x_313" [firmware/nnet_utils/nnet_dense_resource.h:144]   --->   Operation 482 'select' 'acc_674' <Predicate = true> <Delay = 0.69> <CoreInst = "Sel">   --->   Core 73 'Sel' <Latency = 0> <II = 1> <Delay = 0.69> <FuncUnit> <Opcode : 'select'> <InPorts = 3> <OutPorts = 1>
ST_8 : Operation 483 [1/1] (0.69ns)   --->   "%acc_673 = select i1 %icmp_ln144_67, i14 %acc_591, i14 %x_314" [firmware/nnet_utils/nnet_dense_resource.h:144]   --->   Operation 483 'select' 'acc_673' <Predicate = true> <Delay = 0.69> <CoreInst = "Sel">   --->   Core 73 'Sel' <Latency = 0> <II = 1> <Delay = 0.69> <FuncUnit> <Opcode : 'select'> <InPorts = 3> <OutPorts = 1>
ST_8 : Operation 484 [1/1] (0.69ns)   --->   "%acc_672 = select i1 %icmp_ln144_66, i14 %acc_591, i14 %x_315" [firmware/nnet_utils/nnet_dense_resource.h:144]   --->   Operation 484 'select' 'acc_672' <Predicate = true> <Delay = 0.69> <CoreInst = "Sel">   --->   Core 73 'Sel' <Latency = 0> <II = 1> <Delay = 0.69> <FuncUnit> <Opcode : 'select'> <InPorts = 3> <OutPorts = 1>
ST_8 : Operation 485 [1/1] (0.69ns)   --->   "%acc_671 = select i1 %icmp_ln144_65, i14 %acc_591, i14 %x_316" [firmware/nnet_utils/nnet_dense_resource.h:144]   --->   Operation 485 'select' 'acc_671' <Predicate = true> <Delay = 0.69> <CoreInst = "Sel">   --->   Core 73 'Sel' <Latency = 0> <II = 1> <Delay = 0.69> <FuncUnit> <Opcode : 'select'> <InPorts = 3> <OutPorts = 1>
ST_8 : Operation 486 [1/1] (0.69ns)   --->   "%acc_670 = select i1 %icmp_ln144_64, i14 %acc_591, i14 %x_317" [firmware/nnet_utils/nnet_dense_resource.h:144]   --->   Operation 486 'select' 'acc_670' <Predicate = true> <Delay = 0.69> <CoreInst = "Sel">   --->   Core 73 'Sel' <Latency = 0> <II = 1> <Delay = 0.69> <FuncUnit> <Opcode : 'select'> <InPorts = 3> <OutPorts = 1>
ST_8 : Operation 487 [1/1] (0.00ns)   --->   "%sext_ln144_145 = sext i14 %tmp_564" [firmware/nnet_utils/nnet_dense_resource.h:144]   --->   Operation 487 'sext' 'sext_ln144_145' <Predicate = true> <Delay = 0.00>
ST_8 : Operation 488 [1/1] (0.00ns)   --->   "%sext_ln144_146 = sext i14 %add_ln144_145" [firmware/nnet_utils/nnet_dense_resource.h:144]   --->   Operation 488 'sext' 'sext_ln144_146' <Predicate = true> <Delay = 0.00>
ST_8 : Operation 489 [1/1] (2.13ns)   --->   "%acc_593 = add i14 %add_ln144_145, i14 %tmp_564" [firmware/nnet_utils/nnet_dense_resource.h:144]   --->   Operation 489 'add' 'acc_593' <Predicate = true> <Delay = 2.13> <CoreInst = "Adder">   --->   Core 1 'Adder' <Latency = 0> <II = 1> <Delay = 2.13> <FuncUnit> <Opcode : 'add' 'sub'> <InPorts = 2> <OutPorts = 1>
ST_8 : Operation 490 [1/1] (2.13ns)   --->   "%sub_ln144_72 = sub i15 0, i15 %sext_ln144_145" [firmware/nnet_utils/nnet_dense_resource.h:144]   --->   Operation 490 'sub' 'sub_ln144_72' <Predicate = true> <Delay = 2.13> <CoreInst = "Adder">   --->   Core 1 'Adder' <Latency = 0> <II = 1> <Delay = 2.13> <FuncUnit> <Opcode : 'add' 'sub'> <InPorts = 2> <OutPorts = 1>
ST_8 : Operation 491 [1/1] (2.14ns)   --->   "%icmp_ln144_80 = icmp_ne  i15 %sext_ln144_146, i15 %sub_ln144_72" [firmware/nnet_utils/nnet_dense_resource.h:144]   --->   Operation 491 'icmp' 'icmp_ln144_80' <Predicate = true> <Delay = 2.14> <CoreInst = "Cmp">   --->   Core 9 'Cmp' <Latency = 0> <II = 1> <Delay = 2.14> <FuncUnit> <Opcode : 'seteq' 'setne' 'setle' 'setge' 'setlt' 'setgt'> <InPorts = 2> <OutPorts = 1>
ST_8 : Operation 492 [1/1] (0.00ns) (grouped into LUT with out node acc_592)   --->   "%or_ln144_39 = or i1 %icmp_ln144_71, i1 %icmp_ln144_80" [firmware/nnet_utils/nnet_dense_resource.h:144]   --->   Operation 492 'or' 'or_ln144_39' <Predicate = true> <Delay = 0.00> <CoreInst = "LogicGate">   --->   Core 74 'LogicGate' <Latency = 0> <II = 1> <Delay = 0.97> <FuncUnit> <Opcode : 'and' 'or' 'xor'> <InPorts = 2> <OutPorts = 1>
ST_8 : Operation 493 [1/1] (0.00ns) (grouped into LUT with out node acc_592)   --->   "%or_ln144_40 = or i1 %or_ln144_1, i1 %or_ln144_39" [firmware/nnet_utils/nnet_dense_resource.h:144]   --->   Operation 493 'or' 'or_ln144_40' <Predicate = true> <Delay = 0.00> <CoreInst = "LogicGate">   --->   Core 74 'LogicGate' <Latency = 0> <II = 1> <Delay = 0.97> <FuncUnit> <Opcode : 'and' 'or' 'xor'> <InPorts = 2> <OutPorts = 1>
ST_8 : Operation 494 [1/1] (0.00ns) (grouped into LUT with out node acc_592)   --->   "%or_ln144_41 = or i1 %or_ln144_5, i1 %or_ln144_40" [firmware/nnet_utils/nnet_dense_resource.h:144]   --->   Operation 494 'or' 'or_ln144_41' <Predicate = true> <Delay = 0.00> <CoreInst = "LogicGate">   --->   Core 74 'LogicGate' <Latency = 0> <II = 1> <Delay = 0.97> <FuncUnit> <Opcode : 'and' 'or' 'xor'> <InPorts = 2> <OutPorts = 1>
ST_8 : Operation 495 [1/1] (0.97ns) (out node of the LUT)   --->   "%acc_592 = select i1 %or_ln144_41, i14 %x_310, i14 0" [firmware/nnet_utils/nnet_dense_resource.h:144]   --->   Operation 495 'select' 'acc_592' <Predicate = true> <Delay = 0.97> <CoreInst = "Sel">   --->   Core 73 'Sel' <Latency = 0> <II = 1> <Delay = 0.69> <FuncUnit> <Opcode : 'select'> <InPorts = 3> <OutPorts = 1>
ST_8 : Operation 496 [1/1] (0.00ns)   --->   "%zext_ln144_73 = zext i1 %tmp_809" [firmware/nnet_utils/nnet_dense_resource.h:144]   --->   Operation 496 'zext' 'zext_ln144_73' <Predicate = true> <Delay = 0.00>
ST_8 : Operation 497 [1/1] (2.13ns)   --->   "%add_ln144_147 = add i14 %trunc_ln144_72, i14 %zext_ln144_73" [firmware/nnet_utils/nnet_dense_resource.h:144]   --->   Operation 497 'add' 'add_ln144_147' <Predicate = true> <Delay = 2.13> <CoreInst = "Adder">   --->   Core 1 'Adder' <Latency = 0> <II = 1> <Delay = 2.13> <FuncUnit> <Opcode : 'add' 'sub'> <InPorts = 2> <OutPorts = 1>
ST_8 : Operation 498 [1/1] (1.80ns)   --->   "%tmp_566 = sparsemux i14 @_ssdm_op_SparseMux.ap_auto.8i14.i14.i3, i3 0, i14 %x_302, i3 1, i14 %x_301, i3 2, i14 %x_300, i3 3, i14 %x_299, i3 4, i14 %x_298, i3 5, i14 %x_297, i3 6, i14 %x_296, i3 7, i14 %x_295, i14 0, i3 %out_index" [firmware/nnet_utils/nnet_dense_resource.h:144]   --->   Operation 498 'sparsemux' 'tmp_566' <Predicate = true> <Delay = 1.80> <CoreInst = "BinarySparseMux_DontCare">   --->   Core 137 'BinarySparseMux_DontCare' <Latency = 0> <II = 1> <Delay = 1.80> <FuncUnit> <Opcode : 'sparsemux'> <InPorts = 2> <OutPorts = 1>
ST_8 : Operation 499 [1/1] (0.69ns)   --->   "%acc_684 = select i1 %icmp_ln144_71, i14 %acc_593, i14 %x_303" [firmware/nnet_utils/nnet_dense_resource.h:144]   --->   Operation 499 'select' 'acc_684' <Predicate = true> <Delay = 0.69> <CoreInst = "Sel">   --->   Core 73 'Sel' <Latency = 0> <II = 1> <Delay = 0.69> <FuncUnit> <Opcode : 'select'> <InPorts = 3> <OutPorts = 1>
ST_8 : Operation 500 [1/1] (0.69ns)   --->   "%acc_683 = select i1 %icmp_ln144_69, i14 %acc_593, i14 %x_304" [firmware/nnet_utils/nnet_dense_resource.h:144]   --->   Operation 500 'select' 'acc_683' <Predicate = true> <Delay = 0.69> <CoreInst = "Sel">   --->   Core 73 'Sel' <Latency = 0> <II = 1> <Delay = 0.69> <FuncUnit> <Opcode : 'select'> <InPorts = 3> <OutPorts = 1>
ST_8 : Operation 501 [1/1] (0.69ns)   --->   "%acc_682 = select i1 %icmp_ln144_68, i14 %acc_593, i14 %x_305" [firmware/nnet_utils/nnet_dense_resource.h:144]   --->   Operation 501 'select' 'acc_682' <Predicate = true> <Delay = 0.69> <CoreInst = "Sel">   --->   Core 73 'Sel' <Latency = 0> <II = 1> <Delay = 0.69> <FuncUnit> <Opcode : 'select'> <InPorts = 3> <OutPorts = 1>
ST_8 : Operation 502 [1/1] (0.69ns)   --->   "%acc_681 = select i1 %icmp_ln144_67, i14 %acc_593, i14 %x_306" [firmware/nnet_utils/nnet_dense_resource.h:144]   --->   Operation 502 'select' 'acc_681' <Predicate = true> <Delay = 0.69> <CoreInst = "Sel">   --->   Core 73 'Sel' <Latency = 0> <II = 1> <Delay = 0.69> <FuncUnit> <Opcode : 'select'> <InPorts = 3> <OutPorts = 1>
ST_8 : Operation 503 [1/1] (0.69ns)   --->   "%acc_680 = select i1 %icmp_ln144_66, i14 %acc_593, i14 %x_307" [firmware/nnet_utils/nnet_dense_resource.h:144]   --->   Operation 503 'select' 'acc_680' <Predicate = true> <Delay = 0.69> <CoreInst = "Sel">   --->   Core 73 'Sel' <Latency = 0> <II = 1> <Delay = 0.69> <FuncUnit> <Opcode : 'select'> <InPorts = 3> <OutPorts = 1>
ST_8 : Operation 504 [1/1] (0.69ns)   --->   "%acc_679 = select i1 %icmp_ln144_65, i14 %acc_593, i14 %x_308" [firmware/nnet_utils/nnet_dense_resource.h:144]   --->   Operation 504 'select' 'acc_679' <Predicate = true> <Delay = 0.69> <CoreInst = "Sel">   --->   Core 73 'Sel' <Latency = 0> <II = 1> <Delay = 0.69> <FuncUnit> <Opcode : 'select'> <InPorts = 3> <OutPorts = 1>
ST_8 : Operation 505 [1/1] (0.69ns)   --->   "%acc_678 = select i1 %icmp_ln144_64, i14 %acc_593, i14 %x_309" [firmware/nnet_utils/nnet_dense_resource.h:144]   --->   Operation 505 'select' 'acc_678' <Predicate = true> <Delay = 0.69> <CoreInst = "Sel">   --->   Core 73 'Sel' <Latency = 0> <II = 1> <Delay = 0.69> <FuncUnit> <Opcode : 'select'> <InPorts = 3> <OutPorts = 1>
ST_8 : Operation 506 [1/1] (0.00ns)   --->   "%sext_ln144_147 = sext i14 %tmp_566" [firmware/nnet_utils/nnet_dense_resource.h:144]   --->   Operation 506 'sext' 'sext_ln144_147' <Predicate = true> <Delay = 0.00>
ST_8 : Operation 507 [1/1] (0.00ns)   --->   "%sext_ln144_148 = sext i14 %add_ln144_147" [firmware/nnet_utils/nnet_dense_resource.h:144]   --->   Operation 507 'sext' 'sext_ln144_148' <Predicate = true> <Delay = 0.00>
ST_8 : Operation 508 [1/1] (2.13ns)   --->   "%acc_595 = add i14 %add_ln144_147, i14 %tmp_566" [firmware/nnet_utils/nnet_dense_resource.h:144]   --->   Operation 508 'add' 'acc_595' <Predicate = true> <Delay = 2.13> <CoreInst = "Adder">   --->   Core 1 'Adder' <Latency = 0> <II = 1> <Delay = 2.13> <FuncUnit> <Opcode : 'add' 'sub'> <InPorts = 2> <OutPorts = 1>
ST_8 : Operation 509 [1/1] (2.13ns)   --->   "%sub_ln144_73 = sub i15 0, i15 %sext_ln144_147" [firmware/nnet_utils/nnet_dense_resource.h:144]   --->   Operation 509 'sub' 'sub_ln144_73' <Predicate = true> <Delay = 2.13> <CoreInst = "Adder">   --->   Core 1 'Adder' <Latency = 0> <II = 1> <Delay = 2.13> <FuncUnit> <Opcode : 'add' 'sub'> <InPorts = 2> <OutPorts = 1>
ST_8 : Operation 510 [1/1] (2.14ns)   --->   "%icmp_ln144_81 = icmp_ne  i15 %sext_ln144_148, i15 %sub_ln144_73" [firmware/nnet_utils/nnet_dense_resource.h:144]   --->   Operation 510 'icmp' 'icmp_ln144_81' <Predicate = true> <Delay = 2.14> <CoreInst = "Cmp">   --->   Core 9 'Cmp' <Latency = 0> <II = 1> <Delay = 2.14> <FuncUnit> <Opcode : 'seteq' 'setne' 'setle' 'setge' 'setlt' 'setgt'> <InPorts = 2> <OutPorts = 1>
ST_8 : Operation 511 [1/1] (0.00ns) (grouped into LUT with out node acc_594)   --->   "%or_ln144_42 = or i1 %icmp_ln144_71, i1 %icmp_ln144_81" [firmware/nnet_utils/nnet_dense_resource.h:144]   --->   Operation 511 'or' 'or_ln144_42' <Predicate = true> <Delay = 0.00> <CoreInst = "LogicGate">   --->   Core 74 'LogicGate' <Latency = 0> <II = 1> <Delay = 0.97> <FuncUnit> <Opcode : 'and' 'or' 'xor'> <InPorts = 2> <OutPorts = 1>
ST_8 : Operation 512 [1/1] (0.00ns) (grouped into LUT with out node acc_594)   --->   "%or_ln144_43 = or i1 %or_ln144_1, i1 %or_ln144_42" [firmware/nnet_utils/nnet_dense_resource.h:144]   --->   Operation 512 'or' 'or_ln144_43' <Predicate = true> <Delay = 0.00> <CoreInst = "LogicGate">   --->   Core 74 'LogicGate' <Latency = 0> <II = 1> <Delay = 0.97> <FuncUnit> <Opcode : 'and' 'or' 'xor'> <InPorts = 2> <OutPorts = 1>
ST_8 : Operation 513 [1/1] (0.00ns) (grouped into LUT with out node acc_594)   --->   "%or_ln144_44 = or i1 %or_ln144_5, i1 %or_ln144_43" [firmware/nnet_utils/nnet_dense_resource.h:144]   --->   Operation 513 'or' 'or_ln144_44' <Predicate = true> <Delay = 0.00> <CoreInst = "LogicGate">   --->   Core 74 'LogicGate' <Latency = 0> <II = 1> <Delay = 0.97> <FuncUnit> <Opcode : 'and' 'or' 'xor'> <InPorts = 2> <OutPorts = 1>
ST_8 : Operation 514 [1/1] (0.97ns) (out node of the LUT)   --->   "%acc_594 = select i1 %or_ln144_44, i14 %x_302, i14 0" [firmware/nnet_utils/nnet_dense_resource.h:144]   --->   Operation 514 'select' 'acc_594' <Predicate = true> <Delay = 0.97> <CoreInst = "Sel">   --->   Core 73 'Sel' <Latency = 0> <II = 1> <Delay = 0.69> <FuncUnit> <Opcode : 'select'> <InPorts = 3> <OutPorts = 1>
ST_8 : Operation 515 [1/1] (0.00ns)   --->   "%zext_ln144_74 = zext i1 %tmp_810" [firmware/nnet_utils/nnet_dense_resource.h:144]   --->   Operation 515 'zext' 'zext_ln144_74' <Predicate = true> <Delay = 0.00>
ST_8 : Operation 516 [1/1] (2.13ns)   --->   "%add_ln144_149 = add i14 %trunc_ln144_73, i14 %zext_ln144_74" [firmware/nnet_utils/nnet_dense_resource.h:144]   --->   Operation 516 'add' 'add_ln144_149' <Predicate = true> <Delay = 2.13> <CoreInst = "Adder">   --->   Core 1 'Adder' <Latency = 0> <II = 1> <Delay = 2.13> <FuncUnit> <Opcode : 'add' 'sub'> <InPorts = 2> <OutPorts = 1>
ST_8 : Operation 517 [1/1] (1.80ns)   --->   "%tmp_568 = sparsemux i14 @_ssdm_op_SparseMux.ap_auto.8i14.i14.i3, i3 0, i14 %x_294, i3 1, i14 %x_293, i3 2, i14 %x_292, i3 3, i14 %x_291, i3 4, i14 %x_290, i3 5, i14 %x_289, i3 6, i14 %x_288, i3 7, i14 %x_287, i14 0, i3 %out_index" [firmware/nnet_utils/nnet_dense_resource.h:144]   --->   Operation 517 'sparsemux' 'tmp_568' <Predicate = true> <Delay = 1.80> <CoreInst = "BinarySparseMux_DontCare">   --->   Core 137 'BinarySparseMux_DontCare' <Latency = 0> <II = 1> <Delay = 1.80> <FuncUnit> <Opcode : 'sparsemux'> <InPorts = 2> <OutPorts = 1>
ST_8 : Operation 518 [1/1] (0.69ns)   --->   "%acc_692 = select i1 %icmp_ln144_71, i14 %acc_595, i14 %x_295" [firmware/nnet_utils/nnet_dense_resource.h:144]   --->   Operation 518 'select' 'acc_692' <Predicate = true> <Delay = 0.69> <CoreInst = "Sel">   --->   Core 73 'Sel' <Latency = 0> <II = 1> <Delay = 0.69> <FuncUnit> <Opcode : 'select'> <InPorts = 3> <OutPorts = 1>
ST_8 : Operation 519 [1/1] (0.69ns)   --->   "%acc_691 = select i1 %icmp_ln144_69, i14 %acc_595, i14 %x_296" [firmware/nnet_utils/nnet_dense_resource.h:144]   --->   Operation 519 'select' 'acc_691' <Predicate = true> <Delay = 0.69> <CoreInst = "Sel">   --->   Core 73 'Sel' <Latency = 0> <II = 1> <Delay = 0.69> <FuncUnit> <Opcode : 'select'> <InPorts = 3> <OutPorts = 1>
ST_8 : Operation 520 [1/1] (0.69ns)   --->   "%acc_690 = select i1 %icmp_ln144_68, i14 %acc_595, i14 %x_297" [firmware/nnet_utils/nnet_dense_resource.h:144]   --->   Operation 520 'select' 'acc_690' <Predicate = true> <Delay = 0.69> <CoreInst = "Sel">   --->   Core 73 'Sel' <Latency = 0> <II = 1> <Delay = 0.69> <FuncUnit> <Opcode : 'select'> <InPorts = 3> <OutPorts = 1>
ST_8 : Operation 521 [1/1] (0.69ns)   --->   "%acc_689 = select i1 %icmp_ln144_67, i14 %acc_595, i14 %x_298" [firmware/nnet_utils/nnet_dense_resource.h:144]   --->   Operation 521 'select' 'acc_689' <Predicate = true> <Delay = 0.69> <CoreInst = "Sel">   --->   Core 73 'Sel' <Latency = 0> <II = 1> <Delay = 0.69> <FuncUnit> <Opcode : 'select'> <InPorts = 3> <OutPorts = 1>
ST_8 : Operation 522 [1/1] (0.69ns)   --->   "%acc_688 = select i1 %icmp_ln144_66, i14 %acc_595, i14 %x_299" [firmware/nnet_utils/nnet_dense_resource.h:144]   --->   Operation 522 'select' 'acc_688' <Predicate = true> <Delay = 0.69> <CoreInst = "Sel">   --->   Core 73 'Sel' <Latency = 0> <II = 1> <Delay = 0.69> <FuncUnit> <Opcode : 'select'> <InPorts = 3> <OutPorts = 1>
ST_8 : Operation 523 [1/1] (0.69ns)   --->   "%acc_687 = select i1 %icmp_ln144_65, i14 %acc_595, i14 %x_300" [firmware/nnet_utils/nnet_dense_resource.h:144]   --->   Operation 523 'select' 'acc_687' <Predicate = true> <Delay = 0.69> <CoreInst = "Sel">   --->   Core 73 'Sel' <Latency = 0> <II = 1> <Delay = 0.69> <FuncUnit> <Opcode : 'select'> <InPorts = 3> <OutPorts = 1>
ST_8 : Operation 524 [1/1] (0.69ns)   --->   "%acc_686 = select i1 %icmp_ln144_64, i14 %acc_595, i14 %x_301" [firmware/nnet_utils/nnet_dense_resource.h:144]   --->   Operation 524 'select' 'acc_686' <Predicate = true> <Delay = 0.69> <CoreInst = "Sel">   --->   Core 73 'Sel' <Latency = 0> <II = 1> <Delay = 0.69> <FuncUnit> <Opcode : 'select'> <InPorts = 3> <OutPorts = 1>
ST_8 : Operation 525 [1/1] (0.00ns)   --->   "%sext_ln144_149 = sext i14 %tmp_568" [firmware/nnet_utils/nnet_dense_resource.h:144]   --->   Operation 525 'sext' 'sext_ln144_149' <Predicate = true> <Delay = 0.00>
ST_8 : Operation 526 [1/1] (0.00ns)   --->   "%sext_ln144_150 = sext i14 %add_ln144_149" [firmware/nnet_utils/nnet_dense_resource.h:144]   --->   Operation 526 'sext' 'sext_ln144_150' <Predicate = true> <Delay = 0.00>
ST_8 : Operation 527 [1/1] (2.13ns)   --->   "%acc_597 = add i14 %add_ln144_149, i14 %tmp_568" [firmware/nnet_utils/nnet_dense_resource.h:144]   --->   Operation 527 'add' 'acc_597' <Predicate = true> <Delay = 2.13> <CoreInst = "Adder">   --->   Core 1 'Adder' <Latency = 0> <II = 1> <Delay = 2.13> <FuncUnit> <Opcode : 'add' 'sub'> <InPorts = 2> <OutPorts = 1>
ST_8 : Operation 528 [1/1] (2.13ns)   --->   "%sub_ln144_74 = sub i15 0, i15 %sext_ln144_149" [firmware/nnet_utils/nnet_dense_resource.h:144]   --->   Operation 528 'sub' 'sub_ln144_74' <Predicate = true> <Delay = 2.13> <CoreInst = "Adder">   --->   Core 1 'Adder' <Latency = 0> <II = 1> <Delay = 2.13> <FuncUnit> <Opcode : 'add' 'sub'> <InPorts = 2> <OutPorts = 1>
ST_8 : Operation 529 [1/1] (2.14ns)   --->   "%icmp_ln144_82 = icmp_ne  i15 %sext_ln144_150, i15 %sub_ln144_74" [firmware/nnet_utils/nnet_dense_resource.h:144]   --->   Operation 529 'icmp' 'icmp_ln144_82' <Predicate = true> <Delay = 2.14> <CoreInst = "Cmp">   --->   Core 9 'Cmp' <Latency = 0> <II = 1> <Delay = 2.14> <FuncUnit> <Opcode : 'seteq' 'setne' 'setle' 'setge' 'setlt' 'setgt'> <InPorts = 2> <OutPorts = 1>
ST_8 : Operation 530 [1/1] (0.00ns) (grouped into LUT with out node acc_596)   --->   "%or_ln144_45 = or i1 %icmp_ln144_71, i1 %icmp_ln144_82" [firmware/nnet_utils/nnet_dense_resource.h:144]   --->   Operation 530 'or' 'or_ln144_45' <Predicate = true> <Delay = 0.00> <CoreInst = "LogicGate">   --->   Core 74 'LogicGate' <Latency = 0> <II = 1> <Delay = 0.97> <FuncUnit> <Opcode : 'and' 'or' 'xor'> <InPorts = 2> <OutPorts = 1>
ST_8 : Operation 531 [1/1] (0.00ns) (grouped into LUT with out node acc_596)   --->   "%or_ln144_46 = or i1 %or_ln144_1, i1 %or_ln144_45" [firmware/nnet_utils/nnet_dense_resource.h:144]   --->   Operation 531 'or' 'or_ln144_46' <Predicate = true> <Delay = 0.00> <CoreInst = "LogicGate">   --->   Core 74 'LogicGate' <Latency = 0> <II = 1> <Delay = 0.97> <FuncUnit> <Opcode : 'and' 'or' 'xor'> <InPorts = 2> <OutPorts = 1>
ST_8 : Operation 532 [1/1] (0.00ns) (grouped into LUT with out node acc_596)   --->   "%or_ln144_47 = or i1 %or_ln144_5, i1 %or_ln144_46" [firmware/nnet_utils/nnet_dense_resource.h:144]   --->   Operation 532 'or' 'or_ln144_47' <Predicate = true> <Delay = 0.00> <CoreInst = "LogicGate">   --->   Core 74 'LogicGate' <Latency = 0> <II = 1> <Delay = 0.97> <FuncUnit> <Opcode : 'and' 'or' 'xor'> <InPorts = 2> <OutPorts = 1>
ST_8 : Operation 533 [1/1] (0.97ns) (out node of the LUT)   --->   "%acc_596 = select i1 %or_ln144_47, i14 %x_294, i14 0" [firmware/nnet_utils/nnet_dense_resource.h:144]   --->   Operation 533 'select' 'acc_596' <Predicate = true> <Delay = 0.97> <CoreInst = "Sel">   --->   Core 73 'Sel' <Latency = 0> <II = 1> <Delay = 0.69> <FuncUnit> <Opcode : 'select'> <InPorts = 3> <OutPorts = 1>
ST_8 : Operation 534 [1/1] (0.00ns)   --->   "%zext_ln144_75 = zext i1 %tmp_811" [firmware/nnet_utils/nnet_dense_resource.h:144]   --->   Operation 534 'zext' 'zext_ln144_75' <Predicate = true> <Delay = 0.00>
ST_8 : Operation 535 [1/1] (2.13ns)   --->   "%add_ln144_151 = add i14 %trunc_ln144_74, i14 %zext_ln144_75" [firmware/nnet_utils/nnet_dense_resource.h:144]   --->   Operation 535 'add' 'add_ln144_151' <Predicate = true> <Delay = 2.13> <CoreInst = "Adder">   --->   Core 1 'Adder' <Latency = 0> <II = 1> <Delay = 2.13> <FuncUnit> <Opcode : 'add' 'sub'> <InPorts = 2> <OutPorts = 1>
ST_8 : Operation 536 [1/1] (1.80ns)   --->   "%tmp_570 = sparsemux i14 @_ssdm_op_SparseMux.ap_auto.8i14.i14.i3, i3 0, i14 %x_286, i3 1, i14 %x_285, i3 2, i14 %x_284, i3 3, i14 %x_283, i3 4, i14 %x_282, i3 5, i14 %x_281, i3 6, i14 %x_280, i3 7, i14 %x_279, i14 0, i3 %out_index" [firmware/nnet_utils/nnet_dense_resource.h:144]   --->   Operation 536 'sparsemux' 'tmp_570' <Predicate = true> <Delay = 1.80> <CoreInst = "BinarySparseMux_DontCare">   --->   Core 137 'BinarySparseMux_DontCare' <Latency = 0> <II = 1> <Delay = 1.80> <FuncUnit> <Opcode : 'sparsemux'> <InPorts = 2> <OutPorts = 1>
ST_8 : Operation 537 [1/1] (0.69ns)   --->   "%acc_700 = select i1 %icmp_ln144_71, i14 %acc_597, i14 %x_287" [firmware/nnet_utils/nnet_dense_resource.h:144]   --->   Operation 537 'select' 'acc_700' <Predicate = true> <Delay = 0.69> <CoreInst = "Sel">   --->   Core 73 'Sel' <Latency = 0> <II = 1> <Delay = 0.69> <FuncUnit> <Opcode : 'select'> <InPorts = 3> <OutPorts = 1>
ST_8 : Operation 538 [1/1] (0.69ns)   --->   "%acc_699 = select i1 %icmp_ln144_69, i14 %acc_597, i14 %x_288" [firmware/nnet_utils/nnet_dense_resource.h:144]   --->   Operation 538 'select' 'acc_699' <Predicate = true> <Delay = 0.69> <CoreInst = "Sel">   --->   Core 73 'Sel' <Latency = 0> <II = 1> <Delay = 0.69> <FuncUnit> <Opcode : 'select'> <InPorts = 3> <OutPorts = 1>
ST_8 : Operation 539 [1/1] (0.69ns)   --->   "%acc_698 = select i1 %icmp_ln144_68, i14 %acc_597, i14 %x_289" [firmware/nnet_utils/nnet_dense_resource.h:144]   --->   Operation 539 'select' 'acc_698' <Predicate = true> <Delay = 0.69> <CoreInst = "Sel">   --->   Core 73 'Sel' <Latency = 0> <II = 1> <Delay = 0.69> <FuncUnit> <Opcode : 'select'> <InPorts = 3> <OutPorts = 1>
ST_8 : Operation 540 [1/1] (0.69ns)   --->   "%acc_697 = select i1 %icmp_ln144_67, i14 %acc_597, i14 %x_290" [firmware/nnet_utils/nnet_dense_resource.h:144]   --->   Operation 540 'select' 'acc_697' <Predicate = true> <Delay = 0.69> <CoreInst = "Sel">   --->   Core 73 'Sel' <Latency = 0> <II = 1> <Delay = 0.69> <FuncUnit> <Opcode : 'select'> <InPorts = 3> <OutPorts = 1>
ST_8 : Operation 541 [1/1] (0.69ns)   --->   "%acc_696 = select i1 %icmp_ln144_66, i14 %acc_597, i14 %x_291" [firmware/nnet_utils/nnet_dense_resource.h:144]   --->   Operation 541 'select' 'acc_696' <Predicate = true> <Delay = 0.69> <CoreInst = "Sel">   --->   Core 73 'Sel' <Latency = 0> <II = 1> <Delay = 0.69> <FuncUnit> <Opcode : 'select'> <InPorts = 3> <OutPorts = 1>
ST_8 : Operation 542 [1/1] (0.69ns)   --->   "%acc_695 = select i1 %icmp_ln144_65, i14 %acc_597, i14 %x_292" [firmware/nnet_utils/nnet_dense_resource.h:144]   --->   Operation 542 'select' 'acc_695' <Predicate = true> <Delay = 0.69> <CoreInst = "Sel">   --->   Core 73 'Sel' <Latency = 0> <II = 1> <Delay = 0.69> <FuncUnit> <Opcode : 'select'> <InPorts = 3> <OutPorts = 1>
ST_8 : Operation 543 [1/1] (0.69ns)   --->   "%acc_694 = select i1 %icmp_ln144_64, i14 %acc_597, i14 %x_293" [firmware/nnet_utils/nnet_dense_resource.h:144]   --->   Operation 543 'select' 'acc_694' <Predicate = true> <Delay = 0.69> <CoreInst = "Sel">   --->   Core 73 'Sel' <Latency = 0> <II = 1> <Delay = 0.69> <FuncUnit> <Opcode : 'select'> <InPorts = 3> <OutPorts = 1>
ST_8 : Operation 544 [1/1] (0.00ns)   --->   "%sext_ln144_151 = sext i14 %tmp_570" [firmware/nnet_utils/nnet_dense_resource.h:144]   --->   Operation 544 'sext' 'sext_ln144_151' <Predicate = true> <Delay = 0.00>
ST_8 : Operation 545 [1/1] (0.00ns)   --->   "%sext_ln144_152 = sext i14 %add_ln144_151" [firmware/nnet_utils/nnet_dense_resource.h:144]   --->   Operation 545 'sext' 'sext_ln144_152' <Predicate = true> <Delay = 0.00>
ST_8 : Operation 546 [1/1] (2.13ns)   --->   "%acc_599 = add i14 %add_ln144_151, i14 %tmp_570" [firmware/nnet_utils/nnet_dense_resource.h:144]   --->   Operation 546 'add' 'acc_599' <Predicate = true> <Delay = 2.13> <CoreInst = "Adder">   --->   Core 1 'Adder' <Latency = 0> <II = 1> <Delay = 2.13> <FuncUnit> <Opcode : 'add' 'sub'> <InPorts = 2> <OutPorts = 1>
ST_8 : Operation 547 [1/1] (2.13ns)   --->   "%sub_ln144_75 = sub i15 0, i15 %sext_ln144_151" [firmware/nnet_utils/nnet_dense_resource.h:144]   --->   Operation 547 'sub' 'sub_ln144_75' <Predicate = true> <Delay = 2.13> <CoreInst = "Adder">   --->   Core 1 'Adder' <Latency = 0> <II = 1> <Delay = 2.13> <FuncUnit> <Opcode : 'add' 'sub'> <InPorts = 2> <OutPorts = 1>
ST_8 : Operation 548 [1/1] (2.14ns)   --->   "%icmp_ln144_83 = icmp_ne  i15 %sext_ln144_152, i15 %sub_ln144_75" [firmware/nnet_utils/nnet_dense_resource.h:144]   --->   Operation 548 'icmp' 'icmp_ln144_83' <Predicate = true> <Delay = 2.14> <CoreInst = "Cmp">   --->   Core 9 'Cmp' <Latency = 0> <II = 1> <Delay = 2.14> <FuncUnit> <Opcode : 'seteq' 'setne' 'setle' 'setge' 'setlt' 'setgt'> <InPorts = 2> <OutPorts = 1>
ST_8 : Operation 549 [1/1] (0.00ns) (grouped into LUT with out node acc_598)   --->   "%or_ln144_48 = or i1 %icmp_ln144_71, i1 %icmp_ln144_83" [firmware/nnet_utils/nnet_dense_resource.h:144]   --->   Operation 549 'or' 'or_ln144_48' <Predicate = true> <Delay = 0.00> <CoreInst = "LogicGate">   --->   Core 74 'LogicGate' <Latency = 0> <II = 1> <Delay = 0.97> <FuncUnit> <Opcode : 'and' 'or' 'xor'> <InPorts = 2> <OutPorts = 1>
ST_8 : Operation 550 [1/1] (0.00ns) (grouped into LUT with out node acc_598)   --->   "%or_ln144_49 = or i1 %or_ln144_1, i1 %or_ln144_48" [firmware/nnet_utils/nnet_dense_resource.h:144]   --->   Operation 550 'or' 'or_ln144_49' <Predicate = true> <Delay = 0.00> <CoreInst = "LogicGate">   --->   Core 74 'LogicGate' <Latency = 0> <II = 1> <Delay = 0.97> <FuncUnit> <Opcode : 'and' 'or' 'xor'> <InPorts = 2> <OutPorts = 1>
ST_8 : Operation 551 [1/1] (0.00ns) (grouped into LUT with out node acc_598)   --->   "%or_ln144_50 = or i1 %or_ln144_5, i1 %or_ln144_49" [firmware/nnet_utils/nnet_dense_resource.h:144]   --->   Operation 551 'or' 'or_ln144_50' <Predicate = true> <Delay = 0.00> <CoreInst = "LogicGate">   --->   Core 74 'LogicGate' <Latency = 0> <II = 1> <Delay = 0.97> <FuncUnit> <Opcode : 'and' 'or' 'xor'> <InPorts = 2> <OutPorts = 1>
ST_8 : Operation 552 [1/1] (0.97ns) (out node of the LUT)   --->   "%acc_598 = select i1 %or_ln144_50, i14 %x_286, i14 0" [firmware/nnet_utils/nnet_dense_resource.h:144]   --->   Operation 552 'select' 'acc_598' <Predicate = true> <Delay = 0.97> <CoreInst = "Sel">   --->   Core 73 'Sel' <Latency = 0> <II = 1> <Delay = 0.69> <FuncUnit> <Opcode : 'select'> <InPorts = 3> <OutPorts = 1>
ST_8 : Operation 553 [1/1] (0.00ns)   --->   "%zext_ln144_76 = zext i1 %tmp_812" [firmware/nnet_utils/nnet_dense_resource.h:144]   --->   Operation 553 'zext' 'zext_ln144_76' <Predicate = true> <Delay = 0.00>
ST_8 : Operation 554 [1/1] (2.13ns)   --->   "%add_ln144_153 = add i14 %trunc_ln144_75, i14 %zext_ln144_76" [firmware/nnet_utils/nnet_dense_resource.h:144]   --->   Operation 554 'add' 'add_ln144_153' <Predicate = true> <Delay = 2.13> <CoreInst = "Adder">   --->   Core 1 'Adder' <Latency = 0> <II = 1> <Delay = 2.13> <FuncUnit> <Opcode : 'add' 'sub'> <InPorts = 2> <OutPorts = 1>
ST_8 : Operation 555 [1/1] (1.80ns)   --->   "%tmp_572 = sparsemux i14 @_ssdm_op_SparseMux.ap_auto.8i14.i14.i3, i3 0, i14 %x_278, i3 1, i14 %x_277, i3 2, i14 %x_276, i3 3, i14 %x_275, i3 4, i14 %x_274, i3 5, i14 %x_273, i3 6, i14 %x_272, i3 7, i14 %x_271, i14 0, i3 %out_index" [firmware/nnet_utils/nnet_dense_resource.h:144]   --->   Operation 555 'sparsemux' 'tmp_572' <Predicate = true> <Delay = 1.80> <CoreInst = "BinarySparseMux_DontCare">   --->   Core 137 'BinarySparseMux_DontCare' <Latency = 0> <II = 1> <Delay = 1.80> <FuncUnit> <Opcode : 'sparsemux'> <InPorts = 2> <OutPorts = 1>
ST_8 : Operation 556 [1/1] (0.69ns)   --->   "%acc_708 = select i1 %icmp_ln144_71, i14 %acc_599, i14 %x_279" [firmware/nnet_utils/nnet_dense_resource.h:144]   --->   Operation 556 'select' 'acc_708' <Predicate = true> <Delay = 0.69> <CoreInst = "Sel">   --->   Core 73 'Sel' <Latency = 0> <II = 1> <Delay = 0.69> <FuncUnit> <Opcode : 'select'> <InPorts = 3> <OutPorts = 1>
ST_8 : Operation 557 [1/1] (0.69ns)   --->   "%acc_707 = select i1 %icmp_ln144_69, i14 %acc_599, i14 %x_280" [firmware/nnet_utils/nnet_dense_resource.h:144]   --->   Operation 557 'select' 'acc_707' <Predicate = true> <Delay = 0.69> <CoreInst = "Sel">   --->   Core 73 'Sel' <Latency = 0> <II = 1> <Delay = 0.69> <FuncUnit> <Opcode : 'select'> <InPorts = 3> <OutPorts = 1>
ST_8 : Operation 558 [1/1] (0.69ns)   --->   "%acc_706 = select i1 %icmp_ln144_68, i14 %acc_599, i14 %x_281" [firmware/nnet_utils/nnet_dense_resource.h:144]   --->   Operation 558 'select' 'acc_706' <Predicate = true> <Delay = 0.69> <CoreInst = "Sel">   --->   Core 73 'Sel' <Latency = 0> <II = 1> <Delay = 0.69> <FuncUnit> <Opcode : 'select'> <InPorts = 3> <OutPorts = 1>
ST_8 : Operation 559 [1/1] (0.69ns)   --->   "%acc_705 = select i1 %icmp_ln144_67, i14 %acc_599, i14 %x_282" [firmware/nnet_utils/nnet_dense_resource.h:144]   --->   Operation 559 'select' 'acc_705' <Predicate = true> <Delay = 0.69> <CoreInst = "Sel">   --->   Core 73 'Sel' <Latency = 0> <II = 1> <Delay = 0.69> <FuncUnit> <Opcode : 'select'> <InPorts = 3> <OutPorts = 1>
ST_8 : Operation 560 [1/1] (0.69ns)   --->   "%acc_704 = select i1 %icmp_ln144_66, i14 %acc_599, i14 %x_283" [firmware/nnet_utils/nnet_dense_resource.h:144]   --->   Operation 560 'select' 'acc_704' <Predicate = true> <Delay = 0.69> <CoreInst = "Sel">   --->   Core 73 'Sel' <Latency = 0> <II = 1> <Delay = 0.69> <FuncUnit> <Opcode : 'select'> <InPorts = 3> <OutPorts = 1>
ST_8 : Operation 561 [1/1] (0.69ns)   --->   "%acc_703 = select i1 %icmp_ln144_65, i14 %acc_599, i14 %x_284" [firmware/nnet_utils/nnet_dense_resource.h:144]   --->   Operation 561 'select' 'acc_703' <Predicate = true> <Delay = 0.69> <CoreInst = "Sel">   --->   Core 73 'Sel' <Latency = 0> <II = 1> <Delay = 0.69> <FuncUnit> <Opcode : 'select'> <InPorts = 3> <OutPorts = 1>
ST_8 : Operation 562 [1/1] (0.69ns)   --->   "%acc_702 = select i1 %icmp_ln144_64, i14 %acc_599, i14 %x_285" [firmware/nnet_utils/nnet_dense_resource.h:144]   --->   Operation 562 'select' 'acc_702' <Predicate = true> <Delay = 0.69> <CoreInst = "Sel">   --->   Core 73 'Sel' <Latency = 0> <II = 1> <Delay = 0.69> <FuncUnit> <Opcode : 'select'> <InPorts = 3> <OutPorts = 1>
ST_8 : Operation 563 [1/1] (0.00ns)   --->   "%sext_ln144_153 = sext i14 %tmp_572" [firmware/nnet_utils/nnet_dense_resource.h:144]   --->   Operation 563 'sext' 'sext_ln144_153' <Predicate = true> <Delay = 0.00>
ST_8 : Operation 564 [1/1] (0.00ns)   --->   "%sext_ln144_154 = sext i14 %add_ln144_153" [firmware/nnet_utils/nnet_dense_resource.h:144]   --->   Operation 564 'sext' 'sext_ln144_154' <Predicate = true> <Delay = 0.00>
ST_8 : Operation 565 [1/1] (2.13ns)   --->   "%acc_601 = add i14 %add_ln144_153, i14 %tmp_572" [firmware/nnet_utils/nnet_dense_resource.h:144]   --->   Operation 565 'add' 'acc_601' <Predicate = true> <Delay = 2.13> <CoreInst = "Adder">   --->   Core 1 'Adder' <Latency = 0> <II = 1> <Delay = 2.13> <FuncUnit> <Opcode : 'add' 'sub'> <InPorts = 2> <OutPorts = 1>
ST_8 : Operation 566 [1/1] (2.13ns)   --->   "%sub_ln144_76 = sub i15 0, i15 %sext_ln144_153" [firmware/nnet_utils/nnet_dense_resource.h:144]   --->   Operation 566 'sub' 'sub_ln144_76' <Predicate = true> <Delay = 2.13> <CoreInst = "Adder">   --->   Core 1 'Adder' <Latency = 0> <II = 1> <Delay = 2.13> <FuncUnit> <Opcode : 'add' 'sub'> <InPorts = 2> <OutPorts = 1>
ST_8 : Operation 567 [1/1] (2.14ns)   --->   "%icmp_ln144_84 = icmp_ne  i15 %sext_ln144_154, i15 %sub_ln144_76" [firmware/nnet_utils/nnet_dense_resource.h:144]   --->   Operation 567 'icmp' 'icmp_ln144_84' <Predicate = true> <Delay = 2.14> <CoreInst = "Cmp">   --->   Core 9 'Cmp' <Latency = 0> <II = 1> <Delay = 2.14> <FuncUnit> <Opcode : 'seteq' 'setne' 'setle' 'setge' 'setlt' 'setgt'> <InPorts = 2> <OutPorts = 1>
ST_8 : Operation 568 [1/1] (0.00ns) (grouped into LUT with out node acc_600)   --->   "%or_ln144_51 = or i1 %icmp_ln144_71, i1 %icmp_ln144_84" [firmware/nnet_utils/nnet_dense_resource.h:144]   --->   Operation 568 'or' 'or_ln144_51' <Predicate = true> <Delay = 0.00> <CoreInst = "LogicGate">   --->   Core 74 'LogicGate' <Latency = 0> <II = 1> <Delay = 0.97> <FuncUnit> <Opcode : 'and' 'or' 'xor'> <InPorts = 2> <OutPorts = 1>
ST_8 : Operation 569 [1/1] (0.00ns) (grouped into LUT with out node acc_600)   --->   "%or_ln144_52 = or i1 %or_ln144_1, i1 %or_ln144_51" [firmware/nnet_utils/nnet_dense_resource.h:144]   --->   Operation 569 'or' 'or_ln144_52' <Predicate = true> <Delay = 0.00> <CoreInst = "LogicGate">   --->   Core 74 'LogicGate' <Latency = 0> <II = 1> <Delay = 0.97> <FuncUnit> <Opcode : 'and' 'or' 'xor'> <InPorts = 2> <OutPorts = 1>
ST_8 : Operation 570 [1/1] (0.00ns) (grouped into LUT with out node acc_600)   --->   "%or_ln144_53 = or i1 %or_ln144_5, i1 %or_ln144_52" [firmware/nnet_utils/nnet_dense_resource.h:144]   --->   Operation 570 'or' 'or_ln144_53' <Predicate = true> <Delay = 0.00> <CoreInst = "LogicGate">   --->   Core 74 'LogicGate' <Latency = 0> <II = 1> <Delay = 0.97> <FuncUnit> <Opcode : 'and' 'or' 'xor'> <InPorts = 2> <OutPorts = 1>
ST_8 : Operation 571 [1/1] (0.97ns) (out node of the LUT)   --->   "%acc_600 = select i1 %or_ln144_53, i14 %x_278, i14 0" [firmware/nnet_utils/nnet_dense_resource.h:144]   --->   Operation 571 'select' 'acc_600' <Predicate = true> <Delay = 0.97> <CoreInst = "Sel">   --->   Core 73 'Sel' <Latency = 0> <II = 1> <Delay = 0.69> <FuncUnit> <Opcode : 'select'> <InPorts = 3> <OutPorts = 1>
ST_8 : Operation 572 [1/1] (0.00ns)   --->   "%zext_ln144_77 = zext i1 %tmp_813" [firmware/nnet_utils/nnet_dense_resource.h:144]   --->   Operation 572 'zext' 'zext_ln144_77' <Predicate = true> <Delay = 0.00>
ST_8 : Operation 573 [1/1] (2.13ns)   --->   "%add_ln144_155 = add i14 %trunc_ln144_76, i14 %zext_ln144_77" [firmware/nnet_utils/nnet_dense_resource.h:144]   --->   Operation 573 'add' 'add_ln144_155' <Predicate = true> <Delay = 2.13> <CoreInst = "Adder">   --->   Core 1 'Adder' <Latency = 0> <II = 1> <Delay = 2.13> <FuncUnit> <Opcode : 'add' 'sub'> <InPorts = 2> <OutPorts = 1>
ST_8 : Operation 574 [1/1] (1.80ns)   --->   "%tmp_574 = sparsemux i14 @_ssdm_op_SparseMux.ap_auto.8i14.i14.i3, i3 0, i14 %x_270, i3 1, i14 %x_269, i3 2, i14 %x_268, i3 3, i14 %x_267, i3 4, i14 %x_266, i3 5, i14 %x_265, i3 6, i14 %x_264, i3 7, i14 %x_263, i14 0, i3 %out_index" [firmware/nnet_utils/nnet_dense_resource.h:144]   --->   Operation 574 'sparsemux' 'tmp_574' <Predicate = true> <Delay = 1.80> <CoreInst = "BinarySparseMux_DontCare">   --->   Core 137 'BinarySparseMux_DontCare' <Latency = 0> <II = 1> <Delay = 1.80> <FuncUnit> <Opcode : 'sparsemux'> <InPorts = 2> <OutPorts = 1>
ST_8 : Operation 575 [1/1] (0.69ns)   --->   "%acc_716 = select i1 %icmp_ln144_71, i14 %acc_601, i14 %x_271" [firmware/nnet_utils/nnet_dense_resource.h:144]   --->   Operation 575 'select' 'acc_716' <Predicate = true> <Delay = 0.69> <CoreInst = "Sel">   --->   Core 73 'Sel' <Latency = 0> <II = 1> <Delay = 0.69> <FuncUnit> <Opcode : 'select'> <InPorts = 3> <OutPorts = 1>
ST_8 : Operation 576 [1/1] (0.69ns)   --->   "%acc_715 = select i1 %icmp_ln144_69, i14 %acc_601, i14 %x_272" [firmware/nnet_utils/nnet_dense_resource.h:144]   --->   Operation 576 'select' 'acc_715' <Predicate = true> <Delay = 0.69> <CoreInst = "Sel">   --->   Core 73 'Sel' <Latency = 0> <II = 1> <Delay = 0.69> <FuncUnit> <Opcode : 'select'> <InPorts = 3> <OutPorts = 1>
ST_8 : Operation 577 [1/1] (0.69ns)   --->   "%acc_714 = select i1 %icmp_ln144_68, i14 %acc_601, i14 %x_273" [firmware/nnet_utils/nnet_dense_resource.h:144]   --->   Operation 577 'select' 'acc_714' <Predicate = true> <Delay = 0.69> <CoreInst = "Sel">   --->   Core 73 'Sel' <Latency = 0> <II = 1> <Delay = 0.69> <FuncUnit> <Opcode : 'select'> <InPorts = 3> <OutPorts = 1>
ST_8 : Operation 578 [1/1] (0.69ns)   --->   "%acc_713 = select i1 %icmp_ln144_67, i14 %acc_601, i14 %x_274" [firmware/nnet_utils/nnet_dense_resource.h:144]   --->   Operation 578 'select' 'acc_713' <Predicate = true> <Delay = 0.69> <CoreInst = "Sel">   --->   Core 73 'Sel' <Latency = 0> <II = 1> <Delay = 0.69> <FuncUnit> <Opcode : 'select'> <InPorts = 3> <OutPorts = 1>
ST_8 : Operation 579 [1/1] (0.69ns)   --->   "%acc_712 = select i1 %icmp_ln144_66, i14 %acc_601, i14 %x_275" [firmware/nnet_utils/nnet_dense_resource.h:144]   --->   Operation 579 'select' 'acc_712' <Predicate = true> <Delay = 0.69> <CoreInst = "Sel">   --->   Core 73 'Sel' <Latency = 0> <II = 1> <Delay = 0.69> <FuncUnit> <Opcode : 'select'> <InPorts = 3> <OutPorts = 1>
ST_8 : Operation 580 [1/1] (0.69ns)   --->   "%acc_711 = select i1 %icmp_ln144_65, i14 %acc_601, i14 %x_276" [firmware/nnet_utils/nnet_dense_resource.h:144]   --->   Operation 580 'select' 'acc_711' <Predicate = true> <Delay = 0.69> <CoreInst = "Sel">   --->   Core 73 'Sel' <Latency = 0> <II = 1> <Delay = 0.69> <FuncUnit> <Opcode : 'select'> <InPorts = 3> <OutPorts = 1>
ST_8 : Operation 581 [1/1] (0.69ns)   --->   "%acc_710 = select i1 %icmp_ln144_64, i14 %acc_601, i14 %x_277" [firmware/nnet_utils/nnet_dense_resource.h:144]   --->   Operation 581 'select' 'acc_710' <Predicate = true> <Delay = 0.69> <CoreInst = "Sel">   --->   Core 73 'Sel' <Latency = 0> <II = 1> <Delay = 0.69> <FuncUnit> <Opcode : 'select'> <InPorts = 3> <OutPorts = 1>
ST_8 : Operation 582 [1/1] (0.00ns)   --->   "%sext_ln144_155 = sext i14 %tmp_574" [firmware/nnet_utils/nnet_dense_resource.h:144]   --->   Operation 582 'sext' 'sext_ln144_155' <Predicate = true> <Delay = 0.00>
ST_8 : Operation 583 [1/1] (0.00ns)   --->   "%sext_ln144_156 = sext i14 %add_ln144_155" [firmware/nnet_utils/nnet_dense_resource.h:144]   --->   Operation 583 'sext' 'sext_ln144_156' <Predicate = true> <Delay = 0.00>
ST_8 : Operation 584 [1/1] (2.13ns)   --->   "%acc_603 = add i14 %add_ln144_155, i14 %tmp_574" [firmware/nnet_utils/nnet_dense_resource.h:144]   --->   Operation 584 'add' 'acc_603' <Predicate = true> <Delay = 2.13> <CoreInst = "Adder">   --->   Core 1 'Adder' <Latency = 0> <II = 1> <Delay = 2.13> <FuncUnit> <Opcode : 'add' 'sub'> <InPorts = 2> <OutPorts = 1>
ST_8 : Operation 585 [1/1] (2.13ns)   --->   "%sub_ln144_77 = sub i15 0, i15 %sext_ln144_155" [firmware/nnet_utils/nnet_dense_resource.h:144]   --->   Operation 585 'sub' 'sub_ln144_77' <Predicate = true> <Delay = 2.13> <CoreInst = "Adder">   --->   Core 1 'Adder' <Latency = 0> <II = 1> <Delay = 2.13> <FuncUnit> <Opcode : 'add' 'sub'> <InPorts = 2> <OutPorts = 1>
ST_8 : Operation 586 [1/1] (2.14ns)   --->   "%icmp_ln144_85 = icmp_ne  i15 %sext_ln144_156, i15 %sub_ln144_77" [firmware/nnet_utils/nnet_dense_resource.h:144]   --->   Operation 586 'icmp' 'icmp_ln144_85' <Predicate = true> <Delay = 2.14> <CoreInst = "Cmp">   --->   Core 9 'Cmp' <Latency = 0> <II = 1> <Delay = 2.14> <FuncUnit> <Opcode : 'seteq' 'setne' 'setle' 'setge' 'setlt' 'setgt'> <InPorts = 2> <OutPorts = 1>
ST_8 : Operation 587 [1/1] (0.00ns) (grouped into LUT with out node acc_602)   --->   "%or_ln144_54 = or i1 %icmp_ln144_71, i1 %icmp_ln144_85" [firmware/nnet_utils/nnet_dense_resource.h:144]   --->   Operation 587 'or' 'or_ln144_54' <Predicate = true> <Delay = 0.00> <CoreInst = "LogicGate">   --->   Core 74 'LogicGate' <Latency = 0> <II = 1> <Delay = 0.97> <FuncUnit> <Opcode : 'and' 'or' 'xor'> <InPorts = 2> <OutPorts = 1>
ST_8 : Operation 588 [1/1] (0.00ns) (grouped into LUT with out node acc_602)   --->   "%or_ln144_55 = or i1 %or_ln144_1, i1 %or_ln144_54" [firmware/nnet_utils/nnet_dense_resource.h:144]   --->   Operation 588 'or' 'or_ln144_55' <Predicate = true> <Delay = 0.00> <CoreInst = "LogicGate">   --->   Core 74 'LogicGate' <Latency = 0> <II = 1> <Delay = 0.97> <FuncUnit> <Opcode : 'and' 'or' 'xor'> <InPorts = 2> <OutPorts = 1>
ST_8 : Operation 589 [1/1] (0.00ns) (grouped into LUT with out node acc_602)   --->   "%or_ln144_56 = or i1 %or_ln144_5, i1 %or_ln144_55" [firmware/nnet_utils/nnet_dense_resource.h:144]   --->   Operation 589 'or' 'or_ln144_56' <Predicate = true> <Delay = 0.00> <CoreInst = "LogicGate">   --->   Core 74 'LogicGate' <Latency = 0> <II = 1> <Delay = 0.97> <FuncUnit> <Opcode : 'and' 'or' 'xor'> <InPorts = 2> <OutPorts = 1>
ST_8 : Operation 590 [1/1] (0.97ns) (out node of the LUT)   --->   "%acc_602 = select i1 %or_ln144_56, i14 %x_270, i14 0" [firmware/nnet_utils/nnet_dense_resource.h:144]   --->   Operation 590 'select' 'acc_602' <Predicate = true> <Delay = 0.97> <CoreInst = "Sel">   --->   Core 73 'Sel' <Latency = 0> <II = 1> <Delay = 0.69> <FuncUnit> <Opcode : 'select'> <InPorts = 3> <OutPorts = 1>
ST_8 : Operation 591 [1/1] (0.00ns)   --->   "%zext_ln144_78 = zext i1 %tmp_814" [firmware/nnet_utils/nnet_dense_resource.h:144]   --->   Operation 591 'zext' 'zext_ln144_78' <Predicate = true> <Delay = 0.00>
ST_8 : Operation 592 [1/1] (2.13ns)   --->   "%add_ln144_157 = add i14 %trunc_ln144_77, i14 %zext_ln144_78" [firmware/nnet_utils/nnet_dense_resource.h:144]   --->   Operation 592 'add' 'add_ln144_157' <Predicate = true> <Delay = 2.13> <CoreInst = "Adder">   --->   Core 1 'Adder' <Latency = 0> <II = 1> <Delay = 2.13> <FuncUnit> <Opcode : 'add' 'sub'> <InPorts = 2> <OutPorts = 1>
ST_8 : Operation 593 [1/1] (1.80ns)   --->   "%tmp_576 = sparsemux i14 @_ssdm_op_SparseMux.ap_auto.8i14.i14.i3, i3 0, i14 %x_262, i3 1, i14 %x_261, i3 2, i14 %x_260, i3 3, i14 %x_259, i3 4, i14 %x_258, i3 5, i14 %x_257, i3 6, i14 %x_256, i3 7, i14 %x, i14 0, i3 %out_index" [firmware/nnet_utils/nnet_dense_resource.h:144]   --->   Operation 593 'sparsemux' 'tmp_576' <Predicate = true> <Delay = 1.80> <CoreInst = "BinarySparseMux_DontCare">   --->   Core 137 'BinarySparseMux_DontCare' <Latency = 0> <II = 1> <Delay = 1.80> <FuncUnit> <Opcode : 'sparsemux'> <InPorts = 2> <OutPorts = 1>
ST_8 : Operation 594 [1/1] (0.69ns)   --->   "%acc_724 = select i1 %icmp_ln144_71, i14 %acc_603, i14 %x_263" [firmware/nnet_utils/nnet_dense_resource.h:144]   --->   Operation 594 'select' 'acc_724' <Predicate = true> <Delay = 0.69> <CoreInst = "Sel">   --->   Core 73 'Sel' <Latency = 0> <II = 1> <Delay = 0.69> <FuncUnit> <Opcode : 'select'> <InPorts = 3> <OutPorts = 1>
ST_8 : Operation 595 [1/1] (0.69ns)   --->   "%acc_723 = select i1 %icmp_ln144_69, i14 %acc_603, i14 %x_264" [firmware/nnet_utils/nnet_dense_resource.h:144]   --->   Operation 595 'select' 'acc_723' <Predicate = true> <Delay = 0.69> <CoreInst = "Sel">   --->   Core 73 'Sel' <Latency = 0> <II = 1> <Delay = 0.69> <FuncUnit> <Opcode : 'select'> <InPorts = 3> <OutPorts = 1>
ST_8 : Operation 596 [1/1] (0.69ns)   --->   "%acc_722 = select i1 %icmp_ln144_68, i14 %acc_603, i14 %x_265" [firmware/nnet_utils/nnet_dense_resource.h:144]   --->   Operation 596 'select' 'acc_722' <Predicate = true> <Delay = 0.69> <CoreInst = "Sel">   --->   Core 73 'Sel' <Latency = 0> <II = 1> <Delay = 0.69> <FuncUnit> <Opcode : 'select'> <InPorts = 3> <OutPorts = 1>
ST_8 : Operation 597 [1/1] (0.69ns)   --->   "%acc_721 = select i1 %icmp_ln144_67, i14 %acc_603, i14 %x_266" [firmware/nnet_utils/nnet_dense_resource.h:144]   --->   Operation 597 'select' 'acc_721' <Predicate = true> <Delay = 0.69> <CoreInst = "Sel">   --->   Core 73 'Sel' <Latency = 0> <II = 1> <Delay = 0.69> <FuncUnit> <Opcode : 'select'> <InPorts = 3> <OutPorts = 1>
ST_8 : Operation 598 [1/1] (0.69ns)   --->   "%acc_720 = select i1 %icmp_ln144_66, i14 %acc_603, i14 %x_267" [firmware/nnet_utils/nnet_dense_resource.h:144]   --->   Operation 598 'select' 'acc_720' <Predicate = true> <Delay = 0.69> <CoreInst = "Sel">   --->   Core 73 'Sel' <Latency = 0> <II = 1> <Delay = 0.69> <FuncUnit> <Opcode : 'select'> <InPorts = 3> <OutPorts = 1>
ST_8 : Operation 599 [1/1] (0.69ns)   --->   "%acc_719 = select i1 %icmp_ln144_65, i14 %acc_603, i14 %x_268" [firmware/nnet_utils/nnet_dense_resource.h:144]   --->   Operation 599 'select' 'acc_719' <Predicate = true> <Delay = 0.69> <CoreInst = "Sel">   --->   Core 73 'Sel' <Latency = 0> <II = 1> <Delay = 0.69> <FuncUnit> <Opcode : 'select'> <InPorts = 3> <OutPorts = 1>
ST_8 : Operation 600 [1/1] (0.69ns)   --->   "%acc_718 = select i1 %icmp_ln144_64, i14 %acc_603, i14 %x_269" [firmware/nnet_utils/nnet_dense_resource.h:144]   --->   Operation 600 'select' 'acc_718' <Predicate = true> <Delay = 0.69> <CoreInst = "Sel">   --->   Core 73 'Sel' <Latency = 0> <II = 1> <Delay = 0.69> <FuncUnit> <Opcode : 'select'> <InPorts = 3> <OutPorts = 1>
ST_8 : Operation 601 [1/1] (0.00ns)   --->   "%sext_ln144_157 = sext i14 %tmp_576" [firmware/nnet_utils/nnet_dense_resource.h:144]   --->   Operation 601 'sext' 'sext_ln144_157' <Predicate = true> <Delay = 0.00>
ST_8 : Operation 602 [1/1] (0.00ns)   --->   "%sext_ln144_158 = sext i14 %add_ln144_157" [firmware/nnet_utils/nnet_dense_resource.h:144]   --->   Operation 602 'sext' 'sext_ln144_158' <Predicate = true> <Delay = 0.00>
ST_8 : Operation 603 [1/1] (2.13ns)   --->   "%acc_605 = add i14 %add_ln144_157, i14 %tmp_576" [firmware/nnet_utils/nnet_dense_resource.h:144]   --->   Operation 603 'add' 'acc_605' <Predicate = true> <Delay = 2.13> <CoreInst = "Adder">   --->   Core 1 'Adder' <Latency = 0> <II = 1> <Delay = 2.13> <FuncUnit> <Opcode : 'add' 'sub'> <InPorts = 2> <OutPorts = 1>
ST_8 : Operation 604 [1/1] (2.13ns)   --->   "%sub_ln144_78 = sub i15 0, i15 %sext_ln144_157" [firmware/nnet_utils/nnet_dense_resource.h:144]   --->   Operation 604 'sub' 'sub_ln144_78' <Predicate = true> <Delay = 2.13> <CoreInst = "Adder">   --->   Core 1 'Adder' <Latency = 0> <II = 1> <Delay = 2.13> <FuncUnit> <Opcode : 'add' 'sub'> <InPorts = 2> <OutPorts = 1>
ST_8 : Operation 605 [1/1] (2.14ns)   --->   "%icmp_ln144_86 = icmp_ne  i15 %sext_ln144_158, i15 %sub_ln144_78" [firmware/nnet_utils/nnet_dense_resource.h:144]   --->   Operation 605 'icmp' 'icmp_ln144_86' <Predicate = true> <Delay = 2.14> <CoreInst = "Cmp">   --->   Core 9 'Cmp' <Latency = 0> <II = 1> <Delay = 2.14> <FuncUnit> <Opcode : 'seteq' 'setne' 'setle' 'setge' 'setlt' 'setgt'> <InPorts = 2> <OutPorts = 1>
ST_8 : Operation 606 [1/1] (0.00ns) (grouped into LUT with out node acc_604)   --->   "%or_ln144_57 = or i1 %icmp_ln144_71, i1 %icmp_ln144_86" [firmware/nnet_utils/nnet_dense_resource.h:144]   --->   Operation 606 'or' 'or_ln144_57' <Predicate = true> <Delay = 0.00> <CoreInst = "LogicGate">   --->   Core 74 'LogicGate' <Latency = 0> <II = 1> <Delay = 0.97> <FuncUnit> <Opcode : 'and' 'or' 'xor'> <InPorts = 2> <OutPorts = 1>
ST_8 : Operation 607 [1/1] (0.00ns) (grouped into LUT with out node acc_604)   --->   "%or_ln144_58 = or i1 %or_ln144_1, i1 %or_ln144_57" [firmware/nnet_utils/nnet_dense_resource.h:144]   --->   Operation 607 'or' 'or_ln144_58' <Predicate = true> <Delay = 0.00> <CoreInst = "LogicGate">   --->   Core 74 'LogicGate' <Latency = 0> <II = 1> <Delay = 0.97> <FuncUnit> <Opcode : 'and' 'or' 'xor'> <InPorts = 2> <OutPorts = 1>
ST_8 : Operation 608 [1/1] (0.00ns) (grouped into LUT with out node acc_604)   --->   "%or_ln144_59 = or i1 %or_ln144_5, i1 %or_ln144_58" [firmware/nnet_utils/nnet_dense_resource.h:144]   --->   Operation 608 'or' 'or_ln144_59' <Predicate = true> <Delay = 0.00> <CoreInst = "LogicGate">   --->   Core 74 'LogicGate' <Latency = 0> <II = 1> <Delay = 0.97> <FuncUnit> <Opcode : 'and' 'or' 'xor'> <InPorts = 2> <OutPorts = 1>
ST_8 : Operation 609 [1/1] (0.97ns) (out node of the LUT)   --->   "%acc_604 = select i1 %or_ln144_59, i14 %x_262, i14 0" [firmware/nnet_utils/nnet_dense_resource.h:144]   --->   Operation 609 'select' 'acc_604' <Predicate = true> <Delay = 0.97> <CoreInst = "Sel">   --->   Core 73 'Sel' <Latency = 0> <II = 1> <Delay = 0.69> <FuncUnit> <Opcode : 'select'> <InPorts = 3> <OutPorts = 1>
ST_8 : Operation 610 [1/1] (0.69ns)   --->   "%acc_732 = select i1 %icmp_ln144_71, i14 %acc_605, i14 %x" [firmware/nnet_utils/nnet_dense_resource.h:144]   --->   Operation 610 'select' 'acc_732' <Predicate = true> <Delay = 0.69> <CoreInst = "Sel">   --->   Core 73 'Sel' <Latency = 0> <II = 1> <Delay = 0.69> <FuncUnit> <Opcode : 'select'> <InPorts = 3> <OutPorts = 1>
ST_8 : Operation 611 [1/1] (0.69ns)   --->   "%acc_731 = select i1 %icmp_ln144_69, i14 %acc_605, i14 %x_256" [firmware/nnet_utils/nnet_dense_resource.h:144]   --->   Operation 611 'select' 'acc_731' <Predicate = true> <Delay = 0.69> <CoreInst = "Sel">   --->   Core 73 'Sel' <Latency = 0> <II = 1> <Delay = 0.69> <FuncUnit> <Opcode : 'select'> <InPorts = 3> <OutPorts = 1>
ST_8 : Operation 612 [1/1] (0.69ns)   --->   "%acc_730 = select i1 %icmp_ln144_68, i14 %acc_605, i14 %x_257" [firmware/nnet_utils/nnet_dense_resource.h:144]   --->   Operation 612 'select' 'acc_730' <Predicate = true> <Delay = 0.69> <CoreInst = "Sel">   --->   Core 73 'Sel' <Latency = 0> <II = 1> <Delay = 0.69> <FuncUnit> <Opcode : 'select'> <InPorts = 3> <OutPorts = 1>
ST_8 : Operation 613 [1/1] (0.69ns)   --->   "%acc_729 = select i1 %icmp_ln144_67, i14 %acc_605, i14 %x_258" [firmware/nnet_utils/nnet_dense_resource.h:144]   --->   Operation 613 'select' 'acc_729' <Predicate = true> <Delay = 0.69> <CoreInst = "Sel">   --->   Core 73 'Sel' <Latency = 0> <II = 1> <Delay = 0.69> <FuncUnit> <Opcode : 'select'> <InPorts = 3> <OutPorts = 1>
ST_8 : Operation 614 [1/1] (0.69ns)   --->   "%acc_728 = select i1 %icmp_ln144_66, i14 %acc_605, i14 %x_259" [firmware/nnet_utils/nnet_dense_resource.h:144]   --->   Operation 614 'select' 'acc_728' <Predicate = true> <Delay = 0.69> <CoreInst = "Sel">   --->   Core 73 'Sel' <Latency = 0> <II = 1> <Delay = 0.69> <FuncUnit> <Opcode : 'select'> <InPorts = 3> <OutPorts = 1>
ST_8 : Operation 615 [1/1] (0.69ns)   --->   "%acc_727 = select i1 %icmp_ln144_65, i14 %acc_605, i14 %x_260" [firmware/nnet_utils/nnet_dense_resource.h:144]   --->   Operation 615 'select' 'acc_727' <Predicate = true> <Delay = 0.69> <CoreInst = "Sel">   --->   Core 73 'Sel' <Latency = 0> <II = 1> <Delay = 0.69> <FuncUnit> <Opcode : 'select'> <InPorts = 3> <OutPorts = 1>
ST_8 : Operation 616 [1/1] (0.69ns)   --->   "%acc_726 = select i1 %icmp_ln144_64, i14 %acc_605, i14 %x_261" [firmware/nnet_utils/nnet_dense_resource.h:144]   --->   Operation 616 'select' 'acc_726' <Predicate = true> <Delay = 0.69> <CoreInst = "Sel">   --->   Core 73 'Sel' <Latency = 0> <II = 1> <Delay = 0.69> <FuncUnit> <Opcode : 'select'> <InPorts = 3> <OutPorts = 1>

State 9 <SV = 8> <Delay = 9.65>
ST_9 : Operation 617 [1/1] (0.00ns)   --->   "%specpipeline_ln136 = specpipeline void @_ssdm_op_SpecPipeline, i32 1, i32 0, i32 0, i32 1, i32 4294967295, void @empty_2" [firmware/nnet_utils/nnet_dense_resource.h:136]   --->   Operation 617 'specpipeline' 'specpipeline_ln136' <Predicate = true> <Delay = 0.00>
ST_9 : Operation 618 [1/1] (0.00ns)   --->   "%speclooptripcount_ln110 = speclooptripcount void @_ssdm_op_SpecLoopTripCount, i64 64, i64 64, i64 64" [firmware/nnet_utils/nnet_dense_resource.h:110]   --->   Operation 618 'speclooptripcount' 'speclooptripcount_ln110' <Predicate = true> <Delay = 0.00>
ST_9 : Operation 619 [1/1] (0.00ns)   --->   "%specloopname_ln135 = specloopname void @_ssdm_op_SpecLoopName, void @empty_3" [firmware/nnet_utils/nnet_dense_resource.h:135]   --->   Operation 619 'specloopname' 'specloopname_ln135' <Predicate = true> <Delay = 0.00>
ST_9 : Operation 620 [1/1] (0.00ns) (grouped into LUT with out node acc_612)   --->   "%or_ln144_7 = or i1 %or_ln144_1, i1 %icmp_ln144" [firmware/nnet_utils/nnet_dense_resource.h:144]   --->   Operation 620 'or' 'or_ln144_7' <Predicate = true> <Delay = 0.00> <CoreInst = "LogicGate">   --->   Core 74 'LogicGate' <Latency = 0> <II = 1> <Delay = 0.97> <FuncUnit> <Opcode : 'and' 'or' 'xor'> <InPorts = 2> <OutPorts = 1>
ST_9 : Operation 621 [1/1] (0.00ns) (grouped into LUT with out node acc_612)   --->   "%or_ln144_8 = or i1 %or_ln144_5, i1 %or_ln144_7" [firmware/nnet_utils/nnet_dense_resource.h:144]   --->   Operation 621 'or' 'or_ln144_8' <Predicate = true> <Delay = 0.00> <CoreInst = "LogicGate">   --->   Core 74 'LogicGate' <Latency = 0> <II = 1> <Delay = 0.97> <FuncUnit> <Opcode : 'and' 'or' 'xor'> <InPorts = 2> <OutPorts = 1>
ST_9 : Operation 622 [1/1] (0.97ns) (out node of the LUT)   --->   "%acc_612 = select i1 %or_ln144_8, i14 %acc_574, i14 %acc_575" [firmware/nnet_utils/nnet_dense_resource.h:144]   --->   Operation 622 'select' 'acc_612' <Predicate = true> <Delay = 0.97> <CoreInst = "Sel">   --->   Core 73 'Sel' <Latency = 0> <II = 1> <Delay = 0.69> <FuncUnit> <Opcode : 'select'> <InPorts = 3> <OutPorts = 1>
ST_9 : Operation 623 [1/1] (0.69ns) (out node of the LUT)   --->   "%acc_613 = select i1 %or_ln144_17, i14 %acc_576, i14 %acc_577" [firmware/nnet_utils/nnet_dense_resource.h:144]   --->   Operation 623 'select' 'acc_613' <Predicate = true> <Delay = 0.69> <CoreInst = "Sel">   --->   Core 73 'Sel' <Latency = 0> <II = 1> <Delay = 0.69> <FuncUnit> <Opcode : 'select'> <InPorts = 3> <OutPorts = 1>
ST_9 : Operation 624 [1/1] (0.69ns) (out node of the LUT)   --->   "%acc_621 = select i1 %or_ln144_17, i14 %acc_578, i14 %acc_579" [firmware/nnet_utils/nnet_dense_resource.h:144]   --->   Operation 624 'select' 'acc_621' <Predicate = true> <Delay = 0.69> <CoreInst = "Sel">   --->   Core 73 'Sel' <Latency = 0> <II = 1> <Delay = 0.69> <FuncUnit> <Opcode : 'select'> <InPorts = 3> <OutPorts = 1>
ST_9 : Operation 625 [1/1] (0.69ns) (out node of the LUT)   --->   "%acc_629 = select i1 %or_ln144_17, i14 %acc_580, i14 %acc_581" [firmware/nnet_utils/nnet_dense_resource.h:144]   --->   Operation 625 'select' 'acc_629' <Predicate = true> <Delay = 0.69> <CoreInst = "Sel">   --->   Core 73 'Sel' <Latency = 0> <II = 1> <Delay = 0.69> <FuncUnit> <Opcode : 'select'> <InPorts = 3> <OutPorts = 1>
ST_9 : Operation 626 [1/1] (0.69ns) (out node of the LUT)   --->   "%acc_637 = select i1 %or_ln144_17, i14 %acc_582, i14 %acc_583" [firmware/nnet_utils/nnet_dense_resource.h:144]   --->   Operation 626 'select' 'acc_637' <Predicate = true> <Delay = 0.69> <CoreInst = "Sel">   --->   Core 73 'Sel' <Latency = 0> <II = 1> <Delay = 0.69> <FuncUnit> <Opcode : 'select'> <InPorts = 3> <OutPorts = 1>
ST_9 : Operation 627 [1/1] (0.69ns) (out node of the LUT)   --->   "%acc_645 = select i1 %or_ln144_17, i14 %acc_584, i14 %acc_585" [firmware/nnet_utils/nnet_dense_resource.h:144]   --->   Operation 627 'select' 'acc_645' <Predicate = true> <Delay = 0.69> <CoreInst = "Sel">   --->   Core 73 'Sel' <Latency = 0> <II = 1> <Delay = 0.69> <FuncUnit> <Opcode : 'select'> <InPorts = 3> <OutPorts = 1>
ST_9 : Operation 628 [1/1] (0.69ns) (out node of the LUT)   --->   "%acc_653 = select i1 %or_ln144_17, i14 %acc_586, i14 %acc_587" [firmware/nnet_utils/nnet_dense_resource.h:144]   --->   Operation 628 'select' 'acc_653' <Predicate = true> <Delay = 0.69> <CoreInst = "Sel">   --->   Core 73 'Sel' <Latency = 0> <II = 1> <Delay = 0.69> <FuncUnit> <Opcode : 'select'> <InPorts = 3> <OutPorts = 1>
ST_9 : Operation 629 [1/1] (0.69ns) (out node of the LUT)   --->   "%acc_661 = select i1 %or_ln144_17, i14 %acc_588, i14 %acc_589" [firmware/nnet_utils/nnet_dense_resource.h:144]   --->   Operation 629 'select' 'acc_661' <Predicate = true> <Delay = 0.69> <CoreInst = "Sel">   --->   Core 73 'Sel' <Latency = 0> <II = 1> <Delay = 0.69> <FuncUnit> <Opcode : 'select'> <InPorts = 3> <OutPorts = 1>
ST_9 : Operation 630 [1/1] (0.69ns) (out node of the LUT)   --->   "%acc_669 = select i1 %or_ln144_17, i14 %acc_590, i14 %acc_591" [firmware/nnet_utils/nnet_dense_resource.h:144]   --->   Operation 630 'select' 'acc_669' <Predicate = true> <Delay = 0.69> <CoreInst = "Sel">   --->   Core 73 'Sel' <Latency = 0> <II = 1> <Delay = 0.69> <FuncUnit> <Opcode : 'select'> <InPorts = 3> <OutPorts = 1>
ST_9 : Operation 631 [1/1] (0.69ns) (out node of the LUT)   --->   "%acc_677 = select i1 %or_ln144_17, i14 %acc_592, i14 %acc_593" [firmware/nnet_utils/nnet_dense_resource.h:144]   --->   Operation 631 'select' 'acc_677' <Predicate = true> <Delay = 0.69> <CoreInst = "Sel">   --->   Core 73 'Sel' <Latency = 0> <II = 1> <Delay = 0.69> <FuncUnit> <Opcode : 'select'> <InPorts = 3> <OutPorts = 1>
ST_9 : Operation 632 [1/1] (0.69ns) (out node of the LUT)   --->   "%acc_685 = select i1 %or_ln144_17, i14 %acc_594, i14 %acc_595" [firmware/nnet_utils/nnet_dense_resource.h:144]   --->   Operation 632 'select' 'acc_685' <Predicate = true> <Delay = 0.69> <CoreInst = "Sel">   --->   Core 73 'Sel' <Latency = 0> <II = 1> <Delay = 0.69> <FuncUnit> <Opcode : 'select'> <InPorts = 3> <OutPorts = 1>
ST_9 : Operation 633 [1/1] (0.69ns) (out node of the LUT)   --->   "%acc_693 = select i1 %or_ln144_17, i14 %acc_596, i14 %acc_597" [firmware/nnet_utils/nnet_dense_resource.h:144]   --->   Operation 633 'select' 'acc_693' <Predicate = true> <Delay = 0.69> <CoreInst = "Sel">   --->   Core 73 'Sel' <Latency = 0> <II = 1> <Delay = 0.69> <FuncUnit> <Opcode : 'select'> <InPorts = 3> <OutPorts = 1>
ST_9 : Operation 634 [1/1] (0.69ns) (out node of the LUT)   --->   "%acc_701 = select i1 %or_ln144_17, i14 %acc_598, i14 %acc_599" [firmware/nnet_utils/nnet_dense_resource.h:144]   --->   Operation 634 'select' 'acc_701' <Predicate = true> <Delay = 0.69> <CoreInst = "Sel">   --->   Core 73 'Sel' <Latency = 0> <II = 1> <Delay = 0.69> <FuncUnit> <Opcode : 'select'> <InPorts = 3> <OutPorts = 1>
ST_9 : Operation 635 [1/1] (0.69ns) (out node of the LUT)   --->   "%acc_709 = select i1 %or_ln144_17, i14 %acc_600, i14 %acc_601" [firmware/nnet_utils/nnet_dense_resource.h:144]   --->   Operation 635 'select' 'acc_709' <Predicate = true> <Delay = 0.69> <CoreInst = "Sel">   --->   Core 73 'Sel' <Latency = 0> <II = 1> <Delay = 0.69> <FuncUnit> <Opcode : 'select'> <InPorts = 3> <OutPorts = 1>
ST_9 : Operation 636 [1/1] (0.69ns) (out node of the LUT)   --->   "%acc_717 = select i1 %or_ln144_17, i14 %acc_602, i14 %acc_603" [firmware/nnet_utils/nnet_dense_resource.h:144]   --->   Operation 636 'select' 'acc_717' <Predicate = true> <Delay = 0.69> <CoreInst = "Sel">   --->   Core 73 'Sel' <Latency = 0> <II = 1> <Delay = 0.69> <FuncUnit> <Opcode : 'select'> <InPorts = 3> <OutPorts = 1>
ST_9 : Operation 637 [1/1] (0.69ns) (out node of the LUT)   --->   "%acc_725 = select i1 %or_ln144_17, i14 %acc_604, i14 %acc_605" [firmware/nnet_utils/nnet_dense_resource.h:144]   --->   Operation 637 'select' 'acc_725' <Predicate = true> <Delay = 0.69> <CoreInst = "Sel">   --->   Core 73 'Sel' <Latency = 0> <II = 1> <Delay = 0.69> <FuncUnit> <Opcode : 'select'> <InPorts = 3> <OutPorts = 1>
ST_9 : Operation 638 [1/1] (0.00ns)   --->   "%mrv = insertvalue i1792 <undef>, i14 %acc" [firmware/nnet_utils/nnet_dense_resource.h:166]   --->   Operation 638 'insertvalue' 'mrv' <Predicate = (icmp_ln135)> <Delay = 0.00>
ST_9 : Operation 639 [1/1] (0.00ns)   --->   "%mrv_1 = insertvalue i1792 %mrv, i14 %acc_606" [firmware/nnet_utils/nnet_dense_resource.h:166]   --->   Operation 639 'insertvalue' 'mrv_1' <Predicate = (icmp_ln135)> <Delay = 0.00>
ST_9 : Operation 640 [1/1] (0.00ns)   --->   "%mrv_2 = insertvalue i1792 %mrv_1, i14 %acc_607" [firmware/nnet_utils/nnet_dense_resource.h:166]   --->   Operation 640 'insertvalue' 'mrv_2' <Predicate = (icmp_ln135)> <Delay = 0.00>
ST_9 : Operation 641 [1/1] (0.00ns)   --->   "%mrv_3 = insertvalue i1792 %mrv_2, i14 %acc_608" [firmware/nnet_utils/nnet_dense_resource.h:166]   --->   Operation 641 'insertvalue' 'mrv_3' <Predicate = (icmp_ln135)> <Delay = 0.00>
ST_9 : Operation 642 [1/1] (0.00ns)   --->   "%mrv_4 = insertvalue i1792 %mrv_3, i14 %acc_609" [firmware/nnet_utils/nnet_dense_resource.h:166]   --->   Operation 642 'insertvalue' 'mrv_4' <Predicate = (icmp_ln135)> <Delay = 0.00>
ST_9 : Operation 643 [1/1] (0.00ns)   --->   "%mrv_5 = insertvalue i1792 %mrv_4, i14 %acc_610" [firmware/nnet_utils/nnet_dense_resource.h:166]   --->   Operation 643 'insertvalue' 'mrv_5' <Predicate = (icmp_ln135)> <Delay = 0.00>
ST_9 : Operation 644 [1/1] (0.00ns)   --->   "%mrv_6 = insertvalue i1792 %mrv_5, i14 %acc_611" [firmware/nnet_utils/nnet_dense_resource.h:166]   --->   Operation 644 'insertvalue' 'mrv_6' <Predicate = (icmp_ln135)> <Delay = 0.00>
ST_9 : Operation 645 [1/1] (0.00ns)   --->   "%mrv_7 = insertvalue i1792 %mrv_6, i14 %acc_612" [firmware/nnet_utils/nnet_dense_resource.h:166]   --->   Operation 645 'insertvalue' 'mrv_7' <Predicate = (icmp_ln135)> <Delay = 0.00>
ST_9 : Operation 646 [1/1] (0.00ns)   --->   "%mrv_8 = insertvalue i1792 %mrv_7, i14 %acc_613" [firmware/nnet_utils/nnet_dense_resource.h:166]   --->   Operation 646 'insertvalue' 'mrv_8' <Predicate = (icmp_ln135)> <Delay = 0.00>
ST_9 : Operation 647 [1/1] (0.00ns)   --->   "%mrv_9 = insertvalue i1792 %mrv_8, i14 %acc_614" [firmware/nnet_utils/nnet_dense_resource.h:166]   --->   Operation 647 'insertvalue' 'mrv_9' <Predicate = (icmp_ln135)> <Delay = 0.00>
ST_9 : Operation 648 [1/1] (0.00ns)   --->   "%mrv_10 = insertvalue i1792 %mrv_9, i14 %acc_615" [firmware/nnet_utils/nnet_dense_resource.h:166]   --->   Operation 648 'insertvalue' 'mrv_10' <Predicate = (icmp_ln135)> <Delay = 0.00>
ST_9 : Operation 649 [1/1] (0.00ns)   --->   "%mrv_11 = insertvalue i1792 %mrv_10, i14 %acc_616" [firmware/nnet_utils/nnet_dense_resource.h:166]   --->   Operation 649 'insertvalue' 'mrv_11' <Predicate = (icmp_ln135)> <Delay = 0.00>
ST_9 : Operation 650 [1/1] (0.00ns)   --->   "%mrv_12 = insertvalue i1792 %mrv_11, i14 %acc_617" [firmware/nnet_utils/nnet_dense_resource.h:166]   --->   Operation 650 'insertvalue' 'mrv_12' <Predicate = (icmp_ln135)> <Delay = 0.00>
ST_9 : Operation 651 [1/1] (0.00ns)   --->   "%mrv_13 = insertvalue i1792 %mrv_12, i14 %acc_618" [firmware/nnet_utils/nnet_dense_resource.h:166]   --->   Operation 651 'insertvalue' 'mrv_13' <Predicate = (icmp_ln135)> <Delay = 0.00>
ST_9 : Operation 652 [1/1] (0.00ns)   --->   "%mrv_14 = insertvalue i1792 %mrv_13, i14 %acc_619" [firmware/nnet_utils/nnet_dense_resource.h:166]   --->   Operation 652 'insertvalue' 'mrv_14' <Predicate = (icmp_ln135)> <Delay = 0.00>
ST_9 : Operation 653 [1/1] (0.00ns)   --->   "%mrv_15 = insertvalue i1792 %mrv_14, i14 %acc_620" [firmware/nnet_utils/nnet_dense_resource.h:166]   --->   Operation 653 'insertvalue' 'mrv_15' <Predicate = (icmp_ln135)> <Delay = 0.00>
ST_9 : Operation 654 [1/1] (0.00ns)   --->   "%mrv_16 = insertvalue i1792 %mrv_15, i14 %acc_621" [firmware/nnet_utils/nnet_dense_resource.h:166]   --->   Operation 654 'insertvalue' 'mrv_16' <Predicate = (icmp_ln135)> <Delay = 0.00>
ST_9 : Operation 655 [1/1] (0.00ns)   --->   "%mrv_17 = insertvalue i1792 %mrv_16, i14 %acc_622" [firmware/nnet_utils/nnet_dense_resource.h:166]   --->   Operation 655 'insertvalue' 'mrv_17' <Predicate = (icmp_ln135)> <Delay = 0.00>
ST_9 : Operation 656 [1/1] (0.00ns)   --->   "%mrv_18 = insertvalue i1792 %mrv_17, i14 %acc_623" [firmware/nnet_utils/nnet_dense_resource.h:166]   --->   Operation 656 'insertvalue' 'mrv_18' <Predicate = (icmp_ln135)> <Delay = 0.00>
ST_9 : Operation 657 [1/1] (0.00ns)   --->   "%mrv_19 = insertvalue i1792 %mrv_18, i14 %acc_624" [firmware/nnet_utils/nnet_dense_resource.h:166]   --->   Operation 657 'insertvalue' 'mrv_19' <Predicate = (icmp_ln135)> <Delay = 0.00>
ST_9 : Operation 658 [1/1] (0.00ns)   --->   "%mrv_20 = insertvalue i1792 %mrv_19, i14 %acc_625" [firmware/nnet_utils/nnet_dense_resource.h:166]   --->   Operation 658 'insertvalue' 'mrv_20' <Predicate = (icmp_ln135)> <Delay = 0.00>
ST_9 : Operation 659 [1/1] (0.00ns)   --->   "%mrv_21 = insertvalue i1792 %mrv_20, i14 %acc_626" [firmware/nnet_utils/nnet_dense_resource.h:166]   --->   Operation 659 'insertvalue' 'mrv_21' <Predicate = (icmp_ln135)> <Delay = 0.00>
ST_9 : Operation 660 [1/1] (0.00ns)   --->   "%mrv_22 = insertvalue i1792 %mrv_21, i14 %acc_627" [firmware/nnet_utils/nnet_dense_resource.h:166]   --->   Operation 660 'insertvalue' 'mrv_22' <Predicate = (icmp_ln135)> <Delay = 0.00>
ST_9 : Operation 661 [1/1] (0.00ns)   --->   "%mrv_23 = insertvalue i1792 %mrv_22, i14 %acc_628" [firmware/nnet_utils/nnet_dense_resource.h:166]   --->   Operation 661 'insertvalue' 'mrv_23' <Predicate = (icmp_ln135)> <Delay = 0.00>
ST_9 : Operation 662 [1/1] (0.00ns)   --->   "%mrv_24 = insertvalue i1792 %mrv_23, i14 %acc_629" [firmware/nnet_utils/nnet_dense_resource.h:166]   --->   Operation 662 'insertvalue' 'mrv_24' <Predicate = (icmp_ln135)> <Delay = 0.00>
ST_9 : Operation 663 [1/1] (0.00ns)   --->   "%mrv_25 = insertvalue i1792 %mrv_24, i14 %acc_630" [firmware/nnet_utils/nnet_dense_resource.h:166]   --->   Operation 663 'insertvalue' 'mrv_25' <Predicate = (icmp_ln135)> <Delay = 0.00>
ST_9 : Operation 664 [1/1] (0.00ns)   --->   "%mrv_26 = insertvalue i1792 %mrv_25, i14 %acc_631" [firmware/nnet_utils/nnet_dense_resource.h:166]   --->   Operation 664 'insertvalue' 'mrv_26' <Predicate = (icmp_ln135)> <Delay = 0.00>
ST_9 : Operation 665 [1/1] (0.00ns)   --->   "%mrv_27 = insertvalue i1792 %mrv_26, i14 %acc_632" [firmware/nnet_utils/nnet_dense_resource.h:166]   --->   Operation 665 'insertvalue' 'mrv_27' <Predicate = (icmp_ln135)> <Delay = 0.00>
ST_9 : Operation 666 [1/1] (0.00ns)   --->   "%mrv_28 = insertvalue i1792 %mrv_27, i14 %acc_633" [firmware/nnet_utils/nnet_dense_resource.h:166]   --->   Operation 666 'insertvalue' 'mrv_28' <Predicate = (icmp_ln135)> <Delay = 0.00>
ST_9 : Operation 667 [1/1] (0.00ns)   --->   "%mrv_29 = insertvalue i1792 %mrv_28, i14 %acc_634" [firmware/nnet_utils/nnet_dense_resource.h:166]   --->   Operation 667 'insertvalue' 'mrv_29' <Predicate = (icmp_ln135)> <Delay = 0.00>
ST_9 : Operation 668 [1/1] (0.00ns)   --->   "%mrv_30 = insertvalue i1792 %mrv_29, i14 %acc_635" [firmware/nnet_utils/nnet_dense_resource.h:166]   --->   Operation 668 'insertvalue' 'mrv_30' <Predicate = (icmp_ln135)> <Delay = 0.00>
ST_9 : Operation 669 [1/1] (0.00ns)   --->   "%mrv_31 = insertvalue i1792 %mrv_30, i14 %acc_636" [firmware/nnet_utils/nnet_dense_resource.h:166]   --->   Operation 669 'insertvalue' 'mrv_31' <Predicate = (icmp_ln135)> <Delay = 0.00>
ST_9 : Operation 670 [1/1] (0.00ns)   --->   "%mrv_32 = insertvalue i1792 %mrv_31, i14 %acc_637" [firmware/nnet_utils/nnet_dense_resource.h:166]   --->   Operation 670 'insertvalue' 'mrv_32' <Predicate = (icmp_ln135)> <Delay = 0.00>
ST_9 : Operation 671 [1/1] (0.00ns)   --->   "%mrv_33 = insertvalue i1792 %mrv_32, i14 %acc_638" [firmware/nnet_utils/nnet_dense_resource.h:166]   --->   Operation 671 'insertvalue' 'mrv_33' <Predicate = (icmp_ln135)> <Delay = 0.00>
ST_9 : Operation 672 [1/1] (0.00ns)   --->   "%mrv_34 = insertvalue i1792 %mrv_33, i14 %acc_639" [firmware/nnet_utils/nnet_dense_resource.h:166]   --->   Operation 672 'insertvalue' 'mrv_34' <Predicate = (icmp_ln135)> <Delay = 0.00>
ST_9 : Operation 673 [1/1] (0.00ns)   --->   "%mrv_35 = insertvalue i1792 %mrv_34, i14 %acc_640" [firmware/nnet_utils/nnet_dense_resource.h:166]   --->   Operation 673 'insertvalue' 'mrv_35' <Predicate = (icmp_ln135)> <Delay = 0.00>
ST_9 : Operation 674 [1/1] (0.00ns)   --->   "%mrv_36 = insertvalue i1792 %mrv_35, i14 %acc_641" [firmware/nnet_utils/nnet_dense_resource.h:166]   --->   Operation 674 'insertvalue' 'mrv_36' <Predicate = (icmp_ln135)> <Delay = 0.00>
ST_9 : Operation 675 [1/1] (0.00ns)   --->   "%mrv_37 = insertvalue i1792 %mrv_36, i14 %acc_642" [firmware/nnet_utils/nnet_dense_resource.h:166]   --->   Operation 675 'insertvalue' 'mrv_37' <Predicate = (icmp_ln135)> <Delay = 0.00>
ST_9 : Operation 676 [1/1] (0.00ns)   --->   "%mrv_38 = insertvalue i1792 %mrv_37, i14 %acc_643" [firmware/nnet_utils/nnet_dense_resource.h:166]   --->   Operation 676 'insertvalue' 'mrv_38' <Predicate = (icmp_ln135)> <Delay = 0.00>
ST_9 : Operation 677 [1/1] (0.00ns)   --->   "%mrv_39 = insertvalue i1792 %mrv_38, i14 %acc_644" [firmware/nnet_utils/nnet_dense_resource.h:166]   --->   Operation 677 'insertvalue' 'mrv_39' <Predicate = (icmp_ln135)> <Delay = 0.00>
ST_9 : Operation 678 [1/1] (0.00ns)   --->   "%mrv_40 = insertvalue i1792 %mrv_39, i14 %acc_645" [firmware/nnet_utils/nnet_dense_resource.h:166]   --->   Operation 678 'insertvalue' 'mrv_40' <Predicate = (icmp_ln135)> <Delay = 0.00>
ST_9 : Operation 679 [1/1] (0.00ns)   --->   "%mrv_41 = insertvalue i1792 %mrv_40, i14 %acc_646" [firmware/nnet_utils/nnet_dense_resource.h:166]   --->   Operation 679 'insertvalue' 'mrv_41' <Predicate = (icmp_ln135)> <Delay = 0.00>
ST_9 : Operation 680 [1/1] (0.00ns)   --->   "%mrv_42 = insertvalue i1792 %mrv_41, i14 %acc_647" [firmware/nnet_utils/nnet_dense_resource.h:166]   --->   Operation 680 'insertvalue' 'mrv_42' <Predicate = (icmp_ln135)> <Delay = 0.00>
ST_9 : Operation 681 [1/1] (0.00ns)   --->   "%mrv_43 = insertvalue i1792 %mrv_42, i14 %acc_648" [firmware/nnet_utils/nnet_dense_resource.h:166]   --->   Operation 681 'insertvalue' 'mrv_43' <Predicate = (icmp_ln135)> <Delay = 0.00>
ST_9 : Operation 682 [1/1] (0.00ns)   --->   "%mrv_44 = insertvalue i1792 %mrv_43, i14 %acc_649" [firmware/nnet_utils/nnet_dense_resource.h:166]   --->   Operation 682 'insertvalue' 'mrv_44' <Predicate = (icmp_ln135)> <Delay = 0.00>
ST_9 : Operation 683 [1/1] (0.00ns)   --->   "%mrv_45 = insertvalue i1792 %mrv_44, i14 %acc_650" [firmware/nnet_utils/nnet_dense_resource.h:166]   --->   Operation 683 'insertvalue' 'mrv_45' <Predicate = (icmp_ln135)> <Delay = 0.00>
ST_9 : Operation 684 [1/1] (0.00ns)   --->   "%mrv_46 = insertvalue i1792 %mrv_45, i14 %acc_651" [firmware/nnet_utils/nnet_dense_resource.h:166]   --->   Operation 684 'insertvalue' 'mrv_46' <Predicate = (icmp_ln135)> <Delay = 0.00>
ST_9 : Operation 685 [1/1] (0.00ns)   --->   "%mrv_47 = insertvalue i1792 %mrv_46, i14 %acc_652" [firmware/nnet_utils/nnet_dense_resource.h:166]   --->   Operation 685 'insertvalue' 'mrv_47' <Predicate = (icmp_ln135)> <Delay = 0.00>
ST_9 : Operation 686 [1/1] (0.00ns)   --->   "%mrv_48 = insertvalue i1792 %mrv_47, i14 %acc_653" [firmware/nnet_utils/nnet_dense_resource.h:166]   --->   Operation 686 'insertvalue' 'mrv_48' <Predicate = (icmp_ln135)> <Delay = 0.00>
ST_9 : Operation 687 [1/1] (0.00ns)   --->   "%mrv_49 = insertvalue i1792 %mrv_48, i14 %acc_654" [firmware/nnet_utils/nnet_dense_resource.h:166]   --->   Operation 687 'insertvalue' 'mrv_49' <Predicate = (icmp_ln135)> <Delay = 0.00>
ST_9 : Operation 688 [1/1] (0.00ns)   --->   "%mrv_50 = insertvalue i1792 %mrv_49, i14 %acc_655" [firmware/nnet_utils/nnet_dense_resource.h:166]   --->   Operation 688 'insertvalue' 'mrv_50' <Predicate = (icmp_ln135)> <Delay = 0.00>
ST_9 : Operation 689 [1/1] (0.00ns)   --->   "%mrv_51 = insertvalue i1792 %mrv_50, i14 %acc_656" [firmware/nnet_utils/nnet_dense_resource.h:166]   --->   Operation 689 'insertvalue' 'mrv_51' <Predicate = (icmp_ln135)> <Delay = 0.00>
ST_9 : Operation 690 [1/1] (0.00ns)   --->   "%mrv_52 = insertvalue i1792 %mrv_51, i14 %acc_657" [firmware/nnet_utils/nnet_dense_resource.h:166]   --->   Operation 690 'insertvalue' 'mrv_52' <Predicate = (icmp_ln135)> <Delay = 0.00>
ST_9 : Operation 691 [1/1] (0.00ns)   --->   "%mrv_53 = insertvalue i1792 %mrv_52, i14 %acc_658" [firmware/nnet_utils/nnet_dense_resource.h:166]   --->   Operation 691 'insertvalue' 'mrv_53' <Predicate = (icmp_ln135)> <Delay = 0.00>
ST_9 : Operation 692 [1/1] (0.00ns)   --->   "%mrv_54 = insertvalue i1792 %mrv_53, i14 %acc_659" [firmware/nnet_utils/nnet_dense_resource.h:166]   --->   Operation 692 'insertvalue' 'mrv_54' <Predicate = (icmp_ln135)> <Delay = 0.00>
ST_9 : Operation 693 [1/1] (0.00ns)   --->   "%mrv_55 = insertvalue i1792 %mrv_54, i14 %acc_660" [firmware/nnet_utils/nnet_dense_resource.h:166]   --->   Operation 693 'insertvalue' 'mrv_55' <Predicate = (icmp_ln135)> <Delay = 0.00>
ST_9 : Operation 694 [1/1] (0.00ns)   --->   "%mrv_56 = insertvalue i1792 %mrv_55, i14 %acc_661" [firmware/nnet_utils/nnet_dense_resource.h:166]   --->   Operation 694 'insertvalue' 'mrv_56' <Predicate = (icmp_ln135)> <Delay = 0.00>
ST_9 : Operation 695 [1/1] (0.00ns)   --->   "%mrv_57 = insertvalue i1792 %mrv_56, i14 %acc_662" [firmware/nnet_utils/nnet_dense_resource.h:166]   --->   Operation 695 'insertvalue' 'mrv_57' <Predicate = (icmp_ln135)> <Delay = 0.00>
ST_9 : Operation 696 [1/1] (0.00ns)   --->   "%mrv_58 = insertvalue i1792 %mrv_57, i14 %acc_663" [firmware/nnet_utils/nnet_dense_resource.h:166]   --->   Operation 696 'insertvalue' 'mrv_58' <Predicate = (icmp_ln135)> <Delay = 0.00>
ST_9 : Operation 697 [1/1] (0.00ns)   --->   "%mrv_59 = insertvalue i1792 %mrv_58, i14 %acc_664" [firmware/nnet_utils/nnet_dense_resource.h:166]   --->   Operation 697 'insertvalue' 'mrv_59' <Predicate = (icmp_ln135)> <Delay = 0.00>
ST_9 : Operation 698 [1/1] (0.00ns)   --->   "%mrv_60 = insertvalue i1792 %mrv_59, i14 %acc_665" [firmware/nnet_utils/nnet_dense_resource.h:166]   --->   Operation 698 'insertvalue' 'mrv_60' <Predicate = (icmp_ln135)> <Delay = 0.00>
ST_9 : Operation 699 [1/1] (0.00ns)   --->   "%mrv_61 = insertvalue i1792 %mrv_60, i14 %acc_666" [firmware/nnet_utils/nnet_dense_resource.h:166]   --->   Operation 699 'insertvalue' 'mrv_61' <Predicate = (icmp_ln135)> <Delay = 0.00>
ST_9 : Operation 700 [1/1] (0.00ns)   --->   "%mrv_62 = insertvalue i1792 %mrv_61, i14 %acc_667" [firmware/nnet_utils/nnet_dense_resource.h:166]   --->   Operation 700 'insertvalue' 'mrv_62' <Predicate = (icmp_ln135)> <Delay = 0.00>
ST_9 : Operation 701 [1/1] (0.00ns)   --->   "%mrv_63 = insertvalue i1792 %mrv_62, i14 %acc_668" [firmware/nnet_utils/nnet_dense_resource.h:166]   --->   Operation 701 'insertvalue' 'mrv_63' <Predicate = (icmp_ln135)> <Delay = 0.00>
ST_9 : Operation 702 [1/1] (0.00ns)   --->   "%mrv_64 = insertvalue i1792 %mrv_63, i14 %acc_669" [firmware/nnet_utils/nnet_dense_resource.h:166]   --->   Operation 702 'insertvalue' 'mrv_64' <Predicate = (icmp_ln135)> <Delay = 0.00>
ST_9 : Operation 703 [1/1] (0.00ns)   --->   "%mrv_65 = insertvalue i1792 %mrv_64, i14 %acc_670" [firmware/nnet_utils/nnet_dense_resource.h:166]   --->   Operation 703 'insertvalue' 'mrv_65' <Predicate = (icmp_ln135)> <Delay = 0.00>
ST_9 : Operation 704 [1/1] (0.00ns)   --->   "%mrv_66 = insertvalue i1792 %mrv_65, i14 %acc_671" [firmware/nnet_utils/nnet_dense_resource.h:166]   --->   Operation 704 'insertvalue' 'mrv_66' <Predicate = (icmp_ln135)> <Delay = 0.00>
ST_9 : Operation 705 [1/1] (0.00ns)   --->   "%mrv_67 = insertvalue i1792 %mrv_66, i14 %acc_672" [firmware/nnet_utils/nnet_dense_resource.h:166]   --->   Operation 705 'insertvalue' 'mrv_67' <Predicate = (icmp_ln135)> <Delay = 0.00>
ST_9 : Operation 706 [1/1] (0.00ns)   --->   "%mrv_68 = insertvalue i1792 %mrv_67, i14 %acc_673" [firmware/nnet_utils/nnet_dense_resource.h:166]   --->   Operation 706 'insertvalue' 'mrv_68' <Predicate = (icmp_ln135)> <Delay = 0.00>
ST_9 : Operation 707 [1/1] (0.00ns)   --->   "%mrv_69 = insertvalue i1792 %mrv_68, i14 %acc_674" [firmware/nnet_utils/nnet_dense_resource.h:166]   --->   Operation 707 'insertvalue' 'mrv_69' <Predicate = (icmp_ln135)> <Delay = 0.00>
ST_9 : Operation 708 [1/1] (0.00ns)   --->   "%mrv_70 = insertvalue i1792 %mrv_69, i14 %acc_675" [firmware/nnet_utils/nnet_dense_resource.h:166]   --->   Operation 708 'insertvalue' 'mrv_70' <Predicate = (icmp_ln135)> <Delay = 0.00>
ST_9 : Operation 709 [1/1] (0.00ns)   --->   "%mrv_71 = insertvalue i1792 %mrv_70, i14 %acc_676" [firmware/nnet_utils/nnet_dense_resource.h:166]   --->   Operation 709 'insertvalue' 'mrv_71' <Predicate = (icmp_ln135)> <Delay = 0.00>
ST_9 : Operation 710 [1/1] (0.00ns)   --->   "%mrv_72 = insertvalue i1792 %mrv_71, i14 %acc_677" [firmware/nnet_utils/nnet_dense_resource.h:166]   --->   Operation 710 'insertvalue' 'mrv_72' <Predicate = (icmp_ln135)> <Delay = 0.00>
ST_9 : Operation 711 [1/1] (0.00ns)   --->   "%mrv_73 = insertvalue i1792 %mrv_72, i14 %acc_678" [firmware/nnet_utils/nnet_dense_resource.h:166]   --->   Operation 711 'insertvalue' 'mrv_73' <Predicate = (icmp_ln135)> <Delay = 0.00>
ST_9 : Operation 712 [1/1] (0.00ns)   --->   "%mrv_74 = insertvalue i1792 %mrv_73, i14 %acc_679" [firmware/nnet_utils/nnet_dense_resource.h:166]   --->   Operation 712 'insertvalue' 'mrv_74' <Predicate = (icmp_ln135)> <Delay = 0.00>
ST_9 : Operation 713 [1/1] (0.00ns)   --->   "%mrv_75 = insertvalue i1792 %mrv_74, i14 %acc_680" [firmware/nnet_utils/nnet_dense_resource.h:166]   --->   Operation 713 'insertvalue' 'mrv_75' <Predicate = (icmp_ln135)> <Delay = 0.00>
ST_9 : Operation 714 [1/1] (0.00ns)   --->   "%mrv_76 = insertvalue i1792 %mrv_75, i14 %acc_681" [firmware/nnet_utils/nnet_dense_resource.h:166]   --->   Operation 714 'insertvalue' 'mrv_76' <Predicate = (icmp_ln135)> <Delay = 0.00>
ST_9 : Operation 715 [1/1] (0.00ns)   --->   "%mrv_77 = insertvalue i1792 %mrv_76, i14 %acc_682" [firmware/nnet_utils/nnet_dense_resource.h:166]   --->   Operation 715 'insertvalue' 'mrv_77' <Predicate = (icmp_ln135)> <Delay = 0.00>
ST_9 : Operation 716 [1/1] (0.00ns)   --->   "%mrv_78 = insertvalue i1792 %mrv_77, i14 %acc_683" [firmware/nnet_utils/nnet_dense_resource.h:166]   --->   Operation 716 'insertvalue' 'mrv_78' <Predicate = (icmp_ln135)> <Delay = 0.00>
ST_9 : Operation 717 [1/1] (0.00ns)   --->   "%mrv_79 = insertvalue i1792 %mrv_78, i14 %acc_684" [firmware/nnet_utils/nnet_dense_resource.h:166]   --->   Operation 717 'insertvalue' 'mrv_79' <Predicate = (icmp_ln135)> <Delay = 0.00>
ST_9 : Operation 718 [1/1] (0.00ns)   --->   "%mrv_80 = insertvalue i1792 %mrv_79, i14 %acc_685" [firmware/nnet_utils/nnet_dense_resource.h:166]   --->   Operation 718 'insertvalue' 'mrv_80' <Predicate = (icmp_ln135)> <Delay = 0.00>
ST_9 : Operation 719 [1/1] (0.00ns)   --->   "%mrv_81 = insertvalue i1792 %mrv_80, i14 %acc_686" [firmware/nnet_utils/nnet_dense_resource.h:166]   --->   Operation 719 'insertvalue' 'mrv_81' <Predicate = (icmp_ln135)> <Delay = 0.00>
ST_9 : Operation 720 [1/1] (0.00ns)   --->   "%mrv_82 = insertvalue i1792 %mrv_81, i14 %acc_687" [firmware/nnet_utils/nnet_dense_resource.h:166]   --->   Operation 720 'insertvalue' 'mrv_82' <Predicate = (icmp_ln135)> <Delay = 0.00>
ST_9 : Operation 721 [1/1] (0.00ns)   --->   "%mrv_83 = insertvalue i1792 %mrv_82, i14 %acc_688" [firmware/nnet_utils/nnet_dense_resource.h:166]   --->   Operation 721 'insertvalue' 'mrv_83' <Predicate = (icmp_ln135)> <Delay = 0.00>
ST_9 : Operation 722 [1/1] (0.00ns)   --->   "%mrv_84 = insertvalue i1792 %mrv_83, i14 %acc_689" [firmware/nnet_utils/nnet_dense_resource.h:166]   --->   Operation 722 'insertvalue' 'mrv_84' <Predicate = (icmp_ln135)> <Delay = 0.00>
ST_9 : Operation 723 [1/1] (0.00ns)   --->   "%mrv_85 = insertvalue i1792 %mrv_84, i14 %acc_690" [firmware/nnet_utils/nnet_dense_resource.h:166]   --->   Operation 723 'insertvalue' 'mrv_85' <Predicate = (icmp_ln135)> <Delay = 0.00>
ST_9 : Operation 724 [1/1] (0.00ns)   --->   "%mrv_86 = insertvalue i1792 %mrv_85, i14 %acc_691" [firmware/nnet_utils/nnet_dense_resource.h:166]   --->   Operation 724 'insertvalue' 'mrv_86' <Predicate = (icmp_ln135)> <Delay = 0.00>
ST_9 : Operation 725 [1/1] (0.00ns)   --->   "%mrv_87 = insertvalue i1792 %mrv_86, i14 %acc_692" [firmware/nnet_utils/nnet_dense_resource.h:166]   --->   Operation 725 'insertvalue' 'mrv_87' <Predicate = (icmp_ln135)> <Delay = 0.00>
ST_9 : Operation 726 [1/1] (0.00ns)   --->   "%mrv_88 = insertvalue i1792 %mrv_87, i14 %acc_693" [firmware/nnet_utils/nnet_dense_resource.h:166]   --->   Operation 726 'insertvalue' 'mrv_88' <Predicate = (icmp_ln135)> <Delay = 0.00>
ST_9 : Operation 727 [1/1] (0.00ns)   --->   "%mrv_89 = insertvalue i1792 %mrv_88, i14 %acc_694" [firmware/nnet_utils/nnet_dense_resource.h:166]   --->   Operation 727 'insertvalue' 'mrv_89' <Predicate = (icmp_ln135)> <Delay = 0.00>
ST_9 : Operation 728 [1/1] (0.00ns)   --->   "%mrv_90 = insertvalue i1792 %mrv_89, i14 %acc_695" [firmware/nnet_utils/nnet_dense_resource.h:166]   --->   Operation 728 'insertvalue' 'mrv_90' <Predicate = (icmp_ln135)> <Delay = 0.00>
ST_9 : Operation 729 [1/1] (0.00ns)   --->   "%mrv_91 = insertvalue i1792 %mrv_90, i14 %acc_696" [firmware/nnet_utils/nnet_dense_resource.h:166]   --->   Operation 729 'insertvalue' 'mrv_91' <Predicate = (icmp_ln135)> <Delay = 0.00>
ST_9 : Operation 730 [1/1] (0.00ns)   --->   "%mrv_92 = insertvalue i1792 %mrv_91, i14 %acc_697" [firmware/nnet_utils/nnet_dense_resource.h:166]   --->   Operation 730 'insertvalue' 'mrv_92' <Predicate = (icmp_ln135)> <Delay = 0.00>
ST_9 : Operation 731 [1/1] (0.00ns)   --->   "%mrv_93 = insertvalue i1792 %mrv_92, i14 %acc_698" [firmware/nnet_utils/nnet_dense_resource.h:166]   --->   Operation 731 'insertvalue' 'mrv_93' <Predicate = (icmp_ln135)> <Delay = 0.00>
ST_9 : Operation 732 [1/1] (0.00ns)   --->   "%mrv_94 = insertvalue i1792 %mrv_93, i14 %acc_699" [firmware/nnet_utils/nnet_dense_resource.h:166]   --->   Operation 732 'insertvalue' 'mrv_94' <Predicate = (icmp_ln135)> <Delay = 0.00>
ST_9 : Operation 733 [1/1] (0.00ns)   --->   "%mrv_95 = insertvalue i1792 %mrv_94, i14 %acc_700" [firmware/nnet_utils/nnet_dense_resource.h:166]   --->   Operation 733 'insertvalue' 'mrv_95' <Predicate = (icmp_ln135)> <Delay = 0.00>
ST_9 : Operation 734 [1/1] (0.00ns)   --->   "%mrv_96 = insertvalue i1792 %mrv_95, i14 %acc_701" [firmware/nnet_utils/nnet_dense_resource.h:166]   --->   Operation 734 'insertvalue' 'mrv_96' <Predicate = (icmp_ln135)> <Delay = 0.00>
ST_9 : Operation 735 [1/1] (0.00ns)   --->   "%mrv_97 = insertvalue i1792 %mrv_96, i14 %acc_702" [firmware/nnet_utils/nnet_dense_resource.h:166]   --->   Operation 735 'insertvalue' 'mrv_97' <Predicate = (icmp_ln135)> <Delay = 0.00>
ST_9 : Operation 736 [1/1] (0.00ns)   --->   "%mrv_98 = insertvalue i1792 %mrv_97, i14 %acc_703" [firmware/nnet_utils/nnet_dense_resource.h:166]   --->   Operation 736 'insertvalue' 'mrv_98' <Predicate = (icmp_ln135)> <Delay = 0.00>
ST_9 : Operation 737 [1/1] (0.00ns)   --->   "%mrv_99 = insertvalue i1792 %mrv_98, i14 %acc_704" [firmware/nnet_utils/nnet_dense_resource.h:166]   --->   Operation 737 'insertvalue' 'mrv_99' <Predicate = (icmp_ln135)> <Delay = 0.00>
ST_9 : Operation 738 [1/1] (0.00ns)   --->   "%mrv_100 = insertvalue i1792 %mrv_99, i14 %acc_705" [firmware/nnet_utils/nnet_dense_resource.h:166]   --->   Operation 738 'insertvalue' 'mrv_100' <Predicate = (icmp_ln135)> <Delay = 0.00>
ST_9 : Operation 739 [1/1] (0.00ns)   --->   "%mrv_101 = insertvalue i1792 %mrv_100, i14 %acc_706" [firmware/nnet_utils/nnet_dense_resource.h:166]   --->   Operation 739 'insertvalue' 'mrv_101' <Predicate = (icmp_ln135)> <Delay = 0.00>
ST_9 : Operation 740 [1/1] (0.00ns)   --->   "%mrv_102 = insertvalue i1792 %mrv_101, i14 %acc_707" [firmware/nnet_utils/nnet_dense_resource.h:166]   --->   Operation 740 'insertvalue' 'mrv_102' <Predicate = (icmp_ln135)> <Delay = 0.00>
ST_9 : Operation 741 [1/1] (0.00ns)   --->   "%mrv_103 = insertvalue i1792 %mrv_102, i14 %acc_708" [firmware/nnet_utils/nnet_dense_resource.h:166]   --->   Operation 741 'insertvalue' 'mrv_103' <Predicate = (icmp_ln135)> <Delay = 0.00>
ST_9 : Operation 742 [1/1] (0.00ns)   --->   "%mrv_104 = insertvalue i1792 %mrv_103, i14 %acc_709" [firmware/nnet_utils/nnet_dense_resource.h:166]   --->   Operation 742 'insertvalue' 'mrv_104' <Predicate = (icmp_ln135)> <Delay = 0.00>
ST_9 : Operation 743 [1/1] (0.00ns)   --->   "%mrv_105 = insertvalue i1792 %mrv_104, i14 %acc_710" [firmware/nnet_utils/nnet_dense_resource.h:166]   --->   Operation 743 'insertvalue' 'mrv_105' <Predicate = (icmp_ln135)> <Delay = 0.00>
ST_9 : Operation 744 [1/1] (0.00ns)   --->   "%mrv_106 = insertvalue i1792 %mrv_105, i14 %acc_711" [firmware/nnet_utils/nnet_dense_resource.h:166]   --->   Operation 744 'insertvalue' 'mrv_106' <Predicate = (icmp_ln135)> <Delay = 0.00>
ST_9 : Operation 745 [1/1] (0.00ns)   --->   "%mrv_107 = insertvalue i1792 %mrv_106, i14 %acc_712" [firmware/nnet_utils/nnet_dense_resource.h:166]   --->   Operation 745 'insertvalue' 'mrv_107' <Predicate = (icmp_ln135)> <Delay = 0.00>
ST_9 : Operation 746 [1/1] (0.00ns)   --->   "%mrv_108 = insertvalue i1792 %mrv_107, i14 %acc_713" [firmware/nnet_utils/nnet_dense_resource.h:166]   --->   Operation 746 'insertvalue' 'mrv_108' <Predicate = (icmp_ln135)> <Delay = 0.00>
ST_9 : Operation 747 [1/1] (0.00ns)   --->   "%mrv_109 = insertvalue i1792 %mrv_108, i14 %acc_714" [firmware/nnet_utils/nnet_dense_resource.h:166]   --->   Operation 747 'insertvalue' 'mrv_109' <Predicate = (icmp_ln135)> <Delay = 0.00>
ST_9 : Operation 748 [1/1] (0.00ns)   --->   "%mrv_110 = insertvalue i1792 %mrv_109, i14 %acc_715" [firmware/nnet_utils/nnet_dense_resource.h:166]   --->   Operation 748 'insertvalue' 'mrv_110' <Predicate = (icmp_ln135)> <Delay = 0.00>
ST_9 : Operation 749 [1/1] (0.00ns)   --->   "%mrv_111 = insertvalue i1792 %mrv_110, i14 %acc_716" [firmware/nnet_utils/nnet_dense_resource.h:166]   --->   Operation 749 'insertvalue' 'mrv_111' <Predicate = (icmp_ln135)> <Delay = 0.00>
ST_9 : Operation 750 [1/1] (0.00ns)   --->   "%mrv_112 = insertvalue i1792 %mrv_111, i14 %acc_717" [firmware/nnet_utils/nnet_dense_resource.h:166]   --->   Operation 750 'insertvalue' 'mrv_112' <Predicate = (icmp_ln135)> <Delay = 0.00>
ST_9 : Operation 751 [1/1] (0.00ns)   --->   "%mrv_113 = insertvalue i1792 %mrv_112, i14 %acc_718" [firmware/nnet_utils/nnet_dense_resource.h:166]   --->   Operation 751 'insertvalue' 'mrv_113' <Predicate = (icmp_ln135)> <Delay = 0.00>
ST_9 : Operation 752 [1/1] (0.00ns)   --->   "%mrv_114 = insertvalue i1792 %mrv_113, i14 %acc_719" [firmware/nnet_utils/nnet_dense_resource.h:166]   --->   Operation 752 'insertvalue' 'mrv_114' <Predicate = (icmp_ln135)> <Delay = 0.00>
ST_9 : Operation 753 [1/1] (0.00ns)   --->   "%mrv_115 = insertvalue i1792 %mrv_114, i14 %acc_720" [firmware/nnet_utils/nnet_dense_resource.h:166]   --->   Operation 753 'insertvalue' 'mrv_115' <Predicate = (icmp_ln135)> <Delay = 0.00>
ST_9 : Operation 754 [1/1] (0.00ns)   --->   "%mrv_116 = insertvalue i1792 %mrv_115, i14 %acc_721" [firmware/nnet_utils/nnet_dense_resource.h:166]   --->   Operation 754 'insertvalue' 'mrv_116' <Predicate = (icmp_ln135)> <Delay = 0.00>
ST_9 : Operation 755 [1/1] (0.00ns)   --->   "%mrv_117 = insertvalue i1792 %mrv_116, i14 %acc_722" [firmware/nnet_utils/nnet_dense_resource.h:166]   --->   Operation 755 'insertvalue' 'mrv_117' <Predicate = (icmp_ln135)> <Delay = 0.00>
ST_9 : Operation 756 [1/1] (0.00ns)   --->   "%mrv_118 = insertvalue i1792 %mrv_117, i14 %acc_723" [firmware/nnet_utils/nnet_dense_resource.h:166]   --->   Operation 756 'insertvalue' 'mrv_118' <Predicate = (icmp_ln135)> <Delay = 0.00>
ST_9 : Operation 757 [1/1] (0.00ns)   --->   "%mrv_119 = insertvalue i1792 %mrv_118, i14 %acc_724" [firmware/nnet_utils/nnet_dense_resource.h:166]   --->   Operation 757 'insertvalue' 'mrv_119' <Predicate = (icmp_ln135)> <Delay = 0.00>
ST_9 : Operation 758 [1/1] (0.00ns)   --->   "%mrv_120 = insertvalue i1792 %mrv_119, i14 %acc_725" [firmware/nnet_utils/nnet_dense_resource.h:166]   --->   Operation 758 'insertvalue' 'mrv_120' <Predicate = (icmp_ln135)> <Delay = 0.00>
ST_9 : Operation 759 [1/1] (0.00ns)   --->   "%mrv_121 = insertvalue i1792 %mrv_120, i14 %acc_726" [firmware/nnet_utils/nnet_dense_resource.h:166]   --->   Operation 759 'insertvalue' 'mrv_121' <Predicate = (icmp_ln135)> <Delay = 0.00>
ST_9 : Operation 760 [1/1] (0.00ns)   --->   "%mrv_122 = insertvalue i1792 %mrv_121, i14 %acc_727" [firmware/nnet_utils/nnet_dense_resource.h:166]   --->   Operation 760 'insertvalue' 'mrv_122' <Predicate = (icmp_ln135)> <Delay = 0.00>
ST_9 : Operation 761 [1/1] (0.00ns)   --->   "%mrv_123 = insertvalue i1792 %mrv_122, i14 %acc_728" [firmware/nnet_utils/nnet_dense_resource.h:166]   --->   Operation 761 'insertvalue' 'mrv_123' <Predicate = (icmp_ln135)> <Delay = 0.00>
ST_9 : Operation 762 [1/1] (0.00ns)   --->   "%mrv_124 = insertvalue i1792 %mrv_123, i14 %acc_729" [firmware/nnet_utils/nnet_dense_resource.h:166]   --->   Operation 762 'insertvalue' 'mrv_124' <Predicate = (icmp_ln135)> <Delay = 0.00>
ST_9 : Operation 763 [1/1] (0.00ns)   --->   "%mrv_125 = insertvalue i1792 %mrv_124, i14 %acc_730" [firmware/nnet_utils/nnet_dense_resource.h:166]   --->   Operation 763 'insertvalue' 'mrv_125' <Predicate = (icmp_ln135)> <Delay = 0.00>
ST_9 : Operation 764 [1/1] (0.00ns)   --->   "%mrv_126 = insertvalue i1792 %mrv_125, i14 %acc_731" [firmware/nnet_utils/nnet_dense_resource.h:166]   --->   Operation 764 'insertvalue' 'mrv_126' <Predicate = (icmp_ln135)> <Delay = 0.00>
ST_9 : Operation 765 [1/1] (0.00ns)   --->   "%mrv_s = insertvalue i1792 %mrv_126, i14 %acc_732" [firmware/nnet_utils/nnet_dense_resource.h:166]   --->   Operation 765 'insertvalue' 'mrv_s' <Predicate = (icmp_ln135)> <Delay = 0.00>
ST_9 : Operation 766 [1/1] (0.00ns)   --->   "%return_ln166 = return void @_ssdm_op_Return, i1792 %mrv_s" [firmware/nnet_utils/nnet_dense_resource.h:166]   --->   Operation 766 'return' 'return_ln166' <Predicate = (icmp_ln135)> <Delay = 0.00>


============================================================
+ Verbose Summary: Timing violations
============================================================
Target clock period: 4.000ns, clock uncertainty: 1.080ns.

 <State 1>: 1.610ns
The critical path consists of the following:
	multiplexor before 'phi' operation 1 bit ('do_init') [6]  (1.610 ns)
	'br' operation ('br_ln135', firmware/nnet_utils/nnet_dense_resource.h:135) [4]  (1.610 ns)

 <State 2>: 2.152ns
The critical path consists of the following:
	'phi' operation 6 bit ('w_index') with incoming values : ('w_index', firmware/nnet_utils/nnet_dense_resource.h:135) [8]  (0.000 ns)
	'getelementptr' operation 6 bit ('outidx_addr', firmware/nnet_utils/nnet_dense_resource.h:139) [146]  (0.000 ns)
	'load' operation 3 bit ('out_index', firmware/nnet_utils/nnet_dense_resource.h:139) on array 'outidx' [147]  (2.152 ns)

 <State 3>: 6.096ns
The critical path consists of the following:
	'phi' operation 32 bit ('in_index') with incoming values : ('in_index_6', firmware/nnet_utils/nnet_dense_resource.h:154) [7]  (0.000 ns)
	'add' operation 32 bit ('in_index', firmware/nnet_utils/nnet_dense_resource.h:153) [575]  (2.702 ns)
	'icmp' operation 1 bit ('icmp_ln154', firmware/nnet_utils/nnet_dense_resource.h:154) [577]  (2.598 ns)
	'select' operation 32 bit ('in_index_6', firmware/nnet_utils/nnet_dense_resource.h:154) [578]  (0.796 ns)

 <State 4>: 4.026ns
The critical path consists of the following:
	'load' operation 14 bit ('a', firmware/nnet_utils/nnet_dense_resource.h:145) on array 'data' [150]  (2.152 ns)
	'mul' operation 27 bit ('mul_ln73', firmware/nnet_utils/nnet_mult.h:73->firmware/nnet_utils/nnet_dense_resource.h:145) [157]  (1.874 ns)

 <State 5>: 1.874ns
The critical path consists of the following:
	'mul' operation 27 bit ('mul_ln73', firmware/nnet_utils/nnet_mult.h:73->firmware/nnet_utils/nnet_dense_resource.h:145) [157]  (1.874 ns)

 <State 6>: 1.874ns
The critical path consists of the following:
	'mul' operation 27 bit ('mul_ln73', firmware/nnet_utils/nnet_mult.h:73->firmware/nnet_utils/nnet_dense_resource.h:145) [157]  (1.874 ns)

 <State 7>: 1.874ns
The critical path consists of the following:
	'mul' operation 27 bit ('mul_ln73', firmware/nnet_utils/nnet_mult.h:73->firmware/nnet_utils/nnet_dense_resource.h:145) [157]  (1.874 ns)

 <State 8>: 7.063ns
The critical path consists of the following:
	'phi' operation 14 bit ('acc') with incoming values : ('x', firmware/nnet_utils/nnet_dense_resource.h:144) [9]  (0.000 ns)
	'sparsemux' operation 14 bit ('tmp_s', firmware/nnet_utils/nnet_dense_resource.h:144) [162]  (1.805 ns)
	'sub' operation 15 bit ('sub_ln144', firmware/nnet_utils/nnet_dense_resource.h:144) [166]  (2.138 ns)
	'icmp' operation 1 bit ('icmp_ln144_70', firmware/nnet_utils/nnet_dense_resource.h:144) [174]  (2.142 ns)
	'or' operation 1 bit ('or_ln144', firmware/nnet_utils/nnet_dense_resource.h:144) [175]  (0.000 ns)
	'or' operation 1 bit ('or_ln144_2', firmware/nnet_utils/nnet_dense_resource.h:144) [177]  (0.000 ns)
	'or' operation 1 bit ('or_ln144_6', firmware/nnet_utils/nnet_dense_resource.h:144) [181]  (0.000 ns)
	'select' operation 14 bit ('acc', firmware/nnet_utils/nnet_dense_resource.h:144) [182]  (0.978 ns)

 <State 9>: 9.651ns
The critical path consists of the following:
	'or' operation 1 bit ('or_ln144_7', firmware/nnet_utils/nnet_dense_resource.h:144) [191]  (0.000 ns)
	'or' operation 1 bit ('or_ln144_8', firmware/nnet_utils/nnet_dense_resource.h:144) [192]  (0.000 ns)
	'select' operation 14 bit ('x', firmware/nnet_utils/nnet_dense_resource.h:144) [193]  (0.978 ns)
	multiplexor before 'phi' operation 14 bit ('acc') with incoming values : ('x', firmware/nnet_utils/nnet_dense_resource.h:144) [16]  (1.610 ns)
	'phi' operation 14 bit ('acc') with incoming values : ('x', firmware/nnet_utils/nnet_dense_resource.h:144) [16]  (0.000 ns)
	'sparsemux' operation 14 bit ('tmp_s', firmware/nnet_utils/nnet_dense_resource.h:144) [162]  (1.805 ns)
	'sub' operation 15 bit ('sub_ln144', firmware/nnet_utils/nnet_dense_resource.h:144) [166]  (2.138 ns)
	'icmp' operation 1 bit ('icmp_ln144_70', firmware/nnet_utils/nnet_dense_resource.h:144) [174]  (2.142 ns)
	'or' operation 1 bit ('or_ln144', firmware/nnet_utils/nnet_dense_resource.h:144) [175]  (0.000 ns)
	'or' operation 1 bit ('or_ln144_2', firmware/nnet_utils/nnet_dense_resource.h:144) [177]  (0.000 ns)
	'or' operation 1 bit ('or_ln144_6', firmware/nnet_utils/nnet_dense_resource.h:144) [181]  (0.000 ns)
	'select' operation 14 bit ('acc', firmware/nnet_utils/nnet_dense_resource.h:144) [182]  (0.978 ns)


============================================================
+ Verbose Summary: Binding
============================================================
N/A
* FSMD analyzer results:
  - Output states:
 - Input state : 
  - Chain level:
	State 1
	State 2
	State 3
	State 4
	State 5
	State 6
	State 7
	State 8
	State 9


============================================================
+ Verbose Summary: Datapath Resource usage 
============================================================
N/A
