

================================================================
== Vitis HLS Report for 'lstm_stack_ap_fixed_14_7_0_3_0_ap_fixed_14_7_0_3_0_config2_s'
================================================================
* Date:           Tue Sep 15 12:09:01 2026

* Version:        2026.1 (Build 6493734 on Jun 16 2026)
* Project:        recurrent_prj
* Solution:       solution1
* Product family: artix7
* Target device:  xc7a100t-csg324-1


================================================================
== Performance Estimates
================================================================
+ Timing: 
    * Summary: 
    +--------+---------+----------+------------+
    |  Clock |  Target | Estimated| Uncertainty|
    +--------+---------+----------+------------+
    |ap_clk  |  4.00 ns|  9.651 ns|     1.08 ns|
    +--------+---------+----------+------------+

+ Latency: 
    * Summary: 
    +---------+---------+----------+----------+-----+-----+---------+
    |  Latency (cycles) |  Latency (absolute) |  Interval | Pipeline|
    |   min   |   max   |    min   |    max   | min | max |   Type  |
    +---------+---------+----------+----------+-----+-----+---------+
    |      437|      441|  4.217 us|  4.256 us|  437|  441|       no|
    +---------+---------+----------+----------+-----+-----+---------+

    + Detail: 
        * Instance: 
        +--------------------------------------------------------------------------------+---------------------------------------------------------------------+---------+---------+----------+----------+-----+-----+---------+
        |                                                                                |                                                                     |  Latency (cycles) |  Latency (absolute) |  Interval | Pipeline|
        |                                    Instance                                    |                                Module                               |   min   |   max   |    min   |    max   | min | max |   Type  |
        +--------------------------------------------------------------------------------+---------------------------------------------------------------------+---------+---------+----------+----------+-----+-----+---------+
        |grp_lstm_static_ap_fixed_14_7_0_3_0_ap_fixed_14_7_0_3_0_config2_false_s_fu_445  |lstm_static_ap_fixed_14_7_0_3_0_ap_fixed_14_7_0_3_0_config2_false_s  |      100|      101|  0.965 us|  0.975 us|  100|  101|       no|
        +--------------------------------------------------------------------------------+---------------------------------------------------------------------+---------+---------+----------+----------+-----+-----+---------+

        * Loop: 
        +--------------------+---------+---------+-----------+-----------+-----------+------+----------+
        |                    |  Latency (cycles) | Iteration |  Initiation Interval  | Trip |          |
        |      Loop Name     |   min   |   max   |  Latency  |  achieved |   target  | Count| Pipelined|
        +--------------------+---------+---------+-----------+-----------+-----------+------+----------+
        |- VITIS_LOOP_242_2  |      436|      440|  109 ~ 110|          -|          -|     4|        no|
        +--------------------+---------+---------+-----------+-----------+-----------+------+----------+



================================================================
== Utilization Estimates
================================================================
* Summary: 
+-----------------+---------+-----+--------+-------+-----+
|       Name      | BRAM_18K| DSP |   FF   |  LUT  | URAM|
+-----------------+---------+-----+--------+-------+-----+
|DSP              |        -|    -|       -|      -|    -|
|Expression       |        -|    -|       0|    138|    -|
|FIFO             |        -|    -|       -|      -|    -|
|Instance         |       90|  176|   44537|  46164|    -|
|Memory           |        0|    -|      28|      2|    0|
|Multiplexer      |        -|    -|       0|    462|    -|
|Register         |        -|    -|    1067|      -|    -|
+-----------------+---------+-----+--------+-------+-----+
|Total            |       90|  176|   45632|  46766|    0|
+-----------------+---------+-----+--------+-------+-----+
|Available        |      270|  240|  126800|  63400|    0|
+-----------------+---------+-----+--------+-------+-----+
|Utilization (%)  |       33|   73|      35|     73|    0|
+-----------------+---------+-----+--------+-------+-----+

+ Detail: 
    * Instance: 
    +--------------------------------------------------------------------------------+---------------------------------------------------------------------+---------+-----+-------+-------+-----+
    |                                    Instance                                    |                                Module                               | BRAM_18K| DSP |   FF  |  LUT  | URAM|
    +--------------------------------------------------------------------------------+---------------------------------------------------------------------+---------+-----+-------+-------+-----+
    |grp_lstm_static_ap_fixed_14_7_0_3_0_ap_fixed_14_7_0_3_0_config2_false_s_fu_445  |lstm_static_ap_fixed_14_7_0_3_0_ap_fixed_14_7_0_3_0_config2_false_s  |       90|  176|  44529|  45068|    0|
    |partselect_14ns_448ns_9ns_14_2_1_U369                                           |partselect_14ns_448ns_9ns_14_2_1                                     |        0|    0|      1|    137|    0|
    |partselect_14ns_448ns_9ns_14_2_1_U370                                           |partselect_14ns_448ns_9ns_14_2_1                                     |        0|    0|      1|    137|    0|
    |partselect_14ns_448ns_9ns_14_2_1_U371                                           |partselect_14ns_448ns_9ns_14_2_1                                     |        0|    0|      1|    137|    0|
    |partselect_14ns_448ns_9ns_14_2_1_U372                                           |partselect_14ns_448ns_9ns_14_2_1                                     |        0|    0|      1|    137|    0|
    |partselect_14ns_448ns_9ns_14_2_1_U373                                           |partselect_14ns_448ns_9ns_14_2_1                                     |        0|    0|      1|    137|    0|
    |partselect_14ns_448ns_9ns_14_2_1_U374                                           |partselect_14ns_448ns_9ns_14_2_1                                     |        0|    0|      1|    137|    0|
    |partselect_14ns_448ns_9ns_14_2_1_U375                                           |partselect_14ns_448ns_9ns_14_2_1                                     |        0|    0|      1|    137|    0|
    |partselect_14ns_448ns_9ns_14_2_1_U376                                           |partselect_14ns_448ns_9ns_14_2_1                                     |        0|    0|      1|    137|    0|
    +--------------------------------------------------------------------------------+---------------------------------------------------------------------+---------+-----+-------+-------+-----+
    |Total                                                                           |                                                                     |       90|  176|  44537|  46164|    0|
    +--------------------------------------------------------------------------------+---------------------------------------------------------------------+---------+-----+-------+-------+-----+

    * DSP: 
    N/A

    * Memory: 
    +-----------+----------------------------------------------------------------------------------+---------+----+----+-----+------+-----+------+-------------+
    |   Memory  |                                      Module                                      | BRAM_18K| FF | LUT| URAM| Words| Bits| Banks| W*Bits*Banks|
    +-----------+----------------------------------------------------------------------------------+---------+----+----+-----+------+-----+------+-------------+
    |data_in_U  |lstm_stack_ap_fixed_14_7_0_3_0_ap_fixed_14_7_0_3_0_config2_s_data_in_RAM_AUTOhbi  |        0|  28|   2|    0|     8|   14|     1|          112|
    +-----------+----------------------------------------------------------------------------------+---------+----+----+-----+------+-----+------+-------------+
    |Total      |                                                                                  |        0|  28|   2|    0|     8|   14|     1|          112|
    +-----------+----------------------------------------------------------------------------------+---------+----+----+-----+------+-----+------+-------------+

    * FIFO: 
    N/A

    * Expression: 
    +------------------------+----------+----+---+----+------------+------------+
    |      Variable Name     | Operation| DSP| FF| LUT| Bitwidth P0| Bitwidth P1|
    +------------------------+----------+----+---+----+------------+------------+
    |add_ln242_fu_766_p2     |         +|   0|  0|  11|           3|           1|
    |add_ln245_1_fu_1126_p2  |         +|   0|  0|  16|           9|           5|
    |add_ln245_2_fu_1132_p2  |         +|   0|  0|  16|           9|           6|
    |add_ln245_3_fu_1138_p2  |         +|   0|  0|  16|           9|           6|
    |add_ln245_4_fu_1144_p2  |         +|   0|  0|  16|           9|           7|
    |add_ln245_5_fu_1150_p2  |         +|   0|  0|  16|           9|           7|
    |add_ln245_fu_1120_p2    |         +|   0|  0|  16|           9|           4|
    |sub_ln245_fu_796_p2     |         -|   0|  0|  16|           9|           9|
    |icmp_ln242_fu_760_p2    |      icmp|   0|  0|  13|           3|           4|
    |ap_block_state1         |        or|   0|  0|   2|           1|           1|
    +------------------------+----------+----+---+----+------------+------------+
    |Total                   |          |   0|  0| 138|          70|          50|
    +------------------------+----------+----+---+----+------------+------------+

    * Multiplexer: 
    +--------------------------+----+-----------+-----+-----------+
    |           Name           | LUT| Input Size| Bits| Total Bits|
    +--------------------------+----+-----------+-----+-----------+
    |ap_NS_fsm                 |  45|         11|    1|         11|
    |ap_done                   |   9|          2|    1|          2|
    |data_in_address0          |   9|          2|    3|          6|
    |data_in_address0_local    |  21|          5|    3|         15|
    |data_in_address1_local    |  21|          5|    3|         15|
    |data_in_ce0               |   9|          2|    1|          2|
    |data_in_d0_local          |  21|          5|   14|         70|
    |data_in_d1_local          |  21|          5|   14|         70|
    |iloop_fu_216              |   9|          2|    3|          6|
    |input_layer_blk_n         |   9|          2|    1|          2|
    |layer2_out_0_0_fu_220     |   9|          2|   14|         28|
    |layer2_out_10_0_fu_260    |   9|          2|   14|         28|
    |layer2_out_11_0_fu_264    |   9|          2|   14|         28|
    |layer2_out_12_0_fu_268    |   9|          2|   14|         28|
    |layer2_out_13_0_fu_272    |   9|          2|   14|         28|
    |layer2_out_1445_0_fu_276  |   9|          2|   14|         28|
    |layer2_out_15_0_fu_280    |   9|          2|   14|         28|
    |layer2_out_16_0_fu_284    |   9|          2|   14|         28|
    |layer2_out_17_0_fu_288    |   9|          2|   14|         28|
    |layer2_out_18_0_fu_292    |   9|          2|   14|         28|
    |layer2_out_19_0_fu_296    |   9|          2|   14|         28|
    |layer2_out_1_0_fu_224     |   9|          2|   14|         28|
    |layer2_out_20_0_fu_300    |   9|          2|   14|         28|
    |layer2_out_21_0_fu_304    |   9|          2|   14|         28|
    |layer2_out_22_0_fu_308    |   9|          2|   14|         28|
    |layer2_out_23_0_fu_312    |   9|          2|   14|         28|
    |layer2_out_24_0_fu_316    |   9|          2|   14|         28|
    |layer2_out_25_0_fu_320    |   9|          2|   14|         28|
    |layer2_out_26_0_fu_324    |   9|          2|   14|         28|
    |layer2_out_2786_0_fu_328  |   9|          2|   14|         28|
    |layer2_out_28_0_fu_332    |   9|          2|   14|         28|
    |layer2_out_29_0_fu_336    |   9|          2|   14|         28|
    |layer2_out_2_0_fu_228     |   9|          2|   14|         28|
    |layer2_out_30_0_fu_340    |   9|          2|   14|         28|
    |layer2_out_31_0_fu_344    |   9|          2|   14|         28|
    |layer2_out_3_0_fu_232     |   9|          2|   14|         28|
    |layer2_out_4_0_fu_236     |   9|          2|   14|         28|
    |layer2_out_5_0_fu_240     |   9|          2|   14|         28|
    |layer2_out_6_0_fu_244     |   9|          2|   14|         28|
    |layer2_out_7_0_fu_248     |   9|          2|   14|         28|
    |layer2_out_8_0_fu_252     |   9|          2|   14|         28|
    |layer2_out_9_0_fu_256     |   9|          2|   14|         28|
    +--------------------------+----+-----------+-----+-----------+
    |Total                     | 462|        105|  492|       1095|
    +--------------------------+----+-----------+-----+-----------+

    * Register: 
    +---------------------------------------------------------------------------------------------+-----+----+-----+-----------+
    |                                             Name                                            |  FF | LUT| Bits| Const Bits|
    +---------------------------------------------------------------------------------------------+-----+----+-----+-----------+
    |add_ln242_reg_1770                                                                           |    3|   0|    3|          0|
    |add_ln245_1_reg_1795                                                                         |    5|   0|    9|          4|
    |add_ln245_2_reg_1800                                                                         |    5|   0|    9|          4|
    |add_ln245_3_reg_1805                                                                         |    5|   0|    9|          4|
    |add_ln245_4_reg_1810                                                                         |    5|   0|    9|          4|
    |add_ln245_5_reg_1815                                                                         |    5|   0|    9|          4|
    |add_ln245_reg_1790                                                                           |    5|   0|    9|          4|
    |ap_CS_fsm                                                                                    |   10|   0|   10|          0|
    |ap_done_reg                                                                                  |    1|   0|    1|          0|
    |grp_lstm_static_ap_fixed_14_7_0_3_0_ap_fixed_14_7_0_3_0_config2_false_s_fu_445_ap_start_reg  |    1|   0|    1|          0|
    |iloop_fu_216                                                                                 |    3|   0|    3|          0|
    |input_layer_read_reg_1715                                                                    |  448|   0|  448|          0|
    |layer2_out_0_0_fu_220                                                                        |   14|   0|   14|          0|
    |layer2_out_10_0_fu_260                                                                       |   14|   0|   14|          0|
    |layer2_out_11_0_fu_264                                                                       |   14|   0|   14|          0|
    |layer2_out_12_0_fu_268                                                                       |   14|   0|   14|          0|
    |layer2_out_13_0_fu_272                                                                       |   14|   0|   14|          0|
    |layer2_out_1445_0_fu_276                                                                     |   14|   0|   14|          0|
    |layer2_out_15_0_fu_280                                                                       |   14|   0|   14|          0|
    |layer2_out_16_0_fu_284                                                                       |   14|   0|   14|          0|
    |layer2_out_17_0_fu_288                                                                       |   14|   0|   14|          0|
    |layer2_out_18_0_fu_292                                                                       |   14|   0|   14|          0|
    |layer2_out_19_0_fu_296                                                                       |   14|   0|   14|          0|
    |layer2_out_1_0_fu_224                                                                        |   14|   0|   14|          0|
    |layer2_out_20_0_fu_300                                                                       |   14|   0|   14|          0|
    |layer2_out_21_0_fu_304                                                                       |   14|   0|   14|          0|
    |layer2_out_22_0_fu_308                                                                       |   14|   0|   14|          0|
    |layer2_out_23_0_fu_312                                                                       |   14|   0|   14|          0|
    |layer2_out_24_0_fu_316                                                                       |   14|   0|   14|          0|
    |layer2_out_25_0_fu_320                                                                       |   14|   0|   14|          0|
    |layer2_out_26_0_fu_324                                                                       |   14|   0|   14|          0|
    |layer2_out_2786_0_fu_328                                                                     |   14|   0|   14|          0|
    |layer2_out_28_0_fu_332                                                                       |   14|   0|   14|          0|
    |layer2_out_29_0_fu_336                                                                       |   14|   0|   14|          0|
    |layer2_out_2_0_fu_228                                                                        |   14|   0|   14|          0|
    |layer2_out_30_0_fu_340                                                                       |   14|   0|   14|          0|
    |layer2_out_31_0_fu_344                                                                       |   14|   0|   14|          0|
    |layer2_out_3_0_fu_232                                                                        |   14|   0|   14|          0|
    |layer2_out_4_0_fu_236                                                                        |   14|   0|   14|          0|
    |layer2_out_5_0_fu_240                                                                        |   14|   0|   14|          0|
    |layer2_out_6_0_fu_244                                                                        |   14|   0|   14|          0|
    |layer2_out_7_0_fu_248                                                                        |   14|   0|   14|          0|
    |layer2_out_8_0_fu_252                                                                        |   14|   0|   14|          0|
    |layer2_out_9_0_fu_256                                                                        |   14|   0|   14|          0|
    |reset_state_reg_431                                                                          |    1|   0|    1|          0|
    |sub_ln245_reg_1775                                                                           |    5|   0|    9|          4|
    |tmp_541_reg_1830                                                                             |   14|   0|   14|          0|
    |tmp_542_reg_1835                                                                             |   14|   0|   14|          0|
    |tmp_543_reg_1840                                                                             |   14|   0|   14|          0|
    |tmp_544_reg_1845                                                                             |   14|   0|   14|          0|
    |tmp_545_reg_1850                                                                             |   14|   0|   14|          0|
    |tmp_546_reg_1855                                                                             |   14|   0|   14|          0|
    |tmp_575_reg_1780                                                                             |    5|   0|    5|          0|
    |tmp_reg_1820                                                                                 |   14|   0|   14|          0|
    |tmp_s_reg_1825                                                                               |   14|   0|   14|          0|
    +---------------------------------------------------------------------------------------------+-----+----+-----+-----------+
    |Total                                                                                        | 1067|   0| 1095|         28|
    +---------------------------------------------------------------------------------------------+-----+----+-----+-----------+



================================================================
== Interface
================================================================
* Summary: 
+--------------------+-----+-----+------------+-------------------------------------------------------------------------+--------------+
|      RTL Ports     | Dir | Bits|  Protocol  |                              Source Object                              |    C Type    |
+--------------------+-----+-----+------------+-------------------------------------------------------------------------+--------------+
|ap_clk              |   in|    1|  ap_ctrl_hs|  lstm_stack<ap_fixed<14, 7, 0, 3, 0>, ap_fixed<14, 7, 0, 3, 0>, config2>|  return value|
|ap_rst              |   in|    1|  ap_ctrl_hs|  lstm_stack<ap_fixed<14, 7, 0, 3, 0>, ap_fixed<14, 7, 0, 3, 0>, config2>|  return value|
|ap_start            |   in|    1|  ap_ctrl_hs|  lstm_stack<ap_fixed<14, 7, 0, 3, 0>, ap_fixed<14, 7, 0, 3, 0>, config2>|  return value|
|ap_done             |  out|    1|  ap_ctrl_hs|  lstm_stack<ap_fixed<14, 7, 0, 3, 0>, ap_fixed<14, 7, 0, 3, 0>, config2>|  return value|
|ap_continue         |   in|    1|  ap_ctrl_hs|  lstm_stack<ap_fixed<14, 7, 0, 3, 0>, ap_fixed<14, 7, 0, 3, 0>, config2>|  return value|
|ap_idle             |  out|    1|  ap_ctrl_hs|  lstm_stack<ap_fixed<14, 7, 0, 3, 0>, ap_fixed<14, 7, 0, 3, 0>, config2>|  return value|
|ap_ready            |  out|    1|  ap_ctrl_hs|  lstm_stack<ap_fixed<14, 7, 0, 3, 0>, ap_fixed<14, 7, 0, 3, 0>, config2>|  return value|
|ap_return_0         |  out|   14|  ap_ctrl_hs|  lstm_stack<ap_fixed<14, 7, 0, 3, 0>, ap_fixed<14, 7, 0, 3, 0>, config2>|  return value|
|ap_return_1         |  out|   14|  ap_ctrl_hs|  lstm_stack<ap_fixed<14, 7, 0, 3, 0>, ap_fixed<14, 7, 0, 3, 0>, config2>|  return value|
|ap_return_2         |  out|   14|  ap_ctrl_hs|  lstm_stack<ap_fixed<14, 7, 0, 3, 0>, ap_fixed<14, 7, 0, 3, 0>, config2>|  return value|
|ap_return_3         |  out|   14|  ap_ctrl_hs|  lstm_stack<ap_fixed<14, 7, 0, 3, 0>, ap_fixed<14, 7, 0, 3, 0>, config2>|  return value|
|ap_return_4         |  out|   14|  ap_ctrl_hs|  lstm_stack<ap_fixed<14, 7, 0, 3, 0>, ap_fixed<14, 7, 0, 3, 0>, config2>|  return value|
|ap_return_5         |  out|   14|  ap_ctrl_hs|  lstm_stack<ap_fixed<14, 7, 0, 3, 0>, ap_fixed<14, 7, 0, 3, 0>, config2>|  return value|
|ap_return_6         |  out|   14|  ap_ctrl_hs|  lstm_stack<ap_fixed<14, 7, 0, 3, 0>, ap_fixed<14, 7, 0, 3, 0>, config2>|  return value|
|ap_return_7         |  out|   14|  ap_ctrl_hs|  lstm_stack<ap_fixed<14, 7, 0, 3, 0>, ap_fixed<14, 7, 0, 3, 0>, config2>|  return value|
|ap_return_8         |  out|   14|  ap_ctrl_hs|  lstm_stack<ap_fixed<14, 7, 0, 3, 0>, ap_fixed<14, 7, 0, 3, 0>, config2>|  return value|
|ap_return_9         |  out|   14|  ap_ctrl_hs|  lstm_stack<ap_fixed<14, 7, 0, 3, 0>, ap_fixed<14, 7, 0, 3, 0>, config2>|  return value|
|ap_return_10        |  out|   14|  ap_ctrl_hs|  lstm_stack<ap_fixed<14, 7, 0, 3, 0>, ap_fixed<14, 7, 0, 3, 0>, config2>|  return value|
|ap_return_11        |  out|   14|  ap_ctrl_hs|  lstm_stack<ap_fixed<14, 7, 0, 3, 0>, ap_fixed<14, 7, 0, 3, 0>, config2>|  return value|
|ap_return_12        |  out|   14|  ap_ctrl_hs|  lstm_stack<ap_fixed<14, 7, 0, 3, 0>, ap_fixed<14, 7, 0, 3, 0>, config2>|  return value|
|ap_return_13        |  out|   14|  ap_ctrl_hs|  lstm_stack<ap_fixed<14, 7, 0, 3, 0>, ap_fixed<14, 7, 0, 3, 0>, config2>|  return value|
|ap_return_14        |  out|   14|  ap_ctrl_hs|  lstm_stack<ap_fixed<14, 7, 0, 3, 0>, ap_fixed<14, 7, 0, 3, 0>, config2>|  return value|
|ap_return_15        |  out|   14|  ap_ctrl_hs|  lstm_stack<ap_fixed<14, 7, 0, 3, 0>, ap_fixed<14, 7, 0, 3, 0>, config2>|  return value|
|ap_return_16        |  out|   14|  ap_ctrl_hs|  lstm_stack<ap_fixed<14, 7, 0, 3, 0>, ap_fixed<14, 7, 0, 3, 0>, config2>|  return value|
|ap_return_17        |  out|   14|  ap_ctrl_hs|  lstm_stack<ap_fixed<14, 7, 0, 3, 0>, ap_fixed<14, 7, 0, 3, 0>, config2>|  return value|
|ap_return_18        |  out|   14|  ap_ctrl_hs|  lstm_stack<ap_fixed<14, 7, 0, 3, 0>, ap_fixed<14, 7, 0, 3, 0>, config2>|  return value|
|ap_return_19        |  out|   14|  ap_ctrl_hs|  lstm_stack<ap_fixed<14, 7, 0, 3, 0>, ap_fixed<14, 7, 0, 3, 0>, config2>|  return value|
|ap_return_20        |  out|   14|  ap_ctrl_hs|  lstm_stack<ap_fixed<14, 7, 0, 3, 0>, ap_fixed<14, 7, 0, 3, 0>, config2>|  return value|
|ap_return_21        |  out|   14|  ap_ctrl_hs|  lstm_stack<ap_fixed<14, 7, 0, 3, 0>, ap_fixed<14, 7, 0, 3, 0>, config2>|  return value|
|ap_return_22        |  out|   14|  ap_ctrl_hs|  lstm_stack<ap_fixed<14, 7, 0, 3, 0>, ap_fixed<14, 7, 0, 3, 0>, config2>|  return value|
|ap_return_23        |  out|   14|  ap_ctrl_hs|  lstm_stack<ap_fixed<14, 7, 0, 3, 0>, ap_fixed<14, 7, 0, 3, 0>, config2>|  return value|
|ap_return_24        |  out|   14|  ap_ctrl_hs|  lstm_stack<ap_fixed<14, 7, 0, 3, 0>, ap_fixed<14, 7, 0, 3, 0>, config2>|  return value|
|ap_return_25        |  out|   14|  ap_ctrl_hs|  lstm_stack<ap_fixed<14, 7, 0, 3, 0>, ap_fixed<14, 7, 0, 3, 0>, config2>|  return value|
|ap_return_26        |  out|   14|  ap_ctrl_hs|  lstm_stack<ap_fixed<14, 7, 0, 3, 0>, ap_fixed<14, 7, 0, 3, 0>, config2>|  return value|
|ap_return_27        |  out|   14|  ap_ctrl_hs|  lstm_stack<ap_fixed<14, 7, 0, 3, 0>, ap_fixed<14, 7, 0, 3, 0>, config2>|  return value|
|ap_return_28        |  out|   14|  ap_ctrl_hs|  lstm_stack<ap_fixed<14, 7, 0, 3, 0>, ap_fixed<14, 7, 0, 3, 0>, config2>|  return value|
|ap_return_29        |  out|   14|  ap_ctrl_hs|  lstm_stack<ap_fixed<14, 7, 0, 3, 0>, ap_fixed<14, 7, 0, 3, 0>, config2>|  return value|
|ap_return_30        |  out|   14|  ap_ctrl_hs|  lstm_stack<ap_fixed<14, 7, 0, 3, 0>, ap_fixed<14, 7, 0, 3, 0>, config2>|  return value|
|ap_return_31        |  out|   14|  ap_ctrl_hs|  lstm_stack<ap_fixed<14, 7, 0, 3, 0>, ap_fixed<14, 7, 0, 3, 0>, config2>|  return value|
|input_layer         |   in|  448|      ap_vld|                                                              input_layer|       pointer|
|input_layer_ap_vld  |   in|    1|      ap_vld|                                                              input_layer|       pointer|
+--------------------+-----+-----+------------+-------------------------------------------------------------------------+--------------+

============================================================
+ Verbose Summary: Synthesis Manager
============================================================
InlineROM: 1
ExposeGlobal: 0
============================================================
+ Verbose Summary: CDFG Model
============================================================
IsTopModel: 0
ResetActiveHigh: 1
IsCombinational: 2
IsDatapathOnly: 0
HasWiredReturn: 1
HasMFsm: 0
HasVarLatency: 1
IsPipeline: 0
IsRtlPipelined: 0
IsInstanceOverlapped: 0
IsDontTouch: 0
HasImplIP: 0
IsGatedGlobalClock: 0


============================================================
+ Verbose Summary: Schedule
============================================================
* Number of FSM states : 10
* Pipeline : 0
* Dataflow Pipeline: 0

* FSM state transitions: 
1 --> 2 
2 --> 3 
3 --> 4 
4 --> 5 
5 --> 6 
6 --> 7 
7 --> 8 
8 --> 9 
9 --> 10 
10 --> 2 

* FSM state operations: 

State 1 <SV = 0> <Delay = 2.15>
ST_1 : Operation 11 [1/1] (0.00ns)   --->   "%iloop = alloca i32 1" [firmware/nnet_utils/nnet_recurrent.h:242->firmware/recurrent.cpp:39]   --->   Operation 11 'alloca' 'iloop' <Predicate = true> <Delay = 0.00>
ST_1 : Operation 12 [1/1] (0.00ns)   --->   "%layer2_out_0_0 = alloca i32 1"   --->   Operation 12 'alloca' 'layer2_out_0_0' <Predicate = true> <Delay = 0.00>
ST_1 : Operation 13 [1/1] (0.00ns)   --->   "%layer2_out_1_0 = alloca i32 1"   --->   Operation 13 'alloca' 'layer2_out_1_0' <Predicate = true> <Delay = 0.00>
ST_1 : Operation 14 [1/1] (0.00ns)   --->   "%layer2_out_2_0 = alloca i32 1"   --->   Operation 14 'alloca' 'layer2_out_2_0' <Predicate = true> <Delay = 0.00>
ST_1 : Operation 15 [1/1] (0.00ns)   --->   "%layer2_out_3_0 = alloca i32 1"   --->   Operation 15 'alloca' 'layer2_out_3_0' <Predicate = true> <Delay = 0.00>
ST_1 : Operation 16 [1/1] (0.00ns)   --->   "%layer2_out_4_0 = alloca i32 1"   --->   Operation 16 'alloca' 'layer2_out_4_0' <Predicate = true> <Delay = 0.00>
ST_1 : Operation 17 [1/1] (0.00ns)   --->   "%layer2_out_5_0 = alloca i32 1"   --->   Operation 17 'alloca' 'layer2_out_5_0' <Predicate = true> <Delay = 0.00>
ST_1 : Operation 18 [1/1] (0.00ns)   --->   "%layer2_out_6_0 = alloca i32 1"   --->   Operation 18 'alloca' 'layer2_out_6_0' <Predicate = true> <Delay = 0.00>
ST_1 : Operation 19 [1/1] (0.00ns)   --->   "%layer2_out_7_0 = alloca i32 1"   --->   Operation 19 'alloca' 'layer2_out_7_0' <Predicate = true> <Delay = 0.00>
ST_1 : Operation 20 [1/1] (0.00ns)   --->   "%layer2_out_8_0 = alloca i32 1"   --->   Operation 20 'alloca' 'layer2_out_8_0' <Predicate = true> <Delay = 0.00>
ST_1 : Operation 21 [1/1] (0.00ns)   --->   "%layer2_out_9_0 = alloca i32 1"   --->   Operation 21 'alloca' 'layer2_out_9_0' <Predicate = true> <Delay = 0.00>
ST_1 : Operation 22 [1/1] (0.00ns)   --->   "%layer2_out_10_0 = alloca i32 1"   --->   Operation 22 'alloca' 'layer2_out_10_0' <Predicate = true> <Delay = 0.00>
ST_1 : Operation 23 [1/1] (0.00ns)   --->   "%layer2_out_11_0 = alloca i32 1"   --->   Operation 23 'alloca' 'layer2_out_11_0' <Predicate = true> <Delay = 0.00>
ST_1 : Operation 24 [1/1] (0.00ns)   --->   "%layer2_out_12_0 = alloca i32 1"   --->   Operation 24 'alloca' 'layer2_out_12_0' <Predicate = true> <Delay = 0.00>
ST_1 : Operation 25 [1/1] (0.00ns)   --->   "%layer2_out_13_0 = alloca i32 1"   --->   Operation 25 'alloca' 'layer2_out_13_0' <Predicate = true> <Delay = 0.00>
ST_1 : Operation 26 [1/1] (0.00ns)   --->   "%layer2_out_1445_0 = alloca i32 1"   --->   Operation 26 'alloca' 'layer2_out_1445_0' <Predicate = true> <Delay = 0.00>
ST_1 : Operation 27 [1/1] (0.00ns)   --->   "%layer2_out_15_0 = alloca i32 1"   --->   Operation 27 'alloca' 'layer2_out_15_0' <Predicate = true> <Delay = 0.00>
ST_1 : Operation 28 [1/1] (0.00ns)   --->   "%layer2_out_16_0 = alloca i32 1"   --->   Operation 28 'alloca' 'layer2_out_16_0' <Predicate = true> <Delay = 0.00>
ST_1 : Operation 29 [1/1] (0.00ns)   --->   "%layer2_out_17_0 = alloca i32 1"   --->   Operation 29 'alloca' 'layer2_out_17_0' <Predicate = true> <Delay = 0.00>
ST_1 : Operation 30 [1/1] (0.00ns)   --->   "%layer2_out_18_0 = alloca i32 1"   --->   Operation 30 'alloca' 'layer2_out_18_0' <Predicate = true> <Delay = 0.00>
ST_1 : Operation 31 [1/1] (0.00ns)   --->   "%layer2_out_19_0 = alloca i32 1"   --->   Operation 31 'alloca' 'layer2_out_19_0' <Predicate = true> <Delay = 0.00>
ST_1 : Operation 32 [1/1] (0.00ns)   --->   "%layer2_out_20_0 = alloca i32 1"   --->   Operation 32 'alloca' 'layer2_out_20_0' <Predicate = true> <Delay = 0.00>
ST_1 : Operation 33 [1/1] (0.00ns)   --->   "%layer2_out_21_0 = alloca i32 1"   --->   Operation 33 'alloca' 'layer2_out_21_0' <Predicate = true> <Delay = 0.00>
ST_1 : Operation 34 [1/1] (0.00ns)   --->   "%layer2_out_22_0 = alloca i32 1"   --->   Operation 34 'alloca' 'layer2_out_22_0' <Predicate = true> <Delay = 0.00>
ST_1 : Operation 35 [1/1] (0.00ns)   --->   "%layer2_out_23_0 = alloca i32 1"   --->   Operation 35 'alloca' 'layer2_out_23_0' <Predicate = true> <Delay = 0.00>
ST_1 : Operation 36 [1/1] (0.00ns)   --->   "%layer2_out_24_0 = alloca i32 1"   --->   Operation 36 'alloca' 'layer2_out_24_0' <Predicate = true> <Delay = 0.00>
ST_1 : Operation 37 [1/1] (0.00ns)   --->   "%layer2_out_25_0 = alloca i32 1"   --->   Operation 37 'alloca' 'layer2_out_25_0' <Predicate = true> <Delay = 0.00>
ST_1 : Operation 38 [1/1] (0.00ns)   --->   "%layer2_out_26_0 = alloca i32 1"   --->   Operation 38 'alloca' 'layer2_out_26_0' <Predicate = true> <Delay = 0.00>
ST_1 : Operation 39 [1/1] (0.00ns)   --->   "%layer2_out_2786_0 = alloca i32 1"   --->   Operation 39 'alloca' 'layer2_out_2786_0' <Predicate = true> <Delay = 0.00>
ST_1 : Operation 40 [1/1] (0.00ns)   --->   "%layer2_out_28_0 = alloca i32 1"   --->   Operation 40 'alloca' 'layer2_out_28_0' <Predicate = true> <Delay = 0.00>
ST_1 : Operation 41 [1/1] (0.00ns)   --->   "%layer2_out_29_0 = alloca i32 1"   --->   Operation 41 'alloca' 'layer2_out_29_0' <Predicate = true> <Delay = 0.00>
ST_1 : Operation 42 [1/1] (0.00ns)   --->   "%layer2_out_30_0 = alloca i32 1"   --->   Operation 42 'alloca' 'layer2_out_30_0' <Predicate = true> <Delay = 0.00>
ST_1 : Operation 43 [1/1] (0.00ns)   --->   "%layer2_out_31_0 = alloca i32 1"   --->   Operation 43 'alloca' 'layer2_out_31_0' <Predicate = true> <Delay = 0.00>
ST_1 : Operation 44 [1/1] (2.15ns)   --->   "%data_in = alloca i64 1" [firmware/nnet_utils/nnet_recurrent.h:231->firmware/recurrent.cpp:39]   --->   Operation 44 'alloca' 'data_in' <Predicate = true> <Delay = 2.15> <CoreInst = "RAM">   --->   Core 81 'RAM' <Latency = 1> <II = 1> <Delay = 2.15> <Storage> <Opcode : 'load' 'store'> <Ports = 2> <Width = 14> <Depth = 8> <RAM>
ST_1 : Operation 45 [1/1] (0.00ns)   --->   "%input_layer_read = read i448 @_ssdm_op_Read.ap_auto.i448P0A, i448 %input_layer"   --->   Operation 45 'read' 'input_layer_read' <Predicate = true> <Delay = 0.00>
ST_1 : Operation 46 [1/1] (0.00ns)   --->   "%data_in_addr = getelementptr i14 %data_in, i64 0, i64 0" [firmware/nnet_utils/nnet_recurrent.h:248->firmware/recurrent.cpp:39]   --->   Operation 46 'getelementptr' 'data_in_addr' <Predicate = true> <Delay = 0.00>
ST_1 : Operation 47 [1/1] (0.00ns)   --->   "%data_in_addr_1 = getelementptr i14 %data_in, i64 0, i64 1" [firmware/nnet_utils/nnet_recurrent.h:245->firmware/recurrent.cpp:39]   --->   Operation 47 'getelementptr' 'data_in_addr_1' <Predicate = true> <Delay = 0.00>
ST_1 : Operation 48 [1/1] (0.00ns)   --->   "%data_in_addr_2 = getelementptr i14 %data_in, i64 0, i64 2" [firmware/nnet_utils/nnet_recurrent.h:245->firmware/recurrent.cpp:39]   --->   Operation 48 'getelementptr' 'data_in_addr_2' <Predicate = true> <Delay = 0.00>
ST_1 : Operation 49 [1/1] (0.00ns)   --->   "%data_in_addr_3 = getelementptr i14 %data_in, i64 0, i64 3" [firmware/nnet_utils/nnet_recurrent.h:245->firmware/recurrent.cpp:39]   --->   Operation 49 'getelementptr' 'data_in_addr_3' <Predicate = true> <Delay = 0.00>
ST_1 : Operation 50 [1/1] (0.00ns)   --->   "%data_in_addr_4 = getelementptr i14 %data_in, i64 0, i64 4" [firmware/nnet_utils/nnet_recurrent.h:245->firmware/recurrent.cpp:39]   --->   Operation 50 'getelementptr' 'data_in_addr_4' <Predicate = true> <Delay = 0.00>
ST_1 : Operation 51 [1/1] (0.00ns)   --->   "%data_in_addr_5 = getelementptr i14 %data_in, i64 0, i64 5" [firmware/nnet_utils/nnet_recurrent.h:245->firmware/recurrent.cpp:39]   --->   Operation 51 'getelementptr' 'data_in_addr_5' <Predicate = true> <Delay = 0.00>
ST_1 : Operation 52 [1/1] (0.00ns)   --->   "%data_in_addr_6 = getelementptr i14 %data_in, i64 0, i64 6" [firmware/nnet_utils/nnet_recurrent.h:245->firmware/recurrent.cpp:39]   --->   Operation 52 'getelementptr' 'data_in_addr_6' <Predicate = true> <Delay = 0.00>
ST_1 : Operation 53 [1/1] (0.00ns)   --->   "%data_in_addr_7 = getelementptr i14 %data_in, i64 0, i64 7" [firmware/nnet_utils/nnet_recurrent.h:245->firmware/recurrent.cpp:39]   --->   Operation 53 'getelementptr' 'data_in_addr_7' <Predicate = true> <Delay = 0.00>
ST_1 : Operation 54 [1/1] (1.61ns)   --->   "%store_ln0 = store i14 0, i14 %layer2_out_31_0"   --->   Operation 54 'store' 'store_ln0' <Predicate = true> <Delay = 1.61>
ST_1 : Operation 55 [1/1] (1.61ns)   --->   "%store_ln0 = store i14 0, i14 %layer2_out_30_0"   --->   Operation 55 'store' 'store_ln0' <Predicate = true> <Delay = 1.61>
ST_1 : Operation 56 [1/1] (1.61ns)   --->   "%store_ln0 = store i14 0, i14 %layer2_out_29_0"   --->   Operation 56 'store' 'store_ln0' <Predicate = true> <Delay = 1.61>
ST_1 : Operation 57 [1/1] (1.61ns)   --->   "%store_ln0 = store i14 0, i14 %layer2_out_28_0"   --->   Operation 57 'store' 'store_ln0' <Predicate = true> <Delay = 1.61>
ST_1 : Operation 58 [1/1] (1.61ns)   --->   "%store_ln0 = store i14 0, i14 %layer2_out_2786_0"   --->   Operation 58 'store' 'store_ln0' <Predicate = true> <Delay = 1.61>
ST_1 : Operation 59 [1/1] (1.61ns)   --->   "%store_ln0 = store i14 0, i14 %layer2_out_26_0"   --->   Operation 59 'store' 'store_ln0' <Predicate = true> <Delay = 1.61>
ST_1 : Operation 60 [1/1] (1.61ns)   --->   "%store_ln0 = store i14 0, i14 %layer2_out_25_0"   --->   Operation 60 'store' 'store_ln0' <Predicate = true> <Delay = 1.61>
ST_1 : Operation 61 [1/1] (1.61ns)   --->   "%store_ln0 = store i14 0, i14 %layer2_out_24_0"   --->   Operation 61 'store' 'store_ln0' <Predicate = true> <Delay = 1.61>
ST_1 : Operation 62 [1/1] (1.61ns)   --->   "%store_ln0 = store i14 0, i14 %layer2_out_23_0"   --->   Operation 62 'store' 'store_ln0' <Predicate = true> <Delay = 1.61>
ST_1 : Operation 63 [1/1] (1.61ns)   --->   "%store_ln0 = store i14 0, i14 %layer2_out_22_0"   --->   Operation 63 'store' 'store_ln0' <Predicate = true> <Delay = 1.61>
ST_1 : Operation 64 [1/1] (1.61ns)   --->   "%store_ln0 = store i14 0, i14 %layer2_out_21_0"   --->   Operation 64 'store' 'store_ln0' <Predicate = true> <Delay = 1.61>
ST_1 : Operation 65 [1/1] (1.61ns)   --->   "%store_ln0 = store i14 0, i14 %layer2_out_20_0"   --->   Operation 65 'store' 'store_ln0' <Predicate = true> <Delay = 1.61>
ST_1 : Operation 66 [1/1] (1.61ns)   --->   "%store_ln0 = store i14 0, i14 %layer2_out_19_0"   --->   Operation 66 'store' 'store_ln0' <Predicate = true> <Delay = 1.61>
ST_1 : Operation 67 [1/1] (1.61ns)   --->   "%store_ln0 = store i14 0, i14 %layer2_out_18_0"   --->   Operation 67 'store' 'store_ln0' <Predicate = true> <Delay = 1.61>
ST_1 : Operation 68 [1/1] (1.61ns)   --->   "%store_ln0 = store i14 0, i14 %layer2_out_17_0"   --->   Operation 68 'store' 'store_ln0' <Predicate = true> <Delay = 1.61>
ST_1 : Operation 69 [1/1] (1.61ns)   --->   "%store_ln0 = store i14 0, i14 %layer2_out_16_0"   --->   Operation 69 'store' 'store_ln0' <Predicate = true> <Delay = 1.61>
ST_1 : Operation 70 [1/1] (1.61ns)   --->   "%store_ln0 = store i14 0, i14 %layer2_out_15_0"   --->   Operation 70 'store' 'store_ln0' <Predicate = true> <Delay = 1.61>
ST_1 : Operation 71 [1/1] (1.61ns)   --->   "%store_ln0 = store i14 0, i14 %layer2_out_1445_0"   --->   Operation 71 'store' 'store_ln0' <Predicate = true> <Delay = 1.61>
ST_1 : Operation 72 [1/1] (1.61ns)   --->   "%store_ln0 = store i14 0, i14 %layer2_out_13_0"   --->   Operation 72 'store' 'store_ln0' <Predicate = true> <Delay = 1.61>
ST_1 : Operation 73 [1/1] (1.61ns)   --->   "%store_ln0 = store i14 0, i14 %layer2_out_12_0"   --->   Operation 73 'store' 'store_ln0' <Predicate = true> <Delay = 1.61>
ST_1 : Operation 74 [1/1] (1.61ns)   --->   "%store_ln0 = store i14 0, i14 %layer2_out_11_0"   --->   Operation 74 'store' 'store_ln0' <Predicate = true> <Delay = 1.61>
ST_1 : Operation 75 [1/1] (1.61ns)   --->   "%store_ln0 = store i14 0, i14 %layer2_out_10_0"   --->   Operation 75 'store' 'store_ln0' <Predicate = true> <Delay = 1.61>
ST_1 : Operation 76 [1/1] (1.61ns)   --->   "%store_ln0 = store i14 0, i14 %layer2_out_9_0"   --->   Operation 76 'store' 'store_ln0' <Predicate = true> <Delay = 1.61>
ST_1 : Operation 77 [1/1] (1.61ns)   --->   "%store_ln0 = store i14 0, i14 %layer2_out_8_0"   --->   Operation 77 'store' 'store_ln0' <Predicate = true> <Delay = 1.61>
ST_1 : Operation 78 [1/1] (1.61ns)   --->   "%store_ln0 = store i14 0, i14 %layer2_out_7_0"   --->   Operation 78 'store' 'store_ln0' <Predicate = true> <Delay = 1.61>
ST_1 : Operation 79 [1/1] (1.61ns)   --->   "%store_ln0 = store i14 0, i14 %layer2_out_6_0"   --->   Operation 79 'store' 'store_ln0' <Predicate = true> <Delay = 1.61>
ST_1 : Operation 80 [1/1] (1.61ns)   --->   "%store_ln0 = store i14 0, i14 %layer2_out_5_0"   --->   Operation 80 'store' 'store_ln0' <Predicate = true> <Delay = 1.61>
ST_1 : Operation 81 [1/1] (1.61ns)   --->   "%store_ln0 = store i14 0, i14 %layer2_out_4_0"   --->   Operation 81 'store' 'store_ln0' <Predicate = true> <Delay = 1.61>
ST_1 : Operation 82 [1/1] (1.61ns)   --->   "%store_ln0 = store i14 0, i14 %layer2_out_3_0"   --->   Operation 82 'store' 'store_ln0' <Predicate = true> <Delay = 1.61>
ST_1 : Operation 83 [1/1] (1.61ns)   --->   "%store_ln0 = store i14 0, i14 %layer2_out_2_0"   --->   Operation 83 'store' 'store_ln0' <Predicate = true> <Delay = 1.61>
ST_1 : Operation 84 [1/1] (1.61ns)   --->   "%store_ln0 = store i14 0, i14 %layer2_out_1_0"   --->   Operation 84 'store' 'store_ln0' <Predicate = true> <Delay = 1.61>
ST_1 : Operation 85 [1/1] (1.61ns)   --->   "%store_ln0 = store i14 0, i14 %layer2_out_0_0"   --->   Operation 85 'store' 'store_ln0' <Predicate = true> <Delay = 1.61>
ST_1 : Operation 86 [1/1] (1.61ns)   --->   "%store_ln242 = store i3 0, i3 %iloop" [firmware/nnet_utils/nnet_recurrent.h:242->firmware/recurrent.cpp:39]   --->   Operation 86 'store' 'store_ln242' <Predicate = true> <Delay = 1.61>
ST_1 : Operation 87 [1/1] (1.61ns)   --->   "%br_ln242 = br void %VITIS_LOOP_243_3.i" [firmware/nnet_utils/nnet_recurrent.h:242->firmware/recurrent.cpp:39]   --->   Operation 87 'br' 'br_ln242' <Predicate = true> <Delay = 1.61>

State 2 <SV = 1> <Delay = 2.11>
ST_2 : Operation 88 [1/1] (0.00ns)   --->   "%reset_state = phi i1 1, void %newFuncRoot, i1 0, void %VITIS_LOOP_243_3.split.i"   --->   Operation 88 'phi' 'reset_state' <Predicate = true> <Delay = 0.00>
ST_2 : Operation 89 [1/1] (0.00ns)   --->   "%iloop_1 = load i3 %iloop" [firmware/nnet_utils/nnet_recurrent.h:242->firmware/recurrent.cpp:39]   --->   Operation 89 'load' 'iloop_1' <Predicate = true> <Delay = 0.00>
ST_2 : Operation 90 [1/1] (1.68ns)   --->   "%icmp_ln242 = icmp_eq  i3 %iloop_1, i3 4" [firmware/nnet_utils/nnet_recurrent.h:242->firmware/recurrent.cpp:39]   --->   Operation 90 'icmp' 'icmp_ln242' <Predicate = true> <Delay = 1.68> <CoreInst = "Cmp">   --->   Core 9 'Cmp' <Latency = 0> <II = 1> <Delay = 1.77> <FuncUnit> <Opcode : 'seteq' 'setne' 'setle' 'setge' 'setlt' 'setgt'> <InPorts = 2> <OutPorts = 1>
ST_2 : Operation 91 [1/1] (1.68ns)   --->   "%add_ln242 = add i3 %iloop_1, i3 1" [firmware/nnet_utils/nnet_recurrent.h:242->firmware/recurrent.cpp:39]   --->   Operation 91 'add' 'add_ln242' <Predicate = true> <Delay = 1.68> <CoreInst = "Adder">   --->   Core 1 'Adder' <Latency = 0> <II = 1> <Delay = 1.68> <FuncUnit> <Opcode : 'add' 'sub'> <InPorts = 2> <OutPorts = 1>
ST_2 : Operation 92 [1/1] (0.00ns)   --->   "%br_ln242 = br i1 %icmp_ln242, void %VITIS_LOOP_243_3.split.i, void %_ZN4nnet10lstm_stackI8ap_fixedILi14ELi7EL9ap_q_mode0EL9ap_o_mode3ELi0EES4_7config2EEvPT_PT0_PNT1_8weight_tEPNSA_18recurrent_weight_tEPNSA_6bias_tEPNSA_16recurrent_bias_tE.3.exit" [firmware/nnet_utils/nnet_recurrent.h:242->firmware/recurrent.cpp:39]   --->   Operation 92 'br' 'br_ln242' <Predicate = true> <Delay = 0.00>
ST_2 : Operation 93 [1/1] (0.00ns)   --->   "%trunc_ln245 = trunc i3 %iloop_1" [firmware/nnet_utils/nnet_recurrent.h:245->firmware/recurrent.cpp:39]   --->   Operation 93 'trunc' 'trunc_ln245' <Predicate = (!icmp_ln242)> <Delay = 0.00>
ST_2 : Operation 94 [1/1] (0.00ns)   --->   "%p_shl = bitconcatenate i9 @_ssdm_op_BitConcatenate.i9.i2.i7, i2 %trunc_ln245, i7 0" [firmware/nnet_utils/nnet_recurrent.h:245->firmware/recurrent.cpp:39]   --->   Operation 94 'bitconcatenate' 'p_shl' <Predicate = (!icmp_ln242)> <Delay = 0.00>
ST_2 : Operation 95 [1/1] (0.00ns)   --->   "%tmp_734 = bitconcatenate i7 @_ssdm_op_BitConcatenate.i7.i3.i4, i3 %iloop_1, i4 0" [firmware/nnet_utils/nnet_recurrent.h:245->firmware/recurrent.cpp:39]   --->   Operation 95 'bitconcatenate' 'tmp_734' <Predicate = (!icmp_ln242)> <Delay = 0.00>
ST_2 : Operation 96 [1/1] (0.00ns)   --->   "%zext_ln245 = zext i7 %tmp_734" [firmware/nnet_utils/nnet_recurrent.h:245->firmware/recurrent.cpp:39]   --->   Operation 96 'zext' 'zext_ln245' <Predicate = (!icmp_ln242)> <Delay = 0.00>
ST_2 : Operation 97 [1/1] (2.11ns)   --->   "%sub_ln245 = sub i9 %p_shl, i9 %zext_ln245" [firmware/nnet_utils/nnet_recurrent.h:245->firmware/recurrent.cpp:39]   --->   Operation 97 'sub' 'sub_ln245' <Predicate = (!icmp_ln242)> <Delay = 2.11> <CoreInst = "Adder">   --->   Core 1 'Adder' <Latency = 0> <II = 1> <Delay = 2.11> <FuncUnit> <Opcode : 'add' 'sub'> <InPorts = 2> <OutPorts = 1>
ST_2 : Operation 98 [1/1] (0.00ns)   --->   "%tmp_575 = partselect i5 @_ssdm_op_PartSelect.i5.i9.i32.i32, i9 %sub_ln245, i32 4, i32 8" [firmware/nnet_utils/nnet_recurrent.h:245->firmware/recurrent.cpp:39]   --->   Operation 98 'partselect' 'tmp_575' <Predicate = (!icmp_ln242)> <Delay = 0.00>
ST_2 : Operation 99 [1/1] (0.00ns)   --->   "%layer2_out_0_0_load = load i14 %layer2_out_0_0"   --->   Operation 99 'load' 'layer2_out_0_0_load' <Predicate = (icmp_ln242)> <Delay = 0.00>
ST_2 : Operation 100 [1/1] (0.00ns)   --->   "%layer2_out_1_0_load = load i14 %layer2_out_1_0"   --->   Operation 100 'load' 'layer2_out_1_0_load' <Predicate = (icmp_ln242)> <Delay = 0.00>
ST_2 : Operation 101 [1/1] (0.00ns)   --->   "%layer2_out_2_0_load = load i14 %layer2_out_2_0"   --->   Operation 101 'load' 'layer2_out_2_0_load' <Predicate = (icmp_ln242)> <Delay = 0.00>
ST_2 : Operation 102 [1/1] (0.00ns)   --->   "%layer2_out_3_0_load = load i14 %layer2_out_3_0"   --->   Operation 102 'load' 'layer2_out_3_0_load' <Predicate = (icmp_ln242)> <Delay = 0.00>
ST_2 : Operation 103 [1/1] (0.00ns)   --->   "%layer2_out_4_0_load = load i14 %layer2_out_4_0"   --->   Operation 103 'load' 'layer2_out_4_0_load' <Predicate = (icmp_ln242)> <Delay = 0.00>
ST_2 : Operation 104 [1/1] (0.00ns)   --->   "%layer2_out_5_0_load = load i14 %layer2_out_5_0"   --->   Operation 104 'load' 'layer2_out_5_0_load' <Predicate = (icmp_ln242)> <Delay = 0.00>
ST_2 : Operation 105 [1/1] (0.00ns)   --->   "%layer2_out_6_0_load = load i14 %layer2_out_6_0"   --->   Operation 105 'load' 'layer2_out_6_0_load' <Predicate = (icmp_ln242)> <Delay = 0.00>
ST_2 : Operation 106 [1/1] (0.00ns)   --->   "%layer2_out_7_0_load = load i14 %layer2_out_7_0"   --->   Operation 106 'load' 'layer2_out_7_0_load' <Predicate = (icmp_ln242)> <Delay = 0.00>
ST_2 : Operation 107 [1/1] (0.00ns)   --->   "%layer2_out_8_0_load = load i14 %layer2_out_8_0"   --->   Operation 107 'load' 'layer2_out_8_0_load' <Predicate = (icmp_ln242)> <Delay = 0.00>
ST_2 : Operation 108 [1/1] (0.00ns)   --->   "%layer2_out_9_0_load = load i14 %layer2_out_9_0"   --->   Operation 108 'load' 'layer2_out_9_0_load' <Predicate = (icmp_ln242)> <Delay = 0.00>
ST_2 : Operation 109 [1/1] (0.00ns)   --->   "%layer2_out_10_0_load = load i14 %layer2_out_10_0"   --->   Operation 109 'load' 'layer2_out_10_0_load' <Predicate = (icmp_ln242)> <Delay = 0.00>
ST_2 : Operation 110 [1/1] (0.00ns)   --->   "%layer2_out_11_0_load = load i14 %layer2_out_11_0"   --->   Operation 110 'load' 'layer2_out_11_0_load' <Predicate = (icmp_ln242)> <Delay = 0.00>
ST_2 : Operation 111 [1/1] (0.00ns)   --->   "%layer2_out_12_0_load = load i14 %layer2_out_12_0"   --->   Operation 111 'load' 'layer2_out_12_0_load' <Predicate = (icmp_ln242)> <Delay = 0.00>
ST_2 : Operation 112 [1/1] (0.00ns)   --->   "%layer2_out_13_0_load = load i14 %layer2_out_13_0"   --->   Operation 112 'load' 'layer2_out_13_0_load' <Predicate = (icmp_ln242)> <Delay = 0.00>
ST_2 : Operation 113 [1/1] (0.00ns)   --->   "%layer2_out_1445_0_load = load i14 %layer2_out_1445_0"   --->   Operation 113 'load' 'layer2_out_1445_0_load' <Predicate = (icmp_ln242)> <Delay = 0.00>
ST_2 : Operation 114 [1/1] (0.00ns)   --->   "%layer2_out_15_0_load = load i14 %layer2_out_15_0"   --->   Operation 114 'load' 'layer2_out_15_0_load' <Predicate = (icmp_ln242)> <Delay = 0.00>
ST_2 : Operation 115 [1/1] (0.00ns)   --->   "%layer2_out_16_0_load = load i14 %layer2_out_16_0"   --->   Operation 115 'load' 'layer2_out_16_0_load' <Predicate = (icmp_ln242)> <Delay = 0.00>
ST_2 : Operation 116 [1/1] (0.00ns)   --->   "%layer2_out_17_0_load = load i14 %layer2_out_17_0"   --->   Operation 116 'load' 'layer2_out_17_0_load' <Predicate = (icmp_ln242)> <Delay = 0.00>
ST_2 : Operation 117 [1/1] (0.00ns)   --->   "%layer2_out_18_0_load = load i14 %layer2_out_18_0"   --->   Operation 117 'load' 'layer2_out_18_0_load' <Predicate = (icmp_ln242)> <Delay = 0.00>
ST_2 : Operation 118 [1/1] (0.00ns)   --->   "%layer2_out_19_0_load = load i14 %layer2_out_19_0"   --->   Operation 118 'load' 'layer2_out_19_0_load' <Predicate = (icmp_ln242)> <Delay = 0.00>
ST_2 : Operation 119 [1/1] (0.00ns)   --->   "%layer2_out_20_0_load = load i14 %layer2_out_20_0"   --->   Operation 119 'load' 'layer2_out_20_0_load' <Predicate = (icmp_ln242)> <Delay = 0.00>
ST_2 : Operation 120 [1/1] (0.00ns)   --->   "%layer2_out_21_0_load = load i14 %layer2_out_21_0"   --->   Operation 120 'load' 'layer2_out_21_0_load' <Predicate = (icmp_ln242)> <Delay = 0.00>
ST_2 : Operation 121 [1/1] (0.00ns)   --->   "%layer2_out_22_0_load = load i14 %layer2_out_22_0"   --->   Operation 121 'load' 'layer2_out_22_0_load' <Predicate = (icmp_ln242)> <Delay = 0.00>
ST_2 : Operation 122 [1/1] (0.00ns)   --->   "%layer2_out_23_0_load = load i14 %layer2_out_23_0"   --->   Operation 122 'load' 'layer2_out_23_0_load' <Predicate = (icmp_ln242)> <Delay = 0.00>
ST_2 : Operation 123 [1/1] (0.00ns)   --->   "%layer2_out_24_0_load = load i14 %layer2_out_24_0"   --->   Operation 123 'load' 'layer2_out_24_0_load' <Predicate = (icmp_ln242)> <Delay = 0.00>
ST_2 : Operation 124 [1/1] (0.00ns)   --->   "%layer2_out_25_0_load = load i14 %layer2_out_25_0"   --->   Operation 124 'load' 'layer2_out_25_0_load' <Predicate = (icmp_ln242)> <Delay = 0.00>
ST_2 : Operation 125 [1/1] (0.00ns)   --->   "%layer2_out_26_0_load = load i14 %layer2_out_26_0"   --->   Operation 125 'load' 'layer2_out_26_0_load' <Predicate = (icmp_ln242)> <Delay = 0.00>
ST_2 : Operation 126 [1/1] (0.00ns)   --->   "%layer2_out_2786_0_load = load i14 %layer2_out_2786_0"   --->   Operation 126 'load' 'layer2_out_2786_0_load' <Predicate = (icmp_ln242)> <Delay = 0.00>
ST_2 : Operation 127 [1/1] (0.00ns)   --->   "%layer2_out_28_0_load = load i14 %layer2_out_28_0"   --->   Operation 127 'load' 'layer2_out_28_0_load' <Predicate = (icmp_ln242)> <Delay = 0.00>
ST_2 : Operation 128 [1/1] (0.00ns)   --->   "%layer2_out_29_0_load = load i14 %layer2_out_29_0"   --->   Operation 128 'load' 'layer2_out_29_0_load' <Predicate = (icmp_ln242)> <Delay = 0.00>
ST_2 : Operation 129 [1/1] (0.00ns)   --->   "%layer2_out_30_0_load = load i14 %layer2_out_30_0"   --->   Operation 129 'load' 'layer2_out_30_0_load' <Predicate = (icmp_ln242)> <Delay = 0.00>
ST_2 : Operation 130 [1/1] (0.00ns)   --->   "%layer2_out_31_0_load = load i14 %layer2_out_31_0"   --->   Operation 130 'load' 'layer2_out_31_0_load' <Predicate = (icmp_ln242)> <Delay = 0.00>
ST_2 : Operation 131 [1/1] (0.00ns)   --->   "%mrv = insertvalue i448 <undef>, i14 %layer2_out_0_0_load"   --->   Operation 131 'insertvalue' 'mrv' <Predicate = (icmp_ln242)> <Delay = 0.00>
ST_2 : Operation 132 [1/1] (0.00ns)   --->   "%mrv_1 = insertvalue i448 %mrv, i14 %layer2_out_1_0_load"   --->   Operation 132 'insertvalue' 'mrv_1' <Predicate = (icmp_ln242)> <Delay = 0.00>
ST_2 : Operation 133 [1/1] (0.00ns)   --->   "%mrv_2 = insertvalue i448 %mrv_1, i14 %layer2_out_2_0_load"   --->   Operation 133 'insertvalue' 'mrv_2' <Predicate = (icmp_ln242)> <Delay = 0.00>
ST_2 : Operation 134 [1/1] (0.00ns)   --->   "%mrv_3 = insertvalue i448 %mrv_2, i14 %layer2_out_3_0_load"   --->   Operation 134 'insertvalue' 'mrv_3' <Predicate = (icmp_ln242)> <Delay = 0.00>
ST_2 : Operation 135 [1/1] (0.00ns)   --->   "%mrv_4 = insertvalue i448 %mrv_3, i14 %layer2_out_4_0_load"   --->   Operation 135 'insertvalue' 'mrv_4' <Predicate = (icmp_ln242)> <Delay = 0.00>
ST_2 : Operation 136 [1/1] (0.00ns)   --->   "%mrv_5 = insertvalue i448 %mrv_4, i14 %layer2_out_5_0_load"   --->   Operation 136 'insertvalue' 'mrv_5' <Predicate = (icmp_ln242)> <Delay = 0.00>
ST_2 : Operation 137 [1/1] (0.00ns)   --->   "%mrv_6 = insertvalue i448 %mrv_5, i14 %layer2_out_6_0_load"   --->   Operation 137 'insertvalue' 'mrv_6' <Predicate = (icmp_ln242)> <Delay = 0.00>
ST_2 : Operation 138 [1/1] (0.00ns)   --->   "%mrv_7 = insertvalue i448 %mrv_6, i14 %layer2_out_7_0_load"   --->   Operation 138 'insertvalue' 'mrv_7' <Predicate = (icmp_ln242)> <Delay = 0.00>
ST_2 : Operation 139 [1/1] (0.00ns)   --->   "%mrv_8 = insertvalue i448 %mrv_7, i14 %layer2_out_8_0_load"   --->   Operation 139 'insertvalue' 'mrv_8' <Predicate = (icmp_ln242)> <Delay = 0.00>
ST_2 : Operation 140 [1/1] (0.00ns)   --->   "%mrv_9 = insertvalue i448 %mrv_8, i14 %layer2_out_9_0_load"   --->   Operation 140 'insertvalue' 'mrv_9' <Predicate = (icmp_ln242)> <Delay = 0.00>
ST_2 : Operation 141 [1/1] (0.00ns)   --->   "%mrv_10 = insertvalue i448 %mrv_9, i14 %layer2_out_10_0_load"   --->   Operation 141 'insertvalue' 'mrv_10' <Predicate = (icmp_ln242)> <Delay = 0.00>
ST_2 : Operation 142 [1/1] (0.00ns)   --->   "%mrv_11 = insertvalue i448 %mrv_10, i14 %layer2_out_11_0_load"   --->   Operation 142 'insertvalue' 'mrv_11' <Predicate = (icmp_ln242)> <Delay = 0.00>
ST_2 : Operation 143 [1/1] (0.00ns)   --->   "%mrv_12 = insertvalue i448 %mrv_11, i14 %layer2_out_12_0_load"   --->   Operation 143 'insertvalue' 'mrv_12' <Predicate = (icmp_ln242)> <Delay = 0.00>
ST_2 : Operation 144 [1/1] (0.00ns)   --->   "%mrv_13 = insertvalue i448 %mrv_12, i14 %layer2_out_13_0_load"   --->   Operation 144 'insertvalue' 'mrv_13' <Predicate = (icmp_ln242)> <Delay = 0.00>
ST_2 : Operation 145 [1/1] (0.00ns)   --->   "%mrv_14 = insertvalue i448 %mrv_13, i14 %layer2_out_1445_0_load"   --->   Operation 145 'insertvalue' 'mrv_14' <Predicate = (icmp_ln242)> <Delay = 0.00>
ST_2 : Operation 146 [1/1] (0.00ns)   --->   "%mrv_15 = insertvalue i448 %mrv_14, i14 %layer2_out_15_0_load"   --->   Operation 146 'insertvalue' 'mrv_15' <Predicate = (icmp_ln242)> <Delay = 0.00>
ST_2 : Operation 147 [1/1] (0.00ns)   --->   "%mrv_16 = insertvalue i448 %mrv_15, i14 %layer2_out_16_0_load"   --->   Operation 147 'insertvalue' 'mrv_16' <Predicate = (icmp_ln242)> <Delay = 0.00>
ST_2 : Operation 148 [1/1] (0.00ns)   --->   "%mrv_17 = insertvalue i448 %mrv_16, i14 %layer2_out_17_0_load"   --->   Operation 148 'insertvalue' 'mrv_17' <Predicate = (icmp_ln242)> <Delay = 0.00>
ST_2 : Operation 149 [1/1] (0.00ns)   --->   "%mrv_18 = insertvalue i448 %mrv_17, i14 %layer2_out_18_0_load"   --->   Operation 149 'insertvalue' 'mrv_18' <Predicate = (icmp_ln242)> <Delay = 0.00>
ST_2 : Operation 150 [1/1] (0.00ns)   --->   "%mrv_19 = insertvalue i448 %mrv_18, i14 %layer2_out_19_0_load"   --->   Operation 150 'insertvalue' 'mrv_19' <Predicate = (icmp_ln242)> <Delay = 0.00>
ST_2 : Operation 151 [1/1] (0.00ns)   --->   "%mrv_20 = insertvalue i448 %mrv_19, i14 %layer2_out_20_0_load"   --->   Operation 151 'insertvalue' 'mrv_20' <Predicate = (icmp_ln242)> <Delay = 0.00>
ST_2 : Operation 152 [1/1] (0.00ns)   --->   "%mrv_21 = insertvalue i448 %mrv_20, i14 %layer2_out_21_0_load"   --->   Operation 152 'insertvalue' 'mrv_21' <Predicate = (icmp_ln242)> <Delay = 0.00>
ST_2 : Operation 153 [1/1] (0.00ns)   --->   "%mrv_22 = insertvalue i448 %mrv_21, i14 %layer2_out_22_0_load"   --->   Operation 153 'insertvalue' 'mrv_22' <Predicate = (icmp_ln242)> <Delay = 0.00>
ST_2 : Operation 154 [1/1] (0.00ns)   --->   "%mrv_23 = insertvalue i448 %mrv_22, i14 %layer2_out_23_0_load"   --->   Operation 154 'insertvalue' 'mrv_23' <Predicate = (icmp_ln242)> <Delay = 0.00>
ST_2 : Operation 155 [1/1] (0.00ns)   --->   "%mrv_24 = insertvalue i448 %mrv_23, i14 %layer2_out_24_0_load"   --->   Operation 155 'insertvalue' 'mrv_24' <Predicate = (icmp_ln242)> <Delay = 0.00>
ST_2 : Operation 156 [1/1] (0.00ns)   --->   "%mrv_25 = insertvalue i448 %mrv_24, i14 %layer2_out_25_0_load"   --->   Operation 156 'insertvalue' 'mrv_25' <Predicate = (icmp_ln242)> <Delay = 0.00>
ST_2 : Operation 157 [1/1] (0.00ns)   --->   "%mrv_26 = insertvalue i448 %mrv_25, i14 %layer2_out_26_0_load"   --->   Operation 157 'insertvalue' 'mrv_26' <Predicate = (icmp_ln242)> <Delay = 0.00>
ST_2 : Operation 158 [1/1] (0.00ns)   --->   "%mrv_27 = insertvalue i448 %mrv_26, i14 %layer2_out_2786_0_load"   --->   Operation 158 'insertvalue' 'mrv_27' <Predicate = (icmp_ln242)> <Delay = 0.00>
ST_2 : Operation 159 [1/1] (0.00ns)   --->   "%mrv_28 = insertvalue i448 %mrv_27, i14 %layer2_out_28_0_load"   --->   Operation 159 'insertvalue' 'mrv_28' <Predicate = (icmp_ln242)> <Delay = 0.00>
ST_2 : Operation 160 [1/1] (0.00ns)   --->   "%mrv_29 = insertvalue i448 %mrv_28, i14 %layer2_out_29_0_load"   --->   Operation 160 'insertvalue' 'mrv_29' <Predicate = (icmp_ln242)> <Delay = 0.00>
ST_2 : Operation 161 [1/1] (0.00ns)   --->   "%mrv_30 = insertvalue i448 %mrv_29, i14 %layer2_out_30_0_load"   --->   Operation 161 'insertvalue' 'mrv_30' <Predicate = (icmp_ln242)> <Delay = 0.00>
ST_2 : Operation 162 [1/1] (0.00ns)   --->   "%mrv_31 = insertvalue i448 %mrv_30, i14 %layer2_out_31_0_load"   --->   Operation 162 'insertvalue' 'mrv_31' <Predicate = (icmp_ln242)> <Delay = 0.00>
ST_2 : Operation 163 [1/1] (0.00ns)   --->   "%ret_ln0 = ret i448 %mrv_31"   --->   Operation 163 'ret' 'ret_ln0' <Predicate = (icmp_ln242)> <Delay = 0.00>

State 3 <SV = 2> <Delay = 3.87>
ST_3 : Operation 164 [2/2] (3.87ns)   --->   "%tmp = partselect i14 @_ssdm_op_PartSelect.i14.i448.i9, i448 %input_layer_read, i9 %sub_ln245" [firmware/nnet_utils/nnet_recurrent.h:245->firmware/recurrent.cpp:39]   --->   Operation 164 'partselect' 'tmp' <Predicate = true> <Delay = 3.87> <CoreInst = "PartSelect">   --->   Core 143 'PartSelect' <Latency = 1> <II = 1> <Delay = 3.87> <FuncUnit> <Opcode : 'partselect'> <InPorts = 2> <OutPorts = 1>
ST_3 : Operation 165 [1/1] (0.00ns)   --->   "%or_ln = bitconcatenate i9 @_ssdm_op_BitConcatenate.i9.i5.i4, i5 %tmp_575, i4 14" [firmware/nnet_utils/nnet_recurrent.h:245->firmware/recurrent.cpp:39]   --->   Operation 165 'bitconcatenate' 'or_ln' <Predicate = true> <Delay = 0.00>
ST_3 : Operation 166 [2/2] (3.87ns)   --->   "%tmp_s = partselect i14 @_ssdm_op_PartSelect.i14.i448.i9, i448 %input_layer_read, i9 %or_ln" [firmware/nnet_utils/nnet_recurrent.h:245->firmware/recurrent.cpp:39]   --->   Operation 166 'partselect' 'tmp_s' <Predicate = true> <Delay = 3.87> <CoreInst = "PartSelect">   --->   Core 143 'PartSelect' <Latency = 1> <II = 1> <Delay = 3.87> <FuncUnit> <Opcode : 'partselect'> <InPorts = 2> <OutPorts = 1>
ST_3 : Operation 167 [1/1] (2.11ns)   --->   "%add_ln245 = add i9 %or_ln, i9 14" [firmware/nnet_utils/nnet_recurrent.h:245->firmware/recurrent.cpp:39]   --->   Operation 167 'add' 'add_ln245' <Predicate = true> <Delay = 2.11> <CoreInst = "Adder">   --->   Core 1 'Adder' <Latency = 0> <II = 1> <Delay = 2.11> <FuncUnit> <Opcode : 'add' 'sub'> <InPorts = 2> <OutPorts = 1>
ST_3 : Operation 168 [1/1] (2.11ns)   --->   "%add_ln245_1 = add i9 %or_ln, i9 28" [firmware/nnet_utils/nnet_recurrent.h:245->firmware/recurrent.cpp:39]   --->   Operation 168 'add' 'add_ln245_1' <Predicate = true> <Delay = 2.11> <CoreInst = "Adder">   --->   Core 1 'Adder' <Latency = 0> <II = 1> <Delay = 2.11> <FuncUnit> <Opcode : 'add' 'sub'> <InPorts = 2> <OutPorts = 1>
ST_3 : Operation 169 [1/1] (2.11ns)   --->   "%add_ln245_2 = add i9 %or_ln, i9 42" [firmware/nnet_utils/nnet_recurrent.h:245->firmware/recurrent.cpp:39]   --->   Operation 169 'add' 'add_ln245_2' <Predicate = true> <Delay = 2.11> <CoreInst = "Adder">   --->   Core 1 'Adder' <Latency = 0> <II = 1> <Delay = 2.11> <FuncUnit> <Opcode : 'add' 'sub'> <InPorts = 2> <OutPorts = 1>
ST_3 : Operation 170 [1/1] (2.11ns)   --->   "%add_ln245_3 = add i9 %or_ln, i9 56" [firmware/nnet_utils/nnet_recurrent.h:245->firmware/recurrent.cpp:39]   --->   Operation 170 'add' 'add_ln245_3' <Predicate = true> <Delay = 2.11> <CoreInst = "Adder">   --->   Core 1 'Adder' <Latency = 0> <II = 1> <Delay = 2.11> <FuncUnit> <Opcode : 'add' 'sub'> <InPorts = 2> <OutPorts = 1>
ST_3 : Operation 171 [1/1] (2.11ns)   --->   "%add_ln245_4 = add i9 %or_ln, i9 70" [firmware/nnet_utils/nnet_recurrent.h:245->firmware/recurrent.cpp:39]   --->   Operation 171 'add' 'add_ln245_4' <Predicate = true> <Delay = 2.11> <CoreInst = "Adder">   --->   Core 1 'Adder' <Latency = 0> <II = 1> <Delay = 2.11> <FuncUnit> <Opcode : 'add' 'sub'> <InPorts = 2> <OutPorts = 1>
ST_3 : Operation 172 [1/1] (2.11ns)   --->   "%add_ln245_5 = add i9 %or_ln, i9 84" [firmware/nnet_utils/nnet_recurrent.h:245->firmware/recurrent.cpp:39]   --->   Operation 172 'add' 'add_ln245_5' <Predicate = true> <Delay = 2.11> <CoreInst = "Adder">   --->   Core 1 'Adder' <Latency = 0> <II = 1> <Delay = 2.11> <FuncUnit> <Opcode : 'add' 'sub'> <InPorts = 2> <OutPorts = 1>
ST_3 : Operation 173 [1/1] (1.61ns)   --->   "%store_ln242 = store i3 %add_ln242, i3 %iloop" [firmware/nnet_utils/nnet_recurrent.h:242->firmware/recurrent.cpp:39]   --->   Operation 173 'store' 'store_ln242' <Predicate = true> <Delay = 1.61>

State 4 <SV = 3> <Delay = 3.87>
ST_4 : Operation 174 [1/2] (3.87ns)   --->   "%tmp = partselect i14 @_ssdm_op_PartSelect.i14.i448.i9, i448 %input_layer_read, i9 %sub_ln245" [firmware/nnet_utils/nnet_recurrent.h:245->firmware/recurrent.cpp:39]   --->   Operation 174 'partselect' 'tmp' <Predicate = true> <Delay = 3.87> <CoreInst = "PartSelect">   --->   Core 143 'PartSelect' <Latency = 1> <II = 1> <Delay = 3.87> <FuncUnit> <Opcode : 'partselect'> <InPorts = 2> <OutPorts = 1>
ST_4 : Operation 175 [1/2] (3.87ns)   --->   "%tmp_s = partselect i14 @_ssdm_op_PartSelect.i14.i448.i9, i448 %input_layer_read, i9 %or_ln" [firmware/nnet_utils/nnet_recurrent.h:245->firmware/recurrent.cpp:39]   --->   Operation 175 'partselect' 'tmp_s' <Predicate = true> <Delay = 3.87> <CoreInst = "PartSelect">   --->   Core 143 'PartSelect' <Latency = 1> <II = 1> <Delay = 3.87> <FuncUnit> <Opcode : 'partselect'> <InPorts = 2> <OutPorts = 1>
ST_4 : Operation 176 [2/2] (3.87ns)   --->   "%tmp_541 = partselect i14 @_ssdm_op_PartSelect.i14.i448.i9, i448 %input_layer_read, i9 %add_ln245" [firmware/nnet_utils/nnet_recurrent.h:245->firmware/recurrent.cpp:39]   --->   Operation 176 'partselect' 'tmp_541' <Predicate = true> <Delay = 3.87> <CoreInst = "PartSelect">   --->   Core 143 'PartSelect' <Latency = 1> <II = 1> <Delay = 3.87> <FuncUnit> <Opcode : 'partselect'> <InPorts = 2> <OutPorts = 1>
ST_4 : Operation 177 [2/2] (3.87ns)   --->   "%tmp_542 = partselect i14 @_ssdm_op_PartSelect.i14.i448.i9, i448 %input_layer_read, i9 %add_ln245_1" [firmware/nnet_utils/nnet_recurrent.h:245->firmware/recurrent.cpp:39]   --->   Operation 177 'partselect' 'tmp_542' <Predicate = true> <Delay = 3.87> <CoreInst = "PartSelect">   --->   Core 143 'PartSelect' <Latency = 1> <II = 1> <Delay = 3.87> <FuncUnit> <Opcode : 'partselect'> <InPorts = 2> <OutPorts = 1>
ST_4 : Operation 178 [2/2] (3.87ns)   --->   "%tmp_543 = partselect i14 @_ssdm_op_PartSelect.i14.i448.i9, i448 %input_layer_read, i9 %add_ln245_2" [firmware/nnet_utils/nnet_recurrent.h:245->firmware/recurrent.cpp:39]   --->   Operation 178 'partselect' 'tmp_543' <Predicate = true> <Delay = 3.87> <CoreInst = "PartSelect">   --->   Core 143 'PartSelect' <Latency = 1> <II = 1> <Delay = 3.87> <FuncUnit> <Opcode : 'partselect'> <InPorts = 2> <OutPorts = 1>
ST_4 : Operation 179 [2/2] (3.87ns)   --->   "%tmp_544 = partselect i14 @_ssdm_op_PartSelect.i14.i448.i9, i448 %input_layer_read, i9 %add_ln245_3" [firmware/nnet_utils/nnet_recurrent.h:245->firmware/recurrent.cpp:39]   --->   Operation 179 'partselect' 'tmp_544' <Predicate = true> <Delay = 3.87> <CoreInst = "PartSelect">   --->   Core 143 'PartSelect' <Latency = 1> <II = 1> <Delay = 3.87> <FuncUnit> <Opcode : 'partselect'> <InPorts = 2> <OutPorts = 1>
ST_4 : Operation 180 [2/2] (3.87ns)   --->   "%tmp_545 = partselect i14 @_ssdm_op_PartSelect.i14.i448.i9, i448 %input_layer_read, i9 %add_ln245_4" [firmware/nnet_utils/nnet_recurrent.h:245->firmware/recurrent.cpp:39]   --->   Operation 180 'partselect' 'tmp_545' <Predicate = true> <Delay = 3.87> <CoreInst = "PartSelect">   --->   Core 143 'PartSelect' <Latency = 1> <II = 1> <Delay = 3.87> <FuncUnit> <Opcode : 'partselect'> <InPorts = 2> <OutPorts = 1>
ST_4 : Operation 181 [2/2] (3.87ns)   --->   "%tmp_546 = partselect i14 @_ssdm_op_PartSelect.i14.i448.i9, i448 %input_layer_read, i9 %add_ln245_5" [firmware/nnet_utils/nnet_recurrent.h:245->firmware/recurrent.cpp:39]   --->   Operation 181 'partselect' 'tmp_546' <Predicate = true> <Delay = 3.87> <CoreInst = "PartSelect">   --->   Core 143 'PartSelect' <Latency = 1> <II = 1> <Delay = 3.87> <FuncUnit> <Opcode : 'partselect'> <InPorts = 2> <OutPorts = 1>

State 5 <SV = 4> <Delay = 3.87>
ST_5 : Operation 182 [1/1] ( I:2.15ns O:2.15ns )   --->   "%store_ln245 = store i14 %tmp, i3 %data_in_addr" [firmware/nnet_utils/nnet_recurrent.h:245->firmware/recurrent.cpp:39]   --->   Operation 182 'store' 'store_ln245' <Predicate = true> <Delay = 2.15> <CoreInst = "RAM">   --->   Core 81 'RAM' <Latency = 1> <II = 1> <Delay = 2.15> <Storage> <Opcode : 'load' 'store'> <Ports = 2> <Width = 14> <Depth = 8> <RAM>
ST_5 : Operation 183 [1/1] ( I:2.15ns O:2.15ns )   --->   "%store_ln245 = store i14 %tmp_s, i3 %data_in_addr_1" [firmware/nnet_utils/nnet_recurrent.h:245->firmware/recurrent.cpp:39]   --->   Operation 183 'store' 'store_ln245' <Predicate = true> <Delay = 2.15> <CoreInst = "RAM">   --->   Core 81 'RAM' <Latency = 1> <II = 1> <Delay = 2.15> <Storage> <Opcode : 'load' 'store'> <Ports = 2> <Width = 14> <Depth = 8> <RAM>
ST_5 : Operation 184 [1/2] (3.87ns)   --->   "%tmp_541 = partselect i14 @_ssdm_op_PartSelect.i14.i448.i9, i448 %input_layer_read, i9 %add_ln245" [firmware/nnet_utils/nnet_recurrent.h:245->firmware/recurrent.cpp:39]   --->   Operation 184 'partselect' 'tmp_541' <Predicate = true> <Delay = 3.87> <CoreInst = "PartSelect">   --->   Core 143 'PartSelect' <Latency = 1> <II = 1> <Delay = 3.87> <FuncUnit> <Opcode : 'partselect'> <InPorts = 2> <OutPorts = 1>
ST_5 : Operation 185 [1/2] (3.87ns)   --->   "%tmp_542 = partselect i14 @_ssdm_op_PartSelect.i14.i448.i9, i448 %input_layer_read, i9 %add_ln245_1" [firmware/nnet_utils/nnet_recurrent.h:245->firmware/recurrent.cpp:39]   --->   Operation 185 'partselect' 'tmp_542' <Predicate = true> <Delay = 3.87> <CoreInst = "PartSelect">   --->   Core 143 'PartSelect' <Latency = 1> <II = 1> <Delay = 3.87> <FuncUnit> <Opcode : 'partselect'> <InPorts = 2> <OutPorts = 1>
ST_5 : Operation 186 [1/2] (3.87ns)   --->   "%tmp_543 = partselect i14 @_ssdm_op_PartSelect.i14.i448.i9, i448 %input_layer_read, i9 %add_ln245_2" [firmware/nnet_utils/nnet_recurrent.h:245->firmware/recurrent.cpp:39]   --->   Operation 186 'partselect' 'tmp_543' <Predicate = true> <Delay = 3.87> <CoreInst = "PartSelect">   --->   Core 143 'PartSelect' <Latency = 1> <II = 1> <Delay = 3.87> <FuncUnit> <Opcode : 'partselect'> <InPorts = 2> <OutPorts = 1>
ST_5 : Operation 187 [1/2] (3.87ns)   --->   "%tmp_544 = partselect i14 @_ssdm_op_PartSelect.i14.i448.i9, i448 %input_layer_read, i9 %add_ln245_3" [firmware/nnet_utils/nnet_recurrent.h:245->firmware/recurrent.cpp:39]   --->   Operation 187 'partselect' 'tmp_544' <Predicate = true> <Delay = 3.87> <CoreInst = "PartSelect">   --->   Core 143 'PartSelect' <Latency = 1> <II = 1> <Delay = 3.87> <FuncUnit> <Opcode : 'partselect'> <InPorts = 2> <OutPorts = 1>
ST_5 : Operation 188 [1/2] (3.87ns)   --->   "%tmp_545 = partselect i14 @_ssdm_op_PartSelect.i14.i448.i9, i448 %input_layer_read, i9 %add_ln245_4" [firmware/nnet_utils/nnet_recurrent.h:245->firmware/recurrent.cpp:39]   --->   Operation 188 'partselect' 'tmp_545' <Predicate = true> <Delay = 3.87> <CoreInst = "PartSelect">   --->   Core 143 'PartSelect' <Latency = 1> <II = 1> <Delay = 3.87> <FuncUnit> <Opcode : 'partselect'> <InPorts = 2> <OutPorts = 1>
ST_5 : Operation 189 [1/2] (3.87ns)   --->   "%tmp_546 = partselect i14 @_ssdm_op_PartSelect.i14.i448.i9, i448 %input_layer_read, i9 %add_ln245_5" [firmware/nnet_utils/nnet_recurrent.h:245->firmware/recurrent.cpp:39]   --->   Operation 189 'partselect' 'tmp_546' <Predicate = true> <Delay = 3.87> <CoreInst = "PartSelect">   --->   Core 143 'PartSelect' <Latency = 1> <II = 1> <Delay = 3.87> <FuncUnit> <Opcode : 'partselect'> <InPorts = 2> <OutPorts = 1>

State 6 <SV = 5> <Delay = 2.15>
ST_6 : Operation 190 [1/1] ( I:2.15ns O:2.15ns )   --->   "%store_ln245 = store i14 %tmp_541, i3 %data_in_addr_2" [firmware/nnet_utils/nnet_recurrent.h:245->firmware/recurrent.cpp:39]   --->   Operation 190 'store' 'store_ln245' <Predicate = true> <Delay = 2.15> <CoreInst = "RAM">   --->   Core 81 'RAM' <Latency = 1> <II = 1> <Delay = 2.15> <Storage> <Opcode : 'load' 'store'> <Ports = 2> <Width = 14> <Depth = 8> <RAM>
ST_6 : Operation 191 [1/1] ( I:2.15ns O:2.15ns )   --->   "%store_ln245 = store i14 %tmp_542, i3 %data_in_addr_3" [firmware/nnet_utils/nnet_recurrent.h:245->firmware/recurrent.cpp:39]   --->   Operation 191 'store' 'store_ln245' <Predicate = true> <Delay = 2.15> <CoreInst = "RAM">   --->   Core 81 'RAM' <Latency = 1> <II = 1> <Delay = 2.15> <Storage> <Opcode : 'load' 'store'> <Ports = 2> <Width = 14> <Depth = 8> <RAM>

State 7 <SV = 6> <Delay = 2.15>
ST_7 : Operation 192 [1/1] ( I:2.15ns O:2.15ns )   --->   "%store_ln245 = store i14 %tmp_543, i3 %data_in_addr_4" [firmware/nnet_utils/nnet_recurrent.h:245->firmware/recurrent.cpp:39]   --->   Operation 192 'store' 'store_ln245' <Predicate = true> <Delay = 2.15> <CoreInst = "RAM">   --->   Core 81 'RAM' <Latency = 1> <II = 1> <Delay = 2.15> <Storage> <Opcode : 'load' 'store'> <Ports = 2> <Width = 14> <Depth = 8> <RAM>
ST_7 : Operation 193 [1/1] ( I:2.15ns O:2.15ns )   --->   "%store_ln245 = store i14 %tmp_544, i3 %data_in_addr_5" [firmware/nnet_utils/nnet_recurrent.h:245->firmware/recurrent.cpp:39]   --->   Operation 193 'store' 'store_ln245' <Predicate = true> <Delay = 2.15> <CoreInst = "RAM">   --->   Core 81 'RAM' <Latency = 1> <II = 1> <Delay = 2.15> <Storage> <Opcode : 'load' 'store'> <Ports = 2> <Width = 14> <Depth = 8> <RAM>

State 8 <SV = 7> <Delay = 2.15>
ST_8 : Operation 194 [1/1] ( I:2.15ns O:2.15ns )   --->   "%store_ln245 = store i14 %tmp_545, i3 %data_in_addr_6" [firmware/nnet_utils/nnet_recurrent.h:245->firmware/recurrent.cpp:39]   --->   Operation 194 'store' 'store_ln245' <Predicate = true> <Delay = 2.15> <CoreInst = "RAM">   --->   Core 81 'RAM' <Latency = 1> <II = 1> <Delay = 2.15> <Storage> <Opcode : 'load' 'store'> <Ports = 2> <Width = 14> <Depth = 8> <RAM>
ST_8 : Operation 195 [1/1] ( I:2.15ns O:2.15ns )   --->   "%store_ln245 = store i14 %tmp_546, i3 %data_in_addr_7" [firmware/nnet_utils/nnet_recurrent.h:245->firmware/recurrent.cpp:39]   --->   Operation 195 'store' 'store_ln245' <Predicate = true> <Delay = 2.15> <CoreInst = "RAM">   --->   Core 81 'RAM' <Latency = 1> <II = 1> <Delay = 2.15> <Storage> <Opcode : 'load' 'store'> <Ports = 2> <Width = 14> <Depth = 8> <RAM>

State 9 <SV = 8> <Delay = 1.61>
ST_9 : Operation 196 [2/2] (1.61ns)   --->   "%call_ret = call i448 @lstm_static<ap_fixed<14, 7, 0, 3, 0>, ap_fixed<14, 7, 0, 3, 0>, config2, false>, i1 %reset_state, i14 %data_in, i14 %void_lstm_static_bool_ap_fixed_ap_fixed_ap_fixed_weight_t_recurrent_weight_t_9, i14 %void_lstm_static_bool_ap_fixed_ap_fixed_ap_fixed_weight_t_recurrent_weight_t_8, i14 %void_lstm_static_bool_ap_fixed_ap_fixed_ap_fixed_weight_t_recurrent_weight_t_7, i14 %void_lstm_static_bool_ap_fixed_ap_fixed_ap_fixed_weight_t_recurrent_weight_t_6, i14 %void_lstm_static_bool_ap_fixed_ap_fixed_ap_fixed_weight_t_recurrent_weight_t_5, i14 %void_lstm_static_bool_ap_fixed_ap_fixed_ap_fixed_weight_t_recurrent_weight_t_4, i14 %void_lstm_static_bool_ap_fixed_ap_fixed_ap_fixed_weight_t_recurrent_weight_t_3, i14 %void_lstm_static_bool_ap_fixed_ap_fixed_ap_fixed_weight_t_recurrent_weight_t_2, i14 %void_lstm_static_bool_ap_fixed_ap_fixed_ap_fixed_weight_t_recurrent_weight_t_1, i14 %void_lstm_static_bool_ap_fixed_ap_fixed_ap_fixed_weight_t_recurrent_weight_t, i14 %p_ZZN4nnet11lstm_staticI8ap_fixedILi14ELi7EL9ap_q_mode0EL9ap_o_mode3ELi0EES4_7con_21, i14 %p_ZZN4nnet11lstm_staticI8ap_fixedILi14ELi7EL9ap_q_mode0EL9ap_o_mode3ELi0EES4_7con_20, i14 %p_ZZN4nnet11lstm_staticI8ap_fixedILi14ELi7EL9ap_q_mode0EL9ap_o_mode3ELi0EES4_7con_19, i14 %p_ZZN4nnet11lstm_staticI8ap_fixedILi14ELi7EL9ap_q_mode0EL9ap_o_mode3ELi0EES4_7con_18, i14 %p_ZZN4nnet11lstm_staticI8ap_fixedILi14ELi7EL9ap_q_mode0EL9ap_o_mode3ELi0EES4_7con_17, i14 %p_ZZN4nnet11lstm_staticI8ap_fixedILi14ELi7EL9ap_q_mode0EL9ap_o_mode3ELi0EES4_7con_16, i14 %p_ZZN4nnet11lstm_staticI8ap_fixedILi14ELi7EL9ap_q_mode0EL9ap_o_mode3ELi0EES4_7con_15, i14 %p_ZZN4nnet11lstm_staticI8ap_fixedILi14ELi7EL9ap_q_mode0EL9ap_o_mode3ELi0EES4_7con_14, i14 %p_ZZN4nnet11lstm_staticI8ap_fixedILi14ELi7EL9ap_q_mode0EL9ap_o_mode3ELi0EES4_7con_13, i14 %p_ZZN4nnet11lstm_staticI8ap_fixedILi14ELi7EL9ap_q_mode0EL9ap_o_mode3ELi0EES4_7con_12, i14 %p_ZZN4nnet11lstm_staticI8ap_fixedILi14ELi7EL9ap_q_mode0EL9ap_o_mode3ELi0EES4_7con_11, i14 %p_ZZN4nnet11lstm_staticI8ap_fixedILi14ELi7EL9ap_q_mode0EL9ap_o_mode3ELi0EES4_7con_10, i14 %p_ZZN4nnet11lstm_staticI8ap_fixedILi14ELi7EL9ap_q_mode0EL9ap_o_mode3ELi0EES4_7con_9, i14 %p_ZZN4nnet11lstm_staticI8ap_fixedILi14ELi7EL9ap_q_mode0EL9ap_o_mode3ELi0EES4_7con_8, i14 %p_ZZN4nnet11lstm_staticI8ap_fixedILi14ELi7EL9ap_q_mode0EL9ap_o_mode3ELi0EES4_7con_7, i14 %p_ZZN4nnet11lstm_staticI8ap_fixedILi14ELi7EL9ap_q_mode0EL9ap_o_mode3ELi0EES4_7con_6, i14 %p_ZZN4nnet11lstm_staticI8ap_fixedILi14ELi7EL9ap_q_mode0EL9ap_o_mode3ELi0EES4_7con_5, i14 %p_ZZN4nnet11lstm_staticI8ap_fixedILi14ELi7EL9ap_q_mode0EL9ap_o_mode3ELi0EES4_7con_4, i14 %p_ZZN4nnet11lstm_staticI8ap_fixedILi14ELi7EL9ap_q_mode0EL9ap_o_mode3ELi0EES4_7con_3, i14 %p_ZZN4nnet11lstm_staticI8ap_fixedILi14ELi7EL9ap_q_mode0EL9ap_o_mode3ELi0EES4_7con_2, i14 %p_ZZN4nnet11lstm_staticI8ap_fixedILi14ELi7EL9ap_q_mode0EL9ap_o_mode3ELi0EES4_7con_1, i14 %p_ZZN4nnet11lstm_staticI8ap_fixedILi14ELi7EL9ap_q_mode0EL9ap_o_mode3ELi0EES4_7con, i14 %void_lstm_static_bool_ap_fixed_ap_fixed_ap_fixed_weight_t_recurrent_weight_t_19, i14 %void_lstm_static_bool_ap_fixed_ap_fixed_ap_fixed_weight_t_recurrent_weight_t_18, i14 %void_lstm_static_bool_ap_fixed_ap_fixed_ap_fixed_weight_t_recurrent_weight_t_17, i14 %void_lstm_static_bool_ap_fixed_ap_fixed_ap_fixed_weight_t_recurrent_weight_t_16, i14 %void_lstm_static_bool_ap_fixed_ap_fixed_ap_fixed_weight_t_recurrent_weight_t_15, i14 %void_lstm_static_bool_ap_fixed_ap_fixed_ap_fixed_weight_t_recurrent_weight_t_14, i14 %void_lstm_static_bool_ap_fixed_ap_fixed_ap_fixed_weight_t_recurrent_weight_t_13, i14 %void_lstm_static_bool_ap_fixed_ap_fixed_ap_fixed_weight_t_recurrent_weight_t_12, i14 %void_lstm_static_bool_ap_fixed_ap_fixed_ap_fixed_weight_t_recurrent_weight_t_11, i14 %void_lstm_static_bool_ap_fixed_ap_fixed_ap_fixed_weight_t_recurrent_weight_t_10, i14 %p_ZZN4nnet11lstm_staticI8ap_fixedILi14ELi7EL9ap_q_mode0EL9ap_o_mode3ELi0EES4_7con_43, i14 %p_ZZN4nnet11lstm_staticI8ap_fixedILi14ELi7EL9ap_q_mode0EL9ap_o_mode3ELi0EES4_7con_42, i14 %p_ZZN4nnet11lstm_staticI8ap_fixedILi14ELi7EL9ap_q_mode0EL9ap_o_mode3ELi0EES4_7con_41, i14 %p_ZZN4nnet11lstm_staticI8ap_fixedILi14ELi7EL9ap_q_mode0EL9ap_o_mode3ELi0EES4_7con_40, i14 %p_ZZN4nnet11lstm_staticI8ap_fixedILi14ELi7EL9ap_q_mode0EL9ap_o_mode3ELi0EES4_7con_39, i14 %p_ZZN4nnet11lstm_staticI8ap_fixedILi14ELi7EL9ap_q_mode0EL9ap_o_mode3ELi0EES4_7con_38, i14 %p_ZZN4nnet11lstm_staticI8ap_fixedILi14ELi7EL9ap_q_mode0EL9ap_o_mode3ELi0EES4_7con_37, i14 %p_ZZN4nnet11lstm_staticI8ap_fixedILi14ELi7EL9ap_q_mode0EL9ap_o_mode3ELi0EES4_7con_36, i14 %p_ZZN4nnet11lstm_staticI8ap_fixedILi14ELi7EL9ap_q_mode0EL9ap_o_mode3ELi0EES4_7con_35, i14 %p_ZZN4nnet11lstm_staticI8ap_fixedILi14ELi7EL9ap_q_mode0EL9ap_o_mode3ELi0EES4_7con_34, i14 %p_ZZN4nnet11lstm_staticI8ap_fixedILi14ELi7EL9ap_q_mode0EL9ap_o_mode3ELi0EES4_7con_33, i14 %p_ZZN4nnet11lstm_staticI8ap_fixedILi14ELi7EL9ap_q_mode0EL9ap_o_mode3ELi0EES4_7con_32, i14 %p_ZZN4nnet11lstm_staticI8ap_fixedILi14ELi7EL9ap_q_mode0EL9ap_o_mode3ELi0EES4_7con_31, i14 %p_ZZN4nnet11lstm_staticI8ap_fixedILi14ELi7EL9ap_q_mode0EL9ap_o_mode3ELi0EES4_7con_30, i14 %p_ZZN4nnet11lstm_staticI8ap_fixedILi14ELi7EL9ap_q_mode0EL9ap_o_mode3ELi0EES4_7con_29, i14 %p_ZZN4nnet11lstm_staticI8ap_fixedILi14ELi7EL9ap_q_mode0EL9ap_o_mode3ELi0EES4_7con_28, i14 %p_ZZN4nnet11lstm_staticI8ap_fixedILi14ELi7EL9ap_q_mode0EL9ap_o_mode3ELi0EES4_7con_27, i14 %p_ZZN4nnet11lstm_staticI8ap_fixedILi14ELi7EL9ap_q_mode0EL9ap_o_mode3ELi0EES4_7con_26, i14 %p_ZZN4nnet11lstm_staticI8ap_fixedILi14ELi7EL9ap_q_mode0EL9ap_o_mode3ELi0EES4_7con_25, i14 %p_ZZN4nnet11lstm_staticI8ap_fixedILi14ELi7EL9ap_q_mode0EL9ap_o_mode3ELi0EES4_7con_24, i14 %p_ZZN4nnet11lstm_staticI8ap_fixedILi14ELi7EL9ap_q_mode0EL9ap_o_mode3ELi0EES4_7con_23, i14 %p_ZZN4nnet11lstm_staticI8ap_fixedILi14ELi7EL9ap_q_mode0EL9ap_o_mode3ELi0EES4_7con_22, i3 %outidx, i206 %w2, i1 %outidx_4, i703 %wr2, i10 %sigmoid_table, i11 %tanh_table" [firmware/nnet_utils/nnet_recurrent.h:248->firmware/recurrent.cpp:39]   --->   Operation 196 'call' 'call_ret' <Predicate = true> <Delay = 1.61> <CoreType = "Generic">   --->   Generic Core

State 10 <SV = 9> <Delay = 1.61>
ST_10 : Operation 197 [1/1] (0.00ns)   --->   "%speclooptripcount_ln232 = speclooptripcount void @_ssdm_op_SpecLoopTripCount, i64 4, i64 4, i64 4" [firmware/nnet_utils/nnet_recurrent.h:232->firmware/recurrent.cpp:39]   --->   Operation 197 'speclooptripcount' 'speclooptripcount_ln232' <Predicate = true> <Delay = 0.00>
ST_10 : Operation 198 [1/1] (0.00ns)   --->   "%specloopname_ln242 = specloopname void @_ssdm_op_SpecLoopName, void @empty_0" [firmware/nnet_utils/nnet_recurrent.h:242->firmware/recurrent.cpp:39]   --->   Operation 198 'specloopname' 'specloopname_ln242' <Predicate = true> <Delay = 0.00>
ST_10 : Operation 199 [1/2] (0.00ns)   --->   "%call_ret = call i448 @lstm_static<ap_fixed<14, 7, 0, 3, 0>, ap_fixed<14, 7, 0, 3, 0>, config2, false>, i1 %reset_state, i14 %data_in, i14 %void_lstm_static_bool_ap_fixed_ap_fixed_ap_fixed_weight_t_recurrent_weight_t_9, i14 %void_lstm_static_bool_ap_fixed_ap_fixed_ap_fixed_weight_t_recurrent_weight_t_8, i14 %void_lstm_static_bool_ap_fixed_ap_fixed_ap_fixed_weight_t_recurrent_weight_t_7, i14 %void_lstm_static_bool_ap_fixed_ap_fixed_ap_fixed_weight_t_recurrent_weight_t_6, i14 %void_lstm_static_bool_ap_fixed_ap_fixed_ap_fixed_weight_t_recurrent_weight_t_5, i14 %void_lstm_static_bool_ap_fixed_ap_fixed_ap_fixed_weight_t_recurrent_weight_t_4, i14 %void_lstm_static_bool_ap_fixed_ap_fixed_ap_fixed_weight_t_recurrent_weight_t_3, i14 %void_lstm_static_bool_ap_fixed_ap_fixed_ap_fixed_weight_t_recurrent_weight_t_2, i14 %void_lstm_static_bool_ap_fixed_ap_fixed_ap_fixed_weight_t_recurrent_weight_t_1, i14 %void_lstm_static_bool_ap_fixed_ap_fixed_ap_fixed_weight_t_recurrent_weight_t, i14 %p_ZZN4nnet11lstm_staticI8ap_fixedILi14ELi7EL9ap_q_mode0EL9ap_o_mode3ELi0EES4_7con_21, i14 %p_ZZN4nnet11lstm_staticI8ap_fixedILi14ELi7EL9ap_q_mode0EL9ap_o_mode3ELi0EES4_7con_20, i14 %p_ZZN4nnet11lstm_staticI8ap_fixedILi14ELi7EL9ap_q_mode0EL9ap_o_mode3ELi0EES4_7con_19, i14 %p_ZZN4nnet11lstm_staticI8ap_fixedILi14ELi7EL9ap_q_mode0EL9ap_o_mode3ELi0EES4_7con_18, i14 %p_ZZN4nnet11lstm_staticI8ap_fixedILi14ELi7EL9ap_q_mode0EL9ap_o_mode3ELi0EES4_7con_17, i14 %p_ZZN4nnet11lstm_staticI8ap_fixedILi14ELi7EL9ap_q_mode0EL9ap_o_mode3ELi0EES4_7con_16, i14 %p_ZZN4nnet11lstm_staticI8ap_fixedILi14ELi7EL9ap_q_mode0EL9ap_o_mode3ELi0EES4_7con_15, i14 %p_ZZN4nnet11lstm_staticI8ap_fixedILi14ELi7EL9ap_q_mode0EL9ap_o_mode3ELi0EES4_7con_14, i14 %p_ZZN4nnet11lstm_staticI8ap_fixedILi14ELi7EL9ap_q_mode0EL9ap_o_mode3ELi0EES4_7con_13, i14 %p_ZZN4nnet11lstm_staticI8ap_fixedILi14ELi7EL9ap_q_mode0EL9ap_o_mode3ELi0EES4_7con_12, i14 %p_ZZN4nnet11lstm_staticI8ap_fixedILi14ELi7EL9ap_q_mode0EL9ap_o_mode3ELi0EES4_7con_11, i14 %p_ZZN4nnet11lstm_staticI8ap_fixedILi14ELi7EL9ap_q_mode0EL9ap_o_mode3ELi0EES4_7con_10, i14 %p_ZZN4nnet11lstm_staticI8ap_fixedILi14ELi7EL9ap_q_mode0EL9ap_o_mode3ELi0EES4_7con_9, i14 %p_ZZN4nnet11lstm_staticI8ap_fixedILi14ELi7EL9ap_q_mode0EL9ap_o_mode3ELi0EES4_7con_8, i14 %p_ZZN4nnet11lstm_staticI8ap_fixedILi14ELi7EL9ap_q_mode0EL9ap_o_mode3ELi0EES4_7con_7, i14 %p_ZZN4nnet11lstm_staticI8ap_fixedILi14ELi7EL9ap_q_mode0EL9ap_o_mode3ELi0EES4_7con_6, i14 %p_ZZN4nnet11lstm_staticI8ap_fixedILi14ELi7EL9ap_q_mode0EL9ap_o_mode3ELi0EES4_7con_5, i14 %p_ZZN4nnet11lstm_staticI8ap_fixedILi14ELi7EL9ap_q_mode0EL9ap_o_mode3ELi0EES4_7con_4, i14 %p_ZZN4nnet11lstm_staticI8ap_fixedILi14ELi7EL9ap_q_mode0EL9ap_o_mode3ELi0EES4_7con_3, i14 %p_ZZN4nnet11lstm_staticI8ap_fixedILi14ELi7EL9ap_q_mode0EL9ap_o_mode3ELi0EES4_7con_2, i14 %p_ZZN4nnet11lstm_staticI8ap_fixedILi14ELi7EL9ap_q_mode0EL9ap_o_mode3ELi0EES4_7con_1, i14 %p_ZZN4nnet11lstm_staticI8ap_fixedILi14ELi7EL9ap_q_mode0EL9ap_o_mode3ELi0EES4_7con, i14 %void_lstm_static_bool_ap_fixed_ap_fixed_ap_fixed_weight_t_recurrent_weight_t_19, i14 %void_lstm_static_bool_ap_fixed_ap_fixed_ap_fixed_weight_t_recurrent_weight_t_18, i14 %void_lstm_static_bool_ap_fixed_ap_fixed_ap_fixed_weight_t_recurrent_weight_t_17, i14 %void_lstm_static_bool_ap_fixed_ap_fixed_ap_fixed_weight_t_recurrent_weight_t_16, i14 %void_lstm_static_bool_ap_fixed_ap_fixed_ap_fixed_weight_t_recurrent_weight_t_15, i14 %void_lstm_static_bool_ap_fixed_ap_fixed_ap_fixed_weight_t_recurrent_weight_t_14, i14 %void_lstm_static_bool_ap_fixed_ap_fixed_ap_fixed_weight_t_recurrent_weight_t_13, i14 %void_lstm_static_bool_ap_fixed_ap_fixed_ap_fixed_weight_t_recurrent_weight_t_12, i14 %void_lstm_static_bool_ap_fixed_ap_fixed_ap_fixed_weight_t_recurrent_weight_t_11, i14 %void_lstm_static_bool_ap_fixed_ap_fixed_ap_fixed_weight_t_recurrent_weight_t_10, i14 %p_ZZN4nnet11lstm_staticI8ap_fixedILi14ELi7EL9ap_q_mode0EL9ap_o_mode3ELi0EES4_7con_43, i14 %p_ZZN4nnet11lstm_staticI8ap_fixedILi14ELi7EL9ap_q_mode0EL9ap_o_mode3ELi0EES4_7con_42, i14 %p_ZZN4nnet11lstm_staticI8ap_fixedILi14ELi7EL9ap_q_mode0EL9ap_o_mode3ELi0EES4_7con_41, i14 %p_ZZN4nnet11lstm_staticI8ap_fixedILi14ELi7EL9ap_q_mode0EL9ap_o_mode3ELi0EES4_7con_40, i14 %p_ZZN4nnet11lstm_staticI8ap_fixedILi14ELi7EL9ap_q_mode0EL9ap_o_mode3ELi0EES4_7con_39, i14 %p_ZZN4nnet11lstm_staticI8ap_fixedILi14ELi7EL9ap_q_mode0EL9ap_o_mode3ELi0EES4_7con_38, i14 %p_ZZN4nnet11lstm_staticI8ap_fixedILi14ELi7EL9ap_q_mode0EL9ap_o_mode3ELi0EES4_7con_37, i14 %p_ZZN4nnet11lstm_staticI8ap_fixedILi14ELi7EL9ap_q_mode0EL9ap_o_mode3ELi0EES4_7con_36, i14 %p_ZZN4nnet11lstm_staticI8ap_fixedILi14ELi7EL9ap_q_mode0EL9ap_o_mode3ELi0EES4_7con_35, i14 %p_ZZN4nnet11lstm_staticI8ap_fixedILi14ELi7EL9ap_q_mode0EL9ap_o_mode3ELi0EES4_7con_34, i14 %p_ZZN4nnet11lstm_staticI8ap_fixedILi14ELi7EL9ap_q_mode0EL9ap_o_mode3ELi0EES4_7con_33, i14 %p_ZZN4nnet11lstm_staticI8ap_fixedILi14ELi7EL9ap_q_mode0EL9ap_o_mode3ELi0EES4_7con_32, i14 %p_ZZN4nnet11lstm_staticI8ap_fixedILi14ELi7EL9ap_q_mode0EL9ap_o_mode3ELi0EES4_7con_31, i14 %p_ZZN4nnet11lstm_staticI8ap_fixedILi14ELi7EL9ap_q_mode0EL9ap_o_mode3ELi0EES4_7con_30, i14 %p_ZZN4nnet11lstm_staticI8ap_fixedILi14ELi7EL9ap_q_mode0EL9ap_o_mode3ELi0EES4_7con_29, i14 %p_ZZN4nnet11lstm_staticI8ap_fixedILi14ELi7EL9ap_q_mode0EL9ap_o_mode3ELi0EES4_7con_28, i14 %p_ZZN4nnet11lstm_staticI8ap_fixedILi14ELi7EL9ap_q_mode0EL9ap_o_mode3ELi0EES4_7con_27, i14 %p_ZZN4nnet11lstm_staticI8ap_fixedILi14ELi7EL9ap_q_mode0EL9ap_o_mode3ELi0EES4_7con_26, i14 %p_ZZN4nnet11lstm_staticI8ap_fixedILi14ELi7EL9ap_q_mode0EL9ap_o_mode3ELi0EES4_7con_25, i14 %p_ZZN4nnet11lstm_staticI8ap_fixedILi14ELi7EL9ap_q_mode0EL9ap_o_mode3ELi0EES4_7con_24, i14 %p_ZZN4nnet11lstm_staticI8ap_fixedILi14ELi7EL9ap_q_mode0EL9ap_o_mode3ELi0EES4_7con_23, i14 %p_ZZN4nnet11lstm_staticI8ap_fixedILi14ELi7EL9ap_q_mode0EL9ap_o_mode3ELi0EES4_7con_22, i3 %outidx, i206 %w2, i1 %outidx_4, i703 %wr2, i10 %sigmoid_table, i11 %tanh_table" [firmware/nnet_utils/nnet_recurrent.h:248->firmware/recurrent.cpp:39]   --->   Operation 199 'call' 'call_ret' <Predicate = true> <Delay = 0.00> <CoreType = "Generic">   --->   Generic Core
ST_10 : Operation 200 [1/1] (0.00ns)   --->   "%h_newstate = extractvalue i448 %call_ret" [firmware/nnet_utils/nnet_recurrent.h:248->firmware/recurrent.cpp:39]   --->   Operation 200 'extractvalue' 'h_newstate' <Predicate = true> <Delay = 0.00>
ST_10 : Operation 201 [1/1] (0.00ns)   --->   "%h_newstate_1 = extractvalue i448 %call_ret" [firmware/nnet_utils/nnet_recurrent.h:248->firmware/recurrent.cpp:39]   --->   Operation 201 'extractvalue' 'h_newstate_1' <Predicate = true> <Delay = 0.00>
ST_10 : Operation 202 [1/1] (0.00ns)   --->   "%h_newstate_2 = extractvalue i448 %call_ret" [firmware/nnet_utils/nnet_recurrent.h:248->firmware/recurrent.cpp:39]   --->   Operation 202 'extractvalue' 'h_newstate_2' <Predicate = true> <Delay = 0.00>
ST_10 : Operation 203 [1/1] (0.00ns)   --->   "%h_newstate_3 = extractvalue i448 %call_ret" [firmware/nnet_utils/nnet_recurrent.h:248->firmware/recurrent.cpp:39]   --->   Operation 203 'extractvalue' 'h_newstate_3' <Predicate = true> <Delay = 0.00>
ST_10 : Operation 204 [1/1] (0.00ns)   --->   "%h_newstate_4 = extractvalue i448 %call_ret" [firmware/nnet_utils/nnet_recurrent.h:248->firmware/recurrent.cpp:39]   --->   Operation 204 'extractvalue' 'h_newstate_4' <Predicate = true> <Delay = 0.00>
ST_10 : Operation 205 [1/1] (0.00ns)   --->   "%h_newstate_5 = extractvalue i448 %call_ret" [firmware/nnet_utils/nnet_recurrent.h:248->firmware/recurrent.cpp:39]   --->   Operation 205 'extractvalue' 'h_newstate_5' <Predicate = true> <Delay = 0.00>
ST_10 : Operation 206 [1/1] (0.00ns)   --->   "%h_newstate_6 = extractvalue i448 %call_ret" [firmware/nnet_utils/nnet_recurrent.h:248->firmware/recurrent.cpp:39]   --->   Operation 206 'extractvalue' 'h_newstate_6' <Predicate = true> <Delay = 0.00>
ST_10 : Operation 207 [1/1] (0.00ns)   --->   "%h_newstate_7 = extractvalue i448 %call_ret" [firmware/nnet_utils/nnet_recurrent.h:248->firmware/recurrent.cpp:39]   --->   Operation 207 'extractvalue' 'h_newstate_7' <Predicate = true> <Delay = 0.00>
ST_10 : Operation 208 [1/1] (0.00ns)   --->   "%h_newstate_8 = extractvalue i448 %call_ret" [firmware/nnet_utils/nnet_recurrent.h:248->firmware/recurrent.cpp:39]   --->   Operation 208 'extractvalue' 'h_newstate_8' <Predicate = true> <Delay = 0.00>
ST_10 : Operation 209 [1/1] (0.00ns)   --->   "%h_newstate_9 = extractvalue i448 %call_ret" [firmware/nnet_utils/nnet_recurrent.h:248->firmware/recurrent.cpp:39]   --->   Operation 209 'extractvalue' 'h_newstate_9' <Predicate = true> <Delay = 0.00>
ST_10 : Operation 210 [1/1] (0.00ns)   --->   "%h_newstate_31 = extractvalue i448 %call_ret" [firmware/nnet_utils/nnet_recurrent.h:248->firmware/recurrent.cpp:39]   --->   Operation 210 'extractvalue' 'h_newstate_31' <Predicate = true> <Delay = 0.00>
ST_10 : Operation 211 [1/1] (0.00ns)   --->   "%h_newstate_10 = extractvalue i448 %call_ret" [firmware/nnet_utils/nnet_recurrent.h:248->firmware/recurrent.cpp:39]   --->   Operation 211 'extractvalue' 'h_newstate_10' <Predicate = true> <Delay = 0.00>
ST_10 : Operation 212 [1/1] (0.00ns)   --->   "%h_newstate_11 = extractvalue i448 %call_ret" [firmware/nnet_utils/nnet_recurrent.h:248->firmware/recurrent.cpp:39]   --->   Operation 212 'extractvalue' 'h_newstate_11' <Predicate = true> <Delay = 0.00>
ST_10 : Operation 213 [1/1] (0.00ns)   --->   "%h_newstate_12 = extractvalue i448 %call_ret" [firmware/nnet_utils/nnet_recurrent.h:248->firmware/recurrent.cpp:39]   --->   Operation 213 'extractvalue' 'h_newstate_12' <Predicate = true> <Delay = 0.00>
ST_10 : Operation 214 [1/1] (0.00ns)   --->   "%h_newstate_13 = extractvalue i448 %call_ret" [firmware/nnet_utils/nnet_recurrent.h:248->firmware/recurrent.cpp:39]   --->   Operation 214 'extractvalue' 'h_newstate_13' <Predicate = true> <Delay = 0.00>
ST_10 : Operation 215 [1/1] (0.00ns)   --->   "%h_newstate_14 = extractvalue i448 %call_ret" [firmware/nnet_utils/nnet_recurrent.h:248->firmware/recurrent.cpp:39]   --->   Operation 215 'extractvalue' 'h_newstate_14' <Predicate = true> <Delay = 0.00>
ST_10 : Operation 216 [1/1] (0.00ns)   --->   "%h_newstate_15 = extractvalue i448 %call_ret" [firmware/nnet_utils/nnet_recurrent.h:248->firmware/recurrent.cpp:39]   --->   Operation 216 'extractvalue' 'h_newstate_15' <Predicate = true> <Delay = 0.00>
ST_10 : Operation 217 [1/1] (0.00ns)   --->   "%h_newstate_16 = extractvalue i448 %call_ret" [firmware/nnet_utils/nnet_recurrent.h:248->firmware/recurrent.cpp:39]   --->   Operation 217 'extractvalue' 'h_newstate_16' <Predicate = true> <Delay = 0.00>
ST_10 : Operation 218 [1/1] (0.00ns)   --->   "%h_newstate_17 = extractvalue i448 %call_ret" [firmware/nnet_utils/nnet_recurrent.h:248->firmware/recurrent.cpp:39]   --->   Operation 218 'extractvalue' 'h_newstate_17' <Predicate = true> <Delay = 0.00>
ST_10 : Operation 219 [1/1] (0.00ns)   --->   "%h_newstate_18 = extractvalue i448 %call_ret" [firmware/nnet_utils/nnet_recurrent.h:248->firmware/recurrent.cpp:39]   --->   Operation 219 'extractvalue' 'h_newstate_18' <Predicate = true> <Delay = 0.00>
ST_10 : Operation 220 [1/1] (0.00ns)   --->   "%h_newstate_19 = extractvalue i448 %call_ret" [firmware/nnet_utils/nnet_recurrent.h:248->firmware/recurrent.cpp:39]   --->   Operation 220 'extractvalue' 'h_newstate_19' <Predicate = true> <Delay = 0.00>
ST_10 : Operation 221 [1/1] (0.00ns)   --->   "%h_newstate_20 = extractvalue i448 %call_ret" [firmware/nnet_utils/nnet_recurrent.h:248->firmware/recurrent.cpp:39]   --->   Operation 221 'extractvalue' 'h_newstate_20' <Predicate = true> <Delay = 0.00>
ST_10 : Operation 222 [1/1] (0.00ns)   --->   "%h_newstate_21 = extractvalue i448 %call_ret" [firmware/nnet_utils/nnet_recurrent.h:248->firmware/recurrent.cpp:39]   --->   Operation 222 'extractvalue' 'h_newstate_21' <Predicate = true> <Delay = 0.00>
ST_10 : Operation 223 [1/1] (0.00ns)   --->   "%h_newstate_22 = extractvalue i448 %call_ret" [firmware/nnet_utils/nnet_recurrent.h:248->firmware/recurrent.cpp:39]   --->   Operation 223 'extractvalue' 'h_newstate_22' <Predicate = true> <Delay = 0.00>
ST_10 : Operation 224 [1/1] (0.00ns)   --->   "%h_newstate_23 = extractvalue i448 %call_ret" [firmware/nnet_utils/nnet_recurrent.h:248->firmware/recurrent.cpp:39]   --->   Operation 224 'extractvalue' 'h_newstate_23' <Predicate = true> <Delay = 0.00>
ST_10 : Operation 225 [1/1] (0.00ns)   --->   "%h_newstate_24 = extractvalue i448 %call_ret" [firmware/nnet_utils/nnet_recurrent.h:248->firmware/recurrent.cpp:39]   --->   Operation 225 'extractvalue' 'h_newstate_24' <Predicate = true> <Delay = 0.00>
ST_10 : Operation 226 [1/1] (0.00ns)   --->   "%h_newstate_25 = extractvalue i448 %call_ret" [firmware/nnet_utils/nnet_recurrent.h:248->firmware/recurrent.cpp:39]   --->   Operation 226 'extractvalue' 'h_newstate_25' <Predicate = true> <Delay = 0.00>
ST_10 : Operation 227 [1/1] (0.00ns)   --->   "%h_newstate_26 = extractvalue i448 %call_ret" [firmware/nnet_utils/nnet_recurrent.h:248->firmware/recurrent.cpp:39]   --->   Operation 227 'extractvalue' 'h_newstate_26' <Predicate = true> <Delay = 0.00>
ST_10 : Operation 228 [1/1] (0.00ns)   --->   "%h_newstate_27 = extractvalue i448 %call_ret" [firmware/nnet_utils/nnet_recurrent.h:248->firmware/recurrent.cpp:39]   --->   Operation 228 'extractvalue' 'h_newstate_27' <Predicate = true> <Delay = 0.00>
ST_10 : Operation 229 [1/1] (0.00ns)   --->   "%h_newstate_28 = extractvalue i448 %call_ret" [firmware/nnet_utils/nnet_recurrent.h:248->firmware/recurrent.cpp:39]   --->   Operation 229 'extractvalue' 'h_newstate_28' <Predicate = true> <Delay = 0.00>
ST_10 : Operation 230 [1/1] (0.00ns)   --->   "%h_newstate_29 = extractvalue i448 %call_ret" [firmware/nnet_utils/nnet_recurrent.h:248->firmware/recurrent.cpp:39]   --->   Operation 230 'extractvalue' 'h_newstate_29' <Predicate = true> <Delay = 0.00>
ST_10 : Operation 231 [1/1] (0.00ns)   --->   "%h_newstate_30 = extractvalue i448 %call_ret" [firmware/nnet_utils/nnet_recurrent.h:248->firmware/recurrent.cpp:39]   --->   Operation 231 'extractvalue' 'h_newstate_30' <Predicate = true> <Delay = 0.00>
ST_10 : Operation 232 [1/1] (1.61ns)   --->   "%store_ln248 = store i14 %h_newstate_30, i14 %layer2_out_31_0" [firmware/nnet_utils/nnet_recurrent.h:248->firmware/recurrent.cpp:39]   --->   Operation 232 'store' 'store_ln248' <Predicate = true> <Delay = 1.61>
ST_10 : Operation 233 [1/1] (1.61ns)   --->   "%store_ln248 = store i14 %h_newstate_29, i14 %layer2_out_30_0" [firmware/nnet_utils/nnet_recurrent.h:248->firmware/recurrent.cpp:39]   --->   Operation 233 'store' 'store_ln248' <Predicate = true> <Delay = 1.61>
ST_10 : Operation 234 [1/1] (1.61ns)   --->   "%store_ln248 = store i14 %h_newstate_28, i14 %layer2_out_29_0" [firmware/nnet_utils/nnet_recurrent.h:248->firmware/recurrent.cpp:39]   --->   Operation 234 'store' 'store_ln248' <Predicate = true> <Delay = 1.61>
ST_10 : Operation 235 [1/1] (1.61ns)   --->   "%store_ln248 = store i14 %h_newstate_27, i14 %layer2_out_28_0" [firmware/nnet_utils/nnet_recurrent.h:248->firmware/recurrent.cpp:39]   --->   Operation 235 'store' 'store_ln248' <Predicate = true> <Delay = 1.61>
ST_10 : Operation 236 [1/1] (1.61ns)   --->   "%store_ln248 = store i14 %h_newstate_26, i14 %layer2_out_2786_0" [firmware/nnet_utils/nnet_recurrent.h:248->firmware/recurrent.cpp:39]   --->   Operation 236 'store' 'store_ln248' <Predicate = true> <Delay = 1.61>
ST_10 : Operation 237 [1/1] (1.61ns)   --->   "%store_ln248 = store i14 %h_newstate_25, i14 %layer2_out_26_0" [firmware/nnet_utils/nnet_recurrent.h:248->firmware/recurrent.cpp:39]   --->   Operation 237 'store' 'store_ln248' <Predicate = true> <Delay = 1.61>
ST_10 : Operation 238 [1/1] (1.61ns)   --->   "%store_ln248 = store i14 %h_newstate_24, i14 %layer2_out_25_0" [firmware/nnet_utils/nnet_recurrent.h:248->firmware/recurrent.cpp:39]   --->   Operation 238 'store' 'store_ln248' <Predicate = true> <Delay = 1.61>
ST_10 : Operation 239 [1/1] (1.61ns)   --->   "%store_ln248 = store i14 %h_newstate_23, i14 %layer2_out_24_0" [firmware/nnet_utils/nnet_recurrent.h:248->firmware/recurrent.cpp:39]   --->   Operation 239 'store' 'store_ln248' <Predicate = true> <Delay = 1.61>
ST_10 : Operation 240 [1/1] (1.61ns)   --->   "%store_ln248 = store i14 %h_newstate_22, i14 %layer2_out_23_0" [firmware/nnet_utils/nnet_recurrent.h:248->firmware/recurrent.cpp:39]   --->   Operation 240 'store' 'store_ln248' <Predicate = true> <Delay = 1.61>
ST_10 : Operation 241 [1/1] (1.61ns)   --->   "%store_ln248 = store i14 %h_newstate_21, i14 %layer2_out_22_0" [firmware/nnet_utils/nnet_recurrent.h:248->firmware/recurrent.cpp:39]   --->   Operation 241 'store' 'store_ln248' <Predicate = true> <Delay = 1.61>
ST_10 : Operation 242 [1/1] (1.61ns)   --->   "%store_ln248 = store i14 %h_newstate_20, i14 %layer2_out_21_0" [firmware/nnet_utils/nnet_recurrent.h:248->firmware/recurrent.cpp:39]   --->   Operation 242 'store' 'store_ln248' <Predicate = true> <Delay = 1.61>
ST_10 : Operation 243 [1/1] (1.61ns)   --->   "%store_ln248 = store i14 %h_newstate_19, i14 %layer2_out_20_0" [firmware/nnet_utils/nnet_recurrent.h:248->firmware/recurrent.cpp:39]   --->   Operation 243 'store' 'store_ln248' <Predicate = true> <Delay = 1.61>
ST_10 : Operation 244 [1/1] (1.61ns)   --->   "%store_ln248 = store i14 %h_newstate_18, i14 %layer2_out_19_0" [firmware/nnet_utils/nnet_recurrent.h:248->firmware/recurrent.cpp:39]   --->   Operation 244 'store' 'store_ln248' <Predicate = true> <Delay = 1.61>
ST_10 : Operation 245 [1/1] (1.61ns)   --->   "%store_ln248 = store i14 %h_newstate_17, i14 %layer2_out_18_0" [firmware/nnet_utils/nnet_recurrent.h:248->firmware/recurrent.cpp:39]   --->   Operation 245 'store' 'store_ln248' <Predicate = true> <Delay = 1.61>
ST_10 : Operation 246 [1/1] (1.61ns)   --->   "%store_ln248 = store i14 %h_newstate_16, i14 %layer2_out_17_0" [firmware/nnet_utils/nnet_recurrent.h:248->firmware/recurrent.cpp:39]   --->   Operation 246 'store' 'store_ln248' <Predicate = true> <Delay = 1.61>
ST_10 : Operation 247 [1/1] (1.61ns)   --->   "%store_ln248 = store i14 %h_newstate_15, i14 %layer2_out_16_0" [firmware/nnet_utils/nnet_recurrent.h:248->firmware/recurrent.cpp:39]   --->   Operation 247 'store' 'store_ln248' <Predicate = true> <Delay = 1.61>
ST_10 : Operation 248 [1/1] (1.61ns)   --->   "%store_ln248 = store i14 %h_newstate_14, i14 %layer2_out_15_0" [firmware/nnet_utils/nnet_recurrent.h:248->firmware/recurrent.cpp:39]   --->   Operation 248 'store' 'store_ln248' <Predicate = true> <Delay = 1.61>
ST_10 : Operation 249 [1/1] (1.61ns)   --->   "%store_ln248 = store i14 %h_newstate_13, i14 %layer2_out_1445_0" [firmware/nnet_utils/nnet_recurrent.h:248->firmware/recurrent.cpp:39]   --->   Operation 249 'store' 'store_ln248' <Predicate = true> <Delay = 1.61>
ST_10 : Operation 250 [1/1] (1.61ns)   --->   "%store_ln248 = store i14 %h_newstate_12, i14 %layer2_out_13_0" [firmware/nnet_utils/nnet_recurrent.h:248->firmware/recurrent.cpp:39]   --->   Operation 250 'store' 'store_ln248' <Predicate = true> <Delay = 1.61>
ST_10 : Operation 251 [1/1] (1.61ns)   --->   "%store_ln248 = store i14 %h_newstate_11, i14 %layer2_out_12_0" [firmware/nnet_utils/nnet_recurrent.h:248->firmware/recurrent.cpp:39]   --->   Operation 251 'store' 'store_ln248' <Predicate = true> <Delay = 1.61>
ST_10 : Operation 252 [1/1] (1.61ns)   --->   "%store_ln248 = store i14 %h_newstate_10, i14 %layer2_out_11_0" [firmware/nnet_utils/nnet_recurrent.h:248->firmware/recurrent.cpp:39]   --->   Operation 252 'store' 'store_ln248' <Predicate = true> <Delay = 1.61>
ST_10 : Operation 253 [1/1] (1.61ns)   --->   "%store_ln248 = store i14 %h_newstate_31, i14 %layer2_out_10_0" [firmware/nnet_utils/nnet_recurrent.h:248->firmware/recurrent.cpp:39]   --->   Operation 253 'store' 'store_ln248' <Predicate = true> <Delay = 1.61>
ST_10 : Operation 254 [1/1] (1.61ns)   --->   "%store_ln248 = store i14 %h_newstate_9, i14 %layer2_out_9_0" [firmware/nnet_utils/nnet_recurrent.h:248->firmware/recurrent.cpp:39]   --->   Operation 254 'store' 'store_ln248' <Predicate = true> <Delay = 1.61>
ST_10 : Operation 255 [1/1] (1.61ns)   --->   "%store_ln248 = store i14 %h_newstate_8, i14 %layer2_out_8_0" [firmware/nnet_utils/nnet_recurrent.h:248->firmware/recurrent.cpp:39]   --->   Operation 255 'store' 'store_ln248' <Predicate = true> <Delay = 1.61>
ST_10 : Operation 256 [1/1] (1.61ns)   --->   "%store_ln248 = store i14 %h_newstate_7, i14 %layer2_out_7_0" [firmware/nnet_utils/nnet_recurrent.h:248->firmware/recurrent.cpp:39]   --->   Operation 256 'store' 'store_ln248' <Predicate = true> <Delay = 1.61>
ST_10 : Operation 257 [1/1] (1.61ns)   --->   "%store_ln248 = store i14 %h_newstate_6, i14 %layer2_out_6_0" [firmware/nnet_utils/nnet_recurrent.h:248->firmware/recurrent.cpp:39]   --->   Operation 257 'store' 'store_ln248' <Predicate = true> <Delay = 1.61>
ST_10 : Operation 258 [1/1] (1.61ns)   --->   "%store_ln248 = store i14 %h_newstate_5, i14 %layer2_out_5_0" [firmware/nnet_utils/nnet_recurrent.h:248->firmware/recurrent.cpp:39]   --->   Operation 258 'store' 'store_ln248' <Predicate = true> <Delay = 1.61>
ST_10 : Operation 259 [1/1] (1.61ns)   --->   "%store_ln248 = store i14 %h_newstate_4, i14 %layer2_out_4_0" [firmware/nnet_utils/nnet_recurrent.h:248->firmware/recurrent.cpp:39]   --->   Operation 259 'store' 'store_ln248' <Predicate = true> <Delay = 1.61>
ST_10 : Operation 260 [1/1] (1.61ns)   --->   "%store_ln248 = store i14 %h_newstate_3, i14 %layer2_out_3_0" [firmware/nnet_utils/nnet_recurrent.h:248->firmware/recurrent.cpp:39]   --->   Operation 260 'store' 'store_ln248' <Predicate = true> <Delay = 1.61>
ST_10 : Operation 261 [1/1] (1.61ns)   --->   "%store_ln248 = store i14 %h_newstate_2, i14 %layer2_out_2_0" [firmware/nnet_utils/nnet_recurrent.h:248->firmware/recurrent.cpp:39]   --->   Operation 261 'store' 'store_ln248' <Predicate = true> <Delay = 1.61>
ST_10 : Operation 262 [1/1] (1.61ns)   --->   "%store_ln248 = store i14 %h_newstate_1, i14 %layer2_out_1_0" [firmware/nnet_utils/nnet_recurrent.h:248->firmware/recurrent.cpp:39]   --->   Operation 262 'store' 'store_ln248' <Predicate = true> <Delay = 1.61>
ST_10 : Operation 263 [1/1] (1.61ns)   --->   "%store_ln248 = store i14 %h_newstate, i14 %layer2_out_0_0" [firmware/nnet_utils/nnet_recurrent.h:248->firmware/recurrent.cpp:39]   --->   Operation 263 'store' 'store_ln248' <Predicate = true> <Delay = 1.61>
ST_10 : Operation 264 [1/1] (0.00ns)   --->   "%br_ln242 = br void %VITIS_LOOP_243_3.i" [firmware/nnet_utils/nnet_recurrent.h:242->firmware/recurrent.cpp:39]   --->   Operation 264 'br' 'br_ln242' <Predicate = true> <Delay = 0.00>


============================================================
+ Verbose Summary: Binding
============================================================
STG Binding: 
---------------- STG Properties BEGIN ----------------
- Is combinational: 0
- Is one-state seq: 0
- Is datapath-only: 0
- Is pipelined: 0
- Is top level: 0
Port [ Return ] is wired: 1; IO mode=ap_ctrl_hs:ce=0
Port [ input_layer]:  wired=1; compound=0; hidden=0; nouse=0; global=0; static=0; extern=0; dir=0; type=0; pingpong=0; private_global=0; IO mode=ap_vld:ce=0
Port [ void_lstm_static_bool_ap_fixed_ap_fixed_ap_fixed_weight_t_recurrent_weight_t_9]:  wired=0; compound=0; hidden=1; nouse=1; global=1; static=1; extern=0; dir=2; type=0; pingpong=0; private_global=0; IO mode=ap_ovld:ce=0
Port [ void_lstm_static_bool_ap_fixed_ap_fixed_ap_fixed_weight_t_recurrent_weight_t_8]:  wired=0; compound=0; hidden=1; nouse=1; global=1; static=1; extern=0; dir=2; type=0; pingpong=0; private_global=0; IO mode=ap_ovld:ce=0
Port [ void_lstm_static_bool_ap_fixed_ap_fixed_ap_fixed_weight_t_recurrent_weight_t_7]:  wired=0; compound=0; hidden=1; nouse=1; global=1; static=1; extern=0; dir=2; type=0; pingpong=0; private_global=0; IO mode=ap_ovld:ce=0
Port [ void_lstm_static_bool_ap_fixed_ap_fixed_ap_fixed_weight_t_recurrent_weight_t_6]:  wired=0; compound=0; hidden=1; nouse=1; global=1; static=1; extern=0; dir=2; type=0; pingpong=0; private_global=0; IO mode=ap_ovld:ce=0
Port [ void_lstm_static_bool_ap_fixed_ap_fixed_ap_fixed_weight_t_recurrent_weight_t_5]:  wired=0; compound=0; hidden=1; nouse=1; global=1; static=1; extern=0; dir=2; type=0; pingpong=0; private_global=0; IO mode=ap_ovld:ce=0
Port [ void_lstm_static_bool_ap_fixed_ap_fixed_ap_fixed_weight_t_recurrent_weight_t_4]:  wired=0; compound=0; hidden=1; nouse=1; global=1; static=1; extern=0; dir=2; type=0; pingpong=0; private_global=0; IO mode=ap_ovld:ce=0
Port [ void_lstm_static_bool_ap_fixed_ap_fixed_ap_fixed_weight_t_recurrent_weight_t_3]:  wired=0; compound=0; hidden=1; nouse=1; global=1; static=1; extern=0; dir=2; type=0; pingpong=0; private_global=0; IO mode=ap_ovld:ce=0
Port [ void_lstm_static_bool_ap_fixed_ap_fixed_ap_fixed_weight_t_recurrent_weight_t_2]:  wired=0; compound=0; hidden=1; nouse=1; global=1; static=1; extern=0; dir=2; type=0; pingpong=0; private_global=0; IO mode=ap_ovld:ce=0
Port [ void_lstm_static_bool_ap_fixed_ap_fixed_ap_fixed_weight_t_recurrent_weight_t_1]:  wired=0; compound=0; hidden=1; nouse=1; global=1; static=1; extern=0; dir=2; type=0; pingpong=0; private_global=0; IO mode=ap_ovld:ce=0
Port [ void_lstm_static_bool_ap_fixed_ap_fixed_ap_fixed_weight_t_recurrent_weight_t]:  wired=0; compound=0; hidden=1; nouse=1; global=1; static=1; extern=0; dir=2; type=0; pingpong=0; private_global=0; IO mode=ap_ovld:ce=0
Port [ p_ZZN4nnet11lstm_staticI8ap_fixedILi14ELi7EL9ap_q_mode0EL9ap_o_mode3ELi0EES4_7con_21]:  wired=0; compound=0; hidden=1; nouse=1; global=1; static=1; extern=0; dir=2; type=0; pingpong=0; private_global=0; IO mode=ap_ovld:ce=0
Port [ p_ZZN4nnet11lstm_staticI8ap_fixedILi14ELi7EL9ap_q_mode0EL9ap_o_mode3ELi0EES4_7con_20]:  wired=0; compound=0; hidden=1; nouse=1; global=1; static=1; extern=0; dir=2; type=0; pingpong=0; private_global=0; IO mode=ap_ovld:ce=0
Port [ p_ZZN4nnet11lstm_staticI8ap_fixedILi14ELi7EL9ap_q_mode0EL9ap_o_mode3ELi0EES4_7con_19]:  wired=0; compound=0; hidden=1; nouse=1; global=1; static=1; extern=0; dir=2; type=0; pingpong=0; private_global=0; IO mode=ap_ovld:ce=0
Port [ p_ZZN4nnet11lstm_staticI8ap_fixedILi14ELi7EL9ap_q_mode0EL9ap_o_mode3ELi0EES4_7con_18]:  wired=0; compound=0; hidden=1; nouse=1; global=1; static=1; extern=0; dir=2; type=0; pingpong=0; private_global=0; IO mode=ap_ovld:ce=0
Port [ p_ZZN4nnet11lstm_staticI8ap_fixedILi14ELi7EL9ap_q_mode0EL9ap_o_mode3ELi0EES4_7con_17]:  wired=0; compound=0; hidden=1; nouse=1; global=1; static=1; extern=0; dir=2; type=0; pingpong=0; private_global=0; IO mode=ap_ovld:ce=0
Port [ p_ZZN4nnet11lstm_staticI8ap_fixedILi14ELi7EL9ap_q_mode0EL9ap_o_mode3ELi0EES4_7con_16]:  wired=0; compound=0; hidden=1; nouse=1; global=1; static=1; extern=0; dir=2; type=0; pingpong=0; private_global=0; IO mode=ap_ovld:ce=0
Port [ p_ZZN4nnet11lstm_staticI8ap_fixedILi14ELi7EL9ap_q_mode0EL9ap_o_mode3ELi0EES4_7con_15]:  wired=0; compound=0; hidden=1; nouse=1; global=1; static=1; extern=0; dir=2; type=0; pingpong=0; private_global=0; IO mode=ap_ovld:ce=0
Port [ p_ZZN4nnet11lstm_staticI8ap_fixedILi14ELi7EL9ap_q_mode0EL9ap_o_mode3ELi0EES4_7con_14]:  wired=0; compound=0; hidden=1; nouse=1; global=1; static=1; extern=0; dir=2; type=0; pingpong=0; private_global=0; IO mode=ap_ovld:ce=0
Port [ p_ZZN4nnet11lstm_staticI8ap_fixedILi14ELi7EL9ap_q_mode0EL9ap_o_mode3ELi0EES4_7con_13]:  wired=0; compound=0; hidden=1; nouse=1; global=1; static=1; extern=0; dir=2; type=0; pingpong=0; private_global=0; IO mode=ap_ovld:ce=0
Port [ p_ZZN4nnet11lstm_staticI8ap_fixedILi14ELi7EL9ap_q_mode0EL9ap_o_mode3ELi0EES4_7con_12]:  wired=0; compound=0; hidden=1; nouse=1; global=1; static=1; extern=0; dir=2; type=0; pingpong=0; private_global=0; IO mode=ap_ovld:ce=0
Port [ p_ZZN4nnet11lstm_staticI8ap_fixedILi14ELi7EL9ap_q_mode0EL9ap_o_mode3ELi0EES4_7con_11]:  wired=0; compound=0; hidden=1; nouse=1; global=1; static=1; extern=0; dir=2; type=0; pingpong=0; private_global=0; IO mode=ap_ovld:ce=0
Port [ p_ZZN4nnet11lstm_staticI8ap_fixedILi14ELi7EL9ap_q_mode0EL9ap_o_mode3ELi0EES4_7con_10]:  wired=0; compound=0; hidden=1; nouse=1; global=1; static=1; extern=0; dir=2; type=0; pingpong=0; private_global=0; IO mode=ap_ovld:ce=0
Port [ p_ZZN4nnet11lstm_staticI8ap_fixedILi14ELi7EL9ap_q_mode0EL9ap_o_mode3ELi0EES4_7con_9]:  wired=0; compound=0; hidden=1; nouse=1; global=1; static=1; extern=0; dir=2; type=0; pingpong=0; private_global=0; IO mode=ap_ovld:ce=0
Port [ p_ZZN4nnet11lstm_staticI8ap_fixedILi14ELi7EL9ap_q_mode0EL9ap_o_mode3ELi0EES4_7con_8]:  wired=0; compound=0; hidden=1; nouse=1; global=1; static=1; extern=0; dir=2; type=0; pingpong=0; private_global=0; IO mode=ap_ovld:ce=0
Port [ p_ZZN4nnet11lstm_staticI8ap_fixedILi14ELi7EL9ap_q_mode0EL9ap_o_mode3ELi0EES4_7con_7]:  wired=0; compound=0; hidden=1; nouse=1; global=1; static=1; extern=0; dir=2; type=0; pingpong=0; private_global=0; IO mode=ap_ovld:ce=0
Port [ p_ZZN4nnet11lstm_staticI8ap_fixedILi14ELi7EL9ap_q_mode0EL9ap_o_mode3ELi0EES4_7con_6]:  wired=0; compound=0; hidden=1; nouse=1; global=1; static=1; extern=0; dir=2; type=0; pingpong=0; private_global=0; IO mode=ap_ovld:ce=0
Port [ p_ZZN4nnet11lstm_staticI8ap_fixedILi14ELi7EL9ap_q_mode0EL9ap_o_mode3ELi0EES4_7con_5]:  wired=0; compound=0; hidden=1; nouse=1; global=1; static=1; extern=0; dir=2; type=0; pingpong=0; private_global=0; IO mode=ap_ovld:ce=0
Port [ p_ZZN4nnet11lstm_staticI8ap_fixedILi14ELi7EL9ap_q_mode0EL9ap_o_mode3ELi0EES4_7con_4]:  wired=0; compound=0; hidden=1; nouse=1; global=1; static=1; extern=0; dir=2; type=0; pingpong=0; private_global=0; IO mode=ap_ovld:ce=0
Port [ p_ZZN4nnet11lstm_staticI8ap_fixedILi14ELi7EL9ap_q_mode0EL9ap_o_mode3ELi0EES4_7con_3]:  wired=0; compound=0; hidden=1; nouse=1; global=1; static=1; extern=0; dir=2; type=0; pingpong=0; private_global=0; IO mode=ap_ovld:ce=0
Port [ p_ZZN4nnet11lstm_staticI8ap_fixedILi14ELi7EL9ap_q_mode0EL9ap_o_mode3ELi0EES4_7con_2]:  wired=0; compound=0; hidden=1; nouse=1; global=1; static=1; extern=0; dir=2; type=0; pingpong=0; private_global=0; IO mode=ap_ovld:ce=0
Port [ p_ZZN4nnet11lstm_staticI8ap_fixedILi14ELi7EL9ap_q_mode0EL9ap_o_mode3ELi0EES4_7con_1]:  wired=0; compound=0; hidden=1; nouse=1; global=1; static=1; extern=0; dir=2; type=0; pingpong=0; private_global=0; IO mode=ap_ovld:ce=0
Port [ p_ZZN4nnet11lstm_staticI8ap_fixedILi14ELi7EL9ap_q_mode0EL9ap_o_mode3ELi0EES4_7con]:  wired=0; compound=0; hidden=1; nouse=1; global=1; static=1; extern=0; dir=2; type=0; pingpong=0; private_global=0; IO mode=ap_ovld:ce=0
Port [ void_lstm_static_bool_ap_fixed_ap_fixed_ap_fixed_weight_t_recurrent_weight_t_19]:  wired=0; compound=0; hidden=1; nouse=1; global=1; static=1; extern=0; dir=2; type=0; pingpong=0; private_global=0; IO mode=ap_ovld:ce=0
Port [ void_lstm_static_bool_ap_fixed_ap_fixed_ap_fixed_weight_t_recurrent_weight_t_18]:  wired=0; compound=0; hidden=1; nouse=1; global=1; static=1; extern=0; dir=2; type=0; pingpong=0; private_global=0; IO mode=ap_ovld:ce=0
Port [ void_lstm_static_bool_ap_fixed_ap_fixed_ap_fixed_weight_t_recurrent_weight_t_17]:  wired=0; compound=0; hidden=1; nouse=1; global=1; static=1; extern=0; dir=2; type=0; pingpong=0; private_global=0; IO mode=ap_ovld:ce=0
Port [ void_lstm_static_bool_ap_fixed_ap_fixed_ap_fixed_weight_t_recurrent_weight_t_16]:  wired=0; compound=0; hidden=1; nouse=1; global=1; static=1; extern=0; dir=2; type=0; pingpong=0; private_global=0; IO mode=ap_ovld:ce=0
Port [ void_lstm_static_bool_ap_fixed_ap_fixed_ap_fixed_weight_t_recurrent_weight_t_15]:  wired=0; compound=0; hidden=1; nouse=1; global=1; static=1; extern=0; dir=2; type=0; pingpong=0; private_global=0; IO mode=ap_ovld:ce=0
Port [ void_lstm_static_bool_ap_fixed_ap_fixed_ap_fixed_weight_t_recurrent_weight_t_14]:  wired=0; compound=0; hidden=1; nouse=1; global=1; static=1; extern=0; dir=2; type=0; pingpong=0; private_global=0; IO mode=ap_ovld:ce=0
Port [ void_lstm_static_bool_ap_fixed_ap_fixed_ap_fixed_weight_t_recurrent_weight_t_13]:  wired=0; compound=0; hidden=1; nouse=1; global=1; static=1; extern=0; dir=2; type=0; pingpong=0; private_global=0; IO mode=ap_ovld:ce=0
Port [ void_lstm_static_bool_ap_fixed_ap_fixed_ap_fixed_weight_t_recurrent_weight_t_12]:  wired=0; compound=0; hidden=1; nouse=1; global=1; static=1; extern=0; dir=2; type=0; pingpong=0; private_global=0; IO mode=ap_ovld:ce=0
Port [ void_lstm_static_bool_ap_fixed_ap_fixed_ap_fixed_weight_t_recurrent_weight_t_11]:  wired=0; compound=0; hidden=1; nouse=1; global=1; static=1; extern=0; dir=2; type=0; pingpong=0; private_global=0; IO mode=ap_ovld:ce=0
Port [ void_lstm_static_bool_ap_fixed_ap_fixed_ap_fixed_weight_t_recurrent_weight_t_10]:  wired=0; compound=0; hidden=1; nouse=1; global=1; static=1; extern=0; dir=2; type=0; pingpong=0; private_global=0; IO mode=ap_ovld:ce=0
Port [ p_ZZN4nnet11lstm_staticI8ap_fixedILi14ELi7EL9ap_q_mode0EL9ap_o_mode3ELi0EES4_7con_43]:  wired=0; compound=0; hidden=1; nouse=1; global=1; static=1; extern=0; dir=2; type=0; pingpong=0; private_global=0; IO mode=ap_ovld:ce=0
Port [ p_ZZN4nnet11lstm_staticI8ap_fixedILi14ELi7EL9ap_q_mode0EL9ap_o_mode3ELi0EES4_7con_42]:  wired=0; compound=0; hidden=1; nouse=1; global=1; static=1; extern=0; dir=2; type=0; pingpong=0; private_global=0; IO mode=ap_ovld:ce=0
Port [ p_ZZN4nnet11lstm_staticI8ap_fixedILi14ELi7EL9ap_q_mode0EL9ap_o_mode3ELi0EES4_7con_41]:  wired=0; compound=0; hidden=1; nouse=1; global=1; static=1; extern=0; dir=2; type=0; pingpong=0; private_global=0; IO mode=ap_ovld:ce=0
Port [ p_ZZN4nnet11lstm_staticI8ap_fixedILi14ELi7EL9ap_q_mode0EL9ap_o_mode3ELi0EES4_7con_40]:  wired=0; compound=0; hidden=1; nouse=1; global=1; static=1; extern=0; dir=2; type=0; pingpong=0; private_global=0; IO mode=ap_ovld:ce=0
Port [ p_ZZN4nnet11lstm_staticI8ap_fixedILi14ELi7EL9ap_q_mode0EL9ap_o_mode3ELi0EES4_7con_39]:  wired=0; compound=0; hidden=1; nouse=1; global=1; static=1; extern=0; dir=2; type=0; pingpong=0; private_global=0; IO mode=ap_ovld:ce=0
Port [ p_ZZN4nnet11lstm_staticI8ap_fixedILi14ELi7EL9ap_q_mode0EL9ap_o_mode3ELi0EES4_7con_38]:  wired=0; compound=0; hidden=1; nouse=1; global=1; static=1; extern=0; dir=2; type=0; pingpong=0; private_global=0; IO mode=ap_ovld:ce=0
Port [ p_ZZN4nnet11lstm_staticI8ap_fixedILi14ELi7EL9ap_q_mode0EL9ap_o_mode3ELi0EES4_7con_37]:  wired=0; compound=0; hidden=1; nouse=1; global=1; static=1; extern=0; dir=2; type=0; pingpong=0; private_global=0; IO mode=ap_ovld:ce=0
Port [ p_ZZN4nnet11lstm_staticI8ap_fixedILi14ELi7EL9ap_q_mode0EL9ap_o_mode3ELi0EES4_7con_36]:  wired=0; compound=0; hidden=1; nouse=1; global=1; static=1; extern=0; dir=2; type=0; pingpong=0; private_global=0; IO mode=ap_ovld:ce=0
Port [ p_ZZN4nnet11lstm_staticI8ap_fixedILi14ELi7EL9ap_q_mode0EL9ap_o_mode3ELi0EES4_7con_35]:  wired=0; compound=0; hidden=1; nouse=1; global=1; static=1; extern=0; dir=2; type=0; pingpong=0; private_global=0; IO mode=ap_ovld:ce=0
Port [ p_ZZN4nnet11lstm_staticI8ap_fixedILi14ELi7EL9ap_q_mode0EL9ap_o_mode3ELi0EES4_7con_34]:  wired=0; compound=0; hidden=1; nouse=1; global=1; static=1; extern=0; dir=2; type=0; pingpong=0; private_global=0; IO mode=ap_ovld:ce=0
Port [ p_ZZN4nnet11lstm_staticI8ap_fixedILi14ELi7EL9ap_q_mode0EL9ap_o_mode3ELi0EES4_7con_33]:  wired=0; compound=0; hidden=1; nouse=1; global=1; static=1; extern=0; dir=2; type=0; pingpong=0; private_global=0; IO mode=ap_ovld:ce=0
Port [ p_ZZN4nnet11lstm_staticI8ap_fixedILi14ELi7EL9ap_q_mode0EL9ap_o_mode3ELi0EES4_7con_32]:  wired=0; compound=0; hidden=1; nouse=1; global=1; static=1; extern=0; dir=2; type=0; pingpong=0; private_global=0; IO mode=ap_ovld:ce=0
Port [ p_ZZN4nnet11lstm_staticI8ap_fixedILi14ELi7EL9ap_q_mode0EL9ap_o_mode3ELi0EES4_7con_31]:  wired=0; compound=0; hidden=1; nouse=1; global=1; static=1; extern=0; dir=2; type=0; pingpong=0; private_global=0; IO mode=ap_ovld:ce=0
Port [ p_ZZN4nnet11lstm_staticI8ap_fixedILi14ELi7EL9ap_q_mode0EL9ap_o_mode3ELi0EES4_7con_30]:  wired=0; compound=0; hidden=1; nouse=1; global=1; static=1; extern=0; dir=2; type=0; pingpong=0; private_global=0; IO mode=ap_ovld:ce=0
Port [ p_ZZN4nnet11lstm_staticI8ap_fixedILi14ELi7EL9ap_q_mode0EL9ap_o_mode3ELi0EES4_7con_29]:  wired=0; compound=0; hidden=1; nouse=1; global=1; static=1; extern=0; dir=2; type=0; pingpong=0; private_global=0; IO mode=ap_ovld:ce=0
Port [ p_ZZN4nnet11lstm_staticI8ap_fixedILi14ELi7EL9ap_q_mode0EL9ap_o_mode3ELi0EES4_7con_28]:  wired=0; compound=0; hidden=1; nouse=1; global=1; static=1; extern=0; dir=2; type=0; pingpong=0; private_global=0; IO mode=ap_ovld:ce=0
Port [ p_ZZN4nnet11lstm_staticI8ap_fixedILi14ELi7EL9ap_q_mode0EL9ap_o_mode3ELi0EES4_7con_27]:  wired=0; compound=0; hidden=1; nouse=1; global=1; static=1; extern=0; dir=2; type=0; pingpong=0; private_global=0; IO mode=ap_ovld:ce=0
Port [ p_ZZN4nnet11lstm_staticI8ap_fixedILi14ELi7EL9ap_q_mode0EL9ap_o_mode3ELi0EES4_7con_26]:  wired=0; compound=0; hidden=1; nouse=1; global=1; static=1; extern=0; dir=2; type=0; pingpong=0; private_global=0; IO mode=ap_ovld:ce=0
Port [ p_ZZN4nnet11lstm_staticI8ap_fixedILi14ELi7EL9ap_q_mode0EL9ap_o_mode3ELi0EES4_7con_25]:  wired=0; compound=0; hidden=1; nouse=1; global=1; static=1; extern=0; dir=2; type=0; pingpong=0; private_global=0; IO mode=ap_ovld:ce=0
Port [ p_ZZN4nnet11lstm_staticI8ap_fixedILi14ELi7EL9ap_q_mode0EL9ap_o_mode3ELi0EES4_7con_24]:  wired=0; compound=0; hidden=1; nouse=1; global=1; static=1; extern=0; dir=2; type=0; pingpong=0; private_global=0; IO mode=ap_ovld:ce=0
Port [ p_ZZN4nnet11lstm_staticI8ap_fixedILi14ELi7EL9ap_q_mode0EL9ap_o_mode3ELi0EES4_7con_23]:  wired=0; compound=0; hidden=1; nouse=1; global=1; static=1; extern=0; dir=2; type=0; pingpong=0; private_global=0; IO mode=ap_ovld:ce=0
Port [ p_ZZN4nnet11lstm_staticI8ap_fixedILi14ELi7EL9ap_q_mode0EL9ap_o_mode3ELi0EES4_7con_22]:  wired=0; compound=0; hidden=1; nouse=1; global=1; static=1; extern=0; dir=2; type=0; pingpong=0; private_global=0; IO mode=ap_ovld:ce=0
Port [ outidx]:  wired=0; compound=1; hidden=1; nouse=1; global=1; static=1; extern=0; dir=0; type=1; pingpong=0; private_global=0; MemPort=[1]; IO mode=ap_memory:ce=0
Port [ w2]:  wired=0; compound=1; hidden=1; nouse=1; global=1; static=1; extern=0; dir=0; type=1; pingpong=0; private_global=0; MemPort=[1]; IO mode=ap_memory:ce=0
Port [ outidx_4]:  wired=0; compound=1; hidden=1; nouse=1; global=1; static=1; extern=0; dir=0; type=1; pingpong=0; private_global=0; MemPort=[1]; IO mode=ap_memory:ce=0
Port [ wr2]:  wired=0; compound=1; hidden=1; nouse=1; global=1; static=1; extern=0; dir=0; type=1; pingpong=0; private_global=0; MemPort=[1]; IO mode=ap_memory:ce=0
Port [ sigmoid_table]:  wired=0; compound=1; hidden=1; nouse=1; global=1; static=1; extern=0; dir=0; type=1; pingpong=0; private_global=0; MemPort=[111111111111111111111111111111111111111111111111111111111111111111111111111111111111111111111111]; IO mode=ap_memory:ce=0
Port [ tanh_table]:  wired=0; compound=1; hidden=1; nouse=1; global=1; static=1; extern=0; dir=0; type=1; pingpong=0; private_global=0; MemPort=[11111111111111111111111111111111]; IO mode=ap_memory:ce=0
---------------- STG Properties END ------------------

---------------- Datapath Model BEGIN ----------------

<LifeTime>
<method=bitvector/>
iloop                   (alloca           ) [ 01111111111]
layer2_out_0_0          (alloca           ) [ 01111111111]
layer2_out_1_0          (alloca           ) [ 01111111111]
layer2_out_2_0          (alloca           ) [ 01111111111]
layer2_out_3_0          (alloca           ) [ 01111111111]
layer2_out_4_0          (alloca           ) [ 01111111111]
layer2_out_5_0          (alloca           ) [ 01111111111]
layer2_out_6_0          (alloca           ) [ 01111111111]
layer2_out_7_0          (alloca           ) [ 01111111111]
layer2_out_8_0          (alloca           ) [ 01111111111]
layer2_out_9_0          (alloca           ) [ 01111111111]
layer2_out_10_0         (alloca           ) [ 01111111111]
layer2_out_11_0         (alloca           ) [ 01111111111]
layer2_out_12_0         (alloca           ) [ 01111111111]
layer2_out_13_0         (alloca           ) [ 01111111111]
layer2_out_1445_0       (alloca           ) [ 01111111111]
layer2_out_15_0         (alloca           ) [ 01111111111]
layer2_out_16_0         (alloca           ) [ 01111111111]
layer2_out_17_0         (alloca           ) [ 01111111111]
layer2_out_18_0         (alloca           ) [ 01111111111]
layer2_out_19_0         (alloca           ) [ 01111111111]
layer2_out_20_0         (alloca           ) [ 01111111111]
layer2_out_21_0         (alloca           ) [ 01111111111]
layer2_out_22_0         (alloca           ) [ 01111111111]
layer2_out_23_0         (alloca           ) [ 01111111111]
layer2_out_24_0         (alloca           ) [ 01111111111]
layer2_out_25_0         (alloca           ) [ 01111111111]
layer2_out_26_0         (alloca           ) [ 01111111111]
layer2_out_2786_0       (alloca           ) [ 01111111111]
layer2_out_28_0         (alloca           ) [ 01111111111]
layer2_out_29_0         (alloca           ) [ 01111111111]
layer2_out_30_0         (alloca           ) [ 01111111111]
layer2_out_31_0         (alloca           ) [ 01111111111]
data_in                 (alloca           ) [ 00111111111]
input_layer_read        (read             ) [ 00111111111]
data_in_addr            (getelementptr    ) [ 00111111111]
data_in_addr_1          (getelementptr    ) [ 00111111111]
data_in_addr_2          (getelementptr    ) [ 00111111111]
data_in_addr_3          (getelementptr    ) [ 00111111111]
data_in_addr_4          (getelementptr    ) [ 00111111111]
data_in_addr_5          (getelementptr    ) [ 00111111111]
data_in_addr_6          (getelementptr    ) [ 00111111111]
data_in_addr_7          (getelementptr    ) [ 00111111111]
store_ln0               (store            ) [ 00000000000]
store_ln0               (store            ) [ 00000000000]
store_ln0               (store            ) [ 00000000000]
store_ln0               (store            ) [ 00000000000]
store_ln0               (store            ) [ 00000000000]
store_ln0               (store            ) [ 00000000000]
store_ln0               (store            ) [ 00000000000]
store_ln0               (store            ) [ 00000000000]
store_ln0               (store            ) [ 00000000000]
store_ln0               (store            ) [ 00000000000]
store_ln0               (store            ) [ 00000000000]
store_ln0               (store            ) [ 00000000000]
store_ln0               (store            ) [ 00000000000]
store_ln0               (store            ) [ 00000000000]
store_ln0               (store            ) [ 00000000000]
store_ln0               (store            ) [ 00000000000]
store_ln0               (store            ) [ 00000000000]
store_ln0               (store            ) [ 00000000000]
store_ln0               (store            ) [ 00000000000]
store_ln0               (store            ) [ 00000000000]
store_ln0               (store            ) [ 00000000000]
store_ln0               (store            ) [ 00000000000]
store_ln0               (store            ) [ 00000000000]
store_ln0               (store            ) [ 00000000000]
store_ln0               (store            ) [ 00000000000]
store_ln0               (store            ) [ 00000000000]
store_ln0               (store            ) [ 00000000000]
store_ln0               (store            ) [ 00000000000]
store_ln0               (store            ) [ 00000000000]
store_ln0               (store            ) [ 00000000000]
store_ln0               (store            ) [ 00000000000]
store_ln0               (store            ) [ 00000000000]
store_ln242             (store            ) [ 00000000000]
br_ln242                (br               ) [ 01111111111]
reset_state             (phi              ) [ 00111111111]
iloop_1                 (load             ) [ 00000000000]
icmp_ln242              (icmp             ) [ 00111111111]
add_ln242               (add              ) [ 00010000000]
br_ln242                (br               ) [ 00000000000]
trunc_ln245             (trunc            ) [ 00000000000]
p_shl                   (bitconcatenate   ) [ 00000000000]
tmp_734                 (bitconcatenate   ) [ 00000000000]
zext_ln245              (zext             ) [ 00000000000]
sub_ln245               (sub              ) [ 00011000000]
tmp_575                 (partselect       ) [ 00010000000]
layer2_out_0_0_load     (load             ) [ 00000000000]
layer2_out_1_0_load     (load             ) [ 00000000000]
layer2_out_2_0_load     (load             ) [ 00000000000]
layer2_out_3_0_load     (load             ) [ 00000000000]
layer2_out_4_0_load     (load             ) [ 00000000000]
layer2_out_5_0_load     (load             ) [ 00000000000]
layer2_out_6_0_load     (load             ) [ 00000000000]
layer2_out_7_0_load     (load             ) [ 00000000000]
layer2_out_8_0_load     (load             ) [ 00000000000]
layer2_out_9_0_load     (load             ) [ 00000000000]
layer2_out_10_0_load    (load             ) [ 00000000000]
layer2_out_11_0_load    (load             ) [ 00000000000]
layer2_out_12_0_load    (load             ) [ 00000000000]
layer2_out_13_0_load    (load             ) [ 00000000000]
layer2_out_1445_0_load  (load             ) [ 00000000000]
layer2_out_15_0_load    (load             ) [ 00000000000]
layer2_out_16_0_load    (load             ) [ 00000000000]
layer2_out_17_0_load    (load             ) [ 00000000000]
layer2_out_18_0_load    (load             ) [ 00000000000]
layer2_out_19_0_load    (load             ) [ 00000000000]
layer2_out_20_0_load    (load             ) [ 00000000000]
layer2_out_21_0_load    (load             ) [ 00000000000]
layer2_out_22_0_load    (load             ) [ 00000000000]
layer2_out_23_0_load    (load             ) [ 00000000000]
layer2_out_24_0_load    (load             ) [ 00000000000]
layer2_out_25_0_load    (load             ) [ 00000000000]
layer2_out_26_0_load    (load             ) [ 00000000000]
layer2_out_2786_0_load  (load             ) [ 00000000000]
layer2_out_28_0_load    (load             ) [ 00000000000]
layer2_out_29_0_load    (load             ) [ 00000000000]
layer2_out_30_0_load    (load             ) [ 00000000000]
layer2_out_31_0_load    (load             ) [ 00000000000]
mrv                     (insertvalue      ) [ 00000000000]
mrv_1                   (insertvalue      ) [ 00000000000]
mrv_2                   (insertvalue      ) [ 00000000000]
mrv_3                   (insertvalue      ) [ 00000000000]
mrv_4                   (insertvalue      ) [ 00000000000]
mrv_5                   (insertvalue      ) [ 00000000000]
mrv_6                   (insertvalue      ) [ 00000000000]
mrv_7                   (insertvalue      ) [ 00000000000]
mrv_8                   (insertvalue      ) [ 00000000000]
mrv_9                   (insertvalue      ) [ 00000000000]
mrv_10                  (insertvalue      ) [ 00000000000]
mrv_11                  (insertvalue      ) [ 00000000000]
mrv_12                  (insertvalue      ) [ 00000000000]
mrv_13                  (insertvalue      ) [ 00000000000]
mrv_14                  (insertvalue      ) [ 00000000000]
mrv_15                  (insertvalue      ) [ 00000000000]
mrv_16                  (insertvalue      ) [ 00000000000]
mrv_17                  (insertvalue      ) [ 00000000000]
mrv_18                  (insertvalue      ) [ 00000000000]
mrv_19                  (insertvalue      ) [ 00000000000]
mrv_20                  (insertvalue      ) [ 00000000000]
mrv_21                  (insertvalue      ) [ 00000000000]
mrv_22                  (insertvalue      ) [ 00000000000]
mrv_23                  (insertvalue      ) [ 00000000000]
mrv_24                  (insertvalue      ) [ 00000000000]
mrv_25                  (insertvalue      ) [ 00000000000]
mrv_26                  (insertvalue      ) [ 00000000000]
mrv_27                  (insertvalue      ) [ 00000000000]
mrv_28                  (insertvalue      ) [ 00000000000]
mrv_29                  (insertvalue      ) [ 00000000000]
mrv_30                  (insertvalue      ) [ 00000000000]
mrv_31                  (insertvalue      ) [ 00000000000]
ret_ln0                 (ret              ) [ 00000000000]
or_ln                   (bitconcatenate   ) [ 00001000000]
add_ln245               (add              ) [ 00001100000]
add_ln245_1             (add              ) [ 00001100000]
add_ln245_2             (add              ) [ 00001100000]
add_ln245_3             (add              ) [ 00001100000]
add_ln245_4             (add              ) [ 00001100000]
add_ln245_5             (add              ) [ 00001100000]
store_ln242             (store            ) [ 00000000000]
tmp                     (partselect       ) [ 00000100000]
tmp_s                   (partselect       ) [ 00000100000]
store_ln245             (store            ) [ 00000000000]
store_ln245             (store            ) [ 00000000000]
tmp_541                 (partselect       ) [ 00000010000]
tmp_542                 (partselect       ) [ 00000010000]
tmp_543                 (partselect       ) [ 00000011000]
tmp_544                 (partselect       ) [ 00000011000]
tmp_545                 (partselect       ) [ 00000011100]
tmp_546                 (partselect       ) [ 00000011100]
store_ln245             (store            ) [ 00000000000]
store_ln245             (store            ) [ 00000000000]
store_ln245             (store            ) [ 00000000000]
store_ln245             (store            ) [ 00000000000]
store_ln245             (store            ) [ 00000000000]
store_ln245             (store            ) [ 00000000000]
speclooptripcount_ln232 (speclooptripcount) [ 00000000000]
specloopname_ln242      (specloopname     ) [ 00000000000]
call_ret                (call             ) [ 00000000000]
h_newstate              (extractvalue     ) [ 00000000000]
h_newstate_1            (extractvalue     ) [ 00000000000]
h_newstate_2            (extractvalue     ) [ 00000000000]
h_newstate_3            (extractvalue     ) [ 00000000000]
h_newstate_4            (extractvalue     ) [ 00000000000]
h_newstate_5            (extractvalue     ) [ 00000000000]
h_newstate_6            (extractvalue     ) [ 00000000000]
h_newstate_7            (extractvalue     ) [ 00000000000]
h_newstate_8            (extractvalue     ) [ 00000000000]
h_newstate_9            (extractvalue     ) [ 00000000000]
h_newstate_31           (extractvalue     ) [ 00000000000]
h_newstate_10           (extractvalue     ) [ 00000000000]
h_newstate_11           (extractvalue     ) [ 00000000000]
h_newstate_12           (extractvalue     ) [ 00000000000]
h_newstate_13           (extractvalue     ) [ 00000000000]
h_newstate_14           (extractvalue     ) [ 00000000000]
h_newstate_15           (extractvalue     ) [ 00000000000]
h_newstate_16           (extractvalue     ) [ 00000000000]
h_newstate_17           (extractvalue     ) [ 00000000000]
h_newstate_18           (extractvalue     ) [ 00000000000]
h_newstate_19           (extractvalue     ) [ 00000000000]
h_newstate_20           (extractvalue     ) [ 00000000000]
h_newstate_21           (extractvalue     ) [ 00000000000]
h_newstate_22           (extractvalue     ) [ 00000000000]
h_newstate_23           (extractvalue     ) [ 00000000000]
h_newstate_24           (extractvalue     ) [ 00000000000]
h_newstate_25           (extractvalue     ) [ 00000000000]
h_newstate_26           (extractvalue     ) [ 00000000000]
h_newstate_27           (extractvalue     ) [ 00000000000]
h_newstate_28           (extractvalue     ) [ 00000000000]
h_newstate_29           (extractvalue     ) [ 00000000000]
h_newstate_30           (extractvalue     ) [ 00000000000]
store_ln248             (store            ) [ 00000000000]
store_ln248             (store            ) [ 00000000000]
store_ln248             (store            ) [ 00000000000]
store_ln248             (store            ) [ 00000000000]
store_ln248             (store            ) [ 00000000000]
store_ln248             (store            ) [ 00000000000]
store_ln248             (store            ) [ 00000000000]
store_ln248             (store            ) [ 00000000000]
store_ln248             (store            ) [ 00000000000]
store_ln248             (store            ) [ 00000000000]
store_ln248             (store            ) [ 00000000000]
store_ln248             (store            ) [ 00000000000]
store_ln248             (store            ) [ 00000000000]
store_ln248             (store            ) [ 00000000000]
store_ln248             (store            ) [ 00000000000]
store_ln248             (store            ) [ 00000000000]
store_ln248             (store            ) [ 00000000000]
store_ln248             (store            ) [ 00000000000]
store_ln248             (store            ) [ 00000000000]
store_ln248             (store            ) [ 00000000000]
store_ln248             (store            ) [ 00000000000]
store_ln248             (store            ) [ 00000000000]
store_ln248             (store            ) [ 00000000000]
store_ln248             (store            ) [ 00000000000]
store_ln248             (store            ) [ 00000000000]
store_ln248             (store            ) [ 00000000000]
store_ln248             (store            ) [ 00000000000]
store_ln248             (store            ) [ 00000000000]
store_ln248             (store            ) [ 00000000000]
store_ln248             (store            ) [ 00000000000]
store_ln248             (store            ) [ 00000000000]
store_ln248             (store            ) [ 00000000000]
br_ln242                (br               ) [ 01111111111]
</LifeTime>

<model>

<comp_list>
<comp id="0" class="1000" name="input_layer">
<pin_list>
<pin id="1" dir="1" index="0" bw="1" slack="0"/>
</pin_list>
<bind>
<StgValue><ssdm name="input_layer"/></StgValue>
</bind>
</comp>

<comp id="2" class="1000" name="void_lstm_static_bool_ap_fixed_ap_fixed_ap_fixed_weight_t_recurrent_weight_t_9">
<pin_list>
<pin id="3" dir="1" index="0" bw="1" slack="0"/>
</pin_list>
<bind>
<StgValue><ssdm name="void_lstm_static_bool_ap_fixed_ap_fixed_ap_fixed_weight_t_recurrent_weight_t_9"/></StgValue>
</bind>
</comp>

<comp id="4" class="1000" name="void_lstm_static_bool_ap_fixed_ap_fixed_ap_fixed_weight_t_recurrent_weight_t_8">
<pin_list>
<pin id="5" dir="1" index="0" bw="1" slack="0"/>
</pin_list>
<bind>
<StgValue><ssdm name="void_lstm_static_bool_ap_fixed_ap_fixed_ap_fixed_weight_t_recurrent_weight_t_8"/></StgValue>
</bind>
</comp>

<comp id="6" class="1000" name="void_lstm_static_bool_ap_fixed_ap_fixed_ap_fixed_weight_t_recurrent_weight_t_7">
<pin_list>
<pin id="7" dir="1" index="0" bw="1" slack="0"/>
</pin_list>
<bind>
<StgValue><ssdm name="void_lstm_static_bool_ap_fixed_ap_fixed_ap_fixed_weight_t_recurrent_weight_t_7"/></StgValue>
</bind>
</comp>

<comp id="8" class="1000" name="void_lstm_static_bool_ap_fixed_ap_fixed_ap_fixed_weight_t_recurrent_weight_t_6">
<pin_list>
<pin id="9" dir="1" index="0" bw="1" slack="0"/>
</pin_list>
<bind>
<StgValue><ssdm name="void_lstm_static_bool_ap_fixed_ap_fixed_ap_fixed_weight_t_recurrent_weight_t_6"/></StgValue>
</bind>
</comp>

<comp id="10" class="1000" name="void_lstm_static_bool_ap_fixed_ap_fixed_ap_fixed_weight_t_recurrent_weight_t_5">
<pin_list>
<pin id="11" dir="1" index="0" bw="1" slack="0"/>
</pin_list>
<bind>
<StgValue><ssdm name="void_lstm_static_bool_ap_fixed_ap_fixed_ap_fixed_weight_t_recurrent_weight_t_5"/></StgValue>
</bind>
</comp>

<comp id="12" class="1000" name="void_lstm_static_bool_ap_fixed_ap_fixed_ap_fixed_weight_t_recurrent_weight_t_4">
<pin_list>
<pin id="13" dir="1" index="0" bw="1" slack="0"/>
</pin_list>
<bind>
<StgValue><ssdm name="void_lstm_static_bool_ap_fixed_ap_fixed_ap_fixed_weight_t_recurrent_weight_t_4"/></StgValue>
</bind>
</comp>

<comp id="14" class="1000" name="void_lstm_static_bool_ap_fixed_ap_fixed_ap_fixed_weight_t_recurrent_weight_t_3">
<pin_list>
<pin id="15" dir="1" index="0" bw="1" slack="0"/>
</pin_list>
<bind>
<StgValue><ssdm name="void_lstm_static_bool_ap_fixed_ap_fixed_ap_fixed_weight_t_recurrent_weight_t_3"/></StgValue>
</bind>
</comp>

<comp id="16" class="1000" name="void_lstm_static_bool_ap_fixed_ap_fixed_ap_fixed_weight_t_recurrent_weight_t_2">
<pin_list>
<pin id="17" dir="1" index="0" bw="1" slack="0"/>
</pin_list>
<bind>
<StgValue><ssdm name="void_lstm_static_bool_ap_fixed_ap_fixed_ap_fixed_weight_t_recurrent_weight_t_2"/></StgValue>
</bind>
</comp>

<comp id="18" class="1000" name="void_lstm_static_bool_ap_fixed_ap_fixed_ap_fixed_weight_t_recurrent_weight_t_1">
<pin_list>
<pin id="19" dir="1" index="0" bw="1" slack="0"/>
</pin_list>
<bind>
<StgValue><ssdm name="void_lstm_static_bool_ap_fixed_ap_fixed_ap_fixed_weight_t_recurrent_weight_t_1"/></StgValue>
</bind>
</comp>

<comp id="20" class="1000" name="void_lstm_static_bool_ap_fixed_ap_fixed_ap_fixed_weight_t_recurrent_weight_t">
<pin_list>
<pin id="21" dir="1" index="0" bw="1" slack="0"/>
</pin_list>
<bind>
<StgValue><ssdm name="void_lstm_static_bool_ap_fixed_ap_fixed_ap_fixed_weight_t_recurrent_weight_t"/></StgValue>
</bind>
</comp>

<comp id="22" class="1000" name="p_ZZN4nnet11lstm_staticI8ap_fixedILi14ELi7EL9ap_q_mode0EL9ap_o_mode3ELi0EES4_7con_21">
<pin_list>
<pin id="23" dir="1" index="0" bw="1" slack="0"/>
</pin_list>
<bind>
<StgValue><ssdm name="p_ZZN4nnet11lstm_staticI8ap_fixedILi14ELi7EL9ap_q_mode0EL9ap_o_mode3ELi0EES4_7con_21"/></StgValue>
</bind>
</comp>

<comp id="24" class="1000" name="p_ZZN4nnet11lstm_staticI8ap_fixedILi14ELi7EL9ap_q_mode0EL9ap_o_mode3ELi0EES4_7con_20">
<pin_list>
<pin id="25" dir="1" index="0" bw="1" slack="0"/>
</pin_list>
<bind>
<StgValue><ssdm name="p_ZZN4nnet11lstm_staticI8ap_fixedILi14ELi7EL9ap_q_mode0EL9ap_o_mode3ELi0EES4_7con_20"/></StgValue>
</bind>
</comp>

<comp id="26" class="1000" name="p_ZZN4nnet11lstm_staticI8ap_fixedILi14ELi7EL9ap_q_mode0EL9ap_o_mode3ELi0EES4_7con_19">
<pin_list>
<pin id="27" dir="1" index="0" bw="1" slack="0"/>
</pin_list>
<bind>
<StgValue><ssdm name="p_ZZN4nnet11lstm_staticI8ap_fixedILi14ELi7EL9ap_q_mode0EL9ap_o_mode3ELi0EES4_7con_19"/></StgValue>
</bind>
</comp>

<comp id="28" class="1000" name="p_ZZN4nnet11lstm_staticI8ap_fixedILi14ELi7EL9ap_q_mode0EL9ap_o_mode3ELi0EES4_7con_18">
<pin_list>
<pin id="29" dir="1" index="0" bw="1" slack="0"/>
</pin_list>
<bind>
<StgValue><ssdm name="p_ZZN4nnet11lstm_staticI8ap_fixedILi14ELi7EL9ap_q_mode0EL9ap_o_mode3ELi0EES4_7con_18"/></StgValue>
</bind>
</comp>

<comp id="30" class="1000" name="p_ZZN4nnet11lstm_staticI8ap_fixedILi14ELi7EL9ap_q_mode0EL9ap_o_mode3ELi0EES4_7con_17">
<pin_list>
<pin id="31" dir="1" index="0" bw="1" slack="0"/>
</pin_list>
<bind>
<StgValue><ssdm name="p_ZZN4nnet11lstm_staticI8ap_fixedILi14ELi7EL9ap_q_mode0EL9ap_o_mode3ELi0EES4_7con_17"/></StgValue>
</bind>
</comp>

<comp id="32" class="1000" name="p_ZZN4nnet11lstm_staticI8ap_fixedILi14ELi7EL9ap_q_mode0EL9ap_o_mode3ELi0EES4_7con_16">
<pin_list>
<pin id="33" dir="1" index="0" bw="1" slack="0"/>
</pin_list>
<bind>
<StgValue><ssdm name="p_ZZN4nnet11lstm_staticI8ap_fixedILi14ELi7EL9ap_q_mode0EL9ap_o_mode3ELi0EES4_7con_16"/></StgValue>
</bind>
</comp>

<comp id="34" class="1000" name="p_ZZN4nnet11lstm_staticI8ap_fixedILi14ELi7EL9ap_q_mode0EL9ap_o_mode3ELi0EES4_7con_15">
<pin_list>
<pin id="35" dir="1" index="0" bw="1" slack="0"/>
</pin_list>
<bind>
<StgValue><ssdm name="p_ZZN4nnet11lstm_staticI8ap_fixedILi14ELi7EL9ap_q_mode0EL9ap_o_mode3ELi0EES4_7con_15"/></StgValue>
</bind>
</comp>

<comp id="36" class="1000" name="p_ZZN4nnet11lstm_staticI8ap_fixedILi14ELi7EL9ap_q_mode0EL9ap_o_mode3ELi0EES4_7con_14">
<pin_list>
<pin id="37" dir="1" index="0" bw="1" slack="0"/>
</pin_list>
<bind>
<StgValue><ssdm name="p_ZZN4nnet11lstm_staticI8ap_fixedILi14ELi7EL9ap_q_mode0EL9ap_o_mode3ELi0EES4_7con_14"/></StgValue>
</bind>
</comp>

<comp id="38" class="1000" name="p_ZZN4nnet11lstm_staticI8ap_fixedILi14ELi7EL9ap_q_mode0EL9ap_o_mode3ELi0EES4_7con_13">
<pin_list>
<pin id="39" dir="1" index="0" bw="1" slack="0"/>
</pin_list>
<bind>
<StgValue><ssdm name="p_ZZN4nnet11lstm_staticI8ap_fixedILi14ELi7EL9ap_q_mode0EL9ap_o_mode3ELi0EES4_7con_13"/></StgValue>
</bind>
</comp>

<comp id="40" class="1000" name="p_ZZN4nnet11lstm_staticI8ap_fixedILi14ELi7EL9ap_q_mode0EL9ap_o_mode3ELi0EES4_7con_12">
<pin_list>
<pin id="41" dir="1" index="0" bw="1" slack="0"/>
</pin_list>
<bind>
<StgValue><ssdm name="p_ZZN4nnet11lstm_staticI8ap_fixedILi14ELi7EL9ap_q_mode0EL9ap_o_mode3ELi0EES4_7con_12"/></StgValue>
</bind>
</comp>

<comp id="42" class="1000" name="p_ZZN4nnet11lstm_staticI8ap_fixedILi14ELi7EL9ap_q_mode0EL9ap_o_mode3ELi0EES4_7con_11">
<pin_list>
<pin id="43" dir="1" index="0" bw="1" slack="0"/>
</pin_list>
<bind>
<StgValue><ssdm name="p_ZZN4nnet11lstm_staticI8ap_fixedILi14ELi7EL9ap_q_mode0EL9ap_o_mode3ELi0EES4_7con_11"/></StgValue>
</bind>
</comp>

<comp id="44" class="1000" name="p_ZZN4nnet11lstm_staticI8ap_fixedILi14ELi7EL9ap_q_mode0EL9ap_o_mode3ELi0EES4_7con_10">
<pin_list>
<pin id="45" dir="1" index="0" bw="1" slack="0"/>
</pin_list>
<bind>
<StgValue><ssdm name="p_ZZN4nnet11lstm_staticI8ap_fixedILi14ELi7EL9ap_q_mode0EL9ap_o_mode3ELi0EES4_7con_10"/></StgValue>
</bind>
</comp>

<comp id="46" class="1000" name="p_ZZN4nnet11lstm_staticI8ap_fixedILi14ELi7EL9ap_q_mode0EL9ap_o_mode3ELi0EES4_7con_9">
<pin_list>
<pin id="47" dir="1" index="0" bw="1" slack="0"/>
</pin_list>
<bind>
<StgValue><ssdm name="p_ZZN4nnet11lstm_staticI8ap_fixedILi14ELi7EL9ap_q_mode0EL9ap_o_mode3ELi0EES4_7con_9"/></StgValue>
</bind>
</comp>

<comp id="48" class="1000" name="p_ZZN4nnet11lstm_staticI8ap_fixedILi14ELi7EL9ap_q_mode0EL9ap_o_mode3ELi0EES4_7con_8">
<pin_list>
<pin id="49" dir="1" index="0" bw="1" slack="0"/>
</pin_list>
<bind>
<StgValue><ssdm name="p_ZZN4nnet11lstm_staticI8ap_fixedILi14ELi7EL9ap_q_mode0EL9ap_o_mode3ELi0EES4_7con_8"/></StgValue>
</bind>
</comp>

<comp id="50" class="1000" name="p_ZZN4nnet11lstm_staticI8ap_fixedILi14ELi7EL9ap_q_mode0EL9ap_o_mode3ELi0EES4_7con_7">
<pin_list>
<pin id="51" dir="1" index="0" bw="1" slack="0"/>
</pin_list>
<bind>
<StgValue><ssdm name="p_ZZN4nnet11lstm_staticI8ap_fixedILi14ELi7EL9ap_q_mode0EL9ap_o_mode3ELi0EES4_7con_7"/></StgValue>
</bind>
</comp>

<comp id="52" class="1000" name="p_ZZN4nnet11lstm_staticI8ap_fixedILi14ELi7EL9ap_q_mode0EL9ap_o_mode3ELi0EES4_7con_6">
<pin_list>
<pin id="53" dir="1" index="0" bw="1" slack="0"/>
</pin_list>
<bind>
<StgValue><ssdm name="p_ZZN4nnet11lstm_staticI8ap_fixedILi14ELi7EL9ap_q_mode0EL9ap_o_mode3ELi0EES4_7con_6"/></StgValue>
</bind>
</comp>

<comp id="54" class="1000" name="p_ZZN4nnet11lstm_staticI8ap_fixedILi14ELi7EL9ap_q_mode0EL9ap_o_mode3ELi0EES4_7con_5">
<pin_list>
<pin id="55" dir="1" index="0" bw="1" slack="0"/>
</pin_list>
<bind>
<StgValue><ssdm name="p_ZZN4nnet11lstm_staticI8ap_fixedILi14ELi7EL9ap_q_mode0EL9ap_o_mode3ELi0EES4_7con_5"/></StgValue>
</bind>
</comp>

<comp id="56" class="1000" name="p_ZZN4nnet11lstm_staticI8ap_fixedILi14ELi7EL9ap_q_mode0EL9ap_o_mode3ELi0EES4_7con_4">
<pin_list>
<pin id="57" dir="1" index="0" bw="1" slack="0"/>
</pin_list>
<bind>
<StgValue><ssdm name="p_ZZN4nnet11lstm_staticI8ap_fixedILi14ELi7EL9ap_q_mode0EL9ap_o_mode3ELi0EES4_7con_4"/></StgValue>
</bind>
</comp>

<comp id="58" class="1000" name="p_ZZN4nnet11lstm_staticI8ap_fixedILi14ELi7EL9ap_q_mode0EL9ap_o_mode3ELi0EES4_7con_3">
<pin_list>
<pin id="59" dir="1" index="0" bw="1" slack="0"/>
</pin_list>
<bind>
<StgValue><ssdm name="p_ZZN4nnet11lstm_staticI8ap_fixedILi14ELi7EL9ap_q_mode0EL9ap_o_mode3ELi0EES4_7con_3"/></StgValue>
</bind>
</comp>

<comp id="60" class="1000" name="p_ZZN4nnet11lstm_staticI8ap_fixedILi14ELi7EL9ap_q_mode0EL9ap_o_mode3ELi0EES4_7con_2">
<pin_list>
<pin id="61" dir="1" index="0" bw="1" slack="0"/>
</pin_list>
<bind>
<StgValue><ssdm name="p_ZZN4nnet11lstm_staticI8ap_fixedILi14ELi7EL9ap_q_mode0EL9ap_o_mode3ELi0EES4_7con_2"/></StgValue>
</bind>
</comp>

<comp id="62" class="1000" name="p_ZZN4nnet11lstm_staticI8ap_fixedILi14ELi7EL9ap_q_mode0EL9ap_o_mode3ELi0EES4_7con_1">
<pin_list>
<pin id="63" dir="1" index="0" bw="1" slack="0"/>
</pin_list>
<bind>
<StgValue><ssdm name="p_ZZN4nnet11lstm_staticI8ap_fixedILi14ELi7EL9ap_q_mode0EL9ap_o_mode3ELi0EES4_7con_1"/></StgValue>
</bind>
</comp>

<comp id="64" class="1000" name="p_ZZN4nnet11lstm_staticI8ap_fixedILi14ELi7EL9ap_q_mode0EL9ap_o_mode3ELi0EES4_7con">
<pin_list>
<pin id="65" dir="1" index="0" bw="1" slack="0"/>
</pin_list>
<bind>
<StgValue><ssdm name="p_ZZN4nnet11lstm_staticI8ap_fixedILi14ELi7EL9ap_q_mode0EL9ap_o_mode3ELi0EES4_7con"/></StgValue>
</bind>
</comp>

<comp id="66" class="1000" name="void_lstm_static_bool_ap_fixed_ap_fixed_ap_fixed_weight_t_recurrent_weight_t_19">
<pin_list>
<pin id="67" dir="1" index="0" bw="1" slack="0"/>
</pin_list>
<bind>
<StgValue><ssdm name="void_lstm_static_bool_ap_fixed_ap_fixed_ap_fixed_weight_t_recurrent_weight_t_19"/></StgValue>
</bind>
</comp>

<comp id="68" class="1000" name="void_lstm_static_bool_ap_fixed_ap_fixed_ap_fixed_weight_t_recurrent_weight_t_18">
<pin_list>
<pin id="69" dir="1" index="0" bw="1" slack="0"/>
</pin_list>
<bind>
<StgValue><ssdm name="void_lstm_static_bool_ap_fixed_ap_fixed_ap_fixed_weight_t_recurrent_weight_t_18"/></StgValue>
</bind>
</comp>

<comp id="70" class="1000" name="void_lstm_static_bool_ap_fixed_ap_fixed_ap_fixed_weight_t_recurrent_weight_t_17">
<pin_list>
<pin id="71" dir="1" index="0" bw="1" slack="0"/>
</pin_list>
<bind>
<StgValue><ssdm name="void_lstm_static_bool_ap_fixed_ap_fixed_ap_fixed_weight_t_recurrent_weight_t_17"/></StgValue>
</bind>
</comp>

<comp id="72" class="1000" name="void_lstm_static_bool_ap_fixed_ap_fixed_ap_fixed_weight_t_recurrent_weight_t_16">
<pin_list>
<pin id="73" dir="1" index="0" bw="1" slack="0"/>
</pin_list>
<bind>
<StgValue><ssdm name="void_lstm_static_bool_ap_fixed_ap_fixed_ap_fixed_weight_t_recurrent_weight_t_16"/></StgValue>
</bind>
</comp>

<comp id="74" class="1000" name="void_lstm_static_bool_ap_fixed_ap_fixed_ap_fixed_weight_t_recurrent_weight_t_15">
<pin_list>
<pin id="75" dir="1" index="0" bw="1" slack="0"/>
</pin_list>
<bind>
<StgValue><ssdm name="void_lstm_static_bool_ap_fixed_ap_fixed_ap_fixed_weight_t_recurrent_weight_t_15"/></StgValue>
</bind>
</comp>

<comp id="76" class="1000" name="void_lstm_static_bool_ap_fixed_ap_fixed_ap_fixed_weight_t_recurrent_weight_t_14">
<pin_list>
<pin id="77" dir="1" index="0" bw="1" slack="0"/>
</pin_list>
<bind>
<StgValue><ssdm name="void_lstm_static_bool_ap_fixed_ap_fixed_ap_fixed_weight_t_recurrent_weight_t_14"/></StgValue>
</bind>
</comp>

<comp id="78" class="1000" name="void_lstm_static_bool_ap_fixed_ap_fixed_ap_fixed_weight_t_recurrent_weight_t_13">
<pin_list>
<pin id="79" dir="1" index="0" bw="1" slack="0"/>
</pin_list>
<bind>
<StgValue><ssdm name="void_lstm_static_bool_ap_fixed_ap_fixed_ap_fixed_weight_t_recurrent_weight_t_13"/></StgValue>
</bind>
</comp>

<comp id="80" class="1000" name="void_lstm_static_bool_ap_fixed_ap_fixed_ap_fixed_weight_t_recurrent_weight_t_12">
<pin_list>
<pin id="81" dir="1" index="0" bw="1" slack="0"/>
</pin_list>
<bind>
<StgValue><ssdm name="void_lstm_static_bool_ap_fixed_ap_fixed_ap_fixed_weight_t_recurrent_weight_t_12"/></StgValue>
</bind>
</comp>

<comp id="82" class="1000" name="void_lstm_static_bool_ap_fixed_ap_fixed_ap_fixed_weight_t_recurrent_weight_t_11">
<pin_list>
<pin id="83" dir="1" index="0" bw="1" slack="0"/>
</pin_list>
<bind>
<StgValue><ssdm name="void_lstm_static_bool_ap_fixed_ap_fixed_ap_fixed_weight_t_recurrent_weight_t_11"/></StgValue>
</bind>
</comp>

<comp id="84" class="1000" name="void_lstm_static_bool_ap_fixed_ap_fixed_ap_fixed_weight_t_recurrent_weight_t_10">
<pin_list>
<pin id="85" dir="1" index="0" bw="1" slack="0"/>
</pin_list>
<bind>
<StgValue><ssdm name="void_lstm_static_bool_ap_fixed_ap_fixed_ap_fixed_weight_t_recurrent_weight_t_10"/></StgValue>
</bind>
</comp>

<comp id="86" class="1000" name="p_ZZN4nnet11lstm_staticI8ap_fixedILi14ELi7EL9ap_q_mode0EL9ap_o_mode3ELi0EES4_7con_43">
<pin_list>
<pin id="87" dir="1" index="0" bw="1" slack="0"/>
</pin_list>
<bind>
<StgValue><ssdm name="p_ZZN4nnet11lstm_staticI8ap_fixedILi14ELi7EL9ap_q_mode0EL9ap_o_mode3ELi0EES4_7con_43"/></StgValue>
</bind>
</comp>

<comp id="88" class="1000" name="p_ZZN4nnet11lstm_staticI8ap_fixedILi14ELi7EL9ap_q_mode0EL9ap_o_mode3ELi0EES4_7con_42">
<pin_list>
<pin id="89" dir="1" index="0" bw="1" slack="0"/>
</pin_list>
<bind>
<StgValue><ssdm name="p_ZZN4nnet11lstm_staticI8ap_fixedILi14ELi7EL9ap_q_mode0EL9ap_o_mode3ELi0EES4_7con_42"/></StgValue>
</bind>
</comp>

<comp id="90" class="1000" name="p_ZZN4nnet11lstm_staticI8ap_fixedILi14ELi7EL9ap_q_mode0EL9ap_o_mode3ELi0EES4_7con_41">
<pin_list>
<pin id="91" dir="1" index="0" bw="1" slack="0"/>
</pin_list>
<bind>
<StgValue><ssdm name="p_ZZN4nnet11lstm_staticI8ap_fixedILi14ELi7EL9ap_q_mode0EL9ap_o_mode3ELi0EES4_7con_41"/></StgValue>
</bind>
</comp>

<comp id="92" class="1000" name="p_ZZN4nnet11lstm_staticI8ap_fixedILi14ELi7EL9ap_q_mode0EL9ap_o_mode3ELi0EES4_7con_40">
<pin_list>
<pin id="93" dir="1" index="0" bw="1" slack="0"/>
</pin_list>
<bind>
<StgValue><ssdm name="p_ZZN4nnet11lstm_staticI8ap_fixedILi14ELi7EL9ap_q_mode0EL9ap_o_mode3ELi0EES4_7con_40"/></StgValue>
</bind>
</comp>

<comp id="94" class="1000" name="p_ZZN4nnet11lstm_staticI8ap_fixedILi14ELi7EL9ap_q_mode0EL9ap_o_mode3ELi0EES4_7con_39">
<pin_list>
<pin id="95" dir="1" index="0" bw="1" slack="0"/>
</pin_list>
<bind>
<StgValue><ssdm name="p_ZZN4nnet11lstm_staticI8ap_fixedILi14ELi7EL9ap_q_mode0EL9ap_o_mode3ELi0EES4_7con_39"/></StgValue>
</bind>
</comp>

<comp id="96" class="1000" name="p_ZZN4nnet11lstm_staticI8ap_fixedILi14ELi7EL9ap_q_mode0EL9ap_o_mode3ELi0EES4_7con_38">
<pin_list>
<pin id="97" dir="1" index="0" bw="1" slack="0"/>
</pin_list>
<bind>
<StgValue><ssdm name="p_ZZN4nnet11lstm_staticI8ap_fixedILi14ELi7EL9ap_q_mode0EL9ap_o_mode3ELi0EES4_7con_38"/></StgValue>
</bind>
</comp>

<comp id="98" class="1000" name="p_ZZN4nnet11lstm_staticI8ap_fixedILi14ELi7EL9ap_q_mode0EL9ap_o_mode3ELi0EES4_7con_37">
<pin_list>
<pin id="99" dir="1" index="0" bw="1" slack="0"/>
</pin_list>
<bind>
<StgValue><ssdm name="p_ZZN4nnet11lstm_staticI8ap_fixedILi14ELi7EL9ap_q_mode0EL9ap_o_mode3ELi0EES4_7con_37"/></StgValue>
</bind>
</comp>

<comp id="100" class="1000" name="p_ZZN4nnet11lstm_staticI8ap_fixedILi14ELi7EL9ap_q_mode0EL9ap_o_mode3ELi0EES4_7con_36">
<pin_list>
<pin id="101" dir="1" index="0" bw="1" slack="0"/>
</pin_list>
<bind>
<StgValue><ssdm name="p_ZZN4nnet11lstm_staticI8ap_fixedILi14ELi7EL9ap_q_mode0EL9ap_o_mode3ELi0EES4_7con_36"/></StgValue>
</bind>
</comp>

<comp id="102" class="1000" name="p_ZZN4nnet11lstm_staticI8ap_fixedILi14ELi7EL9ap_q_mode0EL9ap_o_mode3ELi0EES4_7con_35">
<pin_list>
<pin id="103" dir="1" index="0" bw="1" slack="0"/>
</pin_list>
<bind>
<StgValue><ssdm name="p_ZZN4nnet11lstm_staticI8ap_fixedILi14ELi7EL9ap_q_mode0EL9ap_o_mode3ELi0EES4_7con_35"/></StgValue>
</bind>
</comp>

<comp id="104" class="1000" name="p_ZZN4nnet11lstm_staticI8ap_fixedILi14ELi7EL9ap_q_mode0EL9ap_o_mode3ELi0EES4_7con_34">
<pin_list>
<pin id="105" dir="1" index="0" bw="1" slack="0"/>
</pin_list>
<bind>
<StgValue><ssdm name="p_ZZN4nnet11lstm_staticI8ap_fixedILi14ELi7EL9ap_q_mode0EL9ap_o_mode3ELi0EES4_7con_34"/></StgValue>
</bind>
</comp>

<comp id="106" class="1000" name="p_ZZN4nnet11lstm_staticI8ap_fixedILi14ELi7EL9ap_q_mode0EL9ap_o_mode3ELi0EES4_7con_33">
<pin_list>
<pin id="107" dir="1" index="0" bw="1" slack="0"/>
</pin_list>
<bind>
<StgValue><ssdm name="p_ZZN4nnet11lstm_staticI8ap_fixedILi14ELi7EL9ap_q_mode0EL9ap_o_mode3ELi0EES4_7con_33"/></StgValue>
</bind>
</comp>

<comp id="108" class="1000" name="p_ZZN4nnet11lstm_staticI8ap_fixedILi14ELi7EL9ap_q_mode0EL9ap_o_mode3ELi0EES4_7con_32">
<pin_list>
<pin id="109" dir="1" index="0" bw="1" slack="0"/>
</pin_list>
<bind>
<StgValue><ssdm name="p_ZZN4nnet11lstm_staticI8ap_fixedILi14ELi7EL9ap_q_mode0EL9ap_o_mode3ELi0EES4_7con_32"/></StgValue>
</bind>
</comp>

<comp id="110" class="1000" name="p_ZZN4nnet11lstm_staticI8ap_fixedILi14ELi7EL9ap_q_mode0EL9ap_o_mode3ELi0EES4_7con_31">
<pin_list>
<pin id="111" dir="1" index="0" bw="1" slack="0"/>
</pin_list>
<bind>
<StgValue><ssdm name="p_ZZN4nnet11lstm_staticI8ap_fixedILi14ELi7EL9ap_q_mode0EL9ap_o_mode3ELi0EES4_7con_31"/></StgValue>
</bind>
</comp>

<comp id="112" class="1000" name="p_ZZN4nnet11lstm_staticI8ap_fixedILi14ELi7EL9ap_q_mode0EL9ap_o_mode3ELi0EES4_7con_30">
<pin_list>
<pin id="113" dir="1" index="0" bw="1" slack="0"/>
</pin_list>
<bind>
<StgValue><ssdm name="p_ZZN4nnet11lstm_staticI8ap_fixedILi14ELi7EL9ap_q_mode0EL9ap_o_mode3ELi0EES4_7con_30"/></StgValue>
</bind>
</comp>

<comp id="114" class="1000" name="p_ZZN4nnet11lstm_staticI8ap_fixedILi14ELi7EL9ap_q_mode0EL9ap_o_mode3ELi0EES4_7con_29">
<pin_list>
<pin id="115" dir="1" index="0" bw="1" slack="0"/>
</pin_list>
<bind>
<StgValue><ssdm name="p_ZZN4nnet11lstm_staticI8ap_fixedILi14ELi7EL9ap_q_mode0EL9ap_o_mode3ELi0EES4_7con_29"/></StgValue>
</bind>
</comp>

<comp id="116" class="1000" name="p_ZZN4nnet11lstm_staticI8ap_fixedILi14ELi7EL9ap_q_mode0EL9ap_o_mode3ELi0EES4_7con_28">
<pin_list>
<pin id="117" dir="1" index="0" bw="1" slack="0"/>
</pin_list>
<bind>
<StgValue><ssdm name="p_ZZN4nnet11lstm_staticI8ap_fixedILi14ELi7EL9ap_q_mode0EL9ap_o_mode3ELi0EES4_7con_28"/></StgValue>
</bind>
</comp>

<comp id="118" class="1000" name="p_ZZN4nnet11lstm_staticI8ap_fixedILi14ELi7EL9ap_q_mode0EL9ap_o_mode3ELi0EES4_7con_27">
<pin_list>
<pin id="119" dir="1" index="0" bw="1" slack="0"/>
</pin_list>
<bind>
<StgValue><ssdm name="p_ZZN4nnet11lstm_staticI8ap_fixedILi14ELi7EL9ap_q_mode0EL9ap_o_mode3ELi0EES4_7con_27"/></StgValue>
</bind>
</comp>

<comp id="120" class="1000" name="p_ZZN4nnet11lstm_staticI8ap_fixedILi14ELi7EL9ap_q_mode0EL9ap_o_mode3ELi0EES4_7con_26">
<pin_list>
<pin id="121" dir="1" index="0" bw="1" slack="0"/>
</pin_list>
<bind>
<StgValue><ssdm name="p_ZZN4nnet11lstm_staticI8ap_fixedILi14ELi7EL9ap_q_mode0EL9ap_o_mode3ELi0EES4_7con_26"/></StgValue>
</bind>
</comp>

<comp id="122" class="1000" name="p_ZZN4nnet11lstm_staticI8ap_fixedILi14ELi7EL9ap_q_mode0EL9ap_o_mode3ELi0EES4_7con_25">
<pin_list>
<pin id="123" dir="1" index="0" bw="1" slack="0"/>
</pin_list>
<bind>
<StgValue><ssdm name="p_ZZN4nnet11lstm_staticI8ap_fixedILi14ELi7EL9ap_q_mode0EL9ap_o_mode3ELi0EES4_7con_25"/></StgValue>
</bind>
</comp>

<comp id="124" class="1000" name="p_ZZN4nnet11lstm_staticI8ap_fixedILi14ELi7EL9ap_q_mode0EL9ap_o_mode3ELi0EES4_7con_24">
<pin_list>
<pin id="125" dir="1" index="0" bw="1" slack="0"/>
</pin_list>
<bind>
<StgValue><ssdm name="p_ZZN4nnet11lstm_staticI8ap_fixedILi14ELi7EL9ap_q_mode0EL9ap_o_mode3ELi0EES4_7con_24"/></StgValue>
</bind>
</comp>

<comp id="126" class="1000" name="p_ZZN4nnet11lstm_staticI8ap_fixedILi14ELi7EL9ap_q_mode0EL9ap_o_mode3ELi0EES4_7con_23">
<pin_list>
<pin id="127" dir="1" index="0" bw="1" slack="0"/>
</pin_list>
<bind>
<StgValue><ssdm name="p_ZZN4nnet11lstm_staticI8ap_fixedILi14ELi7EL9ap_q_mode0EL9ap_o_mode3ELi0EES4_7con_23"/></StgValue>
</bind>
</comp>

<comp id="128" class="1000" name="p_ZZN4nnet11lstm_staticI8ap_fixedILi14ELi7EL9ap_q_mode0EL9ap_o_mode3ELi0EES4_7con_22">
<pin_list>
<pin id="129" dir="1" index="0" bw="1" slack="0"/>
</pin_list>
<bind>
<StgValue><ssdm name="p_ZZN4nnet11lstm_staticI8ap_fixedILi14ELi7EL9ap_q_mode0EL9ap_o_mode3ELi0EES4_7con_22"/></StgValue>
</bind>
</comp>

<comp id="130" class="1000" name="outidx">
<pin_list>
<pin id="131" dir="1" index="0" bw="1" slack="0"/>
</pin_list>
<bind>
<StgValue><ssdm name="outidx"/><MemPortTyVec>1 </MemPortTyVec>
</StgValue>
</bind>
</comp>

<comp id="132" class="1000" name="w2">
<pin_list>
<pin id="133" dir="1" index="0" bw="1" slack="0"/>
</pin_list>
<bind>
<StgValue><ssdm name="w2"/><MemPortTyVec>1 </MemPortTyVec>
</StgValue>
</bind>
</comp>

<comp id="134" class="1000" name="outidx_4">
<pin_list>
<pin id="135" dir="1" index="0" bw="1" slack="0"/>
</pin_list>
<bind>
<StgValue><ssdm name="outidx_4"/><MemPortTyVec>1 </MemPortTyVec>
</StgValue>
</bind>
</comp>

<comp id="136" class="1000" name="wr2">
<pin_list>
<pin id="137" dir="1" index="0" bw="1" slack="0"/>
</pin_list>
<bind>
<StgValue><ssdm name="wr2"/><MemPortTyVec>1 </MemPortTyVec>
</StgValue>
</bind>
</comp>

<comp id="138" class="1000" name="sigmoid_table">
<pin_list>
<pin id="139" dir="1" index="0" bw="1" slack="0"/>
</pin_list>
<bind>
<StgValue><ssdm name="sigmoid_table"/><MemPortTyVec>1 1 1 1 1 1 1 1 1 1 1 1 1 1 1 1 1 1 1 1 1 1 1 1 1 1 1 1 1 1 1 1 1 1 1 1 1 1 1 1 1 1 1 1 1 1 1 1 1 1 1 1 1 1 1 1 1 1 1 1 1 1 1 1 1 1 1 1 1 1 1 1 1 1 1 1 1 1 1 1 1 1 1 1 1 1 1 1 1 1 1 1 1 1 1 1 </MemPortTyVec>
</StgValue>
</bind>
</comp>

<comp id="140" class="1000" name="tanh_table">
<pin_list>
<pin id="141" dir="1" index="0" bw="1" slack="0"/>
</pin_list>
<bind>
<StgValue><ssdm name="tanh_table"/><MemPortTyVec>1 1 1 1 1 1 1 1 1 1 1 1 1 1 1 1 1 1 1 1 1 1 1 1 1 1 1 1 1 1 1 1 </MemPortTyVec>
</StgValue>
</bind>
</comp>

<comp id="142" class="1001" name="const_142">
<pin_list>
<pin id="143" dir="1" index="0" bw="1" slack="0"/>
</pin_list>
<bind>
<StgValue><ssdm name=""/></StgValue>
</bind>
</comp>

<comp id="144" class="1001" name="const_144">
<pin_list>
<pin id="145" dir="1" index="0" bw="1" slack="0"/>
</pin_list>
<bind>
<StgValue><ssdm name=""/></StgValue>
</bind>
</comp>

<comp id="146" class="1001" name="const_146">
<pin_list>
<pin id="147" dir="1" index="0" bw="1" slack="0"/>
</pin_list>
<bind>
<StgValue><ssdm name="_ssdm_op_Read.ap_auto.i448P0A"/></StgValue>
</bind>
</comp>

<comp id="148" class="1001" name="const_148">
<pin_list>
<pin id="149" dir="1" index="0" bw="1" slack="0"/>
</pin_list>
<bind>
<StgValue><ssdm name=""/></StgValue>
</bind>
</comp>

<comp id="150" class="1001" name="const_150">
<pin_list>
<pin id="151" dir="1" index="0" bw="1" slack="0"/>
</pin_list>
<bind>
<StgValue><ssdm name=""/></StgValue>
</bind>
</comp>

<comp id="152" class="1001" name="const_152">
<pin_list>
<pin id="153" dir="1" index="0" bw="1" slack="0"/>
</pin_list>
<bind>
<StgValue><ssdm name=""/></StgValue>
</bind>
</comp>

<comp id="154" class="1001" name="const_154">
<pin_list>
<pin id="155" dir="1" index="0" bw="1" slack="0"/>
</pin_list>
<bind>
<StgValue><ssdm name=""/></StgValue>
</bind>
</comp>

<comp id="156" class="1001" name="const_156">
<pin_list>
<pin id="157" dir="1" index="0" bw="1" slack="0"/>
</pin_list>
<bind>
<StgValue><ssdm name=""/></StgValue>
</bind>
</comp>

<comp id="158" class="1001" name="const_158">
<pin_list>
<pin id="159" dir="1" index="0" bw="1" slack="0"/>
</pin_list>
<bind>
<StgValue><ssdm name=""/></StgValue>
</bind>
</comp>

<comp id="160" class="1001" name="const_160">
<pin_list>
<pin id="161" dir="1" index="0" bw="1" slack="0"/>
</pin_list>
<bind>
<StgValue><ssdm name=""/></StgValue>
</bind>
</comp>

<comp id="162" class="1001" name="const_162">
<pin_list>
<pin id="163" dir="1" index="0" bw="1" slack="0"/>
</pin_list>
<bind>
<StgValue><ssdm name=""/></StgValue>
</bind>
</comp>

<comp id="164" class="1001" name="const_164">
<pin_list>
<pin id="165" dir="1" index="0" bw="1" slack="0"/>
</pin_list>
<bind>
<StgValue><ssdm name=""/></StgValue>
</bind>
</comp>

<comp id="166" class="1001" name="const_166">
<pin_list>
<pin id="167" dir="1" index="0" bw="1" slack="1"/>
</pin_list>
<bind>
<StgValue><ssdm name=""/></StgValue>
</bind>
</comp>

<comp id="168" class="1001" name="const_168">
<pin_list>
<pin id="169" dir="1" index="0" bw="1" slack="1"/>
</pin_list>
<bind>
<StgValue><ssdm name=""/></StgValue>
</bind>
</comp>

<comp id="170" class="1001" name="const_170">
<pin_list>
<pin id="171" dir="1" index="0" bw="1" slack="0"/>
</pin_list>
<bind>
<StgValue><ssdm name=""/></StgValue>
</bind>
</comp>

<comp id="172" class="1001" name="const_172">
<pin_list>
<pin id="173" dir="1" index="0" bw="1" slack="0"/>
</pin_list>
<bind>
<StgValue><ssdm name=""/></StgValue>
</bind>
</comp>

<comp id="174" class="1001" name="const_174">
<pin_list>
<pin id="175" dir="1" index="0" bw="1" slack="0"/>
</pin_list>
<bind>
<StgValue><ssdm name="_ssdm_op_BitConcatenate.i9.i2.i7"/></StgValue>
</bind>
</comp>

<comp id="176" class="1001" name="const_176">
<pin_list>
<pin id="177" dir="1" index="0" bw="1" slack="0"/>
</pin_list>
<bind>
<StgValue><ssdm name=""/></StgValue>
</bind>
</comp>

<comp id="178" class="1001" name="const_178">
<pin_list>
<pin id="179" dir="1" index="0" bw="1" slack="0"/>
</pin_list>
<bind>
<StgValue><ssdm name="_ssdm_op_BitConcatenate.i7.i3.i4"/></StgValue>
</bind>
</comp>

<comp id="180" class="1001" name="const_180">
<pin_list>
<pin id="181" dir="1" index="0" bw="1" slack="0"/>
</pin_list>
<bind>
<StgValue><ssdm name=""/></StgValue>
</bind>
</comp>

<comp id="182" class="1001" name="const_182">
<pin_list>
<pin id="183" dir="1" index="0" bw="1" slack="0"/>
</pin_list>
<bind>
<StgValue><ssdm name="_ssdm_op_PartSelect.i5.i9.i32.i32"/></StgValue>
</bind>
</comp>

<comp id="184" class="1001" name="const_184">
<pin_list>
<pin id="185" dir="1" index="0" bw="1" slack="0"/>
</pin_list>
<bind>
<StgValue><ssdm name=""/></StgValue>
</bind>
</comp>

<comp id="186" class="1001" name="const_186">
<pin_list>
<pin id="187" dir="1" index="0" bw="1" slack="0"/>
</pin_list>
<bind>
<StgValue><ssdm name=""/></StgValue>
</bind>
</comp>

<comp id="188" class="1001" name="const_188">
<pin_list>
<pin id="189" dir="1" index="0" bw="1" slack="0"/>
</pin_list>
<bind>
<StgValue><ssdm name=""/></StgValue>
</bind>
</comp>

<comp id="190" class="1001" name="const_190">
<pin_list>
<pin id="191" dir="1" index="0" bw="1" slack="0"/>
</pin_list>
<bind>
<StgValue><ssdm name="_ssdm_op_PartSelect.i14.i448.i9"/></StgValue>
</bind>
</comp>

<comp id="192" class="1001" name="const_192">
<pin_list>
<pin id="193" dir="1" index="0" bw="1" slack="0"/>
</pin_list>
<bind>
<StgValue><ssdm name="_ssdm_op_BitConcatenate.i9.i5.i4"/></StgValue>
</bind>
</comp>

<comp id="194" class="1001" name="const_194">
<pin_list>
<pin id="195" dir="1" index="0" bw="1" slack="0"/>
</pin_list>
<bind>
<StgValue><ssdm name=""/></StgValue>
</bind>
</comp>

<comp id="196" class="1001" name="const_196">
<pin_list>
<pin id="197" dir="1" index="0" bw="1" slack="0"/>
</pin_list>
<bind>
<StgValue><ssdm name=""/></StgValue>
</bind>
</comp>

<comp id="198" class="1001" name="const_198">
<pin_list>
<pin id="199" dir="1" index="0" bw="1" slack="0"/>
</pin_list>
<bind>
<StgValue><ssdm name=""/></StgValue>
</bind>
</comp>

<comp id="200" class="1001" name="const_200">
<pin_list>
<pin id="201" dir="1" index="0" bw="1" slack="0"/>
</pin_list>
<bind>
<StgValue><ssdm name=""/></StgValue>
</bind>
</comp>

<comp id="202" class="1001" name="const_202">
<pin_list>
<pin id="203" dir="1" index="0" bw="1" slack="0"/>
</pin_list>
<bind>
<StgValue><ssdm name=""/></StgValue>
</bind>
</comp>

<comp id="204" class="1001" name="const_204">
<pin_list>
<pin id="205" dir="1" index="0" bw="1" slack="0"/>
</pin_list>
<bind>
<StgValue><ssdm name=""/></StgValue>
</bind>
</comp>

<comp id="206" class="1001" name="const_206">
<pin_list>
<pin id="207" dir="1" index="0" bw="1" slack="0"/>
</pin_list>
<bind>
<StgValue><ssdm name=""/></StgValue>
</bind>
</comp>

<comp id="208" class="1001" name="const_208">
<pin_list>
<pin id="209" dir="1" index="0" bw="1" slack="0"/>
</pin_list>
<bind>
<StgValue><ssdm name="lstm_static<ap_fixed<14, 7, 0, 3, 0>, ap_fixed<14, 7, 0, 3, 0>, config2, false>"/></StgValue>
</bind>
</comp>

<comp id="210" class="1001" name="const_210">
<pin_list>
<pin id="211" dir="1" index="0" bw="1" slack="2147483647"/>
</pin_list>
<bind>
<StgValue><ssdm name="_ssdm_op_SpecLoopTripCount"/></StgValue>
</bind>
</comp>

<comp id="212" class="1001" name="const_212">
<pin_list>
<pin id="213" dir="1" index="0" bw="1" slack="2147483647"/>
</pin_list>
<bind>
<StgValue><ssdm name="_ssdm_op_SpecLoopName"/></StgValue>
</bind>
</comp>

<comp id="214" class="1001" name="const_214">
<pin_list>
<pin id="215" dir="1" index="0" bw="1" slack="2147483647"/>
</pin_list>
<bind>
<StgValue><ssdm name="empty_0"/></StgValue>
</bind>
</comp>

<comp id="216" class="1004" name="iloop_fu_216">
<pin_list>
<pin id="217" dir="0" index="0" bw="1" slack="0"/>
<pin id="218" dir="1" index="1" bw="3" slack="0"/>
</pin_list>
<bind>
<opcode="alloca(26) " fcode="alloca"/>
<opset="iloop/1 "/>
</bind>
</comp>

<comp id="220" class="1004" name="layer2_out_0_0_fu_220">
<pin_list>
<pin id="221" dir="0" index="0" bw="1" slack="0"/>
<pin id="222" dir="1" index="1" bw="14" slack="0"/>
</pin_list>
<bind>
<opcode="alloca(26) " fcode="alloca"/>
<opset="layer2_out_0_0/1 "/>
</bind>
</comp>

<comp id="224" class="1004" name="layer2_out_1_0_fu_224">
<pin_list>
<pin id="225" dir="0" index="0" bw="1" slack="0"/>
<pin id="226" dir="1" index="1" bw="14" slack="0"/>
</pin_list>
<bind>
<opcode="alloca(26) " fcode="alloca"/>
<opset="layer2_out_1_0/1 "/>
</bind>
</comp>

<comp id="228" class="1004" name="layer2_out_2_0_fu_228">
<pin_list>
<pin id="229" dir="0" index="0" bw="1" slack="0"/>
<pin id="230" dir="1" index="1" bw="14" slack="0"/>
</pin_list>
<bind>
<opcode="alloca(26) " fcode="alloca"/>
<opset="layer2_out_2_0/1 "/>
</bind>
</comp>

<comp id="232" class="1004" name="layer2_out_3_0_fu_232">
<pin_list>
<pin id="233" dir="0" index="0" bw="1" slack="0"/>
<pin id="234" dir="1" index="1" bw="14" slack="0"/>
</pin_list>
<bind>
<opcode="alloca(26) " fcode="alloca"/>
<opset="layer2_out_3_0/1 "/>
</bind>
</comp>

<comp id="236" class="1004" name="layer2_out_4_0_fu_236">
<pin_list>
<pin id="237" dir="0" index="0" bw="1" slack="0"/>
<pin id="238" dir="1" index="1" bw="14" slack="0"/>
</pin_list>
<bind>
<opcode="alloca(26) " fcode="alloca"/>
<opset="layer2_out_4_0/1 "/>
</bind>
</comp>

<comp id="240" class="1004" name="layer2_out_5_0_fu_240">
<pin_list>
<pin id="241" dir="0" index="0" bw="1" slack="0"/>
<pin id="242" dir="1" index="1" bw="14" slack="0"/>
</pin_list>
<bind>
<opcode="alloca(26) " fcode="alloca"/>
<opset="layer2_out_5_0/1 "/>
</bind>
</comp>

<comp id="244" class="1004" name="layer2_out_6_0_fu_244">
<pin_list>
<pin id="245" dir="0" index="0" bw="1" slack="0"/>
<pin id="246" dir="1" index="1" bw="14" slack="0"/>
</pin_list>
<bind>
<opcode="alloca(26) " fcode="alloca"/>
<opset="layer2_out_6_0/1 "/>
</bind>
</comp>

<comp id="248" class="1004" name="layer2_out_7_0_fu_248">
<pin_list>
<pin id="249" dir="0" index="0" bw="1" slack="0"/>
<pin id="250" dir="1" index="1" bw="14" slack="0"/>
</pin_list>
<bind>
<opcode="alloca(26) " fcode="alloca"/>
<opset="layer2_out_7_0/1 "/>
</bind>
</comp>

<comp id="252" class="1004" name="layer2_out_8_0_fu_252">
<pin_list>
<pin id="253" dir="0" index="0" bw="1" slack="0"/>
<pin id="254" dir="1" index="1" bw="14" slack="0"/>
</pin_list>
<bind>
<opcode="alloca(26) " fcode="alloca"/>
<opset="layer2_out_8_0/1 "/>
</bind>
</comp>

<comp id="256" class="1004" name="layer2_out_9_0_fu_256">
<pin_list>
<pin id="257" dir="0" index="0" bw="1" slack="0"/>
<pin id="258" dir="1" index="1" bw="14" slack="0"/>
</pin_list>
<bind>
<opcode="alloca(26) " fcode="alloca"/>
<opset="layer2_out_9_0/1 "/>
</bind>
</comp>

<comp id="260" class="1004" name="layer2_out_10_0_fu_260">
<pin_list>
<pin id="261" dir="0" index="0" bw="1" slack="0"/>
<pin id="262" dir="1" index="1" bw="14" slack="0"/>
</pin_list>
<bind>
<opcode="alloca(26) " fcode="alloca"/>
<opset="layer2_out_10_0/1 "/>
</bind>
</comp>

<comp id="264" class="1004" name="layer2_out_11_0_fu_264">
<pin_list>
<pin id="265" dir="0" index="0" bw="1" slack="0"/>
<pin id="266" dir="1" index="1" bw="14" slack="0"/>
</pin_list>
<bind>
<opcode="alloca(26) " fcode="alloca"/>
<opset="layer2_out_11_0/1 "/>
</bind>
</comp>

<comp id="268" class="1004" name="layer2_out_12_0_fu_268">
<pin_list>
<pin id="269" dir="0" index="0" bw="1" slack="0"/>
<pin id="270" dir="1" index="1" bw="14" slack="0"/>
</pin_list>
<bind>
<opcode="alloca(26) " fcode="alloca"/>
<opset="layer2_out_12_0/1 "/>
</bind>
</comp>

<comp id="272" class="1004" name="layer2_out_13_0_fu_272">
<pin_list>
<pin id="273" dir="0" index="0" bw="1" slack="0"/>
<pin id="274" dir="1" index="1" bw="14" slack="0"/>
</pin_list>
<bind>
<opcode="alloca(26) " fcode="alloca"/>
<opset="layer2_out_13_0/1 "/>
</bind>
</comp>

<comp id="276" class="1004" name="layer2_out_1445_0_fu_276">
<pin_list>
<pin id="277" dir="0" index="0" bw="1" slack="0"/>
<pin id="278" dir="1" index="1" bw="14" slack="0"/>
</pin_list>
<bind>
<opcode="alloca(26) " fcode="alloca"/>
<opset="layer2_out_1445_0/1 "/>
</bind>
</comp>

<comp id="280" class="1004" name="layer2_out_15_0_fu_280">
<pin_list>
<pin id="281" dir="0" index="0" bw="1" slack="0"/>
<pin id="282" dir="1" index="1" bw="14" slack="0"/>
</pin_list>
<bind>
<opcode="alloca(26) " fcode="alloca"/>
<opset="layer2_out_15_0/1 "/>
</bind>
</comp>

<comp id="284" class="1004" name="layer2_out_16_0_fu_284">
<pin_list>
<pin id="285" dir="0" index="0" bw="1" slack="0"/>
<pin id="286" dir="1" index="1" bw="14" slack="0"/>
</pin_list>
<bind>
<opcode="alloca(26) " fcode="alloca"/>
<opset="layer2_out_16_0/1 "/>
</bind>
</comp>

<comp id="288" class="1004" name="layer2_out_17_0_fu_288">
<pin_list>
<pin id="289" dir="0" index="0" bw="1" slack="0"/>
<pin id="290" dir="1" index="1" bw="14" slack="0"/>
</pin_list>
<bind>
<opcode="alloca(26) " fcode="alloca"/>
<opset="layer2_out_17_0/1 "/>
</bind>
</comp>

<comp id="292" class="1004" name="layer2_out_18_0_fu_292">
<pin_list>
<pin id="293" dir="0" index="0" bw="1" slack="0"/>
<pin id="294" dir="1" index="1" bw="14" slack="0"/>
</pin_list>
<bind>
<opcode="alloca(26) " fcode="alloca"/>
<opset="layer2_out_18_0/1 "/>
</bind>
</comp>

<comp id="296" class="1004" name="layer2_out_19_0_fu_296">
<pin_list>
<pin id="297" dir="0" index="0" bw="1" slack="0"/>
<pin id="298" dir="1" index="1" bw="14" slack="0"/>
</pin_list>
<bind>
<opcode="alloca(26) " fcode="alloca"/>
<opset="layer2_out_19_0/1 "/>
</bind>
</comp>

<comp id="300" class="1004" name="layer2_out_20_0_fu_300">
<pin_list>
<pin id="301" dir="0" index="0" bw="1" slack="0"/>
<pin id="302" dir="1" index="1" bw="14" slack="0"/>
</pin_list>
<bind>
<opcode="alloca(26) " fcode="alloca"/>
<opset="layer2_out_20_0/1 "/>
</bind>
</comp>

<comp id="304" class="1004" name="layer2_out_21_0_fu_304">
<pin_list>
<pin id="305" dir="0" index="0" bw="1" slack="0"/>
<pin id="306" dir="1" index="1" bw="14" slack="0"/>
</pin_list>
<bind>
<opcode="alloca(26) " fcode="alloca"/>
<opset="layer2_out_21_0/1 "/>
</bind>
</comp>

<comp id="308" class="1004" name="layer2_out_22_0_fu_308">
<pin_list>
<pin id="309" dir="0" index="0" bw="1" slack="0"/>
<pin id="310" dir="1" index="1" bw="14" slack="0"/>
</pin_list>
<bind>
<opcode="alloca(26) " fcode="alloca"/>
<opset="layer2_out_22_0/1 "/>
</bind>
</comp>

<comp id="312" class="1004" name="layer2_out_23_0_fu_312">
<pin_list>
<pin id="313" dir="0" index="0" bw="1" slack="0"/>
<pin id="314" dir="1" index="1" bw="14" slack="0"/>
</pin_list>
<bind>
<opcode="alloca(26) " fcode="alloca"/>
<opset="layer2_out_23_0/1 "/>
</bind>
</comp>

<comp id="316" class="1004" name="layer2_out_24_0_fu_316">
<pin_list>
<pin id="317" dir="0" index="0" bw="1" slack="0"/>
<pin id="318" dir="1" index="1" bw="14" slack="0"/>
</pin_list>
<bind>
<opcode="alloca(26) " fcode="alloca"/>
<opset="layer2_out_24_0/1 "/>
</bind>
</comp>

<comp id="320" class="1004" name="layer2_out_25_0_fu_320">
<pin_list>
<pin id="321" dir="0" index="0" bw="1" slack="0"/>
<pin id="322" dir="1" index="1" bw="14" slack="0"/>
</pin_list>
<bind>
<opcode="alloca(26) " fcode="alloca"/>
<opset="layer2_out_25_0/1 "/>
</bind>
</comp>

<comp id="324" class="1004" name="layer2_out_26_0_fu_324">
<pin_list>
<pin id="325" dir="0" index="0" bw="1" slack="0"/>
<pin id="326" dir="1" index="1" bw="14" slack="0"/>
</pin_list>
<bind>
<opcode="alloca(26) " fcode="alloca"/>
<opset="layer2_out_26_0/1 "/>
</bind>
</comp>

<comp id="328" class="1004" name="layer2_out_2786_0_fu_328">
<pin_list>
<pin id="329" dir="0" index="0" bw="1" slack="0"/>
<pin id="330" dir="1" index="1" bw="14" slack="0"/>
</pin_list>
<bind>
<opcode="alloca(26) " fcode="alloca"/>
<opset="layer2_out_2786_0/1 "/>
</bind>
</comp>

<comp id="332" class="1004" name="layer2_out_28_0_fu_332">
<pin_list>
<pin id="333" dir="0" index="0" bw="1" slack="0"/>
<pin id="334" dir="1" index="1" bw="14" slack="0"/>
</pin_list>
<bind>
<opcode="alloca(26) " fcode="alloca"/>
<opset="layer2_out_28_0/1 "/>
</bind>
</comp>

<comp id="336" class="1004" name="layer2_out_29_0_fu_336">
<pin_list>
<pin id="337" dir="0" index="0" bw="1" slack="0"/>
<pin id="338" dir="1" index="1" bw="14" slack="0"/>
</pin_list>
<bind>
<opcode="alloca(26) " fcode="alloca"/>
<opset="layer2_out_29_0/1 "/>
</bind>
</comp>

<comp id="340" class="1004" name="layer2_out_30_0_fu_340">
<pin_list>
<pin id="341" dir="0" index="0" bw="1" slack="0"/>
<pin id="342" dir="1" index="1" bw="14" slack="0"/>
</pin_list>
<bind>
<opcode="alloca(26) " fcode="alloca"/>
<opset="layer2_out_30_0/1 "/>
</bind>
</comp>

<comp id="344" class="1004" name="layer2_out_31_0_fu_344">
<pin_list>
<pin id="345" dir="0" index="0" bw="1" slack="0"/>
<pin id="346" dir="1" index="1" bw="14" slack="0"/>
</pin_list>
<bind>
<opcode="alloca(26) " fcode="alloca"/>
<opset="layer2_out_31_0/1 "/>
</bind>
</comp>

<comp id="348" class="1004" name="data_in_alloca_fu_348">
<pin_list>
<pin id="349" dir="0" index="0" bw="1" slack="0"/>
<pin id="350" dir="1" index="1" bw="14" slack="0"/>
</pin_list>
<bind>
<opcode="alloca(26) " fcode="alloca"/>
<opset="data_in/1 "/>
</bind>
</comp>

<comp id="352" class="1004" name="input_layer_read_read_fu_352">
<pin_list>
<pin id="353" dir="0" index="0" bw="448" slack="0"/>
<pin id="354" dir="0" index="1" bw="448" slack="0"/>
<pin id="355" dir="1" index="2" bw="448" slack="2"/>
</pin_list>
<bind>
<opcode="read(1150) " fcode="read"/>
<opset="input_layer_read/1 "/>
</bind>
</comp>

<comp id="358" class="1004" name="data_in_addr_gep_fu_358">
<pin_list>
<pin id="359" dir="0" index="0" bw="14" slack="0"/>
<pin id="360" dir="0" index="1" bw="1" slack="0"/>
<pin id="361" dir="0" index="2" bw="1" slack="0"/>
<pin id="362" dir="1" index="3" bw="3" slack="4"/>
</pin_list>
<bind>
<opcode="getelementptr(29) " fcode="getelementptr"/>
<opset="data_in_addr/1 "/>
</bind>
</comp>

<comp id="366" class="1004" name="data_in_addr_1_gep_fu_366">
<pin_list>
<pin id="367" dir="0" index="0" bw="14" slack="0"/>
<pin id="368" dir="0" index="1" bw="1" slack="0"/>
<pin id="369" dir="0" index="2" bw="1" slack="0"/>
<pin id="370" dir="1" index="3" bw="3" slack="4"/>
</pin_list>
<bind>
<opcode="getelementptr(29) " fcode="getelementptr"/>
<opset="data_in_addr_1/1 "/>
</bind>
</comp>

<comp id="374" class="1004" name="data_in_addr_2_gep_fu_374">
<pin_list>
<pin id="375" dir="0" index="0" bw="14" slack="0"/>
<pin id="376" dir="0" index="1" bw="1" slack="0"/>
<pin id="377" dir="0" index="2" bw="3" slack="0"/>
<pin id="378" dir="1" index="3" bw="3" slack="5"/>
</pin_list>
<bind>
<opcode="getelementptr(29) " fcode="getelementptr"/>
<opset="data_in_addr_2/1 "/>
</bind>
</comp>

<comp id="382" class="1004" name="data_in_addr_3_gep_fu_382">
<pin_list>
<pin id="383" dir="0" index="0" bw="14" slack="0"/>
<pin id="384" dir="0" index="1" bw="1" slack="0"/>
<pin id="385" dir="0" index="2" bw="3" slack="0"/>
<pin id="386" dir="1" index="3" bw="3" slack="5"/>
</pin_list>
<bind>
<opcode="getelementptr(29) " fcode="getelementptr"/>
<opset="data_in_addr_3/1 "/>
</bind>
</comp>

<comp id="390" class="1004" name="data_in_addr_4_gep_fu_390">
<pin_list>
<pin id="391" dir="0" index="0" bw="14" slack="0"/>
<pin id="392" dir="0" index="1" bw="1" slack="0"/>
<pin id="393" dir="0" index="2" bw="4" slack="0"/>
<pin id="394" dir="1" index="3" bw="3" slack="6"/>
</pin_list>
<bind>
<opcode="getelementptr(29) " fcode="getelementptr"/>
<opset="data_in_addr_4/1 "/>
</bind>
</comp>

<comp id="398" class="1004" name="data_in_addr_5_gep_fu_398">
<pin_list>
<pin id="399" dir="0" index="0" bw="14" slack="0"/>
<pin id="400" dir="0" index="1" bw="1" slack="0"/>
<pin id="401" dir="0" index="2" bw="4" slack="0"/>
<pin id="402" dir="1" index="3" bw="3" slack="6"/>
</pin_list>
<bind>
<opcode="getelementptr(29) " fcode="getelementptr"/>
<opset="data_in_addr_5/1 "/>
</bind>
</comp>

<comp id="406" class="1004" name="data_in_addr_6_gep_fu_406">
<pin_list>
<pin id="407" dir="0" index="0" bw="14" slack="0"/>
<pin id="408" dir="0" index="1" bw="1" slack="0"/>
<pin id="409" dir="0" index="2" bw="4" slack="0"/>
<pin id="410" dir="1" index="3" bw="3" slack="7"/>
</pin_list>
<bind>
<opcode="getelementptr(29) " fcode="getelementptr"/>
<opset="data_in_addr_6/1 "/>
</bind>
</comp>

<comp id="414" class="1004" name="data_in_addr_7_gep_fu_414">
<pin_list>
<pin id="415" dir="0" index="0" bw="14" slack="0"/>
<pin id="416" dir="0" index="1" bw="1" slack="0"/>
<pin id="417" dir="0" index="2" bw="4" slack="0"/>
<pin id="418" dir="1" index="3" bw="3" slack="7"/>
</pin_list>
<bind>
<opcode="getelementptr(29) " fcode="getelementptr"/>
<opset="data_in_addr_7/1 "/>
</bind>
</comp>

<comp id="422" class="1004" name="grp_access_fu_422">
<pin_list>
<pin id="423" dir="0" index="0" bw="3" slack="4"/>
<pin id="424" dir="0" index="1" bw="14" slack="1"/>
<pin id="425" dir="0" index="2" bw="0" slack="4"/>
<pin id="427" dir="0" index="4" bw="3" slack="1"/>
<pin id="428" dir="0" index="5" bw="14" slack="2147483647"/>
<pin id="429" dir="0" index="6" bw="0" slack="2147483647"/>
<pin id="426" dir="1" index="3" bw="14" slack="2147483647"/>
<pin id="430" dir="1" index="7" bw="14" slack="2147483647"/>
</pin_list>
<bind>
<opcode="store(28) " fcode="store"/>
<opset="store_ln245/5 store_ln245/5 store_ln245/6 store_ln245/6 store_ln245/7 store_ln245/7 store_ln245/8 store_ln245/8 "/>
</bind>
</comp>

<comp id="431" class="1005" name="reset_state_reg_431">
<pin_list>
<pin id="432" dir="0" index="0" bw="1" slack="1"/>
<pin id="433" dir="1" index="1" bw="1" slack="1"/>
</pin_list>
<bind>
<opset="reset_state (phireg) "/>
</bind>
</comp>

<comp id="436" class="1004" name="reset_state_phi_fu_436">
<pin_list>
<pin id="437" dir="0" index="0" bw="1" slack="1"/>
<pin id="438" dir="0" index="1" bw="0" slack="2147483647"/>
<pin id="439" dir="0" index="2" bw="1" slack="1"/>
<pin id="440" dir="0" index="3" bw="0" slack="2147483647"/>
<pin id="441" dir="1" index="4" bw="1" slack="7"/>
</pin_list>
<bind>
<opcode="phi(47) " fcode="phi"/>
<opset="reset_state/2 "/>
</bind>
</comp>

<comp id="445" class="1004" name="grp_lstm_static_ap_fixed_14_7_0_3_0_ap_fixed_14_7_0_3_0_config2_false_s_fu_445">
<pin_list>
<pin id="446" dir="0" index="0" bw="448" slack="0"/>
<pin id="447" dir="0" index="1" bw="1" slack="7"/>
<pin id="448" dir="0" index="2" bw="14" slack="2147483647"/>
<pin id="449" dir="0" index="3" bw="14" slack="0"/>
<pin id="450" dir="0" index="4" bw="14" slack="0"/>
<pin id="451" dir="0" index="5" bw="14" slack="0"/>
<pin id="452" dir="0" index="6" bw="14" slack="0"/>
<pin id="453" dir="0" index="7" bw="14" slack="0"/>
<pin id="454" dir="0" index="8" bw="14" slack="0"/>
<pin id="455" dir="0" index="9" bw="14" slack="0"/>
<pin id="456" dir="0" index="10" bw="14" slack="0"/>
<pin id="457" dir="0" index="11" bw="14" slack="0"/>
<pin id="458" dir="0" index="12" bw="14" slack="0"/>
<pin id="459" dir="0" index="13" bw="14" slack="0"/>
<pin id="460" dir="0" index="14" bw="14" slack="0"/>
<pin id="461" dir="0" index="15" bw="14" slack="0"/>
<pin id="462" dir="0" index="16" bw="14" slack="0"/>
<pin id="463" dir="0" index="17" bw="14" slack="0"/>
<pin id="464" dir="0" index="18" bw="14" slack="0"/>
<pin id="465" dir="0" index="19" bw="14" slack="0"/>
<pin id="466" dir="0" index="20" bw="14" slack="0"/>
<pin id="467" dir="0" index="21" bw="14" slack="0"/>
<pin id="468" dir="0" index="22" bw="14" slack="0"/>
<pin id="469" dir="0" index="23" bw="14" slack="0"/>
<pin id="470" dir="0" index="24" bw="14" slack="0"/>
<pin id="471" dir="0" index="25" bw="14" slack="0"/>
<pin id="472" dir="0" index="26" bw="14" slack="0"/>
<pin id="473" dir="0" index="27" bw="14" slack="0"/>
<pin id="474" dir="0" index="28" bw="14" slack="0"/>
<pin id="475" dir="0" index="29" bw="14" slack="0"/>
<pin id="476" dir="0" index="30" bw="14" slack="0"/>
<pin id="477" dir="0" index="31" bw="14" slack="0"/>
<pin id="478" dir="0" index="32" bw="14" slack="0"/>
<pin id="479" dir="0" index="33" bw="14" slack="0"/>
<pin id="480" dir="0" index="34" bw="14" slack="0"/>
<pin id="481" dir="0" index="35" bw="14" slack="0"/>
<pin id="482" dir="0" index="36" bw="14" slack="0"/>
<pin id="483" dir="0" index="37" bw="14" slack="0"/>
<pin id="484" dir="0" index="38" bw="14" slack="0"/>
<pin id="485" dir="0" index="39" bw="14" slack="0"/>
<pin id="486" dir="0" index="40" bw="14" slack="0"/>
<pin id="487" dir="0" index="41" bw="14" slack="0"/>
<pin id="488" dir="0" index="42" bw="14" slack="0"/>
<pin id="489" dir="0" index="43" bw="14" slack="0"/>
<pin id="490" dir="0" index="44" bw="14" slack="0"/>
<pin id="491" dir="0" index="45" bw="14" slack="0"/>
<pin id="492" dir="0" index="46" bw="14" slack="0"/>
<pin id="493" dir="0" index="47" bw="14" slack="0"/>
<pin id="494" dir="0" index="48" bw="14" slack="0"/>
<pin id="495" dir="0" index="49" bw="14" slack="0"/>
<pin id="496" dir="0" index="50" bw="14" slack="0"/>
<pin id="497" dir="0" index="51" bw="14" slack="0"/>
<pin id="498" dir="0" index="52" bw="14" slack="0"/>
<pin id="499" dir="0" index="53" bw="14" slack="0"/>
<pin id="500" dir="0" index="54" bw="14" slack="0"/>
<pin id="501" dir="0" index="55" bw="14" slack="0"/>
<pin id="502" dir="0" index="56" bw="14" slack="0"/>
<pin id="503" dir="0" index="57" bw="14" slack="0"/>
<pin id="504" dir="0" index="58" bw="14" slack="0"/>
<pin id="505" dir="0" index="59" bw="14" slack="0"/>
<pin id="506" dir="0" index="60" bw="14" slack="0"/>
<pin id="507" dir="0" index="61" bw="14" slack="0"/>
<pin id="508" dir="0" index="62" bw="14" slack="0"/>
<pin id="509" dir="0" index="63" bw="14" slack="0"/>
<pin id="510" dir="0" index="64" bw="14" slack="0"/>
<pin id="511" dir="0" index="65" bw="14" slack="0"/>
<pin id="512" dir="0" index="66" bw="14" slack="0"/>
<pin id="513" dir="0" index="67" bw="3" slack="0"/>
<pin id="514" dir="0" index="68" bw="206" slack="0"/>
<pin id="515" dir="0" index="69" bw="1" slack="0"/>
<pin id="516" dir="0" index="70" bw="703" slack="0"/>
<pin id="517" dir="0" index="71" bw="10" slack="0"/>
<pin id="518" dir="0" index="72" bw="11" slack="0"/>
<pin id="519" dir="1" index="73" bw="448" slack="0"/>
</pin_list>
<bind>
<opcode="call(48) " fcode="call"/>
<opset="call_ret/9 "/>
</bind>
</comp>

<comp id="592" class="1004" name="store_ln0_store_fu_592">
<pin_list>
<pin id="593" dir="0" index="0" bw="1" slack="0"/>
<pin id="594" dir="0" index="1" bw="14" slack="0"/>
<pin id="595" dir="1" index="2" bw="0" slack="2147483647"/>
</pin_list>
<bind>
<opcode="store(28) " fcode="store"/>
<opset="store_ln0/1 "/>
</bind>
</comp>

<comp id="597" class="1004" name="store_ln0_store_fu_597">
<pin_list>
<pin id="598" dir="0" index="0" bw="1" slack="0"/>
<pin id="599" dir="0" index="1" bw="14" slack="0"/>
<pin id="600" dir="1" index="2" bw="0" slack="2147483647"/>
</pin_list>
<bind>
<opcode="store(28) " fcode="store"/>
<opset="store_ln0/1 "/>
</bind>
</comp>

<comp id="602" class="1004" name="store_ln0_store_fu_602">
<pin_list>
<pin id="603" dir="0" index="0" bw="1" slack="0"/>
<pin id="604" dir="0" index="1" bw="14" slack="0"/>
<pin id="605" dir="1" index="2" bw="0" slack="2147483647"/>
</pin_list>
<bind>
<opcode="store(28) " fcode="store"/>
<opset="store_ln0/1 "/>
</bind>
</comp>

<comp id="607" class="1004" name="store_ln0_store_fu_607">
<pin_list>
<pin id="608" dir="0" index="0" bw="1" slack="0"/>
<pin id="609" dir="0" index="1" bw="14" slack="0"/>
<pin id="610" dir="1" index="2" bw="0" slack="2147483647"/>
</pin_list>
<bind>
<opcode="store(28) " fcode="store"/>
<opset="store_ln0/1 "/>
</bind>
</comp>

<comp id="612" class="1004" name="store_ln0_store_fu_612">
<pin_list>
<pin id="613" dir="0" index="0" bw="1" slack="0"/>
<pin id="614" dir="0" index="1" bw="14" slack="0"/>
<pin id="615" dir="1" index="2" bw="0" slack="2147483647"/>
</pin_list>
<bind>
<opcode="store(28) " fcode="store"/>
<opset="store_ln0/1 "/>
</bind>
</comp>

<comp id="617" class="1004" name="store_ln0_store_fu_617">
<pin_list>
<pin id="618" dir="0" index="0" bw="1" slack="0"/>
<pin id="619" dir="0" index="1" bw="14" slack="0"/>
<pin id="620" dir="1" index="2" bw="0" slack="2147483647"/>
</pin_list>
<bind>
<opcode="store(28) " fcode="store"/>
<opset="store_ln0/1 "/>
</bind>
</comp>

<comp id="622" class="1004" name="store_ln0_store_fu_622">
<pin_list>
<pin id="623" dir="0" index="0" bw="1" slack="0"/>
<pin id="624" dir="0" index="1" bw="14" slack="0"/>
<pin id="625" dir="1" index="2" bw="0" slack="2147483647"/>
</pin_list>
<bind>
<opcode="store(28) " fcode="store"/>
<opset="store_ln0/1 "/>
</bind>
</comp>

<comp id="627" class="1004" name="store_ln0_store_fu_627">
<pin_list>
<pin id="628" dir="0" index="0" bw="1" slack="0"/>
<pin id="629" dir="0" index="1" bw="14" slack="0"/>
<pin id="630" dir="1" index="2" bw="0" slack="2147483647"/>
</pin_list>
<bind>
<opcode="store(28) " fcode="store"/>
<opset="store_ln0/1 "/>
</bind>
</comp>

<comp id="632" class="1004" name="store_ln0_store_fu_632">
<pin_list>
<pin id="633" dir="0" index="0" bw="1" slack="0"/>
<pin id="634" dir="0" index="1" bw="14" slack="0"/>
<pin id="635" dir="1" index="2" bw="0" slack="2147483647"/>
</pin_list>
<bind>
<opcode="store(28) " fcode="store"/>
<opset="store_ln0/1 "/>
</bind>
</comp>

<comp id="637" class="1004" name="store_ln0_store_fu_637">
<pin_list>
<pin id="638" dir="0" index="0" bw="1" slack="0"/>
<pin id="639" dir="0" index="1" bw="14" slack="0"/>
<pin id="640" dir="1" index="2" bw="0" slack="2147483647"/>
</pin_list>
<bind>
<opcode="store(28) " fcode="store"/>
<opset="store_ln0/1 "/>
</bind>
</comp>

<comp id="642" class="1004" name="store_ln0_store_fu_642">
<pin_list>
<pin id="643" dir="0" index="0" bw="1" slack="0"/>
<pin id="644" dir="0" index="1" bw="14" slack="0"/>
<pin id="645" dir="1" index="2" bw="0" slack="2147483647"/>
</pin_list>
<bind>
<opcode="store(28) " fcode="store"/>
<opset="store_ln0/1 "/>
</bind>
</comp>

<comp id="647" class="1004" name="store_ln0_store_fu_647">
<pin_list>
<pin id="648" dir="0" index="0" bw="1" slack="0"/>
<pin id="649" dir="0" index="1" bw="14" slack="0"/>
<pin id="650" dir="1" index="2" bw="0" slack="2147483647"/>
</pin_list>
<bind>
<opcode="store(28) " fcode="store"/>
<opset="store_ln0/1 "/>
</bind>
</comp>

<comp id="652" class="1004" name="store_ln0_store_fu_652">
<pin_list>
<pin id="653" dir="0" index="0" bw="1" slack="0"/>
<pin id="654" dir="0" index="1" bw="14" slack="0"/>
<pin id="655" dir="1" index="2" bw="0" slack="2147483647"/>
</pin_list>
<bind>
<opcode="store(28) " fcode="store"/>
<opset="store_ln0/1 "/>
</bind>
</comp>

<comp id="657" class="1004" name="store_ln0_store_fu_657">
<pin_list>
<pin id="658" dir="0" index="0" bw="1" slack="0"/>
<pin id="659" dir="0" index="1" bw="14" slack="0"/>
<pin id="660" dir="1" index="2" bw="0" slack="2147483647"/>
</pin_list>
<bind>
<opcode="store(28) " fcode="store"/>
<opset="store_ln0/1 "/>
</bind>
</comp>

<comp id="662" class="1004" name="store_ln0_store_fu_662">
<pin_list>
<pin id="663" dir="0" index="0" bw="1" slack="0"/>
<pin id="664" dir="0" index="1" bw="14" slack="0"/>
<pin id="665" dir="1" index="2" bw="0" slack="2147483647"/>
</pin_list>
<bind>
<opcode="store(28) " fcode="store"/>
<opset="store_ln0/1 "/>
</bind>
</comp>

<comp id="667" class="1004" name="store_ln0_store_fu_667">
<pin_list>
<pin id="668" dir="0" index="0" bw="1" slack="0"/>
<pin id="669" dir="0" index="1" bw="14" slack="0"/>
<pin id="670" dir="1" index="2" bw="0" slack="2147483647"/>
</pin_list>
<bind>
<opcode="store(28) " fcode="store"/>
<opset="store_ln0/1 "/>
</bind>
</comp>

<comp id="672" class="1004" name="store_ln0_store_fu_672">
<pin_list>
<pin id="673" dir="0" index="0" bw="1" slack="0"/>
<pin id="674" dir="0" index="1" bw="14" slack="0"/>
<pin id="675" dir="1" index="2" bw="0" slack="2147483647"/>
</pin_list>
<bind>
<opcode="store(28) " fcode="store"/>
<opset="store_ln0/1 "/>
</bind>
</comp>

<comp id="677" class="1004" name="store_ln0_store_fu_677">
<pin_list>
<pin id="678" dir="0" index="0" bw="1" slack="0"/>
<pin id="679" dir="0" index="1" bw="14" slack="0"/>
<pin id="680" dir="1" index="2" bw="0" slack="2147483647"/>
</pin_list>
<bind>
<opcode="store(28) " fcode="store"/>
<opset="store_ln0/1 "/>
</bind>
</comp>

<comp id="682" class="1004" name="store_ln0_store_fu_682">
<pin_list>
<pin id="683" dir="0" index="0" bw="1" slack="0"/>
<pin id="684" dir="0" index="1" bw="14" slack="0"/>
<pin id="685" dir="1" index="2" bw="0" slack="2147483647"/>
</pin_list>
<bind>
<opcode="store(28) " fcode="store"/>
<opset="store_ln0/1 "/>
</bind>
</comp>

<comp id="687" class="1004" name="store_ln0_store_fu_687">
<pin_list>
<pin id="688" dir="0" index="0" bw="1" slack="0"/>
<pin id="689" dir="0" index="1" bw="14" slack="0"/>
<pin id="690" dir="1" index="2" bw="0" slack="2147483647"/>
</pin_list>
<bind>
<opcode="store(28) " fcode="store"/>
<opset="store_ln0/1 "/>
</bind>
</comp>

<comp id="692" class="1004" name="store_ln0_store_fu_692">
<pin_list>
<pin id="693" dir="0" index="0" bw="1" slack="0"/>
<pin id="694" dir="0" index="1" bw="14" slack="0"/>
<pin id="695" dir="1" index="2" bw="0" slack="2147483647"/>
</pin_list>
<bind>
<opcode="store(28) " fcode="store"/>
<opset="store_ln0/1 "/>
</bind>
</comp>

<comp id="697" class="1004" name="store_ln0_store_fu_697">
<pin_list>
<pin id="698" dir="0" index="0" bw="1" slack="0"/>
<pin id="699" dir="0" index="1" bw="14" slack="0"/>
<pin id="700" dir="1" index="2" bw="0" slack="2147483647"/>
</pin_list>
<bind>
<opcode="store(28) " fcode="store"/>
<opset="store_ln0/1 "/>
</bind>
</comp>

<comp id="702" class="1004" name="store_ln0_store_fu_702">
<pin_list>
<pin id="703" dir="0" index="0" bw="1" slack="0"/>
<pin id="704" dir="0" index="1" bw="14" slack="0"/>
<pin id="705" dir="1" index="2" bw="0" slack="2147483647"/>
</pin_list>
<bind>
<opcode="store(28) " fcode="store"/>
<opset="store_ln0/1 "/>
</bind>
</comp>

<comp id="707" class="1004" name="store_ln0_store_fu_707">
<pin_list>
<pin id="708" dir="0" index="0" bw="1" slack="0"/>
<pin id="709" dir="0" index="1" bw="14" slack="0"/>
<pin id="710" dir="1" index="2" bw="0" slack="2147483647"/>
</pin_list>
<bind>
<opcode="store(28) " fcode="store"/>
<opset="store_ln0/1 "/>
</bind>
</comp>

<comp id="712" class="1004" name="store_ln0_store_fu_712">
<pin_list>
<pin id="713" dir="0" index="0" bw="1" slack="0"/>
<pin id="714" dir="0" index="1" bw="14" slack="0"/>
<pin id="715" dir="1" index="2" bw="0" slack="2147483647"/>
</pin_list>
<bind>
<opcode="store(28) " fcode="store"/>
<opset="store_ln0/1 "/>
</bind>
</comp>

<comp id="717" class="1004" name="store_ln0_store_fu_717">
<pin_list>
<pin id="718" dir="0" index="0" bw="1" slack="0"/>
<pin id="719" dir="0" index="1" bw="14" slack="0"/>
<pin id="720" dir="1" index="2" bw="0" slack="2147483647"/>
</pin_list>
<bind>
<opcode="store(28) " fcode="store"/>
<opset="store_ln0/1 "/>
</bind>
</comp>

<comp id="722" class="1004" name="store_ln0_store_fu_722">
<pin_list>
<pin id="723" dir="0" index="0" bw="1" slack="0"/>
<pin id="724" dir="0" index="1" bw="14" slack="0"/>
<pin id="725" dir="1" index="2" bw="0" slack="2147483647"/>
</pin_list>
<bind>
<opcode="store(28) " fcode="store"/>
<opset="store_ln0/1 "/>
</bind>
</comp>

<comp id="727" class="1004" name="store_ln0_store_fu_727">
<pin_list>
<pin id="728" dir="0" index="0" bw="1" slack="0"/>
<pin id="729" dir="0" index="1" bw="14" slack="0"/>
<pin id="730" dir="1" index="2" bw="0" slack="2147483647"/>
</pin_list>
<bind>
<opcode="store(28) " fcode="store"/>
<opset="store_ln0/1 "/>
</bind>
</comp>

<comp id="732" class="1004" name="store_ln0_store_fu_732">
<pin_list>
<pin id="733" dir="0" index="0" bw="1" slack="0"/>
<pin id="734" dir="0" index="1" bw="14" slack="0"/>
<pin id="735" dir="1" index="2" bw="0" slack="2147483647"/>
</pin_list>
<bind>
<opcode="store(28) " fcode="store"/>
<opset="store_ln0/1 "/>
</bind>
</comp>

<comp id="737" class="1004" name="store_ln0_store_fu_737">
<pin_list>
<pin id="738" dir="0" index="0" bw="1" slack="0"/>
<pin id="739" dir="0" index="1" bw="14" slack="0"/>
<pin id="740" dir="1" index="2" bw="0" slack="2147483647"/>
</pin_list>
<bind>
<opcode="store(28) " fcode="store"/>
<opset="store_ln0/1 "/>
</bind>
</comp>

<comp id="742" class="1004" name="store_ln0_store_fu_742">
<pin_list>
<pin id="743" dir="0" index="0" bw="1" slack="0"/>
<pin id="744" dir="0" index="1" bw="14" slack="0"/>
<pin id="745" dir="1" index="2" bw="0" slack="2147483647"/>
</pin_list>
<bind>
<opcode="store(28) " fcode="store"/>
<opset="store_ln0/1 "/>
</bind>
</comp>

<comp id="747" class="1004" name="store_ln0_store_fu_747">
<pin_list>
<pin id="748" dir="0" index="0" bw="1" slack="0"/>
<pin id="749" dir="0" index="1" bw="14" slack="0"/>
<pin id="750" dir="1" index="2" bw="0" slack="2147483647"/>
</pin_list>
<bind>
<opcode="store(28) " fcode="store"/>
<opset="store_ln0/1 "/>
</bind>
</comp>

<comp id="752" class="1004" name="store_ln242_store_fu_752">
<pin_list>
<pin id="753" dir="0" index="0" bw="1" slack="0"/>
<pin id="754" dir="0" index="1" bw="3" slack="0"/>
<pin id="755" dir="1" index="2" bw="0" slack="2147483647"/>
</pin_list>
<bind>
<opcode="store(28) " fcode="store"/>
<opset="store_ln242/1 "/>
</bind>
</comp>

<comp id="757" class="1004" name="iloop_1_load_fu_757">
<pin_list>
<pin id="758" dir="0" index="0" bw="3" slack="1"/>
<pin id="759" dir="1" index="1" bw="3" slack="0"/>
</pin_list>
<bind>
<opcode="load(27) " fcode="load"/>
<opset="iloop_1/2 "/>
</bind>
</comp>

<comp id="760" class="1004" name="icmp_ln242_fu_760">
<pin_list>
<pin id="761" dir="0" index="0" bw="3" slack="0"/>
<pin id="762" dir="0" index="1" bw="3" slack="0"/>
<pin id="763" dir="1" index="2" bw="1" slack="2147483647"/>
</pin_list>
<bind>
<opcode="icmp(45) " fcode="icmp"/>
<opset="icmp_ln242/2 "/>
</bind>
</comp>

<comp id="766" class="1004" name="add_ln242_fu_766">
<pin_list>
<pin id="767" dir="0" index="0" bw="3" slack="0"/>
<pin id="768" dir="0" index="1" bw="1" slack="0"/>
<pin id="769" dir="1" index="2" bw="3" slack="1"/>
</pin_list>
<bind>
<opcode="add(8) " fcode="add"/>
<opset="add_ln242/2 "/>
</bind>
</comp>

<comp id="772" class="1004" name="trunc_ln245_fu_772">
<pin_list>
<pin id="773" dir="0" index="0" bw="3" slack="0"/>
<pin id="774" dir="1" index="1" bw="2" slack="0"/>
</pin_list>
<bind>
<opcode="trunc(33) " fcode="trunc"/>
<opset="trunc_ln245/2 "/>
</bind>
</comp>

<comp id="776" class="1004" name="p_shl_fu_776">
<pin_list>
<pin id="777" dir="0" index="0" bw="9" slack="0"/>
<pin id="778" dir="0" index="1" bw="2" slack="0"/>
<pin id="779" dir="0" index="2" bw="1" slack="0"/>
<pin id="780" dir="1" index="3" bw="9" slack="0"/>
</pin_list>
<bind>
<opcode="bitconcatenate(1004) " fcode="bitconcatenate"/>
<opset="p_shl/2 "/>
</bind>
</comp>

<comp id="784" class="1004" name="tmp_734_fu_784">
<pin_list>
<pin id="785" dir="0" index="0" bw="7" slack="0"/>
<pin id="786" dir="0" index="1" bw="3" slack="0"/>
<pin id="787" dir="0" index="2" bw="1" slack="0"/>
<pin id="788" dir="1" index="3" bw="7" slack="0"/>
</pin_list>
<bind>
<opcode="bitconcatenate(1004) " fcode="bitconcatenate"/>
<opset="tmp_734/2 "/>
</bind>
</comp>

<comp id="792" class="1004" name="zext_ln245_fu_792">
<pin_list>
<pin id="793" dir="0" index="0" bw="7" slack="0"/>
<pin id="794" dir="1" index="1" bw="9" slack="0"/>
</pin_list>
<bind>
<opcode="zext(34) " fcode="zext"/>
<opset="zext_ln245/2 "/>
</bind>
</comp>

<comp id="796" class="1004" name="sub_ln245_fu_796">
<pin_list>
<pin id="797" dir="0" index="0" bw="9" slack="0"/>
<pin id="798" dir="0" index="1" bw="7" slack="0"/>
<pin id="799" dir="1" index="2" bw="9" slack="0"/>
</pin_list>
<bind>
<opcode="sub(10) " fcode="sub"/>
<opset="sub_ln245/2 "/>
</bind>
</comp>

<comp id="802" class="1004" name="tmp_575_fu_802">
<pin_list>
<pin id="803" dir="0" index="0" bw="5" slack="0"/>
<pin id="804" dir="0" index="1" bw="9" slack="0"/>
<pin id="805" dir="0" index="2" bw="4" slack="0"/>
<pin id="806" dir="0" index="3" bw="5" slack="0"/>
<pin id="807" dir="1" index="4" bw="5" slack="1"/>
</pin_list>
<bind>
<opcode="partselect(1002) " fcode="partselect"/>
<opset="tmp_575/2 "/>
</bind>
</comp>

<comp id="812" class="1004" name="layer2_out_0_0_load_load_fu_812">
<pin_list>
<pin id="813" dir="0" index="0" bw="14" slack="1"/>
<pin id="814" dir="1" index="1" bw="14" slack="0"/>
</pin_list>
<bind>
<opcode="load(27) " fcode="load"/>
<opset="layer2_out_0_0_load/2 "/>
</bind>
</comp>

<comp id="815" class="1004" name="layer2_out_1_0_load_load_fu_815">
<pin_list>
<pin id="816" dir="0" index="0" bw="14" slack="1"/>
<pin id="817" dir="1" index="1" bw="14" slack="0"/>
</pin_list>
<bind>
<opcode="load(27) " fcode="load"/>
<opset="layer2_out_1_0_load/2 "/>
</bind>
</comp>

<comp id="818" class="1004" name="layer2_out_2_0_load_load_fu_818">
<pin_list>
<pin id="819" dir="0" index="0" bw="14" slack="1"/>
<pin id="820" dir="1" index="1" bw="14" slack="0"/>
</pin_list>
<bind>
<opcode="load(27) " fcode="load"/>
<opset="layer2_out_2_0_load/2 "/>
</bind>
</comp>

<comp id="821" class="1004" name="layer2_out_3_0_load_load_fu_821">
<pin_list>
<pin id="822" dir="0" index="0" bw="14" slack="1"/>
<pin id="823" dir="1" index="1" bw="14" slack="0"/>
</pin_list>
<bind>
<opcode="load(27) " fcode="load"/>
<opset="layer2_out_3_0_load/2 "/>
</bind>
</comp>

<comp id="824" class="1004" name="layer2_out_4_0_load_load_fu_824">
<pin_list>
<pin id="825" dir="0" index="0" bw="14" slack="1"/>
<pin id="826" dir="1" index="1" bw="14" slack="0"/>
</pin_list>
<bind>
<opcode="load(27) " fcode="load"/>
<opset="layer2_out_4_0_load/2 "/>
</bind>
</comp>

<comp id="827" class="1004" name="layer2_out_5_0_load_load_fu_827">
<pin_list>
<pin id="828" dir="0" index="0" bw="14" slack="1"/>
<pin id="829" dir="1" index="1" bw="14" slack="0"/>
</pin_list>
<bind>
<opcode="load(27) " fcode="load"/>
<opset="layer2_out_5_0_load/2 "/>
</bind>
</comp>

<comp id="830" class="1004" name="layer2_out_6_0_load_load_fu_830">
<pin_list>
<pin id="831" dir="0" index="0" bw="14" slack="1"/>
<pin id="832" dir="1" index="1" bw="14" slack="0"/>
</pin_list>
<bind>
<opcode="load(27) " fcode="load"/>
<opset="layer2_out_6_0_load/2 "/>
</bind>
</comp>

<comp id="833" class="1004" name="layer2_out_7_0_load_load_fu_833">
<pin_list>
<pin id="834" dir="0" index="0" bw="14" slack="1"/>
<pin id="835" dir="1" index="1" bw="14" slack="0"/>
</pin_list>
<bind>
<opcode="load(27) " fcode="load"/>
<opset="layer2_out_7_0_load/2 "/>
</bind>
</comp>

<comp id="836" class="1004" name="layer2_out_8_0_load_load_fu_836">
<pin_list>
<pin id="837" dir="0" index="0" bw="14" slack="1"/>
<pin id="838" dir="1" index="1" bw="14" slack="0"/>
</pin_list>
<bind>
<opcode="load(27) " fcode="load"/>
<opset="layer2_out_8_0_load/2 "/>
</bind>
</comp>

<comp id="839" class="1004" name="layer2_out_9_0_load_load_fu_839">
<pin_list>
<pin id="840" dir="0" index="0" bw="14" slack="1"/>
<pin id="841" dir="1" index="1" bw="14" slack="0"/>
</pin_list>
<bind>
<opcode="load(27) " fcode="load"/>
<opset="layer2_out_9_0_load/2 "/>
</bind>
</comp>

<comp id="842" class="1004" name="layer2_out_10_0_load_load_fu_842">
<pin_list>
<pin id="843" dir="0" index="0" bw="14" slack="1"/>
<pin id="844" dir="1" index="1" bw="14" slack="0"/>
</pin_list>
<bind>
<opcode="load(27) " fcode="load"/>
<opset="layer2_out_10_0_load/2 "/>
</bind>
</comp>

<comp id="845" class="1004" name="layer2_out_11_0_load_load_fu_845">
<pin_list>
<pin id="846" dir="0" index="0" bw="14" slack="1"/>
<pin id="847" dir="1" index="1" bw="14" slack="0"/>
</pin_list>
<bind>
<opcode="load(27) " fcode="load"/>
<opset="layer2_out_11_0_load/2 "/>
</bind>
</comp>

<comp id="848" class="1004" name="layer2_out_12_0_load_load_fu_848">
<pin_list>
<pin id="849" dir="0" index="0" bw="14" slack="1"/>
<pin id="850" dir="1" index="1" bw="14" slack="0"/>
</pin_list>
<bind>
<opcode="load(27) " fcode="load"/>
<opset="layer2_out_12_0_load/2 "/>
</bind>
</comp>

<comp id="851" class="1004" name="layer2_out_13_0_load_load_fu_851">
<pin_list>
<pin id="852" dir="0" index="0" bw="14" slack="1"/>
<pin id="853" dir="1" index="1" bw="14" slack="0"/>
</pin_list>
<bind>
<opcode="load(27) " fcode="load"/>
<opset="layer2_out_13_0_load/2 "/>
</bind>
</comp>

<comp id="854" class="1004" name="layer2_out_1445_0_load_load_fu_854">
<pin_list>
<pin id="855" dir="0" index="0" bw="14" slack="1"/>
<pin id="856" dir="1" index="1" bw="14" slack="0"/>
</pin_list>
<bind>
<opcode="load(27) " fcode="load"/>
<opset="layer2_out_1445_0_load/2 "/>
</bind>
</comp>

<comp id="857" class="1004" name="layer2_out_15_0_load_load_fu_857">
<pin_list>
<pin id="858" dir="0" index="0" bw="14" slack="1"/>
<pin id="859" dir="1" index="1" bw="14" slack="0"/>
</pin_list>
<bind>
<opcode="load(27) " fcode="load"/>
<opset="layer2_out_15_0_load/2 "/>
</bind>
</comp>

<comp id="860" class="1004" name="layer2_out_16_0_load_load_fu_860">
<pin_list>
<pin id="861" dir="0" index="0" bw="14" slack="1"/>
<pin id="862" dir="1" index="1" bw="14" slack="0"/>
</pin_list>
<bind>
<opcode="load(27) " fcode="load"/>
<opset="layer2_out_16_0_load/2 "/>
</bind>
</comp>

<comp id="863" class="1004" name="layer2_out_17_0_load_load_fu_863">
<pin_list>
<pin id="864" dir="0" index="0" bw="14" slack="1"/>
<pin id="865" dir="1" index="1" bw="14" slack="0"/>
</pin_list>
<bind>
<opcode="load(27) " fcode="load"/>
<opset="layer2_out_17_0_load/2 "/>
</bind>
</comp>

<comp id="866" class="1004" name="layer2_out_18_0_load_load_fu_866">
<pin_list>
<pin id="867" dir="0" index="0" bw="14" slack="1"/>
<pin id="868" dir="1" index="1" bw="14" slack="0"/>
</pin_list>
<bind>
<opcode="load(27) " fcode="load"/>
<opset="layer2_out_18_0_load/2 "/>
</bind>
</comp>

<comp id="869" class="1004" name="layer2_out_19_0_load_load_fu_869">
<pin_list>
<pin id="870" dir="0" index="0" bw="14" slack="1"/>
<pin id="871" dir="1" index="1" bw="14" slack="0"/>
</pin_list>
<bind>
<opcode="load(27) " fcode="load"/>
<opset="layer2_out_19_0_load/2 "/>
</bind>
</comp>

<comp id="872" class="1004" name="layer2_out_20_0_load_load_fu_872">
<pin_list>
<pin id="873" dir="0" index="0" bw="14" slack="1"/>
<pin id="874" dir="1" index="1" bw="14" slack="0"/>
</pin_list>
<bind>
<opcode="load(27) " fcode="load"/>
<opset="layer2_out_20_0_load/2 "/>
</bind>
</comp>

<comp id="875" class="1004" name="layer2_out_21_0_load_load_fu_875">
<pin_list>
<pin id="876" dir="0" index="0" bw="14" slack="1"/>
<pin id="877" dir="1" index="1" bw="14" slack="0"/>
</pin_list>
<bind>
<opcode="load(27) " fcode="load"/>
<opset="layer2_out_21_0_load/2 "/>
</bind>
</comp>

<comp id="878" class="1004" name="layer2_out_22_0_load_load_fu_878">
<pin_list>
<pin id="879" dir="0" index="0" bw="14" slack="1"/>
<pin id="880" dir="1" index="1" bw="14" slack="0"/>
</pin_list>
<bind>
<opcode="load(27) " fcode="load"/>
<opset="layer2_out_22_0_load/2 "/>
</bind>
</comp>

<comp id="881" class="1004" name="layer2_out_23_0_load_load_fu_881">
<pin_list>
<pin id="882" dir="0" index="0" bw="14" slack="1"/>
<pin id="883" dir="1" index="1" bw="14" slack="0"/>
</pin_list>
<bind>
<opcode="load(27) " fcode="load"/>
<opset="layer2_out_23_0_load/2 "/>
</bind>
</comp>

<comp id="884" class="1004" name="layer2_out_24_0_load_load_fu_884">
<pin_list>
<pin id="885" dir="0" index="0" bw="14" slack="1"/>
<pin id="886" dir="1" index="1" bw="14" slack="0"/>
</pin_list>
<bind>
<opcode="load(27) " fcode="load"/>
<opset="layer2_out_24_0_load/2 "/>
</bind>
</comp>

<comp id="887" class="1004" name="layer2_out_25_0_load_load_fu_887">
<pin_list>
<pin id="888" dir="0" index="0" bw="14" slack="1"/>
<pin id="889" dir="1" index="1" bw="14" slack="0"/>
</pin_list>
<bind>
<opcode="load(27) " fcode="load"/>
<opset="layer2_out_25_0_load/2 "/>
</bind>
</comp>

<comp id="890" class="1004" name="layer2_out_26_0_load_load_fu_890">
<pin_list>
<pin id="891" dir="0" index="0" bw="14" slack="1"/>
<pin id="892" dir="1" index="1" bw="14" slack="0"/>
</pin_list>
<bind>
<opcode="load(27) " fcode="load"/>
<opset="layer2_out_26_0_load/2 "/>
</bind>
</comp>

<comp id="893" class="1004" name="layer2_out_2786_0_load_load_fu_893">
<pin_list>
<pin id="894" dir="0" index="0" bw="14" slack="1"/>
<pin id="895" dir="1" index="1" bw="14" slack="0"/>
</pin_list>
<bind>
<opcode="load(27) " fcode="load"/>
<opset="layer2_out_2786_0_load/2 "/>
</bind>
</comp>

<comp id="896" class="1004" name="layer2_out_28_0_load_load_fu_896">
<pin_list>
<pin id="897" dir="0" index="0" bw="14" slack="1"/>
<pin id="898" dir="1" index="1" bw="14" slack="0"/>
</pin_list>
<bind>
<opcode="load(27) " fcode="load"/>
<opset="layer2_out_28_0_load/2 "/>
</bind>
</comp>

<comp id="899" class="1004" name="layer2_out_29_0_load_load_fu_899">
<pin_list>
<pin id="900" dir="0" index="0" bw="14" slack="1"/>
<pin id="901" dir="1" index="1" bw="14" slack="0"/>
</pin_list>
<bind>
<opcode="load(27) " fcode="load"/>
<opset="layer2_out_29_0_load/2 "/>
</bind>
</comp>

<comp id="902" class="1004" name="layer2_out_30_0_load_load_fu_902">
<pin_list>
<pin id="903" dir="0" index="0" bw="14" slack="1"/>
<pin id="904" dir="1" index="1" bw="14" slack="0"/>
</pin_list>
<bind>
<opcode="load(27) " fcode="load"/>
<opset="layer2_out_30_0_load/2 "/>
</bind>
</comp>

<comp id="905" class="1004" name="layer2_out_31_0_load_load_fu_905">
<pin_list>
<pin id="906" dir="0" index="0" bw="14" slack="1"/>
<pin id="907" dir="1" index="1" bw="14" slack="0"/>
</pin_list>
<bind>
<opcode="load(27) " fcode="load"/>
<opset="layer2_out_31_0_load/2 "/>
</bind>
</comp>

<comp id="908" class="1004" name="mrv_fu_908">
<pin_list>
<pin id="909" dir="0" index="0" bw="448" slack="0"/>
<pin id="910" dir="0" index="1" bw="14" slack="0"/>
<pin id="911" dir="1" index="2" bw="448" slack="0"/>
</pin_list>
<bind>
<opcode="insertvalue(57) " fcode="insertvalue"/>
<opset="mrv/2 "/>
</bind>
</comp>

<comp id="914" class="1004" name="mrv_1_fu_914">
<pin_list>
<pin id="915" dir="0" index="0" bw="448" slack="0"/>
<pin id="916" dir="0" index="1" bw="14" slack="0"/>
<pin id="917" dir="1" index="2" bw="448" slack="0"/>
</pin_list>
<bind>
<opcode="insertvalue(57) " fcode="insertvalue"/>
<opset="mrv_1/2 "/>
</bind>
</comp>

<comp id="920" class="1004" name="mrv_2_fu_920">
<pin_list>
<pin id="921" dir="0" index="0" bw="448" slack="0"/>
<pin id="922" dir="0" index="1" bw="14" slack="0"/>
<pin id="923" dir="1" index="2" bw="448" slack="0"/>
</pin_list>
<bind>
<opcode="insertvalue(57) " fcode="insertvalue"/>
<opset="mrv_2/2 "/>
</bind>
</comp>

<comp id="926" class="1004" name="mrv_3_fu_926">
<pin_list>
<pin id="927" dir="0" index="0" bw="448" slack="0"/>
<pin id="928" dir="0" index="1" bw="14" slack="0"/>
<pin id="929" dir="1" index="2" bw="448" slack="0"/>
</pin_list>
<bind>
<opcode="insertvalue(57) " fcode="insertvalue"/>
<opset="mrv_3/2 "/>
</bind>
</comp>

<comp id="932" class="1004" name="mrv_4_fu_932">
<pin_list>
<pin id="933" dir="0" index="0" bw="448" slack="0"/>
<pin id="934" dir="0" index="1" bw="14" slack="0"/>
<pin id="935" dir="1" index="2" bw="448" slack="0"/>
</pin_list>
<bind>
<opcode="insertvalue(57) " fcode="insertvalue"/>
<opset="mrv_4/2 "/>
</bind>
</comp>

<comp id="938" class="1004" name="mrv_5_fu_938">
<pin_list>
<pin id="939" dir="0" index="0" bw="448" slack="0"/>
<pin id="940" dir="0" index="1" bw="14" slack="0"/>
<pin id="941" dir="1" index="2" bw="448" slack="0"/>
</pin_list>
<bind>
<opcode="insertvalue(57) " fcode="insertvalue"/>
<opset="mrv_5/2 "/>
</bind>
</comp>

<comp id="944" class="1004" name="mrv_6_fu_944">
<pin_list>
<pin id="945" dir="0" index="0" bw="448" slack="0"/>
<pin id="946" dir="0" index="1" bw="14" slack="0"/>
<pin id="947" dir="1" index="2" bw="448" slack="0"/>
</pin_list>
<bind>
<opcode="insertvalue(57) " fcode="insertvalue"/>
<opset="mrv_6/2 "/>
</bind>
</comp>

<comp id="950" class="1004" name="mrv_7_fu_950">
<pin_list>
<pin id="951" dir="0" index="0" bw="448" slack="0"/>
<pin id="952" dir="0" index="1" bw="14" slack="0"/>
<pin id="953" dir="1" index="2" bw="448" slack="0"/>
</pin_list>
<bind>
<opcode="insertvalue(57) " fcode="insertvalue"/>
<opset="mrv_7/2 "/>
</bind>
</comp>

<comp id="956" class="1004" name="mrv_8_fu_956">
<pin_list>
<pin id="957" dir="0" index="0" bw="448" slack="0"/>
<pin id="958" dir="0" index="1" bw="14" slack="0"/>
<pin id="959" dir="1" index="2" bw="448" slack="0"/>
</pin_list>
<bind>
<opcode="insertvalue(57) " fcode="insertvalue"/>
<opset="mrv_8/2 "/>
</bind>
</comp>

<comp id="962" class="1004" name="mrv_9_fu_962">
<pin_list>
<pin id="963" dir="0" index="0" bw="448" slack="0"/>
<pin id="964" dir="0" index="1" bw="14" slack="0"/>
<pin id="965" dir="1" index="2" bw="448" slack="0"/>
</pin_list>
<bind>
<opcode="insertvalue(57) " fcode="insertvalue"/>
<opset="mrv_9/2 "/>
</bind>
</comp>

<comp id="968" class="1004" name="mrv_10_fu_968">
<pin_list>
<pin id="969" dir="0" index="0" bw="448" slack="0"/>
<pin id="970" dir="0" index="1" bw="14" slack="0"/>
<pin id="971" dir="1" index="2" bw="448" slack="0"/>
</pin_list>
<bind>
<opcode="insertvalue(57) " fcode="insertvalue"/>
<opset="mrv_10/2 "/>
</bind>
</comp>

<comp id="974" class="1004" name="mrv_11_fu_974">
<pin_list>
<pin id="975" dir="0" index="0" bw="448" slack="0"/>
<pin id="976" dir="0" index="1" bw="14" slack="0"/>
<pin id="977" dir="1" index="2" bw="448" slack="0"/>
</pin_list>
<bind>
<opcode="insertvalue(57) " fcode="insertvalue"/>
<opset="mrv_11/2 "/>
</bind>
</comp>

<comp id="980" class="1004" name="mrv_12_fu_980">
<pin_list>
<pin id="981" dir="0" index="0" bw="448" slack="0"/>
<pin id="982" dir="0" index="1" bw="14" slack="0"/>
<pin id="983" dir="1" index="2" bw="448" slack="0"/>
</pin_list>
<bind>
<opcode="insertvalue(57) " fcode="insertvalue"/>
<opset="mrv_12/2 "/>
</bind>
</comp>

<comp id="986" class="1004" name="mrv_13_fu_986">
<pin_list>
<pin id="987" dir="0" index="0" bw="448" slack="0"/>
<pin id="988" dir="0" index="1" bw="14" slack="0"/>
<pin id="989" dir="1" index="2" bw="448" slack="0"/>
</pin_list>
<bind>
<opcode="insertvalue(57) " fcode="insertvalue"/>
<opset="mrv_13/2 "/>
</bind>
</comp>

<comp id="992" class="1004" name="mrv_14_fu_992">
<pin_list>
<pin id="993" dir="0" index="0" bw="448" slack="0"/>
<pin id="994" dir="0" index="1" bw="14" slack="0"/>
<pin id="995" dir="1" index="2" bw="448" slack="0"/>
</pin_list>
<bind>
<opcode="insertvalue(57) " fcode="insertvalue"/>
<opset="mrv_14/2 "/>
</bind>
</comp>

<comp id="998" class="1004" name="mrv_15_fu_998">
<pin_list>
<pin id="999" dir="0" index="0" bw="448" slack="0"/>
<pin id="1000" dir="0" index="1" bw="14" slack="0"/>
<pin id="1001" dir="1" index="2" bw="448" slack="0"/>
</pin_list>
<bind>
<opcode="insertvalue(57) " fcode="insertvalue"/>
<opset="mrv_15/2 "/>
</bind>
</comp>

<comp id="1004" class="1004" name="mrv_16_fu_1004">
<pin_list>
<pin id="1005" dir="0" index="0" bw="448" slack="0"/>
<pin id="1006" dir="0" index="1" bw="14" slack="0"/>
<pin id="1007" dir="1" index="2" bw="448" slack="0"/>
</pin_list>
<bind>
<opcode="insertvalue(57) " fcode="insertvalue"/>
<opset="mrv_16/2 "/>
</bind>
</comp>

<comp id="1010" class="1004" name="mrv_17_fu_1010">
<pin_list>
<pin id="1011" dir="0" index="0" bw="448" slack="0"/>
<pin id="1012" dir="0" index="1" bw="14" slack="0"/>
<pin id="1013" dir="1" index="2" bw="448" slack="0"/>
</pin_list>
<bind>
<opcode="insertvalue(57) " fcode="insertvalue"/>
<opset="mrv_17/2 "/>
</bind>
</comp>

<comp id="1016" class="1004" name="mrv_18_fu_1016">
<pin_list>
<pin id="1017" dir="0" index="0" bw="448" slack="0"/>
<pin id="1018" dir="0" index="1" bw="14" slack="0"/>
<pin id="1019" dir="1" index="2" bw="448" slack="0"/>
</pin_list>
<bind>
<opcode="insertvalue(57) " fcode="insertvalue"/>
<opset="mrv_18/2 "/>
</bind>
</comp>

<comp id="1022" class="1004" name="mrv_19_fu_1022">
<pin_list>
<pin id="1023" dir="0" index="0" bw="448" slack="0"/>
<pin id="1024" dir="0" index="1" bw="14" slack="0"/>
<pin id="1025" dir="1" index="2" bw="448" slack="0"/>
</pin_list>
<bind>
<opcode="insertvalue(57) " fcode="insertvalue"/>
<opset="mrv_19/2 "/>
</bind>
</comp>

<comp id="1028" class="1004" name="mrv_20_fu_1028">
<pin_list>
<pin id="1029" dir="0" index="0" bw="448" slack="0"/>
<pin id="1030" dir="0" index="1" bw="14" slack="0"/>
<pin id="1031" dir="1" index="2" bw="448" slack="0"/>
</pin_list>
<bind>
<opcode="insertvalue(57) " fcode="insertvalue"/>
<opset="mrv_20/2 "/>
</bind>
</comp>

<comp id="1034" class="1004" name="mrv_21_fu_1034">
<pin_list>
<pin id="1035" dir="0" index="0" bw="448" slack="0"/>
<pin id="1036" dir="0" index="1" bw="14" slack="0"/>
<pin id="1037" dir="1" index="2" bw="448" slack="0"/>
</pin_list>
<bind>
<opcode="insertvalue(57) " fcode="insertvalue"/>
<opset="mrv_21/2 "/>
</bind>
</comp>

<comp id="1040" class="1004" name="mrv_22_fu_1040">
<pin_list>
<pin id="1041" dir="0" index="0" bw="448" slack="0"/>
<pin id="1042" dir="0" index="1" bw="14" slack="0"/>
<pin id="1043" dir="1" index="2" bw="448" slack="0"/>
</pin_list>
<bind>
<opcode="insertvalue(57) " fcode="insertvalue"/>
<opset="mrv_22/2 "/>
</bind>
</comp>

<comp id="1046" class="1004" name="mrv_23_fu_1046">
<pin_list>
<pin id="1047" dir="0" index="0" bw="448" slack="0"/>
<pin id="1048" dir="0" index="1" bw="14" slack="0"/>
<pin id="1049" dir="1" index="2" bw="448" slack="0"/>
</pin_list>
<bind>
<opcode="insertvalue(57) " fcode="insertvalue"/>
<opset="mrv_23/2 "/>
</bind>
</comp>

<comp id="1052" class="1004" name="mrv_24_fu_1052">
<pin_list>
<pin id="1053" dir="0" index="0" bw="448" slack="0"/>
<pin id="1054" dir="0" index="1" bw="14" slack="0"/>
<pin id="1055" dir="1" index="2" bw="448" slack="0"/>
</pin_list>
<bind>
<opcode="insertvalue(57) " fcode="insertvalue"/>
<opset="mrv_24/2 "/>
</bind>
</comp>

<comp id="1058" class="1004" name="mrv_25_fu_1058">
<pin_list>
<pin id="1059" dir="0" index="0" bw="448" slack="0"/>
<pin id="1060" dir="0" index="1" bw="14" slack="0"/>
<pin id="1061" dir="1" index="2" bw="448" slack="0"/>
</pin_list>
<bind>
<opcode="insertvalue(57) " fcode="insertvalue"/>
<opset="mrv_25/2 "/>
</bind>
</comp>

<comp id="1064" class="1004" name="mrv_26_fu_1064">
<pin_list>
<pin id="1065" dir="0" index="0" bw="448" slack="0"/>
<pin id="1066" dir="0" index="1" bw="14" slack="0"/>
<pin id="1067" dir="1" index="2" bw="448" slack="0"/>
</pin_list>
<bind>
<opcode="insertvalue(57) " fcode="insertvalue"/>
<opset="mrv_26/2 "/>
</bind>
</comp>

<comp id="1070" class="1004" name="mrv_27_fu_1070">
<pin_list>
<pin id="1071" dir="0" index="0" bw="448" slack="0"/>
<pin id="1072" dir="0" index="1" bw="14" slack="0"/>
<pin id="1073" dir="1" index="2" bw="448" slack="0"/>
</pin_list>
<bind>
<opcode="insertvalue(57) " fcode="insertvalue"/>
<opset="mrv_27/2 "/>
</bind>
</comp>

<comp id="1076" class="1004" name="mrv_28_fu_1076">
<pin_list>
<pin id="1077" dir="0" index="0" bw="448" slack="0"/>
<pin id="1078" dir="0" index="1" bw="14" slack="0"/>
<pin id="1079" dir="1" index="2" bw="448" slack="0"/>
</pin_list>
<bind>
<opcode="insertvalue(57) " fcode="insertvalue"/>
<opset="mrv_28/2 "/>
</bind>
</comp>

<comp id="1082" class="1004" name="mrv_29_fu_1082">
<pin_list>
<pin id="1083" dir="0" index="0" bw="448" slack="0"/>
<pin id="1084" dir="0" index="1" bw="14" slack="0"/>
<pin id="1085" dir="1" index="2" bw="448" slack="0"/>
</pin_list>
<bind>
<opcode="insertvalue(57) " fcode="insertvalue"/>
<opset="mrv_29/2 "/>
</bind>
</comp>

<comp id="1088" class="1004" name="mrv_30_fu_1088">
<pin_list>
<pin id="1089" dir="0" index="0" bw="448" slack="0"/>
<pin id="1090" dir="0" index="1" bw="14" slack="0"/>
<pin id="1091" dir="1" index="2" bw="448" slack="0"/>
</pin_list>
<bind>
<opcode="insertvalue(57) " fcode="insertvalue"/>
<opset="mrv_30/2 "/>
</bind>
</comp>

<comp id="1094" class="1004" name="mrv_31_fu_1094">
<pin_list>
<pin id="1095" dir="0" index="0" bw="448" slack="0"/>
<pin id="1096" dir="0" index="1" bw="14" slack="0"/>
<pin id="1097" dir="1" index="2" bw="448" slack="2147483647"/>
</pin_list>
<bind>
<opcode="insertvalue(57) " fcode="insertvalue"/>
<opset="mrv_31/2 "/>
</bind>
</comp>

<comp id="1100" class="1004" name="grp_fu_1100">
<pin_list>
<pin id="1101" dir="0" index="0" bw="14" slack="0"/>
<pin id="1102" dir="0" index="1" bw="448" slack="2"/>
<pin id="1103" dir="0" index="2" bw="9" slack="1"/>
<pin id="1104" dir="1" index="3" bw="14" slack="1"/>
</pin_list>
<bind>
<opcode="partselect(1002) " fcode="partselect"/>
<opset="tmp/3 "/>
</bind>
</comp>

<comp id="1106" class="1004" name="or_ln_fu_1106">
<pin_list>
<pin id="1107" dir="0" index="0" bw="9" slack="0"/>
<pin id="1108" dir="0" index="1" bw="5" slack="1"/>
<pin id="1109" dir="0" index="2" bw="2" slack="0"/>
<pin id="1110" dir="1" index="3" bw="9" slack="0"/>
</pin_list>
<bind>
<opcode="bitconcatenate(1004) " fcode="bitconcatenate"/>
<opset="or_ln/3 "/>
</bind>
</comp>

<comp id="1113" class="1004" name="grp_fu_1113">
<pin_list>
<pin id="1114" dir="0" index="0" bw="14" slack="0"/>
<pin id="1115" dir="0" index="1" bw="448" slack="2"/>
<pin id="1116" dir="0" index="2" bw="9" slack="0"/>
<pin id="1117" dir="1" index="3" bw="14" slack="1"/>
</pin_list>
<bind>
<opcode="partselect(1002) " fcode="partselect"/>
<opset="tmp_s/3 "/>
</bind>
</comp>

<comp id="1120" class="1004" name="add_ln245_fu_1120">
<pin_list>
<pin id="1121" dir="0" index="0" bw="9" slack="0"/>
<pin id="1122" dir="0" index="1" bw="5" slack="0"/>
<pin id="1123" dir="1" index="2" bw="9" slack="1"/>
</pin_list>
<bind>
<opcode="add(8) " fcode="add"/>
<opset="add_ln245/3 "/>
</bind>
</comp>

<comp id="1126" class="1004" name="add_ln245_1_fu_1126">
<pin_list>
<pin id="1127" dir="0" index="0" bw="9" slack="0"/>
<pin id="1128" dir="0" index="1" bw="6" slack="0"/>
<pin id="1129" dir="1" index="2" bw="9" slack="1"/>
</pin_list>
<bind>
<opcode="add(8) " fcode="add"/>
<opset="add_ln245_1/3 "/>
</bind>
</comp>

<comp id="1132" class="1004" name="add_ln245_2_fu_1132">
<pin_list>
<pin id="1133" dir="0" index="0" bw="9" slack="0"/>
<pin id="1134" dir="0" index="1" bw="7" slack="0"/>
<pin id="1135" dir="1" index="2" bw="9" slack="1"/>
</pin_list>
<bind>
<opcode="add(8) " fcode="add"/>
<opset="add_ln245_2/3 "/>
</bind>
</comp>

<comp id="1138" class="1004" name="add_ln245_3_fu_1138">
<pin_list>
<pin id="1139" dir="0" index="0" bw="9" slack="0"/>
<pin id="1140" dir="0" index="1" bw="7" slack="0"/>
<pin id="1141" dir="1" index="2" bw="9" slack="1"/>
</pin_list>
<bind>
<opcode="add(8) " fcode="add"/>
<opset="add_ln245_3/3 "/>
</bind>
</comp>

<comp id="1144" class="1004" name="add_ln245_4_fu_1144">
<pin_list>
<pin id="1145" dir="0" index="0" bw="9" slack="0"/>
<pin id="1146" dir="0" index="1" bw="8" slack="0"/>
<pin id="1147" dir="1" index="2" bw="9" slack="1"/>
</pin_list>
<bind>
<opcode="add(8) " fcode="add"/>
<opset="add_ln245_4/3 "/>
</bind>
</comp>

<comp id="1150" class="1004" name="add_ln245_5_fu_1150">
<pin_list>
<pin id="1151" dir="0" index="0" bw="9" slack="0"/>
<pin id="1152" dir="0" index="1" bw="8" slack="0"/>
<pin id="1153" dir="1" index="2" bw="9" slack="1"/>
</pin_list>
<bind>
<opcode="add(8) " fcode="add"/>
<opset="add_ln245_5/3 "/>
</bind>
</comp>

<comp id="1156" class="1004" name="store_ln242_store_fu_1156">
<pin_list>
<pin id="1157" dir="0" index="0" bw="3" slack="1"/>
<pin id="1158" dir="0" index="1" bw="3" slack="2"/>
<pin id="1159" dir="1" index="2" bw="0" slack="2147483647"/>
</pin_list>
<bind>
<opcode="store(28) " fcode="store"/>
<opset="store_ln242/3 "/>
</bind>
</comp>

<comp id="1160" class="1004" name="grp_fu_1160">
<pin_list>
<pin id="1161" dir="0" index="0" bw="14" slack="0"/>
<pin id="1162" dir="0" index="1" bw="448" slack="3"/>
<pin id="1163" dir="0" index="2" bw="9" slack="1"/>
<pin id="1164" dir="1" index="3" bw="14" slack="1"/>
</pin_list>
<bind>
<opcode="partselect(1002) " fcode="partselect"/>
<opset="tmp_541/4 "/>
</bind>
</comp>

<comp id="1166" class="1004" name="grp_fu_1166">
<pin_list>
<pin id="1167" dir="0" index="0" bw="14" slack="0"/>
<pin id="1168" dir="0" index="1" bw="448" slack="3"/>
<pin id="1169" dir="0" index="2" bw="9" slack="1"/>
<pin id="1170" dir="1" index="3" bw="14" slack="1"/>
</pin_list>
<bind>
<opcode="partselect(1002) " fcode="partselect"/>
<opset="tmp_542/4 "/>
</bind>
</comp>

<comp id="1172" class="1004" name="grp_fu_1172">
<pin_list>
<pin id="1173" dir="0" index="0" bw="14" slack="0"/>
<pin id="1174" dir="0" index="1" bw="448" slack="3"/>
<pin id="1175" dir="0" index="2" bw="9" slack="1"/>
<pin id="1176" dir="1" index="3" bw="14" slack="2"/>
</pin_list>
<bind>
<opcode="partselect(1002) " fcode="partselect"/>
<opset="tmp_543/4 "/>
</bind>
</comp>

<comp id="1178" class="1004" name="grp_fu_1178">
<pin_list>
<pin id="1179" dir="0" index="0" bw="14" slack="0"/>
<pin id="1180" dir="0" index="1" bw="448" slack="3"/>
<pin id="1181" dir="0" index="2" bw="9" slack="1"/>
<pin id="1182" dir="1" index="3" bw="14" slack="2"/>
</pin_list>
<bind>
<opcode="partselect(1002) " fcode="partselect"/>
<opset="tmp_544/4 "/>
</bind>
</comp>

<comp id="1184" class="1004" name="grp_fu_1184">
<pin_list>
<pin id="1185" dir="0" index="0" bw="14" slack="0"/>
<pin id="1186" dir="0" index="1" bw="448" slack="3"/>
<pin id="1187" dir="0" index="2" bw="9" slack="1"/>
<pin id="1188" dir="1" index="3" bw="14" slack="3"/>
</pin_list>
<bind>
<opcode="partselect(1002) " fcode="partselect"/>
<opset="tmp_545/4 "/>
</bind>
</comp>

<comp id="1190" class="1004" name="grp_fu_1190">
<pin_list>
<pin id="1191" dir="0" index="0" bw="14" slack="0"/>
<pin id="1192" dir="0" index="1" bw="448" slack="3"/>
<pin id="1193" dir="0" index="2" bw="9" slack="1"/>
<pin id="1194" dir="1" index="3" bw="14" slack="3"/>
</pin_list>
<bind>
<opcode="partselect(1002) " fcode="partselect"/>
<opset="tmp_546/4 "/>
</bind>
</comp>

<comp id="1196" class="1004" name="h_newstate_fu_1196">
<pin_list>
<pin id="1197" dir="0" index="0" bw="448" slack="0"/>
<pin id="1198" dir="1" index="1" bw="14" slack="0"/>
</pin_list>
<bind>
<opcode="extractvalue(56) " fcode="extractvalue"/>
<opset="h_newstate/10 "/>
</bind>
</comp>

<comp id="1200" class="1004" name="h_newstate_1_fu_1200">
<pin_list>
<pin id="1201" dir="0" index="0" bw="448" slack="0"/>
<pin id="1202" dir="1" index="1" bw="14" slack="0"/>
</pin_list>
<bind>
<opcode="extractvalue(56) " fcode="extractvalue"/>
<opset="h_newstate_1/10 "/>
</bind>
</comp>

<comp id="1204" class="1004" name="h_newstate_2_fu_1204">
<pin_list>
<pin id="1205" dir="0" index="0" bw="448" slack="0"/>
<pin id="1206" dir="1" index="1" bw="14" slack="0"/>
</pin_list>
<bind>
<opcode="extractvalue(56) " fcode="extractvalue"/>
<opset="h_newstate_2/10 "/>
</bind>
</comp>

<comp id="1208" class="1004" name="h_newstate_3_fu_1208">
<pin_list>
<pin id="1209" dir="0" index="0" bw="448" slack="0"/>
<pin id="1210" dir="1" index="1" bw="14" slack="0"/>
</pin_list>
<bind>
<opcode="extractvalue(56) " fcode="extractvalue"/>
<opset="h_newstate_3/10 "/>
</bind>
</comp>

<comp id="1212" class="1004" name="h_newstate_4_fu_1212">
<pin_list>
<pin id="1213" dir="0" index="0" bw="448" slack="0"/>
<pin id="1214" dir="1" index="1" bw="14" slack="0"/>
</pin_list>
<bind>
<opcode="extractvalue(56) " fcode="extractvalue"/>
<opset="h_newstate_4/10 "/>
</bind>
</comp>

<comp id="1216" class="1004" name="h_newstate_5_fu_1216">
<pin_list>
<pin id="1217" dir="0" index="0" bw="448" slack="0"/>
<pin id="1218" dir="1" index="1" bw="14" slack="0"/>
</pin_list>
<bind>
<opcode="extractvalue(56) " fcode="extractvalue"/>
<opset="h_newstate_5/10 "/>
</bind>
</comp>

<comp id="1220" class="1004" name="h_newstate_6_fu_1220">
<pin_list>
<pin id="1221" dir="0" index="0" bw="448" slack="0"/>
<pin id="1222" dir="1" index="1" bw="14" slack="0"/>
</pin_list>
<bind>
<opcode="extractvalue(56) " fcode="extractvalue"/>
<opset="h_newstate_6/10 "/>
</bind>
</comp>

<comp id="1224" class="1004" name="h_newstate_7_fu_1224">
<pin_list>
<pin id="1225" dir="0" index="0" bw="448" slack="0"/>
<pin id="1226" dir="1" index="1" bw="14" slack="0"/>
</pin_list>
<bind>
<opcode="extractvalue(56) " fcode="extractvalue"/>
<opset="h_newstate_7/10 "/>
</bind>
</comp>

<comp id="1228" class="1004" name="h_newstate_8_fu_1228">
<pin_list>
<pin id="1229" dir="0" index="0" bw="448" slack="0"/>
<pin id="1230" dir="1" index="1" bw="14" slack="0"/>
</pin_list>
<bind>
<opcode="extractvalue(56) " fcode="extractvalue"/>
<opset="h_newstate_8/10 "/>
</bind>
</comp>

<comp id="1232" class="1004" name="h_newstate_9_fu_1232">
<pin_list>
<pin id="1233" dir="0" index="0" bw="448" slack="0"/>
<pin id="1234" dir="1" index="1" bw="14" slack="0"/>
</pin_list>
<bind>
<opcode="extractvalue(56) " fcode="extractvalue"/>
<opset="h_newstate_9/10 "/>
</bind>
</comp>

<comp id="1236" class="1004" name="h_newstate_31_fu_1236">
<pin_list>
<pin id="1237" dir="0" index="0" bw="448" slack="0"/>
<pin id="1238" dir="1" index="1" bw="14" slack="0"/>
</pin_list>
<bind>
<opcode="extractvalue(56) " fcode="extractvalue"/>
<opset="h_newstate_31/10 "/>
</bind>
</comp>

<comp id="1240" class="1004" name="h_newstate_10_fu_1240">
<pin_list>
<pin id="1241" dir="0" index="0" bw="448" slack="0"/>
<pin id="1242" dir="1" index="1" bw="14" slack="0"/>
</pin_list>
<bind>
<opcode="extractvalue(56) " fcode="extractvalue"/>
<opset="h_newstate_10/10 "/>
</bind>
</comp>

<comp id="1244" class="1004" name="h_newstate_11_fu_1244">
<pin_list>
<pin id="1245" dir="0" index="0" bw="448" slack="0"/>
<pin id="1246" dir="1" index="1" bw="14" slack="0"/>
</pin_list>
<bind>
<opcode="extractvalue(56) " fcode="extractvalue"/>
<opset="h_newstate_11/10 "/>
</bind>
</comp>

<comp id="1248" class="1004" name="h_newstate_12_fu_1248">
<pin_list>
<pin id="1249" dir="0" index="0" bw="448" slack="0"/>
<pin id="1250" dir="1" index="1" bw="14" slack="0"/>
</pin_list>
<bind>
<opcode="extractvalue(56) " fcode="extractvalue"/>
<opset="h_newstate_12/10 "/>
</bind>
</comp>

<comp id="1252" class="1004" name="h_newstate_13_fu_1252">
<pin_list>
<pin id="1253" dir="0" index="0" bw="448" slack="0"/>
<pin id="1254" dir="1" index="1" bw="14" slack="0"/>
</pin_list>
<bind>
<opcode="extractvalue(56) " fcode="extractvalue"/>
<opset="h_newstate_13/10 "/>
</bind>
</comp>

<comp id="1256" class="1004" name="h_newstate_14_fu_1256">
<pin_list>
<pin id="1257" dir="0" index="0" bw="448" slack="0"/>
<pin id="1258" dir="1" index="1" bw="14" slack="0"/>
</pin_list>
<bind>
<opcode="extractvalue(56) " fcode="extractvalue"/>
<opset="h_newstate_14/10 "/>
</bind>
</comp>

<comp id="1260" class="1004" name="h_newstate_15_fu_1260">
<pin_list>
<pin id="1261" dir="0" index="0" bw="448" slack="0"/>
<pin id="1262" dir="1" index="1" bw="14" slack="0"/>
</pin_list>
<bind>
<opcode="extractvalue(56) " fcode="extractvalue"/>
<opset="h_newstate_15/10 "/>
</bind>
</comp>

<comp id="1264" class="1004" name="h_newstate_16_fu_1264">
<pin_list>
<pin id="1265" dir="0" index="0" bw="448" slack="0"/>
<pin id="1266" dir="1" index="1" bw="14" slack="0"/>
</pin_list>
<bind>
<opcode="extractvalue(56) " fcode="extractvalue"/>
<opset="h_newstate_16/10 "/>
</bind>
</comp>

<comp id="1268" class="1004" name="h_newstate_17_fu_1268">
<pin_list>
<pin id="1269" dir="0" index="0" bw="448" slack="0"/>
<pin id="1270" dir="1" index="1" bw="14" slack="0"/>
</pin_list>
<bind>
<opcode="extractvalue(56) " fcode="extractvalue"/>
<opset="h_newstate_17/10 "/>
</bind>
</comp>

<comp id="1272" class="1004" name="h_newstate_18_fu_1272">
<pin_list>
<pin id="1273" dir="0" index="0" bw="448" slack="0"/>
<pin id="1274" dir="1" index="1" bw="14" slack="0"/>
</pin_list>
<bind>
<opcode="extractvalue(56) " fcode="extractvalue"/>
<opset="h_newstate_18/10 "/>
</bind>
</comp>

<comp id="1276" class="1004" name="h_newstate_19_fu_1276">
<pin_list>
<pin id="1277" dir="0" index="0" bw="448" slack="0"/>
<pin id="1278" dir="1" index="1" bw="14" slack="0"/>
</pin_list>
<bind>
<opcode="extractvalue(56) " fcode="extractvalue"/>
<opset="h_newstate_19/10 "/>
</bind>
</comp>

<comp id="1280" class="1004" name="h_newstate_20_fu_1280">
<pin_list>
<pin id="1281" dir="0" index="0" bw="448" slack="0"/>
<pin id="1282" dir="1" index="1" bw="14" slack="0"/>
</pin_list>
<bind>
<opcode="extractvalue(56) " fcode="extractvalue"/>
<opset="h_newstate_20/10 "/>
</bind>
</comp>

<comp id="1284" class="1004" name="h_newstate_21_fu_1284">
<pin_list>
<pin id="1285" dir="0" index="0" bw="448" slack="0"/>
<pin id="1286" dir="1" index="1" bw="14" slack="0"/>
</pin_list>
<bind>
<opcode="extractvalue(56) " fcode="extractvalue"/>
<opset="h_newstate_21/10 "/>
</bind>
</comp>

<comp id="1288" class="1004" name="h_newstate_22_fu_1288">
<pin_list>
<pin id="1289" dir="0" index="0" bw="448" slack="0"/>
<pin id="1290" dir="1" index="1" bw="14" slack="0"/>
</pin_list>
<bind>
<opcode="extractvalue(56) " fcode="extractvalue"/>
<opset="h_newstate_22/10 "/>
</bind>
</comp>

<comp id="1292" class="1004" name="h_newstate_23_fu_1292">
<pin_list>
<pin id="1293" dir="0" index="0" bw="448" slack="0"/>
<pin id="1294" dir="1" index="1" bw="14" slack="0"/>
</pin_list>
<bind>
<opcode="extractvalue(56) " fcode="extractvalue"/>
<opset="h_newstate_23/10 "/>
</bind>
</comp>

<comp id="1296" class="1004" name="h_newstate_24_fu_1296">
<pin_list>
<pin id="1297" dir="0" index="0" bw="448" slack="0"/>
<pin id="1298" dir="1" index="1" bw="14" slack="0"/>
</pin_list>
<bind>
<opcode="extractvalue(56) " fcode="extractvalue"/>
<opset="h_newstate_24/10 "/>
</bind>
</comp>

<comp id="1300" class="1004" name="h_newstate_25_fu_1300">
<pin_list>
<pin id="1301" dir="0" index="0" bw="448" slack="0"/>
<pin id="1302" dir="1" index="1" bw="14" slack="0"/>
</pin_list>
<bind>
<opcode="extractvalue(56) " fcode="extractvalue"/>
<opset="h_newstate_25/10 "/>
</bind>
</comp>

<comp id="1304" class="1004" name="h_newstate_26_fu_1304">
<pin_list>
<pin id="1305" dir="0" index="0" bw="448" slack="0"/>
<pin id="1306" dir="1" index="1" bw="14" slack="0"/>
</pin_list>
<bind>
<opcode="extractvalue(56) " fcode="extractvalue"/>
<opset="h_newstate_26/10 "/>
</bind>
</comp>

<comp id="1308" class="1004" name="h_newstate_27_fu_1308">
<pin_list>
<pin id="1309" dir="0" index="0" bw="448" slack="0"/>
<pin id="1310" dir="1" index="1" bw="14" slack="0"/>
</pin_list>
<bind>
<opcode="extractvalue(56) " fcode="extractvalue"/>
<opset="h_newstate_27/10 "/>
</bind>
</comp>

<comp id="1312" class="1004" name="h_newstate_28_fu_1312">
<pin_list>
<pin id="1313" dir="0" index="0" bw="448" slack="0"/>
<pin id="1314" dir="1" index="1" bw="14" slack="0"/>
</pin_list>
<bind>
<opcode="extractvalue(56) " fcode="extractvalue"/>
<opset="h_newstate_28/10 "/>
</bind>
</comp>

<comp id="1316" class="1004" name="h_newstate_29_fu_1316">
<pin_list>
<pin id="1317" dir="0" index="0" bw="448" slack="0"/>
<pin id="1318" dir="1" index="1" bw="14" slack="0"/>
</pin_list>
<bind>
<opcode="extractvalue(56) " fcode="extractvalue"/>
<opset="h_newstate_29/10 "/>
</bind>
</comp>

<comp id="1320" class="1004" name="h_newstate_30_fu_1320">
<pin_list>
<pin id="1321" dir="0" index="0" bw="448" slack="0"/>
<pin id="1322" dir="1" index="1" bw="14" slack="0"/>
</pin_list>
<bind>
<opcode="extractvalue(56) " fcode="extractvalue"/>
<opset="h_newstate_30/10 "/>
</bind>
</comp>

<comp id="1324" class="1004" name="store_ln248_store_fu_1324">
<pin_list>
<pin id="1325" dir="0" index="0" bw="14" slack="0"/>
<pin id="1326" dir="0" index="1" bw="14" slack="9"/>
<pin id="1327" dir="1" index="2" bw="0" slack="2147483647"/>
</pin_list>
<bind>
<opcode="store(28) " fcode="store"/>
<opset="store_ln248/10 "/>
</bind>
</comp>

<comp id="1329" class="1004" name="store_ln248_store_fu_1329">
<pin_list>
<pin id="1330" dir="0" index="0" bw="14" slack="0"/>
<pin id="1331" dir="0" index="1" bw="14" slack="9"/>
<pin id="1332" dir="1" index="2" bw="0" slack="2147483647"/>
</pin_list>
<bind>
<opcode="store(28) " fcode="store"/>
<opset="store_ln248/10 "/>
</bind>
</comp>

<comp id="1334" class="1004" name="store_ln248_store_fu_1334">
<pin_list>
<pin id="1335" dir="0" index="0" bw="14" slack="0"/>
<pin id="1336" dir="0" index="1" bw="14" slack="9"/>
<pin id="1337" dir="1" index="2" bw="0" slack="2147483647"/>
</pin_list>
<bind>
<opcode="store(28) " fcode="store"/>
<opset="store_ln248/10 "/>
</bind>
</comp>

<comp id="1339" class="1004" name="store_ln248_store_fu_1339">
<pin_list>
<pin id="1340" dir="0" index="0" bw="14" slack="0"/>
<pin id="1341" dir="0" index="1" bw="14" slack="9"/>
<pin id="1342" dir="1" index="2" bw="0" slack="2147483647"/>
</pin_list>
<bind>
<opcode="store(28) " fcode="store"/>
<opset="store_ln248/10 "/>
</bind>
</comp>

<comp id="1344" class="1004" name="store_ln248_store_fu_1344">
<pin_list>
<pin id="1345" dir="0" index="0" bw="14" slack="0"/>
<pin id="1346" dir="0" index="1" bw="14" slack="9"/>
<pin id="1347" dir="1" index="2" bw="0" slack="2147483647"/>
</pin_list>
<bind>
<opcode="store(28) " fcode="store"/>
<opset="store_ln248/10 "/>
</bind>
</comp>

<comp id="1349" class="1004" name="store_ln248_store_fu_1349">
<pin_list>
<pin id="1350" dir="0" index="0" bw="14" slack="0"/>
<pin id="1351" dir="0" index="1" bw="14" slack="9"/>
<pin id="1352" dir="1" index="2" bw="0" slack="2147483647"/>
</pin_list>
<bind>
<opcode="store(28) " fcode="store"/>
<opset="store_ln248/10 "/>
</bind>
</comp>

<comp id="1354" class="1004" name="store_ln248_store_fu_1354">
<pin_list>
<pin id="1355" dir="0" index="0" bw="14" slack="0"/>
<pin id="1356" dir="0" index="1" bw="14" slack="9"/>
<pin id="1357" dir="1" index="2" bw="0" slack="2147483647"/>
</pin_list>
<bind>
<opcode="store(28) " fcode="store"/>
<opset="store_ln248/10 "/>
</bind>
</comp>

<comp id="1359" class="1004" name="store_ln248_store_fu_1359">
<pin_list>
<pin id="1360" dir="0" index="0" bw="14" slack="0"/>
<pin id="1361" dir="0" index="1" bw="14" slack="9"/>
<pin id="1362" dir="1" index="2" bw="0" slack="2147483647"/>
</pin_list>
<bind>
<opcode="store(28) " fcode="store"/>
<opset="store_ln248/10 "/>
</bind>
</comp>

<comp id="1364" class="1004" name="store_ln248_store_fu_1364">
<pin_list>
<pin id="1365" dir="0" index="0" bw="14" slack="0"/>
<pin id="1366" dir="0" index="1" bw="14" slack="9"/>
<pin id="1367" dir="1" index="2" bw="0" slack="2147483647"/>
</pin_list>
<bind>
<opcode="store(28) " fcode="store"/>
<opset="store_ln248/10 "/>
</bind>
</comp>

<comp id="1369" class="1004" name="store_ln248_store_fu_1369">
<pin_list>
<pin id="1370" dir="0" index="0" bw="14" slack="0"/>
<pin id="1371" dir="0" index="1" bw="14" slack="9"/>
<pin id="1372" dir="1" index="2" bw="0" slack="2147483647"/>
</pin_list>
<bind>
<opcode="store(28) " fcode="store"/>
<opset="store_ln248/10 "/>
</bind>
</comp>

<comp id="1374" class="1004" name="store_ln248_store_fu_1374">
<pin_list>
<pin id="1375" dir="0" index="0" bw="14" slack="0"/>
<pin id="1376" dir="0" index="1" bw="14" slack="9"/>
<pin id="1377" dir="1" index="2" bw="0" slack="2147483647"/>
</pin_list>
<bind>
<opcode="store(28) " fcode="store"/>
<opset="store_ln248/10 "/>
</bind>
</comp>

<comp id="1379" class="1004" name="store_ln248_store_fu_1379">
<pin_list>
<pin id="1380" dir="0" index="0" bw="14" slack="0"/>
<pin id="1381" dir="0" index="1" bw="14" slack="9"/>
<pin id="1382" dir="1" index="2" bw="0" slack="2147483647"/>
</pin_list>
<bind>
<opcode="store(28) " fcode="store"/>
<opset="store_ln248/10 "/>
</bind>
</comp>

<comp id="1384" class="1004" name="store_ln248_store_fu_1384">
<pin_list>
<pin id="1385" dir="0" index="0" bw="14" slack="0"/>
<pin id="1386" dir="0" index="1" bw="14" slack="9"/>
<pin id="1387" dir="1" index="2" bw="0" slack="2147483647"/>
</pin_list>
<bind>
<opcode="store(28) " fcode="store"/>
<opset="store_ln248/10 "/>
</bind>
</comp>

<comp id="1389" class="1004" name="store_ln248_store_fu_1389">
<pin_list>
<pin id="1390" dir="0" index="0" bw="14" slack="0"/>
<pin id="1391" dir="0" index="1" bw="14" slack="9"/>
<pin id="1392" dir="1" index="2" bw="0" slack="2147483647"/>
</pin_list>
<bind>
<opcode="store(28) " fcode="store"/>
<opset="store_ln248/10 "/>
</bind>
</comp>

<comp id="1394" class="1004" name="store_ln248_store_fu_1394">
<pin_list>
<pin id="1395" dir="0" index="0" bw="14" slack="0"/>
<pin id="1396" dir="0" index="1" bw="14" slack="9"/>
<pin id="1397" dir="1" index="2" bw="0" slack="2147483647"/>
</pin_list>
<bind>
<opcode="store(28) " fcode="store"/>
<opset="store_ln248/10 "/>
</bind>
</comp>

<comp id="1399" class="1004" name="store_ln248_store_fu_1399">
<pin_list>
<pin id="1400" dir="0" index="0" bw="14" slack="0"/>
<pin id="1401" dir="0" index="1" bw="14" slack="9"/>
<pin id="1402" dir="1" index="2" bw="0" slack="2147483647"/>
</pin_list>
<bind>
<opcode="store(28) " fcode="store"/>
<opset="store_ln248/10 "/>
</bind>
</comp>

<comp id="1404" class="1004" name="store_ln248_store_fu_1404">
<pin_list>
<pin id="1405" dir="0" index="0" bw="14" slack="0"/>
<pin id="1406" dir="0" index="1" bw="14" slack="9"/>
<pin id="1407" dir="1" index="2" bw="0" slack="2147483647"/>
</pin_list>
<bind>
<opcode="store(28) " fcode="store"/>
<opset="store_ln248/10 "/>
</bind>
</comp>

<comp id="1409" class="1004" name="store_ln248_store_fu_1409">
<pin_list>
<pin id="1410" dir="0" index="0" bw="14" slack="0"/>
<pin id="1411" dir="0" index="1" bw="14" slack="9"/>
<pin id="1412" dir="1" index="2" bw="0" slack="2147483647"/>
</pin_list>
<bind>
<opcode="store(28) " fcode="store"/>
<opset="store_ln248/10 "/>
</bind>
</comp>

<comp id="1414" class="1004" name="store_ln248_store_fu_1414">
<pin_list>
<pin id="1415" dir="0" index="0" bw="14" slack="0"/>
<pin id="1416" dir="0" index="1" bw="14" slack="9"/>
<pin id="1417" dir="1" index="2" bw="0" slack="2147483647"/>
</pin_list>
<bind>
<opcode="store(28) " fcode="store"/>
<opset="store_ln248/10 "/>
</bind>
</comp>

<comp id="1419" class="1004" name="store_ln248_store_fu_1419">
<pin_list>
<pin id="1420" dir="0" index="0" bw="14" slack="0"/>
<pin id="1421" dir="0" index="1" bw="14" slack="9"/>
<pin id="1422" dir="1" index="2" bw="0" slack="2147483647"/>
</pin_list>
<bind>
<opcode="store(28) " fcode="store"/>
<opset="store_ln248/10 "/>
</bind>
</comp>

<comp id="1424" class="1004" name="store_ln248_store_fu_1424">
<pin_list>
<pin id="1425" dir="0" index="0" bw="14" slack="0"/>
<pin id="1426" dir="0" index="1" bw="14" slack="9"/>
<pin id="1427" dir="1" index="2" bw="0" slack="2147483647"/>
</pin_list>
<bind>
<opcode="store(28) " fcode="store"/>
<opset="store_ln248/10 "/>
</bind>
</comp>

<comp id="1429" class="1004" name="store_ln248_store_fu_1429">
<pin_list>
<pin id="1430" dir="0" index="0" bw="14" slack="0"/>
<pin id="1431" dir="0" index="1" bw="14" slack="9"/>
<pin id="1432" dir="1" index="2" bw="0" slack="2147483647"/>
</pin_list>
<bind>
<opcode="store(28) " fcode="store"/>
<opset="store_ln248/10 "/>
</bind>
</comp>

<comp id="1434" class="1004" name="store_ln248_store_fu_1434">
<pin_list>
<pin id="1435" dir="0" index="0" bw="14" slack="0"/>
<pin id="1436" dir="0" index="1" bw="14" slack="9"/>
<pin id="1437" dir="1" index="2" bw="0" slack="2147483647"/>
</pin_list>
<bind>
<opcode="store(28) " fcode="store"/>
<opset="store_ln248/10 "/>
</bind>
</comp>

<comp id="1439" class="1004" name="store_ln248_store_fu_1439">
<pin_list>
<pin id="1440" dir="0" index="0" bw="14" slack="0"/>
<pin id="1441" dir="0" index="1" bw="14" slack="9"/>
<pin id="1442" dir="1" index="2" bw="0" slack="2147483647"/>
</pin_list>
<bind>
<opcode="store(28) " fcode="store"/>
<opset="store_ln248/10 "/>
</bind>
</comp>

<comp id="1444" class="1004" name="store_ln248_store_fu_1444">
<pin_list>
<pin id="1445" dir="0" index="0" bw="14" slack="0"/>
<pin id="1446" dir="0" index="1" bw="14" slack="9"/>
<pin id="1447" dir="1" index="2" bw="0" slack="2147483647"/>
</pin_list>
<bind>
<opcode="store(28) " fcode="store"/>
<opset="store_ln248/10 "/>
</bind>
</comp>

<comp id="1449" class="1004" name="store_ln248_store_fu_1449">
<pin_list>
<pin id="1450" dir="0" index="0" bw="14" slack="0"/>
<pin id="1451" dir="0" index="1" bw="14" slack="9"/>
<pin id="1452" dir="1" index="2" bw="0" slack="2147483647"/>
</pin_list>
<bind>
<opcode="store(28) " fcode="store"/>
<opset="store_ln248/10 "/>
</bind>
</comp>

<comp id="1454" class="1004" name="store_ln248_store_fu_1454">
<pin_list>
<pin id="1455" dir="0" index="0" bw="14" slack="0"/>
<pin id="1456" dir="0" index="1" bw="14" slack="9"/>
<pin id="1457" dir="1" index="2" bw="0" slack="2147483647"/>
</pin_list>
<bind>
<opcode="store(28) " fcode="store"/>
<opset="store_ln248/10 "/>
</bind>
</comp>

<comp id="1459" class="1004" name="store_ln248_store_fu_1459">
<pin_list>
<pin id="1460" dir="0" index="0" bw="14" slack="0"/>
<pin id="1461" dir="0" index="1" bw="14" slack="9"/>
<pin id="1462" dir="1" index="2" bw="0" slack="2147483647"/>
</pin_list>
<bind>
<opcode="store(28) " fcode="store"/>
<opset="store_ln248/10 "/>
</bind>
</comp>

<comp id="1464" class="1004" name="store_ln248_store_fu_1464">
<pin_list>
<pin id="1465" dir="0" index="0" bw="14" slack="0"/>
<pin id="1466" dir="0" index="1" bw="14" slack="9"/>
<pin id="1467" dir="1" index="2" bw="0" slack="2147483647"/>
</pin_list>
<bind>
<opcode="store(28) " fcode="store"/>
<opset="store_ln248/10 "/>
</bind>
</comp>

<comp id="1469" class="1004" name="store_ln248_store_fu_1469">
<pin_list>
<pin id="1470" dir="0" index="0" bw="14" slack="0"/>
<pin id="1471" dir="0" index="1" bw="14" slack="9"/>
<pin id="1472" dir="1" index="2" bw="0" slack="2147483647"/>
</pin_list>
<bind>
<opcode="store(28) " fcode="store"/>
<opset="store_ln248/10 "/>
</bind>
</comp>

<comp id="1474" class="1004" name="store_ln248_store_fu_1474">
<pin_list>
<pin id="1475" dir="0" index="0" bw="14" slack="0"/>
<pin id="1476" dir="0" index="1" bw="14" slack="9"/>
<pin id="1477" dir="1" index="2" bw="0" slack="2147483647"/>
</pin_list>
<bind>
<opcode="store(28) " fcode="store"/>
<opset="store_ln248/10 "/>
</bind>
</comp>

<comp id="1479" class="1004" name="store_ln248_store_fu_1479">
<pin_list>
<pin id="1480" dir="0" index="0" bw="14" slack="0"/>
<pin id="1481" dir="0" index="1" bw="14" slack="9"/>
<pin id="1482" dir="1" index="2" bw="0" slack="2147483647"/>
</pin_list>
<bind>
<opcode="store(28) " fcode="store"/>
<opset="store_ln248/10 "/>
</bind>
</comp>

<comp id="1484" class="1005" name="iloop_reg_1484">
<pin_list>
<pin id="1485" dir="0" index="0" bw="3" slack="0"/>
<pin id="1486" dir="1" index="1" bw="3" slack="0"/>
</pin_list>
<bind>
<opset="iloop "/>
</bind>
</comp>

<comp id="1491" class="1005" name="layer2_out_0_0_reg_1491">
<pin_list>
<pin id="1492" dir="0" index="0" bw="14" slack="0"/>
<pin id="1493" dir="1" index="1" bw="14" slack="0"/>
</pin_list>
<bind>
<opset="layer2_out_0_0 "/>
</bind>
</comp>

<comp id="1498" class="1005" name="layer2_out_1_0_reg_1498">
<pin_list>
<pin id="1499" dir="0" index="0" bw="14" slack="0"/>
<pin id="1500" dir="1" index="1" bw="14" slack="0"/>
</pin_list>
<bind>
<opset="layer2_out_1_0 "/>
</bind>
</comp>

<comp id="1505" class="1005" name="layer2_out_2_0_reg_1505">
<pin_list>
<pin id="1506" dir="0" index="0" bw="14" slack="0"/>
<pin id="1507" dir="1" index="1" bw="14" slack="0"/>
</pin_list>
<bind>
<opset="layer2_out_2_0 "/>
</bind>
</comp>

<comp id="1512" class="1005" name="layer2_out_3_0_reg_1512">
<pin_list>
<pin id="1513" dir="0" index="0" bw="14" slack="0"/>
<pin id="1514" dir="1" index="1" bw="14" slack="0"/>
</pin_list>
<bind>
<opset="layer2_out_3_0 "/>
</bind>
</comp>

<comp id="1519" class="1005" name="layer2_out_4_0_reg_1519">
<pin_list>
<pin id="1520" dir="0" index="0" bw="14" slack="0"/>
<pin id="1521" dir="1" index="1" bw="14" slack="0"/>
</pin_list>
<bind>
<opset="layer2_out_4_0 "/>
</bind>
</comp>

<comp id="1526" class="1005" name="layer2_out_5_0_reg_1526">
<pin_list>
<pin id="1527" dir="0" index="0" bw="14" slack="0"/>
<pin id="1528" dir="1" index="1" bw="14" slack="0"/>
</pin_list>
<bind>
<opset="layer2_out_5_0 "/>
</bind>
</comp>

<comp id="1533" class="1005" name="layer2_out_6_0_reg_1533">
<pin_list>
<pin id="1534" dir="0" index="0" bw="14" slack="0"/>
<pin id="1535" dir="1" index="1" bw="14" slack="0"/>
</pin_list>
<bind>
<opset="layer2_out_6_0 "/>
</bind>
</comp>

<comp id="1540" class="1005" name="layer2_out_7_0_reg_1540">
<pin_list>
<pin id="1541" dir="0" index="0" bw="14" slack="0"/>
<pin id="1542" dir="1" index="1" bw="14" slack="0"/>
</pin_list>
<bind>
<opset="layer2_out_7_0 "/>
</bind>
</comp>

<comp id="1547" class="1005" name="layer2_out_8_0_reg_1547">
<pin_list>
<pin id="1548" dir="0" index="0" bw="14" slack="0"/>
<pin id="1549" dir="1" index="1" bw="14" slack="0"/>
</pin_list>
<bind>
<opset="layer2_out_8_0 "/>
</bind>
</comp>

<comp id="1554" class="1005" name="layer2_out_9_0_reg_1554">
<pin_list>
<pin id="1555" dir="0" index="0" bw="14" slack="0"/>
<pin id="1556" dir="1" index="1" bw="14" slack="0"/>
</pin_list>
<bind>
<opset="layer2_out_9_0 "/>
</bind>
</comp>

<comp id="1561" class="1005" name="layer2_out_10_0_reg_1561">
<pin_list>
<pin id="1562" dir="0" index="0" bw="14" slack="0"/>
<pin id="1563" dir="1" index="1" bw="14" slack="0"/>
</pin_list>
<bind>
<opset="layer2_out_10_0 "/>
</bind>
</comp>

<comp id="1568" class="1005" name="layer2_out_11_0_reg_1568">
<pin_list>
<pin id="1569" dir="0" index="0" bw="14" slack="0"/>
<pin id="1570" dir="1" index="1" bw="14" slack="0"/>
</pin_list>
<bind>
<opset="layer2_out_11_0 "/>
</bind>
</comp>

<comp id="1575" class="1005" name="layer2_out_12_0_reg_1575">
<pin_list>
<pin id="1576" dir="0" index="0" bw="14" slack="0"/>
<pin id="1577" dir="1" index="1" bw="14" slack="0"/>
</pin_list>
<bind>
<opset="layer2_out_12_0 "/>
</bind>
</comp>

<comp id="1582" class="1005" name="layer2_out_13_0_reg_1582">
<pin_list>
<pin id="1583" dir="0" index="0" bw="14" slack="0"/>
<pin id="1584" dir="1" index="1" bw="14" slack="0"/>
</pin_list>
<bind>
<opset="layer2_out_13_0 "/>
</bind>
</comp>

<comp id="1589" class="1005" name="layer2_out_1445_0_reg_1589">
<pin_list>
<pin id="1590" dir="0" index="0" bw="14" slack="0"/>
<pin id="1591" dir="1" index="1" bw="14" slack="0"/>
</pin_list>
<bind>
<opset="layer2_out_1445_0 "/>
</bind>
</comp>

<comp id="1596" class="1005" name="layer2_out_15_0_reg_1596">
<pin_list>
<pin id="1597" dir="0" index="0" bw="14" slack="0"/>
<pin id="1598" dir="1" index="1" bw="14" slack="0"/>
</pin_list>
<bind>
<opset="layer2_out_15_0 "/>
</bind>
</comp>

<comp id="1603" class="1005" name="layer2_out_16_0_reg_1603">
<pin_list>
<pin id="1604" dir="0" index="0" bw="14" slack="0"/>
<pin id="1605" dir="1" index="1" bw="14" slack="0"/>
</pin_list>
<bind>
<opset="layer2_out_16_0 "/>
</bind>
</comp>

<comp id="1610" class="1005" name="layer2_out_17_0_reg_1610">
<pin_list>
<pin id="1611" dir="0" index="0" bw="14" slack="0"/>
<pin id="1612" dir="1" index="1" bw="14" slack="0"/>
</pin_list>
<bind>
<opset="layer2_out_17_0 "/>
</bind>
</comp>

<comp id="1617" class="1005" name="layer2_out_18_0_reg_1617">
<pin_list>
<pin id="1618" dir="0" index="0" bw="14" slack="0"/>
<pin id="1619" dir="1" index="1" bw="14" slack="0"/>
</pin_list>
<bind>
<opset="layer2_out_18_0 "/>
</bind>
</comp>

<comp id="1624" class="1005" name="layer2_out_19_0_reg_1624">
<pin_list>
<pin id="1625" dir="0" index="0" bw="14" slack="0"/>
<pin id="1626" dir="1" index="1" bw="14" slack="0"/>
</pin_list>
<bind>
<opset="layer2_out_19_0 "/>
</bind>
</comp>

<comp id="1631" class="1005" name="layer2_out_20_0_reg_1631">
<pin_list>
<pin id="1632" dir="0" index="0" bw="14" slack="0"/>
<pin id="1633" dir="1" index="1" bw="14" slack="0"/>
</pin_list>
<bind>
<opset="layer2_out_20_0 "/>
</bind>
</comp>

<comp id="1638" class="1005" name="layer2_out_21_0_reg_1638">
<pin_list>
<pin id="1639" dir="0" index="0" bw="14" slack="0"/>
<pin id="1640" dir="1" index="1" bw="14" slack="0"/>
</pin_list>
<bind>
<opset="layer2_out_21_0 "/>
</bind>
</comp>

<comp id="1645" class="1005" name="layer2_out_22_0_reg_1645">
<pin_list>
<pin id="1646" dir="0" index="0" bw="14" slack="0"/>
<pin id="1647" dir="1" index="1" bw="14" slack="0"/>
</pin_list>
<bind>
<opset="layer2_out_22_0 "/>
</bind>
</comp>

<comp id="1652" class="1005" name="layer2_out_23_0_reg_1652">
<pin_list>
<pin id="1653" dir="0" index="0" bw="14" slack="0"/>
<pin id="1654" dir="1" index="1" bw="14" slack="0"/>
</pin_list>
<bind>
<opset="layer2_out_23_0 "/>
</bind>
</comp>

<comp id="1659" class="1005" name="layer2_out_24_0_reg_1659">
<pin_list>
<pin id="1660" dir="0" index="0" bw="14" slack="0"/>
<pin id="1661" dir="1" index="1" bw="14" slack="0"/>
</pin_list>
<bind>
<opset="layer2_out_24_0 "/>
</bind>
</comp>

<comp id="1666" class="1005" name="layer2_out_25_0_reg_1666">
<pin_list>
<pin id="1667" dir="0" index="0" bw="14" slack="0"/>
<pin id="1668" dir="1" index="1" bw="14" slack="0"/>
</pin_list>
<bind>
<opset="layer2_out_25_0 "/>
</bind>
</comp>

<comp id="1673" class="1005" name="layer2_out_26_0_reg_1673">
<pin_list>
<pin id="1674" dir="0" index="0" bw="14" slack="0"/>
<pin id="1675" dir="1" index="1" bw="14" slack="0"/>
</pin_list>
<bind>
<opset="layer2_out_26_0 "/>
</bind>
</comp>

<comp id="1680" class="1005" name="layer2_out_2786_0_reg_1680">
<pin_list>
<pin id="1681" dir="0" index="0" bw="14" slack="0"/>
<pin id="1682" dir="1" index="1" bw="14" slack="0"/>
</pin_list>
<bind>
<opset="layer2_out_2786_0 "/>
</bind>
</comp>

<comp id="1687" class="1005" name="layer2_out_28_0_reg_1687">
<pin_list>
<pin id="1688" dir="0" index="0" bw="14" slack="0"/>
<pin id="1689" dir="1" index="1" bw="14" slack="0"/>
</pin_list>
<bind>
<opset="layer2_out_28_0 "/>
</bind>
</comp>

<comp id="1694" class="1005" name="layer2_out_29_0_reg_1694">
<pin_list>
<pin id="1695" dir="0" index="0" bw="14" slack="0"/>
<pin id="1696" dir="1" index="1" bw="14" slack="0"/>
</pin_list>
<bind>
<opset="layer2_out_29_0 "/>
</bind>
</comp>

<comp id="1701" class="1005" name="layer2_out_30_0_reg_1701">
<pin_list>
<pin id="1702" dir="0" index="0" bw="14" slack="0"/>
<pin id="1703" dir="1" index="1" bw="14" slack="0"/>
</pin_list>
<bind>
<opset="layer2_out_30_0 "/>
</bind>
</comp>

<comp id="1708" class="1005" name="layer2_out_31_0_reg_1708">
<pin_list>
<pin id="1709" dir="0" index="0" bw="14" slack="0"/>
<pin id="1710" dir="1" index="1" bw="14" slack="0"/>
</pin_list>
<bind>
<opset="layer2_out_31_0 "/>
</bind>
</comp>

<comp id="1715" class="1005" name="input_layer_read_reg_1715">
<pin_list>
<pin id="1716" dir="0" index="0" bw="448" slack="2"/>
<pin id="1717" dir="1" index="1" bw="448" slack="2"/>
</pin_list>
<bind>
<opset="input_layer_read "/>
</bind>
</comp>

<comp id="1727" class="1005" name="data_in_addr_reg_1727">
<pin_list>
<pin id="1728" dir="0" index="0" bw="3" slack="4"/>
<pin id="1729" dir="1" index="1" bw="3" slack="4"/>
</pin_list>
<bind>
<opset="data_in_addr "/>
</bind>
</comp>

<comp id="1732" class="1005" name="data_in_addr_1_reg_1732">
<pin_list>
<pin id="1733" dir="0" index="0" bw="3" slack="4"/>
<pin id="1734" dir="1" index="1" bw="3" slack="4"/>
</pin_list>
<bind>
<opset="data_in_addr_1 "/>
</bind>
</comp>

<comp id="1737" class="1005" name="data_in_addr_2_reg_1737">
<pin_list>
<pin id="1738" dir="0" index="0" bw="3" slack="5"/>
<pin id="1739" dir="1" index="1" bw="3" slack="5"/>
</pin_list>
<bind>
<opset="data_in_addr_2 "/>
</bind>
</comp>

<comp id="1742" class="1005" name="data_in_addr_3_reg_1742">
<pin_list>
<pin id="1743" dir="0" index="0" bw="3" slack="5"/>
<pin id="1744" dir="1" index="1" bw="3" slack="5"/>
</pin_list>
<bind>
<opset="data_in_addr_3 "/>
</bind>
</comp>

<comp id="1747" class="1005" name="data_in_addr_4_reg_1747">
<pin_list>
<pin id="1748" dir="0" index="0" bw="3" slack="6"/>
<pin id="1749" dir="1" index="1" bw="3" slack="6"/>
</pin_list>
<bind>
<opset="data_in_addr_4 "/>
</bind>
</comp>

<comp id="1752" class="1005" name="data_in_addr_5_reg_1752">
<pin_list>
<pin id="1753" dir="0" index="0" bw="3" slack="6"/>
<pin id="1754" dir="1" index="1" bw="3" slack="6"/>
</pin_list>
<bind>
<opset="data_in_addr_5 "/>
</bind>
</comp>

<comp id="1757" class="1005" name="data_in_addr_6_reg_1757">
<pin_list>
<pin id="1758" dir="0" index="0" bw="3" slack="7"/>
<pin id="1759" dir="1" index="1" bw="3" slack="7"/>
</pin_list>
<bind>
<opset="data_in_addr_6 "/>
</bind>
</comp>

<comp id="1762" class="1005" name="data_in_addr_7_reg_1762">
<pin_list>
<pin id="1763" dir="0" index="0" bw="3" slack="7"/>
<pin id="1764" dir="1" index="1" bw="3" slack="7"/>
</pin_list>
<bind>
<opset="data_in_addr_7 "/>
</bind>
</comp>

<comp id="1770" class="1005" name="add_ln242_reg_1770">
<pin_list>
<pin id="1771" dir="0" index="0" bw="3" slack="1"/>
<pin id="1772" dir="1" index="1" bw="3" slack="1"/>
</pin_list>
<bind>
<opset="add_ln242 "/>
</bind>
</comp>

<comp id="1775" class="1005" name="sub_ln245_reg_1775">
<pin_list>
<pin id="1776" dir="0" index="0" bw="9" slack="1"/>
<pin id="1777" dir="1" index="1" bw="9" slack="1"/>
</pin_list>
<bind>
<opset="sub_ln245 "/>
</bind>
</comp>

<comp id="1780" class="1005" name="tmp_575_reg_1780">
<pin_list>
<pin id="1781" dir="0" index="0" bw="5" slack="1"/>
<pin id="1782" dir="1" index="1" bw="5" slack="1"/>
</pin_list>
<bind>
<opset="tmp_575 "/>
</bind>
</comp>

<comp id="1785" class="1005" name="or_ln_reg_1785">
<pin_list>
<pin id="1786" dir="0" index="0" bw="9" slack="1"/>
<pin id="1787" dir="1" index="1" bw="9" slack="1"/>
</pin_list>
<bind>
<opset="or_ln "/>
</bind>
</comp>

<comp id="1790" class="1005" name="add_ln245_reg_1790">
<pin_list>
<pin id="1791" dir="0" index="0" bw="9" slack="1"/>
<pin id="1792" dir="1" index="1" bw="9" slack="1"/>
</pin_list>
<bind>
<opset="add_ln245 "/>
</bind>
</comp>

<comp id="1795" class="1005" name="add_ln245_1_reg_1795">
<pin_list>
<pin id="1796" dir="0" index="0" bw="9" slack="1"/>
<pin id="1797" dir="1" index="1" bw="9" slack="1"/>
</pin_list>
<bind>
<opset="add_ln245_1 "/>
</bind>
</comp>

<comp id="1800" class="1005" name="add_ln245_2_reg_1800">
<pin_list>
<pin id="1801" dir="0" index="0" bw="9" slack="1"/>
<pin id="1802" dir="1" index="1" bw="9" slack="1"/>
</pin_list>
<bind>
<opset="add_ln245_2 "/>
</bind>
</comp>

<comp id="1805" class="1005" name="add_ln245_3_reg_1805">
<pin_list>
<pin id="1806" dir="0" index="0" bw="9" slack="1"/>
<pin id="1807" dir="1" index="1" bw="9" slack="1"/>
</pin_list>
<bind>
<opset="add_ln245_3 "/>
</bind>
</comp>

<comp id="1810" class="1005" name="add_ln245_4_reg_1810">
<pin_list>
<pin id="1811" dir="0" index="0" bw="9" slack="1"/>
<pin id="1812" dir="1" index="1" bw="9" slack="1"/>
</pin_list>
<bind>
<opset="add_ln245_4 "/>
</bind>
</comp>

<comp id="1815" class="1005" name="add_ln245_5_reg_1815">
<pin_list>
<pin id="1816" dir="0" index="0" bw="9" slack="1"/>
<pin id="1817" dir="1" index="1" bw="9" slack="1"/>
</pin_list>
<bind>
<opset="add_ln245_5 "/>
</bind>
</comp>

<comp id="1820" class="1005" name="tmp_reg_1820">
<pin_list>
<pin id="1821" dir="0" index="0" bw="14" slack="1"/>
<pin id="1822" dir="1" index="1" bw="14" slack="1"/>
</pin_list>
<bind>
<opset="tmp "/>
</bind>
</comp>

<comp id="1825" class="1005" name="tmp_s_reg_1825">
<pin_list>
<pin id="1826" dir="0" index="0" bw="14" slack="1"/>
<pin id="1827" dir="1" index="1" bw="14" slack="1"/>
</pin_list>
<bind>
<opset="tmp_s "/>
</bind>
</comp>

<comp id="1830" class="1005" name="tmp_541_reg_1830">
<pin_list>
<pin id="1831" dir="0" index="0" bw="14" slack="1"/>
<pin id="1832" dir="1" index="1" bw="14" slack="1"/>
</pin_list>
<bind>
<opset="tmp_541 "/>
</bind>
</comp>

<comp id="1835" class="1005" name="tmp_542_reg_1835">
<pin_list>
<pin id="1836" dir="0" index="0" bw="14" slack="1"/>
<pin id="1837" dir="1" index="1" bw="14" slack="1"/>
</pin_list>
<bind>
<opset="tmp_542 "/>
</bind>
</comp>

<comp id="1840" class="1005" name="tmp_543_reg_1840">
<pin_list>
<pin id="1841" dir="0" index="0" bw="14" slack="2"/>
<pin id="1842" dir="1" index="1" bw="14" slack="2"/>
</pin_list>
<bind>
<opset="tmp_543 "/>
</bind>
</comp>

<comp id="1845" class="1005" name="tmp_544_reg_1845">
<pin_list>
<pin id="1846" dir="0" index="0" bw="14" slack="2"/>
<pin id="1847" dir="1" index="1" bw="14" slack="2"/>
</pin_list>
<bind>
<opset="tmp_544 "/>
</bind>
</comp>

<comp id="1850" class="1005" name="tmp_545_reg_1850">
<pin_list>
<pin id="1851" dir="0" index="0" bw="14" slack="3"/>
<pin id="1852" dir="1" index="1" bw="14" slack="3"/>
</pin_list>
<bind>
<opset="tmp_545 "/>
</bind>
</comp>

<comp id="1855" class="1005" name="tmp_546_reg_1855">
<pin_list>
<pin id="1856" dir="0" index="0" bw="14" slack="3"/>
<pin id="1857" dir="1" index="1" bw="14" slack="3"/>
</pin_list>
<bind>
<opset="tmp_546 "/>
</bind>
</comp>

</comp_list>

<net_list>
<net id="219"><net_src comp="142" pin="0"/><net_sink comp="216" pin=0"/></net>

<net id="223"><net_src comp="142" pin="0"/><net_sink comp="220" pin=0"/></net>

<net id="227"><net_src comp="142" pin="0"/><net_sink comp="224" pin=0"/></net>

<net id="231"><net_src comp="142" pin="0"/><net_sink comp="228" pin=0"/></net>

<net id="235"><net_src comp="142" pin="0"/><net_sink comp="232" pin=0"/></net>

<net id="239"><net_src comp="142" pin="0"/><net_sink comp="236" pin=0"/></net>

<net id="243"><net_src comp="142" pin="0"/><net_sink comp="240" pin=0"/></net>

<net id="247"><net_src comp="142" pin="0"/><net_sink comp="244" pin=0"/></net>

<net id="251"><net_src comp="142" pin="0"/><net_sink comp="248" pin=0"/></net>

<net id="255"><net_src comp="142" pin="0"/><net_sink comp="252" pin=0"/></net>

<net id="259"><net_src comp="142" pin="0"/><net_sink comp="256" pin=0"/></net>

<net id="263"><net_src comp="142" pin="0"/><net_sink comp="260" pin=0"/></net>

<net id="267"><net_src comp="142" pin="0"/><net_sink comp="264" pin=0"/></net>

<net id="271"><net_src comp="142" pin="0"/><net_sink comp="268" pin=0"/></net>

<net id="275"><net_src comp="142" pin="0"/><net_sink comp="272" pin=0"/></net>

<net id="279"><net_src comp="142" pin="0"/><net_sink comp="276" pin=0"/></net>

<net id="283"><net_src comp="142" pin="0"/><net_sink comp="280" pin=0"/></net>

<net id="287"><net_src comp="142" pin="0"/><net_sink comp="284" pin=0"/></net>

<net id="291"><net_src comp="142" pin="0"/><net_sink comp="288" pin=0"/></net>

<net id="295"><net_src comp="142" pin="0"/><net_sink comp="292" pin=0"/></net>

<net id="299"><net_src comp="142" pin="0"/><net_sink comp="296" pin=0"/></net>

<net id="303"><net_src comp="142" pin="0"/><net_sink comp="300" pin=0"/></net>

<net id="307"><net_src comp="142" pin="0"/><net_sink comp="304" pin=0"/></net>

<net id="311"><net_src comp="142" pin="0"/><net_sink comp="308" pin=0"/></net>

<net id="315"><net_src comp="142" pin="0"/><net_sink comp="312" pin=0"/></net>

<net id="319"><net_src comp="142" pin="0"/><net_sink comp="316" pin=0"/></net>

<net id="323"><net_src comp="142" pin="0"/><net_sink comp="320" pin=0"/></net>

<net id="327"><net_src comp="142" pin="0"/><net_sink comp="324" pin=0"/></net>

<net id="331"><net_src comp="142" pin="0"/><net_sink comp="328" pin=0"/></net>

<net id="335"><net_src comp="142" pin="0"/><net_sink comp="332" pin=0"/></net>

<net id="339"><net_src comp="142" pin="0"/><net_sink comp="336" pin=0"/></net>

<net id="343"><net_src comp="142" pin="0"/><net_sink comp="340" pin=0"/></net>

<net id="347"><net_src comp="142" pin="0"/><net_sink comp="344" pin=0"/></net>

<net id="351"><net_src comp="144" pin="0"/><net_sink comp="348" pin=0"/></net>

<net id="356"><net_src comp="146" pin="0"/><net_sink comp="352" pin=0"/></net>

<net id="357"><net_src comp="0" pin="0"/><net_sink comp="352" pin=1"/></net>

<net id="363"><net_src comp="348" pin="1"/><net_sink comp="358" pin=0"/></net>

<net id="364"><net_src comp="148" pin="0"/><net_sink comp="358" pin=1"/></net>

<net id="365"><net_src comp="148" pin="0"/><net_sink comp="358" pin=2"/></net>

<net id="371"><net_src comp="348" pin="1"/><net_sink comp="366" pin=0"/></net>

<net id="372"><net_src comp="148" pin="0"/><net_sink comp="366" pin=1"/></net>

<net id="373"><net_src comp="144" pin="0"/><net_sink comp="366" pin=2"/></net>

<net id="379"><net_src comp="348" pin="1"/><net_sink comp="374" pin=0"/></net>

<net id="380"><net_src comp="148" pin="0"/><net_sink comp="374" pin=1"/></net>

<net id="381"><net_src comp="150" pin="0"/><net_sink comp="374" pin=2"/></net>

<net id="387"><net_src comp="348" pin="1"/><net_sink comp="382" pin=0"/></net>

<net id="388"><net_src comp="148" pin="0"/><net_sink comp="382" pin=1"/></net>

<net id="389"><net_src comp="152" pin="0"/><net_sink comp="382" pin=2"/></net>

<net id="395"><net_src comp="348" pin="1"/><net_sink comp="390" pin=0"/></net>

<net id="396"><net_src comp="148" pin="0"/><net_sink comp="390" pin=1"/></net>

<net id="397"><net_src comp="154" pin="0"/><net_sink comp="390" pin=2"/></net>

<net id="403"><net_src comp="348" pin="1"/><net_sink comp="398" pin=0"/></net>

<net id="404"><net_src comp="148" pin="0"/><net_sink comp="398" pin=1"/></net>

<net id="405"><net_src comp="156" pin="0"/><net_sink comp="398" pin=2"/></net>

<net id="411"><net_src comp="348" pin="1"/><net_sink comp="406" pin=0"/></net>

<net id="412"><net_src comp="148" pin="0"/><net_sink comp="406" pin=1"/></net>

<net id="413"><net_src comp="158" pin="0"/><net_sink comp="406" pin=2"/></net>

<net id="419"><net_src comp="348" pin="1"/><net_sink comp="414" pin=0"/></net>

<net id="420"><net_src comp="148" pin="0"/><net_sink comp="414" pin=1"/></net>

<net id="421"><net_src comp="160" pin="0"/><net_sink comp="414" pin=2"/></net>

<net id="434"><net_src comp="166" pin="0"/><net_sink comp="431" pin=0"/></net>

<net id="435"><net_src comp="168" pin="0"/><net_sink comp="431" pin=0"/></net>

<net id="442"><net_src comp="431" pin="1"/><net_sink comp="436" pin=0"/></net>

<net id="443"><net_src comp="431" pin="1"/><net_sink comp="436" pin=2"/></net>

<net id="444"><net_src comp="436" pin="4"/><net_sink comp="431" pin=0"/></net>

<net id="520"><net_src comp="208" pin="0"/><net_sink comp="445" pin=0"/></net>

<net id="521"><net_src comp="431" pin="1"/><net_sink comp="445" pin=1"/></net>

<net id="522"><net_src comp="2" pin="0"/><net_sink comp="445" pin=3"/></net>

<net id="523"><net_src comp="4" pin="0"/><net_sink comp="445" pin=4"/></net>

<net id="524"><net_src comp="6" pin="0"/><net_sink comp="445" pin=5"/></net>

<net id="525"><net_src comp="8" pin="0"/><net_sink comp="445" pin=6"/></net>

<net id="526"><net_src comp="10" pin="0"/><net_sink comp="445" pin=7"/></net>

<net id="527"><net_src comp="12" pin="0"/><net_sink comp="445" pin=8"/></net>

<net id="528"><net_src comp="14" pin="0"/><net_sink comp="445" pin=9"/></net>

<net id="529"><net_src comp="16" pin="0"/><net_sink comp="445" pin=10"/></net>

<net id="530"><net_src comp="18" pin="0"/><net_sink comp="445" pin=11"/></net>

<net id="531"><net_src comp="20" pin="0"/><net_sink comp="445" pin=12"/></net>

<net id="532"><net_src comp="22" pin="0"/><net_sink comp="445" pin=13"/></net>

<net id="533"><net_src comp="24" pin="0"/><net_sink comp="445" pin=14"/></net>

<net id="534"><net_src comp="26" pin="0"/><net_sink comp="445" pin=15"/></net>

<net id="535"><net_src comp="28" pin="0"/><net_sink comp="445" pin=16"/></net>

<net id="536"><net_src comp="30" pin="0"/><net_sink comp="445" pin=17"/></net>

<net id="537"><net_src comp="32" pin="0"/><net_sink comp="445" pin=18"/></net>

<net id="538"><net_src comp="34" pin="0"/><net_sink comp="445" pin=19"/></net>

<net id="539"><net_src comp="36" pin="0"/><net_sink comp="445" pin=20"/></net>

<net id="540"><net_src comp="38" pin="0"/><net_sink comp="445" pin=21"/></net>

<net id="541"><net_src comp="40" pin="0"/><net_sink comp="445" pin=22"/></net>

<net id="542"><net_src comp="42" pin="0"/><net_sink comp="445" pin=23"/></net>

<net id="543"><net_src comp="44" pin="0"/><net_sink comp="445" pin=24"/></net>

<net id="544"><net_src comp="46" pin="0"/><net_sink comp="445" pin=25"/></net>

<net id="545"><net_src comp="48" pin="0"/><net_sink comp="445" pin=26"/></net>

<net id="546"><net_src comp="50" pin="0"/><net_sink comp="445" pin=27"/></net>

<net id="547"><net_src comp="52" pin="0"/><net_sink comp="445" pin=28"/></net>

<net id="548"><net_src comp="54" pin="0"/><net_sink comp="445" pin=29"/></net>

<net id="549"><net_src comp="56" pin="0"/><net_sink comp="445" pin=30"/></net>

<net id="550"><net_src comp="58" pin="0"/><net_sink comp="445" pin=31"/></net>

<net id="551"><net_src comp="60" pin="0"/><net_sink comp="445" pin=32"/></net>

<net id="552"><net_src comp="62" pin="0"/><net_sink comp="445" pin=33"/></net>

<net id="553"><net_src comp="64" pin="0"/><net_sink comp="445" pin=34"/></net>

<net id="554"><net_src comp="66" pin="0"/><net_sink comp="445" pin=35"/></net>

<net id="555"><net_src comp="68" pin="0"/><net_sink comp="445" pin=36"/></net>

<net id="556"><net_src comp="70" pin="0"/><net_sink comp="445" pin=37"/></net>

<net id="557"><net_src comp="72" pin="0"/><net_sink comp="445" pin=38"/></net>

<net id="558"><net_src comp="74" pin="0"/><net_sink comp="445" pin=39"/></net>

<net id="559"><net_src comp="76" pin="0"/><net_sink comp="445" pin=40"/></net>

<net id="560"><net_src comp="78" pin="0"/><net_sink comp="445" pin=41"/></net>

<net id="561"><net_src comp="80" pin="0"/><net_sink comp="445" pin=42"/></net>

<net id="562"><net_src comp="82" pin="0"/><net_sink comp="445" pin=43"/></net>

<net id="563"><net_src comp="84" pin="0"/><net_sink comp="445" pin=44"/></net>

<net id="564"><net_src comp="86" pin="0"/><net_sink comp="445" pin=45"/></net>

<net id="565"><net_src comp="88" pin="0"/><net_sink comp="445" pin=46"/></net>

<net id="566"><net_src comp="90" pin="0"/><net_sink comp="445" pin=47"/></net>

<net id="567"><net_src comp="92" pin="0"/><net_sink comp="445" pin=48"/></net>

<net id="568"><net_src comp="94" pin="0"/><net_sink comp="445" pin=49"/></net>

<net id="569"><net_src comp="96" pin="0"/><net_sink comp="445" pin=50"/></net>

<net id="570"><net_src comp="98" pin="0"/><net_sink comp="445" pin=51"/></net>

<net id="571"><net_src comp="100" pin="0"/><net_sink comp="445" pin=52"/></net>

<net id="572"><net_src comp="102" pin="0"/><net_sink comp="445" pin=53"/></net>

<net id="573"><net_src comp="104" pin="0"/><net_sink comp="445" pin=54"/></net>

<net id="574"><net_src comp="106" pin="0"/><net_sink comp="445" pin=55"/></net>

<net id="575"><net_src comp="108" pin="0"/><net_sink comp="445" pin=56"/></net>

<net id="576"><net_src comp="110" pin="0"/><net_sink comp="445" pin=57"/></net>

<net id="577"><net_src comp="112" pin="0"/><net_sink comp="445" pin=58"/></net>

<net id="578"><net_src comp="114" pin="0"/><net_sink comp="445" pin=59"/></net>

<net id="579"><net_src comp="116" pin="0"/><net_sink comp="445" pin=60"/></net>

<net id="580"><net_src comp="118" pin="0"/><net_sink comp="445" pin=61"/></net>

<net id="581"><net_src comp="120" pin="0"/><net_sink comp="445" pin=62"/></net>

<net id="582"><net_src comp="122" pin="0"/><net_sink comp="445" pin=63"/></net>

<net id="583"><net_src comp="124" pin="0"/><net_sink comp="445" pin=64"/></net>

<net id="584"><net_src comp="126" pin="0"/><net_sink comp="445" pin=65"/></net>

<net id="585"><net_src comp="128" pin="0"/><net_sink comp="445" pin=66"/></net>

<net id="586"><net_src comp="130" pin="0"/><net_sink comp="445" pin=67"/></net>

<net id="587"><net_src comp="132" pin="0"/><net_sink comp="445" pin=68"/></net>

<net id="588"><net_src comp="134" pin="0"/><net_sink comp="445" pin=69"/></net>

<net id="589"><net_src comp="136" pin="0"/><net_sink comp="445" pin=70"/></net>

<net id="590"><net_src comp="138" pin="0"/><net_sink comp="445" pin=71"/></net>

<net id="591"><net_src comp="140" pin="0"/><net_sink comp="445" pin=72"/></net>

<net id="596"><net_src comp="162" pin="0"/><net_sink comp="592" pin=0"/></net>

<net id="601"><net_src comp="162" pin="0"/><net_sink comp="597" pin=0"/></net>

<net id="606"><net_src comp="162" pin="0"/><net_sink comp="602" pin=0"/></net>

<net id="611"><net_src comp="162" pin="0"/><net_sink comp="607" pin=0"/></net>

<net id="616"><net_src comp="162" pin="0"/><net_sink comp="612" pin=0"/></net>

<net id="621"><net_src comp="162" pin="0"/><net_sink comp="617" pin=0"/></net>

<net id="626"><net_src comp="162" pin="0"/><net_sink comp="622" pin=0"/></net>

<net id="631"><net_src comp="162" pin="0"/><net_sink comp="627" pin=0"/></net>

<net id="636"><net_src comp="162" pin="0"/><net_sink comp="632" pin=0"/></net>

<net id="641"><net_src comp="162" pin="0"/><net_sink comp="637" pin=0"/></net>

<net id="646"><net_src comp="162" pin="0"/><net_sink comp="642" pin=0"/></net>

<net id="651"><net_src comp="162" pin="0"/><net_sink comp="647" pin=0"/></net>

<net id="656"><net_src comp="162" pin="0"/><net_sink comp="652" pin=0"/></net>

<net id="661"><net_src comp="162" pin="0"/><net_sink comp="657" pin=0"/></net>

<net id="666"><net_src comp="162" pin="0"/><net_sink comp="662" pin=0"/></net>

<net id="671"><net_src comp="162" pin="0"/><net_sink comp="667" pin=0"/></net>

<net id="676"><net_src comp="162" pin="0"/><net_sink comp="672" pin=0"/></net>

<net id="681"><net_src comp="162" pin="0"/><net_sink comp="677" pin=0"/></net>

<net id="686"><net_src comp="162" pin="0"/><net_sink comp="682" pin=0"/></net>

<net id="691"><net_src comp="162" pin="0"/><net_sink comp="687" pin=0"/></net>

<net id="696"><net_src comp="162" pin="0"/><net_sink comp="692" pin=0"/></net>

<net id="701"><net_src comp="162" pin="0"/><net_sink comp="697" pin=0"/></net>

<net id="706"><net_src comp="162" pin="0"/><net_sink comp="702" pin=0"/></net>

<net id="711"><net_src comp="162" pin="0"/><net_sink comp="707" pin=0"/></net>

<net id="716"><net_src comp="162" pin="0"/><net_sink comp="712" pin=0"/></net>

<net id="721"><net_src comp="162" pin="0"/><net_sink comp="717" pin=0"/></net>

<net id="726"><net_src comp="162" pin="0"/><net_sink comp="722" pin=0"/></net>

<net id="731"><net_src comp="162" pin="0"/><net_sink comp="727" pin=0"/></net>

<net id="736"><net_src comp="162" pin="0"/><net_sink comp="732" pin=0"/></net>

<net id="741"><net_src comp="162" pin="0"/><net_sink comp="737" pin=0"/></net>

<net id="746"><net_src comp="162" pin="0"/><net_sink comp="742" pin=0"/></net>

<net id="751"><net_src comp="162" pin="0"/><net_sink comp="747" pin=0"/></net>

<net id="756"><net_src comp="164" pin="0"/><net_sink comp="752" pin=0"/></net>

<net id="764"><net_src comp="757" pin="1"/><net_sink comp="760" pin=0"/></net>

<net id="765"><net_src comp="170" pin="0"/><net_sink comp="760" pin=1"/></net>

<net id="770"><net_src comp="757" pin="1"/><net_sink comp="766" pin=0"/></net>

<net id="771"><net_src comp="172" pin="0"/><net_sink comp="766" pin=1"/></net>

<net id="775"><net_src comp="757" pin="1"/><net_sink comp="772" pin=0"/></net>

<net id="781"><net_src comp="174" pin="0"/><net_sink comp="776" pin=0"/></net>

<net id="782"><net_src comp="772" pin="1"/><net_sink comp="776" pin=1"/></net>

<net id="783"><net_src comp="176" pin="0"/><net_sink comp="776" pin=2"/></net>

<net id="789"><net_src comp="178" pin="0"/><net_sink comp="784" pin=0"/></net>

<net id="790"><net_src comp="757" pin="1"/><net_sink comp="784" pin=1"/></net>

<net id="791"><net_src comp="180" pin="0"/><net_sink comp="784" pin=2"/></net>

<net id="795"><net_src comp="784" pin="3"/><net_sink comp="792" pin=0"/></net>

<net id="800"><net_src comp="776" pin="3"/><net_sink comp="796" pin=0"/></net>

<net id="801"><net_src comp="792" pin="1"/><net_sink comp="796" pin=1"/></net>

<net id="808"><net_src comp="182" pin="0"/><net_sink comp="802" pin=0"/></net>

<net id="809"><net_src comp="796" pin="2"/><net_sink comp="802" pin=1"/></net>

<net id="810"><net_src comp="184" pin="0"/><net_sink comp="802" pin=2"/></net>

<net id="811"><net_src comp="186" pin="0"/><net_sink comp="802" pin=3"/></net>

<net id="912"><net_src comp="188" pin="0"/><net_sink comp="908" pin=0"/></net>

<net id="913"><net_src comp="812" pin="1"/><net_sink comp="908" pin=1"/></net>

<net id="918"><net_src comp="908" pin="2"/><net_sink comp="914" pin=0"/></net>

<net id="919"><net_src comp="815" pin="1"/><net_sink comp="914" pin=1"/></net>

<net id="924"><net_src comp="914" pin="2"/><net_sink comp="920" pin=0"/></net>

<net id="925"><net_src comp="818" pin="1"/><net_sink comp="920" pin=1"/></net>

<net id="930"><net_src comp="920" pin="2"/><net_sink comp="926" pin=0"/></net>

<net id="931"><net_src comp="821" pin="1"/><net_sink comp="926" pin=1"/></net>

<net id="936"><net_src comp="926" pin="2"/><net_sink comp="932" pin=0"/></net>

<net id="937"><net_src comp="824" pin="1"/><net_sink comp="932" pin=1"/></net>

<net id="942"><net_src comp="932" pin="2"/><net_sink comp="938" pin=0"/></net>

<net id="943"><net_src comp="827" pin="1"/><net_sink comp="938" pin=1"/></net>

<net id="948"><net_src comp="938" pin="2"/><net_sink comp="944" pin=0"/></net>

<net id="949"><net_src comp="830" pin="1"/><net_sink comp="944" pin=1"/></net>

<net id="954"><net_src comp="944" pin="2"/><net_sink comp="950" pin=0"/></net>

<net id="955"><net_src comp="833" pin="1"/><net_sink comp="950" pin=1"/></net>

<net id="960"><net_src comp="950" pin="2"/><net_sink comp="956" pin=0"/></net>

<net id="961"><net_src comp="836" pin="1"/><net_sink comp="956" pin=1"/></net>

<net id="966"><net_src comp="956" pin="2"/><net_sink comp="962" pin=0"/></net>

<net id="967"><net_src comp="839" pin="1"/><net_sink comp="962" pin=1"/></net>

<net id="972"><net_src comp="962" pin="2"/><net_sink comp="968" pin=0"/></net>

<net id="973"><net_src comp="842" pin="1"/><net_sink comp="968" pin=1"/></net>

<net id="978"><net_src comp="968" pin="2"/><net_sink comp="974" pin=0"/></net>

<net id="979"><net_src comp="845" pin="1"/><net_sink comp="974" pin=1"/></net>

<net id="984"><net_src comp="974" pin="2"/><net_sink comp="980" pin=0"/></net>

<net id="985"><net_src comp="848" pin="1"/><net_sink comp="980" pin=1"/></net>

<net id="990"><net_src comp="980" pin="2"/><net_sink comp="986" pin=0"/></net>

<net id="991"><net_src comp="851" pin="1"/><net_sink comp="986" pin=1"/></net>

<net id="996"><net_src comp="986" pin="2"/><net_sink comp="992" pin=0"/></net>

<net id="997"><net_src comp="854" pin="1"/><net_sink comp="992" pin=1"/></net>

<net id="1002"><net_src comp="992" pin="2"/><net_sink comp="998" pin=0"/></net>

<net id="1003"><net_src comp="857" pin="1"/><net_sink comp="998" pin=1"/></net>

<net id="1008"><net_src comp="998" pin="2"/><net_sink comp="1004" pin=0"/></net>

<net id="1009"><net_src comp="860" pin="1"/><net_sink comp="1004" pin=1"/></net>

<net id="1014"><net_src comp="1004" pin="2"/><net_sink comp="1010" pin=0"/></net>

<net id="1015"><net_src comp="863" pin="1"/><net_sink comp="1010" pin=1"/></net>

<net id="1020"><net_src comp="1010" pin="2"/><net_sink comp="1016" pin=0"/></net>

<net id="1021"><net_src comp="866" pin="1"/><net_sink comp="1016" pin=1"/></net>

<net id="1026"><net_src comp="1016" pin="2"/><net_sink comp="1022" pin=0"/></net>

<net id="1027"><net_src comp="869" pin="1"/><net_sink comp="1022" pin=1"/></net>

<net id="1032"><net_src comp="1022" pin="2"/><net_sink comp="1028" pin=0"/></net>

<net id="1033"><net_src comp="872" pin="1"/><net_sink comp="1028" pin=1"/></net>

<net id="1038"><net_src comp="1028" pin="2"/><net_sink comp="1034" pin=0"/></net>

<net id="1039"><net_src comp="875" pin="1"/><net_sink comp="1034" pin=1"/></net>

<net id="1044"><net_src comp="1034" pin="2"/><net_sink comp="1040" pin=0"/></net>

<net id="1045"><net_src comp="878" pin="1"/><net_sink comp="1040" pin=1"/></net>

<net id="1050"><net_src comp="1040" pin="2"/><net_sink comp="1046" pin=0"/></net>

<net id="1051"><net_src comp="881" pin="1"/><net_sink comp="1046" pin=1"/></net>

<net id="1056"><net_src comp="1046" pin="2"/><net_sink comp="1052" pin=0"/></net>

<net id="1057"><net_src comp="884" pin="1"/><net_sink comp="1052" pin=1"/></net>

<net id="1062"><net_src comp="1052" pin="2"/><net_sink comp="1058" pin=0"/></net>

<net id="1063"><net_src comp="887" pin="1"/><net_sink comp="1058" pin=1"/></net>

<net id="1068"><net_src comp="1058" pin="2"/><net_sink comp="1064" pin=0"/></net>

<net id="1069"><net_src comp="890" pin="1"/><net_sink comp="1064" pin=1"/></net>

<net id="1074"><net_src comp="1064" pin="2"/><net_sink comp="1070" pin=0"/></net>

<net id="1075"><net_src comp="893" pin="1"/><net_sink comp="1070" pin=1"/></net>

<net id="1080"><net_src comp="1070" pin="2"/><net_sink comp="1076" pin=0"/></net>

<net id="1081"><net_src comp="896" pin="1"/><net_sink comp="1076" pin=1"/></net>

<net id="1086"><net_src comp="1076" pin="2"/><net_sink comp="1082" pin=0"/></net>

<net id="1087"><net_src comp="899" pin="1"/><net_sink comp="1082" pin=1"/></net>

<net id="1092"><net_src comp="1082" pin="2"/><net_sink comp="1088" pin=0"/></net>

<net id="1093"><net_src comp="902" pin="1"/><net_sink comp="1088" pin=1"/></net>

<net id="1098"><net_src comp="1088" pin="2"/><net_sink comp="1094" pin=0"/></net>

<net id="1099"><net_src comp="905" pin="1"/><net_sink comp="1094" pin=1"/></net>

<net id="1105"><net_src comp="190" pin="0"/><net_sink comp="1100" pin=0"/></net>

<net id="1111"><net_src comp="192" pin="0"/><net_sink comp="1106" pin=0"/></net>

<net id="1112"><net_src comp="194" pin="0"/><net_sink comp="1106" pin=2"/></net>

<net id="1118"><net_src comp="190" pin="0"/><net_sink comp="1113" pin=0"/></net>

<net id="1119"><net_src comp="1106" pin="3"/><net_sink comp="1113" pin=2"/></net>

<net id="1124"><net_src comp="1106" pin="3"/><net_sink comp="1120" pin=0"/></net>

<net id="1125"><net_src comp="196" pin="0"/><net_sink comp="1120" pin=1"/></net>

<net id="1130"><net_src comp="1106" pin="3"/><net_sink comp="1126" pin=0"/></net>

<net id="1131"><net_src comp="198" pin="0"/><net_sink comp="1126" pin=1"/></net>

<net id="1136"><net_src comp="1106" pin="3"/><net_sink comp="1132" pin=0"/></net>

<net id="1137"><net_src comp="200" pin="0"/><net_sink comp="1132" pin=1"/></net>

<net id="1142"><net_src comp="1106" pin="3"/><net_sink comp="1138" pin=0"/></net>

<net id="1143"><net_src comp="202" pin="0"/><net_sink comp="1138" pin=1"/></net>

<net id="1148"><net_src comp="1106" pin="3"/><net_sink comp="1144" pin=0"/></net>

<net id="1149"><net_src comp="204" pin="0"/><net_sink comp="1144" pin=1"/></net>

<net id="1154"><net_src comp="1106" pin="3"/><net_sink comp="1150" pin=0"/></net>

<net id="1155"><net_src comp="206" pin="0"/><net_sink comp="1150" pin=1"/></net>

<net id="1165"><net_src comp="190" pin="0"/><net_sink comp="1160" pin=0"/></net>

<net id="1171"><net_src comp="190" pin="0"/><net_sink comp="1166" pin=0"/></net>

<net id="1177"><net_src comp="190" pin="0"/><net_sink comp="1172" pin=0"/></net>

<net id="1183"><net_src comp="190" pin="0"/><net_sink comp="1178" pin=0"/></net>

<net id="1189"><net_src comp="190" pin="0"/><net_sink comp="1184" pin=0"/></net>

<net id="1195"><net_src comp="190" pin="0"/><net_sink comp="1190" pin=0"/></net>

<net id="1199"><net_src comp="445" pin="73"/><net_sink comp="1196" pin=0"/></net>

<net id="1203"><net_src comp="445" pin="73"/><net_sink comp="1200" pin=0"/></net>

<net id="1207"><net_src comp="445" pin="73"/><net_sink comp="1204" pin=0"/></net>

<net id="1211"><net_src comp="445" pin="73"/><net_sink comp="1208" pin=0"/></net>

<net id="1215"><net_src comp="445" pin="73"/><net_sink comp="1212" pin=0"/></net>

<net id="1219"><net_src comp="445" pin="73"/><net_sink comp="1216" pin=0"/></net>

<net id="1223"><net_src comp="445" pin="73"/><net_sink comp="1220" pin=0"/></net>

<net id="1227"><net_src comp="445" pin="73"/><net_sink comp="1224" pin=0"/></net>

<net id="1231"><net_src comp="445" pin="73"/><net_sink comp="1228" pin=0"/></net>

<net id="1235"><net_src comp="445" pin="73"/><net_sink comp="1232" pin=0"/></net>

<net id="1239"><net_src comp="445" pin="73"/><net_sink comp="1236" pin=0"/></net>

<net id="1243"><net_src comp="445" pin="73"/><net_sink comp="1240" pin=0"/></net>

<net id="1247"><net_src comp="445" pin="73"/><net_sink comp="1244" pin=0"/></net>

<net id="1251"><net_src comp="445" pin="73"/><net_sink comp="1248" pin=0"/></net>

<net id="1255"><net_src comp="445" pin="73"/><net_sink comp="1252" pin=0"/></net>

<net id="1259"><net_src comp="445" pin="73"/><net_sink comp="1256" pin=0"/></net>

<net id="1263"><net_src comp="445" pin="73"/><net_sink comp="1260" pin=0"/></net>

<net id="1267"><net_src comp="445" pin="73"/><net_sink comp="1264" pin=0"/></net>

<net id="1271"><net_src comp="445" pin="73"/><net_sink comp="1268" pin=0"/></net>

<net id="1275"><net_src comp="445" pin="73"/><net_sink comp="1272" pin=0"/></net>

<net id="1279"><net_src comp="445" pin="73"/><net_sink comp="1276" pin=0"/></net>

<net id="1283"><net_src comp="445" pin="73"/><net_sink comp="1280" pin=0"/></net>

<net id="1287"><net_src comp="445" pin="73"/><net_sink comp="1284" pin=0"/></net>

<net id="1291"><net_src comp="445" pin="73"/><net_sink comp="1288" pin=0"/></net>

<net id="1295"><net_src comp="445" pin="73"/><net_sink comp="1292" pin=0"/></net>

<net id="1299"><net_src comp="445" pin="73"/><net_sink comp="1296" pin=0"/></net>

<net id="1303"><net_src comp="445" pin="73"/><net_sink comp="1300" pin=0"/></net>

<net id="1307"><net_src comp="445" pin="73"/><net_sink comp="1304" pin=0"/></net>

<net id="1311"><net_src comp="445" pin="73"/><net_sink comp="1308" pin=0"/></net>

<net id="1315"><net_src comp="445" pin="73"/><net_sink comp="1312" pin=0"/></net>

<net id="1319"><net_src comp="445" pin="73"/><net_sink comp="1316" pin=0"/></net>

<net id="1323"><net_src comp="445" pin="73"/><net_sink comp="1320" pin=0"/></net>

<net id="1328"><net_src comp="1320" pin="1"/><net_sink comp="1324" pin=0"/></net>

<net id="1333"><net_src comp="1316" pin="1"/><net_sink comp="1329" pin=0"/></net>

<net id="1338"><net_src comp="1312" pin="1"/><net_sink comp="1334" pin=0"/></net>

<net id="1343"><net_src comp="1308" pin="1"/><net_sink comp="1339" pin=0"/></net>

<net id="1348"><net_src comp="1304" pin="1"/><net_sink comp="1344" pin=0"/></net>

<net id="1353"><net_src comp="1300" pin="1"/><net_sink comp="1349" pin=0"/></net>

<net id="1358"><net_src comp="1296" pin="1"/><net_sink comp="1354" pin=0"/></net>

<net id="1363"><net_src comp="1292" pin="1"/><net_sink comp="1359" pin=0"/></net>

<net id="1368"><net_src comp="1288" pin="1"/><net_sink comp="1364" pin=0"/></net>

<net id="1373"><net_src comp="1284" pin="1"/><net_sink comp="1369" pin=0"/></net>

<net id="1378"><net_src comp="1280" pin="1"/><net_sink comp="1374" pin=0"/></net>

<net id="1383"><net_src comp="1276" pin="1"/><net_sink comp="1379" pin=0"/></net>

<net id="1388"><net_src comp="1272" pin="1"/><net_sink comp="1384" pin=0"/></net>

<net id="1393"><net_src comp="1268" pin="1"/><net_sink comp="1389" pin=0"/></net>

<net id="1398"><net_src comp="1264" pin="1"/><net_sink comp="1394" pin=0"/></net>

<net id="1403"><net_src comp="1260" pin="1"/><net_sink comp="1399" pin=0"/></net>

<net id="1408"><net_src comp="1256" pin="1"/><net_sink comp="1404" pin=0"/></net>

<net id="1413"><net_src comp="1252" pin="1"/><net_sink comp="1409" pin=0"/></net>

<net id="1418"><net_src comp="1248" pin="1"/><net_sink comp="1414" pin=0"/></net>

<net id="1423"><net_src comp="1244" pin="1"/><net_sink comp="1419" pin=0"/></net>

<net id="1428"><net_src comp="1240" pin="1"/><net_sink comp="1424" pin=0"/></net>

<net id="1433"><net_src comp="1236" pin="1"/><net_sink comp="1429" pin=0"/></net>

<net id="1438"><net_src comp="1232" pin="1"/><net_sink comp="1434" pin=0"/></net>

<net id="1443"><net_src comp="1228" pin="1"/><net_sink comp="1439" pin=0"/></net>

<net id="1448"><net_src comp="1224" pin="1"/><net_sink comp="1444" pin=0"/></net>

<net id="1453"><net_src comp="1220" pin="1"/><net_sink comp="1449" pin=0"/></net>

<net id="1458"><net_src comp="1216" pin="1"/><net_sink comp="1454" pin=0"/></net>

<net id="1463"><net_src comp="1212" pin="1"/><net_sink comp="1459" pin=0"/></net>

<net id="1468"><net_src comp="1208" pin="1"/><net_sink comp="1464" pin=0"/></net>

<net id="1473"><net_src comp="1204" pin="1"/><net_sink comp="1469" pin=0"/></net>

<net id="1478"><net_src comp="1200" pin="1"/><net_sink comp="1474" pin=0"/></net>

<net id="1483"><net_src comp="1196" pin="1"/><net_sink comp="1479" pin=0"/></net>

<net id="1487"><net_src comp="216" pin="1"/><net_sink comp="1484" pin=0"/></net>

<net id="1488"><net_src comp="1484" pin="1"/><net_sink comp="752" pin=1"/></net>

<net id="1489"><net_src comp="1484" pin="1"/><net_sink comp="757" pin=0"/></net>

<net id="1490"><net_src comp="1484" pin="1"/><net_sink comp="1156" pin=1"/></net>

<net id="1494"><net_src comp="220" pin="1"/><net_sink comp="1491" pin=0"/></net>

<net id="1495"><net_src comp="1491" pin="1"/><net_sink comp="747" pin=1"/></net>

<net id="1496"><net_src comp="1491" pin="1"/><net_sink comp="812" pin=0"/></net>

<net id="1497"><net_src comp="1491" pin="1"/><net_sink comp="1479" pin=1"/></net>

<net id="1501"><net_src comp="224" pin="1"/><net_sink comp="1498" pin=0"/></net>

<net id="1502"><net_src comp="1498" pin="1"/><net_sink comp="742" pin=1"/></net>

<net id="1503"><net_src comp="1498" pin="1"/><net_sink comp="815" pin=0"/></net>

<net id="1504"><net_src comp="1498" pin="1"/><net_sink comp="1474" pin=1"/></net>

<net id="1508"><net_src comp="228" pin="1"/><net_sink comp="1505" pin=0"/></net>

<net id="1509"><net_src comp="1505" pin="1"/><net_sink comp="737" pin=1"/></net>

<net id="1510"><net_src comp="1505" pin="1"/><net_sink comp="818" pin=0"/></net>

<net id="1511"><net_src comp="1505" pin="1"/><net_sink comp="1469" pin=1"/></net>

<net id="1515"><net_src comp="232" pin="1"/><net_sink comp="1512" pin=0"/></net>

<net id="1516"><net_src comp="1512" pin="1"/><net_sink comp="732" pin=1"/></net>

<net id="1517"><net_src comp="1512" pin="1"/><net_sink comp="821" pin=0"/></net>

<net id="1518"><net_src comp="1512" pin="1"/><net_sink comp="1464" pin=1"/></net>

<net id="1522"><net_src comp="236" pin="1"/><net_sink comp="1519" pin=0"/></net>

<net id="1523"><net_src comp="1519" pin="1"/><net_sink comp="727" pin=1"/></net>

<net id="1524"><net_src comp="1519" pin="1"/><net_sink comp="824" pin=0"/></net>

<net id="1525"><net_src comp="1519" pin="1"/><net_sink comp="1459" pin=1"/></net>

<net id="1529"><net_src comp="240" pin="1"/><net_sink comp="1526" pin=0"/></net>

<net id="1530"><net_src comp="1526" pin="1"/><net_sink comp="722" pin=1"/></net>

<net id="1531"><net_src comp="1526" pin="1"/><net_sink comp="827" pin=0"/></net>

<net id="1532"><net_src comp="1526" pin="1"/><net_sink comp="1454" pin=1"/></net>

<net id="1536"><net_src comp="244" pin="1"/><net_sink comp="1533" pin=0"/></net>

<net id="1537"><net_src comp="1533" pin="1"/><net_sink comp="717" pin=1"/></net>

<net id="1538"><net_src comp="1533" pin="1"/><net_sink comp="830" pin=0"/></net>

<net id="1539"><net_src comp="1533" pin="1"/><net_sink comp="1449" pin=1"/></net>

<net id="1543"><net_src comp="248" pin="1"/><net_sink comp="1540" pin=0"/></net>

<net id="1544"><net_src comp="1540" pin="1"/><net_sink comp="712" pin=1"/></net>

<net id="1545"><net_src comp="1540" pin="1"/><net_sink comp="833" pin=0"/></net>

<net id="1546"><net_src comp="1540" pin="1"/><net_sink comp="1444" pin=1"/></net>

<net id="1550"><net_src comp="252" pin="1"/><net_sink comp="1547" pin=0"/></net>

<net id="1551"><net_src comp="1547" pin="1"/><net_sink comp="707" pin=1"/></net>

<net id="1552"><net_src comp="1547" pin="1"/><net_sink comp="836" pin=0"/></net>

<net id="1553"><net_src comp="1547" pin="1"/><net_sink comp="1439" pin=1"/></net>

<net id="1557"><net_src comp="256" pin="1"/><net_sink comp="1554" pin=0"/></net>

<net id="1558"><net_src comp="1554" pin="1"/><net_sink comp="702" pin=1"/></net>

<net id="1559"><net_src comp="1554" pin="1"/><net_sink comp="839" pin=0"/></net>

<net id="1560"><net_src comp="1554" pin="1"/><net_sink comp="1434" pin=1"/></net>

<net id="1564"><net_src comp="260" pin="1"/><net_sink comp="1561" pin=0"/></net>

<net id="1565"><net_src comp="1561" pin="1"/><net_sink comp="697" pin=1"/></net>

<net id="1566"><net_src comp="1561" pin="1"/><net_sink comp="842" pin=0"/></net>

<net id="1567"><net_src comp="1561" pin="1"/><net_sink comp="1429" pin=1"/></net>

<net id="1571"><net_src comp="264" pin="1"/><net_sink comp="1568" pin=0"/></net>

<net id="1572"><net_src comp="1568" pin="1"/><net_sink comp="692" pin=1"/></net>

<net id="1573"><net_src comp="1568" pin="1"/><net_sink comp="845" pin=0"/></net>

<net id="1574"><net_src comp="1568" pin="1"/><net_sink comp="1424" pin=1"/></net>

<net id="1578"><net_src comp="268" pin="1"/><net_sink comp="1575" pin=0"/></net>

<net id="1579"><net_src comp="1575" pin="1"/><net_sink comp="687" pin=1"/></net>

<net id="1580"><net_src comp="1575" pin="1"/><net_sink comp="848" pin=0"/></net>

<net id="1581"><net_src comp="1575" pin="1"/><net_sink comp="1419" pin=1"/></net>

<net id="1585"><net_src comp="272" pin="1"/><net_sink comp="1582" pin=0"/></net>

<net id="1586"><net_src comp="1582" pin="1"/><net_sink comp="682" pin=1"/></net>

<net id="1587"><net_src comp="1582" pin="1"/><net_sink comp="851" pin=0"/></net>

<net id="1588"><net_src comp="1582" pin="1"/><net_sink comp="1414" pin=1"/></net>

<net id="1592"><net_src comp="276" pin="1"/><net_sink comp="1589" pin=0"/></net>

<net id="1593"><net_src comp="1589" pin="1"/><net_sink comp="677" pin=1"/></net>

<net id="1594"><net_src comp="1589" pin="1"/><net_sink comp="854" pin=0"/></net>

<net id="1595"><net_src comp="1589" pin="1"/><net_sink comp="1409" pin=1"/></net>

<net id="1599"><net_src comp="280" pin="1"/><net_sink comp="1596" pin=0"/></net>

<net id="1600"><net_src comp="1596" pin="1"/><net_sink comp="672" pin=1"/></net>

<net id="1601"><net_src comp="1596" pin="1"/><net_sink comp="857" pin=0"/></net>

<net id="1602"><net_src comp="1596" pin="1"/><net_sink comp="1404" pin=1"/></net>

<net id="1606"><net_src comp="284" pin="1"/><net_sink comp="1603" pin=0"/></net>

<net id="1607"><net_src comp="1603" pin="1"/><net_sink comp="667" pin=1"/></net>

<net id="1608"><net_src comp="1603" pin="1"/><net_sink comp="860" pin=0"/></net>

<net id="1609"><net_src comp="1603" pin="1"/><net_sink comp="1399" pin=1"/></net>

<net id="1613"><net_src comp="288" pin="1"/><net_sink comp="1610" pin=0"/></net>

<net id="1614"><net_src comp="1610" pin="1"/><net_sink comp="662" pin=1"/></net>

<net id="1615"><net_src comp="1610" pin="1"/><net_sink comp="863" pin=0"/></net>

<net id="1616"><net_src comp="1610" pin="1"/><net_sink comp="1394" pin=1"/></net>

<net id="1620"><net_src comp="292" pin="1"/><net_sink comp="1617" pin=0"/></net>

<net id="1621"><net_src comp="1617" pin="1"/><net_sink comp="657" pin=1"/></net>

<net id="1622"><net_src comp="1617" pin="1"/><net_sink comp="866" pin=0"/></net>

<net id="1623"><net_src comp="1617" pin="1"/><net_sink comp="1389" pin=1"/></net>

<net id="1627"><net_src comp="296" pin="1"/><net_sink comp="1624" pin=0"/></net>

<net id="1628"><net_src comp="1624" pin="1"/><net_sink comp="652" pin=1"/></net>

<net id="1629"><net_src comp="1624" pin="1"/><net_sink comp="869" pin=0"/></net>

<net id="1630"><net_src comp="1624" pin="1"/><net_sink comp="1384" pin=1"/></net>

<net id="1634"><net_src comp="300" pin="1"/><net_sink comp="1631" pin=0"/></net>

<net id="1635"><net_src comp="1631" pin="1"/><net_sink comp="647" pin=1"/></net>

<net id="1636"><net_src comp="1631" pin="1"/><net_sink comp="872" pin=0"/></net>

<net id="1637"><net_src comp="1631" pin="1"/><net_sink comp="1379" pin=1"/></net>

<net id="1641"><net_src comp="304" pin="1"/><net_sink comp="1638" pin=0"/></net>

<net id="1642"><net_src comp="1638" pin="1"/><net_sink comp="642" pin=1"/></net>

<net id="1643"><net_src comp="1638" pin="1"/><net_sink comp="875" pin=0"/></net>

<net id="1644"><net_src comp="1638" pin="1"/><net_sink comp="1374" pin=1"/></net>

<net id="1648"><net_src comp="308" pin="1"/><net_sink comp="1645" pin=0"/></net>

<net id="1649"><net_src comp="1645" pin="1"/><net_sink comp="637" pin=1"/></net>

<net id="1650"><net_src comp="1645" pin="1"/><net_sink comp="878" pin=0"/></net>

<net id="1651"><net_src comp="1645" pin="1"/><net_sink comp="1369" pin=1"/></net>

<net id="1655"><net_src comp="312" pin="1"/><net_sink comp="1652" pin=0"/></net>

<net id="1656"><net_src comp="1652" pin="1"/><net_sink comp="632" pin=1"/></net>

<net id="1657"><net_src comp="1652" pin="1"/><net_sink comp="881" pin=0"/></net>

<net id="1658"><net_src comp="1652" pin="1"/><net_sink comp="1364" pin=1"/></net>

<net id="1662"><net_src comp="316" pin="1"/><net_sink comp="1659" pin=0"/></net>

<net id="1663"><net_src comp="1659" pin="1"/><net_sink comp="627" pin=1"/></net>

<net id="1664"><net_src comp="1659" pin="1"/><net_sink comp="884" pin=0"/></net>

<net id="1665"><net_src comp="1659" pin="1"/><net_sink comp="1359" pin=1"/></net>

<net id="1669"><net_src comp="320" pin="1"/><net_sink comp="1666" pin=0"/></net>

<net id="1670"><net_src comp="1666" pin="1"/><net_sink comp="622" pin=1"/></net>

<net id="1671"><net_src comp="1666" pin="1"/><net_sink comp="887" pin=0"/></net>

<net id="1672"><net_src comp="1666" pin="1"/><net_sink comp="1354" pin=1"/></net>

<net id="1676"><net_src comp="324" pin="1"/><net_sink comp="1673" pin=0"/></net>

<net id="1677"><net_src comp="1673" pin="1"/><net_sink comp="617" pin=1"/></net>

<net id="1678"><net_src comp="1673" pin="1"/><net_sink comp="890" pin=0"/></net>

<net id="1679"><net_src comp="1673" pin="1"/><net_sink comp="1349" pin=1"/></net>

<net id="1683"><net_src comp="328" pin="1"/><net_sink comp="1680" pin=0"/></net>

<net id="1684"><net_src comp="1680" pin="1"/><net_sink comp="612" pin=1"/></net>

<net id="1685"><net_src comp="1680" pin="1"/><net_sink comp="893" pin=0"/></net>

<net id="1686"><net_src comp="1680" pin="1"/><net_sink comp="1344" pin=1"/></net>

<net id="1690"><net_src comp="332" pin="1"/><net_sink comp="1687" pin=0"/></net>

<net id="1691"><net_src comp="1687" pin="1"/><net_sink comp="607" pin=1"/></net>

<net id="1692"><net_src comp="1687" pin="1"/><net_sink comp="896" pin=0"/></net>

<net id="1693"><net_src comp="1687" pin="1"/><net_sink comp="1339" pin=1"/></net>

<net id="1697"><net_src comp="336" pin="1"/><net_sink comp="1694" pin=0"/></net>

<net id="1698"><net_src comp="1694" pin="1"/><net_sink comp="602" pin=1"/></net>

<net id="1699"><net_src comp="1694" pin="1"/><net_sink comp="899" pin=0"/></net>

<net id="1700"><net_src comp="1694" pin="1"/><net_sink comp="1334" pin=1"/></net>

<net id="1704"><net_src comp="340" pin="1"/><net_sink comp="1701" pin=0"/></net>

<net id="1705"><net_src comp="1701" pin="1"/><net_sink comp="597" pin=1"/></net>

<net id="1706"><net_src comp="1701" pin="1"/><net_sink comp="902" pin=0"/></net>

<net id="1707"><net_src comp="1701" pin="1"/><net_sink comp="1329" pin=1"/></net>

<net id="1711"><net_src comp="344" pin="1"/><net_sink comp="1708" pin=0"/></net>

<net id="1712"><net_src comp="1708" pin="1"/><net_sink comp="592" pin=1"/></net>

<net id="1713"><net_src comp="1708" pin="1"/><net_sink comp="905" pin=0"/></net>

<net id="1714"><net_src comp="1708" pin="1"/><net_sink comp="1324" pin=1"/></net>

<net id="1718"><net_src comp="352" pin="2"/><net_sink comp="1715" pin=0"/></net>

<net id="1719"><net_src comp="1715" pin="1"/><net_sink comp="1100" pin=1"/></net>

<net id="1720"><net_src comp="1715" pin="1"/><net_sink comp="1113" pin=1"/></net>

<net id="1721"><net_src comp="1715" pin="1"/><net_sink comp="1160" pin=1"/></net>

<net id="1722"><net_src comp="1715" pin="1"/><net_sink comp="1166" pin=1"/></net>

<net id="1723"><net_src comp="1715" pin="1"/><net_sink comp="1172" pin=1"/></net>

<net id="1724"><net_src comp="1715" pin="1"/><net_sink comp="1178" pin=1"/></net>

<net id="1725"><net_src comp="1715" pin="1"/><net_sink comp="1184" pin=1"/></net>

<net id="1726"><net_src comp="1715" pin="1"/><net_sink comp="1190" pin=1"/></net>

<net id="1730"><net_src comp="358" pin="3"/><net_sink comp="1727" pin=0"/></net>

<net id="1731"><net_src comp="1727" pin="1"/><net_sink comp="422" pin=2"/></net>

<net id="1735"><net_src comp="366" pin="3"/><net_sink comp="1732" pin=0"/></net>

<net id="1736"><net_src comp="1732" pin="1"/><net_sink comp="422" pin=0"/></net>

<net id="1740"><net_src comp="374" pin="3"/><net_sink comp="1737" pin=0"/></net>

<net id="1741"><net_src comp="1737" pin="1"/><net_sink comp="422" pin=2"/></net>

<net id="1745"><net_src comp="382" pin="3"/><net_sink comp="1742" pin=0"/></net>

<net id="1746"><net_src comp="1742" pin="1"/><net_sink comp="422" pin=0"/></net>

<net id="1750"><net_src comp="390" pin="3"/><net_sink comp="1747" pin=0"/></net>

<net id="1751"><net_src comp="1747" pin="1"/><net_sink comp="422" pin=2"/></net>

<net id="1755"><net_src comp="398" pin="3"/><net_sink comp="1752" pin=0"/></net>

<net id="1756"><net_src comp="1752" pin="1"/><net_sink comp="422" pin=0"/></net>

<net id="1760"><net_src comp="406" pin="3"/><net_sink comp="1757" pin=0"/></net>

<net id="1761"><net_src comp="1757" pin="1"/><net_sink comp="422" pin=2"/></net>

<net id="1765"><net_src comp="414" pin="3"/><net_sink comp="1762" pin=0"/></net>

<net id="1766"><net_src comp="1762" pin="1"/><net_sink comp="422" pin=0"/></net>

<net id="1773"><net_src comp="766" pin="2"/><net_sink comp="1770" pin=0"/></net>

<net id="1774"><net_src comp="1770" pin="1"/><net_sink comp="1156" pin=0"/></net>

<net id="1778"><net_src comp="796" pin="2"/><net_sink comp="1775" pin=0"/></net>

<net id="1779"><net_src comp="1775" pin="1"/><net_sink comp="1100" pin=2"/></net>

<net id="1783"><net_src comp="802" pin="4"/><net_sink comp="1780" pin=0"/></net>

<net id="1784"><net_src comp="1780" pin="1"/><net_sink comp="1106" pin=1"/></net>

<net id="1788"><net_src comp="1106" pin="3"/><net_sink comp="1785" pin=0"/></net>

<net id="1789"><net_src comp="1785" pin="1"/><net_sink comp="1113" pin=2"/></net>

<net id="1793"><net_src comp="1120" pin="2"/><net_sink comp="1790" pin=0"/></net>

<net id="1794"><net_src comp="1790" pin="1"/><net_sink comp="1160" pin=2"/></net>

<net id="1798"><net_src comp="1126" pin="2"/><net_sink comp="1795" pin=0"/></net>

<net id="1799"><net_src comp="1795" pin="1"/><net_sink comp="1166" pin=2"/></net>

<net id="1803"><net_src comp="1132" pin="2"/><net_sink comp="1800" pin=0"/></net>

<net id="1804"><net_src comp="1800" pin="1"/><net_sink comp="1172" pin=2"/></net>

<net id="1808"><net_src comp="1138" pin="2"/><net_sink comp="1805" pin=0"/></net>

<net id="1809"><net_src comp="1805" pin="1"/><net_sink comp="1178" pin=2"/></net>

<net id="1813"><net_src comp="1144" pin="2"/><net_sink comp="1810" pin=0"/></net>

<net id="1814"><net_src comp="1810" pin="1"/><net_sink comp="1184" pin=2"/></net>

<net id="1818"><net_src comp="1150" pin="2"/><net_sink comp="1815" pin=0"/></net>

<net id="1819"><net_src comp="1815" pin="1"/><net_sink comp="1190" pin=2"/></net>

<net id="1823"><net_src comp="1100" pin="3"/><net_sink comp="1820" pin=0"/></net>

<net id="1824"><net_src comp="1820" pin="1"/><net_sink comp="422" pin=4"/></net>

<net id="1828"><net_src comp="1113" pin="3"/><net_sink comp="1825" pin=0"/></net>

<net id="1829"><net_src comp="1825" pin="1"/><net_sink comp="422" pin=1"/></net>

<net id="1833"><net_src comp="1160" pin="3"/><net_sink comp="1830" pin=0"/></net>

<net id="1834"><net_src comp="1830" pin="1"/><net_sink comp="422" pin=4"/></net>

<net id="1838"><net_src comp="1166" pin="3"/><net_sink comp="1835" pin=0"/></net>

<net id="1839"><net_src comp="1835" pin="1"/><net_sink comp="422" pin=1"/></net>

<net id="1843"><net_src comp="1172" pin="3"/><net_sink comp="1840" pin=0"/></net>

<net id="1844"><net_src comp="1840" pin="1"/><net_sink comp="422" pin=4"/></net>

<net id="1848"><net_src comp="1178" pin="3"/><net_sink comp="1845" pin=0"/></net>

<net id="1849"><net_src comp="1845" pin="1"/><net_sink comp="422" pin=1"/></net>

<net id="1853"><net_src comp="1184" pin="3"/><net_sink comp="1850" pin=0"/></net>

<net id="1854"><net_src comp="1850" pin="1"/><net_sink comp="422" pin=4"/></net>

<net id="1858"><net_src comp="1190" pin="3"/><net_sink comp="1855" pin=0"/></net>

<net id="1859"><net_src comp="1855" pin="1"/><net_sink comp="422" pin=1"/></net>

</net_list>

</model> 
---------------- Datapath Model END ------------------

* FSMD analyzer results:
  - Output states:
	Port: input_layer | {}
	Port: void_lstm_static_bool_ap_fixed_ap_fixed_ap_fixed_weight_t_recurrent_weight_t_9 | {9 10 }
	Port: void_lstm_static_bool_ap_fixed_ap_fixed_ap_fixed_weight_t_recurrent_weight_t_8 | {9 10 }
	Port: void_lstm_static_bool_ap_fixed_ap_fixed_ap_fixed_weight_t_recurrent_weight_t_7 | {9 10 }
	Port: void_lstm_static_bool_ap_fixed_ap_fixed_ap_fixed_weight_t_recurrent_weight_t_6 | {9 10 }
	Port: void_lstm_static_bool_ap_fixed_ap_fixed_ap_fixed_weight_t_recurrent_weight_t_5 | {9 10 }
	Port: void_lstm_static_bool_ap_fixed_ap_fixed_ap_fixed_weight_t_recurrent_weight_t_4 | {9 10 }
	Port: void_lstm_static_bool_ap_fixed_ap_fixed_ap_fixed_weight_t_recurrent_weight_t_3 | {9 10 }
	Port: void_lstm_static_bool_ap_fixed_ap_fixed_ap_fixed_weight_t_recurrent_weight_t_2 | {9 10 }
	Port: void_lstm_static_bool_ap_fixed_ap_fixed_ap_fixed_weight_t_recurrent_weight_t_1 | {9 10 }
	Port: void_lstm_static_bool_ap_fixed_ap_fixed_ap_fixed_weight_t_recurrent_weight_t | {9 10 }
	Port: p_ZZN4nnet11lstm_staticI8ap_fixedILi14ELi7EL9ap_q_mode0EL9ap_o_mode3ELi0EES4_7con_21 | {9 10 }
	Port: p_ZZN4nnet11lstm_staticI8ap_fixedILi14ELi7EL9ap_q_mode0EL9ap_o_mode3ELi0EES4_7con_20 | {9 10 }
	Port: p_ZZN4nnet11lstm_staticI8ap_fixedILi14ELi7EL9ap_q_mode0EL9ap_o_mode3ELi0EES4_7con_19 | {9 10 }
	Port: p_ZZN4nnet11lstm_staticI8ap_fixedILi14ELi7EL9ap_q_mode0EL9ap_o_mode3ELi0EES4_7con_18 | {9 10 }
	Port: p_ZZN4nnet11lstm_staticI8ap_fixedILi14ELi7EL9ap_q_mode0EL9ap_o_mode3ELi0EES4_7con_17 | {9 10 }
	Port: p_ZZN4nnet11lstm_staticI8ap_fixedILi14ELi7EL9ap_q_mode0EL9ap_o_mode3ELi0EES4_7con_16 | {9 10 }
	Port: p_ZZN4nnet11lstm_staticI8ap_fixedILi14ELi7EL9ap_q_mode0EL9ap_o_mode3ELi0EES4_7con_15 | {9 10 }
	Port: p_ZZN4nnet11lstm_staticI8ap_fixedILi14ELi7EL9ap_q_mode0EL9ap_o_mode3ELi0EES4_7con_14 | {9 10 }
	Port: p_ZZN4nnet11lstm_staticI8ap_fixedILi14ELi7EL9ap_q_mode0EL9ap_o_mode3ELi0EES4_7con_13 | {9 10 }
	Port: p_ZZN4nnet11lstm_staticI8ap_fixedILi14ELi7EL9ap_q_mode0EL9ap_o_mode3ELi0EES4_7con_12 | {9 10 }
	Port: p_ZZN4nnet11lstm_staticI8ap_fixedILi14ELi7EL9ap_q_mode0EL9ap_o_mode3ELi0EES4_7con_11 | {9 10 }
	Port: p_ZZN4nnet11lstm_staticI8ap_fixedILi14ELi7EL9ap_q_mode0EL9ap_o_mode3ELi0EES4_7con_10 | {9 10 }
	Port: p_ZZN4nnet11lstm_staticI8ap_fixedILi14ELi7EL9ap_q_mode0EL9ap_o_mode3ELi0EES4_7con_9 | {9 10 }
	Port: p_ZZN4nnet11lstm_staticI8ap_fixedILi14ELi7EL9ap_q_mode0EL9ap_o_mode3ELi0EES4_7con_8 | {9 10 }
	Port: p_ZZN4nnet11lstm_staticI8ap_fixedILi14ELi7EL9ap_q_mode0EL9ap_o_mode3ELi0EES4_7con_7 | {9 10 }
	Port: p_ZZN4nnet11lstm_staticI8ap_fixedILi14ELi7EL9ap_q_mode0EL9ap_o_mode3ELi0EES4_7con_6 | {9 10 }
	Port: p_ZZN4nnet11lstm_staticI8ap_fixedILi14ELi7EL9ap_q_mode0EL9ap_o_mode3ELi0EES4_7con_5 | {9 10 }
	Port: p_ZZN4nnet11lstm_staticI8ap_fixedILi14ELi7EL9ap_q_mode0EL9ap_o_mode3ELi0EES4_7con_4 | {9 10 }
	Port: p_ZZN4nnet11lstm_staticI8ap_fixedILi14ELi7EL9ap_q_mode0EL9ap_o_mode3ELi0EES4_7con_3 | {9 10 }
	Port: p_ZZN4nnet11lstm_staticI8ap_fixedILi14ELi7EL9ap_q_mode0EL9ap_o_mode3ELi0EES4_7con_2 | {9 10 }
	Port: p_ZZN4nnet11lstm_staticI8ap_fixedILi14ELi7EL9ap_q_mode0EL9ap_o_mode3ELi0EES4_7con_1 | {9 10 }
	Port: p_ZZN4nnet11lstm_staticI8ap_fixedILi14ELi7EL9ap_q_mode0EL9ap_o_mode3ELi0EES4_7con | {9 10 }
	Port: void_lstm_static_bool_ap_fixed_ap_fixed_ap_fixed_weight_t_recurrent_weight_t_19 | {9 10 }
	Port: void_lstm_static_bool_ap_fixed_ap_fixed_ap_fixed_weight_t_recurrent_weight_t_18 | {9 10 }
	Port: void_lstm_static_bool_ap_fixed_ap_fixed_ap_fixed_weight_t_recurrent_weight_t_17 | {9 10 }
	Port: void_lstm_static_bool_ap_fixed_ap_fixed_ap_fixed_weight_t_recurrent_weight_t_16 | {9 10 }
	Port: void_lstm_static_bool_ap_fixed_ap_fixed_ap_fixed_weight_t_recurrent_weight_t_15 | {9 10 }
	Port: void_lstm_static_bool_ap_fixed_ap_fixed_ap_fixed_weight_t_recurrent_weight_t_14 | {9 10 }
	Port: void_lstm_static_bool_ap_fixed_ap_fixed_ap_fixed_weight_t_recurrent_weight_t_13 | {9 10 }
	Port: void_lstm_static_bool_ap_fixed_ap_fixed_ap_fixed_weight_t_recurrent_weight_t_12 | {9 10 }
	Port: void_lstm_static_bool_ap_fixed_ap_fixed_ap_fixed_weight_t_recurrent_weight_t_11 | {9 10 }
	Port: void_lstm_static_bool_ap_fixed_ap_fixed_ap_fixed_weight_t_recurrent_weight_t_10 | {9 10 }
	Port: p_ZZN4nnet11lstm_staticI8ap_fixedILi14ELi7EL9ap_q_mode0EL9ap_o_mode3ELi0EES4_7con_43 | {9 10 }
	Port: p_ZZN4nnet11lstm_staticI8ap_fixedILi14ELi7EL9ap_q_mode0EL9ap_o_mode3ELi0EES4_7con_42 | {9 10 }
	Port: p_ZZN4nnet11lstm_staticI8ap_fixedILi14ELi7EL9ap_q_mode0EL9ap_o_mode3ELi0EES4_7con_41 | {9 10 }
	Port: p_ZZN4nnet11lstm_staticI8ap_fixedILi14ELi7EL9ap_q_mode0EL9ap_o_mode3ELi0EES4_7con_40 | {9 10 }
	Port: p_ZZN4nnet11lstm_staticI8ap_fixedILi14ELi7EL9ap_q_mode0EL9ap_o_mode3ELi0EES4_7con_39 | {9 10 }
	Port: p_ZZN4nnet11lstm_staticI8ap_fixedILi14ELi7EL9ap_q_mode0EL9ap_o_mode3ELi0EES4_7con_38 | {9 10 }
	Port: p_ZZN4nnet11lstm_staticI8ap_fixedILi14ELi7EL9ap_q_mode0EL9ap_o_mode3ELi0EES4_7con_37 | {9 10 }
	Port: p_ZZN4nnet11lstm_staticI8ap_fixedILi14ELi7EL9ap_q_mode0EL9ap_o_mode3ELi0EES4_7con_36 | {9 10 }
	Port: p_ZZN4nnet11lstm_staticI8ap_fixedILi14ELi7EL9ap_q_mode0EL9ap_o_mode3ELi0EES4_7con_35 | {9 10 }
	Port: p_ZZN4nnet11lstm_staticI8ap_fixedILi14ELi7EL9ap_q_mode0EL9ap_o_mode3ELi0EES4_7con_34 | {9 10 }
	Port: p_ZZN4nnet11lstm_staticI8ap_fixedILi14ELi7EL9ap_q_mode0EL9ap_o_mode3ELi0EES4_7con_33 | {9 10 }
	Port: p_ZZN4nnet11lstm_staticI8ap_fixedILi14ELi7EL9ap_q_mode0EL9ap_o_mode3ELi0EES4_7con_32 | {9 10 }
	Port: p_ZZN4nnet11lstm_staticI8ap_fixedILi14ELi7EL9ap_q_mode0EL9ap_o_mode3ELi0EES4_7con_31 | {9 10 }
	Port: p_ZZN4nnet11lstm_staticI8ap_fixedILi14ELi7EL9ap_q_mode0EL9ap_o_mode3ELi0EES4_7con_30 | {9 10 }
	Port: p_ZZN4nnet11lstm_staticI8ap_fixedILi14ELi7EL9ap_q_mode0EL9ap_o_mode3ELi0EES4_7con_29 | {9 10 }
	Port: p_ZZN4nnet11lstm_staticI8ap_fixedILi14ELi7EL9ap_q_mode0EL9ap_o_mode3ELi0EES4_7con_28 | {9 10 }
	Port: p_ZZN4nnet11lstm_staticI8ap_fixedILi14ELi7EL9ap_q_mode0EL9ap_o_mode3ELi0EES4_7con_27 | {9 10 }
	Port: p_ZZN4nnet11lstm_staticI8ap_fixedILi14ELi7EL9ap_q_mode0EL9ap_o_mode3ELi0EES4_7con_26 | {9 10 }
	Port: p_ZZN4nnet11lstm_staticI8ap_fixedILi14ELi7EL9ap_q_mode0EL9ap_o_mode3ELi0EES4_7con_25 | {9 10 }
	Port: p_ZZN4nnet11lstm_staticI8ap_fixedILi14ELi7EL9ap_q_mode0EL9ap_o_mode3ELi0EES4_7con_24 | {9 10 }
	Port: p_ZZN4nnet11lstm_staticI8ap_fixedILi14ELi7EL9ap_q_mode0EL9ap_o_mode3ELi0EES4_7con_23 | {9 10 }
	Port: p_ZZN4nnet11lstm_staticI8ap_fixedILi14ELi7EL9ap_q_mode0EL9ap_o_mode3ELi0EES4_7con_22 | {9 10 }
	Port: outidx | {}
	Port: w2 | {}
	Port: outidx_4 | {}
	Port: wr2 | {}
	Port: sigmoid_table | {}
	Port: tanh_table | {}
 - Input state : 
	Port: lstm_stack<ap_fixed<14, 7, 0, 3, 0>, ap_fixed<14, 7, 0, 3, 0>, config2> : input_layer | {1 }
	Port: lstm_stack<ap_fixed<14, 7, 0, 3, 0>, ap_fixed<14, 7, 0, 3, 0>, config2> : void_lstm_static_bool_ap_fixed_ap_fixed_ap_fixed_weight_t_recurrent_weight_t_9 | {9 10 }
	Port: lstm_stack<ap_fixed<14, 7, 0, 3, 0>, ap_fixed<14, 7, 0, 3, 0>, config2> : void_lstm_static_bool_ap_fixed_ap_fixed_ap_fixed_weight_t_recurrent_weight_t_8 | {9 10 }
	Port: lstm_stack<ap_fixed<14, 7, 0, 3, 0>, ap_fixed<14, 7, 0, 3, 0>, config2> : void_lstm_static_bool_ap_fixed_ap_fixed_ap_fixed_weight_t_recurrent_weight_t_7 | {9 10 }
	Port: lstm_stack<ap_fixed<14, 7, 0, 3, 0>, ap_fixed<14, 7, 0, 3, 0>, config2> : void_lstm_static_bool_ap_fixed_ap_fixed_ap_fixed_weight_t_recurrent_weight_t_6 | {9 10 }
	Port: lstm_stack<ap_fixed<14, 7, 0, 3, 0>, ap_fixed<14, 7, 0, 3, 0>, config2> : void_lstm_static_bool_ap_fixed_ap_fixed_ap_fixed_weight_t_recurrent_weight_t_5 | {9 10 }
	Port: lstm_stack<ap_fixed<14, 7, 0, 3, 0>, ap_fixed<14, 7, 0, 3, 0>, config2> : void_lstm_static_bool_ap_fixed_ap_fixed_ap_fixed_weight_t_recurrent_weight_t_4 | {9 10 }
	Port: lstm_stack<ap_fixed<14, 7, 0, 3, 0>, ap_fixed<14, 7, 0, 3, 0>, config2> : void_lstm_static_bool_ap_fixed_ap_fixed_ap_fixed_weight_t_recurrent_weight_t_3 | {9 10 }
	Port: lstm_stack<ap_fixed<14, 7, 0, 3, 0>, ap_fixed<14, 7, 0, 3, 0>, config2> : void_lstm_static_bool_ap_fixed_ap_fixed_ap_fixed_weight_t_recurrent_weight_t_2 | {9 10 }
	Port: lstm_stack<ap_fixed<14, 7, 0, 3, 0>, ap_fixed<14, 7, 0, 3, 0>, config2> : void_lstm_static_bool_ap_fixed_ap_fixed_ap_fixed_weight_t_recurrent_weight_t_1 | {9 10 }
	Port: lstm_stack<ap_fixed<14, 7, 0, 3, 0>, ap_fixed<14, 7, 0, 3, 0>, config2> : void_lstm_static_bool_ap_fixed_ap_fixed_ap_fixed_weight_t_recurrent_weight_t | {9 10 }
	Port: lstm_stack<ap_fixed<14, 7, 0, 3, 0>, ap_fixed<14, 7, 0, 3, 0>, config2> : p_ZZN4nnet11lstm_staticI8ap_fixedILi14ELi7EL9ap_q_mode0EL9ap_o_mode3ELi0EES4_7con_21 | {9 10 }
	Port: lstm_stack<ap_fixed<14, 7, 0, 3, 0>, ap_fixed<14, 7, 0, 3, 0>, config2> : p_ZZN4nnet11lstm_staticI8ap_fixedILi14ELi7EL9ap_q_mode0EL9ap_o_mode3ELi0EES4_7con_20 | {9 10 }
	Port: lstm_stack<ap_fixed<14, 7, 0, 3, 0>, ap_fixed<14, 7, 0, 3, 0>, config2> : p_ZZN4nnet11lstm_staticI8ap_fixedILi14ELi7EL9ap_q_mode0EL9ap_o_mode3ELi0EES4_7con_19 | {9 10 }
	Port: lstm_stack<ap_fixed<14, 7, 0, 3, 0>, ap_fixed<14, 7, 0, 3, 0>, config2> : p_ZZN4nnet11lstm_staticI8ap_fixedILi14ELi7EL9ap_q_mode0EL9ap_o_mode3ELi0EES4_7con_18 | {9 10 }
	Port: lstm_stack<ap_fixed<14, 7, 0, 3, 0>, ap_fixed<14, 7, 0, 3, 0>, config2> : p_ZZN4nnet11lstm_staticI8ap_fixedILi14ELi7EL9ap_q_mode0EL9ap_o_mode3ELi0EES4_7con_17 | {9 10 }
	Port: lstm_stack<ap_fixed<14, 7, 0, 3, 0>, ap_fixed<14, 7, 0, 3, 0>, config2> : p_ZZN4nnet11lstm_staticI8ap_fixedILi14ELi7EL9ap_q_mode0EL9ap_o_mode3ELi0EES4_7con_16 | {9 10 }
	Port: lstm_stack<ap_fixed<14, 7, 0, 3, 0>, ap_fixed<14, 7, 0, 3, 0>, config2> : p_ZZN4nnet11lstm_staticI8ap_fixedILi14ELi7EL9ap_q_mode0EL9ap_o_mode3ELi0EES4_7con_15 | {9 10 }
	Port: lstm_stack<ap_fixed<14, 7, 0, 3, 0>, ap_fixed<14, 7, 0, 3, 0>, config2> : p_ZZN4nnet11lstm_staticI8ap_fixedILi14ELi7EL9ap_q_mode0EL9ap_o_mode3ELi0EES4_7con_14 | {9 10 }
	Port: lstm_stack<ap_fixed<14, 7, 0, 3, 0>, ap_fixed<14, 7, 0, 3, 0>, config2> : p_ZZN4nnet11lstm_staticI8ap_fixedILi14ELi7EL9ap_q_mode0EL9ap_o_mode3ELi0EES4_7con_13 | {9 10 }
	Port: lstm_stack<ap_fixed<14, 7, 0, 3, 0>, ap_fixed<14, 7, 0, 3, 0>, config2> : p_ZZN4nnet11lstm_staticI8ap_fixedILi14ELi7EL9ap_q_mode0EL9ap_o_mode3ELi0EES4_7con_12 | {9 10 }
	Port: lstm_stack<ap_fixed<14, 7, 0, 3, 0>, ap_fixed<14, 7, 0, 3, 0>, config2> : p_ZZN4nnet11lstm_staticI8ap_fixedILi14ELi7EL9ap_q_mode0EL9ap_o_mode3ELi0EES4_7con_11 | {9 10 }
	Port: lstm_stack<ap_fixed<14, 7, 0, 3, 0>, ap_fixed<14, 7, 0, 3, 0>, config2> : p_ZZN4nnet11lstm_staticI8ap_fixedILi14ELi7EL9ap_q_mode0EL9ap_o_mode3ELi0EES4_7con_10 | {9 10 }
	Port: lstm_stack<ap_fixed<14, 7, 0, 3, 0>, ap_fixed<14, 7, 0, 3, 0>, config2> : p_ZZN4nnet11lstm_staticI8ap_fixedILi14ELi7EL9ap_q_mode0EL9ap_o_mode3ELi0EES4_7con_9 | {9 10 }
	Port: lstm_stack<ap_fixed<14, 7, 0, 3, 0>, ap_fixed<14, 7, 0, 3, 0>, config2> : p_ZZN4nnet11lstm_staticI8ap_fixedILi14ELi7EL9ap_q_mode0EL9ap_o_mode3ELi0EES4_7con_8 | {9 10 }
	Port: lstm_stack<ap_fixed<14, 7, 0, 3, 0>, ap_fixed<14, 7, 0, 3, 0>, config2> : p_ZZN4nnet11lstm_staticI8ap_fixedILi14ELi7EL9ap_q_mode0EL9ap_o_mode3ELi0EES4_7con_7 | {9 10 }
	Port: lstm_stack<ap_fixed<14, 7, 0, 3, 0>, ap_fixed<14, 7, 0, 3, 0>, config2> : p_ZZN4nnet11lstm_staticI8ap_fixedILi14ELi7EL9ap_q_mode0EL9ap_o_mode3ELi0EES4_7con_6 | {9 10 }
	Port: lstm_stack<ap_fixed<14, 7, 0, 3, 0>, ap_fixed<14, 7, 0, 3, 0>, config2> : p_ZZN4nnet11lstm_staticI8ap_fixedILi14ELi7EL9ap_q_mode0EL9ap_o_mode3ELi0EES4_7con_5 | {9 10 }
	Port: lstm_stack<ap_fixed<14, 7, 0, 3, 0>, ap_fixed<14, 7, 0, 3, 0>, config2> : p_ZZN4nnet11lstm_staticI8ap_fixedILi14ELi7EL9ap_q_mode0EL9ap_o_mode3ELi0EES4_7con_4 | {9 10 }
	Port: lstm_stack<ap_fixed<14, 7, 0, 3, 0>, ap_fixed<14, 7, 0, 3, 0>, config2> : p_ZZN4nnet11lstm_staticI8ap_fixedILi14ELi7EL9ap_q_mode0EL9ap_o_mode3ELi0EES4_7con_3 | {9 10 }
	Port: lstm_stack<ap_fixed<14, 7, 0, 3, 0>, ap_fixed<14, 7, 0, 3, 0>, config2> : p_ZZN4nnet11lstm_staticI8ap_fixedILi14ELi7EL9ap_q_mode0EL9ap_o_mode3ELi0EES4_7con_2 | {9 10 }
	Port: lstm_stack<ap_fixed<14, 7, 0, 3, 0>, ap_fixed<14, 7, 0, 3, 0>, config2> : p_ZZN4nnet11lstm_staticI8ap_fixedILi14ELi7EL9ap_q_mode0EL9ap_o_mode3ELi0EES4_7con_1 | {9 10 }
	Port: lstm_stack<ap_fixed<14, 7, 0, 3, 0>, ap_fixed<14, 7, 0, 3, 0>, config2> : p_ZZN4nnet11lstm_staticI8ap_fixedILi14ELi7EL9ap_q_mode0EL9ap_o_mode3ELi0EES4_7con | {9 10 }
	Port: lstm_stack<ap_fixed<14, 7, 0, 3, 0>, ap_fixed<14, 7, 0, 3, 0>, config2> : void_lstm_static_bool_ap_fixed_ap_fixed_ap_fixed_weight_t_recurrent_weight_t_19 | {9 10 }
	Port: lstm_stack<ap_fixed<14, 7, 0, 3, 0>, ap_fixed<14, 7, 0, 3, 0>, config2> : void_lstm_static_bool_ap_fixed_ap_fixed_ap_fixed_weight_t_recurrent_weight_t_18 | {9 10 }
	Port: lstm_stack<ap_fixed<14, 7, 0, 3, 0>, ap_fixed<14, 7, 0, 3, 0>, config2> : void_lstm_static_bool_ap_fixed_ap_fixed_ap_fixed_weight_t_recurrent_weight_t_17 | {9 10 }
	Port: lstm_stack<ap_fixed<14, 7, 0, 3, 0>, ap_fixed<14, 7, 0, 3, 0>, config2> : void_lstm_static_bool_ap_fixed_ap_fixed_ap_fixed_weight_t_recurrent_weight_t_16 | {9 10 }
	Port: lstm_stack<ap_fixed<14, 7, 0, 3, 0>, ap_fixed<14, 7, 0, 3, 0>, config2> : void_lstm_static_bool_ap_fixed_ap_fixed_ap_fixed_weight_t_recurrent_weight_t_15 | {9 10 }
	Port: lstm_stack<ap_fixed<14, 7, 0, 3, 0>, ap_fixed<14, 7, 0, 3, 0>, config2> : void_lstm_static_bool_ap_fixed_ap_fixed_ap_fixed_weight_t_recurrent_weight_t_14 | {9 10 }
	Port: lstm_stack<ap_fixed<14, 7, 0, 3, 0>, ap_fixed<14, 7, 0, 3, 0>, config2> : void_lstm_static_bool_ap_fixed_ap_fixed_ap_fixed_weight_t_recurrent_weight_t_13 | {9 10 }
	Port: lstm_stack<ap_fixed<14, 7, 0, 3, 0>, ap_fixed<14, 7, 0, 3, 0>, config2> : void_lstm_static_bool_ap_fixed_ap_fixed_ap_fixed_weight_t_recurrent_weight_t_12 | {9 10 }
	Port: lstm_stack<ap_fixed<14, 7, 0, 3, 0>, ap_fixed<14, 7, 0, 3, 0>, config2> : void_lstm_static_bool_ap_fixed_ap_fixed_ap_fixed_weight_t_recurrent_weight_t_11 | {9 10 }
	Port: lstm_stack<ap_fixed<14, 7, 0, 3, 0>, ap_fixed<14, 7, 0, 3, 0>, config2> : void_lstm_static_bool_ap_fixed_ap_fixed_ap_fixed_weight_t_recurrent_weight_t_10 | {9 10 }
	Port: lstm_stack<ap_fixed<14, 7, 0, 3, 0>, ap_fixed<14, 7, 0, 3, 0>, config2> : p_ZZN4nnet11lstm_staticI8ap_fixedILi14ELi7EL9ap_q_mode0EL9ap_o_mode3ELi0EES4_7con_43 | {9 10 }
	Port: lstm_stack<ap_fixed<14, 7, 0, 3, 0>, ap_fixed<14, 7, 0, 3, 0>, config2> : p_ZZN4nnet11lstm_staticI8ap_fixedILi14ELi7EL9ap_q_mode0EL9ap_o_mode3ELi0EES4_7con_42 | {9 10 }
	Port: lstm_stack<ap_fixed<14, 7, 0, 3, 0>, ap_fixed<14, 7, 0, 3, 0>, config2> : p_ZZN4nnet11lstm_staticI8ap_fixedILi14ELi7EL9ap_q_mode0EL9ap_o_mode3ELi0EES4_7con_41 | {9 10 }
	Port: lstm_stack<ap_fixed<14, 7, 0, 3, 0>, ap_fixed<14, 7, 0, 3, 0>, config2> : p_ZZN4nnet11lstm_staticI8ap_fixedILi14ELi7EL9ap_q_mode0EL9ap_o_mode3ELi0EES4_7con_40 | {9 10 }
	Port: lstm_stack<ap_fixed<14, 7, 0, 3, 0>, ap_fixed<14, 7, 0, 3, 0>, config2> : p_ZZN4nnet11lstm_staticI8ap_fixedILi14ELi7EL9ap_q_mode0EL9ap_o_mode3ELi0EES4_7con_39 | {9 10 }
	Port: lstm_stack<ap_fixed<14, 7, 0, 3, 0>, ap_fixed<14, 7, 0, 3, 0>, config2> : p_ZZN4nnet11lstm_staticI8ap_fixedILi14ELi7EL9ap_q_mode0EL9ap_o_mode3ELi0EES4_7con_38 | {9 10 }
	Port: lstm_stack<ap_fixed<14, 7, 0, 3, 0>, ap_fixed<14, 7, 0, 3, 0>, config2> : p_ZZN4nnet11lstm_staticI8ap_fixedILi14ELi7EL9ap_q_mode0EL9ap_o_mode3ELi0EES4_7con_37 | {9 10 }
	Port: lstm_stack<ap_fixed<14, 7, 0, 3, 0>, ap_fixed<14, 7, 0, 3, 0>, config2> : p_ZZN4nnet11lstm_staticI8ap_fixedILi14ELi7EL9ap_q_mode0EL9ap_o_mode3ELi0EES4_7con_36 | {9 10 }
	Port: lstm_stack<ap_fixed<14, 7, 0, 3, 0>, ap_fixed<14, 7, 0, 3, 0>, config2> : p_ZZN4nnet11lstm_staticI8ap_fixedILi14ELi7EL9ap_q_mode0EL9ap_o_mode3ELi0EES4_7con_35 | {9 10 }
	Port: lstm_stack<ap_fixed<14, 7, 0, 3, 0>, ap_fixed<14, 7, 0, 3, 0>, config2> : p_ZZN4nnet11lstm_staticI8ap_fixedILi14ELi7EL9ap_q_mode0EL9ap_o_mode3ELi0EES4_7con_34 | {9 10 }
	Port: lstm_stack<ap_fixed<14, 7, 0, 3, 0>, ap_fixed<14, 7, 0, 3, 0>, config2> : p_ZZN4nnet11lstm_staticI8ap_fixedILi14ELi7EL9ap_q_mode0EL9ap_o_mode3ELi0EES4_7con_33 | {9 10 }
	Port: lstm_stack<ap_fixed<14, 7, 0, 3, 0>, ap_fixed<14, 7, 0, 3, 0>, config2> : p_ZZN4nnet11lstm_staticI8ap_fixedILi14ELi7EL9ap_q_mode0EL9ap_o_mode3ELi0EES4_7con_32 | {9 10 }
	Port: lstm_stack<ap_fixed<14, 7, 0, 3, 0>, ap_fixed<14, 7, 0, 3, 0>, config2> : p_ZZN4nnet11lstm_staticI8ap_fixedILi14ELi7EL9ap_q_mode0EL9ap_o_mode3ELi0EES4_7con_31 | {9 10 }
	Port: lstm_stack<ap_fixed<14, 7, 0, 3, 0>, ap_fixed<14, 7, 0, 3, 0>, config2> : p_ZZN4nnet11lstm_staticI8ap_fixedILi14ELi7EL9ap_q_mode0EL9ap_o_mode3ELi0EES4_7con_30 | {9 10 }
	Port: lstm_stack<ap_fixed<14, 7, 0, 3, 0>, ap_fixed<14, 7, 0, 3, 0>, config2> : p_ZZN4nnet11lstm_staticI8ap_fixedILi14ELi7EL9ap_q_mode0EL9ap_o_mode3ELi0EES4_7con_29 | {9 10 }
	Port: lstm_stack<ap_fixed<14, 7, 0, 3, 0>, ap_fixed<14, 7, 0, 3, 0>, config2> : p_ZZN4nnet11lstm_staticI8ap_fixedILi14ELi7EL9ap_q_mode0EL9ap_o_mode3ELi0EES4_7con_28 | {9 10 }
	Port: lstm_stack<ap_fixed<14, 7, 0, 3, 0>, ap_fixed<14, 7, 0, 3, 0>, config2> : p_ZZN4nnet11lstm_staticI8ap_fixedILi14ELi7EL9ap_q_mode0EL9ap_o_mode3ELi0EES4_7con_27 | {9 10 }
	Port: lstm_stack<ap_fixed<14, 7, 0, 3, 0>, ap_fixed<14, 7, 0, 3, 0>, config2> : p_ZZN4nnet11lstm_staticI8ap_fixedILi14ELi7EL9ap_q_mode0EL9ap_o_mode3ELi0EES4_7con_26 | {9 10 }
	Port: lstm_stack<ap_fixed<14, 7, 0, 3, 0>, ap_fixed<14, 7, 0, 3, 0>, config2> : p_ZZN4nnet11lstm_staticI8ap_fixedILi14ELi7EL9ap_q_mode0EL9ap_o_mode3ELi0EES4_7con_25 | {9 10 }
	Port: lstm_stack<ap_fixed<14, 7, 0, 3, 0>, ap_fixed<14, 7, 0, 3, 0>, config2> : p_ZZN4nnet11lstm_staticI8ap_fixedILi14ELi7EL9ap_q_mode0EL9ap_o_mode3ELi0EES4_7con_24 | {9 10 }
	Port: lstm_stack<ap_fixed<14, 7, 0, 3, 0>, ap_fixed<14, 7, 0, 3, 0>, config2> : p_ZZN4nnet11lstm_staticI8ap_fixedILi14ELi7EL9ap_q_mode0EL9ap_o_mode3ELi0EES4_7con_23 | {9 10 }
	Port: lstm_stack<ap_fixed<14, 7, 0, 3, 0>, ap_fixed<14, 7, 0, 3, 0>, config2> : p_ZZN4nnet11lstm_staticI8ap_fixedILi14ELi7EL9ap_q_mode0EL9ap_o_mode3ELi0EES4_7con_22 | {9 10 }
	Port: lstm_stack<ap_fixed<14, 7, 0, 3, 0>, ap_fixed<14, 7, 0, 3, 0>, config2> : outidx | {9 10 }
	Port: lstm_stack<ap_fixed<14, 7, 0, 3, 0>, ap_fixed<14, 7, 0, 3, 0>, config2> : w2 | {9 10 }
	Port: lstm_stack<ap_fixed<14, 7, 0, 3, 0>, ap_fixed<14, 7, 0, 3, 0>, config2> : outidx_4 | {9 10 }
	Port: lstm_stack<ap_fixed<14, 7, 0, 3, 0>, ap_fixed<14, 7, 0, 3, 0>, config2> : wr2 | {9 10 }
	Port: lstm_stack<ap_fixed<14, 7, 0, 3, 0>, ap_fixed<14, 7, 0, 3, 0>, config2> : sigmoid_table | {9 10 }
	Port: lstm_stack<ap_fixed<14, 7, 0, 3, 0>, ap_fixed<14, 7, 0, 3, 0>, config2> : tanh_table | {9 10 }
  - Chain level:
	State 1
		data_in_addr : 1
		data_in_addr_1 : 1
		data_in_addr_2 : 1
		data_in_addr_3 : 1
		data_in_addr_4 : 1
		data_in_addr_5 : 1
		data_in_addr_6 : 1
		data_in_addr_7 : 1
		store_ln0 : 1
		store_ln0 : 1
		store_ln0 : 1
		store_ln0 : 1
		store_ln0 : 1
		store_ln0 : 1
		store_ln0 : 1
		store_ln0 : 1
		store_ln0 : 1
		store_ln0 : 1
		store_ln0 : 1
		store_ln0 : 1
		store_ln0 : 1
		store_ln0 : 1
		store_ln0 : 1
		store_ln0 : 1
		store_ln0 : 1
		store_ln0 : 1
		store_ln0 : 1
		store_ln0 : 1
		store_ln0 : 1
		store_ln0 : 1
		store_ln0 : 1
		store_ln0 : 1
		store_ln0 : 1
		store_ln0 : 1
		store_ln0 : 1
		store_ln0 : 1
		store_ln0 : 1
		store_ln0 : 1
		store_ln0 : 1
		store_ln0 : 1
		store_ln242 : 1
	State 2
		icmp_ln242 : 1
		add_ln242 : 1
		br_ln242 : 2
		trunc_ln245 : 1
		p_shl : 2
		tmp_734 : 1
		zext_ln245 : 2
		sub_ln245 : 3
		tmp_575 : 4
		mrv : 1
		mrv_1 : 2
		mrv_2 : 3
		mrv_3 : 4
		mrv_4 : 5
		mrv_5 : 6
		mrv_6 : 7
		mrv_7 : 8
		mrv_8 : 9
		mrv_9 : 10
		mrv_10 : 11
		mrv_11 : 12
		mrv_12 : 13
		mrv_13 : 14
		mrv_14 : 15
		mrv_15 : 16
		mrv_16 : 17
		mrv_17 : 18
		mrv_18 : 19
		mrv_19 : 20
		mrv_20 : 21
		mrv_21 : 22
		mrv_22 : 23
		mrv_23 : 24
		mrv_24 : 25
		mrv_25 : 26
		mrv_26 : 27
		mrv_27 : 28
		mrv_28 : 29
		mrv_29 : 30
		mrv_30 : 31
		mrv_31 : 32
		ret_ln0 : 33
	State 3
		tmp_s : 1
		add_ln245 : 1
		add_ln245_1 : 1
		add_ln245_2 : 1
		add_ln245_3 : 1
		add_ln245_4 : 1
		add_ln245_5 : 1
	State 4
	State 5
	State 6
	State 7
	State 8
	State 9
	State 10
		h_newstate : 1
		h_newstate_1 : 1
		h_newstate_2 : 1
		h_newstate_3 : 1
		h_newstate_4 : 1
		h_newstate_5 : 1
		h_newstate_6 : 1
		h_newstate_7 : 1
		h_newstate_8 : 1
		h_newstate_9 : 1
		h_newstate_31 : 1
		h_newstate_10 : 1
		h_newstate_11 : 1
		h_newstate_12 : 1
		h_newstate_13 : 1
		h_newstate_14 : 1
		h_newstate_15 : 1
		h_newstate_16 : 1
		h_newstate_17 : 1
		h_newstate_18 : 1
		h_newstate_19 : 1
		h_newstate_20 : 1
		h_newstate_21 : 1
		h_newstate_22 : 1
		h_newstate_23 : 1
		h_newstate_24 : 1
		h_newstate_25 : 1
		h_newstate_26 : 1
		h_newstate_27 : 1
		h_newstate_28 : 1
		h_newstate_29 : 1
		h_newstate_30 : 1
		store_ln248 : 2
		store_ln248 : 2
		store_ln248 : 2
		store_ln248 : 2
		store_ln248 : 2
		store_ln248 : 2
		store_ln248 : 2
		store_ln248 : 2
		store_ln248 : 2
		store_ln248 : 2
		store_ln248 : 2
		store_ln248 : 2
		store_ln248 : 2
		store_ln248 : 2
		store_ln248 : 2
		store_ln248 : 2
		store_ln248 : 2
		store_ln248 : 2
		store_ln248 : 2
		store_ln248 : 2
		store_ln248 : 2
		store_ln248 : 2
		store_ln248 : 2
		store_ln248 : 2
		store_ln248 : 2
		store_ln248 : 2
		store_ln248 : 2
		store_ln248 : 2
		store_ln248 : 2
		store_ln248 : 2
		store_ln248 : 2
		store_ln248 : 2


============================================================
+ Verbose Summary: Datapath Resource usage 
============================================================

* Functional unit list:
|----------|--------------------------------------------------------------------------------|---------|---------|---------|---------|
| Operation|                                 Functional Unit                                |   DSP   |  Delay  |    FF   |   LUT   |
|----------|--------------------------------------------------------------------------------|---------|---------|---------|---------|
|   call   | grp_lstm_static_ap_fixed_14_7_0_3_0_ap_fixed_14_7_0_3_0_config2_false_s_fu_445 |   176   | 1040.06 |  51429  |  42230  |
|----------|--------------------------------------------------------------------------------|---------|---------|---------|---------|
|          |                                 tmp_575_fu_802                                 |    0    |    0    |    0    |    0    |
|          |                                   grp_fu_1100                                  |    0    |    0    |    1    |   137   |
|          |                                   grp_fu_1113                                  |    0    |    0    |    1    |   137   |
|          |                                   grp_fu_1160                                  |    0    |    0    |    1    |   137   |
|partselect|                                   grp_fu_1166                                  |    0    |    0    |    1    |   137   |
|          |                                   grp_fu_1172                                  |    0    |    0    |    1    |   137   |
|          |                                   grp_fu_1178                                  |    0    |    0    |    1    |   137   |
|          |                                   grp_fu_1184                                  |    0    |    0    |    1    |   137   |
|          |                                   grp_fu_1190                                  |    0    |    0    |    1    |   137   |
|----------|--------------------------------------------------------------------------------|---------|---------|---------|---------|
|          |                                add_ln242_fu_766                                |    0    |    0    |    0    |    11   |
|          |                                add_ln245_fu_1120                               |    0    |    0    |    0    |    16   |
|          |                               add_ln245_1_fu_1126                              |    0    |    0    |    0    |    16   |
|    add   |                               add_ln245_2_fu_1132                              |    0    |    0    |    0    |    16   |
|          |                               add_ln245_3_fu_1138                              |    0    |    0    |    0    |    16   |
|          |                               add_ln245_4_fu_1144                              |    0    |    0    |    0    |    16   |
|          |                               add_ln245_5_fu_1150                              |    0    |    0    |    0    |    16   |
|----------|--------------------------------------------------------------------------------|---------|---------|---------|---------|
|    sub   |                                sub_ln245_fu_796                                |    0    |    0    |    0    |    16   |
|----------|--------------------------------------------------------------------------------|---------|---------|---------|---------|
|   icmp   |                                icmp_ln242_fu_760                               |    0    |    0    |    0    |    11   |
|----------|--------------------------------------------------------------------------------|---------|---------|---------|---------|
|   read   |                          input_layer_read_read_fu_352                          |    0    |    0    |    0    |    0    |
|----------|--------------------------------------------------------------------------------|---------|---------|---------|---------|
|   trunc  |                               trunc_ln245_fu_772                               |    0    |    0    |    0    |    0    |
|----------|--------------------------------------------------------------------------------|---------|---------|---------|---------|
|          |                                  p_shl_fu_776                                  |    0    |    0    |    0    |    0    |
|bitconcatenate|                                 tmp_734_fu_784                                 |    0    |    0    |    0    |    0    |
|          |                                  or_ln_fu_1106                                 |    0    |    0    |    0    |    0    |
|----------|--------------------------------------------------------------------------------|---------|---------|---------|---------|
|   zext   |                                zext_ln245_fu_792                               |    0    |    0    |    0    |    0    |
|----------|--------------------------------------------------------------------------------|---------|---------|---------|---------|
|          |                                   mrv_fu_908                                   |    0    |    0    |    0    |    0    |
|          |                                  mrv_1_fu_914                                  |    0    |    0    |    0    |    0    |
|          |                                  mrv_2_fu_920                                  |    0    |    0    |    0    |    0    |
|          |                                  mrv_3_fu_926                                  |    0    |    0    |    0    |    0    |
|          |                                  mrv_4_fu_932                                  |    0    |    0    |    0    |    0    |
|          |                                  mrv_5_fu_938                                  |    0    |    0    |    0    |    0    |
|          |                                  mrv_6_fu_944                                  |    0    |    0    |    0    |    0    |
|          |                                  mrv_7_fu_950                                  |    0    |    0    |    0    |    0    |
|          |                                  mrv_8_fu_956                                  |    0    |    0    |    0    |    0    |
|          |                                  mrv_9_fu_962                                  |    0    |    0    |    0    |    0    |
|          |                                  mrv_10_fu_968                                 |    0    |    0    |    0    |    0    |
|          |                                  mrv_11_fu_974                                 |    0    |    0    |    0    |    0    |
|          |                                  mrv_12_fu_980                                 |    0    |    0    |    0    |    0    |
|          |                                  mrv_13_fu_986                                 |    0    |    0    |    0    |    0    |
|          |                                  mrv_14_fu_992                                 |    0    |    0    |    0    |    0    |
|insertvalue|                                  mrv_15_fu_998                                 |    0    |    0    |    0    |    0    |
|          |                                 mrv_16_fu_1004                                 |    0    |    0    |    0    |    0    |
|          |                                 mrv_17_fu_1010                                 |    0    |    0    |    0    |    0    |
|          |                                 mrv_18_fu_1016                                 |    0    |    0    |    0    |    0    |
|          |                                 mrv_19_fu_1022                                 |    0    |    0    |    0    |    0    |
|          |                                 mrv_20_fu_1028                                 |    0    |    0    |    0    |    0    |
|          |                                 mrv_21_fu_1034                                 |    0    |    0    |    0    |    0    |
|          |                                 mrv_22_fu_1040                                 |    0    |    0    |    0    |    0    |
|          |                                 mrv_23_fu_1046                                 |    0    |    0    |    0    |    0    |
|          |                                 mrv_24_fu_1052                                 |    0    |    0    |    0    |    0    |
|          |                                 mrv_25_fu_1058                                 |    0    |    0    |    0    |    0    |
|          |                                 mrv_26_fu_1064                                 |    0    |    0    |    0    |    0    |
|          |                                 mrv_27_fu_1070                                 |    0    |    0    |    0    |    0    |
|          |                                 mrv_28_fu_1076                                 |    0    |    0    |    0    |    0    |
|          |                                 mrv_29_fu_1082                                 |    0    |    0    |    0    |    0    |
|          |                                 mrv_30_fu_1088                                 |    0    |    0    |    0    |    0    |
|          |                                 mrv_31_fu_1094                                 |    0    |    0    |    0    |    0    |
|----------|--------------------------------------------------------------------------------|---------|---------|---------|---------|
|          |                               h_newstate_fu_1196                               |    0    |    0    |    0    |    0    |
|          |                              h_newstate_1_fu_1200                              |    0    |    0    |    0    |    0    |
|          |                              h_newstate_2_fu_1204                              |    0    |    0    |    0    |    0    |
|          |                              h_newstate_3_fu_1208                              |    0    |    0    |    0    |    0    |
|          |                              h_newstate_4_fu_1212                              |    0    |    0    |    0    |    0    |
|          |                              h_newstate_5_fu_1216                              |    0    |    0    |    0    |    0    |
|          |                              h_newstate_6_fu_1220                              |    0    |    0    |    0    |    0    |
|          |                              h_newstate_7_fu_1224                              |    0    |    0    |    0    |    0    |
|          |                              h_newstate_8_fu_1228                              |    0    |    0    |    0    |    0    |
|          |                              h_newstate_9_fu_1232                              |    0    |    0    |    0    |    0    |
|          |                              h_newstate_31_fu_1236                             |    0    |    0    |    0    |    0    |
|          |                              h_newstate_10_fu_1240                             |    0    |    0    |    0    |    0    |
|          |                              h_newstate_11_fu_1244                             |    0    |    0    |    0    |    0    |
|          |                              h_newstate_12_fu_1248                             |    0    |    0    |    0    |    0    |
|          |                              h_newstate_13_fu_1252                             |    0    |    0    |    0    |    0    |
|extractvalue|                              h_newstate_14_fu_1256                             |    0    |    0    |    0    |    0    |
|          |                              h_newstate_15_fu_1260                             |    0    |    0    |    0    |    0    |
|          |                              h_newstate_16_fu_1264                             |    0    |    0    |    0    |    0    |
|          |                              h_newstate_17_fu_1268                             |    0    |    0    |    0    |    0    |
|          |                              h_newstate_18_fu_1272                             |    0    |    0    |    0    |    0    |
|          |                              h_newstate_19_fu_1276                             |    0    |    0    |    0    |    0    |
|          |                              h_newstate_20_fu_1280                             |    0    |    0    |    0    |    0    |
|          |                              h_newstate_21_fu_1284                             |    0    |    0    |    0    |    0    |
|          |                              h_newstate_22_fu_1288                             |    0    |    0    |    0    |    0    |
|          |                              h_newstate_23_fu_1292                             |    0    |    0    |    0    |    0    |
|          |                              h_newstate_24_fu_1296                             |    0    |    0    |    0    |    0    |
|          |                              h_newstate_25_fu_1300                             |    0    |    0    |    0    |    0    |
|          |                              h_newstate_26_fu_1304                             |    0    |    0    |    0    |    0    |
|          |                              h_newstate_27_fu_1308                             |    0    |    0    |    0    |    0    |
|          |                              h_newstate_28_fu_1312                             |    0    |    0    |    0    |    0    |
|          |                              h_newstate_29_fu_1316                             |    0    |    0    |    0    |    0    |
|          |                              h_newstate_30_fu_1320                             |    0    |    0    |    0    |    0    |
|----------|--------------------------------------------------------------------------------|---------|---------|---------|---------|
|   Total  |                                                                                |   176   | 1040.06 |  51437  |  43460  |
|----------|--------------------------------------------------------------------------------|---------|---------|---------|---------|

Memories:
+-------+--------+--------+--------+--------+
|       |  BRAM  |   FF   |   LUT  |  URAM  |
+-------+--------+--------+--------+--------+
|data_in|    0   |   28   |    2   |    0   |
+-------+--------+--------+--------+--------+
| Total |    0   |   28   |    2   |    0   |
+-------+--------+--------+--------+--------+

* Register list:
+--------------------------+--------+
|                          |   FF   |
+--------------------------+--------+
|    add_ln242_reg_1770    |    3   |
|   add_ln245_1_reg_1795   |    9   |
|   add_ln245_2_reg_1800   |    9   |
|   add_ln245_3_reg_1805   |    9   |
|   add_ln245_4_reg_1810   |    9   |
|   add_ln245_5_reg_1815   |    9   |
|    add_ln245_reg_1790    |    9   |
|  data_in_addr_1_reg_1732 |    3   |
|  data_in_addr_2_reg_1737 |    3   |
|  data_in_addr_3_reg_1742 |    3   |
|  data_in_addr_4_reg_1747 |    3   |
|  data_in_addr_5_reg_1752 |    3   |
|  data_in_addr_6_reg_1757 |    3   |
|  data_in_addr_7_reg_1762 |    3   |
|   data_in_addr_reg_1727  |    3   |
|      iloop_reg_1484      |    3   |
| input_layer_read_reg_1715|   448  |
|  layer2_out_0_0_reg_1491 |   14   |
| layer2_out_10_0_reg_1561 |   14   |
| layer2_out_11_0_reg_1568 |   14   |
| layer2_out_12_0_reg_1575 |   14   |
| layer2_out_13_0_reg_1582 |   14   |
|layer2_out_1445_0_reg_1589|   14   |
| layer2_out_15_0_reg_1596 |   14   |
| layer2_out_16_0_reg_1603 |   14   |
| layer2_out_17_0_reg_1610 |   14   |
| layer2_out_18_0_reg_1617 |   14   |
| layer2_out_19_0_reg_1624 |   14   |
|  layer2_out_1_0_reg_1498 |   14   |
| layer2_out_20_0_reg_1631 |   14   |
| layer2_out_21_0_reg_1638 |   14   |
| layer2_out_22_0_reg_1645 |   14   |
| layer2_out_23_0_reg_1652 |   14   |
| layer2_out_24_0_reg_1659 |   14   |
| layer2_out_25_0_reg_1666 |   14   |
| layer2_out_26_0_reg_1673 |   14   |
|layer2_out_2786_0_reg_1680|   14   |
| layer2_out_28_0_reg_1687 |   14   |
| layer2_out_29_0_reg_1694 |   14   |
|  layer2_out_2_0_reg_1505 |   14   |
| layer2_out_30_0_reg_1701 |   14   |
| layer2_out_31_0_reg_1708 |   14   |
|  layer2_out_3_0_reg_1512 |   14   |
|  layer2_out_4_0_reg_1519 |   14   |
|  layer2_out_5_0_reg_1526 |   14   |
|  layer2_out_6_0_reg_1533 |   14   |
|  layer2_out_7_0_reg_1540 |   14   |
|  layer2_out_8_0_reg_1547 |   14   |
|  layer2_out_9_0_reg_1554 |   14   |
|      or_ln_reg_1785      |    9   |
|    reset_state_reg_431   |    1   |
|    sub_ln245_reg_1775    |    9   |
|     tmp_541_reg_1830     |   14   |
|     tmp_542_reg_1835     |   14   |
|     tmp_543_reg_1840     |   14   |
|     tmp_544_reg_1845     |   14   |
|     tmp_545_reg_1850     |   14   |
|     tmp_546_reg_1855     |   14   |
|     tmp_575_reg_1780     |    5   |
|       tmp_reg_1820       |   14   |
|      tmp_s_reg_1825      |   14   |
+--------------------------+--------+
|           Total          |  1116  |
+--------------------------+--------+

* Multiplexer (MUX) list: 
|---------------------|------|------|------|--------||---------||---------||---------|
|         Comp        |  Pin | Size |  BW  | S x BW ||  Delay  ||    FF   ||   LUT   |
|---------------------|------|------|------|--------||---------||---------||---------|
|  grp_access_fu_422  |  p0  |   4  |   3  |   12   ||    0    ||    17   |
|  grp_access_fu_422  |  p1  |   4  |  14  |   56   ||    0    ||    17   |
|  grp_access_fu_422  |  p2  |   4  |   0  |    0   ||    0    ||    17   |
|  grp_access_fu_422  |  p4  |   4  |   3  |   12   ||    0    ||    17   |
| reset_state_reg_431 |  p0  |   3  |   1  |    3   ||    0    ||    9    |
|     grp_fu_1113     |  p2  |   2  |   9  |   18   ||    0    ||    9    |
|---------------------|------|------|------|--------||---------||---------||---------|
|        Total        |      |      |      |   101  || 9.95186 ||    0    ||    86   |
|---------------------|------|------|------|--------||---------||---------||---------|



* Summary:
+-----------+--------+--------+--------+--------+--------+--------+
|           |  BRAM  |   DSP  |  Delay |   FF   |   LUT  |  URAM  |
+-----------+--------+--------+--------+--------+--------+--------+
|  Function |    -   |   176  |  1040  |  51437 |  43460 |    -   |
|   Memory  |    0   |    -   |    -   |   28   |    2   |    0   |
|Multiplexer|    -   |    -   |    9   |    0   |   86   |    -   |
|  Register |    -   |    -   |    -   |  1116  |    -   |    -   |
+-----------+--------+--------+--------+--------+--------+--------+
|   Total   |    0   |   176  |  1050  |  52581 |  43548 |    0   |
+-----------+--------+--------+--------+--------+--------+--------+
