

================================================================
== Vitis HLS Report for 'lstm_static_ap_fixed_14_7_0_3_0_ap_fixed_14_7_0_3_0_config2_false_s'
================================================================
* Date:           Tue Sep 15 12:08:21 2026

* Version:        2026.1 (Build 6493734 on Jun 16 2026)
* Project:        recurrent_prj
* Solution:       solution1
* Product family: artix7
* Target device:  xc7a100t-csg324-1


================================================================
== Performance Estimates
================================================================
+ Timing: 
    * Summary: 
    +--------+---------+----------+------------+
    |  Clock |  Target | Estimated| Uncertainty|
    +--------+---------+----------+------------+
    |ap_clk  |  4.00 ns|  9.651 ns|     1.08 ns|
    +--------+---------+----------+------------+

+ Latency: 
    * Summary: 
    +---------+---------+----------+----------+-----+-----+---------+
    |  Latency (cycles) |  Latency (absolute) |  Interval | Pipeline|
    |   min   |   max   |    min   |    max   | min | max |   Type  |
    +---------+---------+----------+----------+-----+-----+---------+
    |      100|      101|  0.400 us|  0.404 us|  100|  101|       no|
    +---------+---------+----------+----------+-----+-----+---------+

    + Detail: 
        * Instance: 
        N/A

        * Loop: 
        N/A

============================================================
+ Verbose Summary: Synthesis Manager
============================================================
InlineROM: 1
ExposeGlobal: 0
============================================================
+ Verbose Summary: CDFG Model
============================================================
IsTopModel: 0
ResetActiveHigh: 1
IsCombinational: 0
IsDatapathOnly: 0
HasWiredReturn: 1
HasMFsm: 0
HasVarLatency: 1
IsPipeline: 0
IsRtlPipelined: 0
IsInstanceOverlapped: 0
IsDontTouch: 0
HasImplIP: 0
IsGatedGlobalClock: 0


============================================================
+ Verbose Summary: Schedule
============================================================
* Number of FSM states : 31
* Pipeline : 0
* Dataflow Pipeline: 0

* FSM state transitions: 
1 --> 2 
2 --> 3 
3 --> 4 
4 --> 5 
5 --> 6 
6 --> 7 
7 --> 8 
8 --> 9 
9 --> 10 
10 --> 11 
11 --> 12 
12 --> 13 
13 --> 14 
14 --> 15 
15 --> 16 
16 --> 17 
17 --> 18 
18 --> 19 
19 --> 20 
20 --> 21 
21 --> 22 
22 --> 23 
23 --> 24 
24 --> 25 
25 --> 26 
26 --> 27 
27 --> 28 
28 --> 29 
29 --> 30 
30 --> 31 
31 --> 

* FSM state operations: 

State 1 <SV = 0> <Delay = 1.61>
ST_1 : Operation 32 [1/1] (0.00ns)   --->   "%reset_state_read = read i1 @_ssdm_op_Read.ap_auto.i1, i1 %reset_state" [firmware/nnet_utils/nnet_recurrent.h:118]   --->   Operation 32 'read' 'reset_state_read' <Predicate = true> <Delay = 0.00>
ST_1 : Operation 33 [1/1] (0.00ns)   --->   "%void_lstm_static_bool_ap_fixed_ap_fixed_ap_fixed_weight_t_recurrent_weight_t_20 = load i14 %void_lstm_static_bool_ap_fixed_ap_fixed_ap_fixed_weight_t_recurrent_weight_t_9" [firmware/nnet_utils/nnet_recurrent.h:181]   --->   Operation 33 'load' 'void_lstm_static_bool_ap_fixed_ap_fixed_ap_fixed_weight_t_recurrent_weight_t_20' <Predicate = true> <Delay = 0.00>
ST_1 : Operation 34 [1/1] (0.00ns)   --->   "%void_lstm_static_bool_ap_fixed_ap_fixed_ap_fixed_weight_t_recurrent_weight_t_21 = load i14 %void_lstm_static_bool_ap_fixed_ap_fixed_ap_fixed_weight_t_recurrent_weight_t_8" [firmware/nnet_utils/nnet_recurrent.h:181]   --->   Operation 34 'load' 'void_lstm_static_bool_ap_fixed_ap_fixed_ap_fixed_weight_t_recurrent_weight_t_21' <Predicate = true> <Delay = 0.00>
ST_1 : Operation 35 [1/1] (0.00ns)   --->   "%void_lstm_static_bool_ap_fixed_ap_fixed_ap_fixed_weight_t_recurrent_weight_t_22 = load i14 %void_lstm_static_bool_ap_fixed_ap_fixed_ap_fixed_weight_t_recurrent_weight_t_7" [firmware/nnet_utils/nnet_recurrent.h:181]   --->   Operation 35 'load' 'void_lstm_static_bool_ap_fixed_ap_fixed_ap_fixed_weight_t_recurrent_weight_t_22' <Predicate = true> <Delay = 0.00>
ST_1 : Operation 36 [1/1] (0.00ns)   --->   "%void_lstm_static_bool_ap_fixed_ap_fixed_ap_fixed_weight_t_recurrent_weight_t_23 = load i14 %void_lstm_static_bool_ap_fixed_ap_fixed_ap_fixed_weight_t_recurrent_weight_t_6" [firmware/nnet_utils/nnet_recurrent.h:181]   --->   Operation 36 'load' 'void_lstm_static_bool_ap_fixed_ap_fixed_ap_fixed_weight_t_recurrent_weight_t_23' <Predicate = true> <Delay = 0.00>
ST_1 : Operation 37 [1/1] (0.00ns)   --->   "%void_lstm_static_bool_ap_fixed_ap_fixed_ap_fixed_weight_t_recurrent_weight_t_24 = load i14 %void_lstm_static_bool_ap_fixed_ap_fixed_ap_fixed_weight_t_recurrent_weight_t_5" [firmware/nnet_utils/nnet_recurrent.h:181]   --->   Operation 37 'load' 'void_lstm_static_bool_ap_fixed_ap_fixed_ap_fixed_weight_t_recurrent_weight_t_24' <Predicate = true> <Delay = 0.00>
ST_1 : Operation 38 [1/1] (0.00ns)   --->   "%void_lstm_static_bool_ap_fixed_ap_fixed_ap_fixed_weight_t_recurrent_weight_t_25 = load i14 %void_lstm_static_bool_ap_fixed_ap_fixed_ap_fixed_weight_t_recurrent_weight_t_4" [firmware/nnet_utils/nnet_recurrent.h:181]   --->   Operation 38 'load' 'void_lstm_static_bool_ap_fixed_ap_fixed_ap_fixed_weight_t_recurrent_weight_t_25' <Predicate = true> <Delay = 0.00>
ST_1 : Operation 39 [1/1] (0.00ns)   --->   "%void_lstm_static_bool_ap_fixed_ap_fixed_ap_fixed_weight_t_recurrent_weight_t_26 = load i14 %void_lstm_static_bool_ap_fixed_ap_fixed_ap_fixed_weight_t_recurrent_weight_t_3" [firmware/nnet_utils/nnet_recurrent.h:181]   --->   Operation 39 'load' 'void_lstm_static_bool_ap_fixed_ap_fixed_ap_fixed_weight_t_recurrent_weight_t_26' <Predicate = true> <Delay = 0.00>
ST_1 : Operation 40 [1/1] (0.00ns)   --->   "%void_lstm_static_bool_ap_fixed_ap_fixed_ap_fixed_weight_t_recurrent_weight_t_27 = load i14 %void_lstm_static_bool_ap_fixed_ap_fixed_ap_fixed_weight_t_recurrent_weight_t_2" [firmware/nnet_utils/nnet_recurrent.h:181]   --->   Operation 40 'load' 'void_lstm_static_bool_ap_fixed_ap_fixed_ap_fixed_weight_t_recurrent_weight_t_27' <Predicate = true> <Delay = 0.00>
ST_1 : Operation 41 [1/1] (0.00ns)   --->   "%void_lstm_static_bool_ap_fixed_ap_fixed_ap_fixed_weight_t_recurrent_weight_t_28 = load i14 %void_lstm_static_bool_ap_fixed_ap_fixed_ap_fixed_weight_t_recurrent_weight_t_1" [firmware/nnet_utils/nnet_recurrent.h:181]   --->   Operation 41 'load' 'void_lstm_static_bool_ap_fixed_ap_fixed_ap_fixed_weight_t_recurrent_weight_t_28' <Predicate = true> <Delay = 0.00>
ST_1 : Operation 42 [1/1] (0.00ns)   --->   "%void_lstm_static_bool_ap_fixed_ap_fixed_ap_fixed_weight_t_recurrent_weight_t_29 = load i14 %void_lstm_static_bool_ap_fixed_ap_fixed_ap_fixed_weight_t_recurrent_weight_t" [firmware/nnet_utils/nnet_recurrent.h:181]   --->   Operation 42 'load' 'void_lstm_static_bool_ap_fixed_ap_fixed_ap_fixed_weight_t_recurrent_weight_t_29' <Predicate = true> <Delay = 0.00>
ST_1 : Operation 43 [1/1] (0.00ns)   --->   "%p_ZZN4nnet11lstm_staticI8ap_fixedILi14ELi7EL9ap_q_mode0EL9ap_o_mode3ELi0EES4_7con_44 = load i14 %p_ZZN4nnet11lstm_staticI8ap_fixedILi14ELi7EL9ap_q_mode0EL9ap_o_mode3ELi0EES4_7con_21" [firmware/nnet_utils/nnet_recurrent.h:181]   --->   Operation 43 'load' 'p_ZZN4nnet11lstm_staticI8ap_fixedILi14ELi7EL9ap_q_mode0EL9ap_o_mode3ELi0EES4_7con_44' <Predicate = true> <Delay = 0.00>
ST_1 : Operation 44 [1/1] (0.00ns)   --->   "%p_ZZN4nnet11lstm_staticI8ap_fixedILi14ELi7EL9ap_q_mode0EL9ap_o_mode3ELi0EES4_7con_45 = load i14 %p_ZZN4nnet11lstm_staticI8ap_fixedILi14ELi7EL9ap_q_mode0EL9ap_o_mode3ELi0EES4_7con_20" [firmware/nnet_utils/nnet_recurrent.h:181]   --->   Operation 44 'load' 'p_ZZN4nnet11lstm_staticI8ap_fixedILi14ELi7EL9ap_q_mode0EL9ap_o_mode3ELi0EES4_7con_45' <Predicate = true> <Delay = 0.00>
ST_1 : Operation 45 [1/1] (0.00ns)   --->   "%p_ZZN4nnet11lstm_staticI8ap_fixedILi14ELi7EL9ap_q_mode0EL9ap_o_mode3ELi0EES4_7con_46 = load i14 %p_ZZN4nnet11lstm_staticI8ap_fixedILi14ELi7EL9ap_q_mode0EL9ap_o_mode3ELi0EES4_7con_19" [firmware/nnet_utils/nnet_recurrent.h:181]   --->   Operation 45 'load' 'p_ZZN4nnet11lstm_staticI8ap_fixedILi14ELi7EL9ap_q_mode0EL9ap_o_mode3ELi0EES4_7con_46' <Predicate = true> <Delay = 0.00>
ST_1 : Operation 46 [1/1] (0.00ns)   --->   "%p_ZZN4nnet11lstm_staticI8ap_fixedILi14ELi7EL9ap_q_mode0EL9ap_o_mode3ELi0EES4_7con_47 = load i14 %p_ZZN4nnet11lstm_staticI8ap_fixedILi14ELi7EL9ap_q_mode0EL9ap_o_mode3ELi0EES4_7con_18" [firmware/nnet_utils/nnet_recurrent.h:181]   --->   Operation 46 'load' 'p_ZZN4nnet11lstm_staticI8ap_fixedILi14ELi7EL9ap_q_mode0EL9ap_o_mode3ELi0EES4_7con_47' <Predicate = true> <Delay = 0.00>
ST_1 : Operation 47 [1/1] (0.00ns)   --->   "%p_ZZN4nnet11lstm_staticI8ap_fixedILi14ELi7EL9ap_q_mode0EL9ap_o_mode3ELi0EES4_7con_48 = load i14 %p_ZZN4nnet11lstm_staticI8ap_fixedILi14ELi7EL9ap_q_mode0EL9ap_o_mode3ELi0EES4_7con_17" [firmware/nnet_utils/nnet_recurrent.h:181]   --->   Operation 47 'load' 'p_ZZN4nnet11lstm_staticI8ap_fixedILi14ELi7EL9ap_q_mode0EL9ap_o_mode3ELi0EES4_7con_48' <Predicate = true> <Delay = 0.00>
ST_1 : Operation 48 [1/1] (0.00ns)   --->   "%p_ZZN4nnet11lstm_staticI8ap_fixedILi14ELi7EL9ap_q_mode0EL9ap_o_mode3ELi0EES4_7con_49 = load i14 %p_ZZN4nnet11lstm_staticI8ap_fixedILi14ELi7EL9ap_q_mode0EL9ap_o_mode3ELi0EES4_7con_16" [firmware/nnet_utils/nnet_recurrent.h:181]   --->   Operation 48 'load' 'p_ZZN4nnet11lstm_staticI8ap_fixedILi14ELi7EL9ap_q_mode0EL9ap_o_mode3ELi0EES4_7con_49' <Predicate = true> <Delay = 0.00>
ST_1 : Operation 49 [1/1] (0.00ns)   --->   "%p_ZZN4nnet11lstm_staticI8ap_fixedILi14ELi7EL9ap_q_mode0EL9ap_o_mode3ELi0EES4_7con_50 = load i14 %p_ZZN4nnet11lstm_staticI8ap_fixedILi14ELi7EL9ap_q_mode0EL9ap_o_mode3ELi0EES4_7con_15" [firmware/nnet_utils/nnet_recurrent.h:181]   --->   Operation 49 'load' 'p_ZZN4nnet11lstm_staticI8ap_fixedILi14ELi7EL9ap_q_mode0EL9ap_o_mode3ELi0EES4_7con_50' <Predicate = true> <Delay = 0.00>
ST_1 : Operation 50 [1/1] (0.00ns)   --->   "%p_ZZN4nnet11lstm_staticI8ap_fixedILi14ELi7EL9ap_q_mode0EL9ap_o_mode3ELi0EES4_7con_51 = load i14 %p_ZZN4nnet11lstm_staticI8ap_fixedILi14ELi7EL9ap_q_mode0EL9ap_o_mode3ELi0EES4_7con_14" [firmware/nnet_utils/nnet_recurrent.h:181]   --->   Operation 50 'load' 'p_ZZN4nnet11lstm_staticI8ap_fixedILi14ELi7EL9ap_q_mode0EL9ap_o_mode3ELi0EES4_7con_51' <Predicate = true> <Delay = 0.00>
ST_1 : Operation 51 [1/1] (0.00ns)   --->   "%p_ZZN4nnet11lstm_staticI8ap_fixedILi14ELi7EL9ap_q_mode0EL9ap_o_mode3ELi0EES4_7con_52 = load i14 %p_ZZN4nnet11lstm_staticI8ap_fixedILi14ELi7EL9ap_q_mode0EL9ap_o_mode3ELi0EES4_7con_13" [firmware/nnet_utils/nnet_recurrent.h:181]   --->   Operation 51 'load' 'p_ZZN4nnet11lstm_staticI8ap_fixedILi14ELi7EL9ap_q_mode0EL9ap_o_mode3ELi0EES4_7con_52' <Predicate = true> <Delay = 0.00>
ST_1 : Operation 52 [1/1] (0.00ns)   --->   "%p_ZZN4nnet11lstm_staticI8ap_fixedILi14ELi7EL9ap_q_mode0EL9ap_o_mode3ELi0EES4_7con_53 = load i14 %p_ZZN4nnet11lstm_staticI8ap_fixedILi14ELi7EL9ap_q_mode0EL9ap_o_mode3ELi0EES4_7con_12" [firmware/nnet_utils/nnet_recurrent.h:181]   --->   Operation 52 'load' 'p_ZZN4nnet11lstm_staticI8ap_fixedILi14ELi7EL9ap_q_mode0EL9ap_o_mode3ELi0EES4_7con_53' <Predicate = true> <Delay = 0.00>
ST_1 : Operation 53 [1/1] (0.00ns)   --->   "%p_ZZN4nnet11lstm_staticI8ap_fixedILi14ELi7EL9ap_q_mode0EL9ap_o_mode3ELi0EES4_7con_54 = load i14 %p_ZZN4nnet11lstm_staticI8ap_fixedILi14ELi7EL9ap_q_mode0EL9ap_o_mode3ELi0EES4_7con_11" [firmware/nnet_utils/nnet_recurrent.h:181]   --->   Operation 53 'load' 'p_ZZN4nnet11lstm_staticI8ap_fixedILi14ELi7EL9ap_q_mode0EL9ap_o_mode3ELi0EES4_7con_54' <Predicate = true> <Delay = 0.00>
ST_1 : Operation 54 [1/1] (0.00ns)   --->   "%p_ZZN4nnet11lstm_staticI8ap_fixedILi14ELi7EL9ap_q_mode0EL9ap_o_mode3ELi0EES4_7con_55 = load i14 %p_ZZN4nnet11lstm_staticI8ap_fixedILi14ELi7EL9ap_q_mode0EL9ap_o_mode3ELi0EES4_7con_10" [firmware/nnet_utils/nnet_recurrent.h:181]   --->   Operation 54 'load' 'p_ZZN4nnet11lstm_staticI8ap_fixedILi14ELi7EL9ap_q_mode0EL9ap_o_mode3ELi0EES4_7con_55' <Predicate = true> <Delay = 0.00>
ST_1 : Operation 55 [1/1] (0.00ns)   --->   "%p_ZZN4nnet11lstm_staticI8ap_fixedILi14ELi7EL9ap_q_mode0EL9ap_o_mode3ELi0EES4_7con_56 = load i14 %p_ZZN4nnet11lstm_staticI8ap_fixedILi14ELi7EL9ap_q_mode0EL9ap_o_mode3ELi0EES4_7con_9" [firmware/nnet_utils/nnet_recurrent.h:181]   --->   Operation 55 'load' 'p_ZZN4nnet11lstm_staticI8ap_fixedILi14ELi7EL9ap_q_mode0EL9ap_o_mode3ELi0EES4_7con_56' <Predicate = true> <Delay = 0.00>
ST_1 : Operation 56 [1/1] (0.00ns)   --->   "%p_ZZN4nnet11lstm_staticI8ap_fixedILi14ELi7EL9ap_q_mode0EL9ap_o_mode3ELi0EES4_7con_57 = load i14 %p_ZZN4nnet11lstm_staticI8ap_fixedILi14ELi7EL9ap_q_mode0EL9ap_o_mode3ELi0EES4_7con_8" [firmware/nnet_utils/nnet_recurrent.h:181]   --->   Operation 56 'load' 'p_ZZN4nnet11lstm_staticI8ap_fixedILi14ELi7EL9ap_q_mode0EL9ap_o_mode3ELi0EES4_7con_57' <Predicate = true> <Delay = 0.00>
ST_1 : Operation 57 [1/1] (0.00ns)   --->   "%p_ZZN4nnet11lstm_staticI8ap_fixedILi14ELi7EL9ap_q_mode0EL9ap_o_mode3ELi0EES4_7con_58 = load i14 %p_ZZN4nnet11lstm_staticI8ap_fixedILi14ELi7EL9ap_q_mode0EL9ap_o_mode3ELi0EES4_7con_7" [firmware/nnet_utils/nnet_recurrent.h:181]   --->   Operation 57 'load' 'p_ZZN4nnet11lstm_staticI8ap_fixedILi14ELi7EL9ap_q_mode0EL9ap_o_mode3ELi0EES4_7con_58' <Predicate = true> <Delay = 0.00>
ST_1 : Operation 58 [1/1] (0.00ns)   --->   "%p_ZZN4nnet11lstm_staticI8ap_fixedILi14ELi7EL9ap_q_mode0EL9ap_o_mode3ELi0EES4_7con_59 = load i14 %p_ZZN4nnet11lstm_staticI8ap_fixedILi14ELi7EL9ap_q_mode0EL9ap_o_mode3ELi0EES4_7con_6" [firmware/nnet_utils/nnet_recurrent.h:181]   --->   Operation 58 'load' 'p_ZZN4nnet11lstm_staticI8ap_fixedILi14ELi7EL9ap_q_mode0EL9ap_o_mode3ELi0EES4_7con_59' <Predicate = true> <Delay = 0.00>
ST_1 : Operation 59 [1/1] (0.00ns)   --->   "%p_ZZN4nnet11lstm_staticI8ap_fixedILi14ELi7EL9ap_q_mode0EL9ap_o_mode3ELi0EES4_7con_60 = load i14 %p_ZZN4nnet11lstm_staticI8ap_fixedILi14ELi7EL9ap_q_mode0EL9ap_o_mode3ELi0EES4_7con_5" [firmware/nnet_utils/nnet_recurrent.h:181]   --->   Operation 59 'load' 'p_ZZN4nnet11lstm_staticI8ap_fixedILi14ELi7EL9ap_q_mode0EL9ap_o_mode3ELi0EES4_7con_60' <Predicate = true> <Delay = 0.00>
ST_1 : Operation 60 [1/1] (0.00ns)   --->   "%p_ZZN4nnet11lstm_staticI8ap_fixedILi14ELi7EL9ap_q_mode0EL9ap_o_mode3ELi0EES4_7con_61 = load i14 %p_ZZN4nnet11lstm_staticI8ap_fixedILi14ELi7EL9ap_q_mode0EL9ap_o_mode3ELi0EES4_7con_4" [firmware/nnet_utils/nnet_recurrent.h:181]   --->   Operation 60 'load' 'p_ZZN4nnet11lstm_staticI8ap_fixedILi14ELi7EL9ap_q_mode0EL9ap_o_mode3ELi0EES4_7con_61' <Predicate = true> <Delay = 0.00>
ST_1 : Operation 61 [1/1] (0.00ns)   --->   "%p_ZZN4nnet11lstm_staticI8ap_fixedILi14ELi7EL9ap_q_mode0EL9ap_o_mode3ELi0EES4_7con_62 = load i14 %p_ZZN4nnet11lstm_staticI8ap_fixedILi14ELi7EL9ap_q_mode0EL9ap_o_mode3ELi0EES4_7con_3" [firmware/nnet_utils/nnet_recurrent.h:181]   --->   Operation 61 'load' 'p_ZZN4nnet11lstm_staticI8ap_fixedILi14ELi7EL9ap_q_mode0EL9ap_o_mode3ELi0EES4_7con_62' <Predicate = true> <Delay = 0.00>
ST_1 : Operation 62 [1/1] (0.00ns)   --->   "%p_ZZN4nnet11lstm_staticI8ap_fixedILi14ELi7EL9ap_q_mode0EL9ap_o_mode3ELi0EES4_7con_63 = load i14 %p_ZZN4nnet11lstm_staticI8ap_fixedILi14ELi7EL9ap_q_mode0EL9ap_o_mode3ELi0EES4_7con_2" [firmware/nnet_utils/nnet_recurrent.h:181]   --->   Operation 62 'load' 'p_ZZN4nnet11lstm_staticI8ap_fixedILi14ELi7EL9ap_q_mode0EL9ap_o_mode3ELi0EES4_7con_63' <Predicate = true> <Delay = 0.00>
ST_1 : Operation 63 [1/1] (0.00ns)   --->   "%p_ZZN4nnet11lstm_staticI8ap_fixedILi14ELi7EL9ap_q_mode0EL9ap_o_mode3ELi0EES4_7con_64 = load i14 %p_ZZN4nnet11lstm_staticI8ap_fixedILi14ELi7EL9ap_q_mode0EL9ap_o_mode3ELi0EES4_7con_1" [firmware/nnet_utils/nnet_recurrent.h:181]   --->   Operation 63 'load' 'p_ZZN4nnet11lstm_staticI8ap_fixedILi14ELi7EL9ap_q_mode0EL9ap_o_mode3ELi0EES4_7con_64' <Predicate = true> <Delay = 0.00>
ST_1 : Operation 64 [1/1] (0.00ns)   --->   "%p_ZZN4nnet11lstm_staticI8ap_fixedILi14ELi7EL9ap_q_mode0EL9ap_o_mode3ELi0EES4_7con_65 = load i14 %p_ZZN4nnet11lstm_staticI8ap_fixedILi14ELi7EL9ap_q_mode0EL9ap_o_mode3ELi0EES4_7con" [firmware/nnet_utils/nnet_recurrent.h:181]   --->   Operation 64 'load' 'p_ZZN4nnet11lstm_staticI8ap_fixedILi14ELi7EL9ap_q_mode0EL9ap_o_mode3ELi0EES4_7con_65' <Predicate = true> <Delay = 0.00>
ST_1 : Operation 65 [1/1] (1.61ns)   --->   "%br_ln147 = br i1 %reset_state_read, void %if.end, void %_ZN8ap_fixedILi14ELi7EL9ap_q_mode0EL9ap_o_mode3ELi0EEC2Ei.exit" [firmware/nnet_utils/nnet_recurrent.h:147]   --->   Operation 65 'br' 'br_ln147' <Predicate = true> <Delay = 1.61>
ST_1 : Operation 66 [1/1] (1.61ns)   --->   "%store_ln151 = store i14 0, i14 %void_lstm_static_bool_ap_fixed_ap_fixed_ap_fixed_weight_t_recurrent_weight_t_19" [firmware/nnet_utils/nnet_recurrent.h:151]   --->   Operation 66 'store' 'store_ln151' <Predicate = (reset_state_read)> <Delay = 1.61>
ST_1 : Operation 67 [1/1] (1.61ns)   --->   "%store_ln151 = store i14 0, i14 %void_lstm_static_bool_ap_fixed_ap_fixed_ap_fixed_weight_t_recurrent_weight_t_18" [firmware/nnet_utils/nnet_recurrent.h:151]   --->   Operation 67 'store' 'store_ln151' <Predicate = (reset_state_read)> <Delay = 1.61>
ST_1 : Operation 68 [1/1] (1.61ns)   --->   "%store_ln151 = store i14 0, i14 %void_lstm_static_bool_ap_fixed_ap_fixed_ap_fixed_weight_t_recurrent_weight_t_17" [firmware/nnet_utils/nnet_recurrent.h:151]   --->   Operation 68 'store' 'store_ln151' <Predicate = (reset_state_read)> <Delay = 1.61>
ST_1 : Operation 69 [1/1] (1.61ns)   --->   "%store_ln151 = store i14 0, i14 %void_lstm_static_bool_ap_fixed_ap_fixed_ap_fixed_weight_t_recurrent_weight_t_16" [firmware/nnet_utils/nnet_recurrent.h:151]   --->   Operation 69 'store' 'store_ln151' <Predicate = (reset_state_read)> <Delay = 1.61>
ST_1 : Operation 70 [1/1] (1.61ns)   --->   "%store_ln151 = store i14 0, i14 %void_lstm_static_bool_ap_fixed_ap_fixed_ap_fixed_weight_t_recurrent_weight_t_15" [firmware/nnet_utils/nnet_recurrent.h:151]   --->   Operation 70 'store' 'store_ln151' <Predicate = (reset_state_read)> <Delay = 1.61>
ST_1 : Operation 71 [1/1] (1.61ns)   --->   "%store_ln151 = store i14 0, i14 %void_lstm_static_bool_ap_fixed_ap_fixed_ap_fixed_weight_t_recurrent_weight_t_14" [firmware/nnet_utils/nnet_recurrent.h:151]   --->   Operation 71 'store' 'store_ln151' <Predicate = (reset_state_read)> <Delay = 1.61>
ST_1 : Operation 72 [1/1] (1.61ns)   --->   "%store_ln151 = store i14 0, i14 %void_lstm_static_bool_ap_fixed_ap_fixed_ap_fixed_weight_t_recurrent_weight_t_13" [firmware/nnet_utils/nnet_recurrent.h:151]   --->   Operation 72 'store' 'store_ln151' <Predicate = (reset_state_read)> <Delay = 1.61>
ST_1 : Operation 73 [1/1] (1.61ns)   --->   "%store_ln151 = store i14 0, i14 %void_lstm_static_bool_ap_fixed_ap_fixed_ap_fixed_weight_t_recurrent_weight_t_12" [firmware/nnet_utils/nnet_recurrent.h:151]   --->   Operation 73 'store' 'store_ln151' <Predicate = (reset_state_read)> <Delay = 1.61>
ST_1 : Operation 74 [1/1] (1.61ns)   --->   "%store_ln151 = store i14 0, i14 %void_lstm_static_bool_ap_fixed_ap_fixed_ap_fixed_weight_t_recurrent_weight_t_11" [firmware/nnet_utils/nnet_recurrent.h:151]   --->   Operation 74 'store' 'store_ln151' <Predicate = (reset_state_read)> <Delay = 1.61>
ST_1 : Operation 75 [1/1] (1.61ns)   --->   "%store_ln151 = store i14 0, i14 %void_lstm_static_bool_ap_fixed_ap_fixed_ap_fixed_weight_t_recurrent_weight_t_10" [firmware/nnet_utils/nnet_recurrent.h:151]   --->   Operation 75 'store' 'store_ln151' <Predicate = (reset_state_read)> <Delay = 1.61>
ST_1 : Operation 76 [1/1] (1.61ns)   --->   "%store_ln151 = store i14 0, i14 %p_ZZN4nnet11lstm_staticI8ap_fixedILi14ELi7EL9ap_q_mode0EL9ap_o_mode3ELi0EES4_7con_43" [firmware/nnet_utils/nnet_recurrent.h:151]   --->   Operation 76 'store' 'store_ln151' <Predicate = (reset_state_read)> <Delay = 1.61>
ST_1 : Operation 77 [1/1] (1.61ns)   --->   "%store_ln151 = store i14 0, i14 %p_ZZN4nnet11lstm_staticI8ap_fixedILi14ELi7EL9ap_q_mode0EL9ap_o_mode3ELi0EES4_7con_42" [firmware/nnet_utils/nnet_recurrent.h:151]   --->   Operation 77 'store' 'store_ln151' <Predicate = (reset_state_read)> <Delay = 1.61>
ST_1 : Operation 78 [1/1] (1.61ns)   --->   "%store_ln151 = store i14 0, i14 %p_ZZN4nnet11lstm_staticI8ap_fixedILi14ELi7EL9ap_q_mode0EL9ap_o_mode3ELi0EES4_7con_41" [firmware/nnet_utils/nnet_recurrent.h:151]   --->   Operation 78 'store' 'store_ln151' <Predicate = (reset_state_read)> <Delay = 1.61>
ST_1 : Operation 79 [1/1] (1.61ns)   --->   "%store_ln151 = store i14 0, i14 %p_ZZN4nnet11lstm_staticI8ap_fixedILi14ELi7EL9ap_q_mode0EL9ap_o_mode3ELi0EES4_7con_40" [firmware/nnet_utils/nnet_recurrent.h:151]   --->   Operation 79 'store' 'store_ln151' <Predicate = (reset_state_read)> <Delay = 1.61>
ST_1 : Operation 80 [1/1] (1.61ns)   --->   "%store_ln151 = store i14 0, i14 %p_ZZN4nnet11lstm_staticI8ap_fixedILi14ELi7EL9ap_q_mode0EL9ap_o_mode3ELi0EES4_7con_39" [firmware/nnet_utils/nnet_recurrent.h:151]   --->   Operation 80 'store' 'store_ln151' <Predicate = (reset_state_read)> <Delay = 1.61>
ST_1 : Operation 81 [1/1] (1.61ns)   --->   "%store_ln151 = store i14 0, i14 %p_ZZN4nnet11lstm_staticI8ap_fixedILi14ELi7EL9ap_q_mode0EL9ap_o_mode3ELi0EES4_7con_38" [firmware/nnet_utils/nnet_recurrent.h:151]   --->   Operation 81 'store' 'store_ln151' <Predicate = (reset_state_read)> <Delay = 1.61>
ST_1 : Operation 82 [1/1] (1.61ns)   --->   "%store_ln151 = store i14 0, i14 %p_ZZN4nnet11lstm_staticI8ap_fixedILi14ELi7EL9ap_q_mode0EL9ap_o_mode3ELi0EES4_7con_37" [firmware/nnet_utils/nnet_recurrent.h:151]   --->   Operation 82 'store' 'store_ln151' <Predicate = (reset_state_read)> <Delay = 1.61>
ST_1 : Operation 83 [1/1] (1.61ns)   --->   "%store_ln151 = store i14 0, i14 %p_ZZN4nnet11lstm_staticI8ap_fixedILi14ELi7EL9ap_q_mode0EL9ap_o_mode3ELi0EES4_7con_36" [firmware/nnet_utils/nnet_recurrent.h:151]   --->   Operation 83 'store' 'store_ln151' <Predicate = (reset_state_read)> <Delay = 1.61>
ST_1 : Operation 84 [1/1] (1.61ns)   --->   "%store_ln151 = store i14 0, i14 %p_ZZN4nnet11lstm_staticI8ap_fixedILi14ELi7EL9ap_q_mode0EL9ap_o_mode3ELi0EES4_7con_35" [firmware/nnet_utils/nnet_recurrent.h:151]   --->   Operation 84 'store' 'store_ln151' <Predicate = (reset_state_read)> <Delay = 1.61>
ST_1 : Operation 85 [1/1] (1.61ns)   --->   "%store_ln151 = store i14 0, i14 %p_ZZN4nnet11lstm_staticI8ap_fixedILi14ELi7EL9ap_q_mode0EL9ap_o_mode3ELi0EES4_7con_34" [firmware/nnet_utils/nnet_recurrent.h:151]   --->   Operation 85 'store' 'store_ln151' <Predicate = (reset_state_read)> <Delay = 1.61>
ST_1 : Operation 86 [1/1] (1.61ns)   --->   "%store_ln151 = store i14 0, i14 %p_ZZN4nnet11lstm_staticI8ap_fixedILi14ELi7EL9ap_q_mode0EL9ap_o_mode3ELi0EES4_7con_33" [firmware/nnet_utils/nnet_recurrent.h:151]   --->   Operation 86 'store' 'store_ln151' <Predicate = (reset_state_read)> <Delay = 1.61>
ST_1 : Operation 87 [1/1] (1.61ns)   --->   "%store_ln151 = store i14 0, i14 %p_ZZN4nnet11lstm_staticI8ap_fixedILi14ELi7EL9ap_q_mode0EL9ap_o_mode3ELi0EES4_7con_32" [firmware/nnet_utils/nnet_recurrent.h:151]   --->   Operation 87 'store' 'store_ln151' <Predicate = (reset_state_read)> <Delay = 1.61>
ST_1 : Operation 88 [1/1] (1.61ns)   --->   "%store_ln151 = store i14 0, i14 %p_ZZN4nnet11lstm_staticI8ap_fixedILi14ELi7EL9ap_q_mode0EL9ap_o_mode3ELi0EES4_7con_31" [firmware/nnet_utils/nnet_recurrent.h:151]   --->   Operation 88 'store' 'store_ln151' <Predicate = (reset_state_read)> <Delay = 1.61>
ST_1 : Operation 89 [1/1] (1.61ns)   --->   "%store_ln151 = store i14 0, i14 %p_ZZN4nnet11lstm_staticI8ap_fixedILi14ELi7EL9ap_q_mode0EL9ap_o_mode3ELi0EES4_7con_30" [firmware/nnet_utils/nnet_recurrent.h:151]   --->   Operation 89 'store' 'store_ln151' <Predicate = (reset_state_read)> <Delay = 1.61>
ST_1 : Operation 90 [1/1] (1.61ns)   --->   "%store_ln151 = store i14 0, i14 %p_ZZN4nnet11lstm_staticI8ap_fixedILi14ELi7EL9ap_q_mode0EL9ap_o_mode3ELi0EES4_7con_29" [firmware/nnet_utils/nnet_recurrent.h:151]   --->   Operation 90 'store' 'store_ln151' <Predicate = (reset_state_read)> <Delay = 1.61>
ST_1 : Operation 91 [1/1] (1.61ns)   --->   "%store_ln151 = store i14 0, i14 %p_ZZN4nnet11lstm_staticI8ap_fixedILi14ELi7EL9ap_q_mode0EL9ap_o_mode3ELi0EES4_7con_28" [firmware/nnet_utils/nnet_recurrent.h:151]   --->   Operation 91 'store' 'store_ln151' <Predicate = (reset_state_read)> <Delay = 1.61>
ST_1 : Operation 92 [1/1] (1.61ns)   --->   "%store_ln151 = store i14 0, i14 %p_ZZN4nnet11lstm_staticI8ap_fixedILi14ELi7EL9ap_q_mode0EL9ap_o_mode3ELi0EES4_7con_27" [firmware/nnet_utils/nnet_recurrent.h:151]   --->   Operation 92 'store' 'store_ln151' <Predicate = (reset_state_read)> <Delay = 1.61>
ST_1 : Operation 93 [1/1] (1.61ns)   --->   "%store_ln151 = store i14 0, i14 %p_ZZN4nnet11lstm_staticI8ap_fixedILi14ELi7EL9ap_q_mode0EL9ap_o_mode3ELi0EES4_7con_26" [firmware/nnet_utils/nnet_recurrent.h:151]   --->   Operation 93 'store' 'store_ln151' <Predicate = (reset_state_read)> <Delay = 1.61>
ST_1 : Operation 94 [1/1] (1.61ns)   --->   "%store_ln151 = store i14 0, i14 %p_ZZN4nnet11lstm_staticI8ap_fixedILi14ELi7EL9ap_q_mode0EL9ap_o_mode3ELi0EES4_7con_25" [firmware/nnet_utils/nnet_recurrent.h:151]   --->   Operation 94 'store' 'store_ln151' <Predicate = (reset_state_read)> <Delay = 1.61>
ST_1 : Operation 95 [1/1] (1.61ns)   --->   "%store_ln151 = store i14 0, i14 %p_ZZN4nnet11lstm_staticI8ap_fixedILi14ELi7EL9ap_q_mode0EL9ap_o_mode3ELi0EES4_7con_24" [firmware/nnet_utils/nnet_recurrent.h:151]   --->   Operation 95 'store' 'store_ln151' <Predicate = (reset_state_read)> <Delay = 1.61>
ST_1 : Operation 96 [1/1] (1.61ns)   --->   "%store_ln151 = store i14 0, i14 %p_ZZN4nnet11lstm_staticI8ap_fixedILi14ELi7EL9ap_q_mode0EL9ap_o_mode3ELi0EES4_7con_23" [firmware/nnet_utils/nnet_recurrent.h:151]   --->   Operation 96 'store' 'store_ln151' <Predicate = (reset_state_read)> <Delay = 1.61>
ST_1 : Operation 97 [1/1] (1.61ns)   --->   "%store_ln151 = store i14 0, i14 %p_ZZN4nnet11lstm_staticI8ap_fixedILi14ELi7EL9ap_q_mode0EL9ap_o_mode3ELi0EES4_7con_22" [firmware/nnet_utils/nnet_recurrent.h:151]   --->   Operation 97 'store' 'store_ln151' <Predicate = (reset_state_read)> <Delay = 1.61>
ST_1 : Operation 98 [1/1] (1.61ns)   --->   "%br_ln153 = br void %if.end" [firmware/nnet_utils/nnet_recurrent.h:153]   --->   Operation 98 'br' 'br_ln153' <Predicate = (reset_state_read)> <Delay = 1.61>

State 2 <SV = 1> <Delay = 0.00>
ST_2 : Operation 99 [2/2] (0.00ns)   --->   "%call_ret1 = call i1792 @dense_resource_rf_gt_nin_rem0<ap_fixed,ap_fixed<14,7,0,3,0>,config2_1>, i14 %data, i3 %outidx, i206 %w2" [firmware/nnet_utils/nnet_dense.h:76->firmware/nnet_utils/nnet_dense.h:45->firmware/nnet_utils/nnet_recurrent.h:154]   --->   Operation 99 'call' 'call_ret1' <Predicate = true> <Delay = 0.00> <CoreType = "Generic">   --->   Generic Core
ST_2 : Operation 100 [2/2] (0.00ns)   --->   "%tmp_1 = call i1792 @dense_resource_rf_gt_nin_rem0<ap_fixed,ap_fixed<14,7,0,3,0>,config2_2>, i1 %outidx_4, i703 %wr2, i14 %void_lstm_static_bool_ap_fixed_ap_fixed_ap_fixed_weight_t_recurrent_weight_t_19, i14 %void_lstm_static_bool_ap_fixed_ap_fixed_ap_fixed_weight_t_recurrent_weight_t_18, i14 %void_lstm_static_bool_ap_fixed_ap_fixed_ap_fixed_weight_t_recurrent_weight_t_17, i14 %void_lstm_static_bool_ap_fixed_ap_fixed_ap_fixed_weight_t_recurrent_weight_t_16, i14 %void_lstm_static_bool_ap_fixed_ap_fixed_ap_fixed_weight_t_recurrent_weight_t_15, i14 %void_lstm_static_bool_ap_fixed_ap_fixed_ap_fixed_weight_t_recurrent_weight_t_14, i14 %void_lstm_static_bool_ap_fixed_ap_fixed_ap_fixed_weight_t_recurrent_weight_t_13, i14 %void_lstm_static_bool_ap_fixed_ap_fixed_ap_fixed_weight_t_recurrent_weight_t_12, i14 %void_lstm_static_bool_ap_fixed_ap_fixed_ap_fixed_weight_t_recurrent_weight_t_11, i14 %void_lstm_static_bool_ap_fixed_ap_fixed_ap_fixed_weight_t_recurrent_weight_t_10, i14 %p_ZZN4nnet11lstm_staticI8ap_fixedILi14ELi7EL9ap_q_mode0EL9ap_o_mode3ELi0EES4_7con_43, i14 %p_ZZN4nnet11lstm_staticI8ap_fixedILi14ELi7EL9ap_q_mode0EL9ap_o_mode3ELi0EES4_7con_42, i14 %p_ZZN4nnet11lstm_staticI8ap_fixedILi14ELi7EL9ap_q_mode0EL9ap_o_mode3ELi0EES4_7con_41, i14 %p_ZZN4nnet11lstm_staticI8ap_fixedILi14ELi7EL9ap_q_mode0EL9ap_o_mode3ELi0EES4_7con_40, i14 %p_ZZN4nnet11lstm_staticI8ap_fixedILi14ELi7EL9ap_q_mode0EL9ap_o_mode3ELi0EES4_7con_39, i14 %p_ZZN4nnet11lstm_staticI8ap_fixedILi14ELi7EL9ap_q_mode0EL9ap_o_mode3ELi0EES4_7con_38, i14 %p_ZZN4nnet11lstm_staticI8ap_fixedILi14ELi7EL9ap_q_mode0EL9ap_o_mode3ELi0EES4_7con_37, i14 %p_ZZN4nnet11lstm_staticI8ap_fixedILi14ELi7EL9ap_q_mode0EL9ap_o_mode3ELi0EES4_7con_36, i14 %p_ZZN4nnet11lstm_staticI8ap_fixedILi14ELi7EL9ap_q_mode0EL9ap_o_mode3ELi0EES4_7con_35, i14 %p_ZZN4nnet11lstm_staticI8ap_fixedILi14ELi7EL9ap_q_mode0EL9ap_o_mode3ELi0EES4_7con_34, i14 %p_ZZN4nnet11lstm_staticI8ap_fixedILi14ELi7EL9ap_q_mode0EL9ap_o_mode3ELi0EES4_7con_33, i14 %p_ZZN4nnet11lstm_staticI8ap_fixedILi14ELi7EL9ap_q_mode0EL9ap_o_mode3ELi0EES4_7con_32, i14 %p_ZZN4nnet11lstm_staticI8ap_fixedILi14ELi7EL9ap_q_mode0EL9ap_o_mode3ELi0EES4_7con_31, i14 %p_ZZN4nnet11lstm_staticI8ap_fixedILi14ELi7EL9ap_q_mode0EL9ap_o_mode3ELi0EES4_7con_30, i14 %p_ZZN4nnet11lstm_staticI8ap_fixedILi14ELi7EL9ap_q_mode0EL9ap_o_mode3ELi0EES4_7con_29, i14 %p_ZZN4nnet11lstm_staticI8ap_fixedILi14ELi7EL9ap_q_mode0EL9ap_o_mode3ELi0EES4_7con_28, i14 %p_ZZN4nnet11lstm_staticI8ap_fixedILi14ELi7EL9ap_q_mode0EL9ap_o_mode3ELi0EES4_7con_27, i14 %p_ZZN4nnet11lstm_staticI8ap_fixedILi14ELi7EL9ap_q_mode0EL9ap_o_mode3ELi0EES4_7con_26, i14 %p_ZZN4nnet11lstm_staticI8ap_fixedILi14ELi7EL9ap_q_mode0EL9ap_o_mode3ELi0EES4_7con_25, i14 %p_ZZN4nnet11lstm_staticI8ap_fixedILi14ELi7EL9ap_q_mode0EL9ap_o_mode3ELi0EES4_7con_24, i14 %p_ZZN4nnet11lstm_staticI8ap_fixedILi14ELi7EL9ap_q_mode0EL9ap_o_mode3ELi0EES4_7con_23, i14 %p_ZZN4nnet11lstm_staticI8ap_fixedILi14ELi7EL9ap_q_mode0EL9ap_o_mode3ELi0EES4_7con_22" [firmware/nnet_utils/nnet_dense.h:76->firmware/nnet_utils/nnet_dense.h:45->firmware/nnet_utils/nnet_recurrent.h:155]   --->   Operation 100 'call' 'tmp_1' <Predicate = true> <Delay = 0.00> <CoreType = "Generic">   --->   Generic Core

State 3 <SV = 2> <Delay = 1.39>
ST_3 : Operation 101 [1/2] (0.97ns)   --->   "%call_ret1 = call i1792 @dense_resource_rf_gt_nin_rem0<ap_fixed,ap_fixed<14,7,0,3,0>,config2_1>, i14 %data, i3 %outidx, i206 %w2" [firmware/nnet_utils/nnet_dense.h:76->firmware/nnet_utils/nnet_dense.h:45->firmware/nnet_utils/nnet_recurrent.h:154]   --->   Operation 101 'call' 'call_ret1' <Predicate = true> <Delay = 0.97> <CoreType = "Generic">   --->   Generic Core
ST_3 : Operation 102 [1/2] (1.39ns)   --->   "%tmp_1 = call i1792 @dense_resource_rf_gt_nin_rem0<ap_fixed,ap_fixed<14,7,0,3,0>,config2_2>, i1 %outidx_4, i703 %wr2, i14 %void_lstm_static_bool_ap_fixed_ap_fixed_ap_fixed_weight_t_recurrent_weight_t_19, i14 %void_lstm_static_bool_ap_fixed_ap_fixed_ap_fixed_weight_t_recurrent_weight_t_18, i14 %void_lstm_static_bool_ap_fixed_ap_fixed_ap_fixed_weight_t_recurrent_weight_t_17, i14 %void_lstm_static_bool_ap_fixed_ap_fixed_ap_fixed_weight_t_recurrent_weight_t_16, i14 %void_lstm_static_bool_ap_fixed_ap_fixed_ap_fixed_weight_t_recurrent_weight_t_15, i14 %void_lstm_static_bool_ap_fixed_ap_fixed_ap_fixed_weight_t_recurrent_weight_t_14, i14 %void_lstm_static_bool_ap_fixed_ap_fixed_ap_fixed_weight_t_recurrent_weight_t_13, i14 %void_lstm_static_bool_ap_fixed_ap_fixed_ap_fixed_weight_t_recurrent_weight_t_12, i14 %void_lstm_static_bool_ap_fixed_ap_fixed_ap_fixed_weight_t_recurrent_weight_t_11, i14 %void_lstm_static_bool_ap_fixed_ap_fixed_ap_fixed_weight_t_recurrent_weight_t_10, i14 %p_ZZN4nnet11lstm_staticI8ap_fixedILi14ELi7EL9ap_q_mode0EL9ap_o_mode3ELi0EES4_7con_43, i14 %p_ZZN4nnet11lstm_staticI8ap_fixedILi14ELi7EL9ap_q_mode0EL9ap_o_mode3ELi0EES4_7con_42, i14 %p_ZZN4nnet11lstm_staticI8ap_fixedILi14ELi7EL9ap_q_mode0EL9ap_o_mode3ELi0EES4_7con_41, i14 %p_ZZN4nnet11lstm_staticI8ap_fixedILi14ELi7EL9ap_q_mode0EL9ap_o_mode3ELi0EES4_7con_40, i14 %p_ZZN4nnet11lstm_staticI8ap_fixedILi14ELi7EL9ap_q_mode0EL9ap_o_mode3ELi0EES4_7con_39, i14 %p_ZZN4nnet11lstm_staticI8ap_fixedILi14ELi7EL9ap_q_mode0EL9ap_o_mode3ELi0EES4_7con_38, i14 %p_ZZN4nnet11lstm_staticI8ap_fixedILi14ELi7EL9ap_q_mode0EL9ap_o_mode3ELi0EES4_7con_37, i14 %p_ZZN4nnet11lstm_staticI8ap_fixedILi14ELi7EL9ap_q_mode0EL9ap_o_mode3ELi0EES4_7con_36, i14 %p_ZZN4nnet11lstm_staticI8ap_fixedILi14ELi7EL9ap_q_mode0EL9ap_o_mode3ELi0EES4_7con_35, i14 %p_ZZN4nnet11lstm_staticI8ap_fixedILi14ELi7EL9ap_q_mode0EL9ap_o_mode3ELi0EES4_7con_34, i14 %p_ZZN4nnet11lstm_staticI8ap_fixedILi14ELi7EL9ap_q_mode0EL9ap_o_mode3ELi0EES4_7con_33, i14 %p_ZZN4nnet11lstm_staticI8ap_fixedILi14ELi7EL9ap_q_mode0EL9ap_o_mode3ELi0EES4_7con_32, i14 %p_ZZN4nnet11lstm_staticI8ap_fixedILi14ELi7EL9ap_q_mode0EL9ap_o_mode3ELi0EES4_7con_31, i14 %p_ZZN4nnet11lstm_staticI8ap_fixedILi14ELi7EL9ap_q_mode0EL9ap_o_mode3ELi0EES4_7con_30, i14 %p_ZZN4nnet11lstm_staticI8ap_fixedILi14ELi7EL9ap_q_mode0EL9ap_o_mode3ELi0EES4_7con_29, i14 %p_ZZN4nnet11lstm_staticI8ap_fixedILi14ELi7EL9ap_q_mode0EL9ap_o_mode3ELi0EES4_7con_28, i14 %p_ZZN4nnet11lstm_staticI8ap_fixedILi14ELi7EL9ap_q_mode0EL9ap_o_mode3ELi0EES4_7con_27, i14 %p_ZZN4nnet11lstm_staticI8ap_fixedILi14ELi7EL9ap_q_mode0EL9ap_o_mode3ELi0EES4_7con_26, i14 %p_ZZN4nnet11lstm_staticI8ap_fixedILi14ELi7EL9ap_q_mode0EL9ap_o_mode3ELi0EES4_7con_25, i14 %p_ZZN4nnet11lstm_staticI8ap_fixedILi14ELi7EL9ap_q_mode0EL9ap_o_mode3ELi0EES4_7con_24, i14 %p_ZZN4nnet11lstm_staticI8ap_fixedILi14ELi7EL9ap_q_mode0EL9ap_o_mode3ELi0EES4_7con_23, i14 %p_ZZN4nnet11lstm_staticI8ap_fixedILi14ELi7EL9ap_q_mode0EL9ap_o_mode3ELi0EES4_7con_22" [firmware/nnet_utils/nnet_dense.h:76->firmware/nnet_utils/nnet_dense.h:45->firmware/nnet_utils/nnet_recurrent.h:155]   --->   Operation 102 'call' 'tmp_1' <Predicate = true> <Delay = 1.39> <CoreType = "Generic">   --->   Generic Core

State 4 <SV = 3> <Delay = 2.13>
ST_4 : Operation 103 [1/1] (0.00ns) (grouped into LUT with out node inputacc_ifo)   --->   "%tmpres = extractvalue i1792 %call_ret1" [firmware/nnet_utils/nnet_dense.h:76->firmware/nnet_utils/nnet_dense.h:45->firmware/nnet_utils/nnet_recurrent.h:154]   --->   Operation 103 'extractvalue' 'tmpres' <Predicate = true> <Delay = 0.00>
ST_4 : Operation 104 [1/1] (0.00ns) (grouped into LUT with out node inputacc_ifo_1)   --->   "%tmpres_1 = extractvalue i1792 %call_ret1" [firmware/nnet_utils/nnet_dense.h:76->firmware/nnet_utils/nnet_dense.h:45->firmware/nnet_utils/nnet_recurrent.h:154]   --->   Operation 104 'extractvalue' 'tmpres_1' <Predicate = true> <Delay = 0.00>
ST_4 : Operation 105 [1/1] (0.00ns) (grouped into LUT with out node inputacc_ifo_2)   --->   "%tmpres_2 = extractvalue i1792 %call_ret1" [firmware/nnet_utils/nnet_dense.h:76->firmware/nnet_utils/nnet_dense.h:45->firmware/nnet_utils/nnet_recurrent.h:154]   --->   Operation 105 'extractvalue' 'tmpres_2' <Predicate = true> <Delay = 0.00>
ST_4 : Operation 106 [1/1] (0.00ns) (grouped into LUT with out node inputacc_ifo_3)   --->   "%tmpres_3 = extractvalue i1792 %call_ret1" [firmware/nnet_utils/nnet_dense.h:76->firmware/nnet_utils/nnet_dense.h:45->firmware/nnet_utils/nnet_recurrent.h:154]   --->   Operation 106 'extractvalue' 'tmpres_3' <Predicate = true> <Delay = 0.00>
ST_4 : Operation 107 [1/1] (0.00ns) (grouped into LUT with out node inputacc_ifo_4)   --->   "%tmpres_4 = extractvalue i1792 %call_ret1" [firmware/nnet_utils/nnet_dense.h:76->firmware/nnet_utils/nnet_dense.h:45->firmware/nnet_utils/nnet_recurrent.h:154]   --->   Operation 107 'extractvalue' 'tmpres_4' <Predicate = true> <Delay = 0.00>
ST_4 : Operation 108 [1/1] (0.00ns) (grouped into LUT with out node inputacc_ifo_5)   --->   "%tmpres_5 = extractvalue i1792 %call_ret1" [firmware/nnet_utils/nnet_dense.h:76->firmware/nnet_utils/nnet_dense.h:45->firmware/nnet_utils/nnet_recurrent.h:154]   --->   Operation 108 'extractvalue' 'tmpres_5' <Predicate = true> <Delay = 0.00>
ST_4 : Operation 109 [1/1] (0.00ns) (grouped into LUT with out node inputacc_ifo_6)   --->   "%tmpres_6 = extractvalue i1792 %call_ret1" [firmware/nnet_utils/nnet_dense.h:76->firmware/nnet_utils/nnet_dense.h:45->firmware/nnet_utils/nnet_recurrent.h:154]   --->   Operation 109 'extractvalue' 'tmpres_6' <Predicate = true> <Delay = 0.00>
ST_4 : Operation 110 [1/1] (0.00ns) (grouped into LUT with out node inputacc_ifo_7)   --->   "%tmpres_7 = extractvalue i1792 %call_ret1" [firmware/nnet_utils/nnet_dense.h:76->firmware/nnet_utils/nnet_dense.h:45->firmware/nnet_utils/nnet_recurrent.h:154]   --->   Operation 110 'extractvalue' 'tmpres_7' <Predicate = true> <Delay = 0.00>
ST_4 : Operation 111 [1/1] (0.00ns) (grouped into LUT with out node inputacc_ifo_8)   --->   "%tmpres_8 = extractvalue i1792 %call_ret1" [firmware/nnet_utils/nnet_dense.h:76->firmware/nnet_utils/nnet_dense.h:45->firmware/nnet_utils/nnet_recurrent.h:154]   --->   Operation 111 'extractvalue' 'tmpres_8' <Predicate = true> <Delay = 0.00>
ST_4 : Operation 112 [1/1] (0.00ns) (grouped into LUT with out node inputacc_ifo_9)   --->   "%tmpres_9 = extractvalue i1792 %call_ret1" [firmware/nnet_utils/nnet_dense.h:76->firmware/nnet_utils/nnet_dense.h:45->firmware/nnet_utils/nnet_recurrent.h:154]   --->   Operation 112 'extractvalue' 'tmpres_9' <Predicate = true> <Delay = 0.00>
ST_4 : Operation 113 [1/1] (0.00ns) (grouped into LUT with out node inputacc_ifo_10)   --->   "%tmpres_10 = extractvalue i1792 %call_ret1" [firmware/nnet_utils/nnet_dense.h:76->firmware/nnet_utils/nnet_dense.h:45->firmware/nnet_utils/nnet_recurrent.h:154]   --->   Operation 113 'extractvalue' 'tmpres_10' <Predicate = true> <Delay = 0.00>
ST_4 : Operation 114 [1/1] (0.00ns) (grouped into LUT with out node inputacc_ifo_11)   --->   "%tmpres_11 = extractvalue i1792 %call_ret1" [firmware/nnet_utils/nnet_dense.h:76->firmware/nnet_utils/nnet_dense.h:45->firmware/nnet_utils/nnet_recurrent.h:154]   --->   Operation 114 'extractvalue' 'tmpres_11' <Predicate = true> <Delay = 0.00>
ST_4 : Operation 115 [1/1] (0.00ns) (grouped into LUT with out node inputacc_ifo_12)   --->   "%tmpres_12 = extractvalue i1792 %call_ret1" [firmware/nnet_utils/nnet_dense.h:76->firmware/nnet_utils/nnet_dense.h:45->firmware/nnet_utils/nnet_recurrent.h:154]   --->   Operation 115 'extractvalue' 'tmpres_12' <Predicate = true> <Delay = 0.00>
ST_4 : Operation 116 [1/1] (0.00ns) (grouped into LUT with out node inputacc_ifo_13)   --->   "%tmpres_13 = extractvalue i1792 %call_ret1" [firmware/nnet_utils/nnet_dense.h:76->firmware/nnet_utils/nnet_dense.h:45->firmware/nnet_utils/nnet_recurrent.h:154]   --->   Operation 116 'extractvalue' 'tmpres_13' <Predicate = true> <Delay = 0.00>
ST_4 : Operation 117 [1/1] (0.00ns) (grouped into LUT with out node inputacc_ifo_14)   --->   "%tmpres_14 = extractvalue i1792 %call_ret1" [firmware/nnet_utils/nnet_dense.h:76->firmware/nnet_utils/nnet_dense.h:45->firmware/nnet_utils/nnet_recurrent.h:154]   --->   Operation 117 'extractvalue' 'tmpres_14' <Predicate = true> <Delay = 0.00>
ST_4 : Operation 118 [1/1] (0.00ns) (grouped into LUT with out node inputacc_ifo_15)   --->   "%tmpres_15 = extractvalue i1792 %call_ret1" [firmware/nnet_utils/nnet_dense.h:76->firmware/nnet_utils/nnet_dense.h:45->firmware/nnet_utils/nnet_recurrent.h:154]   --->   Operation 118 'extractvalue' 'tmpres_15' <Predicate = true> <Delay = 0.00>
ST_4 : Operation 119 [1/1] (0.00ns) (grouped into LUT with out node inputacc_ifo_16)   --->   "%tmpres_16 = extractvalue i1792 %call_ret1" [firmware/nnet_utils/nnet_dense.h:76->firmware/nnet_utils/nnet_dense.h:45->firmware/nnet_utils/nnet_recurrent.h:154]   --->   Operation 119 'extractvalue' 'tmpres_16' <Predicate = true> <Delay = 0.00>
ST_4 : Operation 120 [1/1] (0.00ns) (grouped into LUT with out node inputacc_ifo_17)   --->   "%tmpres_17 = extractvalue i1792 %call_ret1" [firmware/nnet_utils/nnet_dense.h:76->firmware/nnet_utils/nnet_dense.h:45->firmware/nnet_utils/nnet_recurrent.h:154]   --->   Operation 120 'extractvalue' 'tmpres_17' <Predicate = true> <Delay = 0.00>
ST_4 : Operation 121 [1/1] (0.00ns) (grouped into LUT with out node inputacc_ifo_18)   --->   "%tmpres_18 = extractvalue i1792 %call_ret1" [firmware/nnet_utils/nnet_dense.h:76->firmware/nnet_utils/nnet_dense.h:45->firmware/nnet_utils/nnet_recurrent.h:154]   --->   Operation 121 'extractvalue' 'tmpres_18' <Predicate = true> <Delay = 0.00>
ST_4 : Operation 122 [1/1] (0.00ns) (grouped into LUT with out node inputacc_ifo_19)   --->   "%tmpres_19 = extractvalue i1792 %call_ret1" [firmware/nnet_utils/nnet_dense.h:76->firmware/nnet_utils/nnet_dense.h:45->firmware/nnet_utils/nnet_recurrent.h:154]   --->   Operation 122 'extractvalue' 'tmpres_19' <Predicate = true> <Delay = 0.00>
ST_4 : Operation 123 [1/1] (0.00ns) (grouped into LUT with out node inputacc_ifo_20)   --->   "%tmpres_20 = extractvalue i1792 %call_ret1" [firmware/nnet_utils/nnet_dense.h:76->firmware/nnet_utils/nnet_dense.h:45->firmware/nnet_utils/nnet_recurrent.h:154]   --->   Operation 123 'extractvalue' 'tmpres_20' <Predicate = true> <Delay = 0.00>
ST_4 : Operation 124 [1/1] (0.00ns) (grouped into LUT with out node inputacc_ifo_21)   --->   "%tmpres_21 = extractvalue i1792 %call_ret1" [firmware/nnet_utils/nnet_dense.h:76->firmware/nnet_utils/nnet_dense.h:45->firmware/nnet_utils/nnet_recurrent.h:154]   --->   Operation 124 'extractvalue' 'tmpres_21' <Predicate = true> <Delay = 0.00>
ST_4 : Operation 125 [1/1] (0.00ns) (grouped into LUT with out node inputacc_ifo_22)   --->   "%tmpres_22 = extractvalue i1792 %call_ret1" [firmware/nnet_utils/nnet_dense.h:76->firmware/nnet_utils/nnet_dense.h:45->firmware/nnet_utils/nnet_recurrent.h:154]   --->   Operation 125 'extractvalue' 'tmpres_22' <Predicate = true> <Delay = 0.00>
ST_4 : Operation 126 [1/1] (0.00ns) (grouped into LUT with out node inputacc_ifo_23)   --->   "%tmpres_23 = extractvalue i1792 %call_ret1" [firmware/nnet_utils/nnet_dense.h:76->firmware/nnet_utils/nnet_dense.h:45->firmware/nnet_utils/nnet_recurrent.h:154]   --->   Operation 126 'extractvalue' 'tmpres_23' <Predicate = true> <Delay = 0.00>
ST_4 : Operation 127 [1/1] (0.00ns) (grouped into LUT with out node inputacc_ifo_24)   --->   "%tmpres_24 = extractvalue i1792 %call_ret1" [firmware/nnet_utils/nnet_dense.h:76->firmware/nnet_utils/nnet_dense.h:45->firmware/nnet_utils/nnet_recurrent.h:154]   --->   Operation 127 'extractvalue' 'tmpres_24' <Predicate = true> <Delay = 0.00>
ST_4 : Operation 128 [1/1] (0.00ns) (grouped into LUT with out node inputacc_ifo_25)   --->   "%tmpres_25 = extractvalue i1792 %call_ret1" [firmware/nnet_utils/nnet_dense.h:76->firmware/nnet_utils/nnet_dense.h:45->firmware/nnet_utils/nnet_recurrent.h:154]   --->   Operation 128 'extractvalue' 'tmpres_25' <Predicate = true> <Delay = 0.00>
ST_4 : Operation 129 [1/1] (0.00ns) (grouped into LUT with out node inputacc_ifo_26)   --->   "%tmpres_26 = extractvalue i1792 %call_ret1" [firmware/nnet_utils/nnet_dense.h:76->firmware/nnet_utils/nnet_dense.h:45->firmware/nnet_utils/nnet_recurrent.h:154]   --->   Operation 129 'extractvalue' 'tmpres_26' <Predicate = true> <Delay = 0.00>
ST_4 : Operation 130 [1/1] (0.00ns) (grouped into LUT with out node inputacc_ifo_27)   --->   "%tmpres_27 = extractvalue i1792 %call_ret1" [firmware/nnet_utils/nnet_dense.h:76->firmware/nnet_utils/nnet_dense.h:45->firmware/nnet_utils/nnet_recurrent.h:154]   --->   Operation 130 'extractvalue' 'tmpres_27' <Predicate = true> <Delay = 0.00>
ST_4 : Operation 131 [1/1] (0.00ns) (grouped into LUT with out node inputacc_ifo_28)   --->   "%tmpres_28 = extractvalue i1792 %call_ret1" [firmware/nnet_utils/nnet_dense.h:76->firmware/nnet_utils/nnet_dense.h:45->firmware/nnet_utils/nnet_recurrent.h:154]   --->   Operation 131 'extractvalue' 'tmpres_28' <Predicate = true> <Delay = 0.00>
ST_4 : Operation 132 [1/1] (0.00ns) (grouped into LUT with out node inputacc_ifo_29)   --->   "%tmpres_29 = extractvalue i1792 %call_ret1" [firmware/nnet_utils/nnet_dense.h:76->firmware/nnet_utils/nnet_dense.h:45->firmware/nnet_utils/nnet_recurrent.h:154]   --->   Operation 132 'extractvalue' 'tmpres_29' <Predicate = true> <Delay = 0.00>
ST_4 : Operation 133 [1/1] (0.00ns) (grouped into LUT with out node inputacc_ifo_30)   --->   "%tmpres_30 = extractvalue i1792 %call_ret1" [firmware/nnet_utils/nnet_dense.h:76->firmware/nnet_utils/nnet_dense.h:45->firmware/nnet_utils/nnet_recurrent.h:154]   --->   Operation 133 'extractvalue' 'tmpres_30' <Predicate = true> <Delay = 0.00>
ST_4 : Operation 134 [1/1] (0.00ns) (grouped into LUT with out node inputacc_ifo_31)   --->   "%tmpres_31 = extractvalue i1792 %call_ret1" [firmware/nnet_utils/nnet_dense.h:76->firmware/nnet_utils/nnet_dense.h:45->firmware/nnet_utils/nnet_recurrent.h:154]   --->   Operation 134 'extractvalue' 'tmpres_31' <Predicate = true> <Delay = 0.00>
ST_4 : Operation 135 [1/1] (0.00ns) (grouped into LUT with out node inputacc_ifo_32)   --->   "%tmpres_32 = extractvalue i1792 %call_ret1" [firmware/nnet_utils/nnet_dense.h:76->firmware/nnet_utils/nnet_dense.h:45->firmware/nnet_utils/nnet_recurrent.h:154]   --->   Operation 135 'extractvalue' 'tmpres_32' <Predicate = true> <Delay = 0.00>
ST_4 : Operation 136 [1/1] (0.00ns) (grouped into LUT with out node inputacc_ifo_33)   --->   "%tmpres_33 = extractvalue i1792 %call_ret1" [firmware/nnet_utils/nnet_dense.h:76->firmware/nnet_utils/nnet_dense.h:45->firmware/nnet_utils/nnet_recurrent.h:154]   --->   Operation 136 'extractvalue' 'tmpres_33' <Predicate = true> <Delay = 0.00>
ST_4 : Operation 137 [1/1] (0.00ns) (grouped into LUT with out node inputacc_ifo_34)   --->   "%tmpres_34 = extractvalue i1792 %call_ret1" [firmware/nnet_utils/nnet_dense.h:76->firmware/nnet_utils/nnet_dense.h:45->firmware/nnet_utils/nnet_recurrent.h:154]   --->   Operation 137 'extractvalue' 'tmpres_34' <Predicate = true> <Delay = 0.00>
ST_4 : Operation 138 [1/1] (0.00ns) (grouped into LUT with out node inputacc_ifo_35)   --->   "%tmpres_35 = extractvalue i1792 %call_ret1" [firmware/nnet_utils/nnet_dense.h:76->firmware/nnet_utils/nnet_dense.h:45->firmware/nnet_utils/nnet_recurrent.h:154]   --->   Operation 138 'extractvalue' 'tmpres_35' <Predicate = true> <Delay = 0.00>
ST_4 : Operation 139 [1/1] (0.00ns) (grouped into LUT with out node inputacc_ifo_36)   --->   "%tmpres_36 = extractvalue i1792 %call_ret1" [firmware/nnet_utils/nnet_dense.h:76->firmware/nnet_utils/nnet_dense.h:45->firmware/nnet_utils/nnet_recurrent.h:154]   --->   Operation 139 'extractvalue' 'tmpres_36' <Predicate = true> <Delay = 0.00>
ST_4 : Operation 140 [1/1] (0.00ns) (grouped into LUT with out node inputacc_ifo_37)   --->   "%tmpres_37 = extractvalue i1792 %call_ret1" [firmware/nnet_utils/nnet_dense.h:76->firmware/nnet_utils/nnet_dense.h:45->firmware/nnet_utils/nnet_recurrent.h:154]   --->   Operation 140 'extractvalue' 'tmpres_37' <Predicate = true> <Delay = 0.00>
ST_4 : Operation 141 [1/1] (0.00ns) (grouped into LUT with out node inputacc_ifo_38)   --->   "%tmpres_38 = extractvalue i1792 %call_ret1" [firmware/nnet_utils/nnet_dense.h:76->firmware/nnet_utils/nnet_dense.h:45->firmware/nnet_utils/nnet_recurrent.h:154]   --->   Operation 141 'extractvalue' 'tmpres_38' <Predicate = true> <Delay = 0.00>
ST_4 : Operation 142 [1/1] (0.00ns) (grouped into LUT with out node inputacc_ifo_39)   --->   "%tmpres_39 = extractvalue i1792 %call_ret1" [firmware/nnet_utils/nnet_dense.h:76->firmware/nnet_utils/nnet_dense.h:45->firmware/nnet_utils/nnet_recurrent.h:154]   --->   Operation 142 'extractvalue' 'tmpres_39' <Predicate = true> <Delay = 0.00>
ST_4 : Operation 143 [1/1] (0.00ns) (grouped into LUT with out node inputacc_ifo_40)   --->   "%tmpres_40 = extractvalue i1792 %call_ret1" [firmware/nnet_utils/nnet_dense.h:76->firmware/nnet_utils/nnet_dense.h:45->firmware/nnet_utils/nnet_recurrent.h:154]   --->   Operation 143 'extractvalue' 'tmpres_40' <Predicate = true> <Delay = 0.00>
ST_4 : Operation 144 [1/1] (0.00ns) (grouped into LUT with out node inputacc_ifo_41)   --->   "%tmpres_41 = extractvalue i1792 %call_ret1" [firmware/nnet_utils/nnet_dense.h:76->firmware/nnet_utils/nnet_dense.h:45->firmware/nnet_utils/nnet_recurrent.h:154]   --->   Operation 144 'extractvalue' 'tmpres_41' <Predicate = true> <Delay = 0.00>
ST_4 : Operation 145 [1/1] (0.00ns) (grouped into LUT with out node inputacc_ifo_42)   --->   "%tmpres_42 = extractvalue i1792 %call_ret1" [firmware/nnet_utils/nnet_dense.h:76->firmware/nnet_utils/nnet_dense.h:45->firmware/nnet_utils/nnet_recurrent.h:154]   --->   Operation 145 'extractvalue' 'tmpres_42' <Predicate = true> <Delay = 0.00>
ST_4 : Operation 146 [1/1] (0.00ns) (grouped into LUT with out node inputacc_ifo_43)   --->   "%tmpres_43 = extractvalue i1792 %call_ret1" [firmware/nnet_utils/nnet_dense.h:76->firmware/nnet_utils/nnet_dense.h:45->firmware/nnet_utils/nnet_recurrent.h:154]   --->   Operation 146 'extractvalue' 'tmpres_43' <Predicate = true> <Delay = 0.00>
ST_4 : Operation 147 [1/1] (0.00ns) (grouped into LUT with out node inputacc_ifo_44)   --->   "%tmpres_44 = extractvalue i1792 %call_ret1" [firmware/nnet_utils/nnet_dense.h:76->firmware/nnet_utils/nnet_dense.h:45->firmware/nnet_utils/nnet_recurrent.h:154]   --->   Operation 147 'extractvalue' 'tmpres_44' <Predicate = true> <Delay = 0.00>
ST_4 : Operation 148 [1/1] (0.00ns) (grouped into LUT with out node inputacc_ifo_45)   --->   "%tmpres_45 = extractvalue i1792 %call_ret1" [firmware/nnet_utils/nnet_dense.h:76->firmware/nnet_utils/nnet_dense.h:45->firmware/nnet_utils/nnet_recurrent.h:154]   --->   Operation 148 'extractvalue' 'tmpres_45' <Predicate = true> <Delay = 0.00>
ST_4 : Operation 149 [1/1] (0.00ns) (grouped into LUT with out node inputacc_ifo_46)   --->   "%tmpres_46 = extractvalue i1792 %call_ret1" [firmware/nnet_utils/nnet_dense.h:76->firmware/nnet_utils/nnet_dense.h:45->firmware/nnet_utils/nnet_recurrent.h:154]   --->   Operation 149 'extractvalue' 'tmpres_46' <Predicate = true> <Delay = 0.00>
ST_4 : Operation 150 [1/1] (0.00ns) (grouped into LUT with out node inputacc_ifo_47)   --->   "%tmpres_47 = extractvalue i1792 %call_ret1" [firmware/nnet_utils/nnet_dense.h:76->firmware/nnet_utils/nnet_dense.h:45->firmware/nnet_utils/nnet_recurrent.h:154]   --->   Operation 150 'extractvalue' 'tmpres_47' <Predicate = true> <Delay = 0.00>
ST_4 : Operation 151 [1/1] (0.00ns) (grouped into LUT with out node inputacc_ifo_48)   --->   "%tmpres_48 = extractvalue i1792 %call_ret1" [firmware/nnet_utils/nnet_dense.h:76->firmware/nnet_utils/nnet_dense.h:45->firmware/nnet_utils/nnet_recurrent.h:154]   --->   Operation 151 'extractvalue' 'tmpres_48' <Predicate = true> <Delay = 0.00>
ST_4 : Operation 152 [1/1] (0.00ns) (grouped into LUT with out node inputacc_ifo_49)   --->   "%tmpres_49 = extractvalue i1792 %call_ret1" [firmware/nnet_utils/nnet_dense.h:76->firmware/nnet_utils/nnet_dense.h:45->firmware/nnet_utils/nnet_recurrent.h:154]   --->   Operation 152 'extractvalue' 'tmpres_49' <Predicate = true> <Delay = 0.00>
ST_4 : Operation 153 [1/1] (0.00ns) (grouped into LUT with out node inputacc_ifo_50)   --->   "%tmpres_50 = extractvalue i1792 %call_ret1" [firmware/nnet_utils/nnet_dense.h:76->firmware/nnet_utils/nnet_dense.h:45->firmware/nnet_utils/nnet_recurrent.h:154]   --->   Operation 153 'extractvalue' 'tmpres_50' <Predicate = true> <Delay = 0.00>
ST_4 : Operation 154 [1/1] (0.00ns) (grouped into LUT with out node inputacc_ifo_51)   --->   "%tmpres_51 = extractvalue i1792 %call_ret1" [firmware/nnet_utils/nnet_dense.h:76->firmware/nnet_utils/nnet_dense.h:45->firmware/nnet_utils/nnet_recurrent.h:154]   --->   Operation 154 'extractvalue' 'tmpres_51' <Predicate = true> <Delay = 0.00>
ST_4 : Operation 155 [1/1] (0.00ns) (grouped into LUT with out node inputacc_ifo_52)   --->   "%tmpres_52 = extractvalue i1792 %call_ret1" [firmware/nnet_utils/nnet_dense.h:76->firmware/nnet_utils/nnet_dense.h:45->firmware/nnet_utils/nnet_recurrent.h:154]   --->   Operation 155 'extractvalue' 'tmpres_52' <Predicate = true> <Delay = 0.00>
ST_4 : Operation 156 [1/1] (0.00ns) (grouped into LUT with out node inputacc_ifo_53)   --->   "%tmpres_53 = extractvalue i1792 %call_ret1" [firmware/nnet_utils/nnet_dense.h:76->firmware/nnet_utils/nnet_dense.h:45->firmware/nnet_utils/nnet_recurrent.h:154]   --->   Operation 156 'extractvalue' 'tmpres_53' <Predicate = true> <Delay = 0.00>
ST_4 : Operation 157 [1/1] (0.00ns) (grouped into LUT with out node inputacc_ifo_54)   --->   "%tmpres_54 = extractvalue i1792 %call_ret1" [firmware/nnet_utils/nnet_dense.h:76->firmware/nnet_utils/nnet_dense.h:45->firmware/nnet_utils/nnet_recurrent.h:154]   --->   Operation 157 'extractvalue' 'tmpres_54' <Predicate = true> <Delay = 0.00>
ST_4 : Operation 158 [1/1] (0.00ns) (grouped into LUT with out node inputacc_ifo_55)   --->   "%tmpres_55 = extractvalue i1792 %call_ret1" [firmware/nnet_utils/nnet_dense.h:76->firmware/nnet_utils/nnet_dense.h:45->firmware/nnet_utils/nnet_recurrent.h:154]   --->   Operation 158 'extractvalue' 'tmpres_55' <Predicate = true> <Delay = 0.00>
ST_4 : Operation 159 [1/1] (0.00ns) (grouped into LUT with out node inputacc_ifo_56)   --->   "%tmpres_56 = extractvalue i1792 %call_ret1" [firmware/nnet_utils/nnet_dense.h:76->firmware/nnet_utils/nnet_dense.h:45->firmware/nnet_utils/nnet_recurrent.h:154]   --->   Operation 159 'extractvalue' 'tmpres_56' <Predicate = true> <Delay = 0.00>
ST_4 : Operation 160 [1/1] (0.00ns) (grouped into LUT with out node inputacc_ifo_57)   --->   "%tmpres_57 = extractvalue i1792 %call_ret1" [firmware/nnet_utils/nnet_dense.h:76->firmware/nnet_utils/nnet_dense.h:45->firmware/nnet_utils/nnet_recurrent.h:154]   --->   Operation 160 'extractvalue' 'tmpres_57' <Predicate = true> <Delay = 0.00>
ST_4 : Operation 161 [1/1] (0.00ns) (grouped into LUT with out node inputacc_ifo_58)   --->   "%tmpres_58 = extractvalue i1792 %call_ret1" [firmware/nnet_utils/nnet_dense.h:76->firmware/nnet_utils/nnet_dense.h:45->firmware/nnet_utils/nnet_recurrent.h:154]   --->   Operation 161 'extractvalue' 'tmpres_58' <Predicate = true> <Delay = 0.00>
ST_4 : Operation 162 [1/1] (0.00ns) (grouped into LUT with out node inputacc_ifo_59)   --->   "%tmpres_59 = extractvalue i1792 %call_ret1" [firmware/nnet_utils/nnet_dense.h:76->firmware/nnet_utils/nnet_dense.h:45->firmware/nnet_utils/nnet_recurrent.h:154]   --->   Operation 162 'extractvalue' 'tmpres_59' <Predicate = true> <Delay = 0.00>
ST_4 : Operation 163 [1/1] (0.00ns) (grouped into LUT with out node inputacc_ifo_60)   --->   "%tmpres_60 = extractvalue i1792 %call_ret1" [firmware/nnet_utils/nnet_dense.h:76->firmware/nnet_utils/nnet_dense.h:45->firmware/nnet_utils/nnet_recurrent.h:154]   --->   Operation 163 'extractvalue' 'tmpres_60' <Predicate = true> <Delay = 0.00>
ST_4 : Operation 164 [1/1] (0.00ns) (grouped into LUT with out node inputacc_ifo_61)   --->   "%tmpres_61 = extractvalue i1792 %call_ret1" [firmware/nnet_utils/nnet_dense.h:76->firmware/nnet_utils/nnet_dense.h:45->firmware/nnet_utils/nnet_recurrent.h:154]   --->   Operation 164 'extractvalue' 'tmpres_61' <Predicate = true> <Delay = 0.00>
ST_4 : Operation 165 [1/1] (0.00ns) (grouped into LUT with out node inputacc_ifo_62)   --->   "%tmpres_62 = extractvalue i1792 %call_ret1" [firmware/nnet_utils/nnet_dense.h:76->firmware/nnet_utils/nnet_dense.h:45->firmware/nnet_utils/nnet_recurrent.h:154]   --->   Operation 165 'extractvalue' 'tmpres_62' <Predicate = true> <Delay = 0.00>
ST_4 : Operation 166 [1/1] (0.00ns) (grouped into LUT with out node inputacc_ifo_63)   --->   "%tmpres_63 = extractvalue i1792 %call_ret1" [firmware/nnet_utils/nnet_dense.h:76->firmware/nnet_utils/nnet_dense.h:45->firmware/nnet_utils/nnet_recurrent.h:154]   --->   Operation 166 'extractvalue' 'tmpres_63' <Predicate = true> <Delay = 0.00>
ST_4 : Operation 167 [1/1] (0.00ns) (grouped into LUT with out node inputacc_c)   --->   "%tmpres_64 = extractvalue i1792 %call_ret1" [firmware/nnet_utils/nnet_dense.h:76->firmware/nnet_utils/nnet_dense.h:45->firmware/nnet_utils/nnet_recurrent.h:154]   --->   Operation 167 'extractvalue' 'tmpres_64' <Predicate = true> <Delay = 0.00>
ST_4 : Operation 168 [1/1] (0.00ns) (grouped into LUT with out node inputacc_c_1)   --->   "%tmpres_65 = extractvalue i1792 %call_ret1" [firmware/nnet_utils/nnet_dense.h:76->firmware/nnet_utils/nnet_dense.h:45->firmware/nnet_utils/nnet_recurrent.h:154]   --->   Operation 168 'extractvalue' 'tmpres_65' <Predicate = true> <Delay = 0.00>
ST_4 : Operation 169 [1/1] (0.00ns) (grouped into LUT with out node inputacc_c_2)   --->   "%tmpres_66 = extractvalue i1792 %call_ret1" [firmware/nnet_utils/nnet_dense.h:76->firmware/nnet_utils/nnet_dense.h:45->firmware/nnet_utils/nnet_recurrent.h:154]   --->   Operation 169 'extractvalue' 'tmpres_66' <Predicate = true> <Delay = 0.00>
ST_4 : Operation 170 [1/1] (0.00ns) (grouped into LUT with out node inputacc_c_3)   --->   "%tmpres_67 = extractvalue i1792 %call_ret1" [firmware/nnet_utils/nnet_dense.h:76->firmware/nnet_utils/nnet_dense.h:45->firmware/nnet_utils/nnet_recurrent.h:154]   --->   Operation 170 'extractvalue' 'tmpres_67' <Predicate = true> <Delay = 0.00>
ST_4 : Operation 171 [1/1] (0.00ns) (grouped into LUT with out node inputacc_c_4)   --->   "%tmpres_68 = extractvalue i1792 %call_ret1" [firmware/nnet_utils/nnet_dense.h:76->firmware/nnet_utils/nnet_dense.h:45->firmware/nnet_utils/nnet_recurrent.h:154]   --->   Operation 171 'extractvalue' 'tmpres_68' <Predicate = true> <Delay = 0.00>
ST_4 : Operation 172 [1/1] (0.00ns) (grouped into LUT with out node inputacc_c_5)   --->   "%tmpres_69 = extractvalue i1792 %call_ret1" [firmware/nnet_utils/nnet_dense.h:76->firmware/nnet_utils/nnet_dense.h:45->firmware/nnet_utils/nnet_recurrent.h:154]   --->   Operation 172 'extractvalue' 'tmpres_69' <Predicate = true> <Delay = 0.00>
ST_4 : Operation 173 [1/1] (0.00ns) (grouped into LUT with out node inputacc_c_6)   --->   "%tmpres_70 = extractvalue i1792 %call_ret1" [firmware/nnet_utils/nnet_dense.h:76->firmware/nnet_utils/nnet_dense.h:45->firmware/nnet_utils/nnet_recurrent.h:154]   --->   Operation 173 'extractvalue' 'tmpres_70' <Predicate = true> <Delay = 0.00>
ST_4 : Operation 174 [1/1] (0.00ns) (grouped into LUT with out node inputacc_c_7)   --->   "%tmpres_71 = extractvalue i1792 %call_ret1" [firmware/nnet_utils/nnet_dense.h:76->firmware/nnet_utils/nnet_dense.h:45->firmware/nnet_utils/nnet_recurrent.h:154]   --->   Operation 174 'extractvalue' 'tmpres_71' <Predicate = true> <Delay = 0.00>
ST_4 : Operation 175 [1/1] (0.00ns) (grouped into LUT with out node inputacc_c_8)   --->   "%tmpres_72 = extractvalue i1792 %call_ret1" [firmware/nnet_utils/nnet_dense.h:76->firmware/nnet_utils/nnet_dense.h:45->firmware/nnet_utils/nnet_recurrent.h:154]   --->   Operation 175 'extractvalue' 'tmpres_72' <Predicate = true> <Delay = 0.00>
ST_4 : Operation 176 [1/1] (0.00ns) (grouped into LUT with out node inputacc_c_9)   --->   "%tmpres_73 = extractvalue i1792 %call_ret1" [firmware/nnet_utils/nnet_dense.h:76->firmware/nnet_utils/nnet_dense.h:45->firmware/nnet_utils/nnet_recurrent.h:154]   --->   Operation 176 'extractvalue' 'tmpres_73' <Predicate = true> <Delay = 0.00>
ST_4 : Operation 177 [1/1] (0.00ns) (grouped into LUT with out node inputacc_c_10)   --->   "%tmpres_74 = extractvalue i1792 %call_ret1" [firmware/nnet_utils/nnet_dense.h:76->firmware/nnet_utils/nnet_dense.h:45->firmware/nnet_utils/nnet_recurrent.h:154]   --->   Operation 177 'extractvalue' 'tmpres_74' <Predicate = true> <Delay = 0.00>
ST_4 : Operation 178 [1/1] (0.00ns) (grouped into LUT with out node inputacc_c_11)   --->   "%tmpres_75 = extractvalue i1792 %call_ret1" [firmware/nnet_utils/nnet_dense.h:76->firmware/nnet_utils/nnet_dense.h:45->firmware/nnet_utils/nnet_recurrent.h:154]   --->   Operation 178 'extractvalue' 'tmpres_75' <Predicate = true> <Delay = 0.00>
ST_4 : Operation 179 [1/1] (0.00ns) (grouped into LUT with out node inputacc_c_12)   --->   "%tmpres_76 = extractvalue i1792 %call_ret1" [firmware/nnet_utils/nnet_dense.h:76->firmware/nnet_utils/nnet_dense.h:45->firmware/nnet_utils/nnet_recurrent.h:154]   --->   Operation 179 'extractvalue' 'tmpres_76' <Predicate = true> <Delay = 0.00>
ST_4 : Operation 180 [1/1] (0.00ns) (grouped into LUT with out node inputacc_c_13)   --->   "%tmpres_77 = extractvalue i1792 %call_ret1" [firmware/nnet_utils/nnet_dense.h:76->firmware/nnet_utils/nnet_dense.h:45->firmware/nnet_utils/nnet_recurrent.h:154]   --->   Operation 180 'extractvalue' 'tmpres_77' <Predicate = true> <Delay = 0.00>
ST_4 : Operation 181 [1/1] (0.00ns) (grouped into LUT with out node inputacc_c_14)   --->   "%tmpres_78 = extractvalue i1792 %call_ret1" [firmware/nnet_utils/nnet_dense.h:76->firmware/nnet_utils/nnet_dense.h:45->firmware/nnet_utils/nnet_recurrent.h:154]   --->   Operation 181 'extractvalue' 'tmpres_78' <Predicate = true> <Delay = 0.00>
ST_4 : Operation 182 [1/1] (0.00ns) (grouped into LUT with out node inputacc_c_15)   --->   "%tmpres_79 = extractvalue i1792 %call_ret1" [firmware/nnet_utils/nnet_dense.h:76->firmware/nnet_utils/nnet_dense.h:45->firmware/nnet_utils/nnet_recurrent.h:154]   --->   Operation 182 'extractvalue' 'tmpres_79' <Predicate = true> <Delay = 0.00>
ST_4 : Operation 183 [1/1] (0.00ns) (grouped into LUT with out node inputacc_c_16)   --->   "%tmpres_80 = extractvalue i1792 %call_ret1" [firmware/nnet_utils/nnet_dense.h:76->firmware/nnet_utils/nnet_dense.h:45->firmware/nnet_utils/nnet_recurrent.h:154]   --->   Operation 183 'extractvalue' 'tmpres_80' <Predicate = true> <Delay = 0.00>
ST_4 : Operation 184 [1/1] (0.00ns) (grouped into LUT with out node inputacc_c_17)   --->   "%tmpres_81 = extractvalue i1792 %call_ret1" [firmware/nnet_utils/nnet_dense.h:76->firmware/nnet_utils/nnet_dense.h:45->firmware/nnet_utils/nnet_recurrent.h:154]   --->   Operation 184 'extractvalue' 'tmpres_81' <Predicate = true> <Delay = 0.00>
ST_4 : Operation 185 [1/1] (0.00ns) (grouped into LUT with out node inputacc_c_18)   --->   "%tmpres_82 = extractvalue i1792 %call_ret1" [firmware/nnet_utils/nnet_dense.h:76->firmware/nnet_utils/nnet_dense.h:45->firmware/nnet_utils/nnet_recurrent.h:154]   --->   Operation 185 'extractvalue' 'tmpres_82' <Predicate = true> <Delay = 0.00>
ST_4 : Operation 186 [1/1] (0.00ns) (grouped into LUT with out node inputacc_c_19)   --->   "%tmpres_83 = extractvalue i1792 %call_ret1" [firmware/nnet_utils/nnet_dense.h:76->firmware/nnet_utils/nnet_dense.h:45->firmware/nnet_utils/nnet_recurrent.h:154]   --->   Operation 186 'extractvalue' 'tmpres_83' <Predicate = true> <Delay = 0.00>
ST_4 : Operation 187 [1/1] (0.00ns) (grouped into LUT with out node inputacc_c_20)   --->   "%tmpres_84 = extractvalue i1792 %call_ret1" [firmware/nnet_utils/nnet_dense.h:76->firmware/nnet_utils/nnet_dense.h:45->firmware/nnet_utils/nnet_recurrent.h:154]   --->   Operation 187 'extractvalue' 'tmpres_84' <Predicate = true> <Delay = 0.00>
ST_4 : Operation 188 [1/1] (0.00ns) (grouped into LUT with out node inputacc_c_21)   --->   "%tmpres_85 = extractvalue i1792 %call_ret1" [firmware/nnet_utils/nnet_dense.h:76->firmware/nnet_utils/nnet_dense.h:45->firmware/nnet_utils/nnet_recurrent.h:154]   --->   Operation 188 'extractvalue' 'tmpres_85' <Predicate = true> <Delay = 0.00>
ST_4 : Operation 189 [1/1] (0.00ns) (grouped into LUT with out node inputacc_c_22)   --->   "%tmpres_86 = extractvalue i1792 %call_ret1" [firmware/nnet_utils/nnet_dense.h:76->firmware/nnet_utils/nnet_dense.h:45->firmware/nnet_utils/nnet_recurrent.h:154]   --->   Operation 189 'extractvalue' 'tmpres_86' <Predicate = true> <Delay = 0.00>
ST_4 : Operation 190 [1/1] (0.00ns) (grouped into LUT with out node inputacc_c_23)   --->   "%tmpres_87 = extractvalue i1792 %call_ret1" [firmware/nnet_utils/nnet_dense.h:76->firmware/nnet_utils/nnet_dense.h:45->firmware/nnet_utils/nnet_recurrent.h:154]   --->   Operation 190 'extractvalue' 'tmpres_87' <Predicate = true> <Delay = 0.00>
ST_4 : Operation 191 [1/1] (0.00ns) (grouped into LUT with out node inputacc_c_24)   --->   "%tmpres_88 = extractvalue i1792 %call_ret1" [firmware/nnet_utils/nnet_dense.h:76->firmware/nnet_utils/nnet_dense.h:45->firmware/nnet_utils/nnet_recurrent.h:154]   --->   Operation 191 'extractvalue' 'tmpres_88' <Predicate = true> <Delay = 0.00>
ST_4 : Operation 192 [1/1] (0.00ns) (grouped into LUT with out node inputacc_c_25)   --->   "%tmpres_89 = extractvalue i1792 %call_ret1" [firmware/nnet_utils/nnet_dense.h:76->firmware/nnet_utils/nnet_dense.h:45->firmware/nnet_utils/nnet_recurrent.h:154]   --->   Operation 192 'extractvalue' 'tmpres_89' <Predicate = true> <Delay = 0.00>
ST_4 : Operation 193 [1/1] (0.00ns) (grouped into LUT with out node inputacc_c_26)   --->   "%tmpres_90 = extractvalue i1792 %call_ret1" [firmware/nnet_utils/nnet_dense.h:76->firmware/nnet_utils/nnet_dense.h:45->firmware/nnet_utils/nnet_recurrent.h:154]   --->   Operation 193 'extractvalue' 'tmpres_90' <Predicate = true> <Delay = 0.00>
ST_4 : Operation 194 [1/1] (0.00ns) (grouped into LUT with out node inputacc_c_27)   --->   "%tmpres_91 = extractvalue i1792 %call_ret1" [firmware/nnet_utils/nnet_dense.h:76->firmware/nnet_utils/nnet_dense.h:45->firmware/nnet_utils/nnet_recurrent.h:154]   --->   Operation 194 'extractvalue' 'tmpres_91' <Predicate = true> <Delay = 0.00>
ST_4 : Operation 195 [1/1] (0.00ns) (grouped into LUT with out node inputacc_c_28)   --->   "%tmpres_92 = extractvalue i1792 %call_ret1" [firmware/nnet_utils/nnet_dense.h:76->firmware/nnet_utils/nnet_dense.h:45->firmware/nnet_utils/nnet_recurrent.h:154]   --->   Operation 195 'extractvalue' 'tmpres_92' <Predicate = true> <Delay = 0.00>
ST_4 : Operation 196 [1/1] (0.00ns) (grouped into LUT with out node inputacc_c_29)   --->   "%tmpres_93 = extractvalue i1792 %call_ret1" [firmware/nnet_utils/nnet_dense.h:76->firmware/nnet_utils/nnet_dense.h:45->firmware/nnet_utils/nnet_recurrent.h:154]   --->   Operation 196 'extractvalue' 'tmpres_93' <Predicate = true> <Delay = 0.00>
ST_4 : Operation 197 [1/1] (0.00ns) (grouped into LUT with out node inputacc_c_30)   --->   "%tmpres_94 = extractvalue i1792 %call_ret1" [firmware/nnet_utils/nnet_dense.h:76->firmware/nnet_utils/nnet_dense.h:45->firmware/nnet_utils/nnet_recurrent.h:154]   --->   Operation 197 'extractvalue' 'tmpres_94' <Predicate = true> <Delay = 0.00>
ST_4 : Operation 198 [1/1] (0.00ns) (grouped into LUT with out node inputacc_c_31)   --->   "%tmpres_95 = extractvalue i1792 %call_ret1" [firmware/nnet_utils/nnet_dense.h:76->firmware/nnet_utils/nnet_dense.h:45->firmware/nnet_utils/nnet_recurrent.h:154]   --->   Operation 198 'extractvalue' 'tmpres_95' <Predicate = true> <Delay = 0.00>
ST_4 : Operation 199 [1/1] (0.00ns) (grouped into LUT with out node inputacc_ifo_64)   --->   "%tmpres_96 = extractvalue i1792 %call_ret1" [firmware/nnet_utils/nnet_dense.h:76->firmware/nnet_utils/nnet_dense.h:45->firmware/nnet_utils/nnet_recurrent.h:154]   --->   Operation 199 'extractvalue' 'tmpres_96' <Predicate = true> <Delay = 0.00>
ST_4 : Operation 200 [1/1] (0.00ns) (grouped into LUT with out node inputacc_ifo_65)   --->   "%tmpres_97 = extractvalue i1792 %call_ret1" [firmware/nnet_utils/nnet_dense.h:76->firmware/nnet_utils/nnet_dense.h:45->firmware/nnet_utils/nnet_recurrent.h:154]   --->   Operation 200 'extractvalue' 'tmpres_97' <Predicate = true> <Delay = 0.00>
ST_4 : Operation 201 [1/1] (0.00ns) (grouped into LUT with out node inputacc_ifo_66)   --->   "%tmpres_98 = extractvalue i1792 %call_ret1" [firmware/nnet_utils/nnet_dense.h:76->firmware/nnet_utils/nnet_dense.h:45->firmware/nnet_utils/nnet_recurrent.h:154]   --->   Operation 201 'extractvalue' 'tmpres_98' <Predicate = true> <Delay = 0.00>
ST_4 : Operation 202 [1/1] (0.00ns) (grouped into LUT with out node inputacc_ifo_67)   --->   "%tmpres_99 = extractvalue i1792 %call_ret1" [firmware/nnet_utils/nnet_dense.h:76->firmware/nnet_utils/nnet_dense.h:45->firmware/nnet_utils/nnet_recurrent.h:154]   --->   Operation 202 'extractvalue' 'tmpres_99' <Predicate = true> <Delay = 0.00>
ST_4 : Operation 203 [1/1] (0.00ns) (grouped into LUT with out node inputacc_ifo_68)   --->   "%tmpres_100 = extractvalue i1792 %call_ret1" [firmware/nnet_utils/nnet_dense.h:76->firmware/nnet_utils/nnet_dense.h:45->firmware/nnet_utils/nnet_recurrent.h:154]   --->   Operation 203 'extractvalue' 'tmpres_100' <Predicate = true> <Delay = 0.00>
ST_4 : Operation 204 [1/1] (0.00ns) (grouped into LUT with out node inputacc_ifo_69)   --->   "%tmpres_101 = extractvalue i1792 %call_ret1" [firmware/nnet_utils/nnet_dense.h:76->firmware/nnet_utils/nnet_dense.h:45->firmware/nnet_utils/nnet_recurrent.h:154]   --->   Operation 204 'extractvalue' 'tmpres_101' <Predicate = true> <Delay = 0.00>
ST_4 : Operation 205 [1/1] (0.00ns) (grouped into LUT with out node inputacc_ifo_70)   --->   "%tmpres_102 = extractvalue i1792 %call_ret1" [firmware/nnet_utils/nnet_dense.h:76->firmware/nnet_utils/nnet_dense.h:45->firmware/nnet_utils/nnet_recurrent.h:154]   --->   Operation 205 'extractvalue' 'tmpres_102' <Predicate = true> <Delay = 0.00>
ST_4 : Operation 206 [1/1] (0.00ns) (grouped into LUT with out node inputacc_ifo_71)   --->   "%tmpres_103 = extractvalue i1792 %call_ret1" [firmware/nnet_utils/nnet_dense.h:76->firmware/nnet_utils/nnet_dense.h:45->firmware/nnet_utils/nnet_recurrent.h:154]   --->   Operation 206 'extractvalue' 'tmpres_103' <Predicate = true> <Delay = 0.00>
ST_4 : Operation 207 [1/1] (0.00ns) (grouped into LUT with out node inputacc_ifo_72)   --->   "%tmpres_104 = extractvalue i1792 %call_ret1" [firmware/nnet_utils/nnet_dense.h:76->firmware/nnet_utils/nnet_dense.h:45->firmware/nnet_utils/nnet_recurrent.h:154]   --->   Operation 207 'extractvalue' 'tmpres_104' <Predicate = true> <Delay = 0.00>
ST_4 : Operation 208 [1/1] (0.00ns) (grouped into LUT with out node inputacc_ifo_73)   --->   "%tmpres_105 = extractvalue i1792 %call_ret1" [firmware/nnet_utils/nnet_dense.h:76->firmware/nnet_utils/nnet_dense.h:45->firmware/nnet_utils/nnet_recurrent.h:154]   --->   Operation 208 'extractvalue' 'tmpres_105' <Predicate = true> <Delay = 0.00>
ST_4 : Operation 209 [1/1] (0.00ns) (grouped into LUT with out node inputacc_ifo_74)   --->   "%tmpres_106 = extractvalue i1792 %call_ret1" [firmware/nnet_utils/nnet_dense.h:76->firmware/nnet_utils/nnet_dense.h:45->firmware/nnet_utils/nnet_recurrent.h:154]   --->   Operation 209 'extractvalue' 'tmpres_106' <Predicate = true> <Delay = 0.00>
ST_4 : Operation 210 [1/1] (0.00ns) (grouped into LUT with out node inputacc_ifo_75)   --->   "%tmpres_107 = extractvalue i1792 %call_ret1" [firmware/nnet_utils/nnet_dense.h:76->firmware/nnet_utils/nnet_dense.h:45->firmware/nnet_utils/nnet_recurrent.h:154]   --->   Operation 210 'extractvalue' 'tmpres_107' <Predicate = true> <Delay = 0.00>
ST_4 : Operation 211 [1/1] (0.00ns) (grouped into LUT with out node inputacc_ifo_76)   --->   "%tmpres_108 = extractvalue i1792 %call_ret1" [firmware/nnet_utils/nnet_dense.h:76->firmware/nnet_utils/nnet_dense.h:45->firmware/nnet_utils/nnet_recurrent.h:154]   --->   Operation 211 'extractvalue' 'tmpres_108' <Predicate = true> <Delay = 0.00>
ST_4 : Operation 212 [1/1] (0.00ns) (grouped into LUT with out node inputacc_ifo_77)   --->   "%tmpres_109 = extractvalue i1792 %call_ret1" [firmware/nnet_utils/nnet_dense.h:76->firmware/nnet_utils/nnet_dense.h:45->firmware/nnet_utils/nnet_recurrent.h:154]   --->   Operation 212 'extractvalue' 'tmpres_109' <Predicate = true> <Delay = 0.00>
ST_4 : Operation 213 [1/1] (0.00ns) (grouped into LUT with out node inputacc_ifo_78)   --->   "%tmpres_110 = extractvalue i1792 %call_ret1" [firmware/nnet_utils/nnet_dense.h:76->firmware/nnet_utils/nnet_dense.h:45->firmware/nnet_utils/nnet_recurrent.h:154]   --->   Operation 213 'extractvalue' 'tmpres_110' <Predicate = true> <Delay = 0.00>
ST_4 : Operation 214 [1/1] (0.00ns) (grouped into LUT with out node inputacc_ifo_79)   --->   "%tmpres_111 = extractvalue i1792 %call_ret1" [firmware/nnet_utils/nnet_dense.h:76->firmware/nnet_utils/nnet_dense.h:45->firmware/nnet_utils/nnet_recurrent.h:154]   --->   Operation 214 'extractvalue' 'tmpres_111' <Predicate = true> <Delay = 0.00>
ST_4 : Operation 215 [1/1] (0.00ns) (grouped into LUT with out node inputacc_ifo_80)   --->   "%tmpres_112 = extractvalue i1792 %call_ret1" [firmware/nnet_utils/nnet_dense.h:76->firmware/nnet_utils/nnet_dense.h:45->firmware/nnet_utils/nnet_recurrent.h:154]   --->   Operation 215 'extractvalue' 'tmpres_112' <Predicate = true> <Delay = 0.00>
ST_4 : Operation 216 [1/1] (0.00ns) (grouped into LUT with out node inputacc_ifo_81)   --->   "%tmpres_113 = extractvalue i1792 %call_ret1" [firmware/nnet_utils/nnet_dense.h:76->firmware/nnet_utils/nnet_dense.h:45->firmware/nnet_utils/nnet_recurrent.h:154]   --->   Operation 216 'extractvalue' 'tmpres_113' <Predicate = true> <Delay = 0.00>
ST_4 : Operation 217 [1/1] (0.00ns) (grouped into LUT with out node inputacc_ifo_82)   --->   "%tmpres_114 = extractvalue i1792 %call_ret1" [firmware/nnet_utils/nnet_dense.h:76->firmware/nnet_utils/nnet_dense.h:45->firmware/nnet_utils/nnet_recurrent.h:154]   --->   Operation 217 'extractvalue' 'tmpres_114' <Predicate = true> <Delay = 0.00>
ST_4 : Operation 218 [1/1] (0.00ns) (grouped into LUT with out node inputacc_ifo_83)   --->   "%tmpres_115 = extractvalue i1792 %call_ret1" [firmware/nnet_utils/nnet_dense.h:76->firmware/nnet_utils/nnet_dense.h:45->firmware/nnet_utils/nnet_recurrent.h:154]   --->   Operation 218 'extractvalue' 'tmpres_115' <Predicate = true> <Delay = 0.00>
ST_4 : Operation 219 [1/1] (0.00ns) (grouped into LUT with out node inputacc_ifo_84)   --->   "%tmpres_116 = extractvalue i1792 %call_ret1" [firmware/nnet_utils/nnet_dense.h:76->firmware/nnet_utils/nnet_dense.h:45->firmware/nnet_utils/nnet_recurrent.h:154]   --->   Operation 219 'extractvalue' 'tmpres_116' <Predicate = true> <Delay = 0.00>
ST_4 : Operation 220 [1/1] (0.00ns) (grouped into LUT with out node inputacc_ifo_85)   --->   "%tmpres_117 = extractvalue i1792 %call_ret1" [firmware/nnet_utils/nnet_dense.h:76->firmware/nnet_utils/nnet_dense.h:45->firmware/nnet_utils/nnet_recurrent.h:154]   --->   Operation 220 'extractvalue' 'tmpres_117' <Predicate = true> <Delay = 0.00>
ST_4 : Operation 221 [1/1] (0.00ns) (grouped into LUT with out node inputacc_ifo_86)   --->   "%tmpres_118 = extractvalue i1792 %call_ret1" [firmware/nnet_utils/nnet_dense.h:76->firmware/nnet_utils/nnet_dense.h:45->firmware/nnet_utils/nnet_recurrent.h:154]   --->   Operation 221 'extractvalue' 'tmpres_118' <Predicate = true> <Delay = 0.00>
ST_4 : Operation 222 [1/1] (0.00ns) (grouped into LUT with out node inputacc_ifo_87)   --->   "%tmpres_119 = extractvalue i1792 %call_ret1" [firmware/nnet_utils/nnet_dense.h:76->firmware/nnet_utils/nnet_dense.h:45->firmware/nnet_utils/nnet_recurrent.h:154]   --->   Operation 222 'extractvalue' 'tmpres_119' <Predicate = true> <Delay = 0.00>
ST_4 : Operation 223 [1/1] (0.00ns) (grouped into LUT with out node inputacc_ifo_88)   --->   "%tmpres_120 = extractvalue i1792 %call_ret1" [firmware/nnet_utils/nnet_dense.h:76->firmware/nnet_utils/nnet_dense.h:45->firmware/nnet_utils/nnet_recurrent.h:154]   --->   Operation 223 'extractvalue' 'tmpres_120' <Predicate = true> <Delay = 0.00>
ST_4 : Operation 224 [1/1] (0.00ns) (grouped into LUT with out node inputacc_ifo_89)   --->   "%tmpres_121 = extractvalue i1792 %call_ret1" [firmware/nnet_utils/nnet_dense.h:76->firmware/nnet_utils/nnet_dense.h:45->firmware/nnet_utils/nnet_recurrent.h:154]   --->   Operation 224 'extractvalue' 'tmpres_121' <Predicate = true> <Delay = 0.00>
ST_4 : Operation 225 [1/1] (0.00ns) (grouped into LUT with out node inputacc_ifo_90)   --->   "%tmpres_122 = extractvalue i1792 %call_ret1" [firmware/nnet_utils/nnet_dense.h:76->firmware/nnet_utils/nnet_dense.h:45->firmware/nnet_utils/nnet_recurrent.h:154]   --->   Operation 225 'extractvalue' 'tmpres_122' <Predicate = true> <Delay = 0.00>
ST_4 : Operation 226 [1/1] (0.00ns) (grouped into LUT with out node inputacc_ifo_91)   --->   "%tmpres_123 = extractvalue i1792 %call_ret1" [firmware/nnet_utils/nnet_dense.h:76->firmware/nnet_utils/nnet_dense.h:45->firmware/nnet_utils/nnet_recurrent.h:154]   --->   Operation 226 'extractvalue' 'tmpres_123' <Predicate = true> <Delay = 0.00>
ST_4 : Operation 227 [1/1] (0.00ns) (grouped into LUT with out node inputacc_ifo_92)   --->   "%tmpres_124 = extractvalue i1792 %call_ret1" [firmware/nnet_utils/nnet_dense.h:76->firmware/nnet_utils/nnet_dense.h:45->firmware/nnet_utils/nnet_recurrent.h:154]   --->   Operation 227 'extractvalue' 'tmpres_124' <Predicate = true> <Delay = 0.00>
ST_4 : Operation 228 [1/1] (0.00ns) (grouped into LUT with out node inputacc_ifo_93)   --->   "%tmpres_125 = extractvalue i1792 %call_ret1" [firmware/nnet_utils/nnet_dense.h:76->firmware/nnet_utils/nnet_dense.h:45->firmware/nnet_utils/nnet_recurrent.h:154]   --->   Operation 228 'extractvalue' 'tmpres_125' <Predicate = true> <Delay = 0.00>
ST_4 : Operation 229 [1/1] (0.00ns) (grouped into LUT with out node inputacc_ifo_94)   --->   "%tmpres_126 = extractvalue i1792 %call_ret1" [firmware/nnet_utils/nnet_dense.h:76->firmware/nnet_utils/nnet_dense.h:45->firmware/nnet_utils/nnet_recurrent.h:154]   --->   Operation 229 'extractvalue' 'tmpres_126' <Predicate = true> <Delay = 0.00>
ST_4 : Operation 230 [1/1] (0.00ns) (grouped into LUT with out node inputacc_ifo_95)   --->   "%tmpres_127 = extractvalue i1792 %call_ret1" [firmware/nnet_utils/nnet_dense.h:76->firmware/nnet_utils/nnet_dense.h:45->firmware/nnet_utils/nnet_recurrent.h:154]   --->   Operation 230 'extractvalue' 'tmpres_127' <Predicate = true> <Delay = 0.00>
ST_4 : Operation 231 [1/1] (0.00ns) (grouped into LUT with out node inputacc_ifo)   --->   "%tmpres_state = extractvalue i1792 %tmp_1" [firmware/nnet_utils/nnet_dense.h:76->firmware/nnet_utils/nnet_dense.h:45->firmware/nnet_utils/nnet_recurrent.h:155]   --->   Operation 231 'extractvalue' 'tmpres_state' <Predicate = true> <Delay = 0.00>
ST_4 : Operation 232 [1/1] (0.00ns) (grouped into LUT with out node inputacc_ifo_1)   --->   "%tmpres_state_1 = extractvalue i1792 %tmp_1" [firmware/nnet_utils/nnet_dense.h:76->firmware/nnet_utils/nnet_dense.h:45->firmware/nnet_utils/nnet_recurrent.h:155]   --->   Operation 232 'extractvalue' 'tmpres_state_1' <Predicate = true> <Delay = 0.00>
ST_4 : Operation 233 [1/1] (0.00ns) (grouped into LUT with out node inputacc_ifo_2)   --->   "%tmpres_state_2 = extractvalue i1792 %tmp_1" [firmware/nnet_utils/nnet_dense.h:76->firmware/nnet_utils/nnet_dense.h:45->firmware/nnet_utils/nnet_recurrent.h:155]   --->   Operation 233 'extractvalue' 'tmpres_state_2' <Predicate = true> <Delay = 0.00>
ST_4 : Operation 234 [1/1] (0.00ns) (grouped into LUT with out node inputacc_ifo_3)   --->   "%tmpres_state_3 = extractvalue i1792 %tmp_1" [firmware/nnet_utils/nnet_dense.h:76->firmware/nnet_utils/nnet_dense.h:45->firmware/nnet_utils/nnet_recurrent.h:155]   --->   Operation 234 'extractvalue' 'tmpres_state_3' <Predicate = true> <Delay = 0.00>
ST_4 : Operation 235 [1/1] (0.00ns) (grouped into LUT with out node inputacc_ifo_4)   --->   "%tmpres_state_4 = extractvalue i1792 %tmp_1" [firmware/nnet_utils/nnet_dense.h:76->firmware/nnet_utils/nnet_dense.h:45->firmware/nnet_utils/nnet_recurrent.h:155]   --->   Operation 235 'extractvalue' 'tmpres_state_4' <Predicate = true> <Delay = 0.00>
ST_4 : Operation 236 [1/1] (0.00ns) (grouped into LUT with out node inputacc_ifo_5)   --->   "%tmpres_state_5 = extractvalue i1792 %tmp_1" [firmware/nnet_utils/nnet_dense.h:76->firmware/nnet_utils/nnet_dense.h:45->firmware/nnet_utils/nnet_recurrent.h:155]   --->   Operation 236 'extractvalue' 'tmpres_state_5' <Predicate = true> <Delay = 0.00>
ST_4 : Operation 237 [1/1] (0.00ns) (grouped into LUT with out node inputacc_ifo_6)   --->   "%tmpres_state_6 = extractvalue i1792 %tmp_1" [firmware/nnet_utils/nnet_dense.h:76->firmware/nnet_utils/nnet_dense.h:45->firmware/nnet_utils/nnet_recurrent.h:155]   --->   Operation 237 'extractvalue' 'tmpres_state_6' <Predicate = true> <Delay = 0.00>
ST_4 : Operation 238 [1/1] (0.00ns) (grouped into LUT with out node inputacc_ifo_7)   --->   "%tmpres_state_7 = extractvalue i1792 %tmp_1" [firmware/nnet_utils/nnet_dense.h:76->firmware/nnet_utils/nnet_dense.h:45->firmware/nnet_utils/nnet_recurrent.h:155]   --->   Operation 238 'extractvalue' 'tmpres_state_7' <Predicate = true> <Delay = 0.00>
ST_4 : Operation 239 [1/1] (0.00ns) (grouped into LUT with out node inputacc_ifo_8)   --->   "%tmpres_state_8 = extractvalue i1792 %tmp_1" [firmware/nnet_utils/nnet_dense.h:76->firmware/nnet_utils/nnet_dense.h:45->firmware/nnet_utils/nnet_recurrent.h:155]   --->   Operation 239 'extractvalue' 'tmpres_state_8' <Predicate = true> <Delay = 0.00>
ST_4 : Operation 240 [1/1] (0.00ns) (grouped into LUT with out node inputacc_ifo_9)   --->   "%tmpres_state_9 = extractvalue i1792 %tmp_1" [firmware/nnet_utils/nnet_dense.h:76->firmware/nnet_utils/nnet_dense.h:45->firmware/nnet_utils/nnet_recurrent.h:155]   --->   Operation 240 'extractvalue' 'tmpres_state_9' <Predicate = true> <Delay = 0.00>
ST_4 : Operation 241 [1/1] (0.00ns) (grouped into LUT with out node inputacc_ifo_10)   --->   "%tmpres_state_10 = extractvalue i1792 %tmp_1" [firmware/nnet_utils/nnet_dense.h:76->firmware/nnet_utils/nnet_dense.h:45->firmware/nnet_utils/nnet_recurrent.h:155]   --->   Operation 241 'extractvalue' 'tmpres_state_10' <Predicate = true> <Delay = 0.00>
ST_4 : Operation 242 [1/1] (0.00ns) (grouped into LUT with out node inputacc_ifo_11)   --->   "%tmpres_state_11 = extractvalue i1792 %tmp_1" [firmware/nnet_utils/nnet_dense.h:76->firmware/nnet_utils/nnet_dense.h:45->firmware/nnet_utils/nnet_recurrent.h:155]   --->   Operation 242 'extractvalue' 'tmpres_state_11' <Predicate = true> <Delay = 0.00>
ST_4 : Operation 243 [1/1] (0.00ns) (grouped into LUT with out node inputacc_ifo_12)   --->   "%tmpres_state_12 = extractvalue i1792 %tmp_1" [firmware/nnet_utils/nnet_dense.h:76->firmware/nnet_utils/nnet_dense.h:45->firmware/nnet_utils/nnet_recurrent.h:155]   --->   Operation 243 'extractvalue' 'tmpres_state_12' <Predicate = true> <Delay = 0.00>
ST_4 : Operation 244 [1/1] (0.00ns) (grouped into LUT with out node inputacc_ifo_13)   --->   "%tmpres_state_13 = extractvalue i1792 %tmp_1" [firmware/nnet_utils/nnet_dense.h:76->firmware/nnet_utils/nnet_dense.h:45->firmware/nnet_utils/nnet_recurrent.h:155]   --->   Operation 244 'extractvalue' 'tmpres_state_13' <Predicate = true> <Delay = 0.00>
ST_4 : Operation 245 [1/1] (0.00ns) (grouped into LUT with out node inputacc_ifo_14)   --->   "%tmpres_state_14 = extractvalue i1792 %tmp_1" [firmware/nnet_utils/nnet_dense.h:76->firmware/nnet_utils/nnet_dense.h:45->firmware/nnet_utils/nnet_recurrent.h:155]   --->   Operation 245 'extractvalue' 'tmpres_state_14' <Predicate = true> <Delay = 0.00>
ST_4 : Operation 246 [1/1] (0.00ns) (grouped into LUT with out node inputacc_ifo_15)   --->   "%tmpres_state_15 = extractvalue i1792 %tmp_1" [firmware/nnet_utils/nnet_dense.h:76->firmware/nnet_utils/nnet_dense.h:45->firmware/nnet_utils/nnet_recurrent.h:155]   --->   Operation 246 'extractvalue' 'tmpres_state_15' <Predicate = true> <Delay = 0.00>
ST_4 : Operation 247 [1/1] (0.00ns) (grouped into LUT with out node inputacc_ifo_16)   --->   "%tmpres_state_16 = extractvalue i1792 %tmp_1" [firmware/nnet_utils/nnet_dense.h:76->firmware/nnet_utils/nnet_dense.h:45->firmware/nnet_utils/nnet_recurrent.h:155]   --->   Operation 247 'extractvalue' 'tmpres_state_16' <Predicate = true> <Delay = 0.00>
ST_4 : Operation 248 [1/1] (0.00ns) (grouped into LUT with out node inputacc_ifo_17)   --->   "%tmpres_state_17 = extractvalue i1792 %tmp_1" [firmware/nnet_utils/nnet_dense.h:76->firmware/nnet_utils/nnet_dense.h:45->firmware/nnet_utils/nnet_recurrent.h:155]   --->   Operation 248 'extractvalue' 'tmpres_state_17' <Predicate = true> <Delay = 0.00>
ST_4 : Operation 249 [1/1] (0.00ns) (grouped into LUT with out node inputacc_ifo_18)   --->   "%tmpres_state_18 = extractvalue i1792 %tmp_1" [firmware/nnet_utils/nnet_dense.h:76->firmware/nnet_utils/nnet_dense.h:45->firmware/nnet_utils/nnet_recurrent.h:155]   --->   Operation 249 'extractvalue' 'tmpres_state_18' <Predicate = true> <Delay = 0.00>
ST_4 : Operation 250 [1/1] (0.00ns) (grouped into LUT with out node inputacc_ifo_19)   --->   "%tmpres_state_19 = extractvalue i1792 %tmp_1" [firmware/nnet_utils/nnet_dense.h:76->firmware/nnet_utils/nnet_dense.h:45->firmware/nnet_utils/nnet_recurrent.h:155]   --->   Operation 250 'extractvalue' 'tmpres_state_19' <Predicate = true> <Delay = 0.00>
ST_4 : Operation 251 [1/1] (0.00ns) (grouped into LUT with out node inputacc_ifo_20)   --->   "%tmpres_state_20 = extractvalue i1792 %tmp_1" [firmware/nnet_utils/nnet_dense.h:76->firmware/nnet_utils/nnet_dense.h:45->firmware/nnet_utils/nnet_recurrent.h:155]   --->   Operation 251 'extractvalue' 'tmpres_state_20' <Predicate = true> <Delay = 0.00>
ST_4 : Operation 252 [1/1] (0.00ns) (grouped into LUT with out node inputacc_ifo_21)   --->   "%tmpres_state_21 = extractvalue i1792 %tmp_1" [firmware/nnet_utils/nnet_dense.h:76->firmware/nnet_utils/nnet_dense.h:45->firmware/nnet_utils/nnet_recurrent.h:155]   --->   Operation 252 'extractvalue' 'tmpres_state_21' <Predicate = true> <Delay = 0.00>
ST_4 : Operation 253 [1/1] (0.00ns) (grouped into LUT with out node inputacc_ifo_22)   --->   "%tmpres_state_22 = extractvalue i1792 %tmp_1" [firmware/nnet_utils/nnet_dense.h:76->firmware/nnet_utils/nnet_dense.h:45->firmware/nnet_utils/nnet_recurrent.h:155]   --->   Operation 253 'extractvalue' 'tmpres_state_22' <Predicate = true> <Delay = 0.00>
ST_4 : Operation 254 [1/1] (0.00ns) (grouped into LUT with out node inputacc_ifo_23)   --->   "%tmpres_state_23 = extractvalue i1792 %tmp_1" [firmware/nnet_utils/nnet_dense.h:76->firmware/nnet_utils/nnet_dense.h:45->firmware/nnet_utils/nnet_recurrent.h:155]   --->   Operation 254 'extractvalue' 'tmpres_state_23' <Predicate = true> <Delay = 0.00>
ST_4 : Operation 255 [1/1] (0.00ns) (grouped into LUT with out node inputacc_ifo_24)   --->   "%tmpres_state_24 = extractvalue i1792 %tmp_1" [firmware/nnet_utils/nnet_dense.h:76->firmware/nnet_utils/nnet_dense.h:45->firmware/nnet_utils/nnet_recurrent.h:155]   --->   Operation 255 'extractvalue' 'tmpres_state_24' <Predicate = true> <Delay = 0.00>
ST_4 : Operation 256 [1/1] (0.00ns) (grouped into LUT with out node inputacc_ifo_25)   --->   "%tmpres_state_25 = extractvalue i1792 %tmp_1" [firmware/nnet_utils/nnet_dense.h:76->firmware/nnet_utils/nnet_dense.h:45->firmware/nnet_utils/nnet_recurrent.h:155]   --->   Operation 256 'extractvalue' 'tmpres_state_25' <Predicate = true> <Delay = 0.00>
ST_4 : Operation 257 [1/1] (0.00ns) (grouped into LUT with out node inputacc_ifo_26)   --->   "%tmpres_state_26 = extractvalue i1792 %tmp_1" [firmware/nnet_utils/nnet_dense.h:76->firmware/nnet_utils/nnet_dense.h:45->firmware/nnet_utils/nnet_recurrent.h:155]   --->   Operation 257 'extractvalue' 'tmpres_state_26' <Predicate = true> <Delay = 0.00>
ST_4 : Operation 258 [1/1] (0.00ns) (grouped into LUT with out node inputacc_ifo_27)   --->   "%tmpres_state_27 = extractvalue i1792 %tmp_1" [firmware/nnet_utils/nnet_dense.h:76->firmware/nnet_utils/nnet_dense.h:45->firmware/nnet_utils/nnet_recurrent.h:155]   --->   Operation 258 'extractvalue' 'tmpres_state_27' <Predicate = true> <Delay = 0.00>
ST_4 : Operation 259 [1/1] (0.00ns) (grouped into LUT with out node inputacc_ifo_28)   --->   "%tmpres_state_28 = extractvalue i1792 %tmp_1" [firmware/nnet_utils/nnet_dense.h:76->firmware/nnet_utils/nnet_dense.h:45->firmware/nnet_utils/nnet_recurrent.h:155]   --->   Operation 259 'extractvalue' 'tmpres_state_28' <Predicate = true> <Delay = 0.00>
ST_4 : Operation 260 [1/1] (0.00ns) (grouped into LUT with out node inputacc_ifo_29)   --->   "%tmpres_state_29 = extractvalue i1792 %tmp_1" [firmware/nnet_utils/nnet_dense.h:76->firmware/nnet_utils/nnet_dense.h:45->firmware/nnet_utils/nnet_recurrent.h:155]   --->   Operation 260 'extractvalue' 'tmpres_state_29' <Predicate = true> <Delay = 0.00>
ST_4 : Operation 261 [1/1] (0.00ns) (grouped into LUT with out node inputacc_ifo_30)   --->   "%tmpres_state_30 = extractvalue i1792 %tmp_1" [firmware/nnet_utils/nnet_dense.h:76->firmware/nnet_utils/nnet_dense.h:45->firmware/nnet_utils/nnet_recurrent.h:155]   --->   Operation 261 'extractvalue' 'tmpres_state_30' <Predicate = true> <Delay = 0.00>
ST_4 : Operation 262 [1/1] (0.00ns) (grouped into LUT with out node inputacc_ifo_31)   --->   "%tmpres_state_31 = extractvalue i1792 %tmp_1" [firmware/nnet_utils/nnet_dense.h:76->firmware/nnet_utils/nnet_dense.h:45->firmware/nnet_utils/nnet_recurrent.h:155]   --->   Operation 262 'extractvalue' 'tmpres_state_31' <Predicate = true> <Delay = 0.00>
ST_4 : Operation 263 [1/1] (0.00ns) (grouped into LUT with out node inputacc_ifo_32)   --->   "%tmpres_state_32 = extractvalue i1792 %tmp_1" [firmware/nnet_utils/nnet_dense.h:76->firmware/nnet_utils/nnet_dense.h:45->firmware/nnet_utils/nnet_recurrent.h:155]   --->   Operation 263 'extractvalue' 'tmpres_state_32' <Predicate = true> <Delay = 0.00>
ST_4 : Operation 264 [1/1] (0.00ns) (grouped into LUT with out node inputacc_ifo_33)   --->   "%tmpres_state_33 = extractvalue i1792 %tmp_1" [firmware/nnet_utils/nnet_dense.h:76->firmware/nnet_utils/nnet_dense.h:45->firmware/nnet_utils/nnet_recurrent.h:155]   --->   Operation 264 'extractvalue' 'tmpres_state_33' <Predicate = true> <Delay = 0.00>
ST_4 : Operation 265 [1/1] (0.00ns) (grouped into LUT with out node inputacc_ifo_34)   --->   "%tmpres_state_34 = extractvalue i1792 %tmp_1" [firmware/nnet_utils/nnet_dense.h:76->firmware/nnet_utils/nnet_dense.h:45->firmware/nnet_utils/nnet_recurrent.h:155]   --->   Operation 265 'extractvalue' 'tmpres_state_34' <Predicate = true> <Delay = 0.00>
ST_4 : Operation 266 [1/1] (0.00ns) (grouped into LUT with out node inputacc_ifo_35)   --->   "%tmpres_state_35 = extractvalue i1792 %tmp_1" [firmware/nnet_utils/nnet_dense.h:76->firmware/nnet_utils/nnet_dense.h:45->firmware/nnet_utils/nnet_recurrent.h:155]   --->   Operation 266 'extractvalue' 'tmpres_state_35' <Predicate = true> <Delay = 0.00>
ST_4 : Operation 267 [1/1] (0.00ns) (grouped into LUT with out node inputacc_ifo_36)   --->   "%tmpres_state_36 = extractvalue i1792 %tmp_1" [firmware/nnet_utils/nnet_dense.h:76->firmware/nnet_utils/nnet_dense.h:45->firmware/nnet_utils/nnet_recurrent.h:155]   --->   Operation 267 'extractvalue' 'tmpres_state_36' <Predicate = true> <Delay = 0.00>
ST_4 : Operation 268 [1/1] (0.00ns) (grouped into LUT with out node inputacc_ifo_37)   --->   "%tmpres_state_37 = extractvalue i1792 %tmp_1" [firmware/nnet_utils/nnet_dense.h:76->firmware/nnet_utils/nnet_dense.h:45->firmware/nnet_utils/nnet_recurrent.h:155]   --->   Operation 268 'extractvalue' 'tmpres_state_37' <Predicate = true> <Delay = 0.00>
ST_4 : Operation 269 [1/1] (0.00ns) (grouped into LUT with out node inputacc_ifo_38)   --->   "%tmpres_state_38 = extractvalue i1792 %tmp_1" [firmware/nnet_utils/nnet_dense.h:76->firmware/nnet_utils/nnet_dense.h:45->firmware/nnet_utils/nnet_recurrent.h:155]   --->   Operation 269 'extractvalue' 'tmpres_state_38' <Predicate = true> <Delay = 0.00>
ST_4 : Operation 270 [1/1] (0.00ns) (grouped into LUT with out node inputacc_ifo_39)   --->   "%tmpres_state_39 = extractvalue i1792 %tmp_1" [firmware/nnet_utils/nnet_dense.h:76->firmware/nnet_utils/nnet_dense.h:45->firmware/nnet_utils/nnet_recurrent.h:155]   --->   Operation 270 'extractvalue' 'tmpres_state_39' <Predicate = true> <Delay = 0.00>
ST_4 : Operation 271 [1/1] (0.00ns) (grouped into LUT with out node inputacc_ifo_40)   --->   "%tmpres_state_40 = extractvalue i1792 %tmp_1" [firmware/nnet_utils/nnet_dense.h:76->firmware/nnet_utils/nnet_dense.h:45->firmware/nnet_utils/nnet_recurrent.h:155]   --->   Operation 271 'extractvalue' 'tmpres_state_40' <Predicate = true> <Delay = 0.00>
ST_4 : Operation 272 [1/1] (0.00ns) (grouped into LUT with out node inputacc_ifo_41)   --->   "%tmpres_state_41 = extractvalue i1792 %tmp_1" [firmware/nnet_utils/nnet_dense.h:76->firmware/nnet_utils/nnet_dense.h:45->firmware/nnet_utils/nnet_recurrent.h:155]   --->   Operation 272 'extractvalue' 'tmpres_state_41' <Predicate = true> <Delay = 0.00>
ST_4 : Operation 273 [1/1] (0.00ns) (grouped into LUT with out node inputacc_ifo_42)   --->   "%tmpres_state_42 = extractvalue i1792 %tmp_1" [firmware/nnet_utils/nnet_dense.h:76->firmware/nnet_utils/nnet_dense.h:45->firmware/nnet_utils/nnet_recurrent.h:155]   --->   Operation 273 'extractvalue' 'tmpres_state_42' <Predicate = true> <Delay = 0.00>
ST_4 : Operation 274 [1/1] (0.00ns) (grouped into LUT with out node inputacc_ifo_43)   --->   "%tmpres_state_43 = extractvalue i1792 %tmp_1" [firmware/nnet_utils/nnet_dense.h:76->firmware/nnet_utils/nnet_dense.h:45->firmware/nnet_utils/nnet_recurrent.h:155]   --->   Operation 274 'extractvalue' 'tmpres_state_43' <Predicate = true> <Delay = 0.00>
ST_4 : Operation 275 [1/1] (0.00ns) (grouped into LUT with out node inputacc_ifo_44)   --->   "%tmpres_state_44 = extractvalue i1792 %tmp_1" [firmware/nnet_utils/nnet_dense.h:76->firmware/nnet_utils/nnet_dense.h:45->firmware/nnet_utils/nnet_recurrent.h:155]   --->   Operation 275 'extractvalue' 'tmpres_state_44' <Predicate = true> <Delay = 0.00>
ST_4 : Operation 276 [1/1] (0.00ns) (grouped into LUT with out node inputacc_ifo_45)   --->   "%tmpres_state_45 = extractvalue i1792 %tmp_1" [firmware/nnet_utils/nnet_dense.h:76->firmware/nnet_utils/nnet_dense.h:45->firmware/nnet_utils/nnet_recurrent.h:155]   --->   Operation 276 'extractvalue' 'tmpres_state_45' <Predicate = true> <Delay = 0.00>
ST_4 : Operation 277 [1/1] (0.00ns) (grouped into LUT with out node inputacc_ifo_46)   --->   "%tmpres_state_46 = extractvalue i1792 %tmp_1" [firmware/nnet_utils/nnet_dense.h:76->firmware/nnet_utils/nnet_dense.h:45->firmware/nnet_utils/nnet_recurrent.h:155]   --->   Operation 277 'extractvalue' 'tmpres_state_46' <Predicate = true> <Delay = 0.00>
ST_4 : Operation 278 [1/1] (0.00ns) (grouped into LUT with out node inputacc_ifo_47)   --->   "%tmpres_state_47 = extractvalue i1792 %tmp_1" [firmware/nnet_utils/nnet_dense.h:76->firmware/nnet_utils/nnet_dense.h:45->firmware/nnet_utils/nnet_recurrent.h:155]   --->   Operation 278 'extractvalue' 'tmpres_state_47' <Predicate = true> <Delay = 0.00>
ST_4 : Operation 279 [1/1] (0.00ns) (grouped into LUT with out node inputacc_ifo_48)   --->   "%tmpres_state_48 = extractvalue i1792 %tmp_1" [firmware/nnet_utils/nnet_dense.h:76->firmware/nnet_utils/nnet_dense.h:45->firmware/nnet_utils/nnet_recurrent.h:155]   --->   Operation 279 'extractvalue' 'tmpres_state_48' <Predicate = true> <Delay = 0.00>
ST_4 : Operation 280 [1/1] (0.00ns) (grouped into LUT with out node inputacc_ifo_49)   --->   "%tmpres_state_49 = extractvalue i1792 %tmp_1" [firmware/nnet_utils/nnet_dense.h:76->firmware/nnet_utils/nnet_dense.h:45->firmware/nnet_utils/nnet_recurrent.h:155]   --->   Operation 280 'extractvalue' 'tmpres_state_49' <Predicate = true> <Delay = 0.00>
ST_4 : Operation 281 [1/1] (0.00ns) (grouped into LUT with out node inputacc_ifo_50)   --->   "%tmpres_state_50 = extractvalue i1792 %tmp_1" [firmware/nnet_utils/nnet_dense.h:76->firmware/nnet_utils/nnet_dense.h:45->firmware/nnet_utils/nnet_recurrent.h:155]   --->   Operation 281 'extractvalue' 'tmpres_state_50' <Predicate = true> <Delay = 0.00>
ST_4 : Operation 282 [1/1] (0.00ns) (grouped into LUT with out node inputacc_ifo_51)   --->   "%tmpres_state_51 = extractvalue i1792 %tmp_1" [firmware/nnet_utils/nnet_dense.h:76->firmware/nnet_utils/nnet_dense.h:45->firmware/nnet_utils/nnet_recurrent.h:155]   --->   Operation 282 'extractvalue' 'tmpres_state_51' <Predicate = true> <Delay = 0.00>
ST_4 : Operation 283 [1/1] (0.00ns) (grouped into LUT with out node inputacc_ifo_52)   --->   "%tmpres_state_52 = extractvalue i1792 %tmp_1" [firmware/nnet_utils/nnet_dense.h:76->firmware/nnet_utils/nnet_dense.h:45->firmware/nnet_utils/nnet_recurrent.h:155]   --->   Operation 283 'extractvalue' 'tmpres_state_52' <Predicate = true> <Delay = 0.00>
ST_4 : Operation 284 [1/1] (0.00ns) (grouped into LUT with out node inputacc_ifo_53)   --->   "%tmpres_state_53 = extractvalue i1792 %tmp_1" [firmware/nnet_utils/nnet_dense.h:76->firmware/nnet_utils/nnet_dense.h:45->firmware/nnet_utils/nnet_recurrent.h:155]   --->   Operation 284 'extractvalue' 'tmpres_state_53' <Predicate = true> <Delay = 0.00>
ST_4 : Operation 285 [1/1] (0.00ns) (grouped into LUT with out node inputacc_ifo_54)   --->   "%tmpres_state_54 = extractvalue i1792 %tmp_1" [firmware/nnet_utils/nnet_dense.h:76->firmware/nnet_utils/nnet_dense.h:45->firmware/nnet_utils/nnet_recurrent.h:155]   --->   Operation 285 'extractvalue' 'tmpres_state_54' <Predicate = true> <Delay = 0.00>
ST_4 : Operation 286 [1/1] (0.00ns) (grouped into LUT with out node inputacc_ifo_55)   --->   "%tmpres_state_55 = extractvalue i1792 %tmp_1" [firmware/nnet_utils/nnet_dense.h:76->firmware/nnet_utils/nnet_dense.h:45->firmware/nnet_utils/nnet_recurrent.h:155]   --->   Operation 286 'extractvalue' 'tmpres_state_55' <Predicate = true> <Delay = 0.00>
ST_4 : Operation 287 [1/1] (0.00ns) (grouped into LUT with out node inputacc_ifo_56)   --->   "%tmpres_state_56 = extractvalue i1792 %tmp_1" [firmware/nnet_utils/nnet_dense.h:76->firmware/nnet_utils/nnet_dense.h:45->firmware/nnet_utils/nnet_recurrent.h:155]   --->   Operation 287 'extractvalue' 'tmpres_state_56' <Predicate = true> <Delay = 0.00>
ST_4 : Operation 288 [1/1] (0.00ns) (grouped into LUT with out node inputacc_ifo_57)   --->   "%tmpres_state_57 = extractvalue i1792 %tmp_1" [firmware/nnet_utils/nnet_dense.h:76->firmware/nnet_utils/nnet_dense.h:45->firmware/nnet_utils/nnet_recurrent.h:155]   --->   Operation 288 'extractvalue' 'tmpres_state_57' <Predicate = true> <Delay = 0.00>
ST_4 : Operation 289 [1/1] (0.00ns) (grouped into LUT with out node inputacc_ifo_58)   --->   "%tmpres_state_58 = extractvalue i1792 %tmp_1" [firmware/nnet_utils/nnet_dense.h:76->firmware/nnet_utils/nnet_dense.h:45->firmware/nnet_utils/nnet_recurrent.h:155]   --->   Operation 289 'extractvalue' 'tmpres_state_58' <Predicate = true> <Delay = 0.00>
ST_4 : Operation 290 [1/1] (0.00ns) (grouped into LUT with out node inputacc_ifo_59)   --->   "%tmpres_state_59 = extractvalue i1792 %tmp_1" [firmware/nnet_utils/nnet_dense.h:76->firmware/nnet_utils/nnet_dense.h:45->firmware/nnet_utils/nnet_recurrent.h:155]   --->   Operation 290 'extractvalue' 'tmpres_state_59' <Predicate = true> <Delay = 0.00>
ST_4 : Operation 291 [1/1] (0.00ns) (grouped into LUT with out node inputacc_ifo_60)   --->   "%tmpres_state_60 = extractvalue i1792 %tmp_1" [firmware/nnet_utils/nnet_dense.h:76->firmware/nnet_utils/nnet_dense.h:45->firmware/nnet_utils/nnet_recurrent.h:155]   --->   Operation 291 'extractvalue' 'tmpres_state_60' <Predicate = true> <Delay = 0.00>
ST_4 : Operation 292 [1/1] (0.00ns) (grouped into LUT with out node inputacc_ifo_61)   --->   "%tmpres_state_61 = extractvalue i1792 %tmp_1" [firmware/nnet_utils/nnet_dense.h:76->firmware/nnet_utils/nnet_dense.h:45->firmware/nnet_utils/nnet_recurrent.h:155]   --->   Operation 292 'extractvalue' 'tmpres_state_61' <Predicate = true> <Delay = 0.00>
ST_4 : Operation 293 [1/1] (0.00ns) (grouped into LUT with out node inputacc_ifo_62)   --->   "%tmpres_state_62 = extractvalue i1792 %tmp_1" [firmware/nnet_utils/nnet_dense.h:76->firmware/nnet_utils/nnet_dense.h:45->firmware/nnet_utils/nnet_recurrent.h:155]   --->   Operation 293 'extractvalue' 'tmpres_state_62' <Predicate = true> <Delay = 0.00>
ST_4 : Operation 294 [1/1] (0.00ns) (grouped into LUT with out node inputacc_ifo_63)   --->   "%tmpres_state_63 = extractvalue i1792 %tmp_1" [firmware/nnet_utils/nnet_dense.h:76->firmware/nnet_utils/nnet_dense.h:45->firmware/nnet_utils/nnet_recurrent.h:155]   --->   Operation 294 'extractvalue' 'tmpres_state_63' <Predicate = true> <Delay = 0.00>
ST_4 : Operation 295 [1/1] (0.00ns) (grouped into LUT with out node inputacc_c)   --->   "%tmpres_state_64 = extractvalue i1792 %tmp_1" [firmware/nnet_utils/nnet_dense.h:76->firmware/nnet_utils/nnet_dense.h:45->firmware/nnet_utils/nnet_recurrent.h:155]   --->   Operation 295 'extractvalue' 'tmpres_state_64' <Predicate = true> <Delay = 0.00>
ST_4 : Operation 296 [1/1] (0.00ns) (grouped into LUT with out node inputacc_c_1)   --->   "%tmpres_state_65 = extractvalue i1792 %tmp_1" [firmware/nnet_utils/nnet_dense.h:76->firmware/nnet_utils/nnet_dense.h:45->firmware/nnet_utils/nnet_recurrent.h:155]   --->   Operation 296 'extractvalue' 'tmpres_state_65' <Predicate = true> <Delay = 0.00>
ST_4 : Operation 297 [1/1] (0.00ns) (grouped into LUT with out node inputacc_c_2)   --->   "%tmpres_state_66 = extractvalue i1792 %tmp_1" [firmware/nnet_utils/nnet_dense.h:76->firmware/nnet_utils/nnet_dense.h:45->firmware/nnet_utils/nnet_recurrent.h:155]   --->   Operation 297 'extractvalue' 'tmpres_state_66' <Predicate = true> <Delay = 0.00>
ST_4 : Operation 298 [1/1] (0.00ns) (grouped into LUT with out node inputacc_c_3)   --->   "%tmpres_state_67 = extractvalue i1792 %tmp_1" [firmware/nnet_utils/nnet_dense.h:76->firmware/nnet_utils/nnet_dense.h:45->firmware/nnet_utils/nnet_recurrent.h:155]   --->   Operation 298 'extractvalue' 'tmpres_state_67' <Predicate = true> <Delay = 0.00>
ST_4 : Operation 299 [1/1] (0.00ns) (grouped into LUT with out node inputacc_c_4)   --->   "%tmpres_state_68 = extractvalue i1792 %tmp_1" [firmware/nnet_utils/nnet_dense.h:76->firmware/nnet_utils/nnet_dense.h:45->firmware/nnet_utils/nnet_recurrent.h:155]   --->   Operation 299 'extractvalue' 'tmpres_state_68' <Predicate = true> <Delay = 0.00>
ST_4 : Operation 300 [1/1] (0.00ns) (grouped into LUT with out node inputacc_c_5)   --->   "%tmpres_state_69 = extractvalue i1792 %tmp_1" [firmware/nnet_utils/nnet_dense.h:76->firmware/nnet_utils/nnet_dense.h:45->firmware/nnet_utils/nnet_recurrent.h:155]   --->   Operation 300 'extractvalue' 'tmpres_state_69' <Predicate = true> <Delay = 0.00>
ST_4 : Operation 301 [1/1] (0.00ns) (grouped into LUT with out node inputacc_c_6)   --->   "%tmpres_state_70 = extractvalue i1792 %tmp_1" [firmware/nnet_utils/nnet_dense.h:76->firmware/nnet_utils/nnet_dense.h:45->firmware/nnet_utils/nnet_recurrent.h:155]   --->   Operation 301 'extractvalue' 'tmpres_state_70' <Predicate = true> <Delay = 0.00>
ST_4 : Operation 302 [1/1] (0.00ns) (grouped into LUT with out node inputacc_c_7)   --->   "%tmpres_state_71 = extractvalue i1792 %tmp_1" [firmware/nnet_utils/nnet_dense.h:76->firmware/nnet_utils/nnet_dense.h:45->firmware/nnet_utils/nnet_recurrent.h:155]   --->   Operation 302 'extractvalue' 'tmpres_state_71' <Predicate = true> <Delay = 0.00>
ST_4 : Operation 303 [1/1] (0.00ns) (grouped into LUT with out node inputacc_c_8)   --->   "%tmpres_state_72 = extractvalue i1792 %tmp_1" [firmware/nnet_utils/nnet_dense.h:76->firmware/nnet_utils/nnet_dense.h:45->firmware/nnet_utils/nnet_recurrent.h:155]   --->   Operation 303 'extractvalue' 'tmpres_state_72' <Predicate = true> <Delay = 0.00>
ST_4 : Operation 304 [1/1] (0.00ns) (grouped into LUT with out node inputacc_c_9)   --->   "%tmpres_state_73 = extractvalue i1792 %tmp_1" [firmware/nnet_utils/nnet_dense.h:76->firmware/nnet_utils/nnet_dense.h:45->firmware/nnet_utils/nnet_recurrent.h:155]   --->   Operation 304 'extractvalue' 'tmpres_state_73' <Predicate = true> <Delay = 0.00>
ST_4 : Operation 305 [1/1] (0.00ns) (grouped into LUT with out node inputacc_c_10)   --->   "%tmpres_state_74 = extractvalue i1792 %tmp_1" [firmware/nnet_utils/nnet_dense.h:76->firmware/nnet_utils/nnet_dense.h:45->firmware/nnet_utils/nnet_recurrent.h:155]   --->   Operation 305 'extractvalue' 'tmpres_state_74' <Predicate = true> <Delay = 0.00>
ST_4 : Operation 306 [1/1] (0.00ns) (grouped into LUT with out node inputacc_c_11)   --->   "%tmpres_state_75 = extractvalue i1792 %tmp_1" [firmware/nnet_utils/nnet_dense.h:76->firmware/nnet_utils/nnet_dense.h:45->firmware/nnet_utils/nnet_recurrent.h:155]   --->   Operation 306 'extractvalue' 'tmpres_state_75' <Predicate = true> <Delay = 0.00>
ST_4 : Operation 307 [1/1] (0.00ns) (grouped into LUT with out node inputacc_c_12)   --->   "%tmpres_state_76 = extractvalue i1792 %tmp_1" [firmware/nnet_utils/nnet_dense.h:76->firmware/nnet_utils/nnet_dense.h:45->firmware/nnet_utils/nnet_recurrent.h:155]   --->   Operation 307 'extractvalue' 'tmpres_state_76' <Predicate = true> <Delay = 0.00>
ST_4 : Operation 308 [1/1] (0.00ns) (grouped into LUT with out node inputacc_c_13)   --->   "%tmpres_state_77 = extractvalue i1792 %tmp_1" [firmware/nnet_utils/nnet_dense.h:76->firmware/nnet_utils/nnet_dense.h:45->firmware/nnet_utils/nnet_recurrent.h:155]   --->   Operation 308 'extractvalue' 'tmpres_state_77' <Predicate = true> <Delay = 0.00>
ST_4 : Operation 309 [1/1] (0.00ns) (grouped into LUT with out node inputacc_c_14)   --->   "%tmpres_state_78 = extractvalue i1792 %tmp_1" [firmware/nnet_utils/nnet_dense.h:76->firmware/nnet_utils/nnet_dense.h:45->firmware/nnet_utils/nnet_recurrent.h:155]   --->   Operation 309 'extractvalue' 'tmpres_state_78' <Predicate = true> <Delay = 0.00>
ST_4 : Operation 310 [1/1] (0.00ns) (grouped into LUT with out node inputacc_c_15)   --->   "%tmpres_state_79 = extractvalue i1792 %tmp_1" [firmware/nnet_utils/nnet_dense.h:76->firmware/nnet_utils/nnet_dense.h:45->firmware/nnet_utils/nnet_recurrent.h:155]   --->   Operation 310 'extractvalue' 'tmpres_state_79' <Predicate = true> <Delay = 0.00>
ST_4 : Operation 311 [1/1] (0.00ns) (grouped into LUT with out node inputacc_c_16)   --->   "%tmpres_state_80 = extractvalue i1792 %tmp_1" [firmware/nnet_utils/nnet_dense.h:76->firmware/nnet_utils/nnet_dense.h:45->firmware/nnet_utils/nnet_recurrent.h:155]   --->   Operation 311 'extractvalue' 'tmpres_state_80' <Predicate = true> <Delay = 0.00>
ST_4 : Operation 312 [1/1] (0.00ns) (grouped into LUT with out node inputacc_c_17)   --->   "%tmpres_state_81 = extractvalue i1792 %tmp_1" [firmware/nnet_utils/nnet_dense.h:76->firmware/nnet_utils/nnet_dense.h:45->firmware/nnet_utils/nnet_recurrent.h:155]   --->   Operation 312 'extractvalue' 'tmpres_state_81' <Predicate = true> <Delay = 0.00>
ST_4 : Operation 313 [1/1] (0.00ns) (grouped into LUT with out node inputacc_c_18)   --->   "%tmpres_state_82 = extractvalue i1792 %tmp_1" [firmware/nnet_utils/nnet_dense.h:76->firmware/nnet_utils/nnet_dense.h:45->firmware/nnet_utils/nnet_recurrent.h:155]   --->   Operation 313 'extractvalue' 'tmpres_state_82' <Predicate = true> <Delay = 0.00>
ST_4 : Operation 314 [1/1] (0.00ns) (grouped into LUT with out node inputacc_c_19)   --->   "%tmpres_state_83 = extractvalue i1792 %tmp_1" [firmware/nnet_utils/nnet_dense.h:76->firmware/nnet_utils/nnet_dense.h:45->firmware/nnet_utils/nnet_recurrent.h:155]   --->   Operation 314 'extractvalue' 'tmpres_state_83' <Predicate = true> <Delay = 0.00>
ST_4 : Operation 315 [1/1] (0.00ns) (grouped into LUT with out node inputacc_c_20)   --->   "%tmpres_state_84 = extractvalue i1792 %tmp_1" [firmware/nnet_utils/nnet_dense.h:76->firmware/nnet_utils/nnet_dense.h:45->firmware/nnet_utils/nnet_recurrent.h:155]   --->   Operation 315 'extractvalue' 'tmpres_state_84' <Predicate = true> <Delay = 0.00>
ST_4 : Operation 316 [1/1] (0.00ns) (grouped into LUT with out node inputacc_c_21)   --->   "%tmpres_state_85 = extractvalue i1792 %tmp_1" [firmware/nnet_utils/nnet_dense.h:76->firmware/nnet_utils/nnet_dense.h:45->firmware/nnet_utils/nnet_recurrent.h:155]   --->   Operation 316 'extractvalue' 'tmpres_state_85' <Predicate = true> <Delay = 0.00>
ST_4 : Operation 317 [1/1] (0.00ns) (grouped into LUT with out node inputacc_c_22)   --->   "%tmpres_state_86 = extractvalue i1792 %tmp_1" [firmware/nnet_utils/nnet_dense.h:76->firmware/nnet_utils/nnet_dense.h:45->firmware/nnet_utils/nnet_recurrent.h:155]   --->   Operation 317 'extractvalue' 'tmpres_state_86' <Predicate = true> <Delay = 0.00>
ST_4 : Operation 318 [1/1] (0.00ns) (grouped into LUT with out node inputacc_c_23)   --->   "%tmpres_state_87 = extractvalue i1792 %tmp_1" [firmware/nnet_utils/nnet_dense.h:76->firmware/nnet_utils/nnet_dense.h:45->firmware/nnet_utils/nnet_recurrent.h:155]   --->   Operation 318 'extractvalue' 'tmpres_state_87' <Predicate = true> <Delay = 0.00>
ST_4 : Operation 319 [1/1] (0.00ns) (grouped into LUT with out node inputacc_c_24)   --->   "%tmpres_state_88 = extractvalue i1792 %tmp_1" [firmware/nnet_utils/nnet_dense.h:76->firmware/nnet_utils/nnet_dense.h:45->firmware/nnet_utils/nnet_recurrent.h:155]   --->   Operation 319 'extractvalue' 'tmpres_state_88' <Predicate = true> <Delay = 0.00>
ST_4 : Operation 320 [1/1] (0.00ns) (grouped into LUT with out node inputacc_c_25)   --->   "%tmpres_state_89 = extractvalue i1792 %tmp_1" [firmware/nnet_utils/nnet_dense.h:76->firmware/nnet_utils/nnet_dense.h:45->firmware/nnet_utils/nnet_recurrent.h:155]   --->   Operation 320 'extractvalue' 'tmpres_state_89' <Predicate = true> <Delay = 0.00>
ST_4 : Operation 321 [1/1] (0.00ns) (grouped into LUT with out node inputacc_c_26)   --->   "%tmpres_state_90 = extractvalue i1792 %tmp_1" [firmware/nnet_utils/nnet_dense.h:76->firmware/nnet_utils/nnet_dense.h:45->firmware/nnet_utils/nnet_recurrent.h:155]   --->   Operation 321 'extractvalue' 'tmpres_state_90' <Predicate = true> <Delay = 0.00>
ST_4 : Operation 322 [1/1] (0.00ns) (grouped into LUT with out node inputacc_c_27)   --->   "%tmpres_state_91 = extractvalue i1792 %tmp_1" [firmware/nnet_utils/nnet_dense.h:76->firmware/nnet_utils/nnet_dense.h:45->firmware/nnet_utils/nnet_recurrent.h:155]   --->   Operation 322 'extractvalue' 'tmpres_state_91' <Predicate = true> <Delay = 0.00>
ST_4 : Operation 323 [1/1] (0.00ns) (grouped into LUT with out node inputacc_c_28)   --->   "%tmpres_state_92 = extractvalue i1792 %tmp_1" [firmware/nnet_utils/nnet_dense.h:76->firmware/nnet_utils/nnet_dense.h:45->firmware/nnet_utils/nnet_recurrent.h:155]   --->   Operation 323 'extractvalue' 'tmpres_state_92' <Predicate = true> <Delay = 0.00>
ST_4 : Operation 324 [1/1] (0.00ns) (grouped into LUT with out node inputacc_c_29)   --->   "%tmpres_state_93 = extractvalue i1792 %tmp_1" [firmware/nnet_utils/nnet_dense.h:76->firmware/nnet_utils/nnet_dense.h:45->firmware/nnet_utils/nnet_recurrent.h:155]   --->   Operation 324 'extractvalue' 'tmpres_state_93' <Predicate = true> <Delay = 0.00>
ST_4 : Operation 325 [1/1] (0.00ns) (grouped into LUT with out node inputacc_c_30)   --->   "%tmpres_state_94 = extractvalue i1792 %tmp_1" [firmware/nnet_utils/nnet_dense.h:76->firmware/nnet_utils/nnet_dense.h:45->firmware/nnet_utils/nnet_recurrent.h:155]   --->   Operation 325 'extractvalue' 'tmpres_state_94' <Predicate = true> <Delay = 0.00>
ST_4 : Operation 326 [1/1] (0.00ns) (grouped into LUT with out node inputacc_c_31)   --->   "%tmpres_state_95 = extractvalue i1792 %tmp_1" [firmware/nnet_utils/nnet_dense.h:76->firmware/nnet_utils/nnet_dense.h:45->firmware/nnet_utils/nnet_recurrent.h:155]   --->   Operation 326 'extractvalue' 'tmpres_state_95' <Predicate = true> <Delay = 0.00>
ST_4 : Operation 327 [1/1] (0.00ns) (grouped into LUT with out node inputacc_ifo_64)   --->   "%tmpres_state_96 = extractvalue i1792 %tmp_1" [firmware/nnet_utils/nnet_dense.h:76->firmware/nnet_utils/nnet_dense.h:45->firmware/nnet_utils/nnet_recurrent.h:155]   --->   Operation 327 'extractvalue' 'tmpres_state_96' <Predicate = true> <Delay = 0.00>
ST_4 : Operation 328 [1/1] (0.00ns) (grouped into LUT with out node inputacc_ifo_65)   --->   "%tmpres_state_97 = extractvalue i1792 %tmp_1" [firmware/nnet_utils/nnet_dense.h:76->firmware/nnet_utils/nnet_dense.h:45->firmware/nnet_utils/nnet_recurrent.h:155]   --->   Operation 328 'extractvalue' 'tmpres_state_97' <Predicate = true> <Delay = 0.00>
ST_4 : Operation 329 [1/1] (0.00ns) (grouped into LUT with out node inputacc_ifo_66)   --->   "%tmpres_state_98 = extractvalue i1792 %tmp_1" [firmware/nnet_utils/nnet_dense.h:76->firmware/nnet_utils/nnet_dense.h:45->firmware/nnet_utils/nnet_recurrent.h:155]   --->   Operation 329 'extractvalue' 'tmpres_state_98' <Predicate = true> <Delay = 0.00>
ST_4 : Operation 330 [1/1] (0.00ns) (grouped into LUT with out node inputacc_ifo_67)   --->   "%tmpres_state_99 = extractvalue i1792 %tmp_1" [firmware/nnet_utils/nnet_dense.h:76->firmware/nnet_utils/nnet_dense.h:45->firmware/nnet_utils/nnet_recurrent.h:155]   --->   Operation 330 'extractvalue' 'tmpres_state_99' <Predicate = true> <Delay = 0.00>
ST_4 : Operation 331 [1/1] (0.00ns) (grouped into LUT with out node inputacc_ifo_68)   --->   "%tmpres_state_100 = extractvalue i1792 %tmp_1" [firmware/nnet_utils/nnet_dense.h:76->firmware/nnet_utils/nnet_dense.h:45->firmware/nnet_utils/nnet_recurrent.h:155]   --->   Operation 331 'extractvalue' 'tmpres_state_100' <Predicate = true> <Delay = 0.00>
ST_4 : Operation 332 [1/1] (0.00ns) (grouped into LUT with out node inputacc_ifo_69)   --->   "%tmpres_state_101 = extractvalue i1792 %tmp_1" [firmware/nnet_utils/nnet_dense.h:76->firmware/nnet_utils/nnet_dense.h:45->firmware/nnet_utils/nnet_recurrent.h:155]   --->   Operation 332 'extractvalue' 'tmpres_state_101' <Predicate = true> <Delay = 0.00>
ST_4 : Operation 333 [1/1] (0.00ns) (grouped into LUT with out node inputacc_ifo_70)   --->   "%tmpres_state_102 = extractvalue i1792 %tmp_1" [firmware/nnet_utils/nnet_dense.h:76->firmware/nnet_utils/nnet_dense.h:45->firmware/nnet_utils/nnet_recurrent.h:155]   --->   Operation 333 'extractvalue' 'tmpres_state_102' <Predicate = true> <Delay = 0.00>
ST_4 : Operation 334 [1/1] (0.00ns) (grouped into LUT with out node inputacc_ifo_71)   --->   "%tmpres_state_103 = extractvalue i1792 %tmp_1" [firmware/nnet_utils/nnet_dense.h:76->firmware/nnet_utils/nnet_dense.h:45->firmware/nnet_utils/nnet_recurrent.h:155]   --->   Operation 334 'extractvalue' 'tmpres_state_103' <Predicate = true> <Delay = 0.00>
ST_4 : Operation 335 [1/1] (0.00ns) (grouped into LUT with out node inputacc_ifo_72)   --->   "%tmpres_state_104 = extractvalue i1792 %tmp_1" [firmware/nnet_utils/nnet_dense.h:76->firmware/nnet_utils/nnet_dense.h:45->firmware/nnet_utils/nnet_recurrent.h:155]   --->   Operation 335 'extractvalue' 'tmpres_state_104' <Predicate = true> <Delay = 0.00>
ST_4 : Operation 336 [1/1] (0.00ns) (grouped into LUT with out node inputacc_ifo_73)   --->   "%tmpres_state_105 = extractvalue i1792 %tmp_1" [firmware/nnet_utils/nnet_dense.h:76->firmware/nnet_utils/nnet_dense.h:45->firmware/nnet_utils/nnet_recurrent.h:155]   --->   Operation 336 'extractvalue' 'tmpres_state_105' <Predicate = true> <Delay = 0.00>
ST_4 : Operation 337 [1/1] (0.00ns) (grouped into LUT with out node inputacc_ifo_74)   --->   "%tmpres_state_106 = extractvalue i1792 %tmp_1" [firmware/nnet_utils/nnet_dense.h:76->firmware/nnet_utils/nnet_dense.h:45->firmware/nnet_utils/nnet_recurrent.h:155]   --->   Operation 337 'extractvalue' 'tmpres_state_106' <Predicate = true> <Delay = 0.00>
ST_4 : Operation 338 [1/1] (0.00ns) (grouped into LUT with out node inputacc_ifo_75)   --->   "%tmpres_state_107 = extractvalue i1792 %tmp_1" [firmware/nnet_utils/nnet_dense.h:76->firmware/nnet_utils/nnet_dense.h:45->firmware/nnet_utils/nnet_recurrent.h:155]   --->   Operation 338 'extractvalue' 'tmpres_state_107' <Predicate = true> <Delay = 0.00>
ST_4 : Operation 339 [1/1] (0.00ns) (grouped into LUT with out node inputacc_ifo_76)   --->   "%tmpres_state_108 = extractvalue i1792 %tmp_1" [firmware/nnet_utils/nnet_dense.h:76->firmware/nnet_utils/nnet_dense.h:45->firmware/nnet_utils/nnet_recurrent.h:155]   --->   Operation 339 'extractvalue' 'tmpres_state_108' <Predicate = true> <Delay = 0.00>
ST_4 : Operation 340 [1/1] (0.00ns) (grouped into LUT with out node inputacc_ifo_77)   --->   "%tmpres_state_109 = extractvalue i1792 %tmp_1" [firmware/nnet_utils/nnet_dense.h:76->firmware/nnet_utils/nnet_dense.h:45->firmware/nnet_utils/nnet_recurrent.h:155]   --->   Operation 340 'extractvalue' 'tmpres_state_109' <Predicate = true> <Delay = 0.00>
ST_4 : Operation 341 [1/1] (0.00ns) (grouped into LUT with out node inputacc_ifo_78)   --->   "%tmpres_state_110 = extractvalue i1792 %tmp_1" [firmware/nnet_utils/nnet_dense.h:76->firmware/nnet_utils/nnet_dense.h:45->firmware/nnet_utils/nnet_recurrent.h:155]   --->   Operation 341 'extractvalue' 'tmpres_state_110' <Predicate = true> <Delay = 0.00>
ST_4 : Operation 342 [1/1] (0.00ns) (grouped into LUT with out node inputacc_ifo_79)   --->   "%tmpres_state_111 = extractvalue i1792 %tmp_1" [firmware/nnet_utils/nnet_dense.h:76->firmware/nnet_utils/nnet_dense.h:45->firmware/nnet_utils/nnet_recurrent.h:155]   --->   Operation 342 'extractvalue' 'tmpres_state_111' <Predicate = true> <Delay = 0.00>
ST_4 : Operation 343 [1/1] (0.00ns) (grouped into LUT with out node inputacc_ifo_80)   --->   "%tmpres_state_112 = extractvalue i1792 %tmp_1" [firmware/nnet_utils/nnet_dense.h:76->firmware/nnet_utils/nnet_dense.h:45->firmware/nnet_utils/nnet_recurrent.h:155]   --->   Operation 343 'extractvalue' 'tmpres_state_112' <Predicate = true> <Delay = 0.00>
ST_4 : Operation 344 [1/1] (0.00ns) (grouped into LUT with out node inputacc_ifo_81)   --->   "%tmpres_state_113 = extractvalue i1792 %tmp_1" [firmware/nnet_utils/nnet_dense.h:76->firmware/nnet_utils/nnet_dense.h:45->firmware/nnet_utils/nnet_recurrent.h:155]   --->   Operation 344 'extractvalue' 'tmpres_state_113' <Predicate = true> <Delay = 0.00>
ST_4 : Operation 345 [1/1] (0.00ns) (grouped into LUT with out node inputacc_ifo_82)   --->   "%tmpres_state_114 = extractvalue i1792 %tmp_1" [firmware/nnet_utils/nnet_dense.h:76->firmware/nnet_utils/nnet_dense.h:45->firmware/nnet_utils/nnet_recurrent.h:155]   --->   Operation 345 'extractvalue' 'tmpres_state_114' <Predicate = true> <Delay = 0.00>
ST_4 : Operation 346 [1/1] (0.00ns) (grouped into LUT with out node inputacc_ifo_83)   --->   "%tmpres_state_115 = extractvalue i1792 %tmp_1" [firmware/nnet_utils/nnet_dense.h:76->firmware/nnet_utils/nnet_dense.h:45->firmware/nnet_utils/nnet_recurrent.h:155]   --->   Operation 346 'extractvalue' 'tmpres_state_115' <Predicate = true> <Delay = 0.00>
ST_4 : Operation 347 [1/1] (0.00ns) (grouped into LUT with out node inputacc_ifo_84)   --->   "%tmpres_state_116 = extractvalue i1792 %tmp_1" [firmware/nnet_utils/nnet_dense.h:76->firmware/nnet_utils/nnet_dense.h:45->firmware/nnet_utils/nnet_recurrent.h:155]   --->   Operation 347 'extractvalue' 'tmpres_state_116' <Predicate = true> <Delay = 0.00>
ST_4 : Operation 348 [1/1] (0.00ns) (grouped into LUT with out node inputacc_ifo_85)   --->   "%tmpres_state_117 = extractvalue i1792 %tmp_1" [firmware/nnet_utils/nnet_dense.h:76->firmware/nnet_utils/nnet_dense.h:45->firmware/nnet_utils/nnet_recurrent.h:155]   --->   Operation 348 'extractvalue' 'tmpres_state_117' <Predicate = true> <Delay = 0.00>
ST_4 : Operation 349 [1/1] (0.00ns) (grouped into LUT with out node inputacc_ifo_86)   --->   "%tmpres_state_118 = extractvalue i1792 %tmp_1" [firmware/nnet_utils/nnet_dense.h:76->firmware/nnet_utils/nnet_dense.h:45->firmware/nnet_utils/nnet_recurrent.h:155]   --->   Operation 349 'extractvalue' 'tmpres_state_118' <Predicate = true> <Delay = 0.00>
ST_4 : Operation 350 [1/1] (0.00ns) (grouped into LUT with out node inputacc_ifo_87)   --->   "%tmpres_state_119 = extractvalue i1792 %tmp_1" [firmware/nnet_utils/nnet_dense.h:76->firmware/nnet_utils/nnet_dense.h:45->firmware/nnet_utils/nnet_recurrent.h:155]   --->   Operation 350 'extractvalue' 'tmpres_state_119' <Predicate = true> <Delay = 0.00>
ST_4 : Operation 351 [1/1] (0.00ns) (grouped into LUT with out node inputacc_ifo_88)   --->   "%tmpres_state_120 = extractvalue i1792 %tmp_1" [firmware/nnet_utils/nnet_dense.h:76->firmware/nnet_utils/nnet_dense.h:45->firmware/nnet_utils/nnet_recurrent.h:155]   --->   Operation 351 'extractvalue' 'tmpres_state_120' <Predicate = true> <Delay = 0.00>
ST_4 : Operation 352 [1/1] (0.00ns) (grouped into LUT with out node inputacc_ifo_89)   --->   "%tmpres_state_121 = extractvalue i1792 %tmp_1" [firmware/nnet_utils/nnet_dense.h:76->firmware/nnet_utils/nnet_dense.h:45->firmware/nnet_utils/nnet_recurrent.h:155]   --->   Operation 352 'extractvalue' 'tmpres_state_121' <Predicate = true> <Delay = 0.00>
ST_4 : Operation 353 [1/1] (0.00ns) (grouped into LUT with out node inputacc_ifo_90)   --->   "%tmpres_state_122 = extractvalue i1792 %tmp_1" [firmware/nnet_utils/nnet_dense.h:76->firmware/nnet_utils/nnet_dense.h:45->firmware/nnet_utils/nnet_recurrent.h:155]   --->   Operation 353 'extractvalue' 'tmpres_state_122' <Predicate = true> <Delay = 0.00>
ST_4 : Operation 354 [1/1] (0.00ns) (grouped into LUT with out node inputacc_ifo_91)   --->   "%tmpres_state_123 = extractvalue i1792 %tmp_1" [firmware/nnet_utils/nnet_dense.h:76->firmware/nnet_utils/nnet_dense.h:45->firmware/nnet_utils/nnet_recurrent.h:155]   --->   Operation 354 'extractvalue' 'tmpres_state_123' <Predicate = true> <Delay = 0.00>
ST_4 : Operation 355 [1/1] (0.00ns) (grouped into LUT with out node inputacc_ifo_92)   --->   "%tmpres_state_124 = extractvalue i1792 %tmp_1" [firmware/nnet_utils/nnet_dense.h:76->firmware/nnet_utils/nnet_dense.h:45->firmware/nnet_utils/nnet_recurrent.h:155]   --->   Operation 355 'extractvalue' 'tmpres_state_124' <Predicate = true> <Delay = 0.00>
ST_4 : Operation 356 [1/1] (0.00ns) (grouped into LUT with out node inputacc_ifo_93)   --->   "%tmpres_state_125 = extractvalue i1792 %tmp_1" [firmware/nnet_utils/nnet_dense.h:76->firmware/nnet_utils/nnet_dense.h:45->firmware/nnet_utils/nnet_recurrent.h:155]   --->   Operation 356 'extractvalue' 'tmpres_state_125' <Predicate = true> <Delay = 0.00>
ST_4 : Operation 357 [1/1] (0.00ns) (grouped into LUT with out node inputacc_ifo_94)   --->   "%tmpres_state_126 = extractvalue i1792 %tmp_1" [firmware/nnet_utils/nnet_dense.h:76->firmware/nnet_utils/nnet_dense.h:45->firmware/nnet_utils/nnet_recurrent.h:155]   --->   Operation 357 'extractvalue' 'tmpres_state_126' <Predicate = true> <Delay = 0.00>
ST_4 : Operation 358 [1/1] (0.00ns) (grouped into LUT with out node inputacc_ifo_95)   --->   "%tmpres_state_127 = extractvalue i1792 %tmp_1" [firmware/nnet_utils/nnet_dense.h:76->firmware/nnet_utils/nnet_dense.h:45->firmware/nnet_utils/nnet_recurrent.h:155]   --->   Operation 358 'extractvalue' 'tmpres_state_127' <Predicate = true> <Delay = 0.00>
ST_4 : Operation 359 [1/1] (2.13ns) (out node of the LUT)   --->   "%inputacc_ifo = add i14 %tmpres_state, i14 %tmpres" [firmware/nnet_utils/nnet_recurrent.h:163]   --->   Operation 359 'add' 'inputacc_ifo' <Predicate = true> <Delay = 2.13> <CoreInst = "Adder">   --->   Core 1 'Adder' <Latency = 0> <II = 1> <Delay = 2.13> <FuncUnit> <Opcode : 'add' 'sub'> <InPorts = 2> <OutPorts = 1>
ST_4 : Operation 360 [1/1] (2.13ns) (out node of the LUT)   --->   "%inputacc_ifo_1 = add i14 %tmpres_state_1, i14 %tmpres_1" [firmware/nnet_utils/nnet_recurrent.h:163]   --->   Operation 360 'add' 'inputacc_ifo_1' <Predicate = true> <Delay = 2.13> <CoreInst = "Adder">   --->   Core 1 'Adder' <Latency = 0> <II = 1> <Delay = 2.13> <FuncUnit> <Opcode : 'add' 'sub'> <InPorts = 2> <OutPorts = 1>
ST_4 : Operation 361 [1/1] (2.13ns) (out node of the LUT)   --->   "%inputacc_ifo_2 = add i14 %tmpres_state_2, i14 %tmpres_2" [firmware/nnet_utils/nnet_recurrent.h:163]   --->   Operation 361 'add' 'inputacc_ifo_2' <Predicate = true> <Delay = 2.13> <CoreInst = "Adder">   --->   Core 1 'Adder' <Latency = 0> <II = 1> <Delay = 2.13> <FuncUnit> <Opcode : 'add' 'sub'> <InPorts = 2> <OutPorts = 1>
ST_4 : Operation 362 [1/1] (2.13ns) (out node of the LUT)   --->   "%inputacc_ifo_3 = add i14 %tmpres_state_3, i14 %tmpres_3" [firmware/nnet_utils/nnet_recurrent.h:163]   --->   Operation 362 'add' 'inputacc_ifo_3' <Predicate = true> <Delay = 2.13> <CoreInst = "Adder">   --->   Core 1 'Adder' <Latency = 0> <II = 1> <Delay = 2.13> <FuncUnit> <Opcode : 'add' 'sub'> <InPorts = 2> <OutPorts = 1>
ST_4 : Operation 363 [1/1] (2.13ns) (out node of the LUT)   --->   "%inputacc_ifo_4 = add i14 %tmpres_state_4, i14 %tmpres_4" [firmware/nnet_utils/nnet_recurrent.h:163]   --->   Operation 363 'add' 'inputacc_ifo_4' <Predicate = true> <Delay = 2.13> <CoreInst = "Adder">   --->   Core 1 'Adder' <Latency = 0> <II = 1> <Delay = 2.13> <FuncUnit> <Opcode : 'add' 'sub'> <InPorts = 2> <OutPorts = 1>
ST_4 : Operation 364 [1/1] (2.13ns) (out node of the LUT)   --->   "%inputacc_ifo_5 = add i14 %tmpres_state_5, i14 %tmpres_5" [firmware/nnet_utils/nnet_recurrent.h:163]   --->   Operation 364 'add' 'inputacc_ifo_5' <Predicate = true> <Delay = 2.13> <CoreInst = "Adder">   --->   Core 1 'Adder' <Latency = 0> <II = 1> <Delay = 2.13> <FuncUnit> <Opcode : 'add' 'sub'> <InPorts = 2> <OutPorts = 1>
ST_4 : Operation 365 [1/1] (2.13ns) (out node of the LUT)   --->   "%inputacc_ifo_6 = add i14 %tmpres_state_6, i14 %tmpres_6" [firmware/nnet_utils/nnet_recurrent.h:163]   --->   Operation 365 'add' 'inputacc_ifo_6' <Predicate = true> <Delay = 2.13> <CoreInst = "Adder">   --->   Core 1 'Adder' <Latency = 0> <II = 1> <Delay = 2.13> <FuncUnit> <Opcode : 'add' 'sub'> <InPorts = 2> <OutPorts = 1>
ST_4 : Operation 366 [1/1] (2.13ns) (out node of the LUT)   --->   "%inputacc_ifo_7 = add i14 %tmpres_state_7, i14 %tmpres_7" [firmware/nnet_utils/nnet_recurrent.h:163]   --->   Operation 366 'add' 'inputacc_ifo_7' <Predicate = true> <Delay = 2.13> <CoreInst = "Adder">   --->   Core 1 'Adder' <Latency = 0> <II = 1> <Delay = 2.13> <FuncUnit> <Opcode : 'add' 'sub'> <InPorts = 2> <OutPorts = 1>
ST_4 : Operation 367 [1/1] (2.13ns) (out node of the LUT)   --->   "%inputacc_ifo_8 = add i14 %tmpres_state_8, i14 %tmpres_8" [firmware/nnet_utils/nnet_recurrent.h:163]   --->   Operation 367 'add' 'inputacc_ifo_8' <Predicate = true> <Delay = 2.13> <CoreInst = "Adder">   --->   Core 1 'Adder' <Latency = 0> <II = 1> <Delay = 2.13> <FuncUnit> <Opcode : 'add' 'sub'> <InPorts = 2> <OutPorts = 1>
ST_4 : Operation 368 [1/1] (2.13ns) (out node of the LUT)   --->   "%inputacc_ifo_9 = add i14 %tmpres_state_9, i14 %tmpres_9" [firmware/nnet_utils/nnet_recurrent.h:163]   --->   Operation 368 'add' 'inputacc_ifo_9' <Predicate = true> <Delay = 2.13> <CoreInst = "Adder">   --->   Core 1 'Adder' <Latency = 0> <II = 1> <Delay = 2.13> <FuncUnit> <Opcode : 'add' 'sub'> <InPorts = 2> <OutPorts = 1>
ST_4 : Operation 369 [1/1] (2.13ns) (out node of the LUT)   --->   "%inputacc_ifo_10 = add i14 %tmpres_state_10, i14 %tmpres_10" [firmware/nnet_utils/nnet_recurrent.h:163]   --->   Operation 369 'add' 'inputacc_ifo_10' <Predicate = true> <Delay = 2.13> <CoreInst = "Adder">   --->   Core 1 'Adder' <Latency = 0> <II = 1> <Delay = 2.13> <FuncUnit> <Opcode : 'add' 'sub'> <InPorts = 2> <OutPorts = 1>
ST_4 : Operation 370 [1/1] (2.13ns) (out node of the LUT)   --->   "%inputacc_ifo_11 = add i14 %tmpres_state_11, i14 %tmpres_11" [firmware/nnet_utils/nnet_recurrent.h:163]   --->   Operation 370 'add' 'inputacc_ifo_11' <Predicate = true> <Delay = 2.13> <CoreInst = "Adder">   --->   Core 1 'Adder' <Latency = 0> <II = 1> <Delay = 2.13> <FuncUnit> <Opcode : 'add' 'sub'> <InPorts = 2> <OutPorts = 1>
ST_4 : Operation 371 [1/1] (2.13ns) (out node of the LUT)   --->   "%inputacc_ifo_12 = add i14 %tmpres_state_12, i14 %tmpres_12" [firmware/nnet_utils/nnet_recurrent.h:163]   --->   Operation 371 'add' 'inputacc_ifo_12' <Predicate = true> <Delay = 2.13> <CoreInst = "Adder">   --->   Core 1 'Adder' <Latency = 0> <II = 1> <Delay = 2.13> <FuncUnit> <Opcode : 'add' 'sub'> <InPorts = 2> <OutPorts = 1>
ST_4 : Operation 372 [1/1] (2.13ns) (out node of the LUT)   --->   "%inputacc_ifo_13 = add i14 %tmpres_state_13, i14 %tmpres_13" [firmware/nnet_utils/nnet_recurrent.h:163]   --->   Operation 372 'add' 'inputacc_ifo_13' <Predicate = true> <Delay = 2.13> <CoreInst = "Adder">   --->   Core 1 'Adder' <Latency = 0> <II = 1> <Delay = 2.13> <FuncUnit> <Opcode : 'add' 'sub'> <InPorts = 2> <OutPorts = 1>
ST_4 : Operation 373 [1/1] (2.13ns) (out node of the LUT)   --->   "%inputacc_ifo_14 = add i14 %tmpres_state_14, i14 %tmpres_14" [firmware/nnet_utils/nnet_recurrent.h:163]   --->   Operation 373 'add' 'inputacc_ifo_14' <Predicate = true> <Delay = 2.13> <CoreInst = "Adder">   --->   Core 1 'Adder' <Latency = 0> <II = 1> <Delay = 2.13> <FuncUnit> <Opcode : 'add' 'sub'> <InPorts = 2> <OutPorts = 1>
ST_4 : Operation 374 [1/1] (2.13ns) (out node of the LUT)   --->   "%inputacc_ifo_15 = add i14 %tmpres_state_15, i14 %tmpres_15" [firmware/nnet_utils/nnet_recurrent.h:163]   --->   Operation 374 'add' 'inputacc_ifo_15' <Predicate = true> <Delay = 2.13> <CoreInst = "Adder">   --->   Core 1 'Adder' <Latency = 0> <II = 1> <Delay = 2.13> <FuncUnit> <Opcode : 'add' 'sub'> <InPorts = 2> <OutPorts = 1>
ST_4 : Operation 375 [1/1] (2.13ns) (out node of the LUT)   --->   "%inputacc_ifo_16 = add i14 %tmpres_state_16, i14 %tmpres_16" [firmware/nnet_utils/nnet_recurrent.h:163]   --->   Operation 375 'add' 'inputacc_ifo_16' <Predicate = true> <Delay = 2.13> <CoreInst = "Adder">   --->   Core 1 'Adder' <Latency = 0> <II = 1> <Delay = 2.13> <FuncUnit> <Opcode : 'add' 'sub'> <InPorts = 2> <OutPorts = 1>
ST_4 : Operation 376 [1/1] (2.13ns) (out node of the LUT)   --->   "%inputacc_ifo_17 = add i14 %tmpres_state_17, i14 %tmpres_17" [firmware/nnet_utils/nnet_recurrent.h:163]   --->   Operation 376 'add' 'inputacc_ifo_17' <Predicate = true> <Delay = 2.13> <CoreInst = "Adder">   --->   Core 1 'Adder' <Latency = 0> <II = 1> <Delay = 2.13> <FuncUnit> <Opcode : 'add' 'sub'> <InPorts = 2> <OutPorts = 1>
ST_4 : Operation 377 [1/1] (2.13ns) (out node of the LUT)   --->   "%inputacc_ifo_18 = add i14 %tmpres_state_18, i14 %tmpres_18" [firmware/nnet_utils/nnet_recurrent.h:163]   --->   Operation 377 'add' 'inputacc_ifo_18' <Predicate = true> <Delay = 2.13> <CoreInst = "Adder">   --->   Core 1 'Adder' <Latency = 0> <II = 1> <Delay = 2.13> <FuncUnit> <Opcode : 'add' 'sub'> <InPorts = 2> <OutPorts = 1>
ST_4 : Operation 378 [1/1] (2.13ns) (out node of the LUT)   --->   "%inputacc_ifo_19 = add i14 %tmpres_state_19, i14 %tmpres_19" [firmware/nnet_utils/nnet_recurrent.h:163]   --->   Operation 378 'add' 'inputacc_ifo_19' <Predicate = true> <Delay = 2.13> <CoreInst = "Adder">   --->   Core 1 'Adder' <Latency = 0> <II = 1> <Delay = 2.13> <FuncUnit> <Opcode : 'add' 'sub'> <InPorts = 2> <OutPorts = 1>
ST_4 : Operation 379 [1/1] (2.13ns) (out node of the LUT)   --->   "%inputacc_ifo_20 = add i14 %tmpres_state_20, i14 %tmpres_20" [firmware/nnet_utils/nnet_recurrent.h:163]   --->   Operation 379 'add' 'inputacc_ifo_20' <Predicate = true> <Delay = 2.13> <CoreInst = "Adder">   --->   Core 1 'Adder' <Latency = 0> <II = 1> <Delay = 2.13> <FuncUnit> <Opcode : 'add' 'sub'> <InPorts = 2> <OutPorts = 1>
ST_4 : Operation 380 [1/1] (2.13ns) (out node of the LUT)   --->   "%inputacc_ifo_21 = add i14 %tmpres_state_21, i14 %tmpres_21" [firmware/nnet_utils/nnet_recurrent.h:163]   --->   Operation 380 'add' 'inputacc_ifo_21' <Predicate = true> <Delay = 2.13> <CoreInst = "Adder">   --->   Core 1 'Adder' <Latency = 0> <II = 1> <Delay = 2.13> <FuncUnit> <Opcode : 'add' 'sub'> <InPorts = 2> <OutPorts = 1>
ST_4 : Operation 381 [1/1] (2.13ns) (out node of the LUT)   --->   "%inputacc_ifo_22 = add i14 %tmpres_state_22, i14 %tmpres_22" [firmware/nnet_utils/nnet_recurrent.h:163]   --->   Operation 381 'add' 'inputacc_ifo_22' <Predicate = true> <Delay = 2.13> <CoreInst = "Adder">   --->   Core 1 'Adder' <Latency = 0> <II = 1> <Delay = 2.13> <FuncUnit> <Opcode : 'add' 'sub'> <InPorts = 2> <OutPorts = 1>
ST_4 : Operation 382 [1/1] (2.13ns) (out node of the LUT)   --->   "%inputacc_ifo_23 = add i14 %tmpres_state_23, i14 %tmpres_23" [firmware/nnet_utils/nnet_recurrent.h:163]   --->   Operation 382 'add' 'inputacc_ifo_23' <Predicate = true> <Delay = 2.13> <CoreInst = "Adder">   --->   Core 1 'Adder' <Latency = 0> <II = 1> <Delay = 2.13> <FuncUnit> <Opcode : 'add' 'sub'> <InPorts = 2> <OutPorts = 1>
ST_4 : Operation 383 [1/1] (2.13ns) (out node of the LUT)   --->   "%inputacc_ifo_24 = add i14 %tmpres_state_24, i14 %tmpres_24" [firmware/nnet_utils/nnet_recurrent.h:163]   --->   Operation 383 'add' 'inputacc_ifo_24' <Predicate = true> <Delay = 2.13> <CoreInst = "Adder">   --->   Core 1 'Adder' <Latency = 0> <II = 1> <Delay = 2.13> <FuncUnit> <Opcode : 'add' 'sub'> <InPorts = 2> <OutPorts = 1>
ST_4 : Operation 384 [1/1] (2.13ns) (out node of the LUT)   --->   "%inputacc_ifo_25 = add i14 %tmpres_state_25, i14 %tmpres_25" [firmware/nnet_utils/nnet_recurrent.h:163]   --->   Operation 384 'add' 'inputacc_ifo_25' <Predicate = true> <Delay = 2.13> <CoreInst = "Adder">   --->   Core 1 'Adder' <Latency = 0> <II = 1> <Delay = 2.13> <FuncUnit> <Opcode : 'add' 'sub'> <InPorts = 2> <OutPorts = 1>
ST_4 : Operation 385 [1/1] (2.13ns) (out node of the LUT)   --->   "%inputacc_ifo_26 = add i14 %tmpres_state_26, i14 %tmpres_26" [firmware/nnet_utils/nnet_recurrent.h:163]   --->   Operation 385 'add' 'inputacc_ifo_26' <Predicate = true> <Delay = 2.13> <CoreInst = "Adder">   --->   Core 1 'Adder' <Latency = 0> <II = 1> <Delay = 2.13> <FuncUnit> <Opcode : 'add' 'sub'> <InPorts = 2> <OutPorts = 1>
ST_4 : Operation 386 [1/1] (2.13ns) (out node of the LUT)   --->   "%inputacc_ifo_27 = add i14 %tmpres_state_27, i14 %tmpres_27" [firmware/nnet_utils/nnet_recurrent.h:163]   --->   Operation 386 'add' 'inputacc_ifo_27' <Predicate = true> <Delay = 2.13> <CoreInst = "Adder">   --->   Core 1 'Adder' <Latency = 0> <II = 1> <Delay = 2.13> <FuncUnit> <Opcode : 'add' 'sub'> <InPorts = 2> <OutPorts = 1>
ST_4 : Operation 387 [1/1] (2.13ns) (out node of the LUT)   --->   "%inputacc_ifo_28 = add i14 %tmpres_state_28, i14 %tmpres_28" [firmware/nnet_utils/nnet_recurrent.h:163]   --->   Operation 387 'add' 'inputacc_ifo_28' <Predicate = true> <Delay = 2.13> <CoreInst = "Adder">   --->   Core 1 'Adder' <Latency = 0> <II = 1> <Delay = 2.13> <FuncUnit> <Opcode : 'add' 'sub'> <InPorts = 2> <OutPorts = 1>
ST_4 : Operation 388 [1/1] (2.13ns) (out node of the LUT)   --->   "%inputacc_ifo_29 = add i14 %tmpres_state_29, i14 %tmpres_29" [firmware/nnet_utils/nnet_recurrent.h:163]   --->   Operation 388 'add' 'inputacc_ifo_29' <Predicate = true> <Delay = 2.13> <CoreInst = "Adder">   --->   Core 1 'Adder' <Latency = 0> <II = 1> <Delay = 2.13> <FuncUnit> <Opcode : 'add' 'sub'> <InPorts = 2> <OutPorts = 1>
ST_4 : Operation 389 [1/1] (2.13ns) (out node of the LUT)   --->   "%inputacc_ifo_30 = add i14 %tmpres_state_30, i14 %tmpres_30" [firmware/nnet_utils/nnet_recurrent.h:163]   --->   Operation 389 'add' 'inputacc_ifo_30' <Predicate = true> <Delay = 2.13> <CoreInst = "Adder">   --->   Core 1 'Adder' <Latency = 0> <II = 1> <Delay = 2.13> <FuncUnit> <Opcode : 'add' 'sub'> <InPorts = 2> <OutPorts = 1>
ST_4 : Operation 390 [1/1] (2.13ns) (out node of the LUT)   --->   "%inputacc_ifo_31 = add i14 %tmpres_state_31, i14 %tmpres_31" [firmware/nnet_utils/nnet_recurrent.h:163]   --->   Operation 390 'add' 'inputacc_ifo_31' <Predicate = true> <Delay = 2.13> <CoreInst = "Adder">   --->   Core 1 'Adder' <Latency = 0> <II = 1> <Delay = 2.13> <FuncUnit> <Opcode : 'add' 'sub'> <InPorts = 2> <OutPorts = 1>
ST_4 : Operation 391 [1/1] (2.13ns) (out node of the LUT)   --->   "%inputacc_ifo_32 = add i14 %tmpres_state_32, i14 %tmpres_32" [firmware/nnet_utils/nnet_recurrent.h:163]   --->   Operation 391 'add' 'inputacc_ifo_32' <Predicate = true> <Delay = 2.13> <CoreInst = "Adder">   --->   Core 1 'Adder' <Latency = 0> <II = 1> <Delay = 2.13> <FuncUnit> <Opcode : 'add' 'sub'> <InPorts = 2> <OutPorts = 1>
ST_4 : Operation 392 [1/1] (2.13ns) (out node of the LUT)   --->   "%inputacc_ifo_33 = add i14 %tmpres_state_33, i14 %tmpres_33" [firmware/nnet_utils/nnet_recurrent.h:163]   --->   Operation 392 'add' 'inputacc_ifo_33' <Predicate = true> <Delay = 2.13> <CoreInst = "Adder">   --->   Core 1 'Adder' <Latency = 0> <II = 1> <Delay = 2.13> <FuncUnit> <Opcode : 'add' 'sub'> <InPorts = 2> <OutPorts = 1>
ST_4 : Operation 393 [1/1] (2.13ns) (out node of the LUT)   --->   "%inputacc_ifo_34 = add i14 %tmpres_state_34, i14 %tmpres_34" [firmware/nnet_utils/nnet_recurrent.h:163]   --->   Operation 393 'add' 'inputacc_ifo_34' <Predicate = true> <Delay = 2.13> <CoreInst = "Adder">   --->   Core 1 'Adder' <Latency = 0> <II = 1> <Delay = 2.13> <FuncUnit> <Opcode : 'add' 'sub'> <InPorts = 2> <OutPorts = 1>
ST_4 : Operation 394 [1/1] (2.13ns) (out node of the LUT)   --->   "%inputacc_ifo_35 = add i14 %tmpres_state_35, i14 %tmpres_35" [firmware/nnet_utils/nnet_recurrent.h:163]   --->   Operation 394 'add' 'inputacc_ifo_35' <Predicate = true> <Delay = 2.13> <CoreInst = "Adder">   --->   Core 1 'Adder' <Latency = 0> <II = 1> <Delay = 2.13> <FuncUnit> <Opcode : 'add' 'sub'> <InPorts = 2> <OutPorts = 1>
ST_4 : Operation 395 [1/1] (2.13ns) (out node of the LUT)   --->   "%inputacc_ifo_36 = add i14 %tmpres_state_36, i14 %tmpres_36" [firmware/nnet_utils/nnet_recurrent.h:163]   --->   Operation 395 'add' 'inputacc_ifo_36' <Predicate = true> <Delay = 2.13> <CoreInst = "Adder">   --->   Core 1 'Adder' <Latency = 0> <II = 1> <Delay = 2.13> <FuncUnit> <Opcode : 'add' 'sub'> <InPorts = 2> <OutPorts = 1>
ST_4 : Operation 396 [1/1] (2.13ns) (out node of the LUT)   --->   "%inputacc_ifo_37 = add i14 %tmpres_state_37, i14 %tmpres_37" [firmware/nnet_utils/nnet_recurrent.h:163]   --->   Operation 396 'add' 'inputacc_ifo_37' <Predicate = true> <Delay = 2.13> <CoreInst = "Adder">   --->   Core 1 'Adder' <Latency = 0> <II = 1> <Delay = 2.13> <FuncUnit> <Opcode : 'add' 'sub'> <InPorts = 2> <OutPorts = 1>
ST_4 : Operation 397 [1/1] (2.13ns) (out node of the LUT)   --->   "%inputacc_ifo_38 = add i14 %tmpres_state_38, i14 %tmpres_38" [firmware/nnet_utils/nnet_recurrent.h:163]   --->   Operation 397 'add' 'inputacc_ifo_38' <Predicate = true> <Delay = 2.13> <CoreInst = "Adder">   --->   Core 1 'Adder' <Latency = 0> <II = 1> <Delay = 2.13> <FuncUnit> <Opcode : 'add' 'sub'> <InPorts = 2> <OutPorts = 1>
ST_4 : Operation 398 [1/1] (2.13ns) (out node of the LUT)   --->   "%inputacc_ifo_39 = add i14 %tmpres_state_39, i14 %tmpres_39" [firmware/nnet_utils/nnet_recurrent.h:163]   --->   Operation 398 'add' 'inputacc_ifo_39' <Predicate = true> <Delay = 2.13> <CoreInst = "Adder">   --->   Core 1 'Adder' <Latency = 0> <II = 1> <Delay = 2.13> <FuncUnit> <Opcode : 'add' 'sub'> <InPorts = 2> <OutPorts = 1>
ST_4 : Operation 399 [1/1] (2.13ns) (out node of the LUT)   --->   "%inputacc_ifo_40 = add i14 %tmpres_state_40, i14 %tmpres_40" [firmware/nnet_utils/nnet_recurrent.h:163]   --->   Operation 399 'add' 'inputacc_ifo_40' <Predicate = true> <Delay = 2.13> <CoreInst = "Adder">   --->   Core 1 'Adder' <Latency = 0> <II = 1> <Delay = 2.13> <FuncUnit> <Opcode : 'add' 'sub'> <InPorts = 2> <OutPorts = 1>
ST_4 : Operation 400 [1/1] (2.13ns) (out node of the LUT)   --->   "%inputacc_ifo_41 = add i14 %tmpres_state_41, i14 %tmpres_41" [firmware/nnet_utils/nnet_recurrent.h:163]   --->   Operation 400 'add' 'inputacc_ifo_41' <Predicate = true> <Delay = 2.13> <CoreInst = "Adder">   --->   Core 1 'Adder' <Latency = 0> <II = 1> <Delay = 2.13> <FuncUnit> <Opcode : 'add' 'sub'> <InPorts = 2> <OutPorts = 1>
ST_4 : Operation 401 [1/1] (2.13ns) (out node of the LUT)   --->   "%inputacc_ifo_42 = add i14 %tmpres_state_42, i14 %tmpres_42" [firmware/nnet_utils/nnet_recurrent.h:163]   --->   Operation 401 'add' 'inputacc_ifo_42' <Predicate = true> <Delay = 2.13> <CoreInst = "Adder">   --->   Core 1 'Adder' <Latency = 0> <II = 1> <Delay = 2.13> <FuncUnit> <Opcode : 'add' 'sub'> <InPorts = 2> <OutPorts = 1>
ST_4 : Operation 402 [1/1] (2.13ns) (out node of the LUT)   --->   "%inputacc_ifo_43 = add i14 %tmpres_state_43, i14 %tmpres_43" [firmware/nnet_utils/nnet_recurrent.h:163]   --->   Operation 402 'add' 'inputacc_ifo_43' <Predicate = true> <Delay = 2.13> <CoreInst = "Adder">   --->   Core 1 'Adder' <Latency = 0> <II = 1> <Delay = 2.13> <FuncUnit> <Opcode : 'add' 'sub'> <InPorts = 2> <OutPorts = 1>
ST_4 : Operation 403 [1/1] (2.13ns) (out node of the LUT)   --->   "%inputacc_ifo_44 = add i14 %tmpres_state_44, i14 %tmpres_44" [firmware/nnet_utils/nnet_recurrent.h:163]   --->   Operation 403 'add' 'inputacc_ifo_44' <Predicate = true> <Delay = 2.13> <CoreInst = "Adder">   --->   Core 1 'Adder' <Latency = 0> <II = 1> <Delay = 2.13> <FuncUnit> <Opcode : 'add' 'sub'> <InPorts = 2> <OutPorts = 1>
ST_4 : Operation 404 [1/1] (2.13ns) (out node of the LUT)   --->   "%inputacc_ifo_45 = add i14 %tmpres_state_45, i14 %tmpres_45" [firmware/nnet_utils/nnet_recurrent.h:163]   --->   Operation 404 'add' 'inputacc_ifo_45' <Predicate = true> <Delay = 2.13> <CoreInst = "Adder">   --->   Core 1 'Adder' <Latency = 0> <II = 1> <Delay = 2.13> <FuncUnit> <Opcode : 'add' 'sub'> <InPorts = 2> <OutPorts = 1>
ST_4 : Operation 405 [1/1] (2.13ns) (out node of the LUT)   --->   "%inputacc_ifo_46 = add i14 %tmpres_state_46, i14 %tmpres_46" [firmware/nnet_utils/nnet_recurrent.h:163]   --->   Operation 405 'add' 'inputacc_ifo_46' <Predicate = true> <Delay = 2.13> <CoreInst = "Adder">   --->   Core 1 'Adder' <Latency = 0> <II = 1> <Delay = 2.13> <FuncUnit> <Opcode : 'add' 'sub'> <InPorts = 2> <OutPorts = 1>
ST_4 : Operation 406 [1/1] (2.13ns) (out node of the LUT)   --->   "%inputacc_ifo_47 = add i14 %tmpres_state_47, i14 %tmpres_47" [firmware/nnet_utils/nnet_recurrent.h:163]   --->   Operation 406 'add' 'inputacc_ifo_47' <Predicate = true> <Delay = 2.13> <CoreInst = "Adder">   --->   Core 1 'Adder' <Latency = 0> <II = 1> <Delay = 2.13> <FuncUnit> <Opcode : 'add' 'sub'> <InPorts = 2> <OutPorts = 1>
ST_4 : Operation 407 [1/1] (2.13ns) (out node of the LUT)   --->   "%inputacc_ifo_48 = add i14 %tmpres_state_48, i14 %tmpres_48" [firmware/nnet_utils/nnet_recurrent.h:163]   --->   Operation 407 'add' 'inputacc_ifo_48' <Predicate = true> <Delay = 2.13> <CoreInst = "Adder">   --->   Core 1 'Adder' <Latency = 0> <II = 1> <Delay = 2.13> <FuncUnit> <Opcode : 'add' 'sub'> <InPorts = 2> <OutPorts = 1>
ST_4 : Operation 408 [1/1] (2.13ns) (out node of the LUT)   --->   "%inputacc_ifo_49 = add i14 %tmpres_state_49, i14 %tmpres_49" [firmware/nnet_utils/nnet_recurrent.h:163]   --->   Operation 408 'add' 'inputacc_ifo_49' <Predicate = true> <Delay = 2.13> <CoreInst = "Adder">   --->   Core 1 'Adder' <Latency = 0> <II = 1> <Delay = 2.13> <FuncUnit> <Opcode : 'add' 'sub'> <InPorts = 2> <OutPorts = 1>
ST_4 : Operation 409 [1/1] (2.13ns) (out node of the LUT)   --->   "%inputacc_ifo_50 = add i14 %tmpres_state_50, i14 %tmpres_50" [firmware/nnet_utils/nnet_recurrent.h:163]   --->   Operation 409 'add' 'inputacc_ifo_50' <Predicate = true> <Delay = 2.13> <CoreInst = "Adder">   --->   Core 1 'Adder' <Latency = 0> <II = 1> <Delay = 2.13> <FuncUnit> <Opcode : 'add' 'sub'> <InPorts = 2> <OutPorts = 1>
ST_4 : Operation 410 [1/1] (2.13ns) (out node of the LUT)   --->   "%inputacc_ifo_51 = add i14 %tmpres_state_51, i14 %tmpres_51" [firmware/nnet_utils/nnet_recurrent.h:163]   --->   Operation 410 'add' 'inputacc_ifo_51' <Predicate = true> <Delay = 2.13> <CoreInst = "Adder">   --->   Core 1 'Adder' <Latency = 0> <II = 1> <Delay = 2.13> <FuncUnit> <Opcode : 'add' 'sub'> <InPorts = 2> <OutPorts = 1>
ST_4 : Operation 411 [1/1] (2.13ns) (out node of the LUT)   --->   "%inputacc_ifo_52 = add i14 %tmpres_state_52, i14 %tmpres_52" [firmware/nnet_utils/nnet_recurrent.h:163]   --->   Operation 411 'add' 'inputacc_ifo_52' <Predicate = true> <Delay = 2.13> <CoreInst = "Adder">   --->   Core 1 'Adder' <Latency = 0> <II = 1> <Delay = 2.13> <FuncUnit> <Opcode : 'add' 'sub'> <InPorts = 2> <OutPorts = 1>
ST_4 : Operation 412 [1/1] (2.13ns) (out node of the LUT)   --->   "%inputacc_ifo_53 = add i14 %tmpres_state_53, i14 %tmpres_53" [firmware/nnet_utils/nnet_recurrent.h:163]   --->   Operation 412 'add' 'inputacc_ifo_53' <Predicate = true> <Delay = 2.13> <CoreInst = "Adder">   --->   Core 1 'Adder' <Latency = 0> <II = 1> <Delay = 2.13> <FuncUnit> <Opcode : 'add' 'sub'> <InPorts = 2> <OutPorts = 1>
ST_4 : Operation 413 [1/1] (2.13ns) (out node of the LUT)   --->   "%inputacc_ifo_54 = add i14 %tmpres_state_54, i14 %tmpres_54" [firmware/nnet_utils/nnet_recurrent.h:163]   --->   Operation 413 'add' 'inputacc_ifo_54' <Predicate = true> <Delay = 2.13> <CoreInst = "Adder">   --->   Core 1 'Adder' <Latency = 0> <II = 1> <Delay = 2.13> <FuncUnit> <Opcode : 'add' 'sub'> <InPorts = 2> <OutPorts = 1>
ST_4 : Operation 414 [1/1] (2.13ns) (out node of the LUT)   --->   "%inputacc_ifo_55 = add i14 %tmpres_state_55, i14 %tmpres_55" [firmware/nnet_utils/nnet_recurrent.h:163]   --->   Operation 414 'add' 'inputacc_ifo_55' <Predicate = true> <Delay = 2.13> <CoreInst = "Adder">   --->   Core 1 'Adder' <Latency = 0> <II = 1> <Delay = 2.13> <FuncUnit> <Opcode : 'add' 'sub'> <InPorts = 2> <OutPorts = 1>
ST_4 : Operation 415 [1/1] (2.13ns) (out node of the LUT)   --->   "%inputacc_ifo_56 = add i14 %tmpres_state_56, i14 %tmpres_56" [firmware/nnet_utils/nnet_recurrent.h:163]   --->   Operation 415 'add' 'inputacc_ifo_56' <Predicate = true> <Delay = 2.13> <CoreInst = "Adder">   --->   Core 1 'Adder' <Latency = 0> <II = 1> <Delay = 2.13> <FuncUnit> <Opcode : 'add' 'sub'> <InPorts = 2> <OutPorts = 1>
ST_4 : Operation 416 [1/1] (2.13ns) (out node of the LUT)   --->   "%inputacc_ifo_57 = add i14 %tmpres_state_57, i14 %tmpres_57" [firmware/nnet_utils/nnet_recurrent.h:163]   --->   Operation 416 'add' 'inputacc_ifo_57' <Predicate = true> <Delay = 2.13> <CoreInst = "Adder">   --->   Core 1 'Adder' <Latency = 0> <II = 1> <Delay = 2.13> <FuncUnit> <Opcode : 'add' 'sub'> <InPorts = 2> <OutPorts = 1>
ST_4 : Operation 417 [1/1] (2.13ns) (out node of the LUT)   --->   "%inputacc_ifo_58 = add i14 %tmpres_state_58, i14 %tmpres_58" [firmware/nnet_utils/nnet_recurrent.h:163]   --->   Operation 417 'add' 'inputacc_ifo_58' <Predicate = true> <Delay = 2.13> <CoreInst = "Adder">   --->   Core 1 'Adder' <Latency = 0> <II = 1> <Delay = 2.13> <FuncUnit> <Opcode : 'add' 'sub'> <InPorts = 2> <OutPorts = 1>
ST_4 : Operation 418 [1/1] (2.13ns) (out node of the LUT)   --->   "%inputacc_ifo_59 = add i14 %tmpres_state_59, i14 %tmpres_59" [firmware/nnet_utils/nnet_recurrent.h:163]   --->   Operation 418 'add' 'inputacc_ifo_59' <Predicate = true> <Delay = 2.13> <CoreInst = "Adder">   --->   Core 1 'Adder' <Latency = 0> <II = 1> <Delay = 2.13> <FuncUnit> <Opcode : 'add' 'sub'> <InPorts = 2> <OutPorts = 1>
ST_4 : Operation 419 [1/1] (2.13ns) (out node of the LUT)   --->   "%inputacc_ifo_60 = add i14 %tmpres_state_60, i14 %tmpres_60" [firmware/nnet_utils/nnet_recurrent.h:163]   --->   Operation 419 'add' 'inputacc_ifo_60' <Predicate = true> <Delay = 2.13> <CoreInst = "Adder">   --->   Core 1 'Adder' <Latency = 0> <II = 1> <Delay = 2.13> <FuncUnit> <Opcode : 'add' 'sub'> <InPorts = 2> <OutPorts = 1>
ST_4 : Operation 420 [1/1] (2.13ns) (out node of the LUT)   --->   "%inputacc_ifo_61 = add i14 %tmpres_state_61, i14 %tmpres_61" [firmware/nnet_utils/nnet_recurrent.h:163]   --->   Operation 420 'add' 'inputacc_ifo_61' <Predicate = true> <Delay = 2.13> <CoreInst = "Adder">   --->   Core 1 'Adder' <Latency = 0> <II = 1> <Delay = 2.13> <FuncUnit> <Opcode : 'add' 'sub'> <InPorts = 2> <OutPorts = 1>
ST_4 : Operation 421 [1/1] (2.13ns) (out node of the LUT)   --->   "%inputacc_ifo_62 = add i14 %tmpres_state_62, i14 %tmpres_62" [firmware/nnet_utils/nnet_recurrent.h:163]   --->   Operation 421 'add' 'inputacc_ifo_62' <Predicate = true> <Delay = 2.13> <CoreInst = "Adder">   --->   Core 1 'Adder' <Latency = 0> <II = 1> <Delay = 2.13> <FuncUnit> <Opcode : 'add' 'sub'> <InPorts = 2> <OutPorts = 1>
ST_4 : Operation 422 [1/1] (2.13ns) (out node of the LUT)   --->   "%inputacc_ifo_63 = add i14 %tmpres_state_63, i14 %tmpres_63" [firmware/nnet_utils/nnet_recurrent.h:163]   --->   Operation 422 'add' 'inputacc_ifo_63' <Predicate = true> <Delay = 2.13> <CoreInst = "Adder">   --->   Core 1 'Adder' <Latency = 0> <II = 1> <Delay = 2.13> <FuncUnit> <Opcode : 'add' 'sub'> <InPorts = 2> <OutPorts = 1>
ST_4 : Operation 423 [1/1] (2.13ns) (out node of the LUT)   --->   "%inputacc_ifo_64 = add i14 %tmpres_state_96, i14 %tmpres_96" [firmware/nnet_utils/nnet_recurrent.h:163]   --->   Operation 423 'add' 'inputacc_ifo_64' <Predicate = true> <Delay = 2.13> <CoreInst = "Adder">   --->   Core 1 'Adder' <Latency = 0> <II = 1> <Delay = 2.13> <FuncUnit> <Opcode : 'add' 'sub'> <InPorts = 2> <OutPorts = 1>
ST_4 : Operation 424 [1/1] (2.13ns) (out node of the LUT)   --->   "%inputacc_ifo_65 = add i14 %tmpres_state_97, i14 %tmpres_97" [firmware/nnet_utils/nnet_recurrent.h:163]   --->   Operation 424 'add' 'inputacc_ifo_65' <Predicate = true> <Delay = 2.13> <CoreInst = "Adder">   --->   Core 1 'Adder' <Latency = 0> <II = 1> <Delay = 2.13> <FuncUnit> <Opcode : 'add' 'sub'> <InPorts = 2> <OutPorts = 1>
ST_4 : Operation 425 [1/1] (2.13ns) (out node of the LUT)   --->   "%inputacc_ifo_66 = add i14 %tmpres_state_98, i14 %tmpres_98" [firmware/nnet_utils/nnet_recurrent.h:163]   --->   Operation 425 'add' 'inputacc_ifo_66' <Predicate = true> <Delay = 2.13> <CoreInst = "Adder">   --->   Core 1 'Adder' <Latency = 0> <II = 1> <Delay = 2.13> <FuncUnit> <Opcode : 'add' 'sub'> <InPorts = 2> <OutPorts = 1>
ST_4 : Operation 426 [1/1] (2.13ns) (out node of the LUT)   --->   "%inputacc_ifo_67 = add i14 %tmpres_state_99, i14 %tmpres_99" [firmware/nnet_utils/nnet_recurrent.h:163]   --->   Operation 426 'add' 'inputacc_ifo_67' <Predicate = true> <Delay = 2.13> <CoreInst = "Adder">   --->   Core 1 'Adder' <Latency = 0> <II = 1> <Delay = 2.13> <FuncUnit> <Opcode : 'add' 'sub'> <InPorts = 2> <OutPorts = 1>
ST_4 : Operation 427 [1/1] (2.13ns) (out node of the LUT)   --->   "%inputacc_ifo_68 = add i14 %tmpres_state_100, i14 %tmpres_100" [firmware/nnet_utils/nnet_recurrent.h:163]   --->   Operation 427 'add' 'inputacc_ifo_68' <Predicate = true> <Delay = 2.13> <CoreInst = "Adder">   --->   Core 1 'Adder' <Latency = 0> <II = 1> <Delay = 2.13> <FuncUnit> <Opcode : 'add' 'sub'> <InPorts = 2> <OutPorts = 1>
ST_4 : Operation 428 [1/1] (2.13ns) (out node of the LUT)   --->   "%inputacc_ifo_69 = add i14 %tmpres_state_101, i14 %tmpres_101" [firmware/nnet_utils/nnet_recurrent.h:163]   --->   Operation 428 'add' 'inputacc_ifo_69' <Predicate = true> <Delay = 2.13> <CoreInst = "Adder">   --->   Core 1 'Adder' <Latency = 0> <II = 1> <Delay = 2.13> <FuncUnit> <Opcode : 'add' 'sub'> <InPorts = 2> <OutPorts = 1>
ST_4 : Operation 429 [1/1] (2.13ns) (out node of the LUT)   --->   "%inputacc_ifo_70 = add i14 %tmpres_state_102, i14 %tmpres_102" [firmware/nnet_utils/nnet_recurrent.h:163]   --->   Operation 429 'add' 'inputacc_ifo_70' <Predicate = true> <Delay = 2.13> <CoreInst = "Adder">   --->   Core 1 'Adder' <Latency = 0> <II = 1> <Delay = 2.13> <FuncUnit> <Opcode : 'add' 'sub'> <InPorts = 2> <OutPorts = 1>
ST_4 : Operation 430 [1/1] (2.13ns) (out node of the LUT)   --->   "%inputacc_ifo_71 = add i14 %tmpres_state_103, i14 %tmpres_103" [firmware/nnet_utils/nnet_recurrent.h:163]   --->   Operation 430 'add' 'inputacc_ifo_71' <Predicate = true> <Delay = 2.13> <CoreInst = "Adder">   --->   Core 1 'Adder' <Latency = 0> <II = 1> <Delay = 2.13> <FuncUnit> <Opcode : 'add' 'sub'> <InPorts = 2> <OutPorts = 1>
ST_4 : Operation 431 [1/1] (2.13ns) (out node of the LUT)   --->   "%inputacc_ifo_72 = add i14 %tmpres_state_104, i14 %tmpres_104" [firmware/nnet_utils/nnet_recurrent.h:163]   --->   Operation 431 'add' 'inputacc_ifo_72' <Predicate = true> <Delay = 2.13> <CoreInst = "Adder">   --->   Core 1 'Adder' <Latency = 0> <II = 1> <Delay = 2.13> <FuncUnit> <Opcode : 'add' 'sub'> <InPorts = 2> <OutPorts = 1>
ST_4 : Operation 432 [1/1] (2.13ns) (out node of the LUT)   --->   "%inputacc_ifo_73 = add i14 %tmpres_state_105, i14 %tmpres_105" [firmware/nnet_utils/nnet_recurrent.h:163]   --->   Operation 432 'add' 'inputacc_ifo_73' <Predicate = true> <Delay = 2.13> <CoreInst = "Adder">   --->   Core 1 'Adder' <Latency = 0> <II = 1> <Delay = 2.13> <FuncUnit> <Opcode : 'add' 'sub'> <InPorts = 2> <OutPorts = 1>
ST_4 : Operation 433 [1/1] (2.13ns) (out node of the LUT)   --->   "%inputacc_ifo_74 = add i14 %tmpres_state_106, i14 %tmpres_106" [firmware/nnet_utils/nnet_recurrent.h:163]   --->   Operation 433 'add' 'inputacc_ifo_74' <Predicate = true> <Delay = 2.13> <CoreInst = "Adder">   --->   Core 1 'Adder' <Latency = 0> <II = 1> <Delay = 2.13> <FuncUnit> <Opcode : 'add' 'sub'> <InPorts = 2> <OutPorts = 1>
ST_4 : Operation 434 [1/1] (2.13ns) (out node of the LUT)   --->   "%inputacc_ifo_75 = add i14 %tmpres_state_107, i14 %tmpres_107" [firmware/nnet_utils/nnet_recurrent.h:163]   --->   Operation 434 'add' 'inputacc_ifo_75' <Predicate = true> <Delay = 2.13> <CoreInst = "Adder">   --->   Core 1 'Adder' <Latency = 0> <II = 1> <Delay = 2.13> <FuncUnit> <Opcode : 'add' 'sub'> <InPorts = 2> <OutPorts = 1>
ST_4 : Operation 435 [1/1] (2.13ns) (out node of the LUT)   --->   "%inputacc_ifo_76 = add i14 %tmpres_state_108, i14 %tmpres_108" [firmware/nnet_utils/nnet_recurrent.h:163]   --->   Operation 435 'add' 'inputacc_ifo_76' <Predicate = true> <Delay = 2.13> <CoreInst = "Adder">   --->   Core 1 'Adder' <Latency = 0> <II = 1> <Delay = 2.13> <FuncUnit> <Opcode : 'add' 'sub'> <InPorts = 2> <OutPorts = 1>
ST_4 : Operation 436 [1/1] (2.13ns) (out node of the LUT)   --->   "%inputacc_ifo_77 = add i14 %tmpres_state_109, i14 %tmpres_109" [firmware/nnet_utils/nnet_recurrent.h:163]   --->   Operation 436 'add' 'inputacc_ifo_77' <Predicate = true> <Delay = 2.13> <CoreInst = "Adder">   --->   Core 1 'Adder' <Latency = 0> <II = 1> <Delay = 2.13> <FuncUnit> <Opcode : 'add' 'sub'> <InPorts = 2> <OutPorts = 1>
ST_4 : Operation 437 [1/1] (2.13ns) (out node of the LUT)   --->   "%inputacc_ifo_78 = add i14 %tmpres_state_110, i14 %tmpres_110" [firmware/nnet_utils/nnet_recurrent.h:163]   --->   Operation 437 'add' 'inputacc_ifo_78' <Predicate = true> <Delay = 2.13> <CoreInst = "Adder">   --->   Core 1 'Adder' <Latency = 0> <II = 1> <Delay = 2.13> <FuncUnit> <Opcode : 'add' 'sub'> <InPorts = 2> <OutPorts = 1>
ST_4 : Operation 438 [1/1] (2.13ns) (out node of the LUT)   --->   "%inputacc_ifo_79 = add i14 %tmpres_state_111, i14 %tmpres_111" [firmware/nnet_utils/nnet_recurrent.h:163]   --->   Operation 438 'add' 'inputacc_ifo_79' <Predicate = true> <Delay = 2.13> <CoreInst = "Adder">   --->   Core 1 'Adder' <Latency = 0> <II = 1> <Delay = 2.13> <FuncUnit> <Opcode : 'add' 'sub'> <InPorts = 2> <OutPorts = 1>
ST_4 : Operation 439 [1/1] (2.13ns) (out node of the LUT)   --->   "%inputacc_ifo_80 = add i14 %tmpres_state_112, i14 %tmpres_112" [firmware/nnet_utils/nnet_recurrent.h:163]   --->   Operation 439 'add' 'inputacc_ifo_80' <Predicate = true> <Delay = 2.13> <CoreInst = "Adder">   --->   Core 1 'Adder' <Latency = 0> <II = 1> <Delay = 2.13> <FuncUnit> <Opcode : 'add' 'sub'> <InPorts = 2> <OutPorts = 1>
ST_4 : Operation 440 [1/1] (2.13ns) (out node of the LUT)   --->   "%inputacc_ifo_81 = add i14 %tmpres_state_113, i14 %tmpres_113" [firmware/nnet_utils/nnet_recurrent.h:163]   --->   Operation 440 'add' 'inputacc_ifo_81' <Predicate = true> <Delay = 2.13> <CoreInst = "Adder">   --->   Core 1 'Adder' <Latency = 0> <II = 1> <Delay = 2.13> <FuncUnit> <Opcode : 'add' 'sub'> <InPorts = 2> <OutPorts = 1>
ST_4 : Operation 441 [1/1] (2.13ns) (out node of the LUT)   --->   "%inputacc_ifo_82 = add i14 %tmpres_state_114, i14 %tmpres_114" [firmware/nnet_utils/nnet_recurrent.h:163]   --->   Operation 441 'add' 'inputacc_ifo_82' <Predicate = true> <Delay = 2.13> <CoreInst = "Adder">   --->   Core 1 'Adder' <Latency = 0> <II = 1> <Delay = 2.13> <FuncUnit> <Opcode : 'add' 'sub'> <InPorts = 2> <OutPorts = 1>
ST_4 : Operation 442 [1/1] (2.13ns) (out node of the LUT)   --->   "%inputacc_ifo_83 = add i14 %tmpres_state_115, i14 %tmpres_115" [firmware/nnet_utils/nnet_recurrent.h:163]   --->   Operation 442 'add' 'inputacc_ifo_83' <Predicate = true> <Delay = 2.13> <CoreInst = "Adder">   --->   Core 1 'Adder' <Latency = 0> <II = 1> <Delay = 2.13> <FuncUnit> <Opcode : 'add' 'sub'> <InPorts = 2> <OutPorts = 1>
ST_4 : Operation 443 [1/1] (2.13ns) (out node of the LUT)   --->   "%inputacc_ifo_84 = add i14 %tmpres_state_116, i14 %tmpres_116" [firmware/nnet_utils/nnet_recurrent.h:163]   --->   Operation 443 'add' 'inputacc_ifo_84' <Predicate = true> <Delay = 2.13> <CoreInst = "Adder">   --->   Core 1 'Adder' <Latency = 0> <II = 1> <Delay = 2.13> <FuncUnit> <Opcode : 'add' 'sub'> <InPorts = 2> <OutPorts = 1>
ST_4 : Operation 444 [1/1] (2.13ns) (out node of the LUT)   --->   "%inputacc_ifo_85 = add i14 %tmpres_state_117, i14 %tmpres_117" [firmware/nnet_utils/nnet_recurrent.h:163]   --->   Operation 444 'add' 'inputacc_ifo_85' <Predicate = true> <Delay = 2.13> <CoreInst = "Adder">   --->   Core 1 'Adder' <Latency = 0> <II = 1> <Delay = 2.13> <FuncUnit> <Opcode : 'add' 'sub'> <InPorts = 2> <OutPorts = 1>
ST_4 : Operation 445 [1/1] (2.13ns) (out node of the LUT)   --->   "%inputacc_ifo_86 = add i14 %tmpres_state_118, i14 %tmpres_118" [firmware/nnet_utils/nnet_recurrent.h:163]   --->   Operation 445 'add' 'inputacc_ifo_86' <Predicate = true> <Delay = 2.13> <CoreInst = "Adder">   --->   Core 1 'Adder' <Latency = 0> <II = 1> <Delay = 2.13> <FuncUnit> <Opcode : 'add' 'sub'> <InPorts = 2> <OutPorts = 1>
ST_4 : Operation 446 [1/1] (2.13ns) (out node of the LUT)   --->   "%inputacc_ifo_87 = add i14 %tmpres_state_119, i14 %tmpres_119" [firmware/nnet_utils/nnet_recurrent.h:163]   --->   Operation 446 'add' 'inputacc_ifo_87' <Predicate = true> <Delay = 2.13> <CoreInst = "Adder">   --->   Core 1 'Adder' <Latency = 0> <II = 1> <Delay = 2.13> <FuncUnit> <Opcode : 'add' 'sub'> <InPorts = 2> <OutPorts = 1>
ST_4 : Operation 447 [1/1] (2.13ns) (out node of the LUT)   --->   "%inputacc_ifo_88 = add i14 %tmpres_state_120, i14 %tmpres_120" [firmware/nnet_utils/nnet_recurrent.h:163]   --->   Operation 447 'add' 'inputacc_ifo_88' <Predicate = true> <Delay = 2.13> <CoreInst = "Adder">   --->   Core 1 'Adder' <Latency = 0> <II = 1> <Delay = 2.13> <FuncUnit> <Opcode : 'add' 'sub'> <InPorts = 2> <OutPorts = 1>
ST_4 : Operation 448 [1/1] (2.13ns) (out node of the LUT)   --->   "%inputacc_ifo_89 = add i14 %tmpres_state_121, i14 %tmpres_121" [firmware/nnet_utils/nnet_recurrent.h:163]   --->   Operation 448 'add' 'inputacc_ifo_89' <Predicate = true> <Delay = 2.13> <CoreInst = "Adder">   --->   Core 1 'Adder' <Latency = 0> <II = 1> <Delay = 2.13> <FuncUnit> <Opcode : 'add' 'sub'> <InPorts = 2> <OutPorts = 1>
ST_4 : Operation 449 [1/1] (2.13ns) (out node of the LUT)   --->   "%inputacc_ifo_90 = add i14 %tmpres_state_122, i14 %tmpres_122" [firmware/nnet_utils/nnet_recurrent.h:163]   --->   Operation 449 'add' 'inputacc_ifo_90' <Predicate = true> <Delay = 2.13> <CoreInst = "Adder">   --->   Core 1 'Adder' <Latency = 0> <II = 1> <Delay = 2.13> <FuncUnit> <Opcode : 'add' 'sub'> <InPorts = 2> <OutPorts = 1>
ST_4 : Operation 450 [1/1] (2.13ns) (out node of the LUT)   --->   "%inputacc_ifo_91 = add i14 %tmpres_state_123, i14 %tmpres_123" [firmware/nnet_utils/nnet_recurrent.h:163]   --->   Operation 450 'add' 'inputacc_ifo_91' <Predicate = true> <Delay = 2.13> <CoreInst = "Adder">   --->   Core 1 'Adder' <Latency = 0> <II = 1> <Delay = 2.13> <FuncUnit> <Opcode : 'add' 'sub'> <InPorts = 2> <OutPorts = 1>
ST_4 : Operation 451 [1/1] (2.13ns) (out node of the LUT)   --->   "%inputacc_ifo_92 = add i14 %tmpres_state_124, i14 %tmpres_124" [firmware/nnet_utils/nnet_recurrent.h:163]   --->   Operation 451 'add' 'inputacc_ifo_92' <Predicate = true> <Delay = 2.13> <CoreInst = "Adder">   --->   Core 1 'Adder' <Latency = 0> <II = 1> <Delay = 2.13> <FuncUnit> <Opcode : 'add' 'sub'> <InPorts = 2> <OutPorts = 1>
ST_4 : Operation 452 [1/1] (2.13ns) (out node of the LUT)   --->   "%inputacc_ifo_93 = add i14 %tmpres_state_125, i14 %tmpres_125" [firmware/nnet_utils/nnet_recurrent.h:163]   --->   Operation 452 'add' 'inputacc_ifo_93' <Predicate = true> <Delay = 2.13> <CoreInst = "Adder">   --->   Core 1 'Adder' <Latency = 0> <II = 1> <Delay = 2.13> <FuncUnit> <Opcode : 'add' 'sub'> <InPorts = 2> <OutPorts = 1>
ST_4 : Operation 453 [1/1] (2.13ns) (out node of the LUT)   --->   "%inputacc_ifo_94 = add i14 %tmpres_state_126, i14 %tmpres_126" [firmware/nnet_utils/nnet_recurrent.h:163]   --->   Operation 453 'add' 'inputacc_ifo_94' <Predicate = true> <Delay = 2.13> <CoreInst = "Adder">   --->   Core 1 'Adder' <Latency = 0> <II = 1> <Delay = 2.13> <FuncUnit> <Opcode : 'add' 'sub'> <InPorts = 2> <OutPorts = 1>
ST_4 : Operation 454 [1/1] (2.13ns) (out node of the LUT)   --->   "%inputacc_ifo_95 = add i14 %tmpres_state_127, i14 %tmpres_127" [firmware/nnet_utils/nnet_recurrent.h:163]   --->   Operation 454 'add' 'inputacc_ifo_95' <Predicate = true> <Delay = 2.13> <CoreInst = "Adder">   --->   Core 1 'Adder' <Latency = 0> <II = 1> <Delay = 2.13> <FuncUnit> <Opcode : 'add' 'sub'> <InPorts = 2> <OutPorts = 1>
ST_4 : Operation 455 [1/1] (2.13ns) (out node of the LUT)   --->   "%inputacc_c = add i14 %tmpres_state_64, i14 %tmpres_64" [firmware/nnet_utils/nnet_recurrent.h:168]   --->   Operation 455 'add' 'inputacc_c' <Predicate = true> <Delay = 2.13> <CoreInst = "Adder">   --->   Core 1 'Adder' <Latency = 0> <II = 1> <Delay = 2.13> <FuncUnit> <Opcode : 'add' 'sub'> <InPorts = 2> <OutPorts = 1>
ST_4 : Operation 456 [1/1] (2.13ns) (out node of the LUT)   --->   "%inputacc_c_1 = add i14 %tmpres_state_65, i14 %tmpres_65" [firmware/nnet_utils/nnet_recurrent.h:168]   --->   Operation 456 'add' 'inputacc_c_1' <Predicate = true> <Delay = 2.13> <CoreInst = "Adder">   --->   Core 1 'Adder' <Latency = 0> <II = 1> <Delay = 2.13> <FuncUnit> <Opcode : 'add' 'sub'> <InPorts = 2> <OutPorts = 1>
ST_4 : Operation 457 [1/1] (2.13ns) (out node of the LUT)   --->   "%inputacc_c_2 = add i14 %tmpres_state_66, i14 %tmpres_66" [firmware/nnet_utils/nnet_recurrent.h:168]   --->   Operation 457 'add' 'inputacc_c_2' <Predicate = true> <Delay = 2.13> <CoreInst = "Adder">   --->   Core 1 'Adder' <Latency = 0> <II = 1> <Delay = 2.13> <FuncUnit> <Opcode : 'add' 'sub'> <InPorts = 2> <OutPorts = 1>
ST_4 : Operation 458 [1/1] (2.13ns) (out node of the LUT)   --->   "%inputacc_c_3 = add i14 %tmpres_state_67, i14 %tmpres_67" [firmware/nnet_utils/nnet_recurrent.h:168]   --->   Operation 458 'add' 'inputacc_c_3' <Predicate = true> <Delay = 2.13> <CoreInst = "Adder">   --->   Core 1 'Adder' <Latency = 0> <II = 1> <Delay = 2.13> <FuncUnit> <Opcode : 'add' 'sub'> <InPorts = 2> <OutPorts = 1>
ST_4 : Operation 459 [1/1] (2.13ns) (out node of the LUT)   --->   "%inputacc_c_4 = add i14 %tmpres_state_68, i14 %tmpres_68" [firmware/nnet_utils/nnet_recurrent.h:168]   --->   Operation 459 'add' 'inputacc_c_4' <Predicate = true> <Delay = 2.13> <CoreInst = "Adder">   --->   Core 1 'Adder' <Latency = 0> <II = 1> <Delay = 2.13> <FuncUnit> <Opcode : 'add' 'sub'> <InPorts = 2> <OutPorts = 1>
ST_4 : Operation 460 [1/1] (2.13ns) (out node of the LUT)   --->   "%inputacc_c_5 = add i14 %tmpres_state_69, i14 %tmpres_69" [firmware/nnet_utils/nnet_recurrent.h:168]   --->   Operation 460 'add' 'inputacc_c_5' <Predicate = true> <Delay = 2.13> <CoreInst = "Adder">   --->   Core 1 'Adder' <Latency = 0> <II = 1> <Delay = 2.13> <FuncUnit> <Opcode : 'add' 'sub'> <InPorts = 2> <OutPorts = 1>
ST_4 : Operation 461 [1/1] (2.13ns) (out node of the LUT)   --->   "%inputacc_c_6 = add i14 %tmpres_state_70, i14 %tmpres_70" [firmware/nnet_utils/nnet_recurrent.h:168]   --->   Operation 461 'add' 'inputacc_c_6' <Predicate = true> <Delay = 2.13> <CoreInst = "Adder">   --->   Core 1 'Adder' <Latency = 0> <II = 1> <Delay = 2.13> <FuncUnit> <Opcode : 'add' 'sub'> <InPorts = 2> <OutPorts = 1>
ST_4 : Operation 462 [1/1] (2.13ns) (out node of the LUT)   --->   "%inputacc_c_7 = add i14 %tmpres_state_71, i14 %tmpres_71" [firmware/nnet_utils/nnet_recurrent.h:168]   --->   Operation 462 'add' 'inputacc_c_7' <Predicate = true> <Delay = 2.13> <CoreInst = "Adder">   --->   Core 1 'Adder' <Latency = 0> <II = 1> <Delay = 2.13> <FuncUnit> <Opcode : 'add' 'sub'> <InPorts = 2> <OutPorts = 1>
ST_4 : Operation 463 [1/1] (2.13ns) (out node of the LUT)   --->   "%inputacc_c_8 = add i14 %tmpres_state_72, i14 %tmpres_72" [firmware/nnet_utils/nnet_recurrent.h:168]   --->   Operation 463 'add' 'inputacc_c_8' <Predicate = true> <Delay = 2.13> <CoreInst = "Adder">   --->   Core 1 'Adder' <Latency = 0> <II = 1> <Delay = 2.13> <FuncUnit> <Opcode : 'add' 'sub'> <InPorts = 2> <OutPorts = 1>
ST_4 : Operation 464 [1/1] (2.13ns) (out node of the LUT)   --->   "%inputacc_c_9 = add i14 %tmpres_state_73, i14 %tmpres_73" [firmware/nnet_utils/nnet_recurrent.h:168]   --->   Operation 464 'add' 'inputacc_c_9' <Predicate = true> <Delay = 2.13> <CoreInst = "Adder">   --->   Core 1 'Adder' <Latency = 0> <II = 1> <Delay = 2.13> <FuncUnit> <Opcode : 'add' 'sub'> <InPorts = 2> <OutPorts = 1>
ST_4 : Operation 465 [1/1] (2.13ns) (out node of the LUT)   --->   "%inputacc_c_10 = add i14 %tmpres_state_74, i14 %tmpres_74" [firmware/nnet_utils/nnet_recurrent.h:168]   --->   Operation 465 'add' 'inputacc_c_10' <Predicate = true> <Delay = 2.13> <CoreInst = "Adder">   --->   Core 1 'Adder' <Latency = 0> <II = 1> <Delay = 2.13> <FuncUnit> <Opcode : 'add' 'sub'> <InPorts = 2> <OutPorts = 1>
ST_4 : Operation 466 [1/1] (2.13ns) (out node of the LUT)   --->   "%inputacc_c_11 = add i14 %tmpres_state_75, i14 %tmpres_75" [firmware/nnet_utils/nnet_recurrent.h:168]   --->   Operation 466 'add' 'inputacc_c_11' <Predicate = true> <Delay = 2.13> <CoreInst = "Adder">   --->   Core 1 'Adder' <Latency = 0> <II = 1> <Delay = 2.13> <FuncUnit> <Opcode : 'add' 'sub'> <InPorts = 2> <OutPorts = 1>
ST_4 : Operation 467 [1/1] (2.13ns) (out node of the LUT)   --->   "%inputacc_c_12 = add i14 %tmpres_state_76, i14 %tmpres_76" [firmware/nnet_utils/nnet_recurrent.h:168]   --->   Operation 467 'add' 'inputacc_c_12' <Predicate = true> <Delay = 2.13> <CoreInst = "Adder">   --->   Core 1 'Adder' <Latency = 0> <II = 1> <Delay = 2.13> <FuncUnit> <Opcode : 'add' 'sub'> <InPorts = 2> <OutPorts = 1>
ST_4 : Operation 468 [1/1] (2.13ns) (out node of the LUT)   --->   "%inputacc_c_13 = add i14 %tmpres_state_77, i14 %tmpres_77" [firmware/nnet_utils/nnet_recurrent.h:168]   --->   Operation 468 'add' 'inputacc_c_13' <Predicate = true> <Delay = 2.13> <CoreInst = "Adder">   --->   Core 1 'Adder' <Latency = 0> <II = 1> <Delay = 2.13> <FuncUnit> <Opcode : 'add' 'sub'> <InPorts = 2> <OutPorts = 1>
ST_4 : Operation 469 [1/1] (2.13ns) (out node of the LUT)   --->   "%inputacc_c_14 = add i14 %tmpres_state_78, i14 %tmpres_78" [firmware/nnet_utils/nnet_recurrent.h:168]   --->   Operation 469 'add' 'inputacc_c_14' <Predicate = true> <Delay = 2.13> <CoreInst = "Adder">   --->   Core 1 'Adder' <Latency = 0> <II = 1> <Delay = 2.13> <FuncUnit> <Opcode : 'add' 'sub'> <InPorts = 2> <OutPorts = 1>
ST_4 : Operation 470 [1/1] (2.13ns) (out node of the LUT)   --->   "%inputacc_c_15 = add i14 %tmpres_state_79, i14 %tmpres_79" [firmware/nnet_utils/nnet_recurrent.h:168]   --->   Operation 470 'add' 'inputacc_c_15' <Predicate = true> <Delay = 2.13> <CoreInst = "Adder">   --->   Core 1 'Adder' <Latency = 0> <II = 1> <Delay = 2.13> <FuncUnit> <Opcode : 'add' 'sub'> <InPorts = 2> <OutPorts = 1>
ST_4 : Operation 471 [1/1] (2.13ns) (out node of the LUT)   --->   "%inputacc_c_16 = add i14 %tmpres_state_80, i14 %tmpres_80" [firmware/nnet_utils/nnet_recurrent.h:168]   --->   Operation 471 'add' 'inputacc_c_16' <Predicate = true> <Delay = 2.13> <CoreInst = "Adder">   --->   Core 1 'Adder' <Latency = 0> <II = 1> <Delay = 2.13> <FuncUnit> <Opcode : 'add' 'sub'> <InPorts = 2> <OutPorts = 1>
ST_4 : Operation 472 [1/1] (2.13ns) (out node of the LUT)   --->   "%inputacc_c_17 = add i14 %tmpres_state_81, i14 %tmpres_81" [firmware/nnet_utils/nnet_recurrent.h:168]   --->   Operation 472 'add' 'inputacc_c_17' <Predicate = true> <Delay = 2.13> <CoreInst = "Adder">   --->   Core 1 'Adder' <Latency = 0> <II = 1> <Delay = 2.13> <FuncUnit> <Opcode : 'add' 'sub'> <InPorts = 2> <OutPorts = 1>
ST_4 : Operation 473 [1/1] (2.13ns) (out node of the LUT)   --->   "%inputacc_c_18 = add i14 %tmpres_state_82, i14 %tmpres_82" [firmware/nnet_utils/nnet_recurrent.h:168]   --->   Operation 473 'add' 'inputacc_c_18' <Predicate = true> <Delay = 2.13> <CoreInst = "Adder">   --->   Core 1 'Adder' <Latency = 0> <II = 1> <Delay = 2.13> <FuncUnit> <Opcode : 'add' 'sub'> <InPorts = 2> <OutPorts = 1>
ST_4 : Operation 474 [1/1] (2.13ns) (out node of the LUT)   --->   "%inputacc_c_19 = add i14 %tmpres_state_83, i14 %tmpres_83" [firmware/nnet_utils/nnet_recurrent.h:168]   --->   Operation 474 'add' 'inputacc_c_19' <Predicate = true> <Delay = 2.13> <CoreInst = "Adder">   --->   Core 1 'Adder' <Latency = 0> <II = 1> <Delay = 2.13> <FuncUnit> <Opcode : 'add' 'sub'> <InPorts = 2> <OutPorts = 1>
ST_4 : Operation 475 [1/1] (2.13ns) (out node of the LUT)   --->   "%inputacc_c_20 = add i14 %tmpres_state_84, i14 %tmpres_84" [firmware/nnet_utils/nnet_recurrent.h:168]   --->   Operation 475 'add' 'inputacc_c_20' <Predicate = true> <Delay = 2.13> <CoreInst = "Adder">   --->   Core 1 'Adder' <Latency = 0> <II = 1> <Delay = 2.13> <FuncUnit> <Opcode : 'add' 'sub'> <InPorts = 2> <OutPorts = 1>
ST_4 : Operation 476 [1/1] (2.13ns) (out node of the LUT)   --->   "%inputacc_c_21 = add i14 %tmpres_state_85, i14 %tmpres_85" [firmware/nnet_utils/nnet_recurrent.h:168]   --->   Operation 476 'add' 'inputacc_c_21' <Predicate = true> <Delay = 2.13> <CoreInst = "Adder">   --->   Core 1 'Adder' <Latency = 0> <II = 1> <Delay = 2.13> <FuncUnit> <Opcode : 'add' 'sub'> <InPorts = 2> <OutPorts = 1>
ST_4 : Operation 477 [1/1] (2.13ns) (out node of the LUT)   --->   "%inputacc_c_22 = add i14 %tmpres_state_86, i14 %tmpres_86" [firmware/nnet_utils/nnet_recurrent.h:168]   --->   Operation 477 'add' 'inputacc_c_22' <Predicate = true> <Delay = 2.13> <CoreInst = "Adder">   --->   Core 1 'Adder' <Latency = 0> <II = 1> <Delay = 2.13> <FuncUnit> <Opcode : 'add' 'sub'> <InPorts = 2> <OutPorts = 1>
ST_4 : Operation 478 [1/1] (2.13ns) (out node of the LUT)   --->   "%inputacc_c_23 = add i14 %tmpres_state_87, i14 %tmpres_87" [firmware/nnet_utils/nnet_recurrent.h:168]   --->   Operation 478 'add' 'inputacc_c_23' <Predicate = true> <Delay = 2.13> <CoreInst = "Adder">   --->   Core 1 'Adder' <Latency = 0> <II = 1> <Delay = 2.13> <FuncUnit> <Opcode : 'add' 'sub'> <InPorts = 2> <OutPorts = 1>
ST_4 : Operation 479 [1/1] (2.13ns) (out node of the LUT)   --->   "%inputacc_c_24 = add i14 %tmpres_state_88, i14 %tmpres_88" [firmware/nnet_utils/nnet_recurrent.h:168]   --->   Operation 479 'add' 'inputacc_c_24' <Predicate = true> <Delay = 2.13> <CoreInst = "Adder">   --->   Core 1 'Adder' <Latency = 0> <II = 1> <Delay = 2.13> <FuncUnit> <Opcode : 'add' 'sub'> <InPorts = 2> <OutPorts = 1>
ST_4 : Operation 480 [1/1] (2.13ns) (out node of the LUT)   --->   "%inputacc_c_25 = add i14 %tmpres_state_89, i14 %tmpres_89" [firmware/nnet_utils/nnet_recurrent.h:168]   --->   Operation 480 'add' 'inputacc_c_25' <Predicate = true> <Delay = 2.13> <CoreInst = "Adder">   --->   Core 1 'Adder' <Latency = 0> <II = 1> <Delay = 2.13> <FuncUnit> <Opcode : 'add' 'sub'> <InPorts = 2> <OutPorts = 1>
ST_4 : Operation 481 [1/1] (2.13ns) (out node of the LUT)   --->   "%inputacc_c_26 = add i14 %tmpres_state_90, i14 %tmpres_90" [firmware/nnet_utils/nnet_recurrent.h:168]   --->   Operation 481 'add' 'inputacc_c_26' <Predicate = true> <Delay = 2.13> <CoreInst = "Adder">   --->   Core 1 'Adder' <Latency = 0> <II = 1> <Delay = 2.13> <FuncUnit> <Opcode : 'add' 'sub'> <InPorts = 2> <OutPorts = 1>
ST_4 : Operation 482 [1/1] (2.13ns) (out node of the LUT)   --->   "%inputacc_c_27 = add i14 %tmpres_state_91, i14 %tmpres_91" [firmware/nnet_utils/nnet_recurrent.h:168]   --->   Operation 482 'add' 'inputacc_c_27' <Predicate = true> <Delay = 2.13> <CoreInst = "Adder">   --->   Core 1 'Adder' <Latency = 0> <II = 1> <Delay = 2.13> <FuncUnit> <Opcode : 'add' 'sub'> <InPorts = 2> <OutPorts = 1>
ST_4 : Operation 483 [1/1] (2.13ns) (out node of the LUT)   --->   "%inputacc_c_28 = add i14 %tmpres_state_92, i14 %tmpres_92" [firmware/nnet_utils/nnet_recurrent.h:168]   --->   Operation 483 'add' 'inputacc_c_28' <Predicate = true> <Delay = 2.13> <CoreInst = "Adder">   --->   Core 1 'Adder' <Latency = 0> <II = 1> <Delay = 2.13> <FuncUnit> <Opcode : 'add' 'sub'> <InPorts = 2> <OutPorts = 1>
ST_4 : Operation 484 [1/1] (2.13ns) (out node of the LUT)   --->   "%inputacc_c_29 = add i14 %tmpres_state_93, i14 %tmpres_93" [firmware/nnet_utils/nnet_recurrent.h:168]   --->   Operation 484 'add' 'inputacc_c_29' <Predicate = true> <Delay = 2.13> <CoreInst = "Adder">   --->   Core 1 'Adder' <Latency = 0> <II = 1> <Delay = 2.13> <FuncUnit> <Opcode : 'add' 'sub'> <InPorts = 2> <OutPorts = 1>
ST_4 : Operation 485 [1/1] (2.13ns) (out node of the LUT)   --->   "%inputacc_c_30 = add i14 %tmpres_state_94, i14 %tmpres_94" [firmware/nnet_utils/nnet_recurrent.h:168]   --->   Operation 485 'add' 'inputacc_c_30' <Predicate = true> <Delay = 2.13> <CoreInst = "Adder">   --->   Core 1 'Adder' <Latency = 0> <II = 1> <Delay = 2.13> <FuncUnit> <Opcode : 'add' 'sub'> <InPorts = 2> <OutPorts = 1>
ST_4 : Operation 486 [1/1] (2.13ns) (out node of the LUT)   --->   "%inputacc_c_31 = add i14 %tmpres_state_95, i14 %tmpres_95" [firmware/nnet_utils/nnet_recurrent.h:168]   --->   Operation 486 'add' 'inputacc_c_31' <Predicate = true> <Delay = 2.13> <CoreInst = "Adder">   --->   Core 1 'Adder' <Latency = 0> <II = 1> <Delay = 2.13> <FuncUnit> <Opcode : 'add' 'sub'> <InPorts = 2> <OutPorts = 1>

State 5 <SV = 4> <Delay = 2.13>
ST_5 : Operation 487 [8/8] (2.13ns)   --->   "%call_ret3 = call i1344 @sigmoid<ap_fixed,ap_fixed<14,7,0,3,0>,sigmoid_config2_recr>, i14 %inputacc_ifo, i14 %inputacc_ifo_1, i14 %inputacc_ifo_2, i14 %inputacc_ifo_3, i14 %inputacc_ifo_4, i14 %inputacc_ifo_5, i14 %inputacc_ifo_6, i14 %inputacc_ifo_7, i14 %inputacc_ifo_8, i14 %inputacc_ifo_9, i14 %inputacc_ifo_10, i14 %inputacc_ifo_11, i14 %inputacc_ifo_12, i14 %inputacc_ifo_13, i14 %inputacc_ifo_14, i14 %inputacc_ifo_15, i14 %inputacc_ifo_16, i14 %inputacc_ifo_17, i14 %inputacc_ifo_18, i14 %inputacc_ifo_19, i14 %inputacc_ifo_20, i14 %inputacc_ifo_21, i14 %inputacc_ifo_22, i14 %inputacc_ifo_23, i14 %inputacc_ifo_24, i14 %inputacc_ifo_25, i14 %inputacc_ifo_26, i14 %inputacc_ifo_27, i14 %inputacc_ifo_28, i14 %inputacc_ifo_29, i14 %inputacc_ifo_30, i14 %inputacc_ifo_31, i14 %inputacc_ifo_32, i14 %inputacc_ifo_33, i14 %inputacc_ifo_34, i14 %inputacc_ifo_35, i14 %inputacc_ifo_36, i14 %inputacc_ifo_37, i14 %inputacc_ifo_38, i14 %inputacc_ifo_39, i14 %inputacc_ifo_40, i14 %inputacc_ifo_41, i14 %inputacc_ifo_42, i14 %inputacc_ifo_43, i14 %inputacc_ifo_44, i14 %inputacc_ifo_45, i14 %inputacc_ifo_46, i14 %inputacc_ifo_47, i14 %inputacc_ifo_48, i14 %inputacc_ifo_49, i14 %inputacc_ifo_50, i14 %inputacc_ifo_51, i14 %inputacc_ifo_52, i14 %inputacc_ifo_53, i14 %inputacc_ifo_54, i14 %inputacc_ifo_55, i14 %inputacc_ifo_56, i14 %inputacc_ifo_57, i14 %inputacc_ifo_58, i14 %inputacc_ifo_59, i14 %inputacc_ifo_60, i14 %inputacc_ifo_61, i14 %inputacc_ifo_62, i14 %inputacc_ifo_63, i14 %inputacc_ifo_64, i14 %inputacc_ifo_65, i14 %inputacc_ifo_66, i14 %inputacc_ifo_67, i14 %inputacc_ifo_68, i14 %inputacc_ifo_69, i14 %inputacc_ifo_70, i14 %inputacc_ifo_71, i14 %inputacc_ifo_72, i14 %inputacc_ifo_73, i14 %inputacc_ifo_74, i14 %inputacc_ifo_75, i14 %inputacc_ifo_76, i14 %inputacc_ifo_77, i14 %inputacc_ifo_78, i14 %inputacc_ifo_79, i14 %inputacc_ifo_80, i14 %inputacc_ifo_81, i14 %inputacc_ifo_82, i14 %inputacc_ifo_83, i14 %inputacc_ifo_84, i14 %inputacc_ifo_85, i14 %inputacc_ifo_86, i14 %inputacc_ifo_87, i14 %inputacc_ifo_88, i14 %inputacc_ifo_89, i14 %inputacc_ifo_90, i14 %inputacc_ifo_91, i14 %inputacc_ifo_92, i14 %inputacc_ifo_93, i14 %inputacc_ifo_94, i14 %inputacc_ifo_95, i10 %sigmoid_table" [firmware/nnet_utils/nnet_recr_activations.h:38->firmware/nnet_utils/nnet_recurrent.h:171]   --->   Operation 487 'call' 'call_ret3' <Predicate = true> <Delay = 2.13> <CoreType = "Generic">   --->   Generic Core

State 6 <SV = 5> <Delay = 2.83>
ST_6 : Operation 488 [7/8] (2.82ns)   --->   "%call_ret3 = call i1344 @sigmoid<ap_fixed,ap_fixed<14,7,0,3,0>,sigmoid_config2_recr>, i14 %inputacc_ifo, i14 %inputacc_ifo_1, i14 %inputacc_ifo_2, i14 %inputacc_ifo_3, i14 %inputacc_ifo_4, i14 %inputacc_ifo_5, i14 %inputacc_ifo_6, i14 %inputacc_ifo_7, i14 %inputacc_ifo_8, i14 %inputacc_ifo_9, i14 %inputacc_ifo_10, i14 %inputacc_ifo_11, i14 %inputacc_ifo_12, i14 %inputacc_ifo_13, i14 %inputacc_ifo_14, i14 %inputacc_ifo_15, i14 %inputacc_ifo_16, i14 %inputacc_ifo_17, i14 %inputacc_ifo_18, i14 %inputacc_ifo_19, i14 %inputacc_ifo_20, i14 %inputacc_ifo_21, i14 %inputacc_ifo_22, i14 %inputacc_ifo_23, i14 %inputacc_ifo_24, i14 %inputacc_ifo_25, i14 %inputacc_ifo_26, i14 %inputacc_ifo_27, i14 %inputacc_ifo_28, i14 %inputacc_ifo_29, i14 %inputacc_ifo_30, i14 %inputacc_ifo_31, i14 %inputacc_ifo_32, i14 %inputacc_ifo_33, i14 %inputacc_ifo_34, i14 %inputacc_ifo_35, i14 %inputacc_ifo_36, i14 %inputacc_ifo_37, i14 %inputacc_ifo_38, i14 %inputacc_ifo_39, i14 %inputacc_ifo_40, i14 %inputacc_ifo_41, i14 %inputacc_ifo_42, i14 %inputacc_ifo_43, i14 %inputacc_ifo_44, i14 %inputacc_ifo_45, i14 %inputacc_ifo_46, i14 %inputacc_ifo_47, i14 %inputacc_ifo_48, i14 %inputacc_ifo_49, i14 %inputacc_ifo_50, i14 %inputacc_ifo_51, i14 %inputacc_ifo_52, i14 %inputacc_ifo_53, i14 %inputacc_ifo_54, i14 %inputacc_ifo_55, i14 %inputacc_ifo_56, i14 %inputacc_ifo_57, i14 %inputacc_ifo_58, i14 %inputacc_ifo_59, i14 %inputacc_ifo_60, i14 %inputacc_ifo_61, i14 %inputacc_ifo_62, i14 %inputacc_ifo_63, i14 %inputacc_ifo_64, i14 %inputacc_ifo_65, i14 %inputacc_ifo_66, i14 %inputacc_ifo_67, i14 %inputacc_ifo_68, i14 %inputacc_ifo_69, i14 %inputacc_ifo_70, i14 %inputacc_ifo_71, i14 %inputacc_ifo_72, i14 %inputacc_ifo_73, i14 %inputacc_ifo_74, i14 %inputacc_ifo_75, i14 %inputacc_ifo_76, i14 %inputacc_ifo_77, i14 %inputacc_ifo_78, i14 %inputacc_ifo_79, i14 %inputacc_ifo_80, i14 %inputacc_ifo_81, i14 %inputacc_ifo_82, i14 %inputacc_ifo_83, i14 %inputacc_ifo_84, i14 %inputacc_ifo_85, i14 %inputacc_ifo_86, i14 %inputacc_ifo_87, i14 %inputacc_ifo_88, i14 %inputacc_ifo_89, i14 %inputacc_ifo_90, i14 %inputacc_ifo_91, i14 %inputacc_ifo_92, i14 %inputacc_ifo_93, i14 %inputacc_ifo_94, i14 %inputacc_ifo_95, i10 %sigmoid_table" [firmware/nnet_utils/nnet_recr_activations.h:38->firmware/nnet_utils/nnet_recurrent.h:171]   --->   Operation 488 'call' 'call_ret3' <Predicate = true> <Delay = 2.82> <CoreType = "Generic">   --->   Generic Core
ST_6 : Operation 489 [7/7] (2.83ns)   --->   "%call_ret4 = call i448 @tanh<ap_fixed<14, 7, 0, 3, 0>, ap_fixed<14, 7, 0, 3, 0>, tanh_config2>, i14 %inputacc_c, i14 %inputacc_c_1, i14 %inputacc_c_2, i14 %inputacc_c_3, i14 %inputacc_c_4, i14 %inputacc_c_5, i14 %inputacc_c_6, i14 %inputacc_c_7, i14 %inputacc_c_8, i14 %inputacc_c_9, i14 %inputacc_c_10, i14 %inputacc_c_11, i14 %inputacc_c_12, i14 %inputacc_c_13, i14 %inputacc_c_14, i14 %inputacc_c_15, i14 %inputacc_c_16, i14 %inputacc_c_17, i14 %inputacc_c_18, i14 %inputacc_c_19, i14 %inputacc_c_20, i14 %inputacc_c_21, i14 %inputacc_c_22, i14 %inputacc_c_23, i14 %inputacc_c_24, i14 %inputacc_c_25, i14 %inputacc_c_26, i14 %inputacc_c_27, i14 %inputacc_c_28, i14 %inputacc_c_29, i14 %inputacc_c_30, i14 %inputacc_c_31, i11 %tanh_table" [firmware/nnet_utils/nnet_recr_activations.h:48->firmware/nnet_utils/nnet_recurrent.h:175]   --->   Operation 489 'call' 'call_ret4' <Predicate = true> <Delay = 2.83> <CoreType = "Generic">   --->   Generic Core

State 7 <SV = 6> <Delay = 2.90>
ST_7 : Operation 490 [6/8] (2.82ns)   --->   "%call_ret3 = call i1344 @sigmoid<ap_fixed,ap_fixed<14,7,0,3,0>,sigmoid_config2_recr>, i14 %inputacc_ifo, i14 %inputacc_ifo_1, i14 %inputacc_ifo_2, i14 %inputacc_ifo_3, i14 %inputacc_ifo_4, i14 %inputacc_ifo_5, i14 %inputacc_ifo_6, i14 %inputacc_ifo_7, i14 %inputacc_ifo_8, i14 %inputacc_ifo_9, i14 %inputacc_ifo_10, i14 %inputacc_ifo_11, i14 %inputacc_ifo_12, i14 %inputacc_ifo_13, i14 %inputacc_ifo_14, i14 %inputacc_ifo_15, i14 %inputacc_ifo_16, i14 %inputacc_ifo_17, i14 %inputacc_ifo_18, i14 %inputacc_ifo_19, i14 %inputacc_ifo_20, i14 %inputacc_ifo_21, i14 %inputacc_ifo_22, i14 %inputacc_ifo_23, i14 %inputacc_ifo_24, i14 %inputacc_ifo_25, i14 %inputacc_ifo_26, i14 %inputacc_ifo_27, i14 %inputacc_ifo_28, i14 %inputacc_ifo_29, i14 %inputacc_ifo_30, i14 %inputacc_ifo_31, i14 %inputacc_ifo_32, i14 %inputacc_ifo_33, i14 %inputacc_ifo_34, i14 %inputacc_ifo_35, i14 %inputacc_ifo_36, i14 %inputacc_ifo_37, i14 %inputacc_ifo_38, i14 %inputacc_ifo_39, i14 %inputacc_ifo_40, i14 %inputacc_ifo_41, i14 %inputacc_ifo_42, i14 %inputacc_ifo_43, i14 %inputacc_ifo_44, i14 %inputacc_ifo_45, i14 %inputacc_ifo_46, i14 %inputacc_ifo_47, i14 %inputacc_ifo_48, i14 %inputacc_ifo_49, i14 %inputacc_ifo_50, i14 %inputacc_ifo_51, i14 %inputacc_ifo_52, i14 %inputacc_ifo_53, i14 %inputacc_ifo_54, i14 %inputacc_ifo_55, i14 %inputacc_ifo_56, i14 %inputacc_ifo_57, i14 %inputacc_ifo_58, i14 %inputacc_ifo_59, i14 %inputacc_ifo_60, i14 %inputacc_ifo_61, i14 %inputacc_ifo_62, i14 %inputacc_ifo_63, i14 %inputacc_ifo_64, i14 %inputacc_ifo_65, i14 %inputacc_ifo_66, i14 %inputacc_ifo_67, i14 %inputacc_ifo_68, i14 %inputacc_ifo_69, i14 %inputacc_ifo_70, i14 %inputacc_ifo_71, i14 %inputacc_ifo_72, i14 %inputacc_ifo_73, i14 %inputacc_ifo_74, i14 %inputacc_ifo_75, i14 %inputacc_ifo_76, i14 %inputacc_ifo_77, i14 %inputacc_ifo_78, i14 %inputacc_ifo_79, i14 %inputacc_ifo_80, i14 %inputacc_ifo_81, i14 %inputacc_ifo_82, i14 %inputacc_ifo_83, i14 %inputacc_ifo_84, i14 %inputacc_ifo_85, i14 %inputacc_ifo_86, i14 %inputacc_ifo_87, i14 %inputacc_ifo_88, i14 %inputacc_ifo_89, i14 %inputacc_ifo_90, i14 %inputacc_ifo_91, i14 %inputacc_ifo_92, i14 %inputacc_ifo_93, i14 %inputacc_ifo_94, i14 %inputacc_ifo_95, i10 %sigmoid_table" [firmware/nnet_utils/nnet_recr_activations.h:38->firmware/nnet_utils/nnet_recurrent.h:171]   --->   Operation 490 'call' 'call_ret3' <Predicate = true> <Delay = 2.82> <CoreType = "Generic">   --->   Generic Core
ST_7 : Operation 491 [6/7] (2.90ns)   --->   "%call_ret4 = call i448 @tanh<ap_fixed<14, 7, 0, 3, 0>, ap_fixed<14, 7, 0, 3, 0>, tanh_config2>, i14 %inputacc_c, i14 %inputacc_c_1, i14 %inputacc_c_2, i14 %inputacc_c_3, i14 %inputacc_c_4, i14 %inputacc_c_5, i14 %inputacc_c_6, i14 %inputacc_c_7, i14 %inputacc_c_8, i14 %inputacc_c_9, i14 %inputacc_c_10, i14 %inputacc_c_11, i14 %inputacc_c_12, i14 %inputacc_c_13, i14 %inputacc_c_14, i14 %inputacc_c_15, i14 %inputacc_c_16, i14 %inputacc_c_17, i14 %inputacc_c_18, i14 %inputacc_c_19, i14 %inputacc_c_20, i14 %inputacc_c_21, i14 %inputacc_c_22, i14 %inputacc_c_23, i14 %inputacc_c_24, i14 %inputacc_c_25, i14 %inputacc_c_26, i14 %inputacc_c_27, i14 %inputacc_c_28, i14 %inputacc_c_29, i14 %inputacc_c_30, i14 %inputacc_c_31, i11 %tanh_table" [firmware/nnet_utils/nnet_recr_activations.h:48->firmware/nnet_utils/nnet_recurrent.h:175]   --->   Operation 491 'call' 'call_ret4' <Predicate = true> <Delay = 2.90> <CoreType = "Generic">   --->   Generic Core

State 8 <SV = 7> <Delay = 2.90>
ST_8 : Operation 492 [5/8] (2.82ns)   --->   "%call_ret3 = call i1344 @sigmoid<ap_fixed,ap_fixed<14,7,0,3,0>,sigmoid_config2_recr>, i14 %inputacc_ifo, i14 %inputacc_ifo_1, i14 %inputacc_ifo_2, i14 %inputacc_ifo_3, i14 %inputacc_ifo_4, i14 %inputacc_ifo_5, i14 %inputacc_ifo_6, i14 %inputacc_ifo_7, i14 %inputacc_ifo_8, i14 %inputacc_ifo_9, i14 %inputacc_ifo_10, i14 %inputacc_ifo_11, i14 %inputacc_ifo_12, i14 %inputacc_ifo_13, i14 %inputacc_ifo_14, i14 %inputacc_ifo_15, i14 %inputacc_ifo_16, i14 %inputacc_ifo_17, i14 %inputacc_ifo_18, i14 %inputacc_ifo_19, i14 %inputacc_ifo_20, i14 %inputacc_ifo_21, i14 %inputacc_ifo_22, i14 %inputacc_ifo_23, i14 %inputacc_ifo_24, i14 %inputacc_ifo_25, i14 %inputacc_ifo_26, i14 %inputacc_ifo_27, i14 %inputacc_ifo_28, i14 %inputacc_ifo_29, i14 %inputacc_ifo_30, i14 %inputacc_ifo_31, i14 %inputacc_ifo_32, i14 %inputacc_ifo_33, i14 %inputacc_ifo_34, i14 %inputacc_ifo_35, i14 %inputacc_ifo_36, i14 %inputacc_ifo_37, i14 %inputacc_ifo_38, i14 %inputacc_ifo_39, i14 %inputacc_ifo_40, i14 %inputacc_ifo_41, i14 %inputacc_ifo_42, i14 %inputacc_ifo_43, i14 %inputacc_ifo_44, i14 %inputacc_ifo_45, i14 %inputacc_ifo_46, i14 %inputacc_ifo_47, i14 %inputacc_ifo_48, i14 %inputacc_ifo_49, i14 %inputacc_ifo_50, i14 %inputacc_ifo_51, i14 %inputacc_ifo_52, i14 %inputacc_ifo_53, i14 %inputacc_ifo_54, i14 %inputacc_ifo_55, i14 %inputacc_ifo_56, i14 %inputacc_ifo_57, i14 %inputacc_ifo_58, i14 %inputacc_ifo_59, i14 %inputacc_ifo_60, i14 %inputacc_ifo_61, i14 %inputacc_ifo_62, i14 %inputacc_ifo_63, i14 %inputacc_ifo_64, i14 %inputacc_ifo_65, i14 %inputacc_ifo_66, i14 %inputacc_ifo_67, i14 %inputacc_ifo_68, i14 %inputacc_ifo_69, i14 %inputacc_ifo_70, i14 %inputacc_ifo_71, i14 %inputacc_ifo_72, i14 %inputacc_ifo_73, i14 %inputacc_ifo_74, i14 %inputacc_ifo_75, i14 %inputacc_ifo_76, i14 %inputacc_ifo_77, i14 %inputacc_ifo_78, i14 %inputacc_ifo_79, i14 %inputacc_ifo_80, i14 %inputacc_ifo_81, i14 %inputacc_ifo_82, i14 %inputacc_ifo_83, i14 %inputacc_ifo_84, i14 %inputacc_ifo_85, i14 %inputacc_ifo_86, i14 %inputacc_ifo_87, i14 %inputacc_ifo_88, i14 %inputacc_ifo_89, i14 %inputacc_ifo_90, i14 %inputacc_ifo_91, i14 %inputacc_ifo_92, i14 %inputacc_ifo_93, i14 %inputacc_ifo_94, i14 %inputacc_ifo_95, i10 %sigmoid_table" [firmware/nnet_utils/nnet_recr_activations.h:38->firmware/nnet_utils/nnet_recurrent.h:171]   --->   Operation 492 'call' 'call_ret3' <Predicate = true> <Delay = 2.82> <CoreType = "Generic">   --->   Generic Core
ST_8 : Operation 493 [5/7] (2.90ns)   --->   "%call_ret4 = call i448 @tanh<ap_fixed<14, 7, 0, 3, 0>, ap_fixed<14, 7, 0, 3, 0>, tanh_config2>, i14 %inputacc_c, i14 %inputacc_c_1, i14 %inputacc_c_2, i14 %inputacc_c_3, i14 %inputacc_c_4, i14 %inputacc_c_5, i14 %inputacc_c_6, i14 %inputacc_c_7, i14 %inputacc_c_8, i14 %inputacc_c_9, i14 %inputacc_c_10, i14 %inputacc_c_11, i14 %inputacc_c_12, i14 %inputacc_c_13, i14 %inputacc_c_14, i14 %inputacc_c_15, i14 %inputacc_c_16, i14 %inputacc_c_17, i14 %inputacc_c_18, i14 %inputacc_c_19, i14 %inputacc_c_20, i14 %inputacc_c_21, i14 %inputacc_c_22, i14 %inputacc_c_23, i14 %inputacc_c_24, i14 %inputacc_c_25, i14 %inputacc_c_26, i14 %inputacc_c_27, i14 %inputacc_c_28, i14 %inputacc_c_29, i14 %inputacc_c_30, i14 %inputacc_c_31, i11 %tanh_table" [firmware/nnet_utils/nnet_recr_activations.h:48->firmware/nnet_utils/nnet_recurrent.h:175]   --->   Operation 493 'call' 'call_ret4' <Predicate = true> <Delay = 2.90> <CoreType = "Generic">   --->   Generic Core

State 9 <SV = 8> <Delay = 2.90>
ST_9 : Operation 494 [4/8] (2.82ns)   --->   "%call_ret3 = call i1344 @sigmoid<ap_fixed,ap_fixed<14,7,0,3,0>,sigmoid_config2_recr>, i14 %inputacc_ifo, i14 %inputacc_ifo_1, i14 %inputacc_ifo_2, i14 %inputacc_ifo_3, i14 %inputacc_ifo_4, i14 %inputacc_ifo_5, i14 %inputacc_ifo_6, i14 %inputacc_ifo_7, i14 %inputacc_ifo_8, i14 %inputacc_ifo_9, i14 %inputacc_ifo_10, i14 %inputacc_ifo_11, i14 %inputacc_ifo_12, i14 %inputacc_ifo_13, i14 %inputacc_ifo_14, i14 %inputacc_ifo_15, i14 %inputacc_ifo_16, i14 %inputacc_ifo_17, i14 %inputacc_ifo_18, i14 %inputacc_ifo_19, i14 %inputacc_ifo_20, i14 %inputacc_ifo_21, i14 %inputacc_ifo_22, i14 %inputacc_ifo_23, i14 %inputacc_ifo_24, i14 %inputacc_ifo_25, i14 %inputacc_ifo_26, i14 %inputacc_ifo_27, i14 %inputacc_ifo_28, i14 %inputacc_ifo_29, i14 %inputacc_ifo_30, i14 %inputacc_ifo_31, i14 %inputacc_ifo_32, i14 %inputacc_ifo_33, i14 %inputacc_ifo_34, i14 %inputacc_ifo_35, i14 %inputacc_ifo_36, i14 %inputacc_ifo_37, i14 %inputacc_ifo_38, i14 %inputacc_ifo_39, i14 %inputacc_ifo_40, i14 %inputacc_ifo_41, i14 %inputacc_ifo_42, i14 %inputacc_ifo_43, i14 %inputacc_ifo_44, i14 %inputacc_ifo_45, i14 %inputacc_ifo_46, i14 %inputacc_ifo_47, i14 %inputacc_ifo_48, i14 %inputacc_ifo_49, i14 %inputacc_ifo_50, i14 %inputacc_ifo_51, i14 %inputacc_ifo_52, i14 %inputacc_ifo_53, i14 %inputacc_ifo_54, i14 %inputacc_ifo_55, i14 %inputacc_ifo_56, i14 %inputacc_ifo_57, i14 %inputacc_ifo_58, i14 %inputacc_ifo_59, i14 %inputacc_ifo_60, i14 %inputacc_ifo_61, i14 %inputacc_ifo_62, i14 %inputacc_ifo_63, i14 %inputacc_ifo_64, i14 %inputacc_ifo_65, i14 %inputacc_ifo_66, i14 %inputacc_ifo_67, i14 %inputacc_ifo_68, i14 %inputacc_ifo_69, i14 %inputacc_ifo_70, i14 %inputacc_ifo_71, i14 %inputacc_ifo_72, i14 %inputacc_ifo_73, i14 %inputacc_ifo_74, i14 %inputacc_ifo_75, i14 %inputacc_ifo_76, i14 %inputacc_ifo_77, i14 %inputacc_ifo_78, i14 %inputacc_ifo_79, i14 %inputacc_ifo_80, i14 %inputacc_ifo_81, i14 %inputacc_ifo_82, i14 %inputacc_ifo_83, i14 %inputacc_ifo_84, i14 %inputacc_ifo_85, i14 %inputacc_ifo_86, i14 %inputacc_ifo_87, i14 %inputacc_ifo_88, i14 %inputacc_ifo_89, i14 %inputacc_ifo_90, i14 %inputacc_ifo_91, i14 %inputacc_ifo_92, i14 %inputacc_ifo_93, i14 %inputacc_ifo_94, i14 %inputacc_ifo_95, i10 %sigmoid_table" [firmware/nnet_utils/nnet_recr_activations.h:38->firmware/nnet_utils/nnet_recurrent.h:171]   --->   Operation 494 'call' 'call_ret3' <Predicate = true> <Delay = 2.82> <CoreType = "Generic">   --->   Generic Core
ST_9 : Operation 495 [4/7] (2.90ns)   --->   "%call_ret4 = call i448 @tanh<ap_fixed<14, 7, 0, 3, 0>, ap_fixed<14, 7, 0, 3, 0>, tanh_config2>, i14 %inputacc_c, i14 %inputacc_c_1, i14 %inputacc_c_2, i14 %inputacc_c_3, i14 %inputacc_c_4, i14 %inputacc_c_5, i14 %inputacc_c_6, i14 %inputacc_c_7, i14 %inputacc_c_8, i14 %inputacc_c_9, i14 %inputacc_c_10, i14 %inputacc_c_11, i14 %inputacc_c_12, i14 %inputacc_c_13, i14 %inputacc_c_14, i14 %inputacc_c_15, i14 %inputacc_c_16, i14 %inputacc_c_17, i14 %inputacc_c_18, i14 %inputacc_c_19, i14 %inputacc_c_20, i14 %inputacc_c_21, i14 %inputacc_c_22, i14 %inputacc_c_23, i14 %inputacc_c_24, i14 %inputacc_c_25, i14 %inputacc_c_26, i14 %inputacc_c_27, i14 %inputacc_c_28, i14 %inputacc_c_29, i14 %inputacc_c_30, i14 %inputacc_c_31, i11 %tanh_table" [firmware/nnet_utils/nnet_recr_activations.h:48->firmware/nnet_utils/nnet_recurrent.h:175]   --->   Operation 495 'call' 'call_ret4' <Predicate = true> <Delay = 2.90> <CoreType = "Generic">   --->   Generic Core

State 10 <SV = 9> <Delay = 2.90>
ST_10 : Operation 496 [3/8] (2.82ns)   --->   "%call_ret3 = call i1344 @sigmoid<ap_fixed,ap_fixed<14,7,0,3,0>,sigmoid_config2_recr>, i14 %inputacc_ifo, i14 %inputacc_ifo_1, i14 %inputacc_ifo_2, i14 %inputacc_ifo_3, i14 %inputacc_ifo_4, i14 %inputacc_ifo_5, i14 %inputacc_ifo_6, i14 %inputacc_ifo_7, i14 %inputacc_ifo_8, i14 %inputacc_ifo_9, i14 %inputacc_ifo_10, i14 %inputacc_ifo_11, i14 %inputacc_ifo_12, i14 %inputacc_ifo_13, i14 %inputacc_ifo_14, i14 %inputacc_ifo_15, i14 %inputacc_ifo_16, i14 %inputacc_ifo_17, i14 %inputacc_ifo_18, i14 %inputacc_ifo_19, i14 %inputacc_ifo_20, i14 %inputacc_ifo_21, i14 %inputacc_ifo_22, i14 %inputacc_ifo_23, i14 %inputacc_ifo_24, i14 %inputacc_ifo_25, i14 %inputacc_ifo_26, i14 %inputacc_ifo_27, i14 %inputacc_ifo_28, i14 %inputacc_ifo_29, i14 %inputacc_ifo_30, i14 %inputacc_ifo_31, i14 %inputacc_ifo_32, i14 %inputacc_ifo_33, i14 %inputacc_ifo_34, i14 %inputacc_ifo_35, i14 %inputacc_ifo_36, i14 %inputacc_ifo_37, i14 %inputacc_ifo_38, i14 %inputacc_ifo_39, i14 %inputacc_ifo_40, i14 %inputacc_ifo_41, i14 %inputacc_ifo_42, i14 %inputacc_ifo_43, i14 %inputacc_ifo_44, i14 %inputacc_ifo_45, i14 %inputacc_ifo_46, i14 %inputacc_ifo_47, i14 %inputacc_ifo_48, i14 %inputacc_ifo_49, i14 %inputacc_ifo_50, i14 %inputacc_ifo_51, i14 %inputacc_ifo_52, i14 %inputacc_ifo_53, i14 %inputacc_ifo_54, i14 %inputacc_ifo_55, i14 %inputacc_ifo_56, i14 %inputacc_ifo_57, i14 %inputacc_ifo_58, i14 %inputacc_ifo_59, i14 %inputacc_ifo_60, i14 %inputacc_ifo_61, i14 %inputacc_ifo_62, i14 %inputacc_ifo_63, i14 %inputacc_ifo_64, i14 %inputacc_ifo_65, i14 %inputacc_ifo_66, i14 %inputacc_ifo_67, i14 %inputacc_ifo_68, i14 %inputacc_ifo_69, i14 %inputacc_ifo_70, i14 %inputacc_ifo_71, i14 %inputacc_ifo_72, i14 %inputacc_ifo_73, i14 %inputacc_ifo_74, i14 %inputacc_ifo_75, i14 %inputacc_ifo_76, i14 %inputacc_ifo_77, i14 %inputacc_ifo_78, i14 %inputacc_ifo_79, i14 %inputacc_ifo_80, i14 %inputacc_ifo_81, i14 %inputacc_ifo_82, i14 %inputacc_ifo_83, i14 %inputacc_ifo_84, i14 %inputacc_ifo_85, i14 %inputacc_ifo_86, i14 %inputacc_ifo_87, i14 %inputacc_ifo_88, i14 %inputacc_ifo_89, i14 %inputacc_ifo_90, i14 %inputacc_ifo_91, i14 %inputacc_ifo_92, i14 %inputacc_ifo_93, i14 %inputacc_ifo_94, i14 %inputacc_ifo_95, i10 %sigmoid_table" [firmware/nnet_utils/nnet_recr_activations.h:38->firmware/nnet_utils/nnet_recurrent.h:171]   --->   Operation 496 'call' 'call_ret3' <Predicate = true> <Delay = 2.82> <CoreType = "Generic">   --->   Generic Core
ST_10 : Operation 497 [3/7] (2.90ns)   --->   "%call_ret4 = call i448 @tanh<ap_fixed<14, 7, 0, 3, 0>, ap_fixed<14, 7, 0, 3, 0>, tanh_config2>, i14 %inputacc_c, i14 %inputacc_c_1, i14 %inputacc_c_2, i14 %inputacc_c_3, i14 %inputacc_c_4, i14 %inputacc_c_5, i14 %inputacc_c_6, i14 %inputacc_c_7, i14 %inputacc_c_8, i14 %inputacc_c_9, i14 %inputacc_c_10, i14 %inputacc_c_11, i14 %inputacc_c_12, i14 %inputacc_c_13, i14 %inputacc_c_14, i14 %inputacc_c_15, i14 %inputacc_c_16, i14 %inputacc_c_17, i14 %inputacc_c_18, i14 %inputacc_c_19, i14 %inputacc_c_20, i14 %inputacc_c_21, i14 %inputacc_c_22, i14 %inputacc_c_23, i14 %inputacc_c_24, i14 %inputacc_c_25, i14 %inputacc_c_26, i14 %inputacc_c_27, i14 %inputacc_c_28, i14 %inputacc_c_29, i14 %inputacc_c_30, i14 %inputacc_c_31, i11 %tanh_table" [firmware/nnet_utils/nnet_recr_activations.h:48->firmware/nnet_utils/nnet_recurrent.h:175]   --->   Operation 497 'call' 'call_ret4' <Predicate = true> <Delay = 2.90> <CoreType = "Generic">   --->   Generic Core

State 11 <SV = 10> <Delay = 2.90>
ST_11 : Operation 498 [2/8] (2.82ns)   --->   "%call_ret3 = call i1344 @sigmoid<ap_fixed,ap_fixed<14,7,0,3,0>,sigmoid_config2_recr>, i14 %inputacc_ifo, i14 %inputacc_ifo_1, i14 %inputacc_ifo_2, i14 %inputacc_ifo_3, i14 %inputacc_ifo_4, i14 %inputacc_ifo_5, i14 %inputacc_ifo_6, i14 %inputacc_ifo_7, i14 %inputacc_ifo_8, i14 %inputacc_ifo_9, i14 %inputacc_ifo_10, i14 %inputacc_ifo_11, i14 %inputacc_ifo_12, i14 %inputacc_ifo_13, i14 %inputacc_ifo_14, i14 %inputacc_ifo_15, i14 %inputacc_ifo_16, i14 %inputacc_ifo_17, i14 %inputacc_ifo_18, i14 %inputacc_ifo_19, i14 %inputacc_ifo_20, i14 %inputacc_ifo_21, i14 %inputacc_ifo_22, i14 %inputacc_ifo_23, i14 %inputacc_ifo_24, i14 %inputacc_ifo_25, i14 %inputacc_ifo_26, i14 %inputacc_ifo_27, i14 %inputacc_ifo_28, i14 %inputacc_ifo_29, i14 %inputacc_ifo_30, i14 %inputacc_ifo_31, i14 %inputacc_ifo_32, i14 %inputacc_ifo_33, i14 %inputacc_ifo_34, i14 %inputacc_ifo_35, i14 %inputacc_ifo_36, i14 %inputacc_ifo_37, i14 %inputacc_ifo_38, i14 %inputacc_ifo_39, i14 %inputacc_ifo_40, i14 %inputacc_ifo_41, i14 %inputacc_ifo_42, i14 %inputacc_ifo_43, i14 %inputacc_ifo_44, i14 %inputacc_ifo_45, i14 %inputacc_ifo_46, i14 %inputacc_ifo_47, i14 %inputacc_ifo_48, i14 %inputacc_ifo_49, i14 %inputacc_ifo_50, i14 %inputacc_ifo_51, i14 %inputacc_ifo_52, i14 %inputacc_ifo_53, i14 %inputacc_ifo_54, i14 %inputacc_ifo_55, i14 %inputacc_ifo_56, i14 %inputacc_ifo_57, i14 %inputacc_ifo_58, i14 %inputacc_ifo_59, i14 %inputacc_ifo_60, i14 %inputacc_ifo_61, i14 %inputacc_ifo_62, i14 %inputacc_ifo_63, i14 %inputacc_ifo_64, i14 %inputacc_ifo_65, i14 %inputacc_ifo_66, i14 %inputacc_ifo_67, i14 %inputacc_ifo_68, i14 %inputacc_ifo_69, i14 %inputacc_ifo_70, i14 %inputacc_ifo_71, i14 %inputacc_ifo_72, i14 %inputacc_ifo_73, i14 %inputacc_ifo_74, i14 %inputacc_ifo_75, i14 %inputacc_ifo_76, i14 %inputacc_ifo_77, i14 %inputacc_ifo_78, i14 %inputacc_ifo_79, i14 %inputacc_ifo_80, i14 %inputacc_ifo_81, i14 %inputacc_ifo_82, i14 %inputacc_ifo_83, i14 %inputacc_ifo_84, i14 %inputacc_ifo_85, i14 %inputacc_ifo_86, i14 %inputacc_ifo_87, i14 %inputacc_ifo_88, i14 %inputacc_ifo_89, i14 %inputacc_ifo_90, i14 %inputacc_ifo_91, i14 %inputacc_ifo_92, i14 %inputacc_ifo_93, i14 %inputacc_ifo_94, i14 %inputacc_ifo_95, i10 %sigmoid_table" [firmware/nnet_utils/nnet_recr_activations.h:38->firmware/nnet_utils/nnet_recurrent.h:171]   --->   Operation 498 'call' 'call_ret3' <Predicate = true> <Delay = 2.82> <CoreType = "Generic">   --->   Generic Core
ST_11 : Operation 499 [2/7] (2.90ns)   --->   "%call_ret4 = call i448 @tanh<ap_fixed<14, 7, 0, 3, 0>, ap_fixed<14, 7, 0, 3, 0>, tanh_config2>, i14 %inputacc_c, i14 %inputacc_c_1, i14 %inputacc_c_2, i14 %inputacc_c_3, i14 %inputacc_c_4, i14 %inputacc_c_5, i14 %inputacc_c_6, i14 %inputacc_c_7, i14 %inputacc_c_8, i14 %inputacc_c_9, i14 %inputacc_c_10, i14 %inputacc_c_11, i14 %inputacc_c_12, i14 %inputacc_c_13, i14 %inputacc_c_14, i14 %inputacc_c_15, i14 %inputacc_c_16, i14 %inputacc_c_17, i14 %inputacc_c_18, i14 %inputacc_c_19, i14 %inputacc_c_20, i14 %inputacc_c_21, i14 %inputacc_c_22, i14 %inputacc_c_23, i14 %inputacc_c_24, i14 %inputacc_c_25, i14 %inputacc_c_26, i14 %inputacc_c_27, i14 %inputacc_c_28, i14 %inputacc_c_29, i14 %inputacc_c_30, i14 %inputacc_c_31, i11 %tanh_table" [firmware/nnet_utils/nnet_recr_activations.h:48->firmware/nnet_utils/nnet_recurrent.h:175]   --->   Operation 499 'call' 'call_ret4' <Predicate = true> <Delay = 2.90> <CoreType = "Generic">   --->   Generic Core

State 12 <SV = 11> <Delay = 2.11>
ST_12 : Operation 500 [1/8] (2.03ns)   --->   "%call_ret3 = call i1344 @sigmoid<ap_fixed,ap_fixed<14,7,0,3,0>,sigmoid_config2_recr>, i14 %inputacc_ifo, i14 %inputacc_ifo_1, i14 %inputacc_ifo_2, i14 %inputacc_ifo_3, i14 %inputacc_ifo_4, i14 %inputacc_ifo_5, i14 %inputacc_ifo_6, i14 %inputacc_ifo_7, i14 %inputacc_ifo_8, i14 %inputacc_ifo_9, i14 %inputacc_ifo_10, i14 %inputacc_ifo_11, i14 %inputacc_ifo_12, i14 %inputacc_ifo_13, i14 %inputacc_ifo_14, i14 %inputacc_ifo_15, i14 %inputacc_ifo_16, i14 %inputacc_ifo_17, i14 %inputacc_ifo_18, i14 %inputacc_ifo_19, i14 %inputacc_ifo_20, i14 %inputacc_ifo_21, i14 %inputacc_ifo_22, i14 %inputacc_ifo_23, i14 %inputacc_ifo_24, i14 %inputacc_ifo_25, i14 %inputacc_ifo_26, i14 %inputacc_ifo_27, i14 %inputacc_ifo_28, i14 %inputacc_ifo_29, i14 %inputacc_ifo_30, i14 %inputacc_ifo_31, i14 %inputacc_ifo_32, i14 %inputacc_ifo_33, i14 %inputacc_ifo_34, i14 %inputacc_ifo_35, i14 %inputacc_ifo_36, i14 %inputacc_ifo_37, i14 %inputacc_ifo_38, i14 %inputacc_ifo_39, i14 %inputacc_ifo_40, i14 %inputacc_ifo_41, i14 %inputacc_ifo_42, i14 %inputacc_ifo_43, i14 %inputacc_ifo_44, i14 %inputacc_ifo_45, i14 %inputacc_ifo_46, i14 %inputacc_ifo_47, i14 %inputacc_ifo_48, i14 %inputacc_ifo_49, i14 %inputacc_ifo_50, i14 %inputacc_ifo_51, i14 %inputacc_ifo_52, i14 %inputacc_ifo_53, i14 %inputacc_ifo_54, i14 %inputacc_ifo_55, i14 %inputacc_ifo_56, i14 %inputacc_ifo_57, i14 %inputacc_ifo_58, i14 %inputacc_ifo_59, i14 %inputacc_ifo_60, i14 %inputacc_ifo_61, i14 %inputacc_ifo_62, i14 %inputacc_ifo_63, i14 %inputacc_ifo_64, i14 %inputacc_ifo_65, i14 %inputacc_ifo_66, i14 %inputacc_ifo_67, i14 %inputacc_ifo_68, i14 %inputacc_ifo_69, i14 %inputacc_ifo_70, i14 %inputacc_ifo_71, i14 %inputacc_ifo_72, i14 %inputacc_ifo_73, i14 %inputacc_ifo_74, i14 %inputacc_ifo_75, i14 %inputacc_ifo_76, i14 %inputacc_ifo_77, i14 %inputacc_ifo_78, i14 %inputacc_ifo_79, i14 %inputacc_ifo_80, i14 %inputacc_ifo_81, i14 %inputacc_ifo_82, i14 %inputacc_ifo_83, i14 %inputacc_ifo_84, i14 %inputacc_ifo_85, i14 %inputacc_ifo_86, i14 %inputacc_ifo_87, i14 %inputacc_ifo_88, i14 %inputacc_ifo_89, i14 %inputacc_ifo_90, i14 %inputacc_ifo_91, i14 %inputacc_ifo_92, i14 %inputacc_ifo_93, i14 %inputacc_ifo_94, i14 %inputacc_ifo_95, i10 %sigmoid_table" [firmware/nnet_utils/nnet_recr_activations.h:38->firmware/nnet_utils/nnet_recurrent.h:171]   --->   Operation 500 'call' 'call_ret3' <Predicate = true> <Delay = 2.03> <CoreType = "Generic">   --->   Generic Core
ST_12 : Operation 501 [1/1] (0.00ns)   --->   "%tmpres_ifo = extractvalue i1344 %call_ret3" [firmware/nnet_utils/nnet_recr_activations.h:38->firmware/nnet_utils/nnet_recurrent.h:171]   --->   Operation 501 'extractvalue' 'tmpres_ifo' <Predicate = true> <Delay = 0.00>
ST_12 : Operation 502 [1/1] (0.00ns)   --->   "%tmpres_ifo_1 = extractvalue i1344 %call_ret3" [firmware/nnet_utils/nnet_recr_activations.h:38->firmware/nnet_utils/nnet_recurrent.h:171]   --->   Operation 502 'extractvalue' 'tmpres_ifo_1' <Predicate = true> <Delay = 0.00>
ST_12 : Operation 503 [1/1] (0.00ns)   --->   "%tmpres_ifo_2 = extractvalue i1344 %call_ret3" [firmware/nnet_utils/nnet_recr_activations.h:38->firmware/nnet_utils/nnet_recurrent.h:171]   --->   Operation 503 'extractvalue' 'tmpres_ifo_2' <Predicate = true> <Delay = 0.00>
ST_12 : Operation 504 [1/1] (0.00ns)   --->   "%tmpres_ifo_3 = extractvalue i1344 %call_ret3" [firmware/nnet_utils/nnet_recr_activations.h:38->firmware/nnet_utils/nnet_recurrent.h:171]   --->   Operation 504 'extractvalue' 'tmpres_ifo_3' <Predicate = true> <Delay = 0.00>
ST_12 : Operation 505 [1/1] (0.00ns)   --->   "%tmpres_ifo_4 = extractvalue i1344 %call_ret3" [firmware/nnet_utils/nnet_recr_activations.h:38->firmware/nnet_utils/nnet_recurrent.h:171]   --->   Operation 505 'extractvalue' 'tmpres_ifo_4' <Predicate = true> <Delay = 0.00>
ST_12 : Operation 506 [1/1] (0.00ns)   --->   "%tmpres_ifo_5 = extractvalue i1344 %call_ret3" [firmware/nnet_utils/nnet_recr_activations.h:38->firmware/nnet_utils/nnet_recurrent.h:171]   --->   Operation 506 'extractvalue' 'tmpres_ifo_5' <Predicate = true> <Delay = 0.00>
ST_12 : Operation 507 [1/1] (0.00ns)   --->   "%tmpres_ifo_6 = extractvalue i1344 %call_ret3" [firmware/nnet_utils/nnet_recr_activations.h:38->firmware/nnet_utils/nnet_recurrent.h:171]   --->   Operation 507 'extractvalue' 'tmpres_ifo_6' <Predicate = true> <Delay = 0.00>
ST_12 : Operation 508 [1/1] (0.00ns)   --->   "%tmpres_ifo_7 = extractvalue i1344 %call_ret3" [firmware/nnet_utils/nnet_recr_activations.h:38->firmware/nnet_utils/nnet_recurrent.h:171]   --->   Operation 508 'extractvalue' 'tmpres_ifo_7' <Predicate = true> <Delay = 0.00>
ST_12 : Operation 509 [1/1] (0.00ns)   --->   "%tmpres_ifo_8 = extractvalue i1344 %call_ret3" [firmware/nnet_utils/nnet_recr_activations.h:38->firmware/nnet_utils/nnet_recurrent.h:171]   --->   Operation 509 'extractvalue' 'tmpres_ifo_8' <Predicate = true> <Delay = 0.00>
ST_12 : Operation 510 [1/1] (0.00ns)   --->   "%tmpres_ifo_9 = extractvalue i1344 %call_ret3" [firmware/nnet_utils/nnet_recr_activations.h:38->firmware/nnet_utils/nnet_recurrent.h:171]   --->   Operation 510 'extractvalue' 'tmpres_ifo_9' <Predicate = true> <Delay = 0.00>
ST_12 : Operation 511 [1/1] (0.00ns)   --->   "%tmpres_ifo_10 = extractvalue i1344 %call_ret3" [firmware/nnet_utils/nnet_recr_activations.h:38->firmware/nnet_utils/nnet_recurrent.h:171]   --->   Operation 511 'extractvalue' 'tmpres_ifo_10' <Predicate = true> <Delay = 0.00>
ST_12 : Operation 512 [1/1] (0.00ns)   --->   "%tmpres_ifo_11 = extractvalue i1344 %call_ret3" [firmware/nnet_utils/nnet_recr_activations.h:38->firmware/nnet_utils/nnet_recurrent.h:171]   --->   Operation 512 'extractvalue' 'tmpres_ifo_11' <Predicate = true> <Delay = 0.00>
ST_12 : Operation 513 [1/1] (0.00ns)   --->   "%tmpres_ifo_12 = extractvalue i1344 %call_ret3" [firmware/nnet_utils/nnet_recr_activations.h:38->firmware/nnet_utils/nnet_recurrent.h:171]   --->   Operation 513 'extractvalue' 'tmpres_ifo_12' <Predicate = true> <Delay = 0.00>
ST_12 : Operation 514 [1/1] (0.00ns)   --->   "%tmpres_ifo_13 = extractvalue i1344 %call_ret3" [firmware/nnet_utils/nnet_recr_activations.h:38->firmware/nnet_utils/nnet_recurrent.h:171]   --->   Operation 514 'extractvalue' 'tmpres_ifo_13' <Predicate = true> <Delay = 0.00>
ST_12 : Operation 515 [1/1] (0.00ns)   --->   "%tmpres_ifo_14 = extractvalue i1344 %call_ret3" [firmware/nnet_utils/nnet_recr_activations.h:38->firmware/nnet_utils/nnet_recurrent.h:171]   --->   Operation 515 'extractvalue' 'tmpres_ifo_14' <Predicate = true> <Delay = 0.00>
ST_12 : Operation 516 [1/1] (0.00ns)   --->   "%tmpres_ifo_15 = extractvalue i1344 %call_ret3" [firmware/nnet_utils/nnet_recr_activations.h:38->firmware/nnet_utils/nnet_recurrent.h:171]   --->   Operation 516 'extractvalue' 'tmpres_ifo_15' <Predicate = true> <Delay = 0.00>
ST_12 : Operation 517 [1/1] (0.00ns)   --->   "%tmpres_ifo_16 = extractvalue i1344 %call_ret3" [firmware/nnet_utils/nnet_recr_activations.h:38->firmware/nnet_utils/nnet_recurrent.h:171]   --->   Operation 517 'extractvalue' 'tmpres_ifo_16' <Predicate = true> <Delay = 0.00>
ST_12 : Operation 518 [1/1] (0.00ns)   --->   "%tmpres_ifo_17 = extractvalue i1344 %call_ret3" [firmware/nnet_utils/nnet_recr_activations.h:38->firmware/nnet_utils/nnet_recurrent.h:171]   --->   Operation 518 'extractvalue' 'tmpres_ifo_17' <Predicate = true> <Delay = 0.00>
ST_12 : Operation 519 [1/1] (0.00ns)   --->   "%tmpres_ifo_18 = extractvalue i1344 %call_ret3" [firmware/nnet_utils/nnet_recr_activations.h:38->firmware/nnet_utils/nnet_recurrent.h:171]   --->   Operation 519 'extractvalue' 'tmpres_ifo_18' <Predicate = true> <Delay = 0.00>
ST_12 : Operation 520 [1/1] (0.00ns)   --->   "%tmpres_ifo_19 = extractvalue i1344 %call_ret3" [firmware/nnet_utils/nnet_recr_activations.h:38->firmware/nnet_utils/nnet_recurrent.h:171]   --->   Operation 520 'extractvalue' 'tmpres_ifo_19' <Predicate = true> <Delay = 0.00>
ST_12 : Operation 521 [1/1] (0.00ns)   --->   "%tmpres_ifo_20 = extractvalue i1344 %call_ret3" [firmware/nnet_utils/nnet_recr_activations.h:38->firmware/nnet_utils/nnet_recurrent.h:171]   --->   Operation 521 'extractvalue' 'tmpres_ifo_20' <Predicate = true> <Delay = 0.00>
ST_12 : Operation 522 [1/1] (0.00ns)   --->   "%tmpres_ifo_21 = extractvalue i1344 %call_ret3" [firmware/nnet_utils/nnet_recr_activations.h:38->firmware/nnet_utils/nnet_recurrent.h:171]   --->   Operation 522 'extractvalue' 'tmpres_ifo_21' <Predicate = true> <Delay = 0.00>
ST_12 : Operation 523 [1/1] (0.00ns)   --->   "%tmpres_ifo_22 = extractvalue i1344 %call_ret3" [firmware/nnet_utils/nnet_recr_activations.h:38->firmware/nnet_utils/nnet_recurrent.h:171]   --->   Operation 523 'extractvalue' 'tmpres_ifo_22' <Predicate = true> <Delay = 0.00>
ST_12 : Operation 524 [1/1] (0.00ns)   --->   "%tmpres_ifo_23 = extractvalue i1344 %call_ret3" [firmware/nnet_utils/nnet_recr_activations.h:38->firmware/nnet_utils/nnet_recurrent.h:171]   --->   Operation 524 'extractvalue' 'tmpres_ifo_23' <Predicate = true> <Delay = 0.00>
ST_12 : Operation 525 [1/1] (0.00ns)   --->   "%tmpres_ifo_24 = extractvalue i1344 %call_ret3" [firmware/nnet_utils/nnet_recr_activations.h:38->firmware/nnet_utils/nnet_recurrent.h:171]   --->   Operation 525 'extractvalue' 'tmpres_ifo_24' <Predicate = true> <Delay = 0.00>
ST_12 : Operation 526 [1/1] (0.00ns)   --->   "%tmpres_ifo_25 = extractvalue i1344 %call_ret3" [firmware/nnet_utils/nnet_recr_activations.h:38->firmware/nnet_utils/nnet_recurrent.h:171]   --->   Operation 526 'extractvalue' 'tmpres_ifo_25' <Predicate = true> <Delay = 0.00>
ST_12 : Operation 527 [1/1] (0.00ns)   --->   "%tmpres_ifo_26 = extractvalue i1344 %call_ret3" [firmware/nnet_utils/nnet_recr_activations.h:38->firmware/nnet_utils/nnet_recurrent.h:171]   --->   Operation 527 'extractvalue' 'tmpres_ifo_26' <Predicate = true> <Delay = 0.00>
ST_12 : Operation 528 [1/1] (0.00ns)   --->   "%tmpres_ifo_27 = extractvalue i1344 %call_ret3" [firmware/nnet_utils/nnet_recr_activations.h:38->firmware/nnet_utils/nnet_recurrent.h:171]   --->   Operation 528 'extractvalue' 'tmpres_ifo_27' <Predicate = true> <Delay = 0.00>
ST_12 : Operation 529 [1/1] (0.00ns)   --->   "%tmpres_ifo_28 = extractvalue i1344 %call_ret3" [firmware/nnet_utils/nnet_recr_activations.h:38->firmware/nnet_utils/nnet_recurrent.h:171]   --->   Operation 529 'extractvalue' 'tmpres_ifo_28' <Predicate = true> <Delay = 0.00>
ST_12 : Operation 530 [1/1] (0.00ns)   --->   "%tmpres_ifo_29 = extractvalue i1344 %call_ret3" [firmware/nnet_utils/nnet_recr_activations.h:38->firmware/nnet_utils/nnet_recurrent.h:171]   --->   Operation 530 'extractvalue' 'tmpres_ifo_29' <Predicate = true> <Delay = 0.00>
ST_12 : Operation 531 [1/1] (0.00ns)   --->   "%tmpres_ifo_30 = extractvalue i1344 %call_ret3" [firmware/nnet_utils/nnet_recr_activations.h:38->firmware/nnet_utils/nnet_recurrent.h:171]   --->   Operation 531 'extractvalue' 'tmpres_ifo_30' <Predicate = true> <Delay = 0.00>
ST_12 : Operation 532 [1/1] (0.00ns)   --->   "%tmpres_ifo_31 = extractvalue i1344 %call_ret3" [firmware/nnet_utils/nnet_recr_activations.h:38->firmware/nnet_utils/nnet_recurrent.h:171]   --->   Operation 532 'extractvalue' 'tmpres_ifo_31' <Predicate = true> <Delay = 0.00>
ST_12 : Operation 533 [1/1] (0.00ns)   --->   "%tmpres_ifo_32 = extractvalue i1344 %call_ret3" [firmware/nnet_utils/nnet_recr_activations.h:38->firmware/nnet_utils/nnet_recurrent.h:171]   --->   Operation 533 'extractvalue' 'tmpres_ifo_32' <Predicate = true> <Delay = 0.00>
ST_12 : Operation 534 [1/1] (0.00ns)   --->   "%tmpres_ifo_33 = extractvalue i1344 %call_ret3" [firmware/nnet_utils/nnet_recr_activations.h:38->firmware/nnet_utils/nnet_recurrent.h:171]   --->   Operation 534 'extractvalue' 'tmpres_ifo_33' <Predicate = true> <Delay = 0.00>
ST_12 : Operation 535 [1/1] (0.00ns)   --->   "%tmpres_ifo_34 = extractvalue i1344 %call_ret3" [firmware/nnet_utils/nnet_recr_activations.h:38->firmware/nnet_utils/nnet_recurrent.h:171]   --->   Operation 535 'extractvalue' 'tmpres_ifo_34' <Predicate = true> <Delay = 0.00>
ST_12 : Operation 536 [1/1] (0.00ns)   --->   "%tmpres_ifo_35 = extractvalue i1344 %call_ret3" [firmware/nnet_utils/nnet_recr_activations.h:38->firmware/nnet_utils/nnet_recurrent.h:171]   --->   Operation 536 'extractvalue' 'tmpres_ifo_35' <Predicate = true> <Delay = 0.00>
ST_12 : Operation 537 [1/1] (0.00ns)   --->   "%tmpres_ifo_36 = extractvalue i1344 %call_ret3" [firmware/nnet_utils/nnet_recr_activations.h:38->firmware/nnet_utils/nnet_recurrent.h:171]   --->   Operation 537 'extractvalue' 'tmpres_ifo_36' <Predicate = true> <Delay = 0.00>
ST_12 : Operation 538 [1/1] (0.00ns)   --->   "%tmpres_ifo_37 = extractvalue i1344 %call_ret3" [firmware/nnet_utils/nnet_recr_activations.h:38->firmware/nnet_utils/nnet_recurrent.h:171]   --->   Operation 538 'extractvalue' 'tmpres_ifo_37' <Predicate = true> <Delay = 0.00>
ST_12 : Operation 539 [1/1] (0.00ns)   --->   "%tmpres_ifo_38 = extractvalue i1344 %call_ret3" [firmware/nnet_utils/nnet_recr_activations.h:38->firmware/nnet_utils/nnet_recurrent.h:171]   --->   Operation 539 'extractvalue' 'tmpres_ifo_38' <Predicate = true> <Delay = 0.00>
ST_12 : Operation 540 [1/1] (0.00ns)   --->   "%tmpres_ifo_39 = extractvalue i1344 %call_ret3" [firmware/nnet_utils/nnet_recr_activations.h:38->firmware/nnet_utils/nnet_recurrent.h:171]   --->   Operation 540 'extractvalue' 'tmpres_ifo_39' <Predicate = true> <Delay = 0.00>
ST_12 : Operation 541 [1/1] (0.00ns)   --->   "%tmpres_ifo_40 = extractvalue i1344 %call_ret3" [firmware/nnet_utils/nnet_recr_activations.h:38->firmware/nnet_utils/nnet_recurrent.h:171]   --->   Operation 541 'extractvalue' 'tmpres_ifo_40' <Predicate = true> <Delay = 0.00>
ST_12 : Operation 542 [1/1] (0.00ns)   --->   "%tmpres_ifo_41 = extractvalue i1344 %call_ret3" [firmware/nnet_utils/nnet_recr_activations.h:38->firmware/nnet_utils/nnet_recurrent.h:171]   --->   Operation 542 'extractvalue' 'tmpres_ifo_41' <Predicate = true> <Delay = 0.00>
ST_12 : Operation 543 [1/1] (0.00ns)   --->   "%tmpres_ifo_42 = extractvalue i1344 %call_ret3" [firmware/nnet_utils/nnet_recr_activations.h:38->firmware/nnet_utils/nnet_recurrent.h:171]   --->   Operation 543 'extractvalue' 'tmpres_ifo_42' <Predicate = true> <Delay = 0.00>
ST_12 : Operation 544 [1/1] (0.00ns)   --->   "%tmpres_ifo_43 = extractvalue i1344 %call_ret3" [firmware/nnet_utils/nnet_recr_activations.h:38->firmware/nnet_utils/nnet_recurrent.h:171]   --->   Operation 544 'extractvalue' 'tmpres_ifo_43' <Predicate = true> <Delay = 0.00>
ST_12 : Operation 545 [1/1] (0.00ns)   --->   "%tmpres_ifo_44 = extractvalue i1344 %call_ret3" [firmware/nnet_utils/nnet_recr_activations.h:38->firmware/nnet_utils/nnet_recurrent.h:171]   --->   Operation 545 'extractvalue' 'tmpres_ifo_44' <Predicate = true> <Delay = 0.00>
ST_12 : Operation 546 [1/1] (0.00ns)   --->   "%tmpres_ifo_45 = extractvalue i1344 %call_ret3" [firmware/nnet_utils/nnet_recr_activations.h:38->firmware/nnet_utils/nnet_recurrent.h:171]   --->   Operation 546 'extractvalue' 'tmpres_ifo_45' <Predicate = true> <Delay = 0.00>
ST_12 : Operation 547 [1/1] (0.00ns)   --->   "%tmpres_ifo_46 = extractvalue i1344 %call_ret3" [firmware/nnet_utils/nnet_recr_activations.h:38->firmware/nnet_utils/nnet_recurrent.h:171]   --->   Operation 547 'extractvalue' 'tmpres_ifo_46' <Predicate = true> <Delay = 0.00>
ST_12 : Operation 548 [1/1] (0.00ns)   --->   "%tmpres_ifo_47 = extractvalue i1344 %call_ret3" [firmware/nnet_utils/nnet_recr_activations.h:38->firmware/nnet_utils/nnet_recurrent.h:171]   --->   Operation 548 'extractvalue' 'tmpres_ifo_47' <Predicate = true> <Delay = 0.00>
ST_12 : Operation 549 [1/1] (0.00ns)   --->   "%tmpres_ifo_48 = extractvalue i1344 %call_ret3" [firmware/nnet_utils/nnet_recr_activations.h:38->firmware/nnet_utils/nnet_recurrent.h:171]   --->   Operation 549 'extractvalue' 'tmpres_ifo_48' <Predicate = true> <Delay = 0.00>
ST_12 : Operation 550 [1/1] (0.00ns)   --->   "%tmpres_ifo_49 = extractvalue i1344 %call_ret3" [firmware/nnet_utils/nnet_recr_activations.h:38->firmware/nnet_utils/nnet_recurrent.h:171]   --->   Operation 550 'extractvalue' 'tmpres_ifo_49' <Predicate = true> <Delay = 0.00>
ST_12 : Operation 551 [1/1] (0.00ns)   --->   "%tmpres_ifo_50 = extractvalue i1344 %call_ret3" [firmware/nnet_utils/nnet_recr_activations.h:38->firmware/nnet_utils/nnet_recurrent.h:171]   --->   Operation 551 'extractvalue' 'tmpres_ifo_50' <Predicate = true> <Delay = 0.00>
ST_12 : Operation 552 [1/1] (0.00ns)   --->   "%tmpres_ifo_51 = extractvalue i1344 %call_ret3" [firmware/nnet_utils/nnet_recr_activations.h:38->firmware/nnet_utils/nnet_recurrent.h:171]   --->   Operation 552 'extractvalue' 'tmpres_ifo_51' <Predicate = true> <Delay = 0.00>
ST_12 : Operation 553 [1/1] (0.00ns)   --->   "%tmpres_ifo_52 = extractvalue i1344 %call_ret3" [firmware/nnet_utils/nnet_recr_activations.h:38->firmware/nnet_utils/nnet_recurrent.h:171]   --->   Operation 553 'extractvalue' 'tmpres_ifo_52' <Predicate = true> <Delay = 0.00>
ST_12 : Operation 554 [1/1] (0.00ns)   --->   "%tmpres_ifo_53 = extractvalue i1344 %call_ret3" [firmware/nnet_utils/nnet_recr_activations.h:38->firmware/nnet_utils/nnet_recurrent.h:171]   --->   Operation 554 'extractvalue' 'tmpres_ifo_53' <Predicate = true> <Delay = 0.00>
ST_12 : Operation 555 [1/1] (0.00ns)   --->   "%tmpres_ifo_54 = extractvalue i1344 %call_ret3" [firmware/nnet_utils/nnet_recr_activations.h:38->firmware/nnet_utils/nnet_recurrent.h:171]   --->   Operation 555 'extractvalue' 'tmpres_ifo_54' <Predicate = true> <Delay = 0.00>
ST_12 : Operation 556 [1/1] (0.00ns)   --->   "%tmpres_ifo_55 = extractvalue i1344 %call_ret3" [firmware/nnet_utils/nnet_recr_activations.h:38->firmware/nnet_utils/nnet_recurrent.h:171]   --->   Operation 556 'extractvalue' 'tmpres_ifo_55' <Predicate = true> <Delay = 0.00>
ST_12 : Operation 557 [1/1] (0.00ns)   --->   "%tmpres_ifo_56 = extractvalue i1344 %call_ret3" [firmware/nnet_utils/nnet_recr_activations.h:38->firmware/nnet_utils/nnet_recurrent.h:171]   --->   Operation 557 'extractvalue' 'tmpres_ifo_56' <Predicate = true> <Delay = 0.00>
ST_12 : Operation 558 [1/1] (0.00ns)   --->   "%tmpres_ifo_57 = extractvalue i1344 %call_ret3" [firmware/nnet_utils/nnet_recr_activations.h:38->firmware/nnet_utils/nnet_recurrent.h:171]   --->   Operation 558 'extractvalue' 'tmpres_ifo_57' <Predicate = true> <Delay = 0.00>
ST_12 : Operation 559 [1/1] (0.00ns)   --->   "%tmpres_ifo_58 = extractvalue i1344 %call_ret3" [firmware/nnet_utils/nnet_recr_activations.h:38->firmware/nnet_utils/nnet_recurrent.h:171]   --->   Operation 559 'extractvalue' 'tmpres_ifo_58' <Predicate = true> <Delay = 0.00>
ST_12 : Operation 560 [1/1] (0.00ns)   --->   "%tmpres_ifo_59 = extractvalue i1344 %call_ret3" [firmware/nnet_utils/nnet_recr_activations.h:38->firmware/nnet_utils/nnet_recurrent.h:171]   --->   Operation 560 'extractvalue' 'tmpres_ifo_59' <Predicate = true> <Delay = 0.00>
ST_12 : Operation 561 [1/1] (0.00ns)   --->   "%tmpres_ifo_60 = extractvalue i1344 %call_ret3" [firmware/nnet_utils/nnet_recr_activations.h:38->firmware/nnet_utils/nnet_recurrent.h:171]   --->   Operation 561 'extractvalue' 'tmpres_ifo_60' <Predicate = true> <Delay = 0.00>
ST_12 : Operation 562 [1/1] (0.00ns)   --->   "%tmpres_ifo_61 = extractvalue i1344 %call_ret3" [firmware/nnet_utils/nnet_recr_activations.h:38->firmware/nnet_utils/nnet_recurrent.h:171]   --->   Operation 562 'extractvalue' 'tmpres_ifo_61' <Predicate = true> <Delay = 0.00>
ST_12 : Operation 563 [1/1] (0.00ns)   --->   "%tmpres_ifo_62 = extractvalue i1344 %call_ret3" [firmware/nnet_utils/nnet_recr_activations.h:38->firmware/nnet_utils/nnet_recurrent.h:171]   --->   Operation 563 'extractvalue' 'tmpres_ifo_62' <Predicate = true> <Delay = 0.00>
ST_12 : Operation 564 [1/1] (0.00ns)   --->   "%tmpres_ifo_63 = extractvalue i1344 %call_ret3" [firmware/nnet_utils/nnet_recr_activations.h:38->firmware/nnet_utils/nnet_recurrent.h:171]   --->   Operation 564 'extractvalue' 'tmpres_ifo_63' <Predicate = true> <Delay = 0.00>
ST_12 : Operation 565 [1/1] (0.00ns)   --->   "%tmpres_ifo_64 = extractvalue i1344 %call_ret3" [firmware/nnet_utils/nnet_recr_activations.h:38->firmware/nnet_utils/nnet_recurrent.h:171]   --->   Operation 565 'extractvalue' 'tmpres_ifo_64' <Predicate = true> <Delay = 0.00>
ST_12 : Operation 566 [1/1] (0.00ns)   --->   "%tmpres_ifo_65 = extractvalue i1344 %call_ret3" [firmware/nnet_utils/nnet_recr_activations.h:38->firmware/nnet_utils/nnet_recurrent.h:171]   --->   Operation 566 'extractvalue' 'tmpres_ifo_65' <Predicate = true> <Delay = 0.00>
ST_12 : Operation 567 [1/1] (0.00ns)   --->   "%tmpres_ifo_66 = extractvalue i1344 %call_ret3" [firmware/nnet_utils/nnet_recr_activations.h:38->firmware/nnet_utils/nnet_recurrent.h:171]   --->   Operation 567 'extractvalue' 'tmpres_ifo_66' <Predicate = true> <Delay = 0.00>
ST_12 : Operation 568 [1/1] (0.00ns)   --->   "%tmpres_ifo_67 = extractvalue i1344 %call_ret3" [firmware/nnet_utils/nnet_recr_activations.h:38->firmware/nnet_utils/nnet_recurrent.h:171]   --->   Operation 568 'extractvalue' 'tmpres_ifo_67' <Predicate = true> <Delay = 0.00>
ST_12 : Operation 569 [1/1] (0.00ns)   --->   "%tmpres_ifo_68 = extractvalue i1344 %call_ret3" [firmware/nnet_utils/nnet_recr_activations.h:38->firmware/nnet_utils/nnet_recurrent.h:171]   --->   Operation 569 'extractvalue' 'tmpres_ifo_68' <Predicate = true> <Delay = 0.00>
ST_12 : Operation 570 [1/1] (0.00ns)   --->   "%tmpres_ifo_69 = extractvalue i1344 %call_ret3" [firmware/nnet_utils/nnet_recr_activations.h:38->firmware/nnet_utils/nnet_recurrent.h:171]   --->   Operation 570 'extractvalue' 'tmpres_ifo_69' <Predicate = true> <Delay = 0.00>
ST_12 : Operation 571 [1/1] (0.00ns)   --->   "%tmpres_ifo_70 = extractvalue i1344 %call_ret3" [firmware/nnet_utils/nnet_recr_activations.h:38->firmware/nnet_utils/nnet_recurrent.h:171]   --->   Operation 571 'extractvalue' 'tmpres_ifo_70' <Predicate = true> <Delay = 0.00>
ST_12 : Operation 572 [1/1] (0.00ns)   --->   "%tmpres_ifo_71 = extractvalue i1344 %call_ret3" [firmware/nnet_utils/nnet_recr_activations.h:38->firmware/nnet_utils/nnet_recurrent.h:171]   --->   Operation 572 'extractvalue' 'tmpres_ifo_71' <Predicate = true> <Delay = 0.00>
ST_12 : Operation 573 [1/1] (0.00ns)   --->   "%tmpres_ifo_72 = extractvalue i1344 %call_ret3" [firmware/nnet_utils/nnet_recr_activations.h:38->firmware/nnet_utils/nnet_recurrent.h:171]   --->   Operation 573 'extractvalue' 'tmpres_ifo_72' <Predicate = true> <Delay = 0.00>
ST_12 : Operation 574 [1/1] (0.00ns)   --->   "%tmpres_ifo_73 = extractvalue i1344 %call_ret3" [firmware/nnet_utils/nnet_recr_activations.h:38->firmware/nnet_utils/nnet_recurrent.h:171]   --->   Operation 574 'extractvalue' 'tmpres_ifo_73' <Predicate = true> <Delay = 0.00>
ST_12 : Operation 575 [1/1] (0.00ns)   --->   "%tmpres_ifo_74 = extractvalue i1344 %call_ret3" [firmware/nnet_utils/nnet_recr_activations.h:38->firmware/nnet_utils/nnet_recurrent.h:171]   --->   Operation 575 'extractvalue' 'tmpres_ifo_74' <Predicate = true> <Delay = 0.00>
ST_12 : Operation 576 [1/1] (0.00ns)   --->   "%tmpres_ifo_75 = extractvalue i1344 %call_ret3" [firmware/nnet_utils/nnet_recr_activations.h:38->firmware/nnet_utils/nnet_recurrent.h:171]   --->   Operation 576 'extractvalue' 'tmpres_ifo_75' <Predicate = true> <Delay = 0.00>
ST_12 : Operation 577 [1/1] (0.00ns)   --->   "%tmpres_ifo_76 = extractvalue i1344 %call_ret3" [firmware/nnet_utils/nnet_recr_activations.h:38->firmware/nnet_utils/nnet_recurrent.h:171]   --->   Operation 577 'extractvalue' 'tmpres_ifo_76' <Predicate = true> <Delay = 0.00>
ST_12 : Operation 578 [1/1] (0.00ns)   --->   "%tmpres_ifo_77 = extractvalue i1344 %call_ret3" [firmware/nnet_utils/nnet_recr_activations.h:38->firmware/nnet_utils/nnet_recurrent.h:171]   --->   Operation 578 'extractvalue' 'tmpres_ifo_77' <Predicate = true> <Delay = 0.00>
ST_12 : Operation 579 [1/1] (0.00ns)   --->   "%tmpres_ifo_78 = extractvalue i1344 %call_ret3" [firmware/nnet_utils/nnet_recr_activations.h:38->firmware/nnet_utils/nnet_recurrent.h:171]   --->   Operation 579 'extractvalue' 'tmpres_ifo_78' <Predicate = true> <Delay = 0.00>
ST_12 : Operation 580 [1/1] (0.00ns)   --->   "%tmpres_ifo_79 = extractvalue i1344 %call_ret3" [firmware/nnet_utils/nnet_recr_activations.h:38->firmware/nnet_utils/nnet_recurrent.h:171]   --->   Operation 580 'extractvalue' 'tmpres_ifo_79' <Predicate = true> <Delay = 0.00>
ST_12 : Operation 581 [1/1] (0.00ns)   --->   "%tmpres_ifo_80 = extractvalue i1344 %call_ret3" [firmware/nnet_utils/nnet_recr_activations.h:38->firmware/nnet_utils/nnet_recurrent.h:171]   --->   Operation 581 'extractvalue' 'tmpres_ifo_80' <Predicate = true> <Delay = 0.00>
ST_12 : Operation 582 [1/1] (0.00ns)   --->   "%tmpres_ifo_81 = extractvalue i1344 %call_ret3" [firmware/nnet_utils/nnet_recr_activations.h:38->firmware/nnet_utils/nnet_recurrent.h:171]   --->   Operation 582 'extractvalue' 'tmpres_ifo_81' <Predicate = true> <Delay = 0.00>
ST_12 : Operation 583 [1/1] (0.00ns)   --->   "%tmpres_ifo_82 = extractvalue i1344 %call_ret3" [firmware/nnet_utils/nnet_recr_activations.h:38->firmware/nnet_utils/nnet_recurrent.h:171]   --->   Operation 583 'extractvalue' 'tmpres_ifo_82' <Predicate = true> <Delay = 0.00>
ST_12 : Operation 584 [1/1] (0.00ns)   --->   "%tmpres_ifo_83 = extractvalue i1344 %call_ret3" [firmware/nnet_utils/nnet_recr_activations.h:38->firmware/nnet_utils/nnet_recurrent.h:171]   --->   Operation 584 'extractvalue' 'tmpres_ifo_83' <Predicate = true> <Delay = 0.00>
ST_12 : Operation 585 [1/1] (0.00ns)   --->   "%tmpres_ifo_84 = extractvalue i1344 %call_ret3" [firmware/nnet_utils/nnet_recr_activations.h:38->firmware/nnet_utils/nnet_recurrent.h:171]   --->   Operation 585 'extractvalue' 'tmpres_ifo_84' <Predicate = true> <Delay = 0.00>
ST_12 : Operation 586 [1/1] (0.00ns)   --->   "%tmpres_ifo_85 = extractvalue i1344 %call_ret3" [firmware/nnet_utils/nnet_recr_activations.h:38->firmware/nnet_utils/nnet_recurrent.h:171]   --->   Operation 586 'extractvalue' 'tmpres_ifo_85' <Predicate = true> <Delay = 0.00>
ST_12 : Operation 587 [1/1] (0.00ns)   --->   "%tmpres_ifo_86 = extractvalue i1344 %call_ret3" [firmware/nnet_utils/nnet_recr_activations.h:38->firmware/nnet_utils/nnet_recurrent.h:171]   --->   Operation 587 'extractvalue' 'tmpres_ifo_86' <Predicate = true> <Delay = 0.00>
ST_12 : Operation 588 [1/1] (0.00ns)   --->   "%tmpres_ifo_87 = extractvalue i1344 %call_ret3" [firmware/nnet_utils/nnet_recr_activations.h:38->firmware/nnet_utils/nnet_recurrent.h:171]   --->   Operation 588 'extractvalue' 'tmpres_ifo_87' <Predicate = true> <Delay = 0.00>
ST_12 : Operation 589 [1/1] (0.00ns)   --->   "%tmpres_ifo_88 = extractvalue i1344 %call_ret3" [firmware/nnet_utils/nnet_recr_activations.h:38->firmware/nnet_utils/nnet_recurrent.h:171]   --->   Operation 589 'extractvalue' 'tmpres_ifo_88' <Predicate = true> <Delay = 0.00>
ST_12 : Operation 590 [1/1] (0.00ns)   --->   "%tmpres_ifo_89 = extractvalue i1344 %call_ret3" [firmware/nnet_utils/nnet_recr_activations.h:38->firmware/nnet_utils/nnet_recurrent.h:171]   --->   Operation 590 'extractvalue' 'tmpres_ifo_89' <Predicate = true> <Delay = 0.00>
ST_12 : Operation 591 [1/1] (0.00ns)   --->   "%tmpres_ifo_90 = extractvalue i1344 %call_ret3" [firmware/nnet_utils/nnet_recr_activations.h:38->firmware/nnet_utils/nnet_recurrent.h:171]   --->   Operation 591 'extractvalue' 'tmpres_ifo_90' <Predicate = true> <Delay = 0.00>
ST_12 : Operation 592 [1/1] (0.00ns)   --->   "%tmpres_ifo_91 = extractvalue i1344 %call_ret3" [firmware/nnet_utils/nnet_recr_activations.h:38->firmware/nnet_utils/nnet_recurrent.h:171]   --->   Operation 592 'extractvalue' 'tmpres_ifo_91' <Predicate = true> <Delay = 0.00>
ST_12 : Operation 593 [1/1] (0.00ns)   --->   "%tmpres_ifo_92 = extractvalue i1344 %call_ret3" [firmware/nnet_utils/nnet_recr_activations.h:38->firmware/nnet_utils/nnet_recurrent.h:171]   --->   Operation 593 'extractvalue' 'tmpres_ifo_92' <Predicate = true> <Delay = 0.00>
ST_12 : Operation 594 [1/1] (0.00ns)   --->   "%tmpres_ifo_93 = extractvalue i1344 %call_ret3" [firmware/nnet_utils/nnet_recr_activations.h:38->firmware/nnet_utils/nnet_recurrent.h:171]   --->   Operation 594 'extractvalue' 'tmpres_ifo_93' <Predicate = true> <Delay = 0.00>
ST_12 : Operation 595 [1/1] (0.00ns)   --->   "%tmpres_ifo_94 = extractvalue i1344 %call_ret3" [firmware/nnet_utils/nnet_recr_activations.h:38->firmware/nnet_utils/nnet_recurrent.h:171]   --->   Operation 595 'extractvalue' 'tmpres_ifo_94' <Predicate = true> <Delay = 0.00>
ST_12 : Operation 596 [1/1] (0.00ns)   --->   "%tmpres_ifo_95 = extractvalue i1344 %call_ret3" [firmware/nnet_utils/nnet_recr_activations.h:38->firmware/nnet_utils/nnet_recurrent.h:171]   --->   Operation 596 'extractvalue' 'tmpres_ifo_95' <Predicate = true> <Delay = 0.00>
ST_12 : Operation 597 [1/7] (2.11ns)   --->   "%call_ret4 = call i448 @tanh<ap_fixed<14, 7, 0, 3, 0>, ap_fixed<14, 7, 0, 3, 0>, tanh_config2>, i14 %inputacc_c, i14 %inputacc_c_1, i14 %inputacc_c_2, i14 %inputacc_c_3, i14 %inputacc_c_4, i14 %inputacc_c_5, i14 %inputacc_c_6, i14 %inputacc_c_7, i14 %inputacc_c_8, i14 %inputacc_c_9, i14 %inputacc_c_10, i14 %inputacc_c_11, i14 %inputacc_c_12, i14 %inputacc_c_13, i14 %inputacc_c_14, i14 %inputacc_c_15, i14 %inputacc_c_16, i14 %inputacc_c_17, i14 %inputacc_c_18, i14 %inputacc_c_19, i14 %inputacc_c_20, i14 %inputacc_c_21, i14 %inputacc_c_22, i14 %inputacc_c_23, i14 %inputacc_c_24, i14 %inputacc_c_25, i14 %inputacc_c_26, i14 %inputacc_c_27, i14 %inputacc_c_28, i14 %inputacc_c_29, i14 %inputacc_c_30, i14 %inputacc_c_31, i11 %tanh_table" [firmware/nnet_utils/nnet_recr_activations.h:48->firmware/nnet_utils/nnet_recurrent.h:175]   --->   Operation 597 'call' 'call_ret4' <Predicate = true> <Delay = 2.11> <CoreType = "Generic">   --->   Generic Core
ST_12 : Operation 598 [1/1] (0.00ns)   --->   "%tmpres_c = extractvalue i448 %call_ret4" [firmware/nnet_utils/nnet_recr_activations.h:48->firmware/nnet_utils/nnet_recurrent.h:175]   --->   Operation 598 'extractvalue' 'tmpres_c' <Predicate = true> <Delay = 0.00>
ST_12 : Operation 599 [1/1] (0.00ns)   --->   "%tmpres_c_1 = extractvalue i448 %call_ret4" [firmware/nnet_utils/nnet_recr_activations.h:48->firmware/nnet_utils/nnet_recurrent.h:175]   --->   Operation 599 'extractvalue' 'tmpres_c_1' <Predicate = true> <Delay = 0.00>
ST_12 : Operation 600 [1/1] (0.00ns)   --->   "%tmpres_c_2 = extractvalue i448 %call_ret4" [firmware/nnet_utils/nnet_recr_activations.h:48->firmware/nnet_utils/nnet_recurrent.h:175]   --->   Operation 600 'extractvalue' 'tmpres_c_2' <Predicate = true> <Delay = 0.00>
ST_12 : Operation 601 [1/1] (0.00ns)   --->   "%tmpres_c_3 = extractvalue i448 %call_ret4" [firmware/nnet_utils/nnet_recr_activations.h:48->firmware/nnet_utils/nnet_recurrent.h:175]   --->   Operation 601 'extractvalue' 'tmpres_c_3' <Predicate = true> <Delay = 0.00>
ST_12 : Operation 602 [1/1] (0.00ns)   --->   "%tmpres_c_4 = extractvalue i448 %call_ret4" [firmware/nnet_utils/nnet_recr_activations.h:48->firmware/nnet_utils/nnet_recurrent.h:175]   --->   Operation 602 'extractvalue' 'tmpres_c_4' <Predicate = true> <Delay = 0.00>
ST_12 : Operation 603 [1/1] (0.00ns)   --->   "%tmpres_c_5 = extractvalue i448 %call_ret4" [firmware/nnet_utils/nnet_recr_activations.h:48->firmware/nnet_utils/nnet_recurrent.h:175]   --->   Operation 603 'extractvalue' 'tmpres_c_5' <Predicate = true> <Delay = 0.00>
ST_12 : Operation 604 [1/1] (0.00ns)   --->   "%tmpres_c_6 = extractvalue i448 %call_ret4" [firmware/nnet_utils/nnet_recr_activations.h:48->firmware/nnet_utils/nnet_recurrent.h:175]   --->   Operation 604 'extractvalue' 'tmpres_c_6' <Predicate = true> <Delay = 0.00>
ST_12 : Operation 605 [1/1] (0.00ns)   --->   "%tmpres_c_7 = extractvalue i448 %call_ret4" [firmware/nnet_utils/nnet_recr_activations.h:48->firmware/nnet_utils/nnet_recurrent.h:175]   --->   Operation 605 'extractvalue' 'tmpres_c_7' <Predicate = true> <Delay = 0.00>
ST_12 : Operation 606 [1/1] (0.00ns)   --->   "%tmpres_c_8 = extractvalue i448 %call_ret4" [firmware/nnet_utils/nnet_recr_activations.h:48->firmware/nnet_utils/nnet_recurrent.h:175]   --->   Operation 606 'extractvalue' 'tmpres_c_8' <Predicate = true> <Delay = 0.00>
ST_12 : Operation 607 [1/1] (0.00ns)   --->   "%tmpres_c_9 = extractvalue i448 %call_ret4" [firmware/nnet_utils/nnet_recr_activations.h:48->firmware/nnet_utils/nnet_recurrent.h:175]   --->   Operation 607 'extractvalue' 'tmpres_c_9' <Predicate = true> <Delay = 0.00>
ST_12 : Operation 608 [1/1] (0.00ns)   --->   "%tmpres_c_10 = extractvalue i448 %call_ret4" [firmware/nnet_utils/nnet_recr_activations.h:48->firmware/nnet_utils/nnet_recurrent.h:175]   --->   Operation 608 'extractvalue' 'tmpres_c_10' <Predicate = true> <Delay = 0.00>
ST_12 : Operation 609 [1/1] (0.00ns)   --->   "%tmpres_c_11 = extractvalue i448 %call_ret4" [firmware/nnet_utils/nnet_recr_activations.h:48->firmware/nnet_utils/nnet_recurrent.h:175]   --->   Operation 609 'extractvalue' 'tmpres_c_11' <Predicate = true> <Delay = 0.00>
ST_12 : Operation 610 [1/1] (0.00ns)   --->   "%tmpres_c_12 = extractvalue i448 %call_ret4" [firmware/nnet_utils/nnet_recr_activations.h:48->firmware/nnet_utils/nnet_recurrent.h:175]   --->   Operation 610 'extractvalue' 'tmpres_c_12' <Predicate = true> <Delay = 0.00>
ST_12 : Operation 611 [1/1] (0.00ns)   --->   "%tmpres_c_13 = extractvalue i448 %call_ret4" [firmware/nnet_utils/nnet_recr_activations.h:48->firmware/nnet_utils/nnet_recurrent.h:175]   --->   Operation 611 'extractvalue' 'tmpres_c_13' <Predicate = true> <Delay = 0.00>
ST_12 : Operation 612 [1/1] (0.00ns)   --->   "%tmpres_c_14 = extractvalue i448 %call_ret4" [firmware/nnet_utils/nnet_recr_activations.h:48->firmware/nnet_utils/nnet_recurrent.h:175]   --->   Operation 612 'extractvalue' 'tmpres_c_14' <Predicate = true> <Delay = 0.00>
ST_12 : Operation 613 [1/1] (0.00ns)   --->   "%tmpres_c_15 = extractvalue i448 %call_ret4" [firmware/nnet_utils/nnet_recr_activations.h:48->firmware/nnet_utils/nnet_recurrent.h:175]   --->   Operation 613 'extractvalue' 'tmpres_c_15' <Predicate = true> <Delay = 0.00>
ST_12 : Operation 614 [1/1] (0.00ns)   --->   "%tmpres_c_16 = extractvalue i448 %call_ret4" [firmware/nnet_utils/nnet_recr_activations.h:48->firmware/nnet_utils/nnet_recurrent.h:175]   --->   Operation 614 'extractvalue' 'tmpres_c_16' <Predicate = true> <Delay = 0.00>
ST_12 : Operation 615 [1/1] (0.00ns)   --->   "%tmpres_c_17 = extractvalue i448 %call_ret4" [firmware/nnet_utils/nnet_recr_activations.h:48->firmware/nnet_utils/nnet_recurrent.h:175]   --->   Operation 615 'extractvalue' 'tmpres_c_17' <Predicate = true> <Delay = 0.00>
ST_12 : Operation 616 [1/1] (0.00ns)   --->   "%tmpres_c_18 = extractvalue i448 %call_ret4" [firmware/nnet_utils/nnet_recr_activations.h:48->firmware/nnet_utils/nnet_recurrent.h:175]   --->   Operation 616 'extractvalue' 'tmpres_c_18' <Predicate = true> <Delay = 0.00>
ST_12 : Operation 617 [1/1] (0.00ns)   --->   "%tmpres_c_19 = extractvalue i448 %call_ret4" [firmware/nnet_utils/nnet_recr_activations.h:48->firmware/nnet_utils/nnet_recurrent.h:175]   --->   Operation 617 'extractvalue' 'tmpres_c_19' <Predicate = true> <Delay = 0.00>
ST_12 : Operation 618 [1/1] (0.00ns)   --->   "%tmpres_c_20 = extractvalue i448 %call_ret4" [firmware/nnet_utils/nnet_recr_activations.h:48->firmware/nnet_utils/nnet_recurrent.h:175]   --->   Operation 618 'extractvalue' 'tmpres_c_20' <Predicate = true> <Delay = 0.00>
ST_12 : Operation 619 [1/1] (0.00ns)   --->   "%tmpres_c_21 = extractvalue i448 %call_ret4" [firmware/nnet_utils/nnet_recr_activations.h:48->firmware/nnet_utils/nnet_recurrent.h:175]   --->   Operation 619 'extractvalue' 'tmpres_c_21' <Predicate = true> <Delay = 0.00>
ST_12 : Operation 620 [1/1] (0.00ns)   --->   "%tmpres_c_22 = extractvalue i448 %call_ret4" [firmware/nnet_utils/nnet_recr_activations.h:48->firmware/nnet_utils/nnet_recurrent.h:175]   --->   Operation 620 'extractvalue' 'tmpres_c_22' <Predicate = true> <Delay = 0.00>
ST_12 : Operation 621 [1/1] (0.00ns)   --->   "%tmpres_c_23 = extractvalue i448 %call_ret4" [firmware/nnet_utils/nnet_recr_activations.h:48->firmware/nnet_utils/nnet_recurrent.h:175]   --->   Operation 621 'extractvalue' 'tmpres_c_23' <Predicate = true> <Delay = 0.00>
ST_12 : Operation 622 [1/1] (0.00ns)   --->   "%tmpres_c_24 = extractvalue i448 %call_ret4" [firmware/nnet_utils/nnet_recr_activations.h:48->firmware/nnet_utils/nnet_recurrent.h:175]   --->   Operation 622 'extractvalue' 'tmpres_c_24' <Predicate = true> <Delay = 0.00>
ST_12 : Operation 623 [1/1] (0.00ns)   --->   "%tmpres_c_25 = extractvalue i448 %call_ret4" [firmware/nnet_utils/nnet_recr_activations.h:48->firmware/nnet_utils/nnet_recurrent.h:175]   --->   Operation 623 'extractvalue' 'tmpres_c_25' <Predicate = true> <Delay = 0.00>
ST_12 : Operation 624 [1/1] (0.00ns)   --->   "%tmpres_c_26 = extractvalue i448 %call_ret4" [firmware/nnet_utils/nnet_recr_activations.h:48->firmware/nnet_utils/nnet_recurrent.h:175]   --->   Operation 624 'extractvalue' 'tmpres_c_26' <Predicate = true> <Delay = 0.00>
ST_12 : Operation 625 [1/1] (0.00ns)   --->   "%tmpres_c_27 = extractvalue i448 %call_ret4" [firmware/nnet_utils/nnet_recr_activations.h:48->firmware/nnet_utils/nnet_recurrent.h:175]   --->   Operation 625 'extractvalue' 'tmpres_c_27' <Predicate = true> <Delay = 0.00>
ST_12 : Operation 626 [1/1] (0.00ns)   --->   "%tmpres_c_28 = extractvalue i448 %call_ret4" [firmware/nnet_utils/nnet_recr_activations.h:48->firmware/nnet_utils/nnet_recurrent.h:175]   --->   Operation 626 'extractvalue' 'tmpres_c_28' <Predicate = true> <Delay = 0.00>
ST_12 : Operation 627 [1/1] (0.00ns)   --->   "%tmpres_c_29 = extractvalue i448 %call_ret4" [firmware/nnet_utils/nnet_recr_activations.h:48->firmware/nnet_utils/nnet_recurrent.h:175]   --->   Operation 627 'extractvalue' 'tmpres_c_29' <Predicate = true> <Delay = 0.00>
ST_12 : Operation 628 [1/1] (0.00ns)   --->   "%tmpres_c_30 = extractvalue i448 %call_ret4" [firmware/nnet_utils/nnet_recr_activations.h:48->firmware/nnet_utils/nnet_recurrent.h:175]   --->   Operation 628 'extractvalue' 'tmpres_c_30' <Predicate = true> <Delay = 0.00>
ST_12 : Operation 629 [1/1] (0.00ns)   --->   "%tmpres_c_31 = extractvalue i448 %call_ret4" [firmware/nnet_utils/nnet_recr_activations.h:48->firmware/nnet_utils/nnet_recurrent.h:175]   --->   Operation 629 'extractvalue' 'tmpres_c_31' <Predicate = true> <Delay = 0.00>

State 13 <SV = 12> <Delay = 1.87>
ST_13 : Operation 630 [1/1] (0.00ns)   --->   "%void_lstm_static_bool_ap_fixed_ap_fixed_ap_fixed_weight_t_recurrent_weight_t_30 = phi i14 0, void %_ZN8ap_fixedILi14ELi7EL9ap_q_mode0EL9ap_o_mode3ELi0EEC2Ei.exit, i14 %void_lstm_static_bool_ap_fixed_ap_fixed_ap_fixed_weight_t_recurrent_weight_t_20, void %entry" [firmware/nnet_utils/nnet_recurrent.h:181]   --->   Operation 630 'phi' 'void_lstm_static_bool_ap_fixed_ap_fixed_ap_fixed_weight_t_recurrent_weight_t_30' <Predicate = true> <Delay = 0.00>
ST_13 : Operation 631 [1/1] (0.00ns)   --->   "%void_lstm_static_bool_ap_fixed_ap_fixed_ap_fixed_weight_t_recurrent_weight_t_31 = phi i14 0, void %_ZN8ap_fixedILi14ELi7EL9ap_q_mode0EL9ap_o_mode3ELi0EEC2Ei.exit, i14 %void_lstm_static_bool_ap_fixed_ap_fixed_ap_fixed_weight_t_recurrent_weight_t_21, void %entry" [firmware/nnet_utils/nnet_recurrent.h:181]   --->   Operation 631 'phi' 'void_lstm_static_bool_ap_fixed_ap_fixed_ap_fixed_weight_t_recurrent_weight_t_31' <Predicate = true> <Delay = 0.00>
ST_13 : Operation 632 [1/1] (0.00ns)   --->   "%void_lstm_static_bool_ap_fixed_ap_fixed_ap_fixed_weight_t_recurrent_weight_t_32 = phi i14 0, void %_ZN8ap_fixedILi14ELi7EL9ap_q_mode0EL9ap_o_mode3ELi0EEC2Ei.exit, i14 %void_lstm_static_bool_ap_fixed_ap_fixed_ap_fixed_weight_t_recurrent_weight_t_22, void %entry" [firmware/nnet_utils/nnet_recurrent.h:181]   --->   Operation 632 'phi' 'void_lstm_static_bool_ap_fixed_ap_fixed_ap_fixed_weight_t_recurrent_weight_t_32' <Predicate = true> <Delay = 0.00>
ST_13 : Operation 633 [1/1] (0.00ns)   --->   "%void_lstm_static_bool_ap_fixed_ap_fixed_ap_fixed_weight_t_recurrent_weight_t_33 = phi i14 0, void %_ZN8ap_fixedILi14ELi7EL9ap_q_mode0EL9ap_o_mode3ELi0EEC2Ei.exit, i14 %void_lstm_static_bool_ap_fixed_ap_fixed_ap_fixed_weight_t_recurrent_weight_t_23, void %entry" [firmware/nnet_utils/nnet_recurrent.h:181]   --->   Operation 633 'phi' 'void_lstm_static_bool_ap_fixed_ap_fixed_ap_fixed_weight_t_recurrent_weight_t_33' <Predicate = true> <Delay = 0.00>
ST_13 : Operation 634 [1/1] (0.00ns)   --->   "%void_lstm_static_bool_ap_fixed_ap_fixed_ap_fixed_weight_t_recurrent_weight_t_34 = phi i14 0, void %_ZN8ap_fixedILi14ELi7EL9ap_q_mode0EL9ap_o_mode3ELi0EEC2Ei.exit, i14 %void_lstm_static_bool_ap_fixed_ap_fixed_ap_fixed_weight_t_recurrent_weight_t_24, void %entry" [firmware/nnet_utils/nnet_recurrent.h:181]   --->   Operation 634 'phi' 'void_lstm_static_bool_ap_fixed_ap_fixed_ap_fixed_weight_t_recurrent_weight_t_34' <Predicate = true> <Delay = 0.00>
ST_13 : Operation 635 [1/1] (0.00ns)   --->   "%void_lstm_static_bool_ap_fixed_ap_fixed_ap_fixed_weight_t_recurrent_weight_t_35 = phi i14 0, void %_ZN8ap_fixedILi14ELi7EL9ap_q_mode0EL9ap_o_mode3ELi0EEC2Ei.exit, i14 %void_lstm_static_bool_ap_fixed_ap_fixed_ap_fixed_weight_t_recurrent_weight_t_25, void %entry" [firmware/nnet_utils/nnet_recurrent.h:181]   --->   Operation 635 'phi' 'void_lstm_static_bool_ap_fixed_ap_fixed_ap_fixed_weight_t_recurrent_weight_t_35' <Predicate = true> <Delay = 0.00>
ST_13 : Operation 636 [1/1] (0.00ns)   --->   "%void_lstm_static_bool_ap_fixed_ap_fixed_ap_fixed_weight_t_recurrent_weight_t_36 = phi i14 0, void %_ZN8ap_fixedILi14ELi7EL9ap_q_mode0EL9ap_o_mode3ELi0EEC2Ei.exit, i14 %void_lstm_static_bool_ap_fixed_ap_fixed_ap_fixed_weight_t_recurrent_weight_t_26, void %entry" [firmware/nnet_utils/nnet_recurrent.h:181]   --->   Operation 636 'phi' 'void_lstm_static_bool_ap_fixed_ap_fixed_ap_fixed_weight_t_recurrent_weight_t_36' <Predicate = true> <Delay = 0.00>
ST_13 : Operation 637 [1/1] (0.00ns)   --->   "%void_lstm_static_bool_ap_fixed_ap_fixed_ap_fixed_weight_t_recurrent_weight_t_37 = phi i14 0, void %_ZN8ap_fixedILi14ELi7EL9ap_q_mode0EL9ap_o_mode3ELi0EEC2Ei.exit, i14 %void_lstm_static_bool_ap_fixed_ap_fixed_ap_fixed_weight_t_recurrent_weight_t_27, void %entry" [firmware/nnet_utils/nnet_recurrent.h:181]   --->   Operation 637 'phi' 'void_lstm_static_bool_ap_fixed_ap_fixed_ap_fixed_weight_t_recurrent_weight_t_37' <Predicate = true> <Delay = 0.00>
ST_13 : Operation 638 [1/1] (0.00ns)   --->   "%void_lstm_static_bool_ap_fixed_ap_fixed_ap_fixed_weight_t_recurrent_weight_t_38 = phi i14 0, void %_ZN8ap_fixedILi14ELi7EL9ap_q_mode0EL9ap_o_mode3ELi0EEC2Ei.exit, i14 %void_lstm_static_bool_ap_fixed_ap_fixed_ap_fixed_weight_t_recurrent_weight_t_28, void %entry" [firmware/nnet_utils/nnet_recurrent.h:181]   --->   Operation 638 'phi' 'void_lstm_static_bool_ap_fixed_ap_fixed_ap_fixed_weight_t_recurrent_weight_t_38' <Predicate = true> <Delay = 0.00>
ST_13 : Operation 639 [1/1] (0.00ns)   --->   "%void_lstm_static_bool_ap_fixed_ap_fixed_ap_fixed_weight_t_recurrent_weight_t_39 = phi i14 0, void %_ZN8ap_fixedILi14ELi7EL9ap_q_mode0EL9ap_o_mode3ELi0EEC2Ei.exit, i14 %void_lstm_static_bool_ap_fixed_ap_fixed_ap_fixed_weight_t_recurrent_weight_t_29, void %entry" [firmware/nnet_utils/nnet_recurrent.h:181]   --->   Operation 639 'phi' 'void_lstm_static_bool_ap_fixed_ap_fixed_ap_fixed_weight_t_recurrent_weight_t_39' <Predicate = true> <Delay = 0.00>
ST_13 : Operation 640 [1/1] (0.00ns)   --->   "%p_ZZN4nnet11lstm_staticI8ap_fixedILi14ELi7EL9ap_q_mode0EL9ap_o_mode3ELi0EES4_7con_66 = phi i14 0, void %_ZN8ap_fixedILi14ELi7EL9ap_q_mode0EL9ap_o_mode3ELi0EEC2Ei.exit, i14 %p_ZZN4nnet11lstm_staticI8ap_fixedILi14ELi7EL9ap_q_mode0EL9ap_o_mode3ELi0EES4_7con_44, void %entry" [firmware/nnet_utils/nnet_recurrent.h:181]   --->   Operation 640 'phi' 'p_ZZN4nnet11lstm_staticI8ap_fixedILi14ELi7EL9ap_q_mode0EL9ap_o_mode3ELi0EES4_7con_66' <Predicate = true> <Delay = 0.00>
ST_13 : Operation 641 [1/1] (0.00ns)   --->   "%p_ZZN4nnet11lstm_staticI8ap_fixedILi14ELi7EL9ap_q_mode0EL9ap_o_mode3ELi0EES4_7con_67 = phi i14 0, void %_ZN8ap_fixedILi14ELi7EL9ap_q_mode0EL9ap_o_mode3ELi0EEC2Ei.exit, i14 %p_ZZN4nnet11lstm_staticI8ap_fixedILi14ELi7EL9ap_q_mode0EL9ap_o_mode3ELi0EES4_7con_45, void %entry" [firmware/nnet_utils/nnet_recurrent.h:181]   --->   Operation 641 'phi' 'p_ZZN4nnet11lstm_staticI8ap_fixedILi14ELi7EL9ap_q_mode0EL9ap_o_mode3ELi0EES4_7con_67' <Predicate = true> <Delay = 0.00>
ST_13 : Operation 642 [1/1] (0.00ns)   --->   "%p_ZZN4nnet11lstm_staticI8ap_fixedILi14ELi7EL9ap_q_mode0EL9ap_o_mode3ELi0EES4_7con_68 = phi i14 0, void %_ZN8ap_fixedILi14ELi7EL9ap_q_mode0EL9ap_o_mode3ELi0EEC2Ei.exit, i14 %p_ZZN4nnet11lstm_staticI8ap_fixedILi14ELi7EL9ap_q_mode0EL9ap_o_mode3ELi0EES4_7con_46, void %entry" [firmware/nnet_utils/nnet_recurrent.h:181]   --->   Operation 642 'phi' 'p_ZZN4nnet11lstm_staticI8ap_fixedILi14ELi7EL9ap_q_mode0EL9ap_o_mode3ELi0EES4_7con_68' <Predicate = true> <Delay = 0.00>
ST_13 : Operation 643 [1/1] (0.00ns)   --->   "%p_ZZN4nnet11lstm_staticI8ap_fixedILi14ELi7EL9ap_q_mode0EL9ap_o_mode3ELi0EES4_7con_69 = phi i14 0, void %_ZN8ap_fixedILi14ELi7EL9ap_q_mode0EL9ap_o_mode3ELi0EEC2Ei.exit, i14 %p_ZZN4nnet11lstm_staticI8ap_fixedILi14ELi7EL9ap_q_mode0EL9ap_o_mode3ELi0EES4_7con_47, void %entry" [firmware/nnet_utils/nnet_recurrent.h:181]   --->   Operation 643 'phi' 'p_ZZN4nnet11lstm_staticI8ap_fixedILi14ELi7EL9ap_q_mode0EL9ap_o_mode3ELi0EES4_7con_69' <Predicate = true> <Delay = 0.00>
ST_13 : Operation 644 [1/1] (0.00ns)   --->   "%p_ZZN4nnet11lstm_staticI8ap_fixedILi14ELi7EL9ap_q_mode0EL9ap_o_mode3ELi0EES4_7con_70 = phi i14 0, void %_ZN8ap_fixedILi14ELi7EL9ap_q_mode0EL9ap_o_mode3ELi0EEC2Ei.exit, i14 %p_ZZN4nnet11lstm_staticI8ap_fixedILi14ELi7EL9ap_q_mode0EL9ap_o_mode3ELi0EES4_7con_48, void %entry" [firmware/nnet_utils/nnet_recurrent.h:181]   --->   Operation 644 'phi' 'p_ZZN4nnet11lstm_staticI8ap_fixedILi14ELi7EL9ap_q_mode0EL9ap_o_mode3ELi0EES4_7con_70' <Predicate = true> <Delay = 0.00>
ST_13 : Operation 645 [1/1] (0.00ns)   --->   "%p_ZZN4nnet11lstm_staticI8ap_fixedILi14ELi7EL9ap_q_mode0EL9ap_o_mode3ELi0EES4_7con_71 = phi i14 0, void %_ZN8ap_fixedILi14ELi7EL9ap_q_mode0EL9ap_o_mode3ELi0EEC2Ei.exit, i14 %p_ZZN4nnet11lstm_staticI8ap_fixedILi14ELi7EL9ap_q_mode0EL9ap_o_mode3ELi0EES4_7con_49, void %entry" [firmware/nnet_utils/nnet_recurrent.h:181]   --->   Operation 645 'phi' 'p_ZZN4nnet11lstm_staticI8ap_fixedILi14ELi7EL9ap_q_mode0EL9ap_o_mode3ELi0EES4_7con_71' <Predicate = true> <Delay = 0.00>
ST_13 : Operation 646 [1/1] (0.00ns)   --->   "%p_ZZN4nnet11lstm_staticI8ap_fixedILi14ELi7EL9ap_q_mode0EL9ap_o_mode3ELi0EES4_7con_72 = phi i14 0, void %_ZN8ap_fixedILi14ELi7EL9ap_q_mode0EL9ap_o_mode3ELi0EEC2Ei.exit, i14 %p_ZZN4nnet11lstm_staticI8ap_fixedILi14ELi7EL9ap_q_mode0EL9ap_o_mode3ELi0EES4_7con_50, void %entry" [firmware/nnet_utils/nnet_recurrent.h:181]   --->   Operation 646 'phi' 'p_ZZN4nnet11lstm_staticI8ap_fixedILi14ELi7EL9ap_q_mode0EL9ap_o_mode3ELi0EES4_7con_72' <Predicate = true> <Delay = 0.00>
ST_13 : Operation 647 [1/1] (0.00ns)   --->   "%p_ZZN4nnet11lstm_staticI8ap_fixedILi14ELi7EL9ap_q_mode0EL9ap_o_mode3ELi0EES4_7con_73 = phi i14 0, void %_ZN8ap_fixedILi14ELi7EL9ap_q_mode0EL9ap_o_mode3ELi0EEC2Ei.exit, i14 %p_ZZN4nnet11lstm_staticI8ap_fixedILi14ELi7EL9ap_q_mode0EL9ap_o_mode3ELi0EES4_7con_51, void %entry" [firmware/nnet_utils/nnet_recurrent.h:181]   --->   Operation 647 'phi' 'p_ZZN4nnet11lstm_staticI8ap_fixedILi14ELi7EL9ap_q_mode0EL9ap_o_mode3ELi0EES4_7con_73' <Predicate = true> <Delay = 0.00>
ST_13 : Operation 648 [1/1] (0.00ns)   --->   "%p_ZZN4nnet11lstm_staticI8ap_fixedILi14ELi7EL9ap_q_mode0EL9ap_o_mode3ELi0EES4_7con_74 = phi i14 0, void %_ZN8ap_fixedILi14ELi7EL9ap_q_mode0EL9ap_o_mode3ELi0EEC2Ei.exit, i14 %p_ZZN4nnet11lstm_staticI8ap_fixedILi14ELi7EL9ap_q_mode0EL9ap_o_mode3ELi0EES4_7con_52, void %entry" [firmware/nnet_utils/nnet_recurrent.h:181]   --->   Operation 648 'phi' 'p_ZZN4nnet11lstm_staticI8ap_fixedILi14ELi7EL9ap_q_mode0EL9ap_o_mode3ELi0EES4_7con_74' <Predicate = true> <Delay = 0.00>
ST_13 : Operation 649 [1/1] (0.00ns)   --->   "%p_ZZN4nnet11lstm_staticI8ap_fixedILi14ELi7EL9ap_q_mode0EL9ap_o_mode3ELi0EES4_7con_75 = phi i14 0, void %_ZN8ap_fixedILi14ELi7EL9ap_q_mode0EL9ap_o_mode3ELi0EEC2Ei.exit, i14 %p_ZZN4nnet11lstm_staticI8ap_fixedILi14ELi7EL9ap_q_mode0EL9ap_o_mode3ELi0EES4_7con_53, void %entry" [firmware/nnet_utils/nnet_recurrent.h:181]   --->   Operation 649 'phi' 'p_ZZN4nnet11lstm_staticI8ap_fixedILi14ELi7EL9ap_q_mode0EL9ap_o_mode3ELi0EES4_7con_75' <Predicate = true> <Delay = 0.00>
ST_13 : Operation 650 [1/1] (0.00ns)   --->   "%p_ZZN4nnet11lstm_staticI8ap_fixedILi14ELi7EL9ap_q_mode0EL9ap_o_mode3ELi0EES4_7con_76 = phi i14 0, void %_ZN8ap_fixedILi14ELi7EL9ap_q_mode0EL9ap_o_mode3ELi0EEC2Ei.exit, i14 %p_ZZN4nnet11lstm_staticI8ap_fixedILi14ELi7EL9ap_q_mode0EL9ap_o_mode3ELi0EES4_7con_54, void %entry" [firmware/nnet_utils/nnet_recurrent.h:181]   --->   Operation 650 'phi' 'p_ZZN4nnet11lstm_staticI8ap_fixedILi14ELi7EL9ap_q_mode0EL9ap_o_mode3ELi0EES4_7con_76' <Predicate = true> <Delay = 0.00>
ST_13 : Operation 651 [1/1] (0.00ns)   --->   "%p_ZZN4nnet11lstm_staticI8ap_fixedILi14ELi7EL9ap_q_mode0EL9ap_o_mode3ELi0EES4_7con_77 = phi i14 0, void %_ZN8ap_fixedILi14ELi7EL9ap_q_mode0EL9ap_o_mode3ELi0EEC2Ei.exit, i14 %p_ZZN4nnet11lstm_staticI8ap_fixedILi14ELi7EL9ap_q_mode0EL9ap_o_mode3ELi0EES4_7con_55, void %entry" [firmware/nnet_utils/nnet_recurrent.h:181]   --->   Operation 651 'phi' 'p_ZZN4nnet11lstm_staticI8ap_fixedILi14ELi7EL9ap_q_mode0EL9ap_o_mode3ELi0EES4_7con_77' <Predicate = true> <Delay = 0.00>
ST_13 : Operation 652 [1/1] (0.00ns)   --->   "%p_ZZN4nnet11lstm_staticI8ap_fixedILi14ELi7EL9ap_q_mode0EL9ap_o_mode3ELi0EES4_7con_78 = phi i14 0, void %_ZN8ap_fixedILi14ELi7EL9ap_q_mode0EL9ap_o_mode3ELi0EEC2Ei.exit, i14 %p_ZZN4nnet11lstm_staticI8ap_fixedILi14ELi7EL9ap_q_mode0EL9ap_o_mode3ELi0EES4_7con_56, void %entry" [firmware/nnet_utils/nnet_recurrent.h:181]   --->   Operation 652 'phi' 'p_ZZN4nnet11lstm_staticI8ap_fixedILi14ELi7EL9ap_q_mode0EL9ap_o_mode3ELi0EES4_7con_78' <Predicate = true> <Delay = 0.00>
ST_13 : Operation 653 [1/1] (0.00ns)   --->   "%p_ZZN4nnet11lstm_staticI8ap_fixedILi14ELi7EL9ap_q_mode0EL9ap_o_mode3ELi0EES4_7con_79 = phi i14 0, void %_ZN8ap_fixedILi14ELi7EL9ap_q_mode0EL9ap_o_mode3ELi0EEC2Ei.exit, i14 %p_ZZN4nnet11lstm_staticI8ap_fixedILi14ELi7EL9ap_q_mode0EL9ap_o_mode3ELi0EES4_7con_57, void %entry" [firmware/nnet_utils/nnet_recurrent.h:181]   --->   Operation 653 'phi' 'p_ZZN4nnet11lstm_staticI8ap_fixedILi14ELi7EL9ap_q_mode0EL9ap_o_mode3ELi0EES4_7con_79' <Predicate = true> <Delay = 0.00>
ST_13 : Operation 654 [1/1] (0.00ns)   --->   "%p_ZZN4nnet11lstm_staticI8ap_fixedILi14ELi7EL9ap_q_mode0EL9ap_o_mode3ELi0EES4_7con_80 = phi i14 0, void %_ZN8ap_fixedILi14ELi7EL9ap_q_mode0EL9ap_o_mode3ELi0EEC2Ei.exit, i14 %p_ZZN4nnet11lstm_staticI8ap_fixedILi14ELi7EL9ap_q_mode0EL9ap_o_mode3ELi0EES4_7con_58, void %entry" [firmware/nnet_utils/nnet_recurrent.h:181]   --->   Operation 654 'phi' 'p_ZZN4nnet11lstm_staticI8ap_fixedILi14ELi7EL9ap_q_mode0EL9ap_o_mode3ELi0EES4_7con_80' <Predicate = true> <Delay = 0.00>
ST_13 : Operation 655 [1/1] (0.00ns)   --->   "%p_ZZN4nnet11lstm_staticI8ap_fixedILi14ELi7EL9ap_q_mode0EL9ap_o_mode3ELi0EES4_7con_81 = phi i14 0, void %_ZN8ap_fixedILi14ELi7EL9ap_q_mode0EL9ap_o_mode3ELi0EEC2Ei.exit, i14 %p_ZZN4nnet11lstm_staticI8ap_fixedILi14ELi7EL9ap_q_mode0EL9ap_o_mode3ELi0EES4_7con_59, void %entry" [firmware/nnet_utils/nnet_recurrent.h:181]   --->   Operation 655 'phi' 'p_ZZN4nnet11lstm_staticI8ap_fixedILi14ELi7EL9ap_q_mode0EL9ap_o_mode3ELi0EES4_7con_81' <Predicate = true> <Delay = 0.00>
ST_13 : Operation 656 [1/1] (0.00ns)   --->   "%p_ZZN4nnet11lstm_staticI8ap_fixedILi14ELi7EL9ap_q_mode0EL9ap_o_mode3ELi0EES4_7con_82 = phi i14 0, void %_ZN8ap_fixedILi14ELi7EL9ap_q_mode0EL9ap_o_mode3ELi0EEC2Ei.exit, i14 %p_ZZN4nnet11lstm_staticI8ap_fixedILi14ELi7EL9ap_q_mode0EL9ap_o_mode3ELi0EES4_7con_60, void %entry" [firmware/nnet_utils/nnet_recurrent.h:181]   --->   Operation 656 'phi' 'p_ZZN4nnet11lstm_staticI8ap_fixedILi14ELi7EL9ap_q_mode0EL9ap_o_mode3ELi0EES4_7con_82' <Predicate = true> <Delay = 0.00>
ST_13 : Operation 657 [1/1] (0.00ns)   --->   "%p_ZZN4nnet11lstm_staticI8ap_fixedILi14ELi7EL9ap_q_mode0EL9ap_o_mode3ELi0EES4_7con_83 = phi i14 0, void %_ZN8ap_fixedILi14ELi7EL9ap_q_mode0EL9ap_o_mode3ELi0EEC2Ei.exit, i14 %p_ZZN4nnet11lstm_staticI8ap_fixedILi14ELi7EL9ap_q_mode0EL9ap_o_mode3ELi0EES4_7con_61, void %entry" [firmware/nnet_utils/nnet_recurrent.h:181]   --->   Operation 657 'phi' 'p_ZZN4nnet11lstm_staticI8ap_fixedILi14ELi7EL9ap_q_mode0EL9ap_o_mode3ELi0EES4_7con_83' <Predicate = true> <Delay = 0.00>
ST_13 : Operation 658 [1/1] (0.00ns)   --->   "%p_ZZN4nnet11lstm_staticI8ap_fixedILi14ELi7EL9ap_q_mode0EL9ap_o_mode3ELi0EES4_7con_84 = phi i14 0, void %_ZN8ap_fixedILi14ELi7EL9ap_q_mode0EL9ap_o_mode3ELi0EEC2Ei.exit, i14 %p_ZZN4nnet11lstm_staticI8ap_fixedILi14ELi7EL9ap_q_mode0EL9ap_o_mode3ELi0EES4_7con_62, void %entry" [firmware/nnet_utils/nnet_recurrent.h:181]   --->   Operation 658 'phi' 'p_ZZN4nnet11lstm_staticI8ap_fixedILi14ELi7EL9ap_q_mode0EL9ap_o_mode3ELi0EES4_7con_84' <Predicate = true> <Delay = 0.00>
ST_13 : Operation 659 [1/1] (0.00ns)   --->   "%p_ZZN4nnet11lstm_staticI8ap_fixedILi14ELi7EL9ap_q_mode0EL9ap_o_mode3ELi0EES4_7con_85 = phi i14 0, void %_ZN8ap_fixedILi14ELi7EL9ap_q_mode0EL9ap_o_mode3ELi0EEC2Ei.exit, i14 %p_ZZN4nnet11lstm_staticI8ap_fixedILi14ELi7EL9ap_q_mode0EL9ap_o_mode3ELi0EES4_7con_63, void %entry" [firmware/nnet_utils/nnet_recurrent.h:181]   --->   Operation 659 'phi' 'p_ZZN4nnet11lstm_staticI8ap_fixedILi14ELi7EL9ap_q_mode0EL9ap_o_mode3ELi0EES4_7con_85' <Predicate = true> <Delay = 0.00>
ST_13 : Operation 660 [1/1] (0.00ns)   --->   "%p_ZZN4nnet11lstm_staticI8ap_fixedILi14ELi7EL9ap_q_mode0EL9ap_o_mode3ELi0EES4_7con_86 = phi i14 0, void %_ZN8ap_fixedILi14ELi7EL9ap_q_mode0EL9ap_o_mode3ELi0EEC2Ei.exit, i14 %p_ZZN4nnet11lstm_staticI8ap_fixedILi14ELi7EL9ap_q_mode0EL9ap_o_mode3ELi0EES4_7con_64, void %entry" [firmware/nnet_utils/nnet_recurrent.h:181]   --->   Operation 660 'phi' 'p_ZZN4nnet11lstm_staticI8ap_fixedILi14ELi7EL9ap_q_mode0EL9ap_o_mode3ELi0EES4_7con_86' <Predicate = true> <Delay = 0.00>
ST_13 : Operation 661 [1/1] (0.00ns)   --->   "%p_ZZN4nnet11lstm_staticI8ap_fixedILi14ELi7EL9ap_q_mode0EL9ap_o_mode3ELi0EES4_7con_87 = phi i14 0, void %_ZN8ap_fixedILi14ELi7EL9ap_q_mode0EL9ap_o_mode3ELi0EEC2Ei.exit, i14 %p_ZZN4nnet11lstm_staticI8ap_fixedILi14ELi7EL9ap_q_mode0EL9ap_o_mode3ELi0EES4_7con_65, void %entry" [firmware/nnet_utils/nnet_recurrent.h:181]   --->   Operation 661 'phi' 'p_ZZN4nnet11lstm_staticI8ap_fixedILi14ELi7EL9ap_q_mode0EL9ap_o_mode3ELi0EES4_7con_87' <Predicate = true> <Delay = 0.00>
ST_13 : Operation 662 [1/1] (0.00ns)   --->   "%sext_ln181 = sext i14 %tmpres_c" [firmware/nnet_utils/nnet_recurrent.h:181]   --->   Operation 662 'sext' 'sext_ln181' <Predicate = true> <Delay = 0.00>
ST_13 : Operation 663 [1/1] (0.00ns)   --->   "%sext_ln181_1 = sext i14 %tmpres_ifo" [firmware/nnet_utils/nnet_recurrent.h:181]   --->   Operation 663 'sext' 'sext_ln181_1' <Predicate = true> <Delay = 0.00>
ST_13 : Operation 664 [4/4] (1.87ns)   --->   "%mul_ln181 = mul i28 %sext_ln181_1, i28 %sext_ln181" [firmware/nnet_utils/nnet_recurrent.h:181]   --->   Operation 664 'mul' 'mul_ln181' <Predicate = true> <Delay = 1.87> <CoreInst = "Multiplier">   --->   Core 3 'Multiplier' <Latency = 3> <II = 1> <Delay = 1.87> <FuncUnit> <Opcode : 'mul'> <InPorts = 2> <OutPorts = 1>
ST_13 : Operation 665 [1/1] (0.00ns)   --->   "%sext_ln181_2 = sext i14 %void_lstm_static_bool_ap_fixed_ap_fixed_ap_fixed_weight_t_recurrent_weight_t_30" [firmware/nnet_utils/nnet_recurrent.h:181]   --->   Operation 665 'sext' 'sext_ln181_2' <Predicate = true> <Delay = 0.00>
ST_13 : Operation 666 [1/1] (0.00ns)   --->   "%sext_ln181_3 = sext i14 %tmpres_ifo_32" [firmware/nnet_utils/nnet_recurrent.h:181]   --->   Operation 666 'sext' 'sext_ln181_3' <Predicate = true> <Delay = 0.00>
ST_13 : Operation 667 [4/4] (1.87ns)   --->   "%mul_ln181_1 = mul i28 %sext_ln181_3, i28 %sext_ln181_2" [firmware/nnet_utils/nnet_recurrent.h:181]   --->   Operation 667 'mul' 'mul_ln181_1' <Predicate = true> <Delay = 1.87> <CoreInst = "Multiplier">   --->   Core 3 'Multiplier' <Latency = 3> <II = 1> <Delay = 1.87> <FuncUnit> <Opcode : 'mul'> <InPorts = 2> <OutPorts = 1>
ST_13 : Operation 668 [1/1] (0.00ns)   --->   "%sext_ln181_4 = sext i14 %tmpres_c_1" [firmware/nnet_utils/nnet_recurrent.h:181]   --->   Operation 668 'sext' 'sext_ln181_4' <Predicate = true> <Delay = 0.00>
ST_13 : Operation 669 [1/1] (0.00ns)   --->   "%sext_ln181_5 = sext i14 %tmpres_ifo_1" [firmware/nnet_utils/nnet_recurrent.h:181]   --->   Operation 669 'sext' 'sext_ln181_5' <Predicate = true> <Delay = 0.00>
ST_13 : Operation 670 [4/4] (1.87ns)   --->   "%mul_ln181_2 = mul i28 %sext_ln181_5, i28 %sext_ln181_4" [firmware/nnet_utils/nnet_recurrent.h:181]   --->   Operation 670 'mul' 'mul_ln181_2' <Predicate = true> <Delay = 1.87> <CoreInst = "Multiplier">   --->   Core 3 'Multiplier' <Latency = 3> <II = 1> <Delay = 1.87> <FuncUnit> <Opcode : 'mul'> <InPorts = 2> <OutPorts = 1>
ST_13 : Operation 671 [1/1] (0.00ns)   --->   "%sext_ln181_6 = sext i14 %void_lstm_static_bool_ap_fixed_ap_fixed_ap_fixed_weight_t_recurrent_weight_t_31" [firmware/nnet_utils/nnet_recurrent.h:181]   --->   Operation 671 'sext' 'sext_ln181_6' <Predicate = true> <Delay = 0.00>
ST_13 : Operation 672 [1/1] (0.00ns)   --->   "%sext_ln181_7 = sext i14 %tmpres_ifo_33" [firmware/nnet_utils/nnet_recurrent.h:181]   --->   Operation 672 'sext' 'sext_ln181_7' <Predicate = true> <Delay = 0.00>
ST_13 : Operation 673 [4/4] (1.87ns)   --->   "%mul_ln181_3 = mul i28 %sext_ln181_7, i28 %sext_ln181_6" [firmware/nnet_utils/nnet_recurrent.h:181]   --->   Operation 673 'mul' 'mul_ln181_3' <Predicate = true> <Delay = 1.87> <CoreInst = "Multiplier">   --->   Core 3 'Multiplier' <Latency = 3> <II = 1> <Delay = 1.87> <FuncUnit> <Opcode : 'mul'> <InPorts = 2> <OutPorts = 1>
ST_13 : Operation 674 [1/1] (0.00ns)   --->   "%sext_ln181_8 = sext i14 %tmpres_c_2" [firmware/nnet_utils/nnet_recurrent.h:181]   --->   Operation 674 'sext' 'sext_ln181_8' <Predicate = true> <Delay = 0.00>
ST_13 : Operation 675 [1/1] (0.00ns)   --->   "%sext_ln181_9 = sext i14 %tmpres_ifo_2" [firmware/nnet_utils/nnet_recurrent.h:181]   --->   Operation 675 'sext' 'sext_ln181_9' <Predicate = true> <Delay = 0.00>
ST_13 : Operation 676 [4/4] (1.87ns)   --->   "%mul_ln181_4 = mul i28 %sext_ln181_9, i28 %sext_ln181_8" [firmware/nnet_utils/nnet_recurrent.h:181]   --->   Operation 676 'mul' 'mul_ln181_4' <Predicate = true> <Delay = 1.87> <CoreInst = "Multiplier">   --->   Core 3 'Multiplier' <Latency = 3> <II = 1> <Delay = 1.87> <FuncUnit> <Opcode : 'mul'> <InPorts = 2> <OutPorts = 1>
ST_13 : Operation 677 [1/1] (0.00ns)   --->   "%sext_ln181_10 = sext i14 %void_lstm_static_bool_ap_fixed_ap_fixed_ap_fixed_weight_t_recurrent_weight_t_32" [firmware/nnet_utils/nnet_recurrent.h:181]   --->   Operation 677 'sext' 'sext_ln181_10' <Predicate = true> <Delay = 0.00>
ST_13 : Operation 678 [1/1] (0.00ns)   --->   "%sext_ln181_11 = sext i14 %tmpres_ifo_34" [firmware/nnet_utils/nnet_recurrent.h:181]   --->   Operation 678 'sext' 'sext_ln181_11' <Predicate = true> <Delay = 0.00>
ST_13 : Operation 679 [4/4] (1.87ns)   --->   "%mul_ln181_5 = mul i28 %sext_ln181_11, i28 %sext_ln181_10" [firmware/nnet_utils/nnet_recurrent.h:181]   --->   Operation 679 'mul' 'mul_ln181_5' <Predicate = true> <Delay = 1.87> <CoreInst = "Multiplier">   --->   Core 3 'Multiplier' <Latency = 3> <II = 1> <Delay = 1.87> <FuncUnit> <Opcode : 'mul'> <InPorts = 2> <OutPorts = 1>
ST_13 : Operation 680 [1/1] (0.00ns)   --->   "%sext_ln181_12 = sext i14 %tmpres_c_3" [firmware/nnet_utils/nnet_recurrent.h:181]   --->   Operation 680 'sext' 'sext_ln181_12' <Predicate = true> <Delay = 0.00>
ST_13 : Operation 681 [1/1] (0.00ns)   --->   "%sext_ln181_13 = sext i14 %tmpres_ifo_3" [firmware/nnet_utils/nnet_recurrent.h:181]   --->   Operation 681 'sext' 'sext_ln181_13' <Predicate = true> <Delay = 0.00>
ST_13 : Operation 682 [4/4] (1.87ns)   --->   "%mul_ln181_6 = mul i28 %sext_ln181_13, i28 %sext_ln181_12" [firmware/nnet_utils/nnet_recurrent.h:181]   --->   Operation 682 'mul' 'mul_ln181_6' <Predicate = true> <Delay = 1.87> <CoreInst = "Multiplier">   --->   Core 3 'Multiplier' <Latency = 3> <II = 1> <Delay = 1.87> <FuncUnit> <Opcode : 'mul'> <InPorts = 2> <OutPorts = 1>
ST_13 : Operation 683 [1/1] (0.00ns)   --->   "%sext_ln181_14 = sext i14 %void_lstm_static_bool_ap_fixed_ap_fixed_ap_fixed_weight_t_recurrent_weight_t_33" [firmware/nnet_utils/nnet_recurrent.h:181]   --->   Operation 683 'sext' 'sext_ln181_14' <Predicate = true> <Delay = 0.00>
ST_13 : Operation 684 [1/1] (0.00ns)   --->   "%sext_ln181_15 = sext i14 %tmpres_ifo_35" [firmware/nnet_utils/nnet_recurrent.h:181]   --->   Operation 684 'sext' 'sext_ln181_15' <Predicate = true> <Delay = 0.00>
ST_13 : Operation 685 [4/4] (1.87ns)   --->   "%mul_ln181_7 = mul i28 %sext_ln181_15, i28 %sext_ln181_14" [firmware/nnet_utils/nnet_recurrent.h:181]   --->   Operation 685 'mul' 'mul_ln181_7' <Predicate = true> <Delay = 1.87> <CoreInst = "Multiplier">   --->   Core 3 'Multiplier' <Latency = 3> <II = 1> <Delay = 1.87> <FuncUnit> <Opcode : 'mul'> <InPorts = 2> <OutPorts = 1>
ST_13 : Operation 686 [1/1] (0.00ns)   --->   "%sext_ln181_16 = sext i14 %tmpres_c_4" [firmware/nnet_utils/nnet_recurrent.h:181]   --->   Operation 686 'sext' 'sext_ln181_16' <Predicate = true> <Delay = 0.00>
ST_13 : Operation 687 [1/1] (0.00ns)   --->   "%sext_ln181_17 = sext i14 %tmpres_ifo_4" [firmware/nnet_utils/nnet_recurrent.h:181]   --->   Operation 687 'sext' 'sext_ln181_17' <Predicate = true> <Delay = 0.00>
ST_13 : Operation 688 [4/4] (1.87ns)   --->   "%mul_ln181_8 = mul i28 %sext_ln181_17, i28 %sext_ln181_16" [firmware/nnet_utils/nnet_recurrent.h:181]   --->   Operation 688 'mul' 'mul_ln181_8' <Predicate = true> <Delay = 1.87> <CoreInst = "Multiplier">   --->   Core 3 'Multiplier' <Latency = 3> <II = 1> <Delay = 1.87> <FuncUnit> <Opcode : 'mul'> <InPorts = 2> <OutPorts = 1>
ST_13 : Operation 689 [1/1] (0.00ns)   --->   "%sext_ln181_18 = sext i14 %void_lstm_static_bool_ap_fixed_ap_fixed_ap_fixed_weight_t_recurrent_weight_t_34" [firmware/nnet_utils/nnet_recurrent.h:181]   --->   Operation 689 'sext' 'sext_ln181_18' <Predicate = true> <Delay = 0.00>
ST_13 : Operation 690 [1/1] (0.00ns)   --->   "%sext_ln181_19 = sext i14 %tmpres_ifo_36" [firmware/nnet_utils/nnet_recurrent.h:181]   --->   Operation 690 'sext' 'sext_ln181_19' <Predicate = true> <Delay = 0.00>
ST_13 : Operation 691 [4/4] (1.87ns)   --->   "%mul_ln181_9 = mul i28 %sext_ln181_19, i28 %sext_ln181_18" [firmware/nnet_utils/nnet_recurrent.h:181]   --->   Operation 691 'mul' 'mul_ln181_9' <Predicate = true> <Delay = 1.87> <CoreInst = "Multiplier">   --->   Core 3 'Multiplier' <Latency = 3> <II = 1> <Delay = 1.87> <FuncUnit> <Opcode : 'mul'> <InPorts = 2> <OutPorts = 1>
ST_13 : Operation 692 [1/1] (0.00ns)   --->   "%sext_ln181_20 = sext i14 %tmpres_c_5" [firmware/nnet_utils/nnet_recurrent.h:181]   --->   Operation 692 'sext' 'sext_ln181_20' <Predicate = true> <Delay = 0.00>
ST_13 : Operation 693 [1/1] (0.00ns)   --->   "%sext_ln181_21 = sext i14 %tmpres_ifo_5" [firmware/nnet_utils/nnet_recurrent.h:181]   --->   Operation 693 'sext' 'sext_ln181_21' <Predicate = true> <Delay = 0.00>
ST_13 : Operation 694 [4/4] (1.87ns)   --->   "%mul_ln181_10 = mul i28 %sext_ln181_21, i28 %sext_ln181_20" [firmware/nnet_utils/nnet_recurrent.h:181]   --->   Operation 694 'mul' 'mul_ln181_10' <Predicate = true> <Delay = 1.87> <CoreInst = "Multiplier">   --->   Core 3 'Multiplier' <Latency = 3> <II = 1> <Delay = 1.87> <FuncUnit> <Opcode : 'mul'> <InPorts = 2> <OutPorts = 1>
ST_13 : Operation 695 [1/1] (0.00ns)   --->   "%sext_ln181_22 = sext i14 %void_lstm_static_bool_ap_fixed_ap_fixed_ap_fixed_weight_t_recurrent_weight_t_35" [firmware/nnet_utils/nnet_recurrent.h:181]   --->   Operation 695 'sext' 'sext_ln181_22' <Predicate = true> <Delay = 0.00>
ST_13 : Operation 696 [1/1] (0.00ns)   --->   "%sext_ln181_23 = sext i14 %tmpres_ifo_37" [firmware/nnet_utils/nnet_recurrent.h:181]   --->   Operation 696 'sext' 'sext_ln181_23' <Predicate = true> <Delay = 0.00>
ST_13 : Operation 697 [4/4] (1.87ns)   --->   "%mul_ln181_11 = mul i28 %sext_ln181_23, i28 %sext_ln181_22" [firmware/nnet_utils/nnet_recurrent.h:181]   --->   Operation 697 'mul' 'mul_ln181_11' <Predicate = true> <Delay = 1.87> <CoreInst = "Multiplier">   --->   Core 3 'Multiplier' <Latency = 3> <II = 1> <Delay = 1.87> <FuncUnit> <Opcode : 'mul'> <InPorts = 2> <OutPorts = 1>
ST_13 : Operation 698 [1/1] (0.00ns)   --->   "%sext_ln181_24 = sext i14 %tmpres_c_6" [firmware/nnet_utils/nnet_recurrent.h:181]   --->   Operation 698 'sext' 'sext_ln181_24' <Predicate = true> <Delay = 0.00>
ST_13 : Operation 699 [1/1] (0.00ns)   --->   "%sext_ln181_25 = sext i14 %tmpres_ifo_6" [firmware/nnet_utils/nnet_recurrent.h:181]   --->   Operation 699 'sext' 'sext_ln181_25' <Predicate = true> <Delay = 0.00>
ST_13 : Operation 700 [4/4] (1.87ns)   --->   "%mul_ln181_12 = mul i28 %sext_ln181_25, i28 %sext_ln181_24" [firmware/nnet_utils/nnet_recurrent.h:181]   --->   Operation 700 'mul' 'mul_ln181_12' <Predicate = true> <Delay = 1.87> <CoreInst = "Multiplier">   --->   Core 3 'Multiplier' <Latency = 3> <II = 1> <Delay = 1.87> <FuncUnit> <Opcode : 'mul'> <InPorts = 2> <OutPorts = 1>
ST_13 : Operation 701 [1/1] (0.00ns)   --->   "%sext_ln181_26 = sext i14 %void_lstm_static_bool_ap_fixed_ap_fixed_ap_fixed_weight_t_recurrent_weight_t_36" [firmware/nnet_utils/nnet_recurrent.h:181]   --->   Operation 701 'sext' 'sext_ln181_26' <Predicate = true> <Delay = 0.00>
ST_13 : Operation 702 [1/1] (0.00ns)   --->   "%sext_ln181_27 = sext i14 %tmpres_ifo_38" [firmware/nnet_utils/nnet_recurrent.h:181]   --->   Operation 702 'sext' 'sext_ln181_27' <Predicate = true> <Delay = 0.00>
ST_13 : Operation 703 [4/4] (1.87ns)   --->   "%mul_ln181_13 = mul i28 %sext_ln181_27, i28 %sext_ln181_26" [firmware/nnet_utils/nnet_recurrent.h:181]   --->   Operation 703 'mul' 'mul_ln181_13' <Predicate = true> <Delay = 1.87> <CoreInst = "Multiplier">   --->   Core 3 'Multiplier' <Latency = 3> <II = 1> <Delay = 1.87> <FuncUnit> <Opcode : 'mul'> <InPorts = 2> <OutPorts = 1>
ST_13 : Operation 704 [1/1] (0.00ns)   --->   "%sext_ln181_28 = sext i14 %tmpres_c_7" [firmware/nnet_utils/nnet_recurrent.h:181]   --->   Operation 704 'sext' 'sext_ln181_28' <Predicate = true> <Delay = 0.00>
ST_13 : Operation 705 [1/1] (0.00ns)   --->   "%sext_ln181_29 = sext i14 %tmpres_ifo_7" [firmware/nnet_utils/nnet_recurrent.h:181]   --->   Operation 705 'sext' 'sext_ln181_29' <Predicate = true> <Delay = 0.00>
ST_13 : Operation 706 [4/4] (1.87ns)   --->   "%mul_ln181_14 = mul i28 %sext_ln181_29, i28 %sext_ln181_28" [firmware/nnet_utils/nnet_recurrent.h:181]   --->   Operation 706 'mul' 'mul_ln181_14' <Predicate = true> <Delay = 1.87> <CoreInst = "Multiplier">   --->   Core 3 'Multiplier' <Latency = 3> <II = 1> <Delay = 1.87> <FuncUnit> <Opcode : 'mul'> <InPorts = 2> <OutPorts = 1>
ST_13 : Operation 707 [1/1] (0.00ns)   --->   "%sext_ln181_30 = sext i14 %void_lstm_static_bool_ap_fixed_ap_fixed_ap_fixed_weight_t_recurrent_weight_t_37" [firmware/nnet_utils/nnet_recurrent.h:181]   --->   Operation 707 'sext' 'sext_ln181_30' <Predicate = true> <Delay = 0.00>
ST_13 : Operation 708 [1/1] (0.00ns)   --->   "%sext_ln181_31 = sext i14 %tmpres_ifo_39" [firmware/nnet_utils/nnet_recurrent.h:181]   --->   Operation 708 'sext' 'sext_ln181_31' <Predicate = true> <Delay = 0.00>
ST_13 : Operation 709 [4/4] (1.87ns)   --->   "%mul_ln181_15 = mul i28 %sext_ln181_31, i28 %sext_ln181_30" [firmware/nnet_utils/nnet_recurrent.h:181]   --->   Operation 709 'mul' 'mul_ln181_15' <Predicate = true> <Delay = 1.87> <CoreInst = "Multiplier">   --->   Core 3 'Multiplier' <Latency = 3> <II = 1> <Delay = 1.87> <FuncUnit> <Opcode : 'mul'> <InPorts = 2> <OutPorts = 1>
ST_13 : Operation 710 [1/1] (0.00ns)   --->   "%sext_ln181_32 = sext i14 %tmpres_c_8" [firmware/nnet_utils/nnet_recurrent.h:181]   --->   Operation 710 'sext' 'sext_ln181_32' <Predicate = true> <Delay = 0.00>
ST_13 : Operation 711 [1/1] (0.00ns)   --->   "%sext_ln181_33 = sext i14 %tmpres_ifo_8" [firmware/nnet_utils/nnet_recurrent.h:181]   --->   Operation 711 'sext' 'sext_ln181_33' <Predicate = true> <Delay = 0.00>
ST_13 : Operation 712 [4/4] (1.87ns)   --->   "%mul_ln181_16 = mul i28 %sext_ln181_33, i28 %sext_ln181_32" [firmware/nnet_utils/nnet_recurrent.h:181]   --->   Operation 712 'mul' 'mul_ln181_16' <Predicate = true> <Delay = 1.87> <CoreInst = "Multiplier">   --->   Core 3 'Multiplier' <Latency = 3> <II = 1> <Delay = 1.87> <FuncUnit> <Opcode : 'mul'> <InPorts = 2> <OutPorts = 1>
ST_13 : Operation 713 [1/1] (0.00ns)   --->   "%sext_ln181_34 = sext i14 %void_lstm_static_bool_ap_fixed_ap_fixed_ap_fixed_weight_t_recurrent_weight_t_38" [firmware/nnet_utils/nnet_recurrent.h:181]   --->   Operation 713 'sext' 'sext_ln181_34' <Predicate = true> <Delay = 0.00>
ST_13 : Operation 714 [1/1] (0.00ns)   --->   "%sext_ln181_35 = sext i14 %tmpres_ifo_40" [firmware/nnet_utils/nnet_recurrent.h:181]   --->   Operation 714 'sext' 'sext_ln181_35' <Predicate = true> <Delay = 0.00>
ST_13 : Operation 715 [4/4] (1.87ns)   --->   "%mul_ln181_17 = mul i28 %sext_ln181_35, i28 %sext_ln181_34" [firmware/nnet_utils/nnet_recurrent.h:181]   --->   Operation 715 'mul' 'mul_ln181_17' <Predicate = true> <Delay = 1.87> <CoreInst = "Multiplier">   --->   Core 3 'Multiplier' <Latency = 3> <II = 1> <Delay = 1.87> <FuncUnit> <Opcode : 'mul'> <InPorts = 2> <OutPorts = 1>
ST_13 : Operation 716 [1/1] (0.00ns)   --->   "%sext_ln181_36 = sext i14 %tmpres_c_9" [firmware/nnet_utils/nnet_recurrent.h:181]   --->   Operation 716 'sext' 'sext_ln181_36' <Predicate = true> <Delay = 0.00>
ST_13 : Operation 717 [1/1] (0.00ns)   --->   "%sext_ln181_37 = sext i14 %tmpres_ifo_9" [firmware/nnet_utils/nnet_recurrent.h:181]   --->   Operation 717 'sext' 'sext_ln181_37' <Predicate = true> <Delay = 0.00>
ST_13 : Operation 718 [4/4] (1.87ns)   --->   "%mul_ln181_18 = mul i28 %sext_ln181_37, i28 %sext_ln181_36" [firmware/nnet_utils/nnet_recurrent.h:181]   --->   Operation 718 'mul' 'mul_ln181_18' <Predicate = true> <Delay = 1.87> <CoreInst = "Multiplier">   --->   Core 3 'Multiplier' <Latency = 3> <II = 1> <Delay = 1.87> <FuncUnit> <Opcode : 'mul'> <InPorts = 2> <OutPorts = 1>
ST_13 : Operation 719 [1/1] (0.00ns)   --->   "%sext_ln181_38 = sext i14 %void_lstm_static_bool_ap_fixed_ap_fixed_ap_fixed_weight_t_recurrent_weight_t_39" [firmware/nnet_utils/nnet_recurrent.h:181]   --->   Operation 719 'sext' 'sext_ln181_38' <Predicate = true> <Delay = 0.00>
ST_13 : Operation 720 [1/1] (0.00ns)   --->   "%sext_ln181_39 = sext i14 %tmpres_ifo_41" [firmware/nnet_utils/nnet_recurrent.h:181]   --->   Operation 720 'sext' 'sext_ln181_39' <Predicate = true> <Delay = 0.00>
ST_13 : Operation 721 [4/4] (1.87ns)   --->   "%mul_ln181_19 = mul i28 %sext_ln181_39, i28 %sext_ln181_38" [firmware/nnet_utils/nnet_recurrent.h:181]   --->   Operation 721 'mul' 'mul_ln181_19' <Predicate = true> <Delay = 1.87> <CoreInst = "Multiplier">   --->   Core 3 'Multiplier' <Latency = 3> <II = 1> <Delay = 1.87> <FuncUnit> <Opcode : 'mul'> <InPorts = 2> <OutPorts = 1>
ST_13 : Operation 722 [1/1] (0.00ns)   --->   "%sext_ln181_40 = sext i14 %tmpres_c_10" [firmware/nnet_utils/nnet_recurrent.h:181]   --->   Operation 722 'sext' 'sext_ln181_40' <Predicate = true> <Delay = 0.00>
ST_13 : Operation 723 [1/1] (0.00ns)   --->   "%sext_ln181_41 = sext i14 %tmpres_ifo_10" [firmware/nnet_utils/nnet_recurrent.h:181]   --->   Operation 723 'sext' 'sext_ln181_41' <Predicate = true> <Delay = 0.00>
ST_13 : Operation 724 [4/4] (1.87ns)   --->   "%mul_ln181_20 = mul i28 %sext_ln181_41, i28 %sext_ln181_40" [firmware/nnet_utils/nnet_recurrent.h:181]   --->   Operation 724 'mul' 'mul_ln181_20' <Predicate = true> <Delay = 1.87> <CoreInst = "Multiplier">   --->   Core 3 'Multiplier' <Latency = 3> <II = 1> <Delay = 1.87> <FuncUnit> <Opcode : 'mul'> <InPorts = 2> <OutPorts = 1>
ST_13 : Operation 725 [1/1] (0.00ns)   --->   "%sext_ln181_42 = sext i14 %p_ZZN4nnet11lstm_staticI8ap_fixedILi14ELi7EL9ap_q_mode0EL9ap_o_mode3ELi0EES4_7con_66" [firmware/nnet_utils/nnet_recurrent.h:181]   --->   Operation 725 'sext' 'sext_ln181_42' <Predicate = true> <Delay = 0.00>
ST_13 : Operation 726 [1/1] (0.00ns)   --->   "%sext_ln181_43 = sext i14 %tmpres_ifo_42" [firmware/nnet_utils/nnet_recurrent.h:181]   --->   Operation 726 'sext' 'sext_ln181_43' <Predicate = true> <Delay = 0.00>
ST_13 : Operation 727 [4/4] (1.87ns)   --->   "%mul_ln181_21 = mul i28 %sext_ln181_43, i28 %sext_ln181_42" [firmware/nnet_utils/nnet_recurrent.h:181]   --->   Operation 727 'mul' 'mul_ln181_21' <Predicate = true> <Delay = 1.87> <CoreInst = "Multiplier">   --->   Core 3 'Multiplier' <Latency = 3> <II = 1> <Delay = 1.87> <FuncUnit> <Opcode : 'mul'> <InPorts = 2> <OutPorts = 1>
ST_13 : Operation 728 [1/1] (0.00ns)   --->   "%sext_ln181_44 = sext i14 %tmpres_c_11" [firmware/nnet_utils/nnet_recurrent.h:181]   --->   Operation 728 'sext' 'sext_ln181_44' <Predicate = true> <Delay = 0.00>
ST_13 : Operation 729 [1/1] (0.00ns)   --->   "%sext_ln181_45 = sext i14 %tmpres_ifo_11" [firmware/nnet_utils/nnet_recurrent.h:181]   --->   Operation 729 'sext' 'sext_ln181_45' <Predicate = true> <Delay = 0.00>
ST_13 : Operation 730 [4/4] (1.87ns)   --->   "%mul_ln181_22 = mul i28 %sext_ln181_45, i28 %sext_ln181_44" [firmware/nnet_utils/nnet_recurrent.h:181]   --->   Operation 730 'mul' 'mul_ln181_22' <Predicate = true> <Delay = 1.87> <CoreInst = "Multiplier">   --->   Core 3 'Multiplier' <Latency = 3> <II = 1> <Delay = 1.87> <FuncUnit> <Opcode : 'mul'> <InPorts = 2> <OutPorts = 1>
ST_13 : Operation 731 [1/1] (0.00ns)   --->   "%sext_ln181_46 = sext i14 %p_ZZN4nnet11lstm_staticI8ap_fixedILi14ELi7EL9ap_q_mode0EL9ap_o_mode3ELi0EES4_7con_67" [firmware/nnet_utils/nnet_recurrent.h:181]   --->   Operation 731 'sext' 'sext_ln181_46' <Predicate = true> <Delay = 0.00>
ST_13 : Operation 732 [1/1] (0.00ns)   --->   "%sext_ln181_47 = sext i14 %tmpres_ifo_43" [firmware/nnet_utils/nnet_recurrent.h:181]   --->   Operation 732 'sext' 'sext_ln181_47' <Predicate = true> <Delay = 0.00>
ST_13 : Operation 733 [4/4] (1.87ns)   --->   "%mul_ln181_23 = mul i28 %sext_ln181_47, i28 %sext_ln181_46" [firmware/nnet_utils/nnet_recurrent.h:181]   --->   Operation 733 'mul' 'mul_ln181_23' <Predicate = true> <Delay = 1.87> <CoreInst = "Multiplier">   --->   Core 3 'Multiplier' <Latency = 3> <II = 1> <Delay = 1.87> <FuncUnit> <Opcode : 'mul'> <InPorts = 2> <OutPorts = 1>
ST_13 : Operation 734 [1/1] (0.00ns)   --->   "%sext_ln181_48 = sext i14 %tmpres_c_12" [firmware/nnet_utils/nnet_recurrent.h:181]   --->   Operation 734 'sext' 'sext_ln181_48' <Predicate = true> <Delay = 0.00>
ST_13 : Operation 735 [1/1] (0.00ns)   --->   "%sext_ln181_49 = sext i14 %tmpres_ifo_12" [firmware/nnet_utils/nnet_recurrent.h:181]   --->   Operation 735 'sext' 'sext_ln181_49' <Predicate = true> <Delay = 0.00>
ST_13 : Operation 736 [4/4] (1.87ns)   --->   "%mul_ln181_24 = mul i28 %sext_ln181_49, i28 %sext_ln181_48" [firmware/nnet_utils/nnet_recurrent.h:181]   --->   Operation 736 'mul' 'mul_ln181_24' <Predicate = true> <Delay = 1.87> <CoreInst = "Multiplier">   --->   Core 3 'Multiplier' <Latency = 3> <II = 1> <Delay = 1.87> <FuncUnit> <Opcode : 'mul'> <InPorts = 2> <OutPorts = 1>
ST_13 : Operation 737 [1/1] (0.00ns)   --->   "%sext_ln181_50 = sext i14 %p_ZZN4nnet11lstm_staticI8ap_fixedILi14ELi7EL9ap_q_mode0EL9ap_o_mode3ELi0EES4_7con_68" [firmware/nnet_utils/nnet_recurrent.h:181]   --->   Operation 737 'sext' 'sext_ln181_50' <Predicate = true> <Delay = 0.00>
ST_13 : Operation 738 [1/1] (0.00ns)   --->   "%sext_ln181_51 = sext i14 %tmpres_ifo_44" [firmware/nnet_utils/nnet_recurrent.h:181]   --->   Operation 738 'sext' 'sext_ln181_51' <Predicate = true> <Delay = 0.00>
ST_13 : Operation 739 [4/4] (1.87ns)   --->   "%mul_ln181_25 = mul i28 %sext_ln181_51, i28 %sext_ln181_50" [firmware/nnet_utils/nnet_recurrent.h:181]   --->   Operation 739 'mul' 'mul_ln181_25' <Predicate = true> <Delay = 1.87> <CoreInst = "Multiplier">   --->   Core 3 'Multiplier' <Latency = 3> <II = 1> <Delay = 1.87> <FuncUnit> <Opcode : 'mul'> <InPorts = 2> <OutPorts = 1>
ST_13 : Operation 740 [1/1] (0.00ns)   --->   "%sext_ln181_52 = sext i14 %tmpres_c_13" [firmware/nnet_utils/nnet_recurrent.h:181]   --->   Operation 740 'sext' 'sext_ln181_52' <Predicate = true> <Delay = 0.00>
ST_13 : Operation 741 [1/1] (0.00ns)   --->   "%sext_ln181_53 = sext i14 %tmpres_ifo_13" [firmware/nnet_utils/nnet_recurrent.h:181]   --->   Operation 741 'sext' 'sext_ln181_53' <Predicate = true> <Delay = 0.00>
ST_13 : Operation 742 [4/4] (1.87ns)   --->   "%mul_ln181_26 = mul i28 %sext_ln181_53, i28 %sext_ln181_52" [firmware/nnet_utils/nnet_recurrent.h:181]   --->   Operation 742 'mul' 'mul_ln181_26' <Predicate = true> <Delay = 1.87> <CoreInst = "Multiplier">   --->   Core 3 'Multiplier' <Latency = 3> <II = 1> <Delay = 1.87> <FuncUnit> <Opcode : 'mul'> <InPorts = 2> <OutPorts = 1>
ST_13 : Operation 743 [1/1] (0.00ns)   --->   "%sext_ln181_54 = sext i14 %p_ZZN4nnet11lstm_staticI8ap_fixedILi14ELi7EL9ap_q_mode0EL9ap_o_mode3ELi0EES4_7con_69" [firmware/nnet_utils/nnet_recurrent.h:181]   --->   Operation 743 'sext' 'sext_ln181_54' <Predicate = true> <Delay = 0.00>
ST_13 : Operation 744 [1/1] (0.00ns)   --->   "%sext_ln181_55 = sext i14 %tmpres_ifo_45" [firmware/nnet_utils/nnet_recurrent.h:181]   --->   Operation 744 'sext' 'sext_ln181_55' <Predicate = true> <Delay = 0.00>
ST_13 : Operation 745 [4/4] (1.87ns)   --->   "%mul_ln181_27 = mul i28 %sext_ln181_55, i28 %sext_ln181_54" [firmware/nnet_utils/nnet_recurrent.h:181]   --->   Operation 745 'mul' 'mul_ln181_27' <Predicate = true> <Delay = 1.87> <CoreInst = "Multiplier">   --->   Core 3 'Multiplier' <Latency = 3> <II = 1> <Delay = 1.87> <FuncUnit> <Opcode : 'mul'> <InPorts = 2> <OutPorts = 1>
ST_13 : Operation 746 [1/1] (0.00ns)   --->   "%sext_ln181_56 = sext i14 %tmpres_c_14" [firmware/nnet_utils/nnet_recurrent.h:181]   --->   Operation 746 'sext' 'sext_ln181_56' <Predicate = true> <Delay = 0.00>
ST_13 : Operation 747 [1/1] (0.00ns)   --->   "%sext_ln181_57 = sext i14 %tmpres_ifo_14" [firmware/nnet_utils/nnet_recurrent.h:181]   --->   Operation 747 'sext' 'sext_ln181_57' <Predicate = true> <Delay = 0.00>
ST_13 : Operation 748 [4/4] (1.87ns)   --->   "%mul_ln181_28 = mul i28 %sext_ln181_57, i28 %sext_ln181_56" [firmware/nnet_utils/nnet_recurrent.h:181]   --->   Operation 748 'mul' 'mul_ln181_28' <Predicate = true> <Delay = 1.87> <CoreInst = "Multiplier">   --->   Core 3 'Multiplier' <Latency = 3> <II = 1> <Delay = 1.87> <FuncUnit> <Opcode : 'mul'> <InPorts = 2> <OutPorts = 1>
ST_13 : Operation 749 [1/1] (0.00ns)   --->   "%sext_ln181_58 = sext i14 %p_ZZN4nnet11lstm_staticI8ap_fixedILi14ELi7EL9ap_q_mode0EL9ap_o_mode3ELi0EES4_7con_70" [firmware/nnet_utils/nnet_recurrent.h:181]   --->   Operation 749 'sext' 'sext_ln181_58' <Predicate = true> <Delay = 0.00>
ST_13 : Operation 750 [1/1] (0.00ns)   --->   "%sext_ln181_59 = sext i14 %tmpres_ifo_46" [firmware/nnet_utils/nnet_recurrent.h:181]   --->   Operation 750 'sext' 'sext_ln181_59' <Predicate = true> <Delay = 0.00>
ST_13 : Operation 751 [4/4] (1.87ns)   --->   "%mul_ln181_29 = mul i28 %sext_ln181_59, i28 %sext_ln181_58" [firmware/nnet_utils/nnet_recurrent.h:181]   --->   Operation 751 'mul' 'mul_ln181_29' <Predicate = true> <Delay = 1.87> <CoreInst = "Multiplier">   --->   Core 3 'Multiplier' <Latency = 3> <II = 1> <Delay = 1.87> <FuncUnit> <Opcode : 'mul'> <InPorts = 2> <OutPorts = 1>
ST_13 : Operation 752 [1/1] (0.00ns)   --->   "%sext_ln181_60 = sext i14 %tmpres_c_15" [firmware/nnet_utils/nnet_recurrent.h:181]   --->   Operation 752 'sext' 'sext_ln181_60' <Predicate = true> <Delay = 0.00>
ST_13 : Operation 753 [1/1] (0.00ns)   --->   "%sext_ln181_61 = sext i14 %tmpres_ifo_15" [firmware/nnet_utils/nnet_recurrent.h:181]   --->   Operation 753 'sext' 'sext_ln181_61' <Predicate = true> <Delay = 0.00>
ST_13 : Operation 754 [4/4] (1.87ns)   --->   "%mul_ln181_30 = mul i28 %sext_ln181_61, i28 %sext_ln181_60" [firmware/nnet_utils/nnet_recurrent.h:181]   --->   Operation 754 'mul' 'mul_ln181_30' <Predicate = true> <Delay = 1.87> <CoreInst = "Multiplier">   --->   Core 3 'Multiplier' <Latency = 3> <II = 1> <Delay = 1.87> <FuncUnit> <Opcode : 'mul'> <InPorts = 2> <OutPorts = 1>
ST_13 : Operation 755 [1/1] (0.00ns)   --->   "%sext_ln181_62 = sext i14 %p_ZZN4nnet11lstm_staticI8ap_fixedILi14ELi7EL9ap_q_mode0EL9ap_o_mode3ELi0EES4_7con_71" [firmware/nnet_utils/nnet_recurrent.h:181]   --->   Operation 755 'sext' 'sext_ln181_62' <Predicate = true> <Delay = 0.00>
ST_13 : Operation 756 [1/1] (0.00ns)   --->   "%sext_ln181_63 = sext i14 %tmpres_ifo_47" [firmware/nnet_utils/nnet_recurrent.h:181]   --->   Operation 756 'sext' 'sext_ln181_63' <Predicate = true> <Delay = 0.00>
ST_13 : Operation 757 [4/4] (1.87ns)   --->   "%mul_ln181_31 = mul i28 %sext_ln181_63, i28 %sext_ln181_62" [firmware/nnet_utils/nnet_recurrent.h:181]   --->   Operation 757 'mul' 'mul_ln181_31' <Predicate = true> <Delay = 1.87> <CoreInst = "Multiplier">   --->   Core 3 'Multiplier' <Latency = 3> <II = 1> <Delay = 1.87> <FuncUnit> <Opcode : 'mul'> <InPorts = 2> <OutPorts = 1>
ST_13 : Operation 758 [1/1] (0.00ns)   --->   "%sext_ln181_64 = sext i14 %tmpres_c_16" [firmware/nnet_utils/nnet_recurrent.h:181]   --->   Operation 758 'sext' 'sext_ln181_64' <Predicate = true> <Delay = 0.00>
ST_13 : Operation 759 [1/1] (0.00ns)   --->   "%sext_ln181_65 = sext i14 %tmpres_ifo_16" [firmware/nnet_utils/nnet_recurrent.h:181]   --->   Operation 759 'sext' 'sext_ln181_65' <Predicate = true> <Delay = 0.00>
ST_13 : Operation 760 [4/4] (1.87ns)   --->   "%mul_ln181_32 = mul i28 %sext_ln181_65, i28 %sext_ln181_64" [firmware/nnet_utils/nnet_recurrent.h:181]   --->   Operation 760 'mul' 'mul_ln181_32' <Predicate = true> <Delay = 1.87> <CoreInst = "Multiplier">   --->   Core 3 'Multiplier' <Latency = 3> <II = 1> <Delay = 1.87> <FuncUnit> <Opcode : 'mul'> <InPorts = 2> <OutPorts = 1>
ST_13 : Operation 761 [1/1] (0.00ns)   --->   "%sext_ln181_66 = sext i14 %p_ZZN4nnet11lstm_staticI8ap_fixedILi14ELi7EL9ap_q_mode0EL9ap_o_mode3ELi0EES4_7con_72" [firmware/nnet_utils/nnet_recurrent.h:181]   --->   Operation 761 'sext' 'sext_ln181_66' <Predicate = true> <Delay = 0.00>
ST_13 : Operation 762 [1/1] (0.00ns)   --->   "%sext_ln181_67 = sext i14 %tmpres_ifo_48" [firmware/nnet_utils/nnet_recurrent.h:181]   --->   Operation 762 'sext' 'sext_ln181_67' <Predicate = true> <Delay = 0.00>
ST_13 : Operation 763 [4/4] (1.87ns)   --->   "%mul_ln181_33 = mul i28 %sext_ln181_67, i28 %sext_ln181_66" [firmware/nnet_utils/nnet_recurrent.h:181]   --->   Operation 763 'mul' 'mul_ln181_33' <Predicate = true> <Delay = 1.87> <CoreInst = "Multiplier">   --->   Core 3 'Multiplier' <Latency = 3> <II = 1> <Delay = 1.87> <FuncUnit> <Opcode : 'mul'> <InPorts = 2> <OutPorts = 1>
ST_13 : Operation 764 [1/1] (0.00ns)   --->   "%sext_ln181_68 = sext i14 %tmpres_c_17" [firmware/nnet_utils/nnet_recurrent.h:181]   --->   Operation 764 'sext' 'sext_ln181_68' <Predicate = true> <Delay = 0.00>
ST_13 : Operation 765 [1/1] (0.00ns)   --->   "%sext_ln181_69 = sext i14 %tmpres_ifo_17" [firmware/nnet_utils/nnet_recurrent.h:181]   --->   Operation 765 'sext' 'sext_ln181_69' <Predicate = true> <Delay = 0.00>
ST_13 : Operation 766 [4/4] (1.87ns)   --->   "%mul_ln181_34 = mul i28 %sext_ln181_69, i28 %sext_ln181_68" [firmware/nnet_utils/nnet_recurrent.h:181]   --->   Operation 766 'mul' 'mul_ln181_34' <Predicate = true> <Delay = 1.87> <CoreInst = "Multiplier">   --->   Core 3 'Multiplier' <Latency = 3> <II = 1> <Delay = 1.87> <FuncUnit> <Opcode : 'mul'> <InPorts = 2> <OutPorts = 1>
ST_13 : Operation 767 [1/1] (0.00ns)   --->   "%sext_ln181_70 = sext i14 %p_ZZN4nnet11lstm_staticI8ap_fixedILi14ELi7EL9ap_q_mode0EL9ap_o_mode3ELi0EES4_7con_73" [firmware/nnet_utils/nnet_recurrent.h:181]   --->   Operation 767 'sext' 'sext_ln181_70' <Predicate = true> <Delay = 0.00>
ST_13 : Operation 768 [1/1] (0.00ns)   --->   "%sext_ln181_71 = sext i14 %tmpres_ifo_49" [firmware/nnet_utils/nnet_recurrent.h:181]   --->   Operation 768 'sext' 'sext_ln181_71' <Predicate = true> <Delay = 0.00>
ST_13 : Operation 769 [4/4] (1.87ns)   --->   "%mul_ln181_35 = mul i28 %sext_ln181_71, i28 %sext_ln181_70" [firmware/nnet_utils/nnet_recurrent.h:181]   --->   Operation 769 'mul' 'mul_ln181_35' <Predicate = true> <Delay = 1.87> <CoreInst = "Multiplier">   --->   Core 3 'Multiplier' <Latency = 3> <II = 1> <Delay = 1.87> <FuncUnit> <Opcode : 'mul'> <InPorts = 2> <OutPorts = 1>
ST_13 : Operation 770 [1/1] (0.00ns)   --->   "%sext_ln181_72 = sext i14 %tmpres_c_18" [firmware/nnet_utils/nnet_recurrent.h:181]   --->   Operation 770 'sext' 'sext_ln181_72' <Predicate = true> <Delay = 0.00>
ST_13 : Operation 771 [1/1] (0.00ns)   --->   "%sext_ln181_73 = sext i14 %tmpres_ifo_18" [firmware/nnet_utils/nnet_recurrent.h:181]   --->   Operation 771 'sext' 'sext_ln181_73' <Predicate = true> <Delay = 0.00>
ST_13 : Operation 772 [4/4] (1.87ns)   --->   "%mul_ln181_36 = mul i28 %sext_ln181_73, i28 %sext_ln181_72" [firmware/nnet_utils/nnet_recurrent.h:181]   --->   Operation 772 'mul' 'mul_ln181_36' <Predicate = true> <Delay = 1.87> <CoreInst = "Multiplier">   --->   Core 3 'Multiplier' <Latency = 3> <II = 1> <Delay = 1.87> <FuncUnit> <Opcode : 'mul'> <InPorts = 2> <OutPorts = 1>
ST_13 : Operation 773 [1/1] (0.00ns)   --->   "%sext_ln181_74 = sext i14 %p_ZZN4nnet11lstm_staticI8ap_fixedILi14ELi7EL9ap_q_mode0EL9ap_o_mode3ELi0EES4_7con_74" [firmware/nnet_utils/nnet_recurrent.h:181]   --->   Operation 773 'sext' 'sext_ln181_74' <Predicate = true> <Delay = 0.00>
ST_13 : Operation 774 [1/1] (0.00ns)   --->   "%sext_ln181_75 = sext i14 %tmpres_ifo_50" [firmware/nnet_utils/nnet_recurrent.h:181]   --->   Operation 774 'sext' 'sext_ln181_75' <Predicate = true> <Delay = 0.00>
ST_13 : Operation 775 [4/4] (1.87ns)   --->   "%mul_ln181_37 = mul i28 %sext_ln181_75, i28 %sext_ln181_74" [firmware/nnet_utils/nnet_recurrent.h:181]   --->   Operation 775 'mul' 'mul_ln181_37' <Predicate = true> <Delay = 1.87> <CoreInst = "Multiplier">   --->   Core 3 'Multiplier' <Latency = 3> <II = 1> <Delay = 1.87> <FuncUnit> <Opcode : 'mul'> <InPorts = 2> <OutPorts = 1>
ST_13 : Operation 776 [1/1] (0.00ns)   --->   "%sext_ln181_76 = sext i14 %tmpres_c_19" [firmware/nnet_utils/nnet_recurrent.h:181]   --->   Operation 776 'sext' 'sext_ln181_76' <Predicate = true> <Delay = 0.00>
ST_13 : Operation 777 [1/1] (0.00ns)   --->   "%sext_ln181_77 = sext i14 %tmpres_ifo_19" [firmware/nnet_utils/nnet_recurrent.h:181]   --->   Operation 777 'sext' 'sext_ln181_77' <Predicate = true> <Delay = 0.00>
ST_13 : Operation 778 [4/4] (1.87ns)   --->   "%mul_ln181_38 = mul i28 %sext_ln181_77, i28 %sext_ln181_76" [firmware/nnet_utils/nnet_recurrent.h:181]   --->   Operation 778 'mul' 'mul_ln181_38' <Predicate = true> <Delay = 1.87> <CoreInst = "Multiplier">   --->   Core 3 'Multiplier' <Latency = 3> <II = 1> <Delay = 1.87> <FuncUnit> <Opcode : 'mul'> <InPorts = 2> <OutPorts = 1>
ST_13 : Operation 779 [1/1] (0.00ns)   --->   "%sext_ln181_78 = sext i14 %p_ZZN4nnet11lstm_staticI8ap_fixedILi14ELi7EL9ap_q_mode0EL9ap_o_mode3ELi0EES4_7con_75" [firmware/nnet_utils/nnet_recurrent.h:181]   --->   Operation 779 'sext' 'sext_ln181_78' <Predicate = true> <Delay = 0.00>
ST_13 : Operation 780 [1/1] (0.00ns)   --->   "%sext_ln181_79 = sext i14 %tmpres_ifo_51" [firmware/nnet_utils/nnet_recurrent.h:181]   --->   Operation 780 'sext' 'sext_ln181_79' <Predicate = true> <Delay = 0.00>
ST_13 : Operation 781 [4/4] (1.87ns)   --->   "%mul_ln181_39 = mul i28 %sext_ln181_79, i28 %sext_ln181_78" [firmware/nnet_utils/nnet_recurrent.h:181]   --->   Operation 781 'mul' 'mul_ln181_39' <Predicate = true> <Delay = 1.87> <CoreInst = "Multiplier">   --->   Core 3 'Multiplier' <Latency = 3> <II = 1> <Delay = 1.87> <FuncUnit> <Opcode : 'mul'> <InPorts = 2> <OutPorts = 1>
ST_13 : Operation 782 [1/1] (0.00ns)   --->   "%sext_ln181_80 = sext i14 %tmpres_c_20" [firmware/nnet_utils/nnet_recurrent.h:181]   --->   Operation 782 'sext' 'sext_ln181_80' <Predicate = true> <Delay = 0.00>
ST_13 : Operation 783 [1/1] (0.00ns)   --->   "%sext_ln181_81 = sext i14 %tmpres_ifo_20" [firmware/nnet_utils/nnet_recurrent.h:181]   --->   Operation 783 'sext' 'sext_ln181_81' <Predicate = true> <Delay = 0.00>
ST_13 : Operation 784 [4/4] (1.87ns)   --->   "%mul_ln181_40 = mul i28 %sext_ln181_81, i28 %sext_ln181_80" [firmware/nnet_utils/nnet_recurrent.h:181]   --->   Operation 784 'mul' 'mul_ln181_40' <Predicate = true> <Delay = 1.87> <CoreInst = "Multiplier">   --->   Core 3 'Multiplier' <Latency = 3> <II = 1> <Delay = 1.87> <FuncUnit> <Opcode : 'mul'> <InPorts = 2> <OutPorts = 1>
ST_13 : Operation 785 [1/1] (0.00ns)   --->   "%sext_ln181_82 = sext i14 %p_ZZN4nnet11lstm_staticI8ap_fixedILi14ELi7EL9ap_q_mode0EL9ap_o_mode3ELi0EES4_7con_76" [firmware/nnet_utils/nnet_recurrent.h:181]   --->   Operation 785 'sext' 'sext_ln181_82' <Predicate = true> <Delay = 0.00>
ST_13 : Operation 786 [1/1] (0.00ns)   --->   "%sext_ln181_83 = sext i14 %tmpres_ifo_52" [firmware/nnet_utils/nnet_recurrent.h:181]   --->   Operation 786 'sext' 'sext_ln181_83' <Predicate = true> <Delay = 0.00>
ST_13 : Operation 787 [4/4] (1.87ns)   --->   "%mul_ln181_41 = mul i28 %sext_ln181_83, i28 %sext_ln181_82" [firmware/nnet_utils/nnet_recurrent.h:181]   --->   Operation 787 'mul' 'mul_ln181_41' <Predicate = true> <Delay = 1.87> <CoreInst = "Multiplier">   --->   Core 3 'Multiplier' <Latency = 3> <II = 1> <Delay = 1.87> <FuncUnit> <Opcode : 'mul'> <InPorts = 2> <OutPorts = 1>
ST_13 : Operation 788 [1/1] (0.00ns)   --->   "%sext_ln181_84 = sext i14 %tmpres_c_21" [firmware/nnet_utils/nnet_recurrent.h:181]   --->   Operation 788 'sext' 'sext_ln181_84' <Predicate = true> <Delay = 0.00>
ST_13 : Operation 789 [1/1] (0.00ns)   --->   "%sext_ln181_85 = sext i14 %tmpres_ifo_21" [firmware/nnet_utils/nnet_recurrent.h:181]   --->   Operation 789 'sext' 'sext_ln181_85' <Predicate = true> <Delay = 0.00>
ST_13 : Operation 790 [4/4] (1.87ns)   --->   "%mul_ln181_42 = mul i28 %sext_ln181_85, i28 %sext_ln181_84" [firmware/nnet_utils/nnet_recurrent.h:181]   --->   Operation 790 'mul' 'mul_ln181_42' <Predicate = true> <Delay = 1.87> <CoreInst = "Multiplier">   --->   Core 3 'Multiplier' <Latency = 3> <II = 1> <Delay = 1.87> <FuncUnit> <Opcode : 'mul'> <InPorts = 2> <OutPorts = 1>
ST_13 : Operation 791 [1/1] (0.00ns)   --->   "%sext_ln181_86 = sext i14 %p_ZZN4nnet11lstm_staticI8ap_fixedILi14ELi7EL9ap_q_mode0EL9ap_o_mode3ELi0EES4_7con_77" [firmware/nnet_utils/nnet_recurrent.h:181]   --->   Operation 791 'sext' 'sext_ln181_86' <Predicate = true> <Delay = 0.00>
ST_13 : Operation 792 [1/1] (0.00ns)   --->   "%sext_ln181_87 = sext i14 %tmpres_ifo_53" [firmware/nnet_utils/nnet_recurrent.h:181]   --->   Operation 792 'sext' 'sext_ln181_87' <Predicate = true> <Delay = 0.00>
ST_13 : Operation 793 [4/4] (1.87ns)   --->   "%mul_ln181_43 = mul i28 %sext_ln181_87, i28 %sext_ln181_86" [firmware/nnet_utils/nnet_recurrent.h:181]   --->   Operation 793 'mul' 'mul_ln181_43' <Predicate = true> <Delay = 1.87> <CoreInst = "Multiplier">   --->   Core 3 'Multiplier' <Latency = 3> <II = 1> <Delay = 1.87> <FuncUnit> <Opcode : 'mul'> <InPorts = 2> <OutPorts = 1>
ST_13 : Operation 794 [1/1] (0.00ns)   --->   "%sext_ln181_88 = sext i14 %tmpres_c_22" [firmware/nnet_utils/nnet_recurrent.h:181]   --->   Operation 794 'sext' 'sext_ln181_88' <Predicate = true> <Delay = 0.00>
ST_13 : Operation 795 [1/1] (0.00ns)   --->   "%sext_ln181_89 = sext i14 %tmpres_ifo_22" [firmware/nnet_utils/nnet_recurrent.h:181]   --->   Operation 795 'sext' 'sext_ln181_89' <Predicate = true> <Delay = 0.00>
ST_13 : Operation 796 [4/4] (1.87ns)   --->   "%mul_ln181_44 = mul i28 %sext_ln181_89, i28 %sext_ln181_88" [firmware/nnet_utils/nnet_recurrent.h:181]   --->   Operation 796 'mul' 'mul_ln181_44' <Predicate = true> <Delay = 1.87> <CoreInst = "Multiplier">   --->   Core 3 'Multiplier' <Latency = 3> <II = 1> <Delay = 1.87> <FuncUnit> <Opcode : 'mul'> <InPorts = 2> <OutPorts = 1>
ST_13 : Operation 797 [1/1] (0.00ns)   --->   "%sext_ln181_90 = sext i14 %p_ZZN4nnet11lstm_staticI8ap_fixedILi14ELi7EL9ap_q_mode0EL9ap_o_mode3ELi0EES4_7con_78" [firmware/nnet_utils/nnet_recurrent.h:181]   --->   Operation 797 'sext' 'sext_ln181_90' <Predicate = true> <Delay = 0.00>
ST_13 : Operation 798 [1/1] (0.00ns)   --->   "%sext_ln181_91 = sext i14 %tmpres_ifo_54" [firmware/nnet_utils/nnet_recurrent.h:181]   --->   Operation 798 'sext' 'sext_ln181_91' <Predicate = true> <Delay = 0.00>
ST_13 : Operation 799 [4/4] (1.87ns)   --->   "%mul_ln181_45 = mul i28 %sext_ln181_91, i28 %sext_ln181_90" [firmware/nnet_utils/nnet_recurrent.h:181]   --->   Operation 799 'mul' 'mul_ln181_45' <Predicate = true> <Delay = 1.87> <CoreInst = "Multiplier">   --->   Core 3 'Multiplier' <Latency = 3> <II = 1> <Delay = 1.87> <FuncUnit> <Opcode : 'mul'> <InPorts = 2> <OutPorts = 1>
ST_13 : Operation 800 [1/1] (0.00ns)   --->   "%sext_ln181_92 = sext i14 %tmpres_c_23" [firmware/nnet_utils/nnet_recurrent.h:181]   --->   Operation 800 'sext' 'sext_ln181_92' <Predicate = true> <Delay = 0.00>
ST_13 : Operation 801 [1/1] (0.00ns)   --->   "%sext_ln181_93 = sext i14 %tmpres_ifo_23" [firmware/nnet_utils/nnet_recurrent.h:181]   --->   Operation 801 'sext' 'sext_ln181_93' <Predicate = true> <Delay = 0.00>
ST_13 : Operation 802 [4/4] (1.87ns)   --->   "%mul_ln181_46 = mul i28 %sext_ln181_93, i28 %sext_ln181_92" [firmware/nnet_utils/nnet_recurrent.h:181]   --->   Operation 802 'mul' 'mul_ln181_46' <Predicate = true> <Delay = 1.87> <CoreInst = "Multiplier">   --->   Core 3 'Multiplier' <Latency = 3> <II = 1> <Delay = 1.87> <FuncUnit> <Opcode : 'mul'> <InPorts = 2> <OutPorts = 1>
ST_13 : Operation 803 [1/1] (0.00ns)   --->   "%sext_ln181_94 = sext i14 %p_ZZN4nnet11lstm_staticI8ap_fixedILi14ELi7EL9ap_q_mode0EL9ap_o_mode3ELi0EES4_7con_79" [firmware/nnet_utils/nnet_recurrent.h:181]   --->   Operation 803 'sext' 'sext_ln181_94' <Predicate = true> <Delay = 0.00>
ST_13 : Operation 804 [1/1] (0.00ns)   --->   "%sext_ln181_95 = sext i14 %tmpres_ifo_55" [firmware/nnet_utils/nnet_recurrent.h:181]   --->   Operation 804 'sext' 'sext_ln181_95' <Predicate = true> <Delay = 0.00>
ST_13 : Operation 805 [4/4] (1.87ns)   --->   "%mul_ln181_47 = mul i28 %sext_ln181_95, i28 %sext_ln181_94" [firmware/nnet_utils/nnet_recurrent.h:181]   --->   Operation 805 'mul' 'mul_ln181_47' <Predicate = true> <Delay = 1.87> <CoreInst = "Multiplier">   --->   Core 3 'Multiplier' <Latency = 3> <II = 1> <Delay = 1.87> <FuncUnit> <Opcode : 'mul'> <InPorts = 2> <OutPorts = 1>
ST_13 : Operation 806 [1/1] (0.00ns)   --->   "%sext_ln181_96 = sext i14 %tmpres_c_24" [firmware/nnet_utils/nnet_recurrent.h:181]   --->   Operation 806 'sext' 'sext_ln181_96' <Predicate = true> <Delay = 0.00>
ST_13 : Operation 807 [1/1] (0.00ns)   --->   "%sext_ln181_97 = sext i14 %tmpres_ifo_24" [firmware/nnet_utils/nnet_recurrent.h:181]   --->   Operation 807 'sext' 'sext_ln181_97' <Predicate = true> <Delay = 0.00>
ST_13 : Operation 808 [4/4] (1.87ns)   --->   "%mul_ln181_48 = mul i28 %sext_ln181_97, i28 %sext_ln181_96" [firmware/nnet_utils/nnet_recurrent.h:181]   --->   Operation 808 'mul' 'mul_ln181_48' <Predicate = true> <Delay = 1.87> <CoreInst = "Multiplier">   --->   Core 3 'Multiplier' <Latency = 3> <II = 1> <Delay = 1.87> <FuncUnit> <Opcode : 'mul'> <InPorts = 2> <OutPorts = 1>
ST_13 : Operation 809 [1/1] (0.00ns)   --->   "%sext_ln181_98 = sext i14 %p_ZZN4nnet11lstm_staticI8ap_fixedILi14ELi7EL9ap_q_mode0EL9ap_o_mode3ELi0EES4_7con_80" [firmware/nnet_utils/nnet_recurrent.h:181]   --->   Operation 809 'sext' 'sext_ln181_98' <Predicate = true> <Delay = 0.00>
ST_13 : Operation 810 [1/1] (0.00ns)   --->   "%sext_ln181_99 = sext i14 %tmpres_ifo_56" [firmware/nnet_utils/nnet_recurrent.h:181]   --->   Operation 810 'sext' 'sext_ln181_99' <Predicate = true> <Delay = 0.00>
ST_13 : Operation 811 [4/4] (1.87ns)   --->   "%mul_ln181_49 = mul i28 %sext_ln181_99, i28 %sext_ln181_98" [firmware/nnet_utils/nnet_recurrent.h:181]   --->   Operation 811 'mul' 'mul_ln181_49' <Predicate = true> <Delay = 1.87> <CoreInst = "Multiplier">   --->   Core 3 'Multiplier' <Latency = 3> <II = 1> <Delay = 1.87> <FuncUnit> <Opcode : 'mul'> <InPorts = 2> <OutPorts = 1>
ST_13 : Operation 812 [1/1] (0.00ns)   --->   "%sext_ln181_100 = sext i14 %tmpres_c_25" [firmware/nnet_utils/nnet_recurrent.h:181]   --->   Operation 812 'sext' 'sext_ln181_100' <Predicate = true> <Delay = 0.00>
ST_13 : Operation 813 [1/1] (0.00ns)   --->   "%sext_ln181_101 = sext i14 %tmpres_ifo_25" [firmware/nnet_utils/nnet_recurrent.h:181]   --->   Operation 813 'sext' 'sext_ln181_101' <Predicate = true> <Delay = 0.00>
ST_13 : Operation 814 [4/4] (1.87ns)   --->   "%mul_ln181_50 = mul i28 %sext_ln181_101, i28 %sext_ln181_100" [firmware/nnet_utils/nnet_recurrent.h:181]   --->   Operation 814 'mul' 'mul_ln181_50' <Predicate = true> <Delay = 1.87> <CoreInst = "Multiplier">   --->   Core 3 'Multiplier' <Latency = 3> <II = 1> <Delay = 1.87> <FuncUnit> <Opcode : 'mul'> <InPorts = 2> <OutPorts = 1>
ST_13 : Operation 815 [1/1] (0.00ns)   --->   "%sext_ln181_102 = sext i14 %p_ZZN4nnet11lstm_staticI8ap_fixedILi14ELi7EL9ap_q_mode0EL9ap_o_mode3ELi0EES4_7con_81" [firmware/nnet_utils/nnet_recurrent.h:181]   --->   Operation 815 'sext' 'sext_ln181_102' <Predicate = true> <Delay = 0.00>
ST_13 : Operation 816 [1/1] (0.00ns)   --->   "%sext_ln181_103 = sext i14 %tmpres_ifo_57" [firmware/nnet_utils/nnet_recurrent.h:181]   --->   Operation 816 'sext' 'sext_ln181_103' <Predicate = true> <Delay = 0.00>
ST_13 : Operation 817 [4/4] (1.87ns)   --->   "%mul_ln181_51 = mul i28 %sext_ln181_103, i28 %sext_ln181_102" [firmware/nnet_utils/nnet_recurrent.h:181]   --->   Operation 817 'mul' 'mul_ln181_51' <Predicate = true> <Delay = 1.87> <CoreInst = "Multiplier">   --->   Core 3 'Multiplier' <Latency = 3> <II = 1> <Delay = 1.87> <FuncUnit> <Opcode : 'mul'> <InPorts = 2> <OutPorts = 1>
ST_13 : Operation 818 [1/1] (0.00ns)   --->   "%sext_ln181_104 = sext i14 %tmpres_c_26" [firmware/nnet_utils/nnet_recurrent.h:181]   --->   Operation 818 'sext' 'sext_ln181_104' <Predicate = true> <Delay = 0.00>
ST_13 : Operation 819 [1/1] (0.00ns)   --->   "%sext_ln181_105 = sext i14 %tmpres_ifo_26" [firmware/nnet_utils/nnet_recurrent.h:181]   --->   Operation 819 'sext' 'sext_ln181_105' <Predicate = true> <Delay = 0.00>
ST_13 : Operation 820 [4/4] (1.87ns)   --->   "%mul_ln181_52 = mul i28 %sext_ln181_105, i28 %sext_ln181_104" [firmware/nnet_utils/nnet_recurrent.h:181]   --->   Operation 820 'mul' 'mul_ln181_52' <Predicate = true> <Delay = 1.87> <CoreInst = "Multiplier">   --->   Core 3 'Multiplier' <Latency = 3> <II = 1> <Delay = 1.87> <FuncUnit> <Opcode : 'mul'> <InPorts = 2> <OutPorts = 1>
ST_13 : Operation 821 [1/1] (0.00ns)   --->   "%sext_ln181_106 = sext i14 %p_ZZN4nnet11lstm_staticI8ap_fixedILi14ELi7EL9ap_q_mode0EL9ap_o_mode3ELi0EES4_7con_82" [firmware/nnet_utils/nnet_recurrent.h:181]   --->   Operation 821 'sext' 'sext_ln181_106' <Predicate = true> <Delay = 0.00>
ST_13 : Operation 822 [1/1] (0.00ns)   --->   "%sext_ln181_107 = sext i14 %tmpres_ifo_58" [firmware/nnet_utils/nnet_recurrent.h:181]   --->   Operation 822 'sext' 'sext_ln181_107' <Predicate = true> <Delay = 0.00>
ST_13 : Operation 823 [4/4] (1.87ns)   --->   "%mul_ln181_53 = mul i28 %sext_ln181_107, i28 %sext_ln181_106" [firmware/nnet_utils/nnet_recurrent.h:181]   --->   Operation 823 'mul' 'mul_ln181_53' <Predicate = true> <Delay = 1.87> <CoreInst = "Multiplier">   --->   Core 3 'Multiplier' <Latency = 3> <II = 1> <Delay = 1.87> <FuncUnit> <Opcode : 'mul'> <InPorts = 2> <OutPorts = 1>
ST_13 : Operation 824 [1/1] (0.00ns)   --->   "%sext_ln181_108 = sext i14 %tmpres_c_27" [firmware/nnet_utils/nnet_recurrent.h:181]   --->   Operation 824 'sext' 'sext_ln181_108' <Predicate = true> <Delay = 0.00>
ST_13 : Operation 825 [1/1] (0.00ns)   --->   "%sext_ln181_109 = sext i14 %tmpres_ifo_27" [firmware/nnet_utils/nnet_recurrent.h:181]   --->   Operation 825 'sext' 'sext_ln181_109' <Predicate = true> <Delay = 0.00>
ST_13 : Operation 826 [4/4] (1.87ns)   --->   "%mul_ln181_54 = mul i28 %sext_ln181_109, i28 %sext_ln181_108" [firmware/nnet_utils/nnet_recurrent.h:181]   --->   Operation 826 'mul' 'mul_ln181_54' <Predicate = true> <Delay = 1.87> <CoreInst = "Multiplier">   --->   Core 3 'Multiplier' <Latency = 3> <II = 1> <Delay = 1.87> <FuncUnit> <Opcode : 'mul'> <InPorts = 2> <OutPorts = 1>
ST_13 : Operation 827 [1/1] (0.00ns)   --->   "%sext_ln181_110 = sext i14 %p_ZZN4nnet11lstm_staticI8ap_fixedILi14ELi7EL9ap_q_mode0EL9ap_o_mode3ELi0EES4_7con_83" [firmware/nnet_utils/nnet_recurrent.h:181]   --->   Operation 827 'sext' 'sext_ln181_110' <Predicate = true> <Delay = 0.00>
ST_13 : Operation 828 [1/1] (0.00ns)   --->   "%sext_ln181_111 = sext i14 %tmpres_ifo_59" [firmware/nnet_utils/nnet_recurrent.h:181]   --->   Operation 828 'sext' 'sext_ln181_111' <Predicate = true> <Delay = 0.00>
ST_13 : Operation 829 [4/4] (1.87ns)   --->   "%mul_ln181_55 = mul i28 %sext_ln181_111, i28 %sext_ln181_110" [firmware/nnet_utils/nnet_recurrent.h:181]   --->   Operation 829 'mul' 'mul_ln181_55' <Predicate = true> <Delay = 1.87> <CoreInst = "Multiplier">   --->   Core 3 'Multiplier' <Latency = 3> <II = 1> <Delay = 1.87> <FuncUnit> <Opcode : 'mul'> <InPorts = 2> <OutPorts = 1>
ST_13 : Operation 830 [1/1] (0.00ns)   --->   "%sext_ln181_112 = sext i14 %tmpres_c_28" [firmware/nnet_utils/nnet_recurrent.h:181]   --->   Operation 830 'sext' 'sext_ln181_112' <Predicate = true> <Delay = 0.00>
ST_13 : Operation 831 [1/1] (0.00ns)   --->   "%sext_ln181_113 = sext i14 %tmpres_ifo_28" [firmware/nnet_utils/nnet_recurrent.h:181]   --->   Operation 831 'sext' 'sext_ln181_113' <Predicate = true> <Delay = 0.00>
ST_13 : Operation 832 [4/4] (1.87ns)   --->   "%mul_ln181_56 = mul i28 %sext_ln181_113, i28 %sext_ln181_112" [firmware/nnet_utils/nnet_recurrent.h:181]   --->   Operation 832 'mul' 'mul_ln181_56' <Predicate = true> <Delay = 1.87> <CoreInst = "Multiplier">   --->   Core 3 'Multiplier' <Latency = 3> <II = 1> <Delay = 1.87> <FuncUnit> <Opcode : 'mul'> <InPorts = 2> <OutPorts = 1>
ST_13 : Operation 833 [1/1] (0.00ns)   --->   "%sext_ln181_114 = sext i14 %p_ZZN4nnet11lstm_staticI8ap_fixedILi14ELi7EL9ap_q_mode0EL9ap_o_mode3ELi0EES4_7con_84" [firmware/nnet_utils/nnet_recurrent.h:181]   --->   Operation 833 'sext' 'sext_ln181_114' <Predicate = true> <Delay = 0.00>
ST_13 : Operation 834 [1/1] (0.00ns)   --->   "%sext_ln181_115 = sext i14 %tmpres_ifo_60" [firmware/nnet_utils/nnet_recurrent.h:181]   --->   Operation 834 'sext' 'sext_ln181_115' <Predicate = true> <Delay = 0.00>
ST_13 : Operation 835 [4/4] (1.87ns)   --->   "%mul_ln181_57 = mul i28 %sext_ln181_115, i28 %sext_ln181_114" [firmware/nnet_utils/nnet_recurrent.h:181]   --->   Operation 835 'mul' 'mul_ln181_57' <Predicate = true> <Delay = 1.87> <CoreInst = "Multiplier">   --->   Core 3 'Multiplier' <Latency = 3> <II = 1> <Delay = 1.87> <FuncUnit> <Opcode : 'mul'> <InPorts = 2> <OutPorts = 1>
ST_13 : Operation 836 [1/1] (0.00ns)   --->   "%sext_ln181_116 = sext i14 %tmpres_c_29" [firmware/nnet_utils/nnet_recurrent.h:181]   --->   Operation 836 'sext' 'sext_ln181_116' <Predicate = true> <Delay = 0.00>
ST_13 : Operation 837 [1/1] (0.00ns)   --->   "%sext_ln181_117 = sext i14 %tmpres_ifo_29" [firmware/nnet_utils/nnet_recurrent.h:181]   --->   Operation 837 'sext' 'sext_ln181_117' <Predicate = true> <Delay = 0.00>
ST_13 : Operation 838 [4/4] (1.87ns)   --->   "%mul_ln181_58 = mul i28 %sext_ln181_117, i28 %sext_ln181_116" [firmware/nnet_utils/nnet_recurrent.h:181]   --->   Operation 838 'mul' 'mul_ln181_58' <Predicate = true> <Delay = 1.87> <CoreInst = "Multiplier">   --->   Core 3 'Multiplier' <Latency = 3> <II = 1> <Delay = 1.87> <FuncUnit> <Opcode : 'mul'> <InPorts = 2> <OutPorts = 1>
ST_13 : Operation 839 [1/1] (0.00ns)   --->   "%sext_ln181_118 = sext i14 %p_ZZN4nnet11lstm_staticI8ap_fixedILi14ELi7EL9ap_q_mode0EL9ap_o_mode3ELi0EES4_7con_85" [firmware/nnet_utils/nnet_recurrent.h:181]   --->   Operation 839 'sext' 'sext_ln181_118' <Predicate = true> <Delay = 0.00>
ST_13 : Operation 840 [1/1] (0.00ns)   --->   "%sext_ln181_119 = sext i14 %tmpres_ifo_61" [firmware/nnet_utils/nnet_recurrent.h:181]   --->   Operation 840 'sext' 'sext_ln181_119' <Predicate = true> <Delay = 0.00>
ST_13 : Operation 841 [4/4] (1.87ns)   --->   "%mul_ln181_59 = mul i28 %sext_ln181_119, i28 %sext_ln181_118" [firmware/nnet_utils/nnet_recurrent.h:181]   --->   Operation 841 'mul' 'mul_ln181_59' <Predicate = true> <Delay = 1.87> <CoreInst = "Multiplier">   --->   Core 3 'Multiplier' <Latency = 3> <II = 1> <Delay = 1.87> <FuncUnit> <Opcode : 'mul'> <InPorts = 2> <OutPorts = 1>
ST_13 : Operation 842 [1/1] (0.00ns)   --->   "%sext_ln181_120 = sext i14 %tmpres_c_30" [firmware/nnet_utils/nnet_recurrent.h:181]   --->   Operation 842 'sext' 'sext_ln181_120' <Predicate = true> <Delay = 0.00>
ST_13 : Operation 843 [1/1] (0.00ns)   --->   "%sext_ln181_121 = sext i14 %tmpres_ifo_30" [firmware/nnet_utils/nnet_recurrent.h:181]   --->   Operation 843 'sext' 'sext_ln181_121' <Predicate = true> <Delay = 0.00>
ST_13 : Operation 844 [4/4] (1.87ns)   --->   "%mul_ln181_60 = mul i28 %sext_ln181_121, i28 %sext_ln181_120" [firmware/nnet_utils/nnet_recurrent.h:181]   --->   Operation 844 'mul' 'mul_ln181_60' <Predicate = true> <Delay = 1.87> <CoreInst = "Multiplier">   --->   Core 3 'Multiplier' <Latency = 3> <II = 1> <Delay = 1.87> <FuncUnit> <Opcode : 'mul'> <InPorts = 2> <OutPorts = 1>
ST_13 : Operation 845 [1/1] (0.00ns)   --->   "%sext_ln181_122 = sext i14 %p_ZZN4nnet11lstm_staticI8ap_fixedILi14ELi7EL9ap_q_mode0EL9ap_o_mode3ELi0EES4_7con_86" [firmware/nnet_utils/nnet_recurrent.h:181]   --->   Operation 845 'sext' 'sext_ln181_122' <Predicate = true> <Delay = 0.00>
ST_13 : Operation 846 [1/1] (0.00ns)   --->   "%sext_ln181_123 = sext i14 %tmpres_ifo_62" [firmware/nnet_utils/nnet_recurrent.h:181]   --->   Operation 846 'sext' 'sext_ln181_123' <Predicate = true> <Delay = 0.00>
ST_13 : Operation 847 [4/4] (1.87ns)   --->   "%mul_ln181_61 = mul i28 %sext_ln181_123, i28 %sext_ln181_122" [firmware/nnet_utils/nnet_recurrent.h:181]   --->   Operation 847 'mul' 'mul_ln181_61' <Predicate = true> <Delay = 1.87> <CoreInst = "Multiplier">   --->   Core 3 'Multiplier' <Latency = 3> <II = 1> <Delay = 1.87> <FuncUnit> <Opcode : 'mul'> <InPorts = 2> <OutPorts = 1>
ST_13 : Operation 848 [1/1] (0.00ns)   --->   "%sext_ln181_124 = sext i14 %tmpres_c_31" [firmware/nnet_utils/nnet_recurrent.h:181]   --->   Operation 848 'sext' 'sext_ln181_124' <Predicate = true> <Delay = 0.00>
ST_13 : Operation 849 [1/1] (0.00ns)   --->   "%sext_ln181_125 = sext i14 %tmpres_ifo_31" [firmware/nnet_utils/nnet_recurrent.h:181]   --->   Operation 849 'sext' 'sext_ln181_125' <Predicate = true> <Delay = 0.00>
ST_13 : Operation 850 [4/4] (1.87ns)   --->   "%mul_ln181_62 = mul i28 %sext_ln181_125, i28 %sext_ln181_124" [firmware/nnet_utils/nnet_recurrent.h:181]   --->   Operation 850 'mul' 'mul_ln181_62' <Predicate = true> <Delay = 1.87> <CoreInst = "Multiplier">   --->   Core 3 'Multiplier' <Latency = 3> <II = 1> <Delay = 1.87> <FuncUnit> <Opcode : 'mul'> <InPorts = 2> <OutPorts = 1>
ST_13 : Operation 851 [1/1] (0.00ns)   --->   "%sext_ln181_126 = sext i14 %p_ZZN4nnet11lstm_staticI8ap_fixedILi14ELi7EL9ap_q_mode0EL9ap_o_mode3ELi0EES4_7con_87" [firmware/nnet_utils/nnet_recurrent.h:181]   --->   Operation 851 'sext' 'sext_ln181_126' <Predicate = true> <Delay = 0.00>
ST_13 : Operation 852 [1/1] (0.00ns)   --->   "%sext_ln181_127 = sext i14 %tmpres_ifo_63" [firmware/nnet_utils/nnet_recurrent.h:181]   --->   Operation 852 'sext' 'sext_ln181_127' <Predicate = true> <Delay = 0.00>
ST_13 : Operation 853 [4/4] (1.87ns)   --->   "%mul_ln181_63 = mul i28 %sext_ln181_127, i28 %sext_ln181_126" [firmware/nnet_utils/nnet_recurrent.h:181]   --->   Operation 853 'mul' 'mul_ln181_63' <Predicate = true> <Delay = 1.87> <CoreInst = "Multiplier">   --->   Core 3 'Multiplier' <Latency = 3> <II = 1> <Delay = 1.87> <FuncUnit> <Opcode : 'mul'> <InPorts = 2> <OutPorts = 1>

State 14 <SV = 13> <Delay = 1.87>
ST_14 : Operation 854 [3/4] (1.87ns)   --->   "%mul_ln181 = mul i28 %sext_ln181_1, i28 %sext_ln181" [firmware/nnet_utils/nnet_recurrent.h:181]   --->   Operation 854 'mul' 'mul_ln181' <Predicate = true> <Delay = 1.87> <CoreInst = "Multiplier">   --->   Core 3 'Multiplier' <Latency = 3> <II = 1> <Delay = 1.87> <FuncUnit> <Opcode : 'mul'> <InPorts = 2> <OutPorts = 1>
ST_14 : Operation 855 [3/4] (1.87ns)   --->   "%mul_ln181_1 = mul i28 %sext_ln181_3, i28 %sext_ln181_2" [firmware/nnet_utils/nnet_recurrent.h:181]   --->   Operation 855 'mul' 'mul_ln181_1' <Predicate = true> <Delay = 1.87> <CoreInst = "Multiplier">   --->   Core 3 'Multiplier' <Latency = 3> <II = 1> <Delay = 1.87> <FuncUnit> <Opcode : 'mul'> <InPorts = 2> <OutPorts = 1>
ST_14 : Operation 856 [3/4] (1.87ns)   --->   "%mul_ln181_2 = mul i28 %sext_ln181_5, i28 %sext_ln181_4" [firmware/nnet_utils/nnet_recurrent.h:181]   --->   Operation 856 'mul' 'mul_ln181_2' <Predicate = true> <Delay = 1.87> <CoreInst = "Multiplier">   --->   Core 3 'Multiplier' <Latency = 3> <II = 1> <Delay = 1.87> <FuncUnit> <Opcode : 'mul'> <InPorts = 2> <OutPorts = 1>
ST_14 : Operation 857 [3/4] (1.87ns)   --->   "%mul_ln181_3 = mul i28 %sext_ln181_7, i28 %sext_ln181_6" [firmware/nnet_utils/nnet_recurrent.h:181]   --->   Operation 857 'mul' 'mul_ln181_3' <Predicate = true> <Delay = 1.87> <CoreInst = "Multiplier">   --->   Core 3 'Multiplier' <Latency = 3> <II = 1> <Delay = 1.87> <FuncUnit> <Opcode : 'mul'> <InPorts = 2> <OutPorts = 1>
ST_14 : Operation 858 [3/4] (1.87ns)   --->   "%mul_ln181_4 = mul i28 %sext_ln181_9, i28 %sext_ln181_8" [firmware/nnet_utils/nnet_recurrent.h:181]   --->   Operation 858 'mul' 'mul_ln181_4' <Predicate = true> <Delay = 1.87> <CoreInst = "Multiplier">   --->   Core 3 'Multiplier' <Latency = 3> <II = 1> <Delay = 1.87> <FuncUnit> <Opcode : 'mul'> <InPorts = 2> <OutPorts = 1>
ST_14 : Operation 859 [3/4] (1.87ns)   --->   "%mul_ln181_5 = mul i28 %sext_ln181_11, i28 %sext_ln181_10" [firmware/nnet_utils/nnet_recurrent.h:181]   --->   Operation 859 'mul' 'mul_ln181_5' <Predicate = true> <Delay = 1.87> <CoreInst = "Multiplier">   --->   Core 3 'Multiplier' <Latency = 3> <II = 1> <Delay = 1.87> <FuncUnit> <Opcode : 'mul'> <InPorts = 2> <OutPorts = 1>
ST_14 : Operation 860 [3/4] (1.87ns)   --->   "%mul_ln181_6 = mul i28 %sext_ln181_13, i28 %sext_ln181_12" [firmware/nnet_utils/nnet_recurrent.h:181]   --->   Operation 860 'mul' 'mul_ln181_6' <Predicate = true> <Delay = 1.87> <CoreInst = "Multiplier">   --->   Core 3 'Multiplier' <Latency = 3> <II = 1> <Delay = 1.87> <FuncUnit> <Opcode : 'mul'> <InPorts = 2> <OutPorts = 1>
ST_14 : Operation 861 [3/4] (1.87ns)   --->   "%mul_ln181_7 = mul i28 %sext_ln181_15, i28 %sext_ln181_14" [firmware/nnet_utils/nnet_recurrent.h:181]   --->   Operation 861 'mul' 'mul_ln181_7' <Predicate = true> <Delay = 1.87> <CoreInst = "Multiplier">   --->   Core 3 'Multiplier' <Latency = 3> <II = 1> <Delay = 1.87> <FuncUnit> <Opcode : 'mul'> <InPorts = 2> <OutPorts = 1>
ST_14 : Operation 862 [3/4] (1.87ns)   --->   "%mul_ln181_8 = mul i28 %sext_ln181_17, i28 %sext_ln181_16" [firmware/nnet_utils/nnet_recurrent.h:181]   --->   Operation 862 'mul' 'mul_ln181_8' <Predicate = true> <Delay = 1.87> <CoreInst = "Multiplier">   --->   Core 3 'Multiplier' <Latency = 3> <II = 1> <Delay = 1.87> <FuncUnit> <Opcode : 'mul'> <InPorts = 2> <OutPorts = 1>
ST_14 : Operation 863 [3/4] (1.87ns)   --->   "%mul_ln181_9 = mul i28 %sext_ln181_19, i28 %sext_ln181_18" [firmware/nnet_utils/nnet_recurrent.h:181]   --->   Operation 863 'mul' 'mul_ln181_9' <Predicate = true> <Delay = 1.87> <CoreInst = "Multiplier">   --->   Core 3 'Multiplier' <Latency = 3> <II = 1> <Delay = 1.87> <FuncUnit> <Opcode : 'mul'> <InPorts = 2> <OutPorts = 1>
ST_14 : Operation 864 [3/4] (1.87ns)   --->   "%mul_ln181_10 = mul i28 %sext_ln181_21, i28 %sext_ln181_20" [firmware/nnet_utils/nnet_recurrent.h:181]   --->   Operation 864 'mul' 'mul_ln181_10' <Predicate = true> <Delay = 1.87> <CoreInst = "Multiplier">   --->   Core 3 'Multiplier' <Latency = 3> <II = 1> <Delay = 1.87> <FuncUnit> <Opcode : 'mul'> <InPorts = 2> <OutPorts = 1>
ST_14 : Operation 865 [3/4] (1.87ns)   --->   "%mul_ln181_11 = mul i28 %sext_ln181_23, i28 %sext_ln181_22" [firmware/nnet_utils/nnet_recurrent.h:181]   --->   Operation 865 'mul' 'mul_ln181_11' <Predicate = true> <Delay = 1.87> <CoreInst = "Multiplier">   --->   Core 3 'Multiplier' <Latency = 3> <II = 1> <Delay = 1.87> <FuncUnit> <Opcode : 'mul'> <InPorts = 2> <OutPorts = 1>
ST_14 : Operation 866 [3/4] (1.87ns)   --->   "%mul_ln181_12 = mul i28 %sext_ln181_25, i28 %sext_ln181_24" [firmware/nnet_utils/nnet_recurrent.h:181]   --->   Operation 866 'mul' 'mul_ln181_12' <Predicate = true> <Delay = 1.87> <CoreInst = "Multiplier">   --->   Core 3 'Multiplier' <Latency = 3> <II = 1> <Delay = 1.87> <FuncUnit> <Opcode : 'mul'> <InPorts = 2> <OutPorts = 1>
ST_14 : Operation 867 [3/4] (1.87ns)   --->   "%mul_ln181_13 = mul i28 %sext_ln181_27, i28 %sext_ln181_26" [firmware/nnet_utils/nnet_recurrent.h:181]   --->   Operation 867 'mul' 'mul_ln181_13' <Predicate = true> <Delay = 1.87> <CoreInst = "Multiplier">   --->   Core 3 'Multiplier' <Latency = 3> <II = 1> <Delay = 1.87> <FuncUnit> <Opcode : 'mul'> <InPorts = 2> <OutPorts = 1>
ST_14 : Operation 868 [3/4] (1.87ns)   --->   "%mul_ln181_14 = mul i28 %sext_ln181_29, i28 %sext_ln181_28" [firmware/nnet_utils/nnet_recurrent.h:181]   --->   Operation 868 'mul' 'mul_ln181_14' <Predicate = true> <Delay = 1.87> <CoreInst = "Multiplier">   --->   Core 3 'Multiplier' <Latency = 3> <II = 1> <Delay = 1.87> <FuncUnit> <Opcode : 'mul'> <InPorts = 2> <OutPorts = 1>
ST_14 : Operation 869 [3/4] (1.87ns)   --->   "%mul_ln181_15 = mul i28 %sext_ln181_31, i28 %sext_ln181_30" [firmware/nnet_utils/nnet_recurrent.h:181]   --->   Operation 869 'mul' 'mul_ln181_15' <Predicate = true> <Delay = 1.87> <CoreInst = "Multiplier">   --->   Core 3 'Multiplier' <Latency = 3> <II = 1> <Delay = 1.87> <FuncUnit> <Opcode : 'mul'> <InPorts = 2> <OutPorts = 1>
ST_14 : Operation 870 [3/4] (1.87ns)   --->   "%mul_ln181_16 = mul i28 %sext_ln181_33, i28 %sext_ln181_32" [firmware/nnet_utils/nnet_recurrent.h:181]   --->   Operation 870 'mul' 'mul_ln181_16' <Predicate = true> <Delay = 1.87> <CoreInst = "Multiplier">   --->   Core 3 'Multiplier' <Latency = 3> <II = 1> <Delay = 1.87> <FuncUnit> <Opcode : 'mul'> <InPorts = 2> <OutPorts = 1>
ST_14 : Operation 871 [3/4] (1.87ns)   --->   "%mul_ln181_17 = mul i28 %sext_ln181_35, i28 %sext_ln181_34" [firmware/nnet_utils/nnet_recurrent.h:181]   --->   Operation 871 'mul' 'mul_ln181_17' <Predicate = true> <Delay = 1.87> <CoreInst = "Multiplier">   --->   Core 3 'Multiplier' <Latency = 3> <II = 1> <Delay = 1.87> <FuncUnit> <Opcode : 'mul'> <InPorts = 2> <OutPorts = 1>
ST_14 : Operation 872 [3/4] (1.87ns)   --->   "%mul_ln181_18 = mul i28 %sext_ln181_37, i28 %sext_ln181_36" [firmware/nnet_utils/nnet_recurrent.h:181]   --->   Operation 872 'mul' 'mul_ln181_18' <Predicate = true> <Delay = 1.87> <CoreInst = "Multiplier">   --->   Core 3 'Multiplier' <Latency = 3> <II = 1> <Delay = 1.87> <FuncUnit> <Opcode : 'mul'> <InPorts = 2> <OutPorts = 1>
ST_14 : Operation 873 [3/4] (1.87ns)   --->   "%mul_ln181_19 = mul i28 %sext_ln181_39, i28 %sext_ln181_38" [firmware/nnet_utils/nnet_recurrent.h:181]   --->   Operation 873 'mul' 'mul_ln181_19' <Predicate = true> <Delay = 1.87> <CoreInst = "Multiplier">   --->   Core 3 'Multiplier' <Latency = 3> <II = 1> <Delay = 1.87> <FuncUnit> <Opcode : 'mul'> <InPorts = 2> <OutPorts = 1>
ST_14 : Operation 874 [3/4] (1.87ns)   --->   "%mul_ln181_20 = mul i28 %sext_ln181_41, i28 %sext_ln181_40" [firmware/nnet_utils/nnet_recurrent.h:181]   --->   Operation 874 'mul' 'mul_ln181_20' <Predicate = true> <Delay = 1.87> <CoreInst = "Multiplier">   --->   Core 3 'Multiplier' <Latency = 3> <II = 1> <Delay = 1.87> <FuncUnit> <Opcode : 'mul'> <InPorts = 2> <OutPorts = 1>
ST_14 : Operation 875 [3/4] (1.87ns)   --->   "%mul_ln181_21 = mul i28 %sext_ln181_43, i28 %sext_ln181_42" [firmware/nnet_utils/nnet_recurrent.h:181]   --->   Operation 875 'mul' 'mul_ln181_21' <Predicate = true> <Delay = 1.87> <CoreInst = "Multiplier">   --->   Core 3 'Multiplier' <Latency = 3> <II = 1> <Delay = 1.87> <FuncUnit> <Opcode : 'mul'> <InPorts = 2> <OutPorts = 1>
ST_14 : Operation 876 [3/4] (1.87ns)   --->   "%mul_ln181_22 = mul i28 %sext_ln181_45, i28 %sext_ln181_44" [firmware/nnet_utils/nnet_recurrent.h:181]   --->   Operation 876 'mul' 'mul_ln181_22' <Predicate = true> <Delay = 1.87> <CoreInst = "Multiplier">   --->   Core 3 'Multiplier' <Latency = 3> <II = 1> <Delay = 1.87> <FuncUnit> <Opcode : 'mul'> <InPorts = 2> <OutPorts = 1>
ST_14 : Operation 877 [3/4] (1.87ns)   --->   "%mul_ln181_23 = mul i28 %sext_ln181_47, i28 %sext_ln181_46" [firmware/nnet_utils/nnet_recurrent.h:181]   --->   Operation 877 'mul' 'mul_ln181_23' <Predicate = true> <Delay = 1.87> <CoreInst = "Multiplier">   --->   Core 3 'Multiplier' <Latency = 3> <II = 1> <Delay = 1.87> <FuncUnit> <Opcode : 'mul'> <InPorts = 2> <OutPorts = 1>
ST_14 : Operation 878 [3/4] (1.87ns)   --->   "%mul_ln181_24 = mul i28 %sext_ln181_49, i28 %sext_ln181_48" [firmware/nnet_utils/nnet_recurrent.h:181]   --->   Operation 878 'mul' 'mul_ln181_24' <Predicate = true> <Delay = 1.87> <CoreInst = "Multiplier">   --->   Core 3 'Multiplier' <Latency = 3> <II = 1> <Delay = 1.87> <FuncUnit> <Opcode : 'mul'> <InPorts = 2> <OutPorts = 1>
ST_14 : Operation 879 [3/4] (1.87ns)   --->   "%mul_ln181_25 = mul i28 %sext_ln181_51, i28 %sext_ln181_50" [firmware/nnet_utils/nnet_recurrent.h:181]   --->   Operation 879 'mul' 'mul_ln181_25' <Predicate = true> <Delay = 1.87> <CoreInst = "Multiplier">   --->   Core 3 'Multiplier' <Latency = 3> <II = 1> <Delay = 1.87> <FuncUnit> <Opcode : 'mul'> <InPorts = 2> <OutPorts = 1>
ST_14 : Operation 880 [3/4] (1.87ns)   --->   "%mul_ln181_26 = mul i28 %sext_ln181_53, i28 %sext_ln181_52" [firmware/nnet_utils/nnet_recurrent.h:181]   --->   Operation 880 'mul' 'mul_ln181_26' <Predicate = true> <Delay = 1.87> <CoreInst = "Multiplier">   --->   Core 3 'Multiplier' <Latency = 3> <II = 1> <Delay = 1.87> <FuncUnit> <Opcode : 'mul'> <InPorts = 2> <OutPorts = 1>
ST_14 : Operation 881 [3/4] (1.87ns)   --->   "%mul_ln181_27 = mul i28 %sext_ln181_55, i28 %sext_ln181_54" [firmware/nnet_utils/nnet_recurrent.h:181]   --->   Operation 881 'mul' 'mul_ln181_27' <Predicate = true> <Delay = 1.87> <CoreInst = "Multiplier">   --->   Core 3 'Multiplier' <Latency = 3> <II = 1> <Delay = 1.87> <FuncUnit> <Opcode : 'mul'> <InPorts = 2> <OutPorts = 1>
ST_14 : Operation 882 [3/4] (1.87ns)   --->   "%mul_ln181_28 = mul i28 %sext_ln181_57, i28 %sext_ln181_56" [firmware/nnet_utils/nnet_recurrent.h:181]   --->   Operation 882 'mul' 'mul_ln181_28' <Predicate = true> <Delay = 1.87> <CoreInst = "Multiplier">   --->   Core 3 'Multiplier' <Latency = 3> <II = 1> <Delay = 1.87> <FuncUnit> <Opcode : 'mul'> <InPorts = 2> <OutPorts = 1>
ST_14 : Operation 883 [3/4] (1.87ns)   --->   "%mul_ln181_29 = mul i28 %sext_ln181_59, i28 %sext_ln181_58" [firmware/nnet_utils/nnet_recurrent.h:181]   --->   Operation 883 'mul' 'mul_ln181_29' <Predicate = true> <Delay = 1.87> <CoreInst = "Multiplier">   --->   Core 3 'Multiplier' <Latency = 3> <II = 1> <Delay = 1.87> <FuncUnit> <Opcode : 'mul'> <InPorts = 2> <OutPorts = 1>
ST_14 : Operation 884 [3/4] (1.87ns)   --->   "%mul_ln181_30 = mul i28 %sext_ln181_61, i28 %sext_ln181_60" [firmware/nnet_utils/nnet_recurrent.h:181]   --->   Operation 884 'mul' 'mul_ln181_30' <Predicate = true> <Delay = 1.87> <CoreInst = "Multiplier">   --->   Core 3 'Multiplier' <Latency = 3> <II = 1> <Delay = 1.87> <FuncUnit> <Opcode : 'mul'> <InPorts = 2> <OutPorts = 1>
ST_14 : Operation 885 [3/4] (1.87ns)   --->   "%mul_ln181_31 = mul i28 %sext_ln181_63, i28 %sext_ln181_62" [firmware/nnet_utils/nnet_recurrent.h:181]   --->   Operation 885 'mul' 'mul_ln181_31' <Predicate = true> <Delay = 1.87> <CoreInst = "Multiplier">   --->   Core 3 'Multiplier' <Latency = 3> <II = 1> <Delay = 1.87> <FuncUnit> <Opcode : 'mul'> <InPorts = 2> <OutPorts = 1>
ST_14 : Operation 886 [3/4] (1.87ns)   --->   "%mul_ln181_32 = mul i28 %sext_ln181_65, i28 %sext_ln181_64" [firmware/nnet_utils/nnet_recurrent.h:181]   --->   Operation 886 'mul' 'mul_ln181_32' <Predicate = true> <Delay = 1.87> <CoreInst = "Multiplier">   --->   Core 3 'Multiplier' <Latency = 3> <II = 1> <Delay = 1.87> <FuncUnit> <Opcode : 'mul'> <InPorts = 2> <OutPorts = 1>
ST_14 : Operation 887 [3/4] (1.87ns)   --->   "%mul_ln181_33 = mul i28 %sext_ln181_67, i28 %sext_ln181_66" [firmware/nnet_utils/nnet_recurrent.h:181]   --->   Operation 887 'mul' 'mul_ln181_33' <Predicate = true> <Delay = 1.87> <CoreInst = "Multiplier">   --->   Core 3 'Multiplier' <Latency = 3> <II = 1> <Delay = 1.87> <FuncUnit> <Opcode : 'mul'> <InPorts = 2> <OutPorts = 1>
ST_14 : Operation 888 [3/4] (1.87ns)   --->   "%mul_ln181_34 = mul i28 %sext_ln181_69, i28 %sext_ln181_68" [firmware/nnet_utils/nnet_recurrent.h:181]   --->   Operation 888 'mul' 'mul_ln181_34' <Predicate = true> <Delay = 1.87> <CoreInst = "Multiplier">   --->   Core 3 'Multiplier' <Latency = 3> <II = 1> <Delay = 1.87> <FuncUnit> <Opcode : 'mul'> <InPorts = 2> <OutPorts = 1>
ST_14 : Operation 889 [3/4] (1.87ns)   --->   "%mul_ln181_35 = mul i28 %sext_ln181_71, i28 %sext_ln181_70" [firmware/nnet_utils/nnet_recurrent.h:181]   --->   Operation 889 'mul' 'mul_ln181_35' <Predicate = true> <Delay = 1.87> <CoreInst = "Multiplier">   --->   Core 3 'Multiplier' <Latency = 3> <II = 1> <Delay = 1.87> <FuncUnit> <Opcode : 'mul'> <InPorts = 2> <OutPorts = 1>
ST_14 : Operation 890 [3/4] (1.87ns)   --->   "%mul_ln181_36 = mul i28 %sext_ln181_73, i28 %sext_ln181_72" [firmware/nnet_utils/nnet_recurrent.h:181]   --->   Operation 890 'mul' 'mul_ln181_36' <Predicate = true> <Delay = 1.87> <CoreInst = "Multiplier">   --->   Core 3 'Multiplier' <Latency = 3> <II = 1> <Delay = 1.87> <FuncUnit> <Opcode : 'mul'> <InPorts = 2> <OutPorts = 1>
ST_14 : Operation 891 [3/4] (1.87ns)   --->   "%mul_ln181_37 = mul i28 %sext_ln181_75, i28 %sext_ln181_74" [firmware/nnet_utils/nnet_recurrent.h:181]   --->   Operation 891 'mul' 'mul_ln181_37' <Predicate = true> <Delay = 1.87> <CoreInst = "Multiplier">   --->   Core 3 'Multiplier' <Latency = 3> <II = 1> <Delay = 1.87> <FuncUnit> <Opcode : 'mul'> <InPorts = 2> <OutPorts = 1>
ST_14 : Operation 892 [3/4] (1.87ns)   --->   "%mul_ln181_38 = mul i28 %sext_ln181_77, i28 %sext_ln181_76" [firmware/nnet_utils/nnet_recurrent.h:181]   --->   Operation 892 'mul' 'mul_ln181_38' <Predicate = true> <Delay = 1.87> <CoreInst = "Multiplier">   --->   Core 3 'Multiplier' <Latency = 3> <II = 1> <Delay = 1.87> <FuncUnit> <Opcode : 'mul'> <InPorts = 2> <OutPorts = 1>
ST_14 : Operation 893 [3/4] (1.87ns)   --->   "%mul_ln181_39 = mul i28 %sext_ln181_79, i28 %sext_ln181_78" [firmware/nnet_utils/nnet_recurrent.h:181]   --->   Operation 893 'mul' 'mul_ln181_39' <Predicate = true> <Delay = 1.87> <CoreInst = "Multiplier">   --->   Core 3 'Multiplier' <Latency = 3> <II = 1> <Delay = 1.87> <FuncUnit> <Opcode : 'mul'> <InPorts = 2> <OutPorts = 1>
ST_14 : Operation 894 [3/4] (1.87ns)   --->   "%mul_ln181_40 = mul i28 %sext_ln181_81, i28 %sext_ln181_80" [firmware/nnet_utils/nnet_recurrent.h:181]   --->   Operation 894 'mul' 'mul_ln181_40' <Predicate = true> <Delay = 1.87> <CoreInst = "Multiplier">   --->   Core 3 'Multiplier' <Latency = 3> <II = 1> <Delay = 1.87> <FuncUnit> <Opcode : 'mul'> <InPorts = 2> <OutPorts = 1>
ST_14 : Operation 895 [3/4] (1.87ns)   --->   "%mul_ln181_41 = mul i28 %sext_ln181_83, i28 %sext_ln181_82" [firmware/nnet_utils/nnet_recurrent.h:181]   --->   Operation 895 'mul' 'mul_ln181_41' <Predicate = true> <Delay = 1.87> <CoreInst = "Multiplier">   --->   Core 3 'Multiplier' <Latency = 3> <II = 1> <Delay = 1.87> <FuncUnit> <Opcode : 'mul'> <InPorts = 2> <OutPorts = 1>
ST_14 : Operation 896 [3/4] (1.87ns)   --->   "%mul_ln181_42 = mul i28 %sext_ln181_85, i28 %sext_ln181_84" [firmware/nnet_utils/nnet_recurrent.h:181]   --->   Operation 896 'mul' 'mul_ln181_42' <Predicate = true> <Delay = 1.87> <CoreInst = "Multiplier">   --->   Core 3 'Multiplier' <Latency = 3> <II = 1> <Delay = 1.87> <FuncUnit> <Opcode : 'mul'> <InPorts = 2> <OutPorts = 1>
ST_14 : Operation 897 [3/4] (1.87ns)   --->   "%mul_ln181_43 = mul i28 %sext_ln181_87, i28 %sext_ln181_86" [firmware/nnet_utils/nnet_recurrent.h:181]   --->   Operation 897 'mul' 'mul_ln181_43' <Predicate = true> <Delay = 1.87> <CoreInst = "Multiplier">   --->   Core 3 'Multiplier' <Latency = 3> <II = 1> <Delay = 1.87> <FuncUnit> <Opcode : 'mul'> <InPorts = 2> <OutPorts = 1>
ST_14 : Operation 898 [3/4] (1.87ns)   --->   "%mul_ln181_44 = mul i28 %sext_ln181_89, i28 %sext_ln181_88" [firmware/nnet_utils/nnet_recurrent.h:181]   --->   Operation 898 'mul' 'mul_ln181_44' <Predicate = true> <Delay = 1.87> <CoreInst = "Multiplier">   --->   Core 3 'Multiplier' <Latency = 3> <II = 1> <Delay = 1.87> <FuncUnit> <Opcode : 'mul'> <InPorts = 2> <OutPorts = 1>
ST_14 : Operation 899 [3/4] (1.87ns)   --->   "%mul_ln181_45 = mul i28 %sext_ln181_91, i28 %sext_ln181_90" [firmware/nnet_utils/nnet_recurrent.h:181]   --->   Operation 899 'mul' 'mul_ln181_45' <Predicate = true> <Delay = 1.87> <CoreInst = "Multiplier">   --->   Core 3 'Multiplier' <Latency = 3> <II = 1> <Delay = 1.87> <FuncUnit> <Opcode : 'mul'> <InPorts = 2> <OutPorts = 1>
ST_14 : Operation 900 [3/4] (1.87ns)   --->   "%mul_ln181_46 = mul i28 %sext_ln181_93, i28 %sext_ln181_92" [firmware/nnet_utils/nnet_recurrent.h:181]   --->   Operation 900 'mul' 'mul_ln181_46' <Predicate = true> <Delay = 1.87> <CoreInst = "Multiplier">   --->   Core 3 'Multiplier' <Latency = 3> <II = 1> <Delay = 1.87> <FuncUnit> <Opcode : 'mul'> <InPorts = 2> <OutPorts = 1>
ST_14 : Operation 901 [3/4] (1.87ns)   --->   "%mul_ln181_47 = mul i28 %sext_ln181_95, i28 %sext_ln181_94" [firmware/nnet_utils/nnet_recurrent.h:181]   --->   Operation 901 'mul' 'mul_ln181_47' <Predicate = true> <Delay = 1.87> <CoreInst = "Multiplier">   --->   Core 3 'Multiplier' <Latency = 3> <II = 1> <Delay = 1.87> <FuncUnit> <Opcode : 'mul'> <InPorts = 2> <OutPorts = 1>
ST_14 : Operation 902 [3/4] (1.87ns)   --->   "%mul_ln181_48 = mul i28 %sext_ln181_97, i28 %sext_ln181_96" [firmware/nnet_utils/nnet_recurrent.h:181]   --->   Operation 902 'mul' 'mul_ln181_48' <Predicate = true> <Delay = 1.87> <CoreInst = "Multiplier">   --->   Core 3 'Multiplier' <Latency = 3> <II = 1> <Delay = 1.87> <FuncUnit> <Opcode : 'mul'> <InPorts = 2> <OutPorts = 1>
ST_14 : Operation 903 [3/4] (1.87ns)   --->   "%mul_ln181_49 = mul i28 %sext_ln181_99, i28 %sext_ln181_98" [firmware/nnet_utils/nnet_recurrent.h:181]   --->   Operation 903 'mul' 'mul_ln181_49' <Predicate = true> <Delay = 1.87> <CoreInst = "Multiplier">   --->   Core 3 'Multiplier' <Latency = 3> <II = 1> <Delay = 1.87> <FuncUnit> <Opcode : 'mul'> <InPorts = 2> <OutPorts = 1>
ST_14 : Operation 904 [3/4] (1.87ns)   --->   "%mul_ln181_50 = mul i28 %sext_ln181_101, i28 %sext_ln181_100" [firmware/nnet_utils/nnet_recurrent.h:181]   --->   Operation 904 'mul' 'mul_ln181_50' <Predicate = true> <Delay = 1.87> <CoreInst = "Multiplier">   --->   Core 3 'Multiplier' <Latency = 3> <II = 1> <Delay = 1.87> <FuncUnit> <Opcode : 'mul'> <InPorts = 2> <OutPorts = 1>
ST_14 : Operation 905 [3/4] (1.87ns)   --->   "%mul_ln181_51 = mul i28 %sext_ln181_103, i28 %sext_ln181_102" [firmware/nnet_utils/nnet_recurrent.h:181]   --->   Operation 905 'mul' 'mul_ln181_51' <Predicate = true> <Delay = 1.87> <CoreInst = "Multiplier">   --->   Core 3 'Multiplier' <Latency = 3> <II = 1> <Delay = 1.87> <FuncUnit> <Opcode : 'mul'> <InPorts = 2> <OutPorts = 1>
ST_14 : Operation 906 [3/4] (1.87ns)   --->   "%mul_ln181_52 = mul i28 %sext_ln181_105, i28 %sext_ln181_104" [firmware/nnet_utils/nnet_recurrent.h:181]   --->   Operation 906 'mul' 'mul_ln181_52' <Predicate = true> <Delay = 1.87> <CoreInst = "Multiplier">   --->   Core 3 'Multiplier' <Latency = 3> <II = 1> <Delay = 1.87> <FuncUnit> <Opcode : 'mul'> <InPorts = 2> <OutPorts = 1>
ST_14 : Operation 907 [3/4] (1.87ns)   --->   "%mul_ln181_53 = mul i28 %sext_ln181_107, i28 %sext_ln181_106" [firmware/nnet_utils/nnet_recurrent.h:181]   --->   Operation 907 'mul' 'mul_ln181_53' <Predicate = true> <Delay = 1.87> <CoreInst = "Multiplier">   --->   Core 3 'Multiplier' <Latency = 3> <II = 1> <Delay = 1.87> <FuncUnit> <Opcode : 'mul'> <InPorts = 2> <OutPorts = 1>
ST_14 : Operation 908 [3/4] (1.87ns)   --->   "%mul_ln181_54 = mul i28 %sext_ln181_109, i28 %sext_ln181_108" [firmware/nnet_utils/nnet_recurrent.h:181]   --->   Operation 908 'mul' 'mul_ln181_54' <Predicate = true> <Delay = 1.87> <CoreInst = "Multiplier">   --->   Core 3 'Multiplier' <Latency = 3> <II = 1> <Delay = 1.87> <FuncUnit> <Opcode : 'mul'> <InPorts = 2> <OutPorts = 1>
ST_14 : Operation 909 [3/4] (1.87ns)   --->   "%mul_ln181_55 = mul i28 %sext_ln181_111, i28 %sext_ln181_110" [firmware/nnet_utils/nnet_recurrent.h:181]   --->   Operation 909 'mul' 'mul_ln181_55' <Predicate = true> <Delay = 1.87> <CoreInst = "Multiplier">   --->   Core 3 'Multiplier' <Latency = 3> <II = 1> <Delay = 1.87> <FuncUnit> <Opcode : 'mul'> <InPorts = 2> <OutPorts = 1>
ST_14 : Operation 910 [3/4] (1.87ns)   --->   "%mul_ln181_56 = mul i28 %sext_ln181_113, i28 %sext_ln181_112" [firmware/nnet_utils/nnet_recurrent.h:181]   --->   Operation 910 'mul' 'mul_ln181_56' <Predicate = true> <Delay = 1.87> <CoreInst = "Multiplier">   --->   Core 3 'Multiplier' <Latency = 3> <II = 1> <Delay = 1.87> <FuncUnit> <Opcode : 'mul'> <InPorts = 2> <OutPorts = 1>
ST_14 : Operation 911 [3/4] (1.87ns)   --->   "%mul_ln181_57 = mul i28 %sext_ln181_115, i28 %sext_ln181_114" [firmware/nnet_utils/nnet_recurrent.h:181]   --->   Operation 911 'mul' 'mul_ln181_57' <Predicate = true> <Delay = 1.87> <CoreInst = "Multiplier">   --->   Core 3 'Multiplier' <Latency = 3> <II = 1> <Delay = 1.87> <FuncUnit> <Opcode : 'mul'> <InPorts = 2> <OutPorts = 1>
ST_14 : Operation 912 [3/4] (1.87ns)   --->   "%mul_ln181_58 = mul i28 %sext_ln181_117, i28 %sext_ln181_116" [firmware/nnet_utils/nnet_recurrent.h:181]   --->   Operation 912 'mul' 'mul_ln181_58' <Predicate = true> <Delay = 1.87> <CoreInst = "Multiplier">   --->   Core 3 'Multiplier' <Latency = 3> <II = 1> <Delay = 1.87> <FuncUnit> <Opcode : 'mul'> <InPorts = 2> <OutPorts = 1>
ST_14 : Operation 913 [3/4] (1.87ns)   --->   "%mul_ln181_59 = mul i28 %sext_ln181_119, i28 %sext_ln181_118" [firmware/nnet_utils/nnet_recurrent.h:181]   --->   Operation 913 'mul' 'mul_ln181_59' <Predicate = true> <Delay = 1.87> <CoreInst = "Multiplier">   --->   Core 3 'Multiplier' <Latency = 3> <II = 1> <Delay = 1.87> <FuncUnit> <Opcode : 'mul'> <InPorts = 2> <OutPorts = 1>
ST_14 : Operation 914 [3/4] (1.87ns)   --->   "%mul_ln181_60 = mul i28 %sext_ln181_121, i28 %sext_ln181_120" [firmware/nnet_utils/nnet_recurrent.h:181]   --->   Operation 914 'mul' 'mul_ln181_60' <Predicate = true> <Delay = 1.87> <CoreInst = "Multiplier">   --->   Core 3 'Multiplier' <Latency = 3> <II = 1> <Delay = 1.87> <FuncUnit> <Opcode : 'mul'> <InPorts = 2> <OutPorts = 1>
ST_14 : Operation 915 [3/4] (1.87ns)   --->   "%mul_ln181_61 = mul i28 %sext_ln181_123, i28 %sext_ln181_122" [firmware/nnet_utils/nnet_recurrent.h:181]   --->   Operation 915 'mul' 'mul_ln181_61' <Predicate = true> <Delay = 1.87> <CoreInst = "Multiplier">   --->   Core 3 'Multiplier' <Latency = 3> <II = 1> <Delay = 1.87> <FuncUnit> <Opcode : 'mul'> <InPorts = 2> <OutPorts = 1>
ST_14 : Operation 916 [3/4] (1.87ns)   --->   "%mul_ln181_62 = mul i28 %sext_ln181_125, i28 %sext_ln181_124" [firmware/nnet_utils/nnet_recurrent.h:181]   --->   Operation 916 'mul' 'mul_ln181_62' <Predicate = true> <Delay = 1.87> <CoreInst = "Multiplier">   --->   Core 3 'Multiplier' <Latency = 3> <II = 1> <Delay = 1.87> <FuncUnit> <Opcode : 'mul'> <InPorts = 2> <OutPorts = 1>
ST_14 : Operation 917 [3/4] (1.87ns)   --->   "%mul_ln181_63 = mul i28 %sext_ln181_127, i28 %sext_ln181_126" [firmware/nnet_utils/nnet_recurrent.h:181]   --->   Operation 917 'mul' 'mul_ln181_63' <Predicate = true> <Delay = 1.87> <CoreInst = "Multiplier">   --->   Core 3 'Multiplier' <Latency = 3> <II = 1> <Delay = 1.87> <FuncUnit> <Opcode : 'mul'> <InPorts = 2> <OutPorts = 1>

State 15 <SV = 14> <Delay = 1.87>
ST_15 : Operation 918 [2/4] (1.87ns)   --->   "%mul_ln181 = mul i28 %sext_ln181_1, i28 %sext_ln181" [firmware/nnet_utils/nnet_recurrent.h:181]   --->   Operation 918 'mul' 'mul_ln181' <Predicate = true> <Delay = 1.87> <CoreInst = "Multiplier">   --->   Core 3 'Multiplier' <Latency = 3> <II = 1> <Delay = 1.87> <FuncUnit> <Opcode : 'mul'> <InPorts = 2> <OutPorts = 1>
ST_15 : Operation 919 [2/4] (1.87ns)   --->   "%mul_ln181_1 = mul i28 %sext_ln181_3, i28 %sext_ln181_2" [firmware/nnet_utils/nnet_recurrent.h:181]   --->   Operation 919 'mul' 'mul_ln181_1' <Predicate = true> <Delay = 1.87> <CoreInst = "Multiplier">   --->   Core 3 'Multiplier' <Latency = 3> <II = 1> <Delay = 1.87> <FuncUnit> <Opcode : 'mul'> <InPorts = 2> <OutPorts = 1>
ST_15 : Operation 920 [2/4] (1.87ns)   --->   "%mul_ln181_2 = mul i28 %sext_ln181_5, i28 %sext_ln181_4" [firmware/nnet_utils/nnet_recurrent.h:181]   --->   Operation 920 'mul' 'mul_ln181_2' <Predicate = true> <Delay = 1.87> <CoreInst = "Multiplier">   --->   Core 3 'Multiplier' <Latency = 3> <II = 1> <Delay = 1.87> <FuncUnit> <Opcode : 'mul'> <InPorts = 2> <OutPorts = 1>
ST_15 : Operation 921 [2/4] (1.87ns)   --->   "%mul_ln181_3 = mul i28 %sext_ln181_7, i28 %sext_ln181_6" [firmware/nnet_utils/nnet_recurrent.h:181]   --->   Operation 921 'mul' 'mul_ln181_3' <Predicate = true> <Delay = 1.87> <CoreInst = "Multiplier">   --->   Core 3 'Multiplier' <Latency = 3> <II = 1> <Delay = 1.87> <FuncUnit> <Opcode : 'mul'> <InPorts = 2> <OutPorts = 1>
ST_15 : Operation 922 [2/4] (1.87ns)   --->   "%mul_ln181_4 = mul i28 %sext_ln181_9, i28 %sext_ln181_8" [firmware/nnet_utils/nnet_recurrent.h:181]   --->   Operation 922 'mul' 'mul_ln181_4' <Predicate = true> <Delay = 1.87> <CoreInst = "Multiplier">   --->   Core 3 'Multiplier' <Latency = 3> <II = 1> <Delay = 1.87> <FuncUnit> <Opcode : 'mul'> <InPorts = 2> <OutPorts = 1>
ST_15 : Operation 923 [2/4] (1.87ns)   --->   "%mul_ln181_5 = mul i28 %sext_ln181_11, i28 %sext_ln181_10" [firmware/nnet_utils/nnet_recurrent.h:181]   --->   Operation 923 'mul' 'mul_ln181_5' <Predicate = true> <Delay = 1.87> <CoreInst = "Multiplier">   --->   Core 3 'Multiplier' <Latency = 3> <II = 1> <Delay = 1.87> <FuncUnit> <Opcode : 'mul'> <InPorts = 2> <OutPorts = 1>
ST_15 : Operation 924 [2/4] (1.87ns)   --->   "%mul_ln181_6 = mul i28 %sext_ln181_13, i28 %sext_ln181_12" [firmware/nnet_utils/nnet_recurrent.h:181]   --->   Operation 924 'mul' 'mul_ln181_6' <Predicate = true> <Delay = 1.87> <CoreInst = "Multiplier">   --->   Core 3 'Multiplier' <Latency = 3> <II = 1> <Delay = 1.87> <FuncUnit> <Opcode : 'mul'> <InPorts = 2> <OutPorts = 1>
ST_15 : Operation 925 [2/4] (1.87ns)   --->   "%mul_ln181_7 = mul i28 %sext_ln181_15, i28 %sext_ln181_14" [firmware/nnet_utils/nnet_recurrent.h:181]   --->   Operation 925 'mul' 'mul_ln181_7' <Predicate = true> <Delay = 1.87> <CoreInst = "Multiplier">   --->   Core 3 'Multiplier' <Latency = 3> <II = 1> <Delay = 1.87> <FuncUnit> <Opcode : 'mul'> <InPorts = 2> <OutPorts = 1>
ST_15 : Operation 926 [2/4] (1.87ns)   --->   "%mul_ln181_8 = mul i28 %sext_ln181_17, i28 %sext_ln181_16" [firmware/nnet_utils/nnet_recurrent.h:181]   --->   Operation 926 'mul' 'mul_ln181_8' <Predicate = true> <Delay = 1.87> <CoreInst = "Multiplier">   --->   Core 3 'Multiplier' <Latency = 3> <II = 1> <Delay = 1.87> <FuncUnit> <Opcode : 'mul'> <InPorts = 2> <OutPorts = 1>
ST_15 : Operation 927 [2/4] (1.87ns)   --->   "%mul_ln181_9 = mul i28 %sext_ln181_19, i28 %sext_ln181_18" [firmware/nnet_utils/nnet_recurrent.h:181]   --->   Operation 927 'mul' 'mul_ln181_9' <Predicate = true> <Delay = 1.87> <CoreInst = "Multiplier">   --->   Core 3 'Multiplier' <Latency = 3> <II = 1> <Delay = 1.87> <FuncUnit> <Opcode : 'mul'> <InPorts = 2> <OutPorts = 1>
ST_15 : Operation 928 [2/4] (1.87ns)   --->   "%mul_ln181_10 = mul i28 %sext_ln181_21, i28 %sext_ln181_20" [firmware/nnet_utils/nnet_recurrent.h:181]   --->   Operation 928 'mul' 'mul_ln181_10' <Predicate = true> <Delay = 1.87> <CoreInst = "Multiplier">   --->   Core 3 'Multiplier' <Latency = 3> <II = 1> <Delay = 1.87> <FuncUnit> <Opcode : 'mul'> <InPorts = 2> <OutPorts = 1>
ST_15 : Operation 929 [2/4] (1.87ns)   --->   "%mul_ln181_11 = mul i28 %sext_ln181_23, i28 %sext_ln181_22" [firmware/nnet_utils/nnet_recurrent.h:181]   --->   Operation 929 'mul' 'mul_ln181_11' <Predicate = true> <Delay = 1.87> <CoreInst = "Multiplier">   --->   Core 3 'Multiplier' <Latency = 3> <II = 1> <Delay = 1.87> <FuncUnit> <Opcode : 'mul'> <InPorts = 2> <OutPorts = 1>
ST_15 : Operation 930 [2/4] (1.87ns)   --->   "%mul_ln181_12 = mul i28 %sext_ln181_25, i28 %sext_ln181_24" [firmware/nnet_utils/nnet_recurrent.h:181]   --->   Operation 930 'mul' 'mul_ln181_12' <Predicate = true> <Delay = 1.87> <CoreInst = "Multiplier">   --->   Core 3 'Multiplier' <Latency = 3> <II = 1> <Delay = 1.87> <FuncUnit> <Opcode : 'mul'> <InPorts = 2> <OutPorts = 1>
ST_15 : Operation 931 [2/4] (1.87ns)   --->   "%mul_ln181_13 = mul i28 %sext_ln181_27, i28 %sext_ln181_26" [firmware/nnet_utils/nnet_recurrent.h:181]   --->   Operation 931 'mul' 'mul_ln181_13' <Predicate = true> <Delay = 1.87> <CoreInst = "Multiplier">   --->   Core 3 'Multiplier' <Latency = 3> <II = 1> <Delay = 1.87> <FuncUnit> <Opcode : 'mul'> <InPorts = 2> <OutPorts = 1>
ST_15 : Operation 932 [2/4] (1.87ns)   --->   "%mul_ln181_14 = mul i28 %sext_ln181_29, i28 %sext_ln181_28" [firmware/nnet_utils/nnet_recurrent.h:181]   --->   Operation 932 'mul' 'mul_ln181_14' <Predicate = true> <Delay = 1.87> <CoreInst = "Multiplier">   --->   Core 3 'Multiplier' <Latency = 3> <II = 1> <Delay = 1.87> <FuncUnit> <Opcode : 'mul'> <InPorts = 2> <OutPorts = 1>
ST_15 : Operation 933 [2/4] (1.87ns)   --->   "%mul_ln181_15 = mul i28 %sext_ln181_31, i28 %sext_ln181_30" [firmware/nnet_utils/nnet_recurrent.h:181]   --->   Operation 933 'mul' 'mul_ln181_15' <Predicate = true> <Delay = 1.87> <CoreInst = "Multiplier">   --->   Core 3 'Multiplier' <Latency = 3> <II = 1> <Delay = 1.87> <FuncUnit> <Opcode : 'mul'> <InPorts = 2> <OutPorts = 1>
ST_15 : Operation 934 [2/4] (1.87ns)   --->   "%mul_ln181_16 = mul i28 %sext_ln181_33, i28 %sext_ln181_32" [firmware/nnet_utils/nnet_recurrent.h:181]   --->   Operation 934 'mul' 'mul_ln181_16' <Predicate = true> <Delay = 1.87> <CoreInst = "Multiplier">   --->   Core 3 'Multiplier' <Latency = 3> <II = 1> <Delay = 1.87> <FuncUnit> <Opcode : 'mul'> <InPorts = 2> <OutPorts = 1>
ST_15 : Operation 935 [2/4] (1.87ns)   --->   "%mul_ln181_17 = mul i28 %sext_ln181_35, i28 %sext_ln181_34" [firmware/nnet_utils/nnet_recurrent.h:181]   --->   Operation 935 'mul' 'mul_ln181_17' <Predicate = true> <Delay = 1.87> <CoreInst = "Multiplier">   --->   Core 3 'Multiplier' <Latency = 3> <II = 1> <Delay = 1.87> <FuncUnit> <Opcode : 'mul'> <InPorts = 2> <OutPorts = 1>
ST_15 : Operation 936 [2/4] (1.87ns)   --->   "%mul_ln181_18 = mul i28 %sext_ln181_37, i28 %sext_ln181_36" [firmware/nnet_utils/nnet_recurrent.h:181]   --->   Operation 936 'mul' 'mul_ln181_18' <Predicate = true> <Delay = 1.87> <CoreInst = "Multiplier">   --->   Core 3 'Multiplier' <Latency = 3> <II = 1> <Delay = 1.87> <FuncUnit> <Opcode : 'mul'> <InPorts = 2> <OutPorts = 1>
ST_15 : Operation 937 [2/4] (1.87ns)   --->   "%mul_ln181_19 = mul i28 %sext_ln181_39, i28 %sext_ln181_38" [firmware/nnet_utils/nnet_recurrent.h:181]   --->   Operation 937 'mul' 'mul_ln181_19' <Predicate = true> <Delay = 1.87> <CoreInst = "Multiplier">   --->   Core 3 'Multiplier' <Latency = 3> <II = 1> <Delay = 1.87> <FuncUnit> <Opcode : 'mul'> <InPorts = 2> <OutPorts = 1>
ST_15 : Operation 938 [2/4] (1.87ns)   --->   "%mul_ln181_20 = mul i28 %sext_ln181_41, i28 %sext_ln181_40" [firmware/nnet_utils/nnet_recurrent.h:181]   --->   Operation 938 'mul' 'mul_ln181_20' <Predicate = true> <Delay = 1.87> <CoreInst = "Multiplier">   --->   Core 3 'Multiplier' <Latency = 3> <II = 1> <Delay = 1.87> <FuncUnit> <Opcode : 'mul'> <InPorts = 2> <OutPorts = 1>
ST_15 : Operation 939 [2/4] (1.87ns)   --->   "%mul_ln181_21 = mul i28 %sext_ln181_43, i28 %sext_ln181_42" [firmware/nnet_utils/nnet_recurrent.h:181]   --->   Operation 939 'mul' 'mul_ln181_21' <Predicate = true> <Delay = 1.87> <CoreInst = "Multiplier">   --->   Core 3 'Multiplier' <Latency = 3> <II = 1> <Delay = 1.87> <FuncUnit> <Opcode : 'mul'> <InPorts = 2> <OutPorts = 1>
ST_15 : Operation 940 [2/4] (1.87ns)   --->   "%mul_ln181_22 = mul i28 %sext_ln181_45, i28 %sext_ln181_44" [firmware/nnet_utils/nnet_recurrent.h:181]   --->   Operation 940 'mul' 'mul_ln181_22' <Predicate = true> <Delay = 1.87> <CoreInst = "Multiplier">   --->   Core 3 'Multiplier' <Latency = 3> <II = 1> <Delay = 1.87> <FuncUnit> <Opcode : 'mul'> <InPorts = 2> <OutPorts = 1>
ST_15 : Operation 941 [2/4] (1.87ns)   --->   "%mul_ln181_23 = mul i28 %sext_ln181_47, i28 %sext_ln181_46" [firmware/nnet_utils/nnet_recurrent.h:181]   --->   Operation 941 'mul' 'mul_ln181_23' <Predicate = true> <Delay = 1.87> <CoreInst = "Multiplier">   --->   Core 3 'Multiplier' <Latency = 3> <II = 1> <Delay = 1.87> <FuncUnit> <Opcode : 'mul'> <InPorts = 2> <OutPorts = 1>
ST_15 : Operation 942 [2/4] (1.87ns)   --->   "%mul_ln181_24 = mul i28 %sext_ln181_49, i28 %sext_ln181_48" [firmware/nnet_utils/nnet_recurrent.h:181]   --->   Operation 942 'mul' 'mul_ln181_24' <Predicate = true> <Delay = 1.87> <CoreInst = "Multiplier">   --->   Core 3 'Multiplier' <Latency = 3> <II = 1> <Delay = 1.87> <FuncUnit> <Opcode : 'mul'> <InPorts = 2> <OutPorts = 1>
ST_15 : Operation 943 [2/4] (1.87ns)   --->   "%mul_ln181_25 = mul i28 %sext_ln181_51, i28 %sext_ln181_50" [firmware/nnet_utils/nnet_recurrent.h:181]   --->   Operation 943 'mul' 'mul_ln181_25' <Predicate = true> <Delay = 1.87> <CoreInst = "Multiplier">   --->   Core 3 'Multiplier' <Latency = 3> <II = 1> <Delay = 1.87> <FuncUnit> <Opcode : 'mul'> <InPorts = 2> <OutPorts = 1>
ST_15 : Operation 944 [2/4] (1.87ns)   --->   "%mul_ln181_26 = mul i28 %sext_ln181_53, i28 %sext_ln181_52" [firmware/nnet_utils/nnet_recurrent.h:181]   --->   Operation 944 'mul' 'mul_ln181_26' <Predicate = true> <Delay = 1.87> <CoreInst = "Multiplier">   --->   Core 3 'Multiplier' <Latency = 3> <II = 1> <Delay = 1.87> <FuncUnit> <Opcode : 'mul'> <InPorts = 2> <OutPorts = 1>
ST_15 : Operation 945 [2/4] (1.87ns)   --->   "%mul_ln181_27 = mul i28 %sext_ln181_55, i28 %sext_ln181_54" [firmware/nnet_utils/nnet_recurrent.h:181]   --->   Operation 945 'mul' 'mul_ln181_27' <Predicate = true> <Delay = 1.87> <CoreInst = "Multiplier">   --->   Core 3 'Multiplier' <Latency = 3> <II = 1> <Delay = 1.87> <FuncUnit> <Opcode : 'mul'> <InPorts = 2> <OutPorts = 1>
ST_15 : Operation 946 [2/4] (1.87ns)   --->   "%mul_ln181_28 = mul i28 %sext_ln181_57, i28 %sext_ln181_56" [firmware/nnet_utils/nnet_recurrent.h:181]   --->   Operation 946 'mul' 'mul_ln181_28' <Predicate = true> <Delay = 1.87> <CoreInst = "Multiplier">   --->   Core 3 'Multiplier' <Latency = 3> <II = 1> <Delay = 1.87> <FuncUnit> <Opcode : 'mul'> <InPorts = 2> <OutPorts = 1>
ST_15 : Operation 947 [2/4] (1.87ns)   --->   "%mul_ln181_29 = mul i28 %sext_ln181_59, i28 %sext_ln181_58" [firmware/nnet_utils/nnet_recurrent.h:181]   --->   Operation 947 'mul' 'mul_ln181_29' <Predicate = true> <Delay = 1.87> <CoreInst = "Multiplier">   --->   Core 3 'Multiplier' <Latency = 3> <II = 1> <Delay = 1.87> <FuncUnit> <Opcode : 'mul'> <InPorts = 2> <OutPorts = 1>
ST_15 : Operation 948 [2/4] (1.87ns)   --->   "%mul_ln181_30 = mul i28 %sext_ln181_61, i28 %sext_ln181_60" [firmware/nnet_utils/nnet_recurrent.h:181]   --->   Operation 948 'mul' 'mul_ln181_30' <Predicate = true> <Delay = 1.87> <CoreInst = "Multiplier">   --->   Core 3 'Multiplier' <Latency = 3> <II = 1> <Delay = 1.87> <FuncUnit> <Opcode : 'mul'> <InPorts = 2> <OutPorts = 1>
ST_15 : Operation 949 [2/4] (1.87ns)   --->   "%mul_ln181_31 = mul i28 %sext_ln181_63, i28 %sext_ln181_62" [firmware/nnet_utils/nnet_recurrent.h:181]   --->   Operation 949 'mul' 'mul_ln181_31' <Predicate = true> <Delay = 1.87> <CoreInst = "Multiplier">   --->   Core 3 'Multiplier' <Latency = 3> <II = 1> <Delay = 1.87> <FuncUnit> <Opcode : 'mul'> <InPorts = 2> <OutPorts = 1>
ST_15 : Operation 950 [2/4] (1.87ns)   --->   "%mul_ln181_32 = mul i28 %sext_ln181_65, i28 %sext_ln181_64" [firmware/nnet_utils/nnet_recurrent.h:181]   --->   Operation 950 'mul' 'mul_ln181_32' <Predicate = true> <Delay = 1.87> <CoreInst = "Multiplier">   --->   Core 3 'Multiplier' <Latency = 3> <II = 1> <Delay = 1.87> <FuncUnit> <Opcode : 'mul'> <InPorts = 2> <OutPorts = 1>
ST_15 : Operation 951 [2/4] (1.87ns)   --->   "%mul_ln181_33 = mul i28 %sext_ln181_67, i28 %sext_ln181_66" [firmware/nnet_utils/nnet_recurrent.h:181]   --->   Operation 951 'mul' 'mul_ln181_33' <Predicate = true> <Delay = 1.87> <CoreInst = "Multiplier">   --->   Core 3 'Multiplier' <Latency = 3> <II = 1> <Delay = 1.87> <FuncUnit> <Opcode : 'mul'> <InPorts = 2> <OutPorts = 1>
ST_15 : Operation 952 [2/4] (1.87ns)   --->   "%mul_ln181_34 = mul i28 %sext_ln181_69, i28 %sext_ln181_68" [firmware/nnet_utils/nnet_recurrent.h:181]   --->   Operation 952 'mul' 'mul_ln181_34' <Predicate = true> <Delay = 1.87> <CoreInst = "Multiplier">   --->   Core 3 'Multiplier' <Latency = 3> <II = 1> <Delay = 1.87> <FuncUnit> <Opcode : 'mul'> <InPorts = 2> <OutPorts = 1>
ST_15 : Operation 953 [2/4] (1.87ns)   --->   "%mul_ln181_35 = mul i28 %sext_ln181_71, i28 %sext_ln181_70" [firmware/nnet_utils/nnet_recurrent.h:181]   --->   Operation 953 'mul' 'mul_ln181_35' <Predicate = true> <Delay = 1.87> <CoreInst = "Multiplier">   --->   Core 3 'Multiplier' <Latency = 3> <II = 1> <Delay = 1.87> <FuncUnit> <Opcode : 'mul'> <InPorts = 2> <OutPorts = 1>
ST_15 : Operation 954 [2/4] (1.87ns)   --->   "%mul_ln181_36 = mul i28 %sext_ln181_73, i28 %sext_ln181_72" [firmware/nnet_utils/nnet_recurrent.h:181]   --->   Operation 954 'mul' 'mul_ln181_36' <Predicate = true> <Delay = 1.87> <CoreInst = "Multiplier">   --->   Core 3 'Multiplier' <Latency = 3> <II = 1> <Delay = 1.87> <FuncUnit> <Opcode : 'mul'> <InPorts = 2> <OutPorts = 1>
ST_15 : Operation 955 [2/4] (1.87ns)   --->   "%mul_ln181_37 = mul i28 %sext_ln181_75, i28 %sext_ln181_74" [firmware/nnet_utils/nnet_recurrent.h:181]   --->   Operation 955 'mul' 'mul_ln181_37' <Predicate = true> <Delay = 1.87> <CoreInst = "Multiplier">   --->   Core 3 'Multiplier' <Latency = 3> <II = 1> <Delay = 1.87> <FuncUnit> <Opcode : 'mul'> <InPorts = 2> <OutPorts = 1>
ST_15 : Operation 956 [2/4] (1.87ns)   --->   "%mul_ln181_38 = mul i28 %sext_ln181_77, i28 %sext_ln181_76" [firmware/nnet_utils/nnet_recurrent.h:181]   --->   Operation 956 'mul' 'mul_ln181_38' <Predicate = true> <Delay = 1.87> <CoreInst = "Multiplier">   --->   Core 3 'Multiplier' <Latency = 3> <II = 1> <Delay = 1.87> <FuncUnit> <Opcode : 'mul'> <InPorts = 2> <OutPorts = 1>
ST_15 : Operation 957 [2/4] (1.87ns)   --->   "%mul_ln181_39 = mul i28 %sext_ln181_79, i28 %sext_ln181_78" [firmware/nnet_utils/nnet_recurrent.h:181]   --->   Operation 957 'mul' 'mul_ln181_39' <Predicate = true> <Delay = 1.87> <CoreInst = "Multiplier">   --->   Core 3 'Multiplier' <Latency = 3> <II = 1> <Delay = 1.87> <FuncUnit> <Opcode : 'mul'> <InPorts = 2> <OutPorts = 1>
ST_15 : Operation 958 [2/4] (1.87ns)   --->   "%mul_ln181_40 = mul i28 %sext_ln181_81, i28 %sext_ln181_80" [firmware/nnet_utils/nnet_recurrent.h:181]   --->   Operation 958 'mul' 'mul_ln181_40' <Predicate = true> <Delay = 1.87> <CoreInst = "Multiplier">   --->   Core 3 'Multiplier' <Latency = 3> <II = 1> <Delay = 1.87> <FuncUnit> <Opcode : 'mul'> <InPorts = 2> <OutPorts = 1>
ST_15 : Operation 959 [2/4] (1.87ns)   --->   "%mul_ln181_41 = mul i28 %sext_ln181_83, i28 %sext_ln181_82" [firmware/nnet_utils/nnet_recurrent.h:181]   --->   Operation 959 'mul' 'mul_ln181_41' <Predicate = true> <Delay = 1.87> <CoreInst = "Multiplier">   --->   Core 3 'Multiplier' <Latency = 3> <II = 1> <Delay = 1.87> <FuncUnit> <Opcode : 'mul'> <InPorts = 2> <OutPorts = 1>
ST_15 : Operation 960 [2/4] (1.87ns)   --->   "%mul_ln181_42 = mul i28 %sext_ln181_85, i28 %sext_ln181_84" [firmware/nnet_utils/nnet_recurrent.h:181]   --->   Operation 960 'mul' 'mul_ln181_42' <Predicate = true> <Delay = 1.87> <CoreInst = "Multiplier">   --->   Core 3 'Multiplier' <Latency = 3> <II = 1> <Delay = 1.87> <FuncUnit> <Opcode : 'mul'> <InPorts = 2> <OutPorts = 1>
ST_15 : Operation 961 [2/4] (1.87ns)   --->   "%mul_ln181_43 = mul i28 %sext_ln181_87, i28 %sext_ln181_86" [firmware/nnet_utils/nnet_recurrent.h:181]   --->   Operation 961 'mul' 'mul_ln181_43' <Predicate = true> <Delay = 1.87> <CoreInst = "Multiplier">   --->   Core 3 'Multiplier' <Latency = 3> <II = 1> <Delay = 1.87> <FuncUnit> <Opcode : 'mul'> <InPorts = 2> <OutPorts = 1>
ST_15 : Operation 962 [2/4] (1.87ns)   --->   "%mul_ln181_44 = mul i28 %sext_ln181_89, i28 %sext_ln181_88" [firmware/nnet_utils/nnet_recurrent.h:181]   --->   Operation 962 'mul' 'mul_ln181_44' <Predicate = true> <Delay = 1.87> <CoreInst = "Multiplier">   --->   Core 3 'Multiplier' <Latency = 3> <II = 1> <Delay = 1.87> <FuncUnit> <Opcode : 'mul'> <InPorts = 2> <OutPorts = 1>
ST_15 : Operation 963 [2/4] (1.87ns)   --->   "%mul_ln181_45 = mul i28 %sext_ln181_91, i28 %sext_ln181_90" [firmware/nnet_utils/nnet_recurrent.h:181]   --->   Operation 963 'mul' 'mul_ln181_45' <Predicate = true> <Delay = 1.87> <CoreInst = "Multiplier">   --->   Core 3 'Multiplier' <Latency = 3> <II = 1> <Delay = 1.87> <FuncUnit> <Opcode : 'mul'> <InPorts = 2> <OutPorts = 1>
ST_15 : Operation 964 [2/4] (1.87ns)   --->   "%mul_ln181_46 = mul i28 %sext_ln181_93, i28 %sext_ln181_92" [firmware/nnet_utils/nnet_recurrent.h:181]   --->   Operation 964 'mul' 'mul_ln181_46' <Predicate = true> <Delay = 1.87> <CoreInst = "Multiplier">   --->   Core 3 'Multiplier' <Latency = 3> <II = 1> <Delay = 1.87> <FuncUnit> <Opcode : 'mul'> <InPorts = 2> <OutPorts = 1>
ST_15 : Operation 965 [2/4] (1.87ns)   --->   "%mul_ln181_47 = mul i28 %sext_ln181_95, i28 %sext_ln181_94" [firmware/nnet_utils/nnet_recurrent.h:181]   --->   Operation 965 'mul' 'mul_ln181_47' <Predicate = true> <Delay = 1.87> <CoreInst = "Multiplier">   --->   Core 3 'Multiplier' <Latency = 3> <II = 1> <Delay = 1.87> <FuncUnit> <Opcode : 'mul'> <InPorts = 2> <OutPorts = 1>
ST_15 : Operation 966 [2/4] (1.87ns)   --->   "%mul_ln181_48 = mul i28 %sext_ln181_97, i28 %sext_ln181_96" [firmware/nnet_utils/nnet_recurrent.h:181]   --->   Operation 966 'mul' 'mul_ln181_48' <Predicate = true> <Delay = 1.87> <CoreInst = "Multiplier">   --->   Core 3 'Multiplier' <Latency = 3> <II = 1> <Delay = 1.87> <FuncUnit> <Opcode : 'mul'> <InPorts = 2> <OutPorts = 1>
ST_15 : Operation 967 [2/4] (1.87ns)   --->   "%mul_ln181_49 = mul i28 %sext_ln181_99, i28 %sext_ln181_98" [firmware/nnet_utils/nnet_recurrent.h:181]   --->   Operation 967 'mul' 'mul_ln181_49' <Predicate = true> <Delay = 1.87> <CoreInst = "Multiplier">   --->   Core 3 'Multiplier' <Latency = 3> <II = 1> <Delay = 1.87> <FuncUnit> <Opcode : 'mul'> <InPorts = 2> <OutPorts = 1>
ST_15 : Operation 968 [2/4] (1.87ns)   --->   "%mul_ln181_50 = mul i28 %sext_ln181_101, i28 %sext_ln181_100" [firmware/nnet_utils/nnet_recurrent.h:181]   --->   Operation 968 'mul' 'mul_ln181_50' <Predicate = true> <Delay = 1.87> <CoreInst = "Multiplier">   --->   Core 3 'Multiplier' <Latency = 3> <II = 1> <Delay = 1.87> <FuncUnit> <Opcode : 'mul'> <InPorts = 2> <OutPorts = 1>
ST_15 : Operation 969 [2/4] (1.87ns)   --->   "%mul_ln181_51 = mul i28 %sext_ln181_103, i28 %sext_ln181_102" [firmware/nnet_utils/nnet_recurrent.h:181]   --->   Operation 969 'mul' 'mul_ln181_51' <Predicate = true> <Delay = 1.87> <CoreInst = "Multiplier">   --->   Core 3 'Multiplier' <Latency = 3> <II = 1> <Delay = 1.87> <FuncUnit> <Opcode : 'mul'> <InPorts = 2> <OutPorts = 1>
ST_15 : Operation 970 [2/4] (1.87ns)   --->   "%mul_ln181_52 = mul i28 %sext_ln181_105, i28 %sext_ln181_104" [firmware/nnet_utils/nnet_recurrent.h:181]   --->   Operation 970 'mul' 'mul_ln181_52' <Predicate = true> <Delay = 1.87> <CoreInst = "Multiplier">   --->   Core 3 'Multiplier' <Latency = 3> <II = 1> <Delay = 1.87> <FuncUnit> <Opcode : 'mul'> <InPorts = 2> <OutPorts = 1>
ST_15 : Operation 971 [2/4] (1.87ns)   --->   "%mul_ln181_53 = mul i28 %sext_ln181_107, i28 %sext_ln181_106" [firmware/nnet_utils/nnet_recurrent.h:181]   --->   Operation 971 'mul' 'mul_ln181_53' <Predicate = true> <Delay = 1.87> <CoreInst = "Multiplier">   --->   Core 3 'Multiplier' <Latency = 3> <II = 1> <Delay = 1.87> <FuncUnit> <Opcode : 'mul'> <InPorts = 2> <OutPorts = 1>
ST_15 : Operation 972 [2/4] (1.87ns)   --->   "%mul_ln181_54 = mul i28 %sext_ln181_109, i28 %sext_ln181_108" [firmware/nnet_utils/nnet_recurrent.h:181]   --->   Operation 972 'mul' 'mul_ln181_54' <Predicate = true> <Delay = 1.87> <CoreInst = "Multiplier">   --->   Core 3 'Multiplier' <Latency = 3> <II = 1> <Delay = 1.87> <FuncUnit> <Opcode : 'mul'> <InPorts = 2> <OutPorts = 1>
ST_15 : Operation 973 [2/4] (1.87ns)   --->   "%mul_ln181_55 = mul i28 %sext_ln181_111, i28 %sext_ln181_110" [firmware/nnet_utils/nnet_recurrent.h:181]   --->   Operation 973 'mul' 'mul_ln181_55' <Predicate = true> <Delay = 1.87> <CoreInst = "Multiplier">   --->   Core 3 'Multiplier' <Latency = 3> <II = 1> <Delay = 1.87> <FuncUnit> <Opcode : 'mul'> <InPorts = 2> <OutPorts = 1>
ST_15 : Operation 974 [2/4] (1.87ns)   --->   "%mul_ln181_56 = mul i28 %sext_ln181_113, i28 %sext_ln181_112" [firmware/nnet_utils/nnet_recurrent.h:181]   --->   Operation 974 'mul' 'mul_ln181_56' <Predicate = true> <Delay = 1.87> <CoreInst = "Multiplier">   --->   Core 3 'Multiplier' <Latency = 3> <II = 1> <Delay = 1.87> <FuncUnit> <Opcode : 'mul'> <InPorts = 2> <OutPorts = 1>
ST_15 : Operation 975 [2/4] (1.87ns)   --->   "%mul_ln181_57 = mul i28 %sext_ln181_115, i28 %sext_ln181_114" [firmware/nnet_utils/nnet_recurrent.h:181]   --->   Operation 975 'mul' 'mul_ln181_57' <Predicate = true> <Delay = 1.87> <CoreInst = "Multiplier">   --->   Core 3 'Multiplier' <Latency = 3> <II = 1> <Delay = 1.87> <FuncUnit> <Opcode : 'mul'> <InPorts = 2> <OutPorts = 1>
ST_15 : Operation 976 [2/4] (1.87ns)   --->   "%mul_ln181_58 = mul i28 %sext_ln181_117, i28 %sext_ln181_116" [firmware/nnet_utils/nnet_recurrent.h:181]   --->   Operation 976 'mul' 'mul_ln181_58' <Predicate = true> <Delay = 1.87> <CoreInst = "Multiplier">   --->   Core 3 'Multiplier' <Latency = 3> <II = 1> <Delay = 1.87> <FuncUnit> <Opcode : 'mul'> <InPorts = 2> <OutPorts = 1>
ST_15 : Operation 977 [2/4] (1.87ns)   --->   "%mul_ln181_59 = mul i28 %sext_ln181_119, i28 %sext_ln181_118" [firmware/nnet_utils/nnet_recurrent.h:181]   --->   Operation 977 'mul' 'mul_ln181_59' <Predicate = true> <Delay = 1.87> <CoreInst = "Multiplier">   --->   Core 3 'Multiplier' <Latency = 3> <II = 1> <Delay = 1.87> <FuncUnit> <Opcode : 'mul'> <InPorts = 2> <OutPorts = 1>
ST_15 : Operation 978 [2/4] (1.87ns)   --->   "%mul_ln181_60 = mul i28 %sext_ln181_121, i28 %sext_ln181_120" [firmware/nnet_utils/nnet_recurrent.h:181]   --->   Operation 978 'mul' 'mul_ln181_60' <Predicate = true> <Delay = 1.87> <CoreInst = "Multiplier">   --->   Core 3 'Multiplier' <Latency = 3> <II = 1> <Delay = 1.87> <FuncUnit> <Opcode : 'mul'> <InPorts = 2> <OutPorts = 1>
ST_15 : Operation 979 [2/4] (1.87ns)   --->   "%mul_ln181_61 = mul i28 %sext_ln181_123, i28 %sext_ln181_122" [firmware/nnet_utils/nnet_recurrent.h:181]   --->   Operation 979 'mul' 'mul_ln181_61' <Predicate = true> <Delay = 1.87> <CoreInst = "Multiplier">   --->   Core 3 'Multiplier' <Latency = 3> <II = 1> <Delay = 1.87> <FuncUnit> <Opcode : 'mul'> <InPorts = 2> <OutPorts = 1>
ST_15 : Operation 980 [2/4] (1.87ns)   --->   "%mul_ln181_62 = mul i28 %sext_ln181_125, i28 %sext_ln181_124" [firmware/nnet_utils/nnet_recurrent.h:181]   --->   Operation 980 'mul' 'mul_ln181_62' <Predicate = true> <Delay = 1.87> <CoreInst = "Multiplier">   --->   Core 3 'Multiplier' <Latency = 3> <II = 1> <Delay = 1.87> <FuncUnit> <Opcode : 'mul'> <InPorts = 2> <OutPorts = 1>
ST_15 : Operation 981 [2/4] (1.87ns)   --->   "%mul_ln181_63 = mul i28 %sext_ln181_127, i28 %sext_ln181_126" [firmware/nnet_utils/nnet_recurrent.h:181]   --->   Operation 981 'mul' 'mul_ln181_63' <Predicate = true> <Delay = 1.87> <CoreInst = "Multiplier">   --->   Core 3 'Multiplier' <Latency = 3> <II = 1> <Delay = 1.87> <FuncUnit> <Opcode : 'mul'> <InPorts = 2> <OutPorts = 1>

State 16 <SV = 15> <Delay = 1.87>
ST_16 : Operation 982 [1/4] (1.87ns)   --->   "%mul_ln181 = mul i28 %sext_ln181_1, i28 %sext_ln181" [firmware/nnet_utils/nnet_recurrent.h:181]   --->   Operation 982 'mul' 'mul_ln181' <Predicate = true> <Delay = 1.87> <CoreInst = "Multiplier">   --->   Core 3 'Multiplier' <Latency = 3> <II = 1> <Delay = 1.87> <FuncUnit> <Opcode : 'mul'> <InPorts = 2> <OutPorts = 1>
ST_16 : Operation 983 [1/1] (0.00ns)   --->   "%trunc_ln181 = trunc i28 %mul_ln181" [firmware/nnet_utils/nnet_recurrent.h:181]   --->   Operation 983 'trunc' 'trunc_ln181' <Predicate = true> <Delay = 0.00>
ST_16 : Operation 984 [1/4] (1.87ns)   --->   "%mul_ln181_1 = mul i28 %sext_ln181_3, i28 %sext_ln181_2" [firmware/nnet_utils/nnet_recurrent.h:181]   --->   Operation 984 'mul' 'mul_ln181_1' <Predicate = true> <Delay = 1.87> <CoreInst = "Multiplier">   --->   Core 3 'Multiplier' <Latency = 3> <II = 1> <Delay = 1.87> <FuncUnit> <Opcode : 'mul'> <InPorts = 2> <OutPorts = 1>
ST_16 : Operation 985 [1/1] (0.00ns)   --->   "%trunc_ln181_32 = trunc i28 %mul_ln181_1" [firmware/nnet_utils/nnet_recurrent.h:181]   --->   Operation 985 'trunc' 'trunc_ln181_32' <Predicate = true> <Delay = 0.00>
ST_16 : Operation 986 [1/1] (0.00ns)   --->   "%trunc_ln181_33 = trunc i28 %mul_ln181" [firmware/nnet_utils/nnet_recurrent.h:181]   --->   Operation 986 'trunc' 'trunc_ln181_33' <Predicate = true> <Delay = 0.00>
ST_16 : Operation 987 [1/1] (0.00ns)   --->   "%trunc_ln181_34 = trunc i28 %mul_ln181_1" [firmware/nnet_utils/nnet_recurrent.h:181]   --->   Operation 987 'trunc' 'trunc_ln181_34' <Predicate = true> <Delay = 0.00>
ST_16 : Operation 988 [1/4] (1.87ns)   --->   "%mul_ln181_2 = mul i28 %sext_ln181_5, i28 %sext_ln181_4" [firmware/nnet_utils/nnet_recurrent.h:181]   --->   Operation 988 'mul' 'mul_ln181_2' <Predicate = true> <Delay = 1.87> <CoreInst = "Multiplier">   --->   Core 3 'Multiplier' <Latency = 3> <II = 1> <Delay = 1.87> <FuncUnit> <Opcode : 'mul'> <InPorts = 2> <OutPorts = 1>
ST_16 : Operation 989 [1/1] (0.00ns)   --->   "%trunc_ln181_35 = trunc i28 %mul_ln181_2" [firmware/nnet_utils/nnet_recurrent.h:181]   --->   Operation 989 'trunc' 'trunc_ln181_35' <Predicate = true> <Delay = 0.00>
ST_16 : Operation 990 [1/4] (1.87ns)   --->   "%mul_ln181_3 = mul i28 %sext_ln181_7, i28 %sext_ln181_6" [firmware/nnet_utils/nnet_recurrent.h:181]   --->   Operation 990 'mul' 'mul_ln181_3' <Predicate = true> <Delay = 1.87> <CoreInst = "Multiplier">   --->   Core 3 'Multiplier' <Latency = 3> <II = 1> <Delay = 1.87> <FuncUnit> <Opcode : 'mul'> <InPorts = 2> <OutPorts = 1>
ST_16 : Operation 991 [1/1] (0.00ns)   --->   "%trunc_ln181_36 = trunc i28 %mul_ln181_3" [firmware/nnet_utils/nnet_recurrent.h:181]   --->   Operation 991 'trunc' 'trunc_ln181_36' <Predicate = true> <Delay = 0.00>
ST_16 : Operation 992 [1/1] (0.00ns)   --->   "%trunc_ln181_37 = trunc i28 %mul_ln181_2" [firmware/nnet_utils/nnet_recurrent.h:181]   --->   Operation 992 'trunc' 'trunc_ln181_37' <Predicate = true> <Delay = 0.00>
ST_16 : Operation 993 [1/1] (0.00ns)   --->   "%trunc_ln181_38 = trunc i28 %mul_ln181_3" [firmware/nnet_utils/nnet_recurrent.h:181]   --->   Operation 993 'trunc' 'trunc_ln181_38' <Predicate = true> <Delay = 0.00>
ST_16 : Operation 994 [1/4] (1.87ns)   --->   "%mul_ln181_4 = mul i28 %sext_ln181_9, i28 %sext_ln181_8" [firmware/nnet_utils/nnet_recurrent.h:181]   --->   Operation 994 'mul' 'mul_ln181_4' <Predicate = true> <Delay = 1.87> <CoreInst = "Multiplier">   --->   Core 3 'Multiplier' <Latency = 3> <II = 1> <Delay = 1.87> <FuncUnit> <Opcode : 'mul'> <InPorts = 2> <OutPorts = 1>
ST_16 : Operation 995 [1/1] (0.00ns)   --->   "%trunc_ln181_39 = trunc i28 %mul_ln181_4" [firmware/nnet_utils/nnet_recurrent.h:181]   --->   Operation 995 'trunc' 'trunc_ln181_39' <Predicate = true> <Delay = 0.00>
ST_16 : Operation 996 [1/4] (1.87ns)   --->   "%mul_ln181_5 = mul i28 %sext_ln181_11, i28 %sext_ln181_10" [firmware/nnet_utils/nnet_recurrent.h:181]   --->   Operation 996 'mul' 'mul_ln181_5' <Predicate = true> <Delay = 1.87> <CoreInst = "Multiplier">   --->   Core 3 'Multiplier' <Latency = 3> <II = 1> <Delay = 1.87> <FuncUnit> <Opcode : 'mul'> <InPorts = 2> <OutPorts = 1>
ST_16 : Operation 997 [1/1] (0.00ns)   --->   "%trunc_ln181_40 = trunc i28 %mul_ln181_5" [firmware/nnet_utils/nnet_recurrent.h:181]   --->   Operation 997 'trunc' 'trunc_ln181_40' <Predicate = true> <Delay = 0.00>
ST_16 : Operation 998 [1/1] (0.00ns)   --->   "%trunc_ln181_41 = trunc i28 %mul_ln181_4" [firmware/nnet_utils/nnet_recurrent.h:181]   --->   Operation 998 'trunc' 'trunc_ln181_41' <Predicate = true> <Delay = 0.00>
ST_16 : Operation 999 [1/1] (0.00ns)   --->   "%trunc_ln181_42 = trunc i28 %mul_ln181_5" [firmware/nnet_utils/nnet_recurrent.h:181]   --->   Operation 999 'trunc' 'trunc_ln181_42' <Predicate = true> <Delay = 0.00>
ST_16 : Operation 1000 [1/4] (1.87ns)   --->   "%mul_ln181_6 = mul i28 %sext_ln181_13, i28 %sext_ln181_12" [firmware/nnet_utils/nnet_recurrent.h:181]   --->   Operation 1000 'mul' 'mul_ln181_6' <Predicate = true> <Delay = 1.87> <CoreInst = "Multiplier">   --->   Core 3 'Multiplier' <Latency = 3> <II = 1> <Delay = 1.87> <FuncUnit> <Opcode : 'mul'> <InPorts = 2> <OutPorts = 1>
ST_16 : Operation 1001 [1/1] (0.00ns)   --->   "%trunc_ln181_43 = trunc i28 %mul_ln181_6" [firmware/nnet_utils/nnet_recurrent.h:181]   --->   Operation 1001 'trunc' 'trunc_ln181_43' <Predicate = true> <Delay = 0.00>
ST_16 : Operation 1002 [1/4] (1.87ns)   --->   "%mul_ln181_7 = mul i28 %sext_ln181_15, i28 %sext_ln181_14" [firmware/nnet_utils/nnet_recurrent.h:181]   --->   Operation 1002 'mul' 'mul_ln181_7' <Predicate = true> <Delay = 1.87> <CoreInst = "Multiplier">   --->   Core 3 'Multiplier' <Latency = 3> <II = 1> <Delay = 1.87> <FuncUnit> <Opcode : 'mul'> <InPorts = 2> <OutPorts = 1>
ST_16 : Operation 1003 [1/1] (0.00ns)   --->   "%trunc_ln181_44 = trunc i28 %mul_ln181_7" [firmware/nnet_utils/nnet_recurrent.h:181]   --->   Operation 1003 'trunc' 'trunc_ln181_44' <Predicate = true> <Delay = 0.00>
ST_16 : Operation 1004 [1/1] (0.00ns)   --->   "%trunc_ln181_45 = trunc i28 %mul_ln181_6" [firmware/nnet_utils/nnet_recurrent.h:181]   --->   Operation 1004 'trunc' 'trunc_ln181_45' <Predicate = true> <Delay = 0.00>
ST_16 : Operation 1005 [1/1] (0.00ns)   --->   "%trunc_ln181_46 = trunc i28 %mul_ln181_7" [firmware/nnet_utils/nnet_recurrent.h:181]   --->   Operation 1005 'trunc' 'trunc_ln181_46' <Predicate = true> <Delay = 0.00>
ST_16 : Operation 1006 [1/4] (1.87ns)   --->   "%mul_ln181_8 = mul i28 %sext_ln181_17, i28 %sext_ln181_16" [firmware/nnet_utils/nnet_recurrent.h:181]   --->   Operation 1006 'mul' 'mul_ln181_8' <Predicate = true> <Delay = 1.87> <CoreInst = "Multiplier">   --->   Core 3 'Multiplier' <Latency = 3> <II = 1> <Delay = 1.87> <FuncUnit> <Opcode : 'mul'> <InPorts = 2> <OutPorts = 1>
ST_16 : Operation 1007 [1/1] (0.00ns)   --->   "%trunc_ln181_47 = trunc i28 %mul_ln181_8" [firmware/nnet_utils/nnet_recurrent.h:181]   --->   Operation 1007 'trunc' 'trunc_ln181_47' <Predicate = true> <Delay = 0.00>
ST_16 : Operation 1008 [1/4] (1.87ns)   --->   "%mul_ln181_9 = mul i28 %sext_ln181_19, i28 %sext_ln181_18" [firmware/nnet_utils/nnet_recurrent.h:181]   --->   Operation 1008 'mul' 'mul_ln181_9' <Predicate = true> <Delay = 1.87> <CoreInst = "Multiplier">   --->   Core 3 'Multiplier' <Latency = 3> <II = 1> <Delay = 1.87> <FuncUnit> <Opcode : 'mul'> <InPorts = 2> <OutPorts = 1>
ST_16 : Operation 1009 [1/1] (0.00ns)   --->   "%trunc_ln181_48 = trunc i28 %mul_ln181_9" [firmware/nnet_utils/nnet_recurrent.h:181]   --->   Operation 1009 'trunc' 'trunc_ln181_48' <Predicate = true> <Delay = 0.00>
ST_16 : Operation 1010 [1/1] (0.00ns)   --->   "%trunc_ln181_49 = trunc i28 %mul_ln181_8" [firmware/nnet_utils/nnet_recurrent.h:181]   --->   Operation 1010 'trunc' 'trunc_ln181_49' <Predicate = true> <Delay = 0.00>
ST_16 : Operation 1011 [1/1] (0.00ns)   --->   "%trunc_ln181_50 = trunc i28 %mul_ln181_9" [firmware/nnet_utils/nnet_recurrent.h:181]   --->   Operation 1011 'trunc' 'trunc_ln181_50' <Predicate = true> <Delay = 0.00>
ST_16 : Operation 1012 [1/4] (1.87ns)   --->   "%mul_ln181_10 = mul i28 %sext_ln181_21, i28 %sext_ln181_20" [firmware/nnet_utils/nnet_recurrent.h:181]   --->   Operation 1012 'mul' 'mul_ln181_10' <Predicate = true> <Delay = 1.87> <CoreInst = "Multiplier">   --->   Core 3 'Multiplier' <Latency = 3> <II = 1> <Delay = 1.87> <FuncUnit> <Opcode : 'mul'> <InPorts = 2> <OutPorts = 1>
ST_16 : Operation 1013 [1/1] (0.00ns)   --->   "%trunc_ln181_51 = trunc i28 %mul_ln181_10" [firmware/nnet_utils/nnet_recurrent.h:181]   --->   Operation 1013 'trunc' 'trunc_ln181_51' <Predicate = true> <Delay = 0.00>
ST_16 : Operation 1014 [1/4] (1.87ns)   --->   "%mul_ln181_11 = mul i28 %sext_ln181_23, i28 %sext_ln181_22" [firmware/nnet_utils/nnet_recurrent.h:181]   --->   Operation 1014 'mul' 'mul_ln181_11' <Predicate = true> <Delay = 1.87> <CoreInst = "Multiplier">   --->   Core 3 'Multiplier' <Latency = 3> <II = 1> <Delay = 1.87> <FuncUnit> <Opcode : 'mul'> <InPorts = 2> <OutPorts = 1>
ST_16 : Operation 1015 [1/1] (0.00ns)   --->   "%trunc_ln181_52 = trunc i28 %mul_ln181_11" [firmware/nnet_utils/nnet_recurrent.h:181]   --->   Operation 1015 'trunc' 'trunc_ln181_52' <Predicate = true> <Delay = 0.00>
ST_16 : Operation 1016 [1/1] (0.00ns)   --->   "%trunc_ln181_53 = trunc i28 %mul_ln181_10" [firmware/nnet_utils/nnet_recurrent.h:181]   --->   Operation 1016 'trunc' 'trunc_ln181_53' <Predicate = true> <Delay = 0.00>
ST_16 : Operation 1017 [1/1] (0.00ns)   --->   "%trunc_ln181_54 = trunc i28 %mul_ln181_11" [firmware/nnet_utils/nnet_recurrent.h:181]   --->   Operation 1017 'trunc' 'trunc_ln181_54' <Predicate = true> <Delay = 0.00>
ST_16 : Operation 1018 [1/4] (1.87ns)   --->   "%mul_ln181_12 = mul i28 %sext_ln181_25, i28 %sext_ln181_24" [firmware/nnet_utils/nnet_recurrent.h:181]   --->   Operation 1018 'mul' 'mul_ln181_12' <Predicate = true> <Delay = 1.87> <CoreInst = "Multiplier">   --->   Core 3 'Multiplier' <Latency = 3> <II = 1> <Delay = 1.87> <FuncUnit> <Opcode : 'mul'> <InPorts = 2> <OutPorts = 1>
ST_16 : Operation 1019 [1/1] (0.00ns)   --->   "%trunc_ln181_55 = trunc i28 %mul_ln181_12" [firmware/nnet_utils/nnet_recurrent.h:181]   --->   Operation 1019 'trunc' 'trunc_ln181_55' <Predicate = true> <Delay = 0.00>
ST_16 : Operation 1020 [1/4] (1.87ns)   --->   "%mul_ln181_13 = mul i28 %sext_ln181_27, i28 %sext_ln181_26" [firmware/nnet_utils/nnet_recurrent.h:181]   --->   Operation 1020 'mul' 'mul_ln181_13' <Predicate = true> <Delay = 1.87> <CoreInst = "Multiplier">   --->   Core 3 'Multiplier' <Latency = 3> <II = 1> <Delay = 1.87> <FuncUnit> <Opcode : 'mul'> <InPorts = 2> <OutPorts = 1>
ST_16 : Operation 1021 [1/1] (0.00ns)   --->   "%trunc_ln181_56 = trunc i28 %mul_ln181_13" [firmware/nnet_utils/nnet_recurrent.h:181]   --->   Operation 1021 'trunc' 'trunc_ln181_56' <Predicate = true> <Delay = 0.00>
ST_16 : Operation 1022 [1/1] (0.00ns)   --->   "%trunc_ln181_57 = trunc i28 %mul_ln181_12" [firmware/nnet_utils/nnet_recurrent.h:181]   --->   Operation 1022 'trunc' 'trunc_ln181_57' <Predicate = true> <Delay = 0.00>
ST_16 : Operation 1023 [1/1] (0.00ns)   --->   "%trunc_ln181_58 = trunc i28 %mul_ln181_13" [firmware/nnet_utils/nnet_recurrent.h:181]   --->   Operation 1023 'trunc' 'trunc_ln181_58' <Predicate = true> <Delay = 0.00>
ST_16 : Operation 1024 [1/4] (1.87ns)   --->   "%mul_ln181_14 = mul i28 %sext_ln181_29, i28 %sext_ln181_28" [firmware/nnet_utils/nnet_recurrent.h:181]   --->   Operation 1024 'mul' 'mul_ln181_14' <Predicate = true> <Delay = 1.87> <CoreInst = "Multiplier">   --->   Core 3 'Multiplier' <Latency = 3> <II = 1> <Delay = 1.87> <FuncUnit> <Opcode : 'mul'> <InPorts = 2> <OutPorts = 1>
ST_16 : Operation 1025 [1/1] (0.00ns)   --->   "%trunc_ln181_59 = trunc i28 %mul_ln181_14" [firmware/nnet_utils/nnet_recurrent.h:181]   --->   Operation 1025 'trunc' 'trunc_ln181_59' <Predicate = true> <Delay = 0.00>
ST_16 : Operation 1026 [1/4] (1.87ns)   --->   "%mul_ln181_15 = mul i28 %sext_ln181_31, i28 %sext_ln181_30" [firmware/nnet_utils/nnet_recurrent.h:181]   --->   Operation 1026 'mul' 'mul_ln181_15' <Predicate = true> <Delay = 1.87> <CoreInst = "Multiplier">   --->   Core 3 'Multiplier' <Latency = 3> <II = 1> <Delay = 1.87> <FuncUnit> <Opcode : 'mul'> <InPorts = 2> <OutPorts = 1>
ST_16 : Operation 1027 [1/1] (0.00ns)   --->   "%trunc_ln181_60 = trunc i28 %mul_ln181_15" [firmware/nnet_utils/nnet_recurrent.h:181]   --->   Operation 1027 'trunc' 'trunc_ln181_60' <Predicate = true> <Delay = 0.00>
ST_16 : Operation 1028 [1/1] (0.00ns)   --->   "%trunc_ln181_61 = trunc i28 %mul_ln181_14" [firmware/nnet_utils/nnet_recurrent.h:181]   --->   Operation 1028 'trunc' 'trunc_ln181_61' <Predicate = true> <Delay = 0.00>
ST_16 : Operation 1029 [1/1] (0.00ns)   --->   "%trunc_ln181_62 = trunc i28 %mul_ln181_15" [firmware/nnet_utils/nnet_recurrent.h:181]   --->   Operation 1029 'trunc' 'trunc_ln181_62' <Predicate = true> <Delay = 0.00>
ST_16 : Operation 1030 [1/4] (1.87ns)   --->   "%mul_ln181_16 = mul i28 %sext_ln181_33, i28 %sext_ln181_32" [firmware/nnet_utils/nnet_recurrent.h:181]   --->   Operation 1030 'mul' 'mul_ln181_16' <Predicate = true> <Delay = 1.87> <CoreInst = "Multiplier">   --->   Core 3 'Multiplier' <Latency = 3> <II = 1> <Delay = 1.87> <FuncUnit> <Opcode : 'mul'> <InPorts = 2> <OutPorts = 1>
ST_16 : Operation 1031 [1/1] (0.00ns)   --->   "%trunc_ln181_63 = trunc i28 %mul_ln181_16" [firmware/nnet_utils/nnet_recurrent.h:181]   --->   Operation 1031 'trunc' 'trunc_ln181_63' <Predicate = true> <Delay = 0.00>
ST_16 : Operation 1032 [1/4] (1.87ns)   --->   "%mul_ln181_17 = mul i28 %sext_ln181_35, i28 %sext_ln181_34" [firmware/nnet_utils/nnet_recurrent.h:181]   --->   Operation 1032 'mul' 'mul_ln181_17' <Predicate = true> <Delay = 1.87> <CoreInst = "Multiplier">   --->   Core 3 'Multiplier' <Latency = 3> <II = 1> <Delay = 1.87> <FuncUnit> <Opcode : 'mul'> <InPorts = 2> <OutPorts = 1>
ST_16 : Operation 1033 [1/1] (0.00ns)   --->   "%trunc_ln181_64 = trunc i28 %mul_ln181_17" [firmware/nnet_utils/nnet_recurrent.h:181]   --->   Operation 1033 'trunc' 'trunc_ln181_64' <Predicate = true> <Delay = 0.00>
ST_16 : Operation 1034 [1/1] (0.00ns)   --->   "%trunc_ln181_65 = trunc i28 %mul_ln181_16" [firmware/nnet_utils/nnet_recurrent.h:181]   --->   Operation 1034 'trunc' 'trunc_ln181_65' <Predicate = true> <Delay = 0.00>
ST_16 : Operation 1035 [1/1] (0.00ns)   --->   "%trunc_ln181_66 = trunc i28 %mul_ln181_17" [firmware/nnet_utils/nnet_recurrent.h:181]   --->   Operation 1035 'trunc' 'trunc_ln181_66' <Predicate = true> <Delay = 0.00>
ST_16 : Operation 1036 [1/4] (1.87ns)   --->   "%mul_ln181_18 = mul i28 %sext_ln181_37, i28 %sext_ln181_36" [firmware/nnet_utils/nnet_recurrent.h:181]   --->   Operation 1036 'mul' 'mul_ln181_18' <Predicate = true> <Delay = 1.87> <CoreInst = "Multiplier">   --->   Core 3 'Multiplier' <Latency = 3> <II = 1> <Delay = 1.87> <FuncUnit> <Opcode : 'mul'> <InPorts = 2> <OutPorts = 1>
ST_16 : Operation 1037 [1/1] (0.00ns)   --->   "%trunc_ln181_67 = trunc i28 %mul_ln181_18" [firmware/nnet_utils/nnet_recurrent.h:181]   --->   Operation 1037 'trunc' 'trunc_ln181_67' <Predicate = true> <Delay = 0.00>
ST_16 : Operation 1038 [1/4] (1.87ns)   --->   "%mul_ln181_19 = mul i28 %sext_ln181_39, i28 %sext_ln181_38" [firmware/nnet_utils/nnet_recurrent.h:181]   --->   Operation 1038 'mul' 'mul_ln181_19' <Predicate = true> <Delay = 1.87> <CoreInst = "Multiplier">   --->   Core 3 'Multiplier' <Latency = 3> <II = 1> <Delay = 1.87> <FuncUnit> <Opcode : 'mul'> <InPorts = 2> <OutPorts = 1>
ST_16 : Operation 1039 [1/1] (0.00ns)   --->   "%trunc_ln181_68 = trunc i28 %mul_ln181_19" [firmware/nnet_utils/nnet_recurrent.h:181]   --->   Operation 1039 'trunc' 'trunc_ln181_68' <Predicate = true> <Delay = 0.00>
ST_16 : Operation 1040 [1/1] (0.00ns)   --->   "%trunc_ln181_69 = trunc i28 %mul_ln181_18" [firmware/nnet_utils/nnet_recurrent.h:181]   --->   Operation 1040 'trunc' 'trunc_ln181_69' <Predicate = true> <Delay = 0.00>
ST_16 : Operation 1041 [1/1] (0.00ns)   --->   "%trunc_ln181_70 = trunc i28 %mul_ln181_19" [firmware/nnet_utils/nnet_recurrent.h:181]   --->   Operation 1041 'trunc' 'trunc_ln181_70' <Predicate = true> <Delay = 0.00>
ST_16 : Operation 1042 [1/4] (1.87ns)   --->   "%mul_ln181_20 = mul i28 %sext_ln181_41, i28 %sext_ln181_40" [firmware/nnet_utils/nnet_recurrent.h:181]   --->   Operation 1042 'mul' 'mul_ln181_20' <Predicate = true> <Delay = 1.87> <CoreInst = "Multiplier">   --->   Core 3 'Multiplier' <Latency = 3> <II = 1> <Delay = 1.87> <FuncUnit> <Opcode : 'mul'> <InPorts = 2> <OutPorts = 1>
ST_16 : Operation 1043 [1/1] (0.00ns)   --->   "%trunc_ln181_71 = trunc i28 %mul_ln181_20" [firmware/nnet_utils/nnet_recurrent.h:181]   --->   Operation 1043 'trunc' 'trunc_ln181_71' <Predicate = true> <Delay = 0.00>
ST_16 : Operation 1044 [1/4] (1.87ns)   --->   "%mul_ln181_21 = mul i28 %sext_ln181_43, i28 %sext_ln181_42" [firmware/nnet_utils/nnet_recurrent.h:181]   --->   Operation 1044 'mul' 'mul_ln181_21' <Predicate = true> <Delay = 1.87> <CoreInst = "Multiplier">   --->   Core 3 'Multiplier' <Latency = 3> <II = 1> <Delay = 1.87> <FuncUnit> <Opcode : 'mul'> <InPorts = 2> <OutPorts = 1>
ST_16 : Operation 1045 [1/1] (0.00ns)   --->   "%trunc_ln181_72 = trunc i28 %mul_ln181_21" [firmware/nnet_utils/nnet_recurrent.h:181]   --->   Operation 1045 'trunc' 'trunc_ln181_72' <Predicate = true> <Delay = 0.00>
ST_16 : Operation 1046 [1/1] (0.00ns)   --->   "%trunc_ln181_73 = trunc i28 %mul_ln181_20" [firmware/nnet_utils/nnet_recurrent.h:181]   --->   Operation 1046 'trunc' 'trunc_ln181_73' <Predicate = true> <Delay = 0.00>
ST_16 : Operation 1047 [1/1] (0.00ns)   --->   "%trunc_ln181_74 = trunc i28 %mul_ln181_21" [firmware/nnet_utils/nnet_recurrent.h:181]   --->   Operation 1047 'trunc' 'trunc_ln181_74' <Predicate = true> <Delay = 0.00>
ST_16 : Operation 1048 [1/4] (1.87ns)   --->   "%mul_ln181_22 = mul i28 %sext_ln181_45, i28 %sext_ln181_44" [firmware/nnet_utils/nnet_recurrent.h:181]   --->   Operation 1048 'mul' 'mul_ln181_22' <Predicate = true> <Delay = 1.87> <CoreInst = "Multiplier">   --->   Core 3 'Multiplier' <Latency = 3> <II = 1> <Delay = 1.87> <FuncUnit> <Opcode : 'mul'> <InPorts = 2> <OutPorts = 1>
ST_16 : Operation 1049 [1/1] (0.00ns)   --->   "%trunc_ln181_75 = trunc i28 %mul_ln181_22" [firmware/nnet_utils/nnet_recurrent.h:181]   --->   Operation 1049 'trunc' 'trunc_ln181_75' <Predicate = true> <Delay = 0.00>
ST_16 : Operation 1050 [1/4] (1.87ns)   --->   "%mul_ln181_23 = mul i28 %sext_ln181_47, i28 %sext_ln181_46" [firmware/nnet_utils/nnet_recurrent.h:181]   --->   Operation 1050 'mul' 'mul_ln181_23' <Predicate = true> <Delay = 1.87> <CoreInst = "Multiplier">   --->   Core 3 'Multiplier' <Latency = 3> <II = 1> <Delay = 1.87> <FuncUnit> <Opcode : 'mul'> <InPorts = 2> <OutPorts = 1>
ST_16 : Operation 1051 [1/1] (0.00ns)   --->   "%trunc_ln181_76 = trunc i28 %mul_ln181_23" [firmware/nnet_utils/nnet_recurrent.h:181]   --->   Operation 1051 'trunc' 'trunc_ln181_76' <Predicate = true> <Delay = 0.00>
ST_16 : Operation 1052 [1/1] (0.00ns)   --->   "%trunc_ln181_77 = trunc i28 %mul_ln181_22" [firmware/nnet_utils/nnet_recurrent.h:181]   --->   Operation 1052 'trunc' 'trunc_ln181_77' <Predicate = true> <Delay = 0.00>
ST_16 : Operation 1053 [1/1] (0.00ns)   --->   "%trunc_ln181_78 = trunc i28 %mul_ln181_23" [firmware/nnet_utils/nnet_recurrent.h:181]   --->   Operation 1053 'trunc' 'trunc_ln181_78' <Predicate = true> <Delay = 0.00>
ST_16 : Operation 1054 [1/4] (1.87ns)   --->   "%mul_ln181_24 = mul i28 %sext_ln181_49, i28 %sext_ln181_48" [firmware/nnet_utils/nnet_recurrent.h:181]   --->   Operation 1054 'mul' 'mul_ln181_24' <Predicate = true> <Delay = 1.87> <CoreInst = "Multiplier">   --->   Core 3 'Multiplier' <Latency = 3> <II = 1> <Delay = 1.87> <FuncUnit> <Opcode : 'mul'> <InPorts = 2> <OutPorts = 1>
ST_16 : Operation 1055 [1/1] (0.00ns)   --->   "%trunc_ln181_79 = trunc i28 %mul_ln181_24" [firmware/nnet_utils/nnet_recurrent.h:181]   --->   Operation 1055 'trunc' 'trunc_ln181_79' <Predicate = true> <Delay = 0.00>
ST_16 : Operation 1056 [1/4] (1.87ns)   --->   "%mul_ln181_25 = mul i28 %sext_ln181_51, i28 %sext_ln181_50" [firmware/nnet_utils/nnet_recurrent.h:181]   --->   Operation 1056 'mul' 'mul_ln181_25' <Predicate = true> <Delay = 1.87> <CoreInst = "Multiplier">   --->   Core 3 'Multiplier' <Latency = 3> <II = 1> <Delay = 1.87> <FuncUnit> <Opcode : 'mul'> <InPorts = 2> <OutPorts = 1>
ST_16 : Operation 1057 [1/1] (0.00ns)   --->   "%trunc_ln181_80 = trunc i28 %mul_ln181_25" [firmware/nnet_utils/nnet_recurrent.h:181]   --->   Operation 1057 'trunc' 'trunc_ln181_80' <Predicate = true> <Delay = 0.00>
ST_16 : Operation 1058 [1/1] (0.00ns)   --->   "%trunc_ln181_81 = trunc i28 %mul_ln181_24" [firmware/nnet_utils/nnet_recurrent.h:181]   --->   Operation 1058 'trunc' 'trunc_ln181_81' <Predicate = true> <Delay = 0.00>
ST_16 : Operation 1059 [1/1] (0.00ns)   --->   "%trunc_ln181_82 = trunc i28 %mul_ln181_25" [firmware/nnet_utils/nnet_recurrent.h:181]   --->   Operation 1059 'trunc' 'trunc_ln181_82' <Predicate = true> <Delay = 0.00>
ST_16 : Operation 1060 [1/4] (1.87ns)   --->   "%mul_ln181_26 = mul i28 %sext_ln181_53, i28 %sext_ln181_52" [firmware/nnet_utils/nnet_recurrent.h:181]   --->   Operation 1060 'mul' 'mul_ln181_26' <Predicate = true> <Delay = 1.87> <CoreInst = "Multiplier">   --->   Core 3 'Multiplier' <Latency = 3> <II = 1> <Delay = 1.87> <FuncUnit> <Opcode : 'mul'> <InPorts = 2> <OutPorts = 1>
ST_16 : Operation 1061 [1/1] (0.00ns)   --->   "%trunc_ln181_83 = trunc i28 %mul_ln181_26" [firmware/nnet_utils/nnet_recurrent.h:181]   --->   Operation 1061 'trunc' 'trunc_ln181_83' <Predicate = true> <Delay = 0.00>
ST_16 : Operation 1062 [1/4] (1.87ns)   --->   "%mul_ln181_27 = mul i28 %sext_ln181_55, i28 %sext_ln181_54" [firmware/nnet_utils/nnet_recurrent.h:181]   --->   Operation 1062 'mul' 'mul_ln181_27' <Predicate = true> <Delay = 1.87> <CoreInst = "Multiplier">   --->   Core 3 'Multiplier' <Latency = 3> <II = 1> <Delay = 1.87> <FuncUnit> <Opcode : 'mul'> <InPorts = 2> <OutPorts = 1>
ST_16 : Operation 1063 [1/1] (0.00ns)   --->   "%trunc_ln181_84 = trunc i28 %mul_ln181_27" [firmware/nnet_utils/nnet_recurrent.h:181]   --->   Operation 1063 'trunc' 'trunc_ln181_84' <Predicate = true> <Delay = 0.00>
ST_16 : Operation 1064 [1/1] (0.00ns)   --->   "%trunc_ln181_85 = trunc i28 %mul_ln181_26" [firmware/nnet_utils/nnet_recurrent.h:181]   --->   Operation 1064 'trunc' 'trunc_ln181_85' <Predicate = true> <Delay = 0.00>
ST_16 : Operation 1065 [1/1] (0.00ns)   --->   "%trunc_ln181_86 = trunc i28 %mul_ln181_27" [firmware/nnet_utils/nnet_recurrent.h:181]   --->   Operation 1065 'trunc' 'trunc_ln181_86' <Predicate = true> <Delay = 0.00>
ST_16 : Operation 1066 [1/4] (1.87ns)   --->   "%mul_ln181_28 = mul i28 %sext_ln181_57, i28 %sext_ln181_56" [firmware/nnet_utils/nnet_recurrent.h:181]   --->   Operation 1066 'mul' 'mul_ln181_28' <Predicate = true> <Delay = 1.87> <CoreInst = "Multiplier">   --->   Core 3 'Multiplier' <Latency = 3> <II = 1> <Delay = 1.87> <FuncUnit> <Opcode : 'mul'> <InPorts = 2> <OutPorts = 1>
ST_16 : Operation 1067 [1/1] (0.00ns)   --->   "%trunc_ln181_87 = trunc i28 %mul_ln181_28" [firmware/nnet_utils/nnet_recurrent.h:181]   --->   Operation 1067 'trunc' 'trunc_ln181_87' <Predicate = true> <Delay = 0.00>
ST_16 : Operation 1068 [1/4] (1.87ns)   --->   "%mul_ln181_29 = mul i28 %sext_ln181_59, i28 %sext_ln181_58" [firmware/nnet_utils/nnet_recurrent.h:181]   --->   Operation 1068 'mul' 'mul_ln181_29' <Predicate = true> <Delay = 1.87> <CoreInst = "Multiplier">   --->   Core 3 'Multiplier' <Latency = 3> <II = 1> <Delay = 1.87> <FuncUnit> <Opcode : 'mul'> <InPorts = 2> <OutPorts = 1>
ST_16 : Operation 1069 [1/1] (0.00ns)   --->   "%trunc_ln181_88 = trunc i28 %mul_ln181_29" [firmware/nnet_utils/nnet_recurrent.h:181]   --->   Operation 1069 'trunc' 'trunc_ln181_88' <Predicate = true> <Delay = 0.00>
ST_16 : Operation 1070 [1/1] (0.00ns)   --->   "%trunc_ln181_89 = trunc i28 %mul_ln181_28" [firmware/nnet_utils/nnet_recurrent.h:181]   --->   Operation 1070 'trunc' 'trunc_ln181_89' <Predicate = true> <Delay = 0.00>
ST_16 : Operation 1071 [1/1] (0.00ns)   --->   "%trunc_ln181_90 = trunc i28 %mul_ln181_29" [firmware/nnet_utils/nnet_recurrent.h:181]   --->   Operation 1071 'trunc' 'trunc_ln181_90' <Predicate = true> <Delay = 0.00>
ST_16 : Operation 1072 [1/4] (1.87ns)   --->   "%mul_ln181_30 = mul i28 %sext_ln181_61, i28 %sext_ln181_60" [firmware/nnet_utils/nnet_recurrent.h:181]   --->   Operation 1072 'mul' 'mul_ln181_30' <Predicate = true> <Delay = 1.87> <CoreInst = "Multiplier">   --->   Core 3 'Multiplier' <Latency = 3> <II = 1> <Delay = 1.87> <FuncUnit> <Opcode : 'mul'> <InPorts = 2> <OutPorts = 1>
ST_16 : Operation 1073 [1/1] (0.00ns)   --->   "%trunc_ln181_91 = trunc i28 %mul_ln181_30" [firmware/nnet_utils/nnet_recurrent.h:181]   --->   Operation 1073 'trunc' 'trunc_ln181_91' <Predicate = true> <Delay = 0.00>
ST_16 : Operation 1074 [1/4] (1.87ns)   --->   "%mul_ln181_31 = mul i28 %sext_ln181_63, i28 %sext_ln181_62" [firmware/nnet_utils/nnet_recurrent.h:181]   --->   Operation 1074 'mul' 'mul_ln181_31' <Predicate = true> <Delay = 1.87> <CoreInst = "Multiplier">   --->   Core 3 'Multiplier' <Latency = 3> <II = 1> <Delay = 1.87> <FuncUnit> <Opcode : 'mul'> <InPorts = 2> <OutPorts = 1>
ST_16 : Operation 1075 [1/1] (0.00ns)   --->   "%trunc_ln181_92 = trunc i28 %mul_ln181_31" [firmware/nnet_utils/nnet_recurrent.h:181]   --->   Operation 1075 'trunc' 'trunc_ln181_92' <Predicate = true> <Delay = 0.00>
ST_16 : Operation 1076 [1/1] (0.00ns)   --->   "%trunc_ln181_93 = trunc i28 %mul_ln181_30" [firmware/nnet_utils/nnet_recurrent.h:181]   --->   Operation 1076 'trunc' 'trunc_ln181_93' <Predicate = true> <Delay = 0.00>
ST_16 : Operation 1077 [1/1] (0.00ns)   --->   "%trunc_ln181_94 = trunc i28 %mul_ln181_31" [firmware/nnet_utils/nnet_recurrent.h:181]   --->   Operation 1077 'trunc' 'trunc_ln181_94' <Predicate = true> <Delay = 0.00>
ST_16 : Operation 1078 [1/4] (1.87ns)   --->   "%mul_ln181_32 = mul i28 %sext_ln181_65, i28 %sext_ln181_64" [firmware/nnet_utils/nnet_recurrent.h:181]   --->   Operation 1078 'mul' 'mul_ln181_32' <Predicate = true> <Delay = 1.87> <CoreInst = "Multiplier">   --->   Core 3 'Multiplier' <Latency = 3> <II = 1> <Delay = 1.87> <FuncUnit> <Opcode : 'mul'> <InPorts = 2> <OutPorts = 1>
ST_16 : Operation 1079 [1/1] (0.00ns)   --->   "%trunc_ln181_95 = trunc i28 %mul_ln181_32" [firmware/nnet_utils/nnet_recurrent.h:181]   --->   Operation 1079 'trunc' 'trunc_ln181_95' <Predicate = true> <Delay = 0.00>
ST_16 : Operation 1080 [1/4] (1.87ns)   --->   "%mul_ln181_33 = mul i28 %sext_ln181_67, i28 %sext_ln181_66" [firmware/nnet_utils/nnet_recurrent.h:181]   --->   Operation 1080 'mul' 'mul_ln181_33' <Predicate = true> <Delay = 1.87> <CoreInst = "Multiplier">   --->   Core 3 'Multiplier' <Latency = 3> <II = 1> <Delay = 1.87> <FuncUnit> <Opcode : 'mul'> <InPorts = 2> <OutPorts = 1>
ST_16 : Operation 1081 [1/1] (0.00ns)   --->   "%trunc_ln181_96 = trunc i28 %mul_ln181_33" [firmware/nnet_utils/nnet_recurrent.h:181]   --->   Operation 1081 'trunc' 'trunc_ln181_96' <Predicate = true> <Delay = 0.00>
ST_16 : Operation 1082 [1/1] (0.00ns)   --->   "%trunc_ln181_97 = trunc i28 %mul_ln181_32" [firmware/nnet_utils/nnet_recurrent.h:181]   --->   Operation 1082 'trunc' 'trunc_ln181_97' <Predicate = true> <Delay = 0.00>
ST_16 : Operation 1083 [1/1] (0.00ns)   --->   "%trunc_ln181_98 = trunc i28 %mul_ln181_33" [firmware/nnet_utils/nnet_recurrent.h:181]   --->   Operation 1083 'trunc' 'trunc_ln181_98' <Predicate = true> <Delay = 0.00>
ST_16 : Operation 1084 [1/4] (1.87ns)   --->   "%mul_ln181_34 = mul i28 %sext_ln181_69, i28 %sext_ln181_68" [firmware/nnet_utils/nnet_recurrent.h:181]   --->   Operation 1084 'mul' 'mul_ln181_34' <Predicate = true> <Delay = 1.87> <CoreInst = "Multiplier">   --->   Core 3 'Multiplier' <Latency = 3> <II = 1> <Delay = 1.87> <FuncUnit> <Opcode : 'mul'> <InPorts = 2> <OutPorts = 1>
ST_16 : Operation 1085 [1/1] (0.00ns)   --->   "%trunc_ln181_99 = trunc i28 %mul_ln181_34" [firmware/nnet_utils/nnet_recurrent.h:181]   --->   Operation 1085 'trunc' 'trunc_ln181_99' <Predicate = true> <Delay = 0.00>
ST_16 : Operation 1086 [1/4] (1.87ns)   --->   "%mul_ln181_35 = mul i28 %sext_ln181_71, i28 %sext_ln181_70" [firmware/nnet_utils/nnet_recurrent.h:181]   --->   Operation 1086 'mul' 'mul_ln181_35' <Predicate = true> <Delay = 1.87> <CoreInst = "Multiplier">   --->   Core 3 'Multiplier' <Latency = 3> <II = 1> <Delay = 1.87> <FuncUnit> <Opcode : 'mul'> <InPorts = 2> <OutPorts = 1>
ST_16 : Operation 1087 [1/1] (0.00ns)   --->   "%trunc_ln181_100 = trunc i28 %mul_ln181_35" [firmware/nnet_utils/nnet_recurrent.h:181]   --->   Operation 1087 'trunc' 'trunc_ln181_100' <Predicate = true> <Delay = 0.00>
ST_16 : Operation 1088 [1/1] (0.00ns)   --->   "%trunc_ln181_101 = trunc i28 %mul_ln181_34" [firmware/nnet_utils/nnet_recurrent.h:181]   --->   Operation 1088 'trunc' 'trunc_ln181_101' <Predicate = true> <Delay = 0.00>
ST_16 : Operation 1089 [1/1] (0.00ns)   --->   "%trunc_ln181_102 = trunc i28 %mul_ln181_35" [firmware/nnet_utils/nnet_recurrent.h:181]   --->   Operation 1089 'trunc' 'trunc_ln181_102' <Predicate = true> <Delay = 0.00>
ST_16 : Operation 1090 [1/4] (1.87ns)   --->   "%mul_ln181_36 = mul i28 %sext_ln181_73, i28 %sext_ln181_72" [firmware/nnet_utils/nnet_recurrent.h:181]   --->   Operation 1090 'mul' 'mul_ln181_36' <Predicate = true> <Delay = 1.87> <CoreInst = "Multiplier">   --->   Core 3 'Multiplier' <Latency = 3> <II = 1> <Delay = 1.87> <FuncUnit> <Opcode : 'mul'> <InPorts = 2> <OutPorts = 1>
ST_16 : Operation 1091 [1/1] (0.00ns)   --->   "%trunc_ln181_103 = trunc i28 %mul_ln181_36" [firmware/nnet_utils/nnet_recurrent.h:181]   --->   Operation 1091 'trunc' 'trunc_ln181_103' <Predicate = true> <Delay = 0.00>
ST_16 : Operation 1092 [1/4] (1.87ns)   --->   "%mul_ln181_37 = mul i28 %sext_ln181_75, i28 %sext_ln181_74" [firmware/nnet_utils/nnet_recurrent.h:181]   --->   Operation 1092 'mul' 'mul_ln181_37' <Predicate = true> <Delay = 1.87> <CoreInst = "Multiplier">   --->   Core 3 'Multiplier' <Latency = 3> <II = 1> <Delay = 1.87> <FuncUnit> <Opcode : 'mul'> <InPorts = 2> <OutPorts = 1>
ST_16 : Operation 1093 [1/1] (0.00ns)   --->   "%trunc_ln181_104 = trunc i28 %mul_ln181_37" [firmware/nnet_utils/nnet_recurrent.h:181]   --->   Operation 1093 'trunc' 'trunc_ln181_104' <Predicate = true> <Delay = 0.00>
ST_16 : Operation 1094 [1/1] (0.00ns)   --->   "%trunc_ln181_105 = trunc i28 %mul_ln181_36" [firmware/nnet_utils/nnet_recurrent.h:181]   --->   Operation 1094 'trunc' 'trunc_ln181_105' <Predicate = true> <Delay = 0.00>
ST_16 : Operation 1095 [1/1] (0.00ns)   --->   "%trunc_ln181_106 = trunc i28 %mul_ln181_37" [firmware/nnet_utils/nnet_recurrent.h:181]   --->   Operation 1095 'trunc' 'trunc_ln181_106' <Predicate = true> <Delay = 0.00>
ST_16 : Operation 1096 [1/4] (1.87ns)   --->   "%mul_ln181_38 = mul i28 %sext_ln181_77, i28 %sext_ln181_76" [firmware/nnet_utils/nnet_recurrent.h:181]   --->   Operation 1096 'mul' 'mul_ln181_38' <Predicate = true> <Delay = 1.87> <CoreInst = "Multiplier">   --->   Core 3 'Multiplier' <Latency = 3> <II = 1> <Delay = 1.87> <FuncUnit> <Opcode : 'mul'> <InPorts = 2> <OutPorts = 1>
ST_16 : Operation 1097 [1/1] (0.00ns)   --->   "%trunc_ln181_107 = trunc i28 %mul_ln181_38" [firmware/nnet_utils/nnet_recurrent.h:181]   --->   Operation 1097 'trunc' 'trunc_ln181_107' <Predicate = true> <Delay = 0.00>
ST_16 : Operation 1098 [1/4] (1.87ns)   --->   "%mul_ln181_39 = mul i28 %sext_ln181_79, i28 %sext_ln181_78" [firmware/nnet_utils/nnet_recurrent.h:181]   --->   Operation 1098 'mul' 'mul_ln181_39' <Predicate = true> <Delay = 1.87> <CoreInst = "Multiplier">   --->   Core 3 'Multiplier' <Latency = 3> <II = 1> <Delay = 1.87> <FuncUnit> <Opcode : 'mul'> <InPorts = 2> <OutPorts = 1>
ST_16 : Operation 1099 [1/1] (0.00ns)   --->   "%trunc_ln181_108 = trunc i28 %mul_ln181_39" [firmware/nnet_utils/nnet_recurrent.h:181]   --->   Operation 1099 'trunc' 'trunc_ln181_108' <Predicate = true> <Delay = 0.00>
ST_16 : Operation 1100 [1/1] (0.00ns)   --->   "%trunc_ln181_109 = trunc i28 %mul_ln181_38" [firmware/nnet_utils/nnet_recurrent.h:181]   --->   Operation 1100 'trunc' 'trunc_ln181_109' <Predicate = true> <Delay = 0.00>
ST_16 : Operation 1101 [1/1] (0.00ns)   --->   "%trunc_ln181_110 = trunc i28 %mul_ln181_39" [firmware/nnet_utils/nnet_recurrent.h:181]   --->   Operation 1101 'trunc' 'trunc_ln181_110' <Predicate = true> <Delay = 0.00>
ST_16 : Operation 1102 [1/4] (1.87ns)   --->   "%mul_ln181_40 = mul i28 %sext_ln181_81, i28 %sext_ln181_80" [firmware/nnet_utils/nnet_recurrent.h:181]   --->   Operation 1102 'mul' 'mul_ln181_40' <Predicate = true> <Delay = 1.87> <CoreInst = "Multiplier">   --->   Core 3 'Multiplier' <Latency = 3> <II = 1> <Delay = 1.87> <FuncUnit> <Opcode : 'mul'> <InPorts = 2> <OutPorts = 1>
ST_16 : Operation 1103 [1/1] (0.00ns)   --->   "%trunc_ln181_111 = trunc i28 %mul_ln181_40" [firmware/nnet_utils/nnet_recurrent.h:181]   --->   Operation 1103 'trunc' 'trunc_ln181_111' <Predicate = true> <Delay = 0.00>
ST_16 : Operation 1104 [1/4] (1.87ns)   --->   "%mul_ln181_41 = mul i28 %sext_ln181_83, i28 %sext_ln181_82" [firmware/nnet_utils/nnet_recurrent.h:181]   --->   Operation 1104 'mul' 'mul_ln181_41' <Predicate = true> <Delay = 1.87> <CoreInst = "Multiplier">   --->   Core 3 'Multiplier' <Latency = 3> <II = 1> <Delay = 1.87> <FuncUnit> <Opcode : 'mul'> <InPorts = 2> <OutPorts = 1>
ST_16 : Operation 1105 [1/1] (0.00ns)   --->   "%trunc_ln181_112 = trunc i28 %mul_ln181_41" [firmware/nnet_utils/nnet_recurrent.h:181]   --->   Operation 1105 'trunc' 'trunc_ln181_112' <Predicate = true> <Delay = 0.00>
ST_16 : Operation 1106 [1/1] (0.00ns)   --->   "%trunc_ln181_113 = trunc i28 %mul_ln181_40" [firmware/nnet_utils/nnet_recurrent.h:181]   --->   Operation 1106 'trunc' 'trunc_ln181_113' <Predicate = true> <Delay = 0.00>
ST_16 : Operation 1107 [1/1] (0.00ns)   --->   "%trunc_ln181_114 = trunc i28 %mul_ln181_41" [firmware/nnet_utils/nnet_recurrent.h:181]   --->   Operation 1107 'trunc' 'trunc_ln181_114' <Predicate = true> <Delay = 0.00>
ST_16 : Operation 1108 [1/4] (1.87ns)   --->   "%mul_ln181_42 = mul i28 %sext_ln181_85, i28 %sext_ln181_84" [firmware/nnet_utils/nnet_recurrent.h:181]   --->   Operation 1108 'mul' 'mul_ln181_42' <Predicate = true> <Delay = 1.87> <CoreInst = "Multiplier">   --->   Core 3 'Multiplier' <Latency = 3> <II = 1> <Delay = 1.87> <FuncUnit> <Opcode : 'mul'> <InPorts = 2> <OutPorts = 1>
ST_16 : Operation 1109 [1/1] (0.00ns)   --->   "%trunc_ln181_115 = trunc i28 %mul_ln181_42" [firmware/nnet_utils/nnet_recurrent.h:181]   --->   Operation 1109 'trunc' 'trunc_ln181_115' <Predicate = true> <Delay = 0.00>
ST_16 : Operation 1110 [1/4] (1.87ns)   --->   "%mul_ln181_43 = mul i28 %sext_ln181_87, i28 %sext_ln181_86" [firmware/nnet_utils/nnet_recurrent.h:181]   --->   Operation 1110 'mul' 'mul_ln181_43' <Predicate = true> <Delay = 1.87> <CoreInst = "Multiplier">   --->   Core 3 'Multiplier' <Latency = 3> <II = 1> <Delay = 1.87> <FuncUnit> <Opcode : 'mul'> <InPorts = 2> <OutPorts = 1>
ST_16 : Operation 1111 [1/1] (0.00ns)   --->   "%trunc_ln181_116 = trunc i28 %mul_ln181_43" [firmware/nnet_utils/nnet_recurrent.h:181]   --->   Operation 1111 'trunc' 'trunc_ln181_116' <Predicate = true> <Delay = 0.00>
ST_16 : Operation 1112 [1/1] (0.00ns)   --->   "%trunc_ln181_117 = trunc i28 %mul_ln181_42" [firmware/nnet_utils/nnet_recurrent.h:181]   --->   Operation 1112 'trunc' 'trunc_ln181_117' <Predicate = true> <Delay = 0.00>
ST_16 : Operation 1113 [1/1] (0.00ns)   --->   "%trunc_ln181_118 = trunc i28 %mul_ln181_43" [firmware/nnet_utils/nnet_recurrent.h:181]   --->   Operation 1113 'trunc' 'trunc_ln181_118' <Predicate = true> <Delay = 0.00>
ST_16 : Operation 1114 [1/4] (1.87ns)   --->   "%mul_ln181_44 = mul i28 %sext_ln181_89, i28 %sext_ln181_88" [firmware/nnet_utils/nnet_recurrent.h:181]   --->   Operation 1114 'mul' 'mul_ln181_44' <Predicate = true> <Delay = 1.87> <CoreInst = "Multiplier">   --->   Core 3 'Multiplier' <Latency = 3> <II = 1> <Delay = 1.87> <FuncUnit> <Opcode : 'mul'> <InPorts = 2> <OutPorts = 1>
ST_16 : Operation 1115 [1/1] (0.00ns)   --->   "%trunc_ln181_119 = trunc i28 %mul_ln181_44" [firmware/nnet_utils/nnet_recurrent.h:181]   --->   Operation 1115 'trunc' 'trunc_ln181_119' <Predicate = true> <Delay = 0.00>
ST_16 : Operation 1116 [1/4] (1.87ns)   --->   "%mul_ln181_45 = mul i28 %sext_ln181_91, i28 %sext_ln181_90" [firmware/nnet_utils/nnet_recurrent.h:181]   --->   Operation 1116 'mul' 'mul_ln181_45' <Predicate = true> <Delay = 1.87> <CoreInst = "Multiplier">   --->   Core 3 'Multiplier' <Latency = 3> <II = 1> <Delay = 1.87> <FuncUnit> <Opcode : 'mul'> <InPorts = 2> <OutPorts = 1>
ST_16 : Operation 1117 [1/1] (0.00ns)   --->   "%trunc_ln181_120 = trunc i28 %mul_ln181_45" [firmware/nnet_utils/nnet_recurrent.h:181]   --->   Operation 1117 'trunc' 'trunc_ln181_120' <Predicate = true> <Delay = 0.00>
ST_16 : Operation 1118 [1/1] (0.00ns)   --->   "%trunc_ln181_121 = trunc i28 %mul_ln181_44" [firmware/nnet_utils/nnet_recurrent.h:181]   --->   Operation 1118 'trunc' 'trunc_ln181_121' <Predicate = true> <Delay = 0.00>
ST_16 : Operation 1119 [1/1] (0.00ns)   --->   "%trunc_ln181_122 = trunc i28 %mul_ln181_45" [firmware/nnet_utils/nnet_recurrent.h:181]   --->   Operation 1119 'trunc' 'trunc_ln181_122' <Predicate = true> <Delay = 0.00>
ST_16 : Operation 1120 [1/4] (1.87ns)   --->   "%mul_ln181_46 = mul i28 %sext_ln181_93, i28 %sext_ln181_92" [firmware/nnet_utils/nnet_recurrent.h:181]   --->   Operation 1120 'mul' 'mul_ln181_46' <Predicate = true> <Delay = 1.87> <CoreInst = "Multiplier">   --->   Core 3 'Multiplier' <Latency = 3> <II = 1> <Delay = 1.87> <FuncUnit> <Opcode : 'mul'> <InPorts = 2> <OutPorts = 1>
ST_16 : Operation 1121 [1/1] (0.00ns)   --->   "%trunc_ln181_123 = trunc i28 %mul_ln181_46" [firmware/nnet_utils/nnet_recurrent.h:181]   --->   Operation 1121 'trunc' 'trunc_ln181_123' <Predicate = true> <Delay = 0.00>
ST_16 : Operation 1122 [1/4] (1.87ns)   --->   "%mul_ln181_47 = mul i28 %sext_ln181_95, i28 %sext_ln181_94" [firmware/nnet_utils/nnet_recurrent.h:181]   --->   Operation 1122 'mul' 'mul_ln181_47' <Predicate = true> <Delay = 1.87> <CoreInst = "Multiplier">   --->   Core 3 'Multiplier' <Latency = 3> <II = 1> <Delay = 1.87> <FuncUnit> <Opcode : 'mul'> <InPorts = 2> <OutPorts = 1>
ST_16 : Operation 1123 [1/1] (0.00ns)   --->   "%trunc_ln181_124 = trunc i28 %mul_ln181_47" [firmware/nnet_utils/nnet_recurrent.h:181]   --->   Operation 1123 'trunc' 'trunc_ln181_124' <Predicate = true> <Delay = 0.00>
ST_16 : Operation 1124 [1/1] (0.00ns)   --->   "%trunc_ln181_125 = trunc i28 %mul_ln181_46" [firmware/nnet_utils/nnet_recurrent.h:181]   --->   Operation 1124 'trunc' 'trunc_ln181_125' <Predicate = true> <Delay = 0.00>
ST_16 : Operation 1125 [1/1] (0.00ns)   --->   "%trunc_ln181_126 = trunc i28 %mul_ln181_47" [firmware/nnet_utils/nnet_recurrent.h:181]   --->   Operation 1125 'trunc' 'trunc_ln181_126' <Predicate = true> <Delay = 0.00>
ST_16 : Operation 1126 [1/4] (1.87ns)   --->   "%mul_ln181_48 = mul i28 %sext_ln181_97, i28 %sext_ln181_96" [firmware/nnet_utils/nnet_recurrent.h:181]   --->   Operation 1126 'mul' 'mul_ln181_48' <Predicate = true> <Delay = 1.87> <CoreInst = "Multiplier">   --->   Core 3 'Multiplier' <Latency = 3> <II = 1> <Delay = 1.87> <FuncUnit> <Opcode : 'mul'> <InPorts = 2> <OutPorts = 1>
ST_16 : Operation 1127 [1/1] (0.00ns)   --->   "%trunc_ln181_127 = trunc i28 %mul_ln181_48" [firmware/nnet_utils/nnet_recurrent.h:181]   --->   Operation 1127 'trunc' 'trunc_ln181_127' <Predicate = true> <Delay = 0.00>
ST_16 : Operation 1128 [1/4] (1.87ns)   --->   "%mul_ln181_49 = mul i28 %sext_ln181_99, i28 %sext_ln181_98" [firmware/nnet_utils/nnet_recurrent.h:181]   --->   Operation 1128 'mul' 'mul_ln181_49' <Predicate = true> <Delay = 1.87> <CoreInst = "Multiplier">   --->   Core 3 'Multiplier' <Latency = 3> <II = 1> <Delay = 1.87> <FuncUnit> <Opcode : 'mul'> <InPorts = 2> <OutPorts = 1>
ST_16 : Operation 1129 [1/1] (0.00ns)   --->   "%trunc_ln181_128 = trunc i28 %mul_ln181_49" [firmware/nnet_utils/nnet_recurrent.h:181]   --->   Operation 1129 'trunc' 'trunc_ln181_128' <Predicate = true> <Delay = 0.00>
ST_16 : Operation 1130 [1/1] (0.00ns)   --->   "%trunc_ln181_129 = trunc i28 %mul_ln181_48" [firmware/nnet_utils/nnet_recurrent.h:181]   --->   Operation 1130 'trunc' 'trunc_ln181_129' <Predicate = true> <Delay = 0.00>
ST_16 : Operation 1131 [1/1] (0.00ns)   --->   "%trunc_ln181_130 = trunc i28 %mul_ln181_49" [firmware/nnet_utils/nnet_recurrent.h:181]   --->   Operation 1131 'trunc' 'trunc_ln181_130' <Predicate = true> <Delay = 0.00>
ST_16 : Operation 1132 [1/4] (1.87ns)   --->   "%mul_ln181_50 = mul i28 %sext_ln181_101, i28 %sext_ln181_100" [firmware/nnet_utils/nnet_recurrent.h:181]   --->   Operation 1132 'mul' 'mul_ln181_50' <Predicate = true> <Delay = 1.87> <CoreInst = "Multiplier">   --->   Core 3 'Multiplier' <Latency = 3> <II = 1> <Delay = 1.87> <FuncUnit> <Opcode : 'mul'> <InPorts = 2> <OutPorts = 1>
ST_16 : Operation 1133 [1/1] (0.00ns)   --->   "%trunc_ln181_131 = trunc i28 %mul_ln181_50" [firmware/nnet_utils/nnet_recurrent.h:181]   --->   Operation 1133 'trunc' 'trunc_ln181_131' <Predicate = true> <Delay = 0.00>
ST_16 : Operation 1134 [1/4] (1.87ns)   --->   "%mul_ln181_51 = mul i28 %sext_ln181_103, i28 %sext_ln181_102" [firmware/nnet_utils/nnet_recurrent.h:181]   --->   Operation 1134 'mul' 'mul_ln181_51' <Predicate = true> <Delay = 1.87> <CoreInst = "Multiplier">   --->   Core 3 'Multiplier' <Latency = 3> <II = 1> <Delay = 1.87> <FuncUnit> <Opcode : 'mul'> <InPorts = 2> <OutPorts = 1>
ST_16 : Operation 1135 [1/1] (0.00ns)   --->   "%trunc_ln181_132 = trunc i28 %mul_ln181_51" [firmware/nnet_utils/nnet_recurrent.h:181]   --->   Operation 1135 'trunc' 'trunc_ln181_132' <Predicate = true> <Delay = 0.00>
ST_16 : Operation 1136 [1/1] (0.00ns)   --->   "%trunc_ln181_133 = trunc i28 %mul_ln181_50" [firmware/nnet_utils/nnet_recurrent.h:181]   --->   Operation 1136 'trunc' 'trunc_ln181_133' <Predicate = true> <Delay = 0.00>
ST_16 : Operation 1137 [1/1] (0.00ns)   --->   "%trunc_ln181_134 = trunc i28 %mul_ln181_51" [firmware/nnet_utils/nnet_recurrent.h:181]   --->   Operation 1137 'trunc' 'trunc_ln181_134' <Predicate = true> <Delay = 0.00>
ST_16 : Operation 1138 [1/4] (1.87ns)   --->   "%mul_ln181_52 = mul i28 %sext_ln181_105, i28 %sext_ln181_104" [firmware/nnet_utils/nnet_recurrent.h:181]   --->   Operation 1138 'mul' 'mul_ln181_52' <Predicate = true> <Delay = 1.87> <CoreInst = "Multiplier">   --->   Core 3 'Multiplier' <Latency = 3> <II = 1> <Delay = 1.87> <FuncUnit> <Opcode : 'mul'> <InPorts = 2> <OutPorts = 1>
ST_16 : Operation 1139 [1/1] (0.00ns)   --->   "%trunc_ln181_135 = trunc i28 %mul_ln181_52" [firmware/nnet_utils/nnet_recurrent.h:181]   --->   Operation 1139 'trunc' 'trunc_ln181_135' <Predicate = true> <Delay = 0.00>
ST_16 : Operation 1140 [1/4] (1.87ns)   --->   "%mul_ln181_53 = mul i28 %sext_ln181_107, i28 %sext_ln181_106" [firmware/nnet_utils/nnet_recurrent.h:181]   --->   Operation 1140 'mul' 'mul_ln181_53' <Predicate = true> <Delay = 1.87> <CoreInst = "Multiplier">   --->   Core 3 'Multiplier' <Latency = 3> <II = 1> <Delay = 1.87> <FuncUnit> <Opcode : 'mul'> <InPorts = 2> <OutPorts = 1>
ST_16 : Operation 1141 [1/1] (0.00ns)   --->   "%trunc_ln181_136 = trunc i28 %mul_ln181_53" [firmware/nnet_utils/nnet_recurrent.h:181]   --->   Operation 1141 'trunc' 'trunc_ln181_136' <Predicate = true> <Delay = 0.00>
ST_16 : Operation 1142 [1/1] (0.00ns)   --->   "%trunc_ln181_137 = trunc i28 %mul_ln181_52" [firmware/nnet_utils/nnet_recurrent.h:181]   --->   Operation 1142 'trunc' 'trunc_ln181_137' <Predicate = true> <Delay = 0.00>
ST_16 : Operation 1143 [1/1] (0.00ns)   --->   "%trunc_ln181_138 = trunc i28 %mul_ln181_53" [firmware/nnet_utils/nnet_recurrent.h:181]   --->   Operation 1143 'trunc' 'trunc_ln181_138' <Predicate = true> <Delay = 0.00>
ST_16 : Operation 1144 [1/4] (1.87ns)   --->   "%mul_ln181_54 = mul i28 %sext_ln181_109, i28 %sext_ln181_108" [firmware/nnet_utils/nnet_recurrent.h:181]   --->   Operation 1144 'mul' 'mul_ln181_54' <Predicate = true> <Delay = 1.87> <CoreInst = "Multiplier">   --->   Core 3 'Multiplier' <Latency = 3> <II = 1> <Delay = 1.87> <FuncUnit> <Opcode : 'mul'> <InPorts = 2> <OutPorts = 1>
ST_16 : Operation 1145 [1/1] (0.00ns)   --->   "%trunc_ln181_139 = trunc i28 %mul_ln181_54" [firmware/nnet_utils/nnet_recurrent.h:181]   --->   Operation 1145 'trunc' 'trunc_ln181_139' <Predicate = true> <Delay = 0.00>
ST_16 : Operation 1146 [1/4] (1.87ns)   --->   "%mul_ln181_55 = mul i28 %sext_ln181_111, i28 %sext_ln181_110" [firmware/nnet_utils/nnet_recurrent.h:181]   --->   Operation 1146 'mul' 'mul_ln181_55' <Predicate = true> <Delay = 1.87> <CoreInst = "Multiplier">   --->   Core 3 'Multiplier' <Latency = 3> <II = 1> <Delay = 1.87> <FuncUnit> <Opcode : 'mul'> <InPorts = 2> <OutPorts = 1>
ST_16 : Operation 1147 [1/1] (0.00ns)   --->   "%trunc_ln181_140 = trunc i28 %mul_ln181_55" [firmware/nnet_utils/nnet_recurrent.h:181]   --->   Operation 1147 'trunc' 'trunc_ln181_140' <Predicate = true> <Delay = 0.00>
ST_16 : Operation 1148 [1/1] (0.00ns)   --->   "%trunc_ln181_141 = trunc i28 %mul_ln181_54" [firmware/nnet_utils/nnet_recurrent.h:181]   --->   Operation 1148 'trunc' 'trunc_ln181_141' <Predicate = true> <Delay = 0.00>
ST_16 : Operation 1149 [1/1] (0.00ns)   --->   "%trunc_ln181_142 = trunc i28 %mul_ln181_55" [firmware/nnet_utils/nnet_recurrent.h:181]   --->   Operation 1149 'trunc' 'trunc_ln181_142' <Predicate = true> <Delay = 0.00>
ST_16 : Operation 1150 [1/4] (1.87ns)   --->   "%mul_ln181_56 = mul i28 %sext_ln181_113, i28 %sext_ln181_112" [firmware/nnet_utils/nnet_recurrent.h:181]   --->   Operation 1150 'mul' 'mul_ln181_56' <Predicate = true> <Delay = 1.87> <CoreInst = "Multiplier">   --->   Core 3 'Multiplier' <Latency = 3> <II = 1> <Delay = 1.87> <FuncUnit> <Opcode : 'mul'> <InPorts = 2> <OutPorts = 1>
ST_16 : Operation 1151 [1/1] (0.00ns)   --->   "%trunc_ln181_143 = trunc i28 %mul_ln181_56" [firmware/nnet_utils/nnet_recurrent.h:181]   --->   Operation 1151 'trunc' 'trunc_ln181_143' <Predicate = true> <Delay = 0.00>
ST_16 : Operation 1152 [1/4] (1.87ns)   --->   "%mul_ln181_57 = mul i28 %sext_ln181_115, i28 %sext_ln181_114" [firmware/nnet_utils/nnet_recurrent.h:181]   --->   Operation 1152 'mul' 'mul_ln181_57' <Predicate = true> <Delay = 1.87> <CoreInst = "Multiplier">   --->   Core 3 'Multiplier' <Latency = 3> <II = 1> <Delay = 1.87> <FuncUnit> <Opcode : 'mul'> <InPorts = 2> <OutPorts = 1>
ST_16 : Operation 1153 [1/1] (0.00ns)   --->   "%trunc_ln181_144 = trunc i28 %mul_ln181_57" [firmware/nnet_utils/nnet_recurrent.h:181]   --->   Operation 1153 'trunc' 'trunc_ln181_144' <Predicate = true> <Delay = 0.00>
ST_16 : Operation 1154 [1/1] (0.00ns)   --->   "%trunc_ln181_145 = trunc i28 %mul_ln181_56" [firmware/nnet_utils/nnet_recurrent.h:181]   --->   Operation 1154 'trunc' 'trunc_ln181_145' <Predicate = true> <Delay = 0.00>
ST_16 : Operation 1155 [1/1] (0.00ns)   --->   "%trunc_ln181_146 = trunc i28 %mul_ln181_57" [firmware/nnet_utils/nnet_recurrent.h:181]   --->   Operation 1155 'trunc' 'trunc_ln181_146' <Predicate = true> <Delay = 0.00>
ST_16 : Operation 1156 [1/4] (1.87ns)   --->   "%mul_ln181_58 = mul i28 %sext_ln181_117, i28 %sext_ln181_116" [firmware/nnet_utils/nnet_recurrent.h:181]   --->   Operation 1156 'mul' 'mul_ln181_58' <Predicate = true> <Delay = 1.87> <CoreInst = "Multiplier">   --->   Core 3 'Multiplier' <Latency = 3> <II = 1> <Delay = 1.87> <FuncUnit> <Opcode : 'mul'> <InPorts = 2> <OutPorts = 1>
ST_16 : Operation 1157 [1/1] (0.00ns)   --->   "%trunc_ln181_147 = trunc i28 %mul_ln181_58" [firmware/nnet_utils/nnet_recurrent.h:181]   --->   Operation 1157 'trunc' 'trunc_ln181_147' <Predicate = true> <Delay = 0.00>
ST_16 : Operation 1158 [1/4] (1.87ns)   --->   "%mul_ln181_59 = mul i28 %sext_ln181_119, i28 %sext_ln181_118" [firmware/nnet_utils/nnet_recurrent.h:181]   --->   Operation 1158 'mul' 'mul_ln181_59' <Predicate = true> <Delay = 1.87> <CoreInst = "Multiplier">   --->   Core 3 'Multiplier' <Latency = 3> <II = 1> <Delay = 1.87> <FuncUnit> <Opcode : 'mul'> <InPorts = 2> <OutPorts = 1>
ST_16 : Operation 1159 [1/1] (0.00ns)   --->   "%trunc_ln181_148 = trunc i28 %mul_ln181_59" [firmware/nnet_utils/nnet_recurrent.h:181]   --->   Operation 1159 'trunc' 'trunc_ln181_148' <Predicate = true> <Delay = 0.00>
ST_16 : Operation 1160 [1/1] (0.00ns)   --->   "%trunc_ln181_149 = trunc i28 %mul_ln181_58" [firmware/nnet_utils/nnet_recurrent.h:181]   --->   Operation 1160 'trunc' 'trunc_ln181_149' <Predicate = true> <Delay = 0.00>
ST_16 : Operation 1161 [1/1] (0.00ns)   --->   "%trunc_ln181_150 = trunc i28 %mul_ln181_59" [firmware/nnet_utils/nnet_recurrent.h:181]   --->   Operation 1161 'trunc' 'trunc_ln181_150' <Predicate = true> <Delay = 0.00>
ST_16 : Operation 1162 [1/4] (1.87ns)   --->   "%mul_ln181_60 = mul i28 %sext_ln181_121, i28 %sext_ln181_120" [firmware/nnet_utils/nnet_recurrent.h:181]   --->   Operation 1162 'mul' 'mul_ln181_60' <Predicate = true> <Delay = 1.87> <CoreInst = "Multiplier">   --->   Core 3 'Multiplier' <Latency = 3> <II = 1> <Delay = 1.87> <FuncUnit> <Opcode : 'mul'> <InPorts = 2> <OutPorts = 1>
ST_16 : Operation 1163 [1/1] (0.00ns)   --->   "%trunc_ln181_151 = trunc i28 %mul_ln181_60" [firmware/nnet_utils/nnet_recurrent.h:181]   --->   Operation 1163 'trunc' 'trunc_ln181_151' <Predicate = true> <Delay = 0.00>
ST_16 : Operation 1164 [1/4] (1.87ns)   --->   "%mul_ln181_61 = mul i28 %sext_ln181_123, i28 %sext_ln181_122" [firmware/nnet_utils/nnet_recurrent.h:181]   --->   Operation 1164 'mul' 'mul_ln181_61' <Predicate = true> <Delay = 1.87> <CoreInst = "Multiplier">   --->   Core 3 'Multiplier' <Latency = 3> <II = 1> <Delay = 1.87> <FuncUnit> <Opcode : 'mul'> <InPorts = 2> <OutPorts = 1>
ST_16 : Operation 1165 [1/1] (0.00ns)   --->   "%trunc_ln181_152 = trunc i28 %mul_ln181_61" [firmware/nnet_utils/nnet_recurrent.h:181]   --->   Operation 1165 'trunc' 'trunc_ln181_152' <Predicate = true> <Delay = 0.00>
ST_16 : Operation 1166 [1/1] (0.00ns)   --->   "%trunc_ln181_153 = trunc i28 %mul_ln181_60" [firmware/nnet_utils/nnet_recurrent.h:181]   --->   Operation 1166 'trunc' 'trunc_ln181_153' <Predicate = true> <Delay = 0.00>
ST_16 : Operation 1167 [1/1] (0.00ns)   --->   "%trunc_ln181_154 = trunc i28 %mul_ln181_61" [firmware/nnet_utils/nnet_recurrent.h:181]   --->   Operation 1167 'trunc' 'trunc_ln181_154' <Predicate = true> <Delay = 0.00>
ST_16 : Operation 1168 [1/4] (1.87ns)   --->   "%mul_ln181_62 = mul i28 %sext_ln181_125, i28 %sext_ln181_124" [firmware/nnet_utils/nnet_recurrent.h:181]   --->   Operation 1168 'mul' 'mul_ln181_62' <Predicate = true> <Delay = 1.87> <CoreInst = "Multiplier">   --->   Core 3 'Multiplier' <Latency = 3> <II = 1> <Delay = 1.87> <FuncUnit> <Opcode : 'mul'> <InPorts = 2> <OutPorts = 1>
ST_16 : Operation 1169 [1/1] (0.00ns)   --->   "%trunc_ln181_155 = trunc i28 %mul_ln181_62" [firmware/nnet_utils/nnet_recurrent.h:181]   --->   Operation 1169 'trunc' 'trunc_ln181_155' <Predicate = true> <Delay = 0.00>
ST_16 : Operation 1170 [1/4] (1.87ns)   --->   "%mul_ln181_63 = mul i28 %sext_ln181_127, i28 %sext_ln181_126" [firmware/nnet_utils/nnet_recurrent.h:181]   --->   Operation 1170 'mul' 'mul_ln181_63' <Predicate = true> <Delay = 1.87> <CoreInst = "Multiplier">   --->   Core 3 'Multiplier' <Latency = 3> <II = 1> <Delay = 1.87> <FuncUnit> <Opcode : 'mul'> <InPorts = 2> <OutPorts = 1>
ST_16 : Operation 1171 [1/1] (0.00ns)   --->   "%trunc_ln181_156 = trunc i28 %mul_ln181_63" [firmware/nnet_utils/nnet_recurrent.h:181]   --->   Operation 1171 'trunc' 'trunc_ln181_156' <Predicate = true> <Delay = 0.00>
ST_16 : Operation 1172 [1/1] (0.00ns)   --->   "%trunc_ln181_157 = trunc i28 %mul_ln181_62" [firmware/nnet_utils/nnet_recurrent.h:181]   --->   Operation 1172 'trunc' 'trunc_ln181_157' <Predicate = true> <Delay = 0.00>
ST_16 : Operation 1173 [1/1] (0.00ns)   --->   "%trunc_ln181_158 = trunc i28 %mul_ln181_63" [firmware/nnet_utils/nnet_recurrent.h:181]   --->   Operation 1173 'trunc' 'trunc_ln181_158' <Predicate = true> <Delay = 0.00>

State 17 <SV = 16> <Delay = 2.31>
ST_17 : Operation 1174 [1/1] (2.03ns)   --->   "%add_ln181_1 = add i7 %trunc_ln181_32, i7 %trunc_ln181" [firmware/nnet_utils/nnet_recurrent.h:181]   --->   Operation 1174 'add' 'add_ln181_1' <Predicate = true> <Delay = 2.03> <CoreInst = "Adder">   --->   Core 1 'Adder' <Latency = 0> <II = 1> <Delay = 2.03> <FuncUnit> <Opcode : 'add' 'sub'> <InPorts = 2> <OutPorts = 1>
ST_17 : Operation 1175 [1/1] (2.31ns)   --->   "%add_ln181 = add i21 %trunc_ln181_34, i21 %trunc_ln181_33" [firmware/nnet_utils/nnet_recurrent.h:181]   --->   Operation 1175 'add' 'add_ln181' <Predicate = true> <Delay = 2.31> <CoreInst = "Adder">   --->   Core 1 'Adder' <Latency = 0> <II = 1> <Delay = 2.31> <FuncUnit> <Opcode : 'add' 'sub'> <InPorts = 2> <OutPorts = 1>
ST_17 : Operation 1176 [1/1] (0.00ns)   --->   "%trunc_ln = partselect i14 @_ssdm_op_PartSelect.i14.i21.i32.i32, i21 %add_ln181, i32 7, i32 20" [firmware/nnet_utils/nnet_recurrent.h:181]   --->   Operation 1176 'partselect' 'trunc_ln' <Predicate = true> <Delay = 0.00>
ST_17 : Operation 1177 [1/1] (0.00ns)   --->   "%tmp = bitselect i1 @_ssdm_op_BitSelect.i1.i7.i32, i7 %add_ln181_1, i32 6" [firmware/nnet_utils/nnet_recurrent.h:181]   --->   Operation 1177 'bitselect' 'tmp' <Predicate = true> <Delay = 0.00>
ST_17 : Operation 1178 [1/1] (2.03ns)   --->   "%add_ln181_5 = add i7 %trunc_ln181_36, i7 %trunc_ln181_35" [firmware/nnet_utils/nnet_recurrent.h:181]   --->   Operation 1178 'add' 'add_ln181_5' <Predicate = true> <Delay = 2.03> <CoreInst = "Adder">   --->   Core 1 'Adder' <Latency = 0> <II = 1> <Delay = 2.03> <FuncUnit> <Opcode : 'add' 'sub'> <InPorts = 2> <OutPorts = 1>
ST_17 : Operation 1179 [1/1] (2.31ns)   --->   "%add_ln181_2 = add i21 %trunc_ln181_38, i21 %trunc_ln181_37" [firmware/nnet_utils/nnet_recurrent.h:181]   --->   Operation 1179 'add' 'add_ln181_2' <Predicate = true> <Delay = 2.31> <CoreInst = "Adder">   --->   Core 1 'Adder' <Latency = 0> <II = 1> <Delay = 2.31> <FuncUnit> <Opcode : 'add' 'sub'> <InPorts = 2> <OutPorts = 1>
ST_17 : Operation 1180 [1/1] (0.00ns)   --->   "%trunc_ln181_1 = partselect i14 @_ssdm_op_PartSelect.i14.i21.i32.i32, i21 %add_ln181_2, i32 7, i32 20" [firmware/nnet_utils/nnet_recurrent.h:181]   --->   Operation 1180 'partselect' 'trunc_ln181_1' <Predicate = true> <Delay = 0.00>
ST_17 : Operation 1181 [1/1] (0.00ns)   --->   "%tmp_671 = bitselect i1 @_ssdm_op_BitSelect.i1.i7.i32, i7 %add_ln181_5, i32 6" [firmware/nnet_utils/nnet_recurrent.h:181]   --->   Operation 1181 'bitselect' 'tmp_671' <Predicate = true> <Delay = 0.00>
ST_17 : Operation 1182 [1/1] (2.03ns)   --->   "%add_ln181_9 = add i7 %trunc_ln181_40, i7 %trunc_ln181_39" [firmware/nnet_utils/nnet_recurrent.h:181]   --->   Operation 1182 'add' 'add_ln181_9' <Predicate = true> <Delay = 2.03> <CoreInst = "Adder">   --->   Core 1 'Adder' <Latency = 0> <II = 1> <Delay = 2.03> <FuncUnit> <Opcode : 'add' 'sub'> <InPorts = 2> <OutPorts = 1>
ST_17 : Operation 1183 [1/1] (2.31ns)   --->   "%add_ln181_4 = add i21 %trunc_ln181_42, i21 %trunc_ln181_41" [firmware/nnet_utils/nnet_recurrent.h:181]   --->   Operation 1183 'add' 'add_ln181_4' <Predicate = true> <Delay = 2.31> <CoreInst = "Adder">   --->   Core 1 'Adder' <Latency = 0> <II = 1> <Delay = 2.31> <FuncUnit> <Opcode : 'add' 'sub'> <InPorts = 2> <OutPorts = 1>
ST_17 : Operation 1184 [1/1] (0.00ns)   --->   "%trunc_ln181_2 = partselect i14 @_ssdm_op_PartSelect.i14.i21.i32.i32, i21 %add_ln181_4, i32 7, i32 20" [firmware/nnet_utils/nnet_recurrent.h:181]   --->   Operation 1184 'partselect' 'trunc_ln181_2' <Predicate = true> <Delay = 0.00>
ST_17 : Operation 1185 [1/1] (0.00ns)   --->   "%tmp_672 = bitselect i1 @_ssdm_op_BitSelect.i1.i7.i32, i7 %add_ln181_9, i32 6" [firmware/nnet_utils/nnet_recurrent.h:181]   --->   Operation 1185 'bitselect' 'tmp_672' <Predicate = true> <Delay = 0.00>
ST_17 : Operation 1186 [1/1] (2.03ns)   --->   "%add_ln181_13 = add i7 %trunc_ln181_44, i7 %trunc_ln181_43" [firmware/nnet_utils/nnet_recurrent.h:181]   --->   Operation 1186 'add' 'add_ln181_13' <Predicate = true> <Delay = 2.03> <CoreInst = "Adder">   --->   Core 1 'Adder' <Latency = 0> <II = 1> <Delay = 2.03> <FuncUnit> <Opcode : 'add' 'sub'> <InPorts = 2> <OutPorts = 1>
ST_17 : Operation 1187 [1/1] (2.31ns)   --->   "%add_ln181_6 = add i21 %trunc_ln181_46, i21 %trunc_ln181_45" [firmware/nnet_utils/nnet_recurrent.h:181]   --->   Operation 1187 'add' 'add_ln181_6' <Predicate = true> <Delay = 2.31> <CoreInst = "Adder">   --->   Core 1 'Adder' <Latency = 0> <II = 1> <Delay = 2.31> <FuncUnit> <Opcode : 'add' 'sub'> <InPorts = 2> <OutPorts = 1>
ST_17 : Operation 1188 [1/1] (0.00ns)   --->   "%trunc_ln181_3 = partselect i14 @_ssdm_op_PartSelect.i14.i21.i32.i32, i21 %add_ln181_6, i32 7, i32 20" [firmware/nnet_utils/nnet_recurrent.h:181]   --->   Operation 1188 'partselect' 'trunc_ln181_3' <Predicate = true> <Delay = 0.00>
ST_17 : Operation 1189 [1/1] (0.00ns)   --->   "%tmp_673 = bitselect i1 @_ssdm_op_BitSelect.i1.i7.i32, i7 %add_ln181_13, i32 6" [firmware/nnet_utils/nnet_recurrent.h:181]   --->   Operation 1189 'bitselect' 'tmp_673' <Predicate = true> <Delay = 0.00>
ST_17 : Operation 1190 [1/1] (2.03ns)   --->   "%add_ln181_17 = add i7 %trunc_ln181_48, i7 %trunc_ln181_47" [firmware/nnet_utils/nnet_recurrent.h:181]   --->   Operation 1190 'add' 'add_ln181_17' <Predicate = true> <Delay = 2.03> <CoreInst = "Adder">   --->   Core 1 'Adder' <Latency = 0> <II = 1> <Delay = 2.03> <FuncUnit> <Opcode : 'add' 'sub'> <InPorts = 2> <OutPorts = 1>
ST_17 : Operation 1191 [1/1] (2.31ns)   --->   "%add_ln181_8 = add i21 %trunc_ln181_50, i21 %trunc_ln181_49" [firmware/nnet_utils/nnet_recurrent.h:181]   --->   Operation 1191 'add' 'add_ln181_8' <Predicate = true> <Delay = 2.31> <CoreInst = "Adder">   --->   Core 1 'Adder' <Latency = 0> <II = 1> <Delay = 2.31> <FuncUnit> <Opcode : 'add' 'sub'> <InPorts = 2> <OutPorts = 1>
ST_17 : Operation 1192 [1/1] (0.00ns)   --->   "%trunc_ln181_4 = partselect i14 @_ssdm_op_PartSelect.i14.i21.i32.i32, i21 %add_ln181_8, i32 7, i32 20" [firmware/nnet_utils/nnet_recurrent.h:181]   --->   Operation 1192 'partselect' 'trunc_ln181_4' <Predicate = true> <Delay = 0.00>
ST_17 : Operation 1193 [1/1] (0.00ns)   --->   "%tmp_674 = bitselect i1 @_ssdm_op_BitSelect.i1.i7.i32, i7 %add_ln181_17, i32 6" [firmware/nnet_utils/nnet_recurrent.h:181]   --->   Operation 1193 'bitselect' 'tmp_674' <Predicate = true> <Delay = 0.00>
ST_17 : Operation 1194 [1/1] (2.03ns)   --->   "%add_ln181_21 = add i7 %trunc_ln181_52, i7 %trunc_ln181_51" [firmware/nnet_utils/nnet_recurrent.h:181]   --->   Operation 1194 'add' 'add_ln181_21' <Predicate = true> <Delay = 2.03> <CoreInst = "Adder">   --->   Core 1 'Adder' <Latency = 0> <II = 1> <Delay = 2.03> <FuncUnit> <Opcode : 'add' 'sub'> <InPorts = 2> <OutPorts = 1>
ST_17 : Operation 1195 [1/1] (2.31ns)   --->   "%add_ln181_10 = add i21 %trunc_ln181_54, i21 %trunc_ln181_53" [firmware/nnet_utils/nnet_recurrent.h:181]   --->   Operation 1195 'add' 'add_ln181_10' <Predicate = true> <Delay = 2.31> <CoreInst = "Adder">   --->   Core 1 'Adder' <Latency = 0> <II = 1> <Delay = 2.31> <FuncUnit> <Opcode : 'add' 'sub'> <InPorts = 2> <OutPorts = 1>
ST_17 : Operation 1196 [1/1] (0.00ns)   --->   "%trunc_ln181_5 = partselect i14 @_ssdm_op_PartSelect.i14.i21.i32.i32, i21 %add_ln181_10, i32 7, i32 20" [firmware/nnet_utils/nnet_recurrent.h:181]   --->   Operation 1196 'partselect' 'trunc_ln181_5' <Predicate = true> <Delay = 0.00>
ST_17 : Operation 1197 [1/1] (0.00ns)   --->   "%tmp_675 = bitselect i1 @_ssdm_op_BitSelect.i1.i7.i32, i7 %add_ln181_21, i32 6" [firmware/nnet_utils/nnet_recurrent.h:181]   --->   Operation 1197 'bitselect' 'tmp_675' <Predicate = true> <Delay = 0.00>
ST_17 : Operation 1198 [1/1] (2.03ns)   --->   "%add_ln181_25 = add i7 %trunc_ln181_56, i7 %trunc_ln181_55" [firmware/nnet_utils/nnet_recurrent.h:181]   --->   Operation 1198 'add' 'add_ln181_25' <Predicate = true> <Delay = 2.03> <CoreInst = "Adder">   --->   Core 1 'Adder' <Latency = 0> <II = 1> <Delay = 2.03> <FuncUnit> <Opcode : 'add' 'sub'> <InPorts = 2> <OutPorts = 1>
ST_17 : Operation 1199 [1/1] (2.31ns)   --->   "%add_ln181_12 = add i21 %trunc_ln181_58, i21 %trunc_ln181_57" [firmware/nnet_utils/nnet_recurrent.h:181]   --->   Operation 1199 'add' 'add_ln181_12' <Predicate = true> <Delay = 2.31> <CoreInst = "Adder">   --->   Core 1 'Adder' <Latency = 0> <II = 1> <Delay = 2.31> <FuncUnit> <Opcode : 'add' 'sub'> <InPorts = 2> <OutPorts = 1>
ST_17 : Operation 1200 [1/1] (0.00ns)   --->   "%trunc_ln181_6 = partselect i14 @_ssdm_op_PartSelect.i14.i21.i32.i32, i21 %add_ln181_12, i32 7, i32 20" [firmware/nnet_utils/nnet_recurrent.h:181]   --->   Operation 1200 'partselect' 'trunc_ln181_6' <Predicate = true> <Delay = 0.00>
ST_17 : Operation 1201 [1/1] (0.00ns)   --->   "%tmp_676 = bitselect i1 @_ssdm_op_BitSelect.i1.i7.i32, i7 %add_ln181_25, i32 6" [firmware/nnet_utils/nnet_recurrent.h:181]   --->   Operation 1201 'bitselect' 'tmp_676' <Predicate = true> <Delay = 0.00>
ST_17 : Operation 1202 [1/1] (2.03ns)   --->   "%add_ln181_29 = add i7 %trunc_ln181_60, i7 %trunc_ln181_59" [firmware/nnet_utils/nnet_recurrent.h:181]   --->   Operation 1202 'add' 'add_ln181_29' <Predicate = true> <Delay = 2.03> <CoreInst = "Adder">   --->   Core 1 'Adder' <Latency = 0> <II = 1> <Delay = 2.03> <FuncUnit> <Opcode : 'add' 'sub'> <InPorts = 2> <OutPorts = 1>
ST_17 : Operation 1203 [1/1] (2.31ns)   --->   "%add_ln181_14 = add i21 %trunc_ln181_62, i21 %trunc_ln181_61" [firmware/nnet_utils/nnet_recurrent.h:181]   --->   Operation 1203 'add' 'add_ln181_14' <Predicate = true> <Delay = 2.31> <CoreInst = "Adder">   --->   Core 1 'Adder' <Latency = 0> <II = 1> <Delay = 2.31> <FuncUnit> <Opcode : 'add' 'sub'> <InPorts = 2> <OutPorts = 1>
ST_17 : Operation 1204 [1/1] (0.00ns)   --->   "%trunc_ln181_7 = partselect i14 @_ssdm_op_PartSelect.i14.i21.i32.i32, i21 %add_ln181_14, i32 7, i32 20" [firmware/nnet_utils/nnet_recurrent.h:181]   --->   Operation 1204 'partselect' 'trunc_ln181_7' <Predicate = true> <Delay = 0.00>
ST_17 : Operation 1205 [1/1] (0.00ns)   --->   "%tmp_677 = bitselect i1 @_ssdm_op_BitSelect.i1.i7.i32, i7 %add_ln181_29, i32 6" [firmware/nnet_utils/nnet_recurrent.h:181]   --->   Operation 1205 'bitselect' 'tmp_677' <Predicate = true> <Delay = 0.00>
ST_17 : Operation 1206 [1/1] (2.03ns)   --->   "%add_ln181_33 = add i7 %trunc_ln181_64, i7 %trunc_ln181_63" [firmware/nnet_utils/nnet_recurrent.h:181]   --->   Operation 1206 'add' 'add_ln181_33' <Predicate = true> <Delay = 2.03> <CoreInst = "Adder">   --->   Core 1 'Adder' <Latency = 0> <II = 1> <Delay = 2.03> <FuncUnit> <Opcode : 'add' 'sub'> <InPorts = 2> <OutPorts = 1>
ST_17 : Operation 1207 [1/1] (2.31ns)   --->   "%add_ln181_16 = add i21 %trunc_ln181_66, i21 %trunc_ln181_65" [firmware/nnet_utils/nnet_recurrent.h:181]   --->   Operation 1207 'add' 'add_ln181_16' <Predicate = true> <Delay = 2.31> <CoreInst = "Adder">   --->   Core 1 'Adder' <Latency = 0> <II = 1> <Delay = 2.31> <FuncUnit> <Opcode : 'add' 'sub'> <InPorts = 2> <OutPorts = 1>
ST_17 : Operation 1208 [1/1] (0.00ns)   --->   "%trunc_ln181_8 = partselect i14 @_ssdm_op_PartSelect.i14.i21.i32.i32, i21 %add_ln181_16, i32 7, i32 20" [firmware/nnet_utils/nnet_recurrent.h:181]   --->   Operation 1208 'partselect' 'trunc_ln181_8' <Predicate = true> <Delay = 0.00>
ST_17 : Operation 1209 [1/1] (0.00ns)   --->   "%tmp_678 = bitselect i1 @_ssdm_op_BitSelect.i1.i7.i32, i7 %add_ln181_33, i32 6" [firmware/nnet_utils/nnet_recurrent.h:181]   --->   Operation 1209 'bitselect' 'tmp_678' <Predicate = true> <Delay = 0.00>
ST_17 : Operation 1210 [1/1] (2.03ns)   --->   "%add_ln181_37 = add i7 %trunc_ln181_68, i7 %trunc_ln181_67" [firmware/nnet_utils/nnet_recurrent.h:181]   --->   Operation 1210 'add' 'add_ln181_37' <Predicate = true> <Delay = 2.03> <CoreInst = "Adder">   --->   Core 1 'Adder' <Latency = 0> <II = 1> <Delay = 2.03> <FuncUnit> <Opcode : 'add' 'sub'> <InPorts = 2> <OutPorts = 1>
ST_17 : Operation 1211 [1/1] (2.31ns)   --->   "%add_ln181_18 = add i21 %trunc_ln181_70, i21 %trunc_ln181_69" [firmware/nnet_utils/nnet_recurrent.h:181]   --->   Operation 1211 'add' 'add_ln181_18' <Predicate = true> <Delay = 2.31> <CoreInst = "Adder">   --->   Core 1 'Adder' <Latency = 0> <II = 1> <Delay = 2.31> <FuncUnit> <Opcode : 'add' 'sub'> <InPorts = 2> <OutPorts = 1>
ST_17 : Operation 1212 [1/1] (0.00ns)   --->   "%trunc_ln181_9 = partselect i14 @_ssdm_op_PartSelect.i14.i21.i32.i32, i21 %add_ln181_18, i32 7, i32 20" [firmware/nnet_utils/nnet_recurrent.h:181]   --->   Operation 1212 'partselect' 'trunc_ln181_9' <Predicate = true> <Delay = 0.00>
ST_17 : Operation 1213 [1/1] (0.00ns)   --->   "%tmp_679 = bitselect i1 @_ssdm_op_BitSelect.i1.i7.i32, i7 %add_ln181_37, i32 6" [firmware/nnet_utils/nnet_recurrent.h:181]   --->   Operation 1213 'bitselect' 'tmp_679' <Predicate = true> <Delay = 0.00>
ST_17 : Operation 1214 [1/1] (2.03ns)   --->   "%add_ln181_41 = add i7 %trunc_ln181_72, i7 %trunc_ln181_71" [firmware/nnet_utils/nnet_recurrent.h:181]   --->   Operation 1214 'add' 'add_ln181_41' <Predicate = true> <Delay = 2.03> <CoreInst = "Adder">   --->   Core 1 'Adder' <Latency = 0> <II = 1> <Delay = 2.03> <FuncUnit> <Opcode : 'add' 'sub'> <InPorts = 2> <OutPorts = 1>
ST_17 : Operation 1215 [1/1] (2.31ns)   --->   "%add_ln181_20 = add i21 %trunc_ln181_74, i21 %trunc_ln181_73" [firmware/nnet_utils/nnet_recurrent.h:181]   --->   Operation 1215 'add' 'add_ln181_20' <Predicate = true> <Delay = 2.31> <CoreInst = "Adder">   --->   Core 1 'Adder' <Latency = 0> <II = 1> <Delay = 2.31> <FuncUnit> <Opcode : 'add' 'sub'> <InPorts = 2> <OutPorts = 1>
ST_17 : Operation 1216 [1/1] (0.00ns)   --->   "%trunc_ln181_s = partselect i14 @_ssdm_op_PartSelect.i14.i21.i32.i32, i21 %add_ln181_20, i32 7, i32 20" [firmware/nnet_utils/nnet_recurrent.h:181]   --->   Operation 1216 'partselect' 'trunc_ln181_s' <Predicate = true> <Delay = 0.00>
ST_17 : Operation 1217 [1/1] (0.00ns)   --->   "%tmp_680 = bitselect i1 @_ssdm_op_BitSelect.i1.i7.i32, i7 %add_ln181_41, i32 6" [firmware/nnet_utils/nnet_recurrent.h:181]   --->   Operation 1217 'bitselect' 'tmp_680' <Predicate = true> <Delay = 0.00>
ST_17 : Operation 1218 [1/1] (2.03ns)   --->   "%add_ln181_45 = add i7 %trunc_ln181_76, i7 %trunc_ln181_75" [firmware/nnet_utils/nnet_recurrent.h:181]   --->   Operation 1218 'add' 'add_ln181_45' <Predicate = true> <Delay = 2.03> <CoreInst = "Adder">   --->   Core 1 'Adder' <Latency = 0> <II = 1> <Delay = 2.03> <FuncUnit> <Opcode : 'add' 'sub'> <InPorts = 2> <OutPorts = 1>
ST_17 : Operation 1219 [1/1] (2.31ns)   --->   "%add_ln181_22 = add i21 %trunc_ln181_78, i21 %trunc_ln181_77" [firmware/nnet_utils/nnet_recurrent.h:181]   --->   Operation 1219 'add' 'add_ln181_22' <Predicate = true> <Delay = 2.31> <CoreInst = "Adder">   --->   Core 1 'Adder' <Latency = 0> <II = 1> <Delay = 2.31> <FuncUnit> <Opcode : 'add' 'sub'> <InPorts = 2> <OutPorts = 1>
ST_17 : Operation 1220 [1/1] (0.00ns)   --->   "%trunc_ln181_10 = partselect i14 @_ssdm_op_PartSelect.i14.i21.i32.i32, i21 %add_ln181_22, i32 7, i32 20" [firmware/nnet_utils/nnet_recurrent.h:181]   --->   Operation 1220 'partselect' 'trunc_ln181_10' <Predicate = true> <Delay = 0.00>
ST_17 : Operation 1221 [1/1] (0.00ns)   --->   "%tmp_681 = bitselect i1 @_ssdm_op_BitSelect.i1.i7.i32, i7 %add_ln181_45, i32 6" [firmware/nnet_utils/nnet_recurrent.h:181]   --->   Operation 1221 'bitselect' 'tmp_681' <Predicate = true> <Delay = 0.00>
ST_17 : Operation 1222 [1/1] (2.03ns)   --->   "%add_ln181_49 = add i7 %trunc_ln181_80, i7 %trunc_ln181_79" [firmware/nnet_utils/nnet_recurrent.h:181]   --->   Operation 1222 'add' 'add_ln181_49' <Predicate = true> <Delay = 2.03> <CoreInst = "Adder">   --->   Core 1 'Adder' <Latency = 0> <II = 1> <Delay = 2.03> <FuncUnit> <Opcode : 'add' 'sub'> <InPorts = 2> <OutPorts = 1>
ST_17 : Operation 1223 [1/1] (2.31ns)   --->   "%add_ln181_24 = add i21 %trunc_ln181_82, i21 %trunc_ln181_81" [firmware/nnet_utils/nnet_recurrent.h:181]   --->   Operation 1223 'add' 'add_ln181_24' <Predicate = true> <Delay = 2.31> <CoreInst = "Adder">   --->   Core 1 'Adder' <Latency = 0> <II = 1> <Delay = 2.31> <FuncUnit> <Opcode : 'add' 'sub'> <InPorts = 2> <OutPorts = 1>
ST_17 : Operation 1224 [1/1] (0.00ns)   --->   "%trunc_ln181_11 = partselect i14 @_ssdm_op_PartSelect.i14.i21.i32.i32, i21 %add_ln181_24, i32 7, i32 20" [firmware/nnet_utils/nnet_recurrent.h:181]   --->   Operation 1224 'partselect' 'trunc_ln181_11' <Predicate = true> <Delay = 0.00>
ST_17 : Operation 1225 [1/1] (0.00ns)   --->   "%tmp_682 = bitselect i1 @_ssdm_op_BitSelect.i1.i7.i32, i7 %add_ln181_49, i32 6" [firmware/nnet_utils/nnet_recurrent.h:181]   --->   Operation 1225 'bitselect' 'tmp_682' <Predicate = true> <Delay = 0.00>
ST_17 : Operation 1226 [1/1] (2.03ns)   --->   "%add_ln181_53 = add i7 %trunc_ln181_84, i7 %trunc_ln181_83" [firmware/nnet_utils/nnet_recurrent.h:181]   --->   Operation 1226 'add' 'add_ln181_53' <Predicate = true> <Delay = 2.03> <CoreInst = "Adder">   --->   Core 1 'Adder' <Latency = 0> <II = 1> <Delay = 2.03> <FuncUnit> <Opcode : 'add' 'sub'> <InPorts = 2> <OutPorts = 1>
ST_17 : Operation 1227 [1/1] (2.31ns)   --->   "%add_ln181_26 = add i21 %trunc_ln181_86, i21 %trunc_ln181_85" [firmware/nnet_utils/nnet_recurrent.h:181]   --->   Operation 1227 'add' 'add_ln181_26' <Predicate = true> <Delay = 2.31> <CoreInst = "Adder">   --->   Core 1 'Adder' <Latency = 0> <II = 1> <Delay = 2.31> <FuncUnit> <Opcode : 'add' 'sub'> <InPorts = 2> <OutPorts = 1>
ST_17 : Operation 1228 [1/1] (0.00ns)   --->   "%trunc_ln181_12 = partselect i14 @_ssdm_op_PartSelect.i14.i21.i32.i32, i21 %add_ln181_26, i32 7, i32 20" [firmware/nnet_utils/nnet_recurrent.h:181]   --->   Operation 1228 'partselect' 'trunc_ln181_12' <Predicate = true> <Delay = 0.00>
ST_17 : Operation 1229 [1/1] (0.00ns)   --->   "%tmp_683 = bitselect i1 @_ssdm_op_BitSelect.i1.i7.i32, i7 %add_ln181_53, i32 6" [firmware/nnet_utils/nnet_recurrent.h:181]   --->   Operation 1229 'bitselect' 'tmp_683' <Predicate = true> <Delay = 0.00>
ST_17 : Operation 1230 [1/1] (2.03ns)   --->   "%add_ln181_57 = add i7 %trunc_ln181_88, i7 %trunc_ln181_87" [firmware/nnet_utils/nnet_recurrent.h:181]   --->   Operation 1230 'add' 'add_ln181_57' <Predicate = true> <Delay = 2.03> <CoreInst = "Adder">   --->   Core 1 'Adder' <Latency = 0> <II = 1> <Delay = 2.03> <FuncUnit> <Opcode : 'add' 'sub'> <InPorts = 2> <OutPorts = 1>
ST_17 : Operation 1231 [1/1] (2.31ns)   --->   "%add_ln181_28 = add i21 %trunc_ln181_90, i21 %trunc_ln181_89" [firmware/nnet_utils/nnet_recurrent.h:181]   --->   Operation 1231 'add' 'add_ln181_28' <Predicate = true> <Delay = 2.31> <CoreInst = "Adder">   --->   Core 1 'Adder' <Latency = 0> <II = 1> <Delay = 2.31> <FuncUnit> <Opcode : 'add' 'sub'> <InPorts = 2> <OutPorts = 1>
ST_17 : Operation 1232 [1/1] (0.00ns)   --->   "%trunc_ln181_13 = partselect i14 @_ssdm_op_PartSelect.i14.i21.i32.i32, i21 %add_ln181_28, i32 7, i32 20" [firmware/nnet_utils/nnet_recurrent.h:181]   --->   Operation 1232 'partselect' 'trunc_ln181_13' <Predicate = true> <Delay = 0.00>
ST_17 : Operation 1233 [1/1] (0.00ns)   --->   "%tmp_684 = bitselect i1 @_ssdm_op_BitSelect.i1.i7.i32, i7 %add_ln181_57, i32 6" [firmware/nnet_utils/nnet_recurrent.h:181]   --->   Operation 1233 'bitselect' 'tmp_684' <Predicate = true> <Delay = 0.00>
ST_17 : Operation 1234 [1/1] (2.03ns)   --->   "%add_ln181_61 = add i7 %trunc_ln181_92, i7 %trunc_ln181_91" [firmware/nnet_utils/nnet_recurrent.h:181]   --->   Operation 1234 'add' 'add_ln181_61' <Predicate = true> <Delay = 2.03> <CoreInst = "Adder">   --->   Core 1 'Adder' <Latency = 0> <II = 1> <Delay = 2.03> <FuncUnit> <Opcode : 'add' 'sub'> <InPorts = 2> <OutPorts = 1>
ST_17 : Operation 1235 [1/1] (2.31ns)   --->   "%add_ln181_30 = add i21 %trunc_ln181_94, i21 %trunc_ln181_93" [firmware/nnet_utils/nnet_recurrent.h:181]   --->   Operation 1235 'add' 'add_ln181_30' <Predicate = true> <Delay = 2.31> <CoreInst = "Adder">   --->   Core 1 'Adder' <Latency = 0> <II = 1> <Delay = 2.31> <FuncUnit> <Opcode : 'add' 'sub'> <InPorts = 2> <OutPorts = 1>
ST_17 : Operation 1236 [1/1] (0.00ns)   --->   "%trunc_ln181_14 = partselect i14 @_ssdm_op_PartSelect.i14.i21.i32.i32, i21 %add_ln181_30, i32 7, i32 20" [firmware/nnet_utils/nnet_recurrent.h:181]   --->   Operation 1236 'partselect' 'trunc_ln181_14' <Predicate = true> <Delay = 0.00>
ST_17 : Operation 1237 [1/1] (0.00ns)   --->   "%tmp_685 = bitselect i1 @_ssdm_op_BitSelect.i1.i7.i32, i7 %add_ln181_61, i32 6" [firmware/nnet_utils/nnet_recurrent.h:181]   --->   Operation 1237 'bitselect' 'tmp_685' <Predicate = true> <Delay = 0.00>
ST_17 : Operation 1238 [1/1] (2.03ns)   --->   "%add_ln181_64 = add i7 %trunc_ln181_96, i7 %trunc_ln181_95" [firmware/nnet_utils/nnet_recurrent.h:181]   --->   Operation 1238 'add' 'add_ln181_64' <Predicate = true> <Delay = 2.03> <CoreInst = "Adder">   --->   Core 1 'Adder' <Latency = 0> <II = 1> <Delay = 2.03> <FuncUnit> <Opcode : 'add' 'sub'> <InPorts = 2> <OutPorts = 1>
ST_17 : Operation 1239 [1/1] (2.31ns)   --->   "%add_ln181_32 = add i21 %trunc_ln181_98, i21 %trunc_ln181_97" [firmware/nnet_utils/nnet_recurrent.h:181]   --->   Operation 1239 'add' 'add_ln181_32' <Predicate = true> <Delay = 2.31> <CoreInst = "Adder">   --->   Core 1 'Adder' <Latency = 0> <II = 1> <Delay = 2.31> <FuncUnit> <Opcode : 'add' 'sub'> <InPorts = 2> <OutPorts = 1>
ST_17 : Operation 1240 [1/1] (0.00ns)   --->   "%trunc_ln181_15 = partselect i14 @_ssdm_op_PartSelect.i14.i21.i32.i32, i21 %add_ln181_32, i32 7, i32 20" [firmware/nnet_utils/nnet_recurrent.h:181]   --->   Operation 1240 'partselect' 'trunc_ln181_15' <Predicate = true> <Delay = 0.00>
ST_17 : Operation 1241 [1/1] (0.00ns)   --->   "%tmp_686 = bitselect i1 @_ssdm_op_BitSelect.i1.i7.i32, i7 %add_ln181_64, i32 6" [firmware/nnet_utils/nnet_recurrent.h:181]   --->   Operation 1241 'bitselect' 'tmp_686' <Predicate = true> <Delay = 0.00>
ST_17 : Operation 1242 [1/1] (2.03ns)   --->   "%add_ln181_66 = add i7 %trunc_ln181_100, i7 %trunc_ln181_99" [firmware/nnet_utils/nnet_recurrent.h:181]   --->   Operation 1242 'add' 'add_ln181_66' <Predicate = true> <Delay = 2.03> <CoreInst = "Adder">   --->   Core 1 'Adder' <Latency = 0> <II = 1> <Delay = 2.03> <FuncUnit> <Opcode : 'add' 'sub'> <InPorts = 2> <OutPorts = 1>
ST_17 : Operation 1243 [1/1] (2.31ns)   --->   "%add_ln181_34 = add i21 %trunc_ln181_102, i21 %trunc_ln181_101" [firmware/nnet_utils/nnet_recurrent.h:181]   --->   Operation 1243 'add' 'add_ln181_34' <Predicate = true> <Delay = 2.31> <CoreInst = "Adder">   --->   Core 1 'Adder' <Latency = 0> <II = 1> <Delay = 2.31> <FuncUnit> <Opcode : 'add' 'sub'> <InPorts = 2> <OutPorts = 1>
ST_17 : Operation 1244 [1/1] (0.00ns)   --->   "%trunc_ln181_16 = partselect i14 @_ssdm_op_PartSelect.i14.i21.i32.i32, i21 %add_ln181_34, i32 7, i32 20" [firmware/nnet_utils/nnet_recurrent.h:181]   --->   Operation 1244 'partselect' 'trunc_ln181_16' <Predicate = true> <Delay = 0.00>
ST_17 : Operation 1245 [1/1] (0.00ns)   --->   "%tmp_687 = bitselect i1 @_ssdm_op_BitSelect.i1.i7.i32, i7 %add_ln181_66, i32 6" [firmware/nnet_utils/nnet_recurrent.h:181]   --->   Operation 1245 'bitselect' 'tmp_687' <Predicate = true> <Delay = 0.00>
ST_17 : Operation 1246 [1/1] (2.03ns)   --->   "%add_ln181_68 = add i7 %trunc_ln181_104, i7 %trunc_ln181_103" [firmware/nnet_utils/nnet_recurrent.h:181]   --->   Operation 1246 'add' 'add_ln181_68' <Predicate = true> <Delay = 2.03> <CoreInst = "Adder">   --->   Core 1 'Adder' <Latency = 0> <II = 1> <Delay = 2.03> <FuncUnit> <Opcode : 'add' 'sub'> <InPorts = 2> <OutPorts = 1>
ST_17 : Operation 1247 [1/1] (2.31ns)   --->   "%add_ln181_36 = add i21 %trunc_ln181_106, i21 %trunc_ln181_105" [firmware/nnet_utils/nnet_recurrent.h:181]   --->   Operation 1247 'add' 'add_ln181_36' <Predicate = true> <Delay = 2.31> <CoreInst = "Adder">   --->   Core 1 'Adder' <Latency = 0> <II = 1> <Delay = 2.31> <FuncUnit> <Opcode : 'add' 'sub'> <InPorts = 2> <OutPorts = 1>
ST_17 : Operation 1248 [1/1] (0.00ns)   --->   "%trunc_ln181_17 = partselect i14 @_ssdm_op_PartSelect.i14.i21.i32.i32, i21 %add_ln181_36, i32 7, i32 20" [firmware/nnet_utils/nnet_recurrent.h:181]   --->   Operation 1248 'partselect' 'trunc_ln181_17' <Predicate = true> <Delay = 0.00>
ST_17 : Operation 1249 [1/1] (0.00ns)   --->   "%tmp_688 = bitselect i1 @_ssdm_op_BitSelect.i1.i7.i32, i7 %add_ln181_68, i32 6" [firmware/nnet_utils/nnet_recurrent.h:181]   --->   Operation 1249 'bitselect' 'tmp_688' <Predicate = true> <Delay = 0.00>
ST_17 : Operation 1250 [1/1] (2.03ns)   --->   "%add_ln181_70 = add i7 %trunc_ln181_108, i7 %trunc_ln181_107" [firmware/nnet_utils/nnet_recurrent.h:181]   --->   Operation 1250 'add' 'add_ln181_70' <Predicate = true> <Delay = 2.03> <CoreInst = "Adder">   --->   Core 1 'Adder' <Latency = 0> <II = 1> <Delay = 2.03> <FuncUnit> <Opcode : 'add' 'sub'> <InPorts = 2> <OutPorts = 1>
ST_17 : Operation 1251 [1/1] (2.31ns)   --->   "%add_ln181_38 = add i21 %trunc_ln181_110, i21 %trunc_ln181_109" [firmware/nnet_utils/nnet_recurrent.h:181]   --->   Operation 1251 'add' 'add_ln181_38' <Predicate = true> <Delay = 2.31> <CoreInst = "Adder">   --->   Core 1 'Adder' <Latency = 0> <II = 1> <Delay = 2.31> <FuncUnit> <Opcode : 'add' 'sub'> <InPorts = 2> <OutPorts = 1>
ST_17 : Operation 1252 [1/1] (0.00ns)   --->   "%trunc_ln181_18 = partselect i14 @_ssdm_op_PartSelect.i14.i21.i32.i32, i21 %add_ln181_38, i32 7, i32 20" [firmware/nnet_utils/nnet_recurrent.h:181]   --->   Operation 1252 'partselect' 'trunc_ln181_18' <Predicate = true> <Delay = 0.00>
ST_17 : Operation 1253 [1/1] (0.00ns)   --->   "%tmp_689 = bitselect i1 @_ssdm_op_BitSelect.i1.i7.i32, i7 %add_ln181_70, i32 6" [firmware/nnet_utils/nnet_recurrent.h:181]   --->   Operation 1253 'bitselect' 'tmp_689' <Predicate = true> <Delay = 0.00>
ST_17 : Operation 1254 [1/1] (2.03ns)   --->   "%add_ln181_72 = add i7 %trunc_ln181_112, i7 %trunc_ln181_111" [firmware/nnet_utils/nnet_recurrent.h:181]   --->   Operation 1254 'add' 'add_ln181_72' <Predicate = true> <Delay = 2.03> <CoreInst = "Adder">   --->   Core 1 'Adder' <Latency = 0> <II = 1> <Delay = 2.03> <FuncUnit> <Opcode : 'add' 'sub'> <InPorts = 2> <OutPorts = 1>
ST_17 : Operation 1255 [1/1] (2.31ns)   --->   "%add_ln181_40 = add i21 %trunc_ln181_114, i21 %trunc_ln181_113" [firmware/nnet_utils/nnet_recurrent.h:181]   --->   Operation 1255 'add' 'add_ln181_40' <Predicate = true> <Delay = 2.31> <CoreInst = "Adder">   --->   Core 1 'Adder' <Latency = 0> <II = 1> <Delay = 2.31> <FuncUnit> <Opcode : 'add' 'sub'> <InPorts = 2> <OutPorts = 1>
ST_17 : Operation 1256 [1/1] (0.00ns)   --->   "%trunc_ln181_19 = partselect i14 @_ssdm_op_PartSelect.i14.i21.i32.i32, i21 %add_ln181_40, i32 7, i32 20" [firmware/nnet_utils/nnet_recurrent.h:181]   --->   Operation 1256 'partselect' 'trunc_ln181_19' <Predicate = true> <Delay = 0.00>
ST_17 : Operation 1257 [1/1] (0.00ns)   --->   "%tmp_690 = bitselect i1 @_ssdm_op_BitSelect.i1.i7.i32, i7 %add_ln181_72, i32 6" [firmware/nnet_utils/nnet_recurrent.h:181]   --->   Operation 1257 'bitselect' 'tmp_690' <Predicate = true> <Delay = 0.00>
ST_17 : Operation 1258 [1/1] (2.03ns)   --->   "%add_ln181_74 = add i7 %trunc_ln181_116, i7 %trunc_ln181_115" [firmware/nnet_utils/nnet_recurrent.h:181]   --->   Operation 1258 'add' 'add_ln181_74' <Predicate = true> <Delay = 2.03> <CoreInst = "Adder">   --->   Core 1 'Adder' <Latency = 0> <II = 1> <Delay = 2.03> <FuncUnit> <Opcode : 'add' 'sub'> <InPorts = 2> <OutPorts = 1>
ST_17 : Operation 1259 [1/1] (2.31ns)   --->   "%add_ln181_42 = add i21 %trunc_ln181_118, i21 %trunc_ln181_117" [firmware/nnet_utils/nnet_recurrent.h:181]   --->   Operation 1259 'add' 'add_ln181_42' <Predicate = true> <Delay = 2.31> <CoreInst = "Adder">   --->   Core 1 'Adder' <Latency = 0> <II = 1> <Delay = 2.31> <FuncUnit> <Opcode : 'add' 'sub'> <InPorts = 2> <OutPorts = 1>
ST_17 : Operation 1260 [1/1] (0.00ns)   --->   "%trunc_ln181_20 = partselect i14 @_ssdm_op_PartSelect.i14.i21.i32.i32, i21 %add_ln181_42, i32 7, i32 20" [firmware/nnet_utils/nnet_recurrent.h:181]   --->   Operation 1260 'partselect' 'trunc_ln181_20' <Predicate = true> <Delay = 0.00>
ST_17 : Operation 1261 [1/1] (0.00ns)   --->   "%tmp_691 = bitselect i1 @_ssdm_op_BitSelect.i1.i7.i32, i7 %add_ln181_74, i32 6" [firmware/nnet_utils/nnet_recurrent.h:181]   --->   Operation 1261 'bitselect' 'tmp_691' <Predicate = true> <Delay = 0.00>
ST_17 : Operation 1262 [1/1] (2.03ns)   --->   "%add_ln181_76 = add i7 %trunc_ln181_120, i7 %trunc_ln181_119" [firmware/nnet_utils/nnet_recurrent.h:181]   --->   Operation 1262 'add' 'add_ln181_76' <Predicate = true> <Delay = 2.03> <CoreInst = "Adder">   --->   Core 1 'Adder' <Latency = 0> <II = 1> <Delay = 2.03> <FuncUnit> <Opcode : 'add' 'sub'> <InPorts = 2> <OutPorts = 1>
ST_17 : Operation 1263 [1/1] (2.31ns)   --->   "%add_ln181_44 = add i21 %trunc_ln181_122, i21 %trunc_ln181_121" [firmware/nnet_utils/nnet_recurrent.h:181]   --->   Operation 1263 'add' 'add_ln181_44' <Predicate = true> <Delay = 2.31> <CoreInst = "Adder">   --->   Core 1 'Adder' <Latency = 0> <II = 1> <Delay = 2.31> <FuncUnit> <Opcode : 'add' 'sub'> <InPorts = 2> <OutPorts = 1>
ST_17 : Operation 1264 [1/1] (0.00ns)   --->   "%trunc_ln181_21 = partselect i14 @_ssdm_op_PartSelect.i14.i21.i32.i32, i21 %add_ln181_44, i32 7, i32 20" [firmware/nnet_utils/nnet_recurrent.h:181]   --->   Operation 1264 'partselect' 'trunc_ln181_21' <Predicate = true> <Delay = 0.00>
ST_17 : Operation 1265 [1/1] (0.00ns)   --->   "%tmp_692 = bitselect i1 @_ssdm_op_BitSelect.i1.i7.i32, i7 %add_ln181_76, i32 6" [firmware/nnet_utils/nnet_recurrent.h:181]   --->   Operation 1265 'bitselect' 'tmp_692' <Predicate = true> <Delay = 0.00>
ST_17 : Operation 1266 [1/1] (2.03ns)   --->   "%add_ln181_78 = add i7 %trunc_ln181_124, i7 %trunc_ln181_123" [firmware/nnet_utils/nnet_recurrent.h:181]   --->   Operation 1266 'add' 'add_ln181_78' <Predicate = true> <Delay = 2.03> <CoreInst = "Adder">   --->   Core 1 'Adder' <Latency = 0> <II = 1> <Delay = 2.03> <FuncUnit> <Opcode : 'add' 'sub'> <InPorts = 2> <OutPorts = 1>
ST_17 : Operation 1267 [1/1] (2.31ns)   --->   "%add_ln181_46 = add i21 %trunc_ln181_126, i21 %trunc_ln181_125" [firmware/nnet_utils/nnet_recurrent.h:181]   --->   Operation 1267 'add' 'add_ln181_46' <Predicate = true> <Delay = 2.31> <CoreInst = "Adder">   --->   Core 1 'Adder' <Latency = 0> <II = 1> <Delay = 2.31> <FuncUnit> <Opcode : 'add' 'sub'> <InPorts = 2> <OutPorts = 1>
ST_17 : Operation 1268 [1/1] (0.00ns)   --->   "%trunc_ln181_22 = partselect i14 @_ssdm_op_PartSelect.i14.i21.i32.i32, i21 %add_ln181_46, i32 7, i32 20" [firmware/nnet_utils/nnet_recurrent.h:181]   --->   Operation 1268 'partselect' 'trunc_ln181_22' <Predicate = true> <Delay = 0.00>
ST_17 : Operation 1269 [1/1] (0.00ns)   --->   "%tmp_693 = bitselect i1 @_ssdm_op_BitSelect.i1.i7.i32, i7 %add_ln181_78, i32 6" [firmware/nnet_utils/nnet_recurrent.h:181]   --->   Operation 1269 'bitselect' 'tmp_693' <Predicate = true> <Delay = 0.00>
ST_17 : Operation 1270 [1/1] (2.03ns)   --->   "%add_ln181_80 = add i7 %trunc_ln181_128, i7 %trunc_ln181_127" [firmware/nnet_utils/nnet_recurrent.h:181]   --->   Operation 1270 'add' 'add_ln181_80' <Predicate = true> <Delay = 2.03> <CoreInst = "Adder">   --->   Core 1 'Adder' <Latency = 0> <II = 1> <Delay = 2.03> <FuncUnit> <Opcode : 'add' 'sub'> <InPorts = 2> <OutPorts = 1>
ST_17 : Operation 1271 [1/1] (2.31ns)   --->   "%add_ln181_48 = add i21 %trunc_ln181_130, i21 %trunc_ln181_129" [firmware/nnet_utils/nnet_recurrent.h:181]   --->   Operation 1271 'add' 'add_ln181_48' <Predicate = true> <Delay = 2.31> <CoreInst = "Adder">   --->   Core 1 'Adder' <Latency = 0> <II = 1> <Delay = 2.31> <FuncUnit> <Opcode : 'add' 'sub'> <InPorts = 2> <OutPorts = 1>
ST_17 : Operation 1272 [1/1] (0.00ns)   --->   "%trunc_ln181_23 = partselect i14 @_ssdm_op_PartSelect.i14.i21.i32.i32, i21 %add_ln181_48, i32 7, i32 20" [firmware/nnet_utils/nnet_recurrent.h:181]   --->   Operation 1272 'partselect' 'trunc_ln181_23' <Predicate = true> <Delay = 0.00>
ST_17 : Operation 1273 [1/1] (0.00ns)   --->   "%tmp_694 = bitselect i1 @_ssdm_op_BitSelect.i1.i7.i32, i7 %add_ln181_80, i32 6" [firmware/nnet_utils/nnet_recurrent.h:181]   --->   Operation 1273 'bitselect' 'tmp_694' <Predicate = true> <Delay = 0.00>
ST_17 : Operation 1274 [1/1] (2.03ns)   --->   "%add_ln181_82 = add i7 %trunc_ln181_132, i7 %trunc_ln181_131" [firmware/nnet_utils/nnet_recurrent.h:181]   --->   Operation 1274 'add' 'add_ln181_82' <Predicate = true> <Delay = 2.03> <CoreInst = "Adder">   --->   Core 1 'Adder' <Latency = 0> <II = 1> <Delay = 2.03> <FuncUnit> <Opcode : 'add' 'sub'> <InPorts = 2> <OutPorts = 1>
ST_17 : Operation 1275 [1/1] (2.31ns)   --->   "%add_ln181_50 = add i21 %trunc_ln181_134, i21 %trunc_ln181_133" [firmware/nnet_utils/nnet_recurrent.h:181]   --->   Operation 1275 'add' 'add_ln181_50' <Predicate = true> <Delay = 2.31> <CoreInst = "Adder">   --->   Core 1 'Adder' <Latency = 0> <II = 1> <Delay = 2.31> <FuncUnit> <Opcode : 'add' 'sub'> <InPorts = 2> <OutPorts = 1>
ST_17 : Operation 1276 [1/1] (0.00ns)   --->   "%trunc_ln181_24 = partselect i14 @_ssdm_op_PartSelect.i14.i21.i32.i32, i21 %add_ln181_50, i32 7, i32 20" [firmware/nnet_utils/nnet_recurrent.h:181]   --->   Operation 1276 'partselect' 'trunc_ln181_24' <Predicate = true> <Delay = 0.00>
ST_17 : Operation 1277 [1/1] (0.00ns)   --->   "%tmp_695 = bitselect i1 @_ssdm_op_BitSelect.i1.i7.i32, i7 %add_ln181_82, i32 6" [firmware/nnet_utils/nnet_recurrent.h:181]   --->   Operation 1277 'bitselect' 'tmp_695' <Predicate = true> <Delay = 0.00>
ST_17 : Operation 1278 [1/1] (2.03ns)   --->   "%add_ln181_84 = add i7 %trunc_ln181_136, i7 %trunc_ln181_135" [firmware/nnet_utils/nnet_recurrent.h:181]   --->   Operation 1278 'add' 'add_ln181_84' <Predicate = true> <Delay = 2.03> <CoreInst = "Adder">   --->   Core 1 'Adder' <Latency = 0> <II = 1> <Delay = 2.03> <FuncUnit> <Opcode : 'add' 'sub'> <InPorts = 2> <OutPorts = 1>
ST_17 : Operation 1279 [1/1] (2.31ns)   --->   "%add_ln181_52 = add i21 %trunc_ln181_138, i21 %trunc_ln181_137" [firmware/nnet_utils/nnet_recurrent.h:181]   --->   Operation 1279 'add' 'add_ln181_52' <Predicate = true> <Delay = 2.31> <CoreInst = "Adder">   --->   Core 1 'Adder' <Latency = 0> <II = 1> <Delay = 2.31> <FuncUnit> <Opcode : 'add' 'sub'> <InPorts = 2> <OutPorts = 1>
ST_17 : Operation 1280 [1/1] (0.00ns)   --->   "%trunc_ln181_25 = partselect i14 @_ssdm_op_PartSelect.i14.i21.i32.i32, i21 %add_ln181_52, i32 7, i32 20" [firmware/nnet_utils/nnet_recurrent.h:181]   --->   Operation 1280 'partselect' 'trunc_ln181_25' <Predicate = true> <Delay = 0.00>
ST_17 : Operation 1281 [1/1] (0.00ns)   --->   "%tmp_696 = bitselect i1 @_ssdm_op_BitSelect.i1.i7.i32, i7 %add_ln181_84, i32 6" [firmware/nnet_utils/nnet_recurrent.h:181]   --->   Operation 1281 'bitselect' 'tmp_696' <Predicate = true> <Delay = 0.00>
ST_17 : Operation 1282 [1/1] (2.03ns)   --->   "%add_ln181_86 = add i7 %trunc_ln181_140, i7 %trunc_ln181_139" [firmware/nnet_utils/nnet_recurrent.h:181]   --->   Operation 1282 'add' 'add_ln181_86' <Predicate = true> <Delay = 2.03> <CoreInst = "Adder">   --->   Core 1 'Adder' <Latency = 0> <II = 1> <Delay = 2.03> <FuncUnit> <Opcode : 'add' 'sub'> <InPorts = 2> <OutPorts = 1>
ST_17 : Operation 1283 [1/1] (2.31ns)   --->   "%add_ln181_54 = add i21 %trunc_ln181_142, i21 %trunc_ln181_141" [firmware/nnet_utils/nnet_recurrent.h:181]   --->   Operation 1283 'add' 'add_ln181_54' <Predicate = true> <Delay = 2.31> <CoreInst = "Adder">   --->   Core 1 'Adder' <Latency = 0> <II = 1> <Delay = 2.31> <FuncUnit> <Opcode : 'add' 'sub'> <InPorts = 2> <OutPorts = 1>
ST_17 : Operation 1284 [1/1] (0.00ns)   --->   "%trunc_ln181_26 = partselect i14 @_ssdm_op_PartSelect.i14.i21.i32.i32, i21 %add_ln181_54, i32 7, i32 20" [firmware/nnet_utils/nnet_recurrent.h:181]   --->   Operation 1284 'partselect' 'trunc_ln181_26' <Predicate = true> <Delay = 0.00>
ST_17 : Operation 1285 [1/1] (0.00ns)   --->   "%tmp_697 = bitselect i1 @_ssdm_op_BitSelect.i1.i7.i32, i7 %add_ln181_86, i32 6" [firmware/nnet_utils/nnet_recurrent.h:181]   --->   Operation 1285 'bitselect' 'tmp_697' <Predicate = true> <Delay = 0.00>
ST_17 : Operation 1286 [1/1] (2.03ns)   --->   "%add_ln181_88 = add i7 %trunc_ln181_144, i7 %trunc_ln181_143" [firmware/nnet_utils/nnet_recurrent.h:181]   --->   Operation 1286 'add' 'add_ln181_88' <Predicate = true> <Delay = 2.03> <CoreInst = "Adder">   --->   Core 1 'Adder' <Latency = 0> <II = 1> <Delay = 2.03> <FuncUnit> <Opcode : 'add' 'sub'> <InPorts = 2> <OutPorts = 1>
ST_17 : Operation 1287 [1/1] (2.31ns)   --->   "%add_ln181_56 = add i21 %trunc_ln181_146, i21 %trunc_ln181_145" [firmware/nnet_utils/nnet_recurrent.h:181]   --->   Operation 1287 'add' 'add_ln181_56' <Predicate = true> <Delay = 2.31> <CoreInst = "Adder">   --->   Core 1 'Adder' <Latency = 0> <II = 1> <Delay = 2.31> <FuncUnit> <Opcode : 'add' 'sub'> <InPorts = 2> <OutPorts = 1>
ST_17 : Operation 1288 [1/1] (0.00ns)   --->   "%trunc_ln181_27 = partselect i14 @_ssdm_op_PartSelect.i14.i21.i32.i32, i21 %add_ln181_56, i32 7, i32 20" [firmware/nnet_utils/nnet_recurrent.h:181]   --->   Operation 1288 'partselect' 'trunc_ln181_27' <Predicate = true> <Delay = 0.00>
ST_17 : Operation 1289 [1/1] (0.00ns)   --->   "%tmp_698 = bitselect i1 @_ssdm_op_BitSelect.i1.i7.i32, i7 %add_ln181_88, i32 6" [firmware/nnet_utils/nnet_recurrent.h:181]   --->   Operation 1289 'bitselect' 'tmp_698' <Predicate = true> <Delay = 0.00>
ST_17 : Operation 1290 [1/1] (2.03ns)   --->   "%add_ln181_90 = add i7 %trunc_ln181_148, i7 %trunc_ln181_147" [firmware/nnet_utils/nnet_recurrent.h:181]   --->   Operation 1290 'add' 'add_ln181_90' <Predicate = true> <Delay = 2.03> <CoreInst = "Adder">   --->   Core 1 'Adder' <Latency = 0> <II = 1> <Delay = 2.03> <FuncUnit> <Opcode : 'add' 'sub'> <InPorts = 2> <OutPorts = 1>
ST_17 : Operation 1291 [1/1] (2.31ns)   --->   "%add_ln181_58 = add i21 %trunc_ln181_150, i21 %trunc_ln181_149" [firmware/nnet_utils/nnet_recurrent.h:181]   --->   Operation 1291 'add' 'add_ln181_58' <Predicate = true> <Delay = 2.31> <CoreInst = "Adder">   --->   Core 1 'Adder' <Latency = 0> <II = 1> <Delay = 2.31> <FuncUnit> <Opcode : 'add' 'sub'> <InPorts = 2> <OutPorts = 1>
ST_17 : Operation 1292 [1/1] (0.00ns)   --->   "%trunc_ln181_28 = partselect i14 @_ssdm_op_PartSelect.i14.i21.i32.i32, i21 %add_ln181_58, i32 7, i32 20" [firmware/nnet_utils/nnet_recurrent.h:181]   --->   Operation 1292 'partselect' 'trunc_ln181_28' <Predicate = true> <Delay = 0.00>
ST_17 : Operation 1293 [1/1] (0.00ns)   --->   "%tmp_699 = bitselect i1 @_ssdm_op_BitSelect.i1.i7.i32, i7 %add_ln181_90, i32 6" [firmware/nnet_utils/nnet_recurrent.h:181]   --->   Operation 1293 'bitselect' 'tmp_699' <Predicate = true> <Delay = 0.00>
ST_17 : Operation 1294 [1/1] (2.03ns)   --->   "%add_ln181_92 = add i7 %trunc_ln181_152, i7 %trunc_ln181_151" [firmware/nnet_utils/nnet_recurrent.h:181]   --->   Operation 1294 'add' 'add_ln181_92' <Predicate = true> <Delay = 2.03> <CoreInst = "Adder">   --->   Core 1 'Adder' <Latency = 0> <II = 1> <Delay = 2.03> <FuncUnit> <Opcode : 'add' 'sub'> <InPorts = 2> <OutPorts = 1>
ST_17 : Operation 1295 [1/1] (2.31ns)   --->   "%add_ln181_60 = add i21 %trunc_ln181_154, i21 %trunc_ln181_153" [firmware/nnet_utils/nnet_recurrent.h:181]   --->   Operation 1295 'add' 'add_ln181_60' <Predicate = true> <Delay = 2.31> <CoreInst = "Adder">   --->   Core 1 'Adder' <Latency = 0> <II = 1> <Delay = 2.31> <FuncUnit> <Opcode : 'add' 'sub'> <InPorts = 2> <OutPorts = 1>
ST_17 : Operation 1296 [1/1] (0.00ns)   --->   "%trunc_ln181_29 = partselect i14 @_ssdm_op_PartSelect.i14.i21.i32.i32, i21 %add_ln181_60, i32 7, i32 20" [firmware/nnet_utils/nnet_recurrent.h:181]   --->   Operation 1296 'partselect' 'trunc_ln181_29' <Predicate = true> <Delay = 0.00>
ST_17 : Operation 1297 [1/1] (0.00ns)   --->   "%tmp_700 = bitselect i1 @_ssdm_op_BitSelect.i1.i7.i32, i7 %add_ln181_92, i32 6" [firmware/nnet_utils/nnet_recurrent.h:181]   --->   Operation 1297 'bitselect' 'tmp_700' <Predicate = true> <Delay = 0.00>
ST_17 : Operation 1298 [1/1] (2.03ns)   --->   "%add_ln181_94 = add i7 %trunc_ln181_156, i7 %trunc_ln181_155" [firmware/nnet_utils/nnet_recurrent.h:181]   --->   Operation 1298 'add' 'add_ln181_94' <Predicate = true> <Delay = 2.03> <CoreInst = "Adder">   --->   Core 1 'Adder' <Latency = 0> <II = 1> <Delay = 2.03> <FuncUnit> <Opcode : 'add' 'sub'> <InPorts = 2> <OutPorts = 1>
ST_17 : Operation 1299 [1/1] (2.31ns)   --->   "%add_ln181_62 = add i21 %trunc_ln181_158, i21 %trunc_ln181_157" [firmware/nnet_utils/nnet_recurrent.h:181]   --->   Operation 1299 'add' 'add_ln181_62' <Predicate = true> <Delay = 2.31> <CoreInst = "Adder">   --->   Core 1 'Adder' <Latency = 0> <II = 1> <Delay = 2.31> <FuncUnit> <Opcode : 'add' 'sub'> <InPorts = 2> <OutPorts = 1>
ST_17 : Operation 1300 [1/1] (0.00ns)   --->   "%trunc_ln181_30 = partselect i14 @_ssdm_op_PartSelect.i14.i21.i32.i32, i21 %add_ln181_62, i32 7, i32 20" [firmware/nnet_utils/nnet_recurrent.h:181]   --->   Operation 1300 'partselect' 'trunc_ln181_30' <Predicate = true> <Delay = 0.00>
ST_17 : Operation 1301 [1/1] (0.00ns)   --->   "%tmp_701 = bitselect i1 @_ssdm_op_BitSelect.i1.i7.i32, i7 %add_ln181_94, i32 6" [firmware/nnet_utils/nnet_recurrent.h:181]   --->   Operation 1301 'bitselect' 'tmp_701' <Predicate = true> <Delay = 0.00>

State 18 <SV = 17> <Delay = 2.13>
ST_18 : Operation 1302 [1/1] (0.00ns)   --->   "%zext_ln181 = zext i1 %tmp" [firmware/nnet_utils/nnet_recurrent.h:181]   --->   Operation 1302 'zext' 'zext_ln181' <Predicate = true> <Delay = 0.00>
ST_18 : Operation 1303 [1/1] (2.13ns)   --->   "%add_ln181_3 = add i14 %trunc_ln, i14 %zext_ln181" [firmware/nnet_utils/nnet_recurrent.h:181]   --->   Operation 1303 'add' 'add_ln181_3' <Predicate = true> <Delay = 2.13> <CoreInst = "Adder">   --->   Core 1 'Adder' <Latency = 0> <II = 1> <Delay = 2.13> <FuncUnit> <Opcode : 'add' 'sub'> <InPorts = 2> <OutPorts = 1>
ST_18 : Operation 1304 [1/1] (0.00ns)   --->   "%zext_ln181_1 = zext i1 %tmp_671" [firmware/nnet_utils/nnet_recurrent.h:181]   --->   Operation 1304 'zext' 'zext_ln181_1' <Predicate = true> <Delay = 0.00>
ST_18 : Operation 1305 [1/1] (2.13ns)   --->   "%add_ln181_7 = add i14 %trunc_ln181_1, i14 %zext_ln181_1" [firmware/nnet_utils/nnet_recurrent.h:181]   --->   Operation 1305 'add' 'add_ln181_7' <Predicate = true> <Delay = 2.13> <CoreInst = "Adder">   --->   Core 1 'Adder' <Latency = 0> <II = 1> <Delay = 2.13> <FuncUnit> <Opcode : 'add' 'sub'> <InPorts = 2> <OutPorts = 1>
ST_18 : Operation 1306 [1/1] (0.00ns)   --->   "%zext_ln181_2 = zext i1 %tmp_672" [firmware/nnet_utils/nnet_recurrent.h:181]   --->   Operation 1306 'zext' 'zext_ln181_2' <Predicate = true> <Delay = 0.00>
ST_18 : Operation 1307 [1/1] (2.13ns)   --->   "%add_ln181_11 = add i14 %trunc_ln181_2, i14 %zext_ln181_2" [firmware/nnet_utils/nnet_recurrent.h:181]   --->   Operation 1307 'add' 'add_ln181_11' <Predicate = true> <Delay = 2.13> <CoreInst = "Adder">   --->   Core 1 'Adder' <Latency = 0> <II = 1> <Delay = 2.13> <FuncUnit> <Opcode : 'add' 'sub'> <InPorts = 2> <OutPorts = 1>
ST_18 : Operation 1308 [1/1] (0.00ns)   --->   "%zext_ln181_3 = zext i1 %tmp_673" [firmware/nnet_utils/nnet_recurrent.h:181]   --->   Operation 1308 'zext' 'zext_ln181_3' <Predicate = true> <Delay = 0.00>
ST_18 : Operation 1309 [1/1] (2.13ns)   --->   "%add_ln181_15 = add i14 %trunc_ln181_3, i14 %zext_ln181_3" [firmware/nnet_utils/nnet_recurrent.h:181]   --->   Operation 1309 'add' 'add_ln181_15' <Predicate = true> <Delay = 2.13> <CoreInst = "Adder">   --->   Core 1 'Adder' <Latency = 0> <II = 1> <Delay = 2.13> <FuncUnit> <Opcode : 'add' 'sub'> <InPorts = 2> <OutPorts = 1>
ST_18 : Operation 1310 [1/1] (0.00ns)   --->   "%zext_ln181_4 = zext i1 %tmp_674" [firmware/nnet_utils/nnet_recurrent.h:181]   --->   Operation 1310 'zext' 'zext_ln181_4' <Predicate = true> <Delay = 0.00>
ST_18 : Operation 1311 [1/1] (2.13ns)   --->   "%add_ln181_19 = add i14 %trunc_ln181_4, i14 %zext_ln181_4" [firmware/nnet_utils/nnet_recurrent.h:181]   --->   Operation 1311 'add' 'add_ln181_19' <Predicate = true> <Delay = 2.13> <CoreInst = "Adder">   --->   Core 1 'Adder' <Latency = 0> <II = 1> <Delay = 2.13> <FuncUnit> <Opcode : 'add' 'sub'> <InPorts = 2> <OutPorts = 1>
ST_18 : Operation 1312 [1/1] (0.00ns)   --->   "%zext_ln181_5 = zext i1 %tmp_675" [firmware/nnet_utils/nnet_recurrent.h:181]   --->   Operation 1312 'zext' 'zext_ln181_5' <Predicate = true> <Delay = 0.00>
ST_18 : Operation 1313 [1/1] (2.13ns)   --->   "%add_ln181_23 = add i14 %trunc_ln181_5, i14 %zext_ln181_5" [firmware/nnet_utils/nnet_recurrent.h:181]   --->   Operation 1313 'add' 'add_ln181_23' <Predicate = true> <Delay = 2.13> <CoreInst = "Adder">   --->   Core 1 'Adder' <Latency = 0> <II = 1> <Delay = 2.13> <FuncUnit> <Opcode : 'add' 'sub'> <InPorts = 2> <OutPorts = 1>
ST_18 : Operation 1314 [1/1] (0.00ns)   --->   "%zext_ln181_6 = zext i1 %tmp_676" [firmware/nnet_utils/nnet_recurrent.h:181]   --->   Operation 1314 'zext' 'zext_ln181_6' <Predicate = true> <Delay = 0.00>
ST_18 : Operation 1315 [1/1] (2.13ns)   --->   "%add_ln181_27 = add i14 %trunc_ln181_6, i14 %zext_ln181_6" [firmware/nnet_utils/nnet_recurrent.h:181]   --->   Operation 1315 'add' 'add_ln181_27' <Predicate = true> <Delay = 2.13> <CoreInst = "Adder">   --->   Core 1 'Adder' <Latency = 0> <II = 1> <Delay = 2.13> <FuncUnit> <Opcode : 'add' 'sub'> <InPorts = 2> <OutPorts = 1>
ST_18 : Operation 1316 [1/1] (0.00ns)   --->   "%zext_ln181_7 = zext i1 %tmp_677" [firmware/nnet_utils/nnet_recurrent.h:181]   --->   Operation 1316 'zext' 'zext_ln181_7' <Predicate = true> <Delay = 0.00>
ST_18 : Operation 1317 [1/1] (2.13ns)   --->   "%add_ln181_31 = add i14 %trunc_ln181_7, i14 %zext_ln181_7" [firmware/nnet_utils/nnet_recurrent.h:181]   --->   Operation 1317 'add' 'add_ln181_31' <Predicate = true> <Delay = 2.13> <CoreInst = "Adder">   --->   Core 1 'Adder' <Latency = 0> <II = 1> <Delay = 2.13> <FuncUnit> <Opcode : 'add' 'sub'> <InPorts = 2> <OutPorts = 1>
ST_18 : Operation 1318 [1/1] (0.00ns)   --->   "%zext_ln181_8 = zext i1 %tmp_678" [firmware/nnet_utils/nnet_recurrent.h:181]   --->   Operation 1318 'zext' 'zext_ln181_8' <Predicate = true> <Delay = 0.00>
ST_18 : Operation 1319 [1/1] (2.13ns)   --->   "%add_ln181_35 = add i14 %trunc_ln181_8, i14 %zext_ln181_8" [firmware/nnet_utils/nnet_recurrent.h:181]   --->   Operation 1319 'add' 'add_ln181_35' <Predicate = true> <Delay = 2.13> <CoreInst = "Adder">   --->   Core 1 'Adder' <Latency = 0> <II = 1> <Delay = 2.13> <FuncUnit> <Opcode : 'add' 'sub'> <InPorts = 2> <OutPorts = 1>
ST_18 : Operation 1320 [1/1] (0.00ns)   --->   "%zext_ln181_9 = zext i1 %tmp_679" [firmware/nnet_utils/nnet_recurrent.h:181]   --->   Operation 1320 'zext' 'zext_ln181_9' <Predicate = true> <Delay = 0.00>
ST_18 : Operation 1321 [1/1] (2.13ns)   --->   "%add_ln181_39 = add i14 %trunc_ln181_9, i14 %zext_ln181_9" [firmware/nnet_utils/nnet_recurrent.h:181]   --->   Operation 1321 'add' 'add_ln181_39' <Predicate = true> <Delay = 2.13> <CoreInst = "Adder">   --->   Core 1 'Adder' <Latency = 0> <II = 1> <Delay = 2.13> <FuncUnit> <Opcode : 'add' 'sub'> <InPorts = 2> <OutPorts = 1>
ST_18 : Operation 1322 [1/1] (0.00ns)   --->   "%zext_ln181_10 = zext i1 %tmp_680" [firmware/nnet_utils/nnet_recurrent.h:181]   --->   Operation 1322 'zext' 'zext_ln181_10' <Predicate = true> <Delay = 0.00>
ST_18 : Operation 1323 [1/1] (2.13ns)   --->   "%add_ln181_43 = add i14 %trunc_ln181_s, i14 %zext_ln181_10" [firmware/nnet_utils/nnet_recurrent.h:181]   --->   Operation 1323 'add' 'add_ln181_43' <Predicate = true> <Delay = 2.13> <CoreInst = "Adder">   --->   Core 1 'Adder' <Latency = 0> <II = 1> <Delay = 2.13> <FuncUnit> <Opcode : 'add' 'sub'> <InPorts = 2> <OutPorts = 1>
ST_18 : Operation 1324 [1/1] (0.00ns)   --->   "%zext_ln181_11 = zext i1 %tmp_681" [firmware/nnet_utils/nnet_recurrent.h:181]   --->   Operation 1324 'zext' 'zext_ln181_11' <Predicate = true> <Delay = 0.00>
ST_18 : Operation 1325 [1/1] (2.13ns)   --->   "%add_ln181_47 = add i14 %trunc_ln181_10, i14 %zext_ln181_11" [firmware/nnet_utils/nnet_recurrent.h:181]   --->   Operation 1325 'add' 'add_ln181_47' <Predicate = true> <Delay = 2.13> <CoreInst = "Adder">   --->   Core 1 'Adder' <Latency = 0> <II = 1> <Delay = 2.13> <FuncUnit> <Opcode : 'add' 'sub'> <InPorts = 2> <OutPorts = 1>
ST_18 : Operation 1326 [1/1] (0.00ns)   --->   "%zext_ln181_12 = zext i1 %tmp_682" [firmware/nnet_utils/nnet_recurrent.h:181]   --->   Operation 1326 'zext' 'zext_ln181_12' <Predicate = true> <Delay = 0.00>
ST_18 : Operation 1327 [1/1] (2.13ns)   --->   "%add_ln181_51 = add i14 %trunc_ln181_11, i14 %zext_ln181_12" [firmware/nnet_utils/nnet_recurrent.h:181]   --->   Operation 1327 'add' 'add_ln181_51' <Predicate = true> <Delay = 2.13> <CoreInst = "Adder">   --->   Core 1 'Adder' <Latency = 0> <II = 1> <Delay = 2.13> <FuncUnit> <Opcode : 'add' 'sub'> <InPorts = 2> <OutPorts = 1>
ST_18 : Operation 1328 [1/1] (0.00ns)   --->   "%zext_ln181_13 = zext i1 %tmp_683" [firmware/nnet_utils/nnet_recurrent.h:181]   --->   Operation 1328 'zext' 'zext_ln181_13' <Predicate = true> <Delay = 0.00>
ST_18 : Operation 1329 [1/1] (2.13ns)   --->   "%add_ln181_55 = add i14 %trunc_ln181_12, i14 %zext_ln181_13" [firmware/nnet_utils/nnet_recurrent.h:181]   --->   Operation 1329 'add' 'add_ln181_55' <Predicate = true> <Delay = 2.13> <CoreInst = "Adder">   --->   Core 1 'Adder' <Latency = 0> <II = 1> <Delay = 2.13> <FuncUnit> <Opcode : 'add' 'sub'> <InPorts = 2> <OutPorts = 1>
ST_18 : Operation 1330 [1/1] (0.00ns)   --->   "%zext_ln181_14 = zext i1 %tmp_684" [firmware/nnet_utils/nnet_recurrent.h:181]   --->   Operation 1330 'zext' 'zext_ln181_14' <Predicate = true> <Delay = 0.00>
ST_18 : Operation 1331 [1/1] (2.13ns)   --->   "%add_ln181_59 = add i14 %trunc_ln181_13, i14 %zext_ln181_14" [firmware/nnet_utils/nnet_recurrent.h:181]   --->   Operation 1331 'add' 'add_ln181_59' <Predicate = true> <Delay = 2.13> <CoreInst = "Adder">   --->   Core 1 'Adder' <Latency = 0> <II = 1> <Delay = 2.13> <FuncUnit> <Opcode : 'add' 'sub'> <InPorts = 2> <OutPorts = 1>
ST_18 : Operation 1332 [1/1] (0.00ns)   --->   "%zext_ln181_15 = zext i1 %tmp_685" [firmware/nnet_utils/nnet_recurrent.h:181]   --->   Operation 1332 'zext' 'zext_ln181_15' <Predicate = true> <Delay = 0.00>
ST_18 : Operation 1333 [1/1] (2.13ns)   --->   "%add_ln181_63 = add i14 %trunc_ln181_14, i14 %zext_ln181_15" [firmware/nnet_utils/nnet_recurrent.h:181]   --->   Operation 1333 'add' 'add_ln181_63' <Predicate = true> <Delay = 2.13> <CoreInst = "Adder">   --->   Core 1 'Adder' <Latency = 0> <II = 1> <Delay = 2.13> <FuncUnit> <Opcode : 'add' 'sub'> <InPorts = 2> <OutPorts = 1>
ST_18 : Operation 1334 [1/1] (0.00ns)   --->   "%zext_ln181_16 = zext i1 %tmp_686" [firmware/nnet_utils/nnet_recurrent.h:181]   --->   Operation 1334 'zext' 'zext_ln181_16' <Predicate = true> <Delay = 0.00>
ST_18 : Operation 1335 [1/1] (2.13ns)   --->   "%add_ln181_65 = add i14 %trunc_ln181_15, i14 %zext_ln181_16" [firmware/nnet_utils/nnet_recurrent.h:181]   --->   Operation 1335 'add' 'add_ln181_65' <Predicate = true> <Delay = 2.13> <CoreInst = "Adder">   --->   Core 1 'Adder' <Latency = 0> <II = 1> <Delay = 2.13> <FuncUnit> <Opcode : 'add' 'sub'> <InPorts = 2> <OutPorts = 1>
ST_18 : Operation 1336 [1/1] (0.00ns)   --->   "%zext_ln181_17 = zext i1 %tmp_687" [firmware/nnet_utils/nnet_recurrent.h:181]   --->   Operation 1336 'zext' 'zext_ln181_17' <Predicate = true> <Delay = 0.00>
ST_18 : Operation 1337 [1/1] (2.13ns)   --->   "%add_ln181_67 = add i14 %trunc_ln181_16, i14 %zext_ln181_17" [firmware/nnet_utils/nnet_recurrent.h:181]   --->   Operation 1337 'add' 'add_ln181_67' <Predicate = true> <Delay = 2.13> <CoreInst = "Adder">   --->   Core 1 'Adder' <Latency = 0> <II = 1> <Delay = 2.13> <FuncUnit> <Opcode : 'add' 'sub'> <InPorts = 2> <OutPorts = 1>
ST_18 : Operation 1338 [1/1] (0.00ns)   --->   "%zext_ln181_18 = zext i1 %tmp_688" [firmware/nnet_utils/nnet_recurrent.h:181]   --->   Operation 1338 'zext' 'zext_ln181_18' <Predicate = true> <Delay = 0.00>
ST_18 : Operation 1339 [1/1] (2.13ns)   --->   "%add_ln181_69 = add i14 %trunc_ln181_17, i14 %zext_ln181_18" [firmware/nnet_utils/nnet_recurrent.h:181]   --->   Operation 1339 'add' 'add_ln181_69' <Predicate = true> <Delay = 2.13> <CoreInst = "Adder">   --->   Core 1 'Adder' <Latency = 0> <II = 1> <Delay = 2.13> <FuncUnit> <Opcode : 'add' 'sub'> <InPorts = 2> <OutPorts = 1>
ST_18 : Operation 1340 [1/1] (0.00ns)   --->   "%zext_ln181_19 = zext i1 %tmp_689" [firmware/nnet_utils/nnet_recurrent.h:181]   --->   Operation 1340 'zext' 'zext_ln181_19' <Predicate = true> <Delay = 0.00>
ST_18 : Operation 1341 [1/1] (2.13ns)   --->   "%add_ln181_71 = add i14 %trunc_ln181_18, i14 %zext_ln181_19" [firmware/nnet_utils/nnet_recurrent.h:181]   --->   Operation 1341 'add' 'add_ln181_71' <Predicate = true> <Delay = 2.13> <CoreInst = "Adder">   --->   Core 1 'Adder' <Latency = 0> <II = 1> <Delay = 2.13> <FuncUnit> <Opcode : 'add' 'sub'> <InPorts = 2> <OutPorts = 1>
ST_18 : Operation 1342 [1/1] (0.00ns)   --->   "%zext_ln181_20 = zext i1 %tmp_690" [firmware/nnet_utils/nnet_recurrent.h:181]   --->   Operation 1342 'zext' 'zext_ln181_20' <Predicate = true> <Delay = 0.00>
ST_18 : Operation 1343 [1/1] (2.13ns)   --->   "%add_ln181_73 = add i14 %trunc_ln181_19, i14 %zext_ln181_20" [firmware/nnet_utils/nnet_recurrent.h:181]   --->   Operation 1343 'add' 'add_ln181_73' <Predicate = true> <Delay = 2.13> <CoreInst = "Adder">   --->   Core 1 'Adder' <Latency = 0> <II = 1> <Delay = 2.13> <FuncUnit> <Opcode : 'add' 'sub'> <InPorts = 2> <OutPorts = 1>
ST_18 : Operation 1344 [1/1] (0.00ns)   --->   "%zext_ln181_21 = zext i1 %tmp_691" [firmware/nnet_utils/nnet_recurrent.h:181]   --->   Operation 1344 'zext' 'zext_ln181_21' <Predicate = true> <Delay = 0.00>
ST_18 : Operation 1345 [1/1] (2.13ns)   --->   "%add_ln181_75 = add i14 %trunc_ln181_20, i14 %zext_ln181_21" [firmware/nnet_utils/nnet_recurrent.h:181]   --->   Operation 1345 'add' 'add_ln181_75' <Predicate = true> <Delay = 2.13> <CoreInst = "Adder">   --->   Core 1 'Adder' <Latency = 0> <II = 1> <Delay = 2.13> <FuncUnit> <Opcode : 'add' 'sub'> <InPorts = 2> <OutPorts = 1>
ST_18 : Operation 1346 [1/1] (0.00ns)   --->   "%zext_ln181_22 = zext i1 %tmp_692" [firmware/nnet_utils/nnet_recurrent.h:181]   --->   Operation 1346 'zext' 'zext_ln181_22' <Predicate = true> <Delay = 0.00>
ST_18 : Operation 1347 [1/1] (2.13ns)   --->   "%add_ln181_77 = add i14 %trunc_ln181_21, i14 %zext_ln181_22" [firmware/nnet_utils/nnet_recurrent.h:181]   --->   Operation 1347 'add' 'add_ln181_77' <Predicate = true> <Delay = 2.13> <CoreInst = "Adder">   --->   Core 1 'Adder' <Latency = 0> <II = 1> <Delay = 2.13> <FuncUnit> <Opcode : 'add' 'sub'> <InPorts = 2> <OutPorts = 1>
ST_18 : Operation 1348 [1/1] (0.00ns)   --->   "%zext_ln181_23 = zext i1 %tmp_693" [firmware/nnet_utils/nnet_recurrent.h:181]   --->   Operation 1348 'zext' 'zext_ln181_23' <Predicate = true> <Delay = 0.00>
ST_18 : Operation 1349 [1/1] (2.13ns)   --->   "%add_ln181_79 = add i14 %trunc_ln181_22, i14 %zext_ln181_23" [firmware/nnet_utils/nnet_recurrent.h:181]   --->   Operation 1349 'add' 'add_ln181_79' <Predicate = true> <Delay = 2.13> <CoreInst = "Adder">   --->   Core 1 'Adder' <Latency = 0> <II = 1> <Delay = 2.13> <FuncUnit> <Opcode : 'add' 'sub'> <InPorts = 2> <OutPorts = 1>
ST_18 : Operation 1350 [1/1] (0.00ns)   --->   "%zext_ln181_24 = zext i1 %tmp_694" [firmware/nnet_utils/nnet_recurrent.h:181]   --->   Operation 1350 'zext' 'zext_ln181_24' <Predicate = true> <Delay = 0.00>
ST_18 : Operation 1351 [1/1] (2.13ns)   --->   "%add_ln181_81 = add i14 %trunc_ln181_23, i14 %zext_ln181_24" [firmware/nnet_utils/nnet_recurrent.h:181]   --->   Operation 1351 'add' 'add_ln181_81' <Predicate = true> <Delay = 2.13> <CoreInst = "Adder">   --->   Core 1 'Adder' <Latency = 0> <II = 1> <Delay = 2.13> <FuncUnit> <Opcode : 'add' 'sub'> <InPorts = 2> <OutPorts = 1>
ST_18 : Operation 1352 [1/1] (0.00ns)   --->   "%zext_ln181_25 = zext i1 %tmp_695" [firmware/nnet_utils/nnet_recurrent.h:181]   --->   Operation 1352 'zext' 'zext_ln181_25' <Predicate = true> <Delay = 0.00>
ST_18 : Operation 1353 [1/1] (2.13ns)   --->   "%add_ln181_83 = add i14 %trunc_ln181_24, i14 %zext_ln181_25" [firmware/nnet_utils/nnet_recurrent.h:181]   --->   Operation 1353 'add' 'add_ln181_83' <Predicate = true> <Delay = 2.13> <CoreInst = "Adder">   --->   Core 1 'Adder' <Latency = 0> <II = 1> <Delay = 2.13> <FuncUnit> <Opcode : 'add' 'sub'> <InPorts = 2> <OutPorts = 1>
ST_18 : Operation 1354 [1/1] (0.00ns)   --->   "%zext_ln181_26 = zext i1 %tmp_696" [firmware/nnet_utils/nnet_recurrent.h:181]   --->   Operation 1354 'zext' 'zext_ln181_26' <Predicate = true> <Delay = 0.00>
ST_18 : Operation 1355 [1/1] (2.13ns)   --->   "%add_ln181_85 = add i14 %trunc_ln181_25, i14 %zext_ln181_26" [firmware/nnet_utils/nnet_recurrent.h:181]   --->   Operation 1355 'add' 'add_ln181_85' <Predicate = true> <Delay = 2.13> <CoreInst = "Adder">   --->   Core 1 'Adder' <Latency = 0> <II = 1> <Delay = 2.13> <FuncUnit> <Opcode : 'add' 'sub'> <InPorts = 2> <OutPorts = 1>
ST_18 : Operation 1356 [1/1] (0.00ns)   --->   "%zext_ln181_27 = zext i1 %tmp_697" [firmware/nnet_utils/nnet_recurrent.h:181]   --->   Operation 1356 'zext' 'zext_ln181_27' <Predicate = true> <Delay = 0.00>
ST_18 : Operation 1357 [1/1] (2.13ns)   --->   "%add_ln181_87 = add i14 %trunc_ln181_26, i14 %zext_ln181_27" [firmware/nnet_utils/nnet_recurrent.h:181]   --->   Operation 1357 'add' 'add_ln181_87' <Predicate = true> <Delay = 2.13> <CoreInst = "Adder">   --->   Core 1 'Adder' <Latency = 0> <II = 1> <Delay = 2.13> <FuncUnit> <Opcode : 'add' 'sub'> <InPorts = 2> <OutPorts = 1>
ST_18 : Operation 1358 [1/1] (0.00ns)   --->   "%zext_ln181_28 = zext i1 %tmp_698" [firmware/nnet_utils/nnet_recurrent.h:181]   --->   Operation 1358 'zext' 'zext_ln181_28' <Predicate = true> <Delay = 0.00>
ST_18 : Operation 1359 [1/1] (2.13ns)   --->   "%add_ln181_89 = add i14 %trunc_ln181_27, i14 %zext_ln181_28" [firmware/nnet_utils/nnet_recurrent.h:181]   --->   Operation 1359 'add' 'add_ln181_89' <Predicate = true> <Delay = 2.13> <CoreInst = "Adder">   --->   Core 1 'Adder' <Latency = 0> <II = 1> <Delay = 2.13> <FuncUnit> <Opcode : 'add' 'sub'> <InPorts = 2> <OutPorts = 1>
ST_18 : Operation 1360 [1/1] (0.00ns)   --->   "%zext_ln181_29 = zext i1 %tmp_699" [firmware/nnet_utils/nnet_recurrent.h:181]   --->   Operation 1360 'zext' 'zext_ln181_29' <Predicate = true> <Delay = 0.00>
ST_18 : Operation 1361 [1/1] (2.13ns)   --->   "%add_ln181_91 = add i14 %trunc_ln181_28, i14 %zext_ln181_29" [firmware/nnet_utils/nnet_recurrent.h:181]   --->   Operation 1361 'add' 'add_ln181_91' <Predicate = true> <Delay = 2.13> <CoreInst = "Adder">   --->   Core 1 'Adder' <Latency = 0> <II = 1> <Delay = 2.13> <FuncUnit> <Opcode : 'add' 'sub'> <InPorts = 2> <OutPorts = 1>
ST_18 : Operation 1362 [1/1] (0.00ns)   --->   "%zext_ln181_30 = zext i1 %tmp_700" [firmware/nnet_utils/nnet_recurrent.h:181]   --->   Operation 1362 'zext' 'zext_ln181_30' <Predicate = true> <Delay = 0.00>
ST_18 : Operation 1363 [1/1] (2.13ns)   --->   "%add_ln181_93 = add i14 %trunc_ln181_29, i14 %zext_ln181_30" [firmware/nnet_utils/nnet_recurrent.h:181]   --->   Operation 1363 'add' 'add_ln181_93' <Predicate = true> <Delay = 2.13> <CoreInst = "Adder">   --->   Core 1 'Adder' <Latency = 0> <II = 1> <Delay = 2.13> <FuncUnit> <Opcode : 'add' 'sub'> <InPorts = 2> <OutPorts = 1>
ST_18 : Operation 1364 [1/1] (0.00ns)   --->   "%zext_ln181_31 = zext i1 %tmp_701" [firmware/nnet_utils/nnet_recurrent.h:181]   --->   Operation 1364 'zext' 'zext_ln181_31' <Predicate = true> <Delay = 0.00>
ST_18 : Operation 1365 [1/1] (2.13ns)   --->   "%add_ln181_95 = add i14 %trunc_ln181_30, i14 %zext_ln181_31" [firmware/nnet_utils/nnet_recurrent.h:181]   --->   Operation 1365 'add' 'add_ln181_95' <Predicate = true> <Delay = 2.13> <CoreInst = "Adder">   --->   Core 1 'Adder' <Latency = 0> <II = 1> <Delay = 2.13> <FuncUnit> <Opcode : 'add' 'sub'> <InPorts = 2> <OutPorts = 1>
ST_18 : Operation 1366 [1/1] (0.00ns)   --->   "%store_ln150 = store i14 %add_ln181_95, i14 %p_ZZN4nnet11lstm_staticI8ap_fixedILi14ELi7EL9ap_q_mode0EL9ap_o_mode3ELi0EES4_7con" [firmware/nnet_utils/nnet_recurrent.h:150]   --->   Operation 1366 'store' 'store_ln150' <Predicate = true> <Delay = 0.00>
ST_18 : Operation 1367 [1/1] (0.00ns)   --->   "%store_ln150 = store i14 %add_ln181_93, i14 %p_ZZN4nnet11lstm_staticI8ap_fixedILi14ELi7EL9ap_q_mode0EL9ap_o_mode3ELi0EES4_7con_1" [firmware/nnet_utils/nnet_recurrent.h:150]   --->   Operation 1367 'store' 'store_ln150' <Predicate = true> <Delay = 0.00>
ST_18 : Operation 1368 [1/1] (0.00ns)   --->   "%store_ln150 = store i14 %add_ln181_91, i14 %p_ZZN4nnet11lstm_staticI8ap_fixedILi14ELi7EL9ap_q_mode0EL9ap_o_mode3ELi0EES4_7con_2" [firmware/nnet_utils/nnet_recurrent.h:150]   --->   Operation 1368 'store' 'store_ln150' <Predicate = true> <Delay = 0.00>
ST_18 : Operation 1369 [1/1] (0.00ns)   --->   "%store_ln150 = store i14 %add_ln181_89, i14 %p_ZZN4nnet11lstm_staticI8ap_fixedILi14ELi7EL9ap_q_mode0EL9ap_o_mode3ELi0EES4_7con_3" [firmware/nnet_utils/nnet_recurrent.h:150]   --->   Operation 1369 'store' 'store_ln150' <Predicate = true> <Delay = 0.00>
ST_18 : Operation 1370 [1/1] (0.00ns)   --->   "%store_ln150 = store i14 %add_ln181_87, i14 %p_ZZN4nnet11lstm_staticI8ap_fixedILi14ELi7EL9ap_q_mode0EL9ap_o_mode3ELi0EES4_7con_4" [firmware/nnet_utils/nnet_recurrent.h:150]   --->   Operation 1370 'store' 'store_ln150' <Predicate = true> <Delay = 0.00>
ST_18 : Operation 1371 [1/1] (0.00ns)   --->   "%store_ln150 = store i14 %add_ln181_85, i14 %p_ZZN4nnet11lstm_staticI8ap_fixedILi14ELi7EL9ap_q_mode0EL9ap_o_mode3ELi0EES4_7con_5" [firmware/nnet_utils/nnet_recurrent.h:150]   --->   Operation 1371 'store' 'store_ln150' <Predicate = true> <Delay = 0.00>
ST_18 : Operation 1372 [1/1] (0.00ns)   --->   "%store_ln150 = store i14 %add_ln181_83, i14 %p_ZZN4nnet11lstm_staticI8ap_fixedILi14ELi7EL9ap_q_mode0EL9ap_o_mode3ELi0EES4_7con_6" [firmware/nnet_utils/nnet_recurrent.h:150]   --->   Operation 1372 'store' 'store_ln150' <Predicate = true> <Delay = 0.00>
ST_18 : Operation 1373 [1/1] (0.00ns)   --->   "%store_ln150 = store i14 %add_ln181_81, i14 %p_ZZN4nnet11lstm_staticI8ap_fixedILi14ELi7EL9ap_q_mode0EL9ap_o_mode3ELi0EES4_7con_7" [firmware/nnet_utils/nnet_recurrent.h:150]   --->   Operation 1373 'store' 'store_ln150' <Predicate = true> <Delay = 0.00>
ST_18 : Operation 1374 [1/1] (0.00ns)   --->   "%store_ln150 = store i14 %add_ln181_79, i14 %p_ZZN4nnet11lstm_staticI8ap_fixedILi14ELi7EL9ap_q_mode0EL9ap_o_mode3ELi0EES4_7con_8" [firmware/nnet_utils/nnet_recurrent.h:150]   --->   Operation 1374 'store' 'store_ln150' <Predicate = true> <Delay = 0.00>
ST_18 : Operation 1375 [1/1] (0.00ns)   --->   "%store_ln150 = store i14 %add_ln181_77, i14 %p_ZZN4nnet11lstm_staticI8ap_fixedILi14ELi7EL9ap_q_mode0EL9ap_o_mode3ELi0EES4_7con_9" [firmware/nnet_utils/nnet_recurrent.h:150]   --->   Operation 1375 'store' 'store_ln150' <Predicate = true> <Delay = 0.00>
ST_18 : Operation 1376 [1/1] (0.00ns)   --->   "%store_ln150 = store i14 %add_ln181_75, i14 %p_ZZN4nnet11lstm_staticI8ap_fixedILi14ELi7EL9ap_q_mode0EL9ap_o_mode3ELi0EES4_7con_10" [firmware/nnet_utils/nnet_recurrent.h:150]   --->   Operation 1376 'store' 'store_ln150' <Predicate = true> <Delay = 0.00>
ST_18 : Operation 1377 [1/1] (0.00ns)   --->   "%store_ln150 = store i14 %add_ln181_73, i14 %p_ZZN4nnet11lstm_staticI8ap_fixedILi14ELi7EL9ap_q_mode0EL9ap_o_mode3ELi0EES4_7con_11" [firmware/nnet_utils/nnet_recurrent.h:150]   --->   Operation 1377 'store' 'store_ln150' <Predicate = true> <Delay = 0.00>
ST_18 : Operation 1378 [1/1] (0.00ns)   --->   "%store_ln150 = store i14 %add_ln181_71, i14 %p_ZZN4nnet11lstm_staticI8ap_fixedILi14ELi7EL9ap_q_mode0EL9ap_o_mode3ELi0EES4_7con_12" [firmware/nnet_utils/nnet_recurrent.h:150]   --->   Operation 1378 'store' 'store_ln150' <Predicate = true> <Delay = 0.00>
ST_18 : Operation 1379 [1/1] (0.00ns)   --->   "%store_ln150 = store i14 %add_ln181_69, i14 %p_ZZN4nnet11lstm_staticI8ap_fixedILi14ELi7EL9ap_q_mode0EL9ap_o_mode3ELi0EES4_7con_13" [firmware/nnet_utils/nnet_recurrent.h:150]   --->   Operation 1379 'store' 'store_ln150' <Predicate = true> <Delay = 0.00>
ST_18 : Operation 1380 [1/1] (0.00ns)   --->   "%store_ln150 = store i14 %add_ln181_67, i14 %p_ZZN4nnet11lstm_staticI8ap_fixedILi14ELi7EL9ap_q_mode0EL9ap_o_mode3ELi0EES4_7con_14" [firmware/nnet_utils/nnet_recurrent.h:150]   --->   Operation 1380 'store' 'store_ln150' <Predicate = true> <Delay = 0.00>
ST_18 : Operation 1381 [1/1] (0.00ns)   --->   "%store_ln150 = store i14 %add_ln181_65, i14 %p_ZZN4nnet11lstm_staticI8ap_fixedILi14ELi7EL9ap_q_mode0EL9ap_o_mode3ELi0EES4_7con_15" [firmware/nnet_utils/nnet_recurrent.h:150]   --->   Operation 1381 'store' 'store_ln150' <Predicate = true> <Delay = 0.00>
ST_18 : Operation 1382 [1/1] (0.00ns)   --->   "%store_ln150 = store i14 %add_ln181_63, i14 %p_ZZN4nnet11lstm_staticI8ap_fixedILi14ELi7EL9ap_q_mode0EL9ap_o_mode3ELi0EES4_7con_16" [firmware/nnet_utils/nnet_recurrent.h:150]   --->   Operation 1382 'store' 'store_ln150' <Predicate = true> <Delay = 0.00>
ST_18 : Operation 1383 [1/1] (0.00ns)   --->   "%store_ln150 = store i14 %add_ln181_59, i14 %p_ZZN4nnet11lstm_staticI8ap_fixedILi14ELi7EL9ap_q_mode0EL9ap_o_mode3ELi0EES4_7con_17" [firmware/nnet_utils/nnet_recurrent.h:150]   --->   Operation 1383 'store' 'store_ln150' <Predicate = true> <Delay = 0.00>
ST_18 : Operation 1384 [1/1] (0.00ns)   --->   "%store_ln150 = store i14 %add_ln181_55, i14 %p_ZZN4nnet11lstm_staticI8ap_fixedILi14ELi7EL9ap_q_mode0EL9ap_o_mode3ELi0EES4_7con_18" [firmware/nnet_utils/nnet_recurrent.h:150]   --->   Operation 1384 'store' 'store_ln150' <Predicate = true> <Delay = 0.00>
ST_18 : Operation 1385 [1/1] (0.00ns)   --->   "%store_ln150 = store i14 %add_ln181_51, i14 %p_ZZN4nnet11lstm_staticI8ap_fixedILi14ELi7EL9ap_q_mode0EL9ap_o_mode3ELi0EES4_7con_19" [firmware/nnet_utils/nnet_recurrent.h:150]   --->   Operation 1385 'store' 'store_ln150' <Predicate = true> <Delay = 0.00>
ST_18 : Operation 1386 [1/1] (0.00ns)   --->   "%store_ln150 = store i14 %add_ln181_47, i14 %p_ZZN4nnet11lstm_staticI8ap_fixedILi14ELi7EL9ap_q_mode0EL9ap_o_mode3ELi0EES4_7con_20" [firmware/nnet_utils/nnet_recurrent.h:150]   --->   Operation 1386 'store' 'store_ln150' <Predicate = true> <Delay = 0.00>
ST_18 : Operation 1387 [1/1] (0.00ns)   --->   "%store_ln150 = store i14 %add_ln181_43, i14 %p_ZZN4nnet11lstm_staticI8ap_fixedILi14ELi7EL9ap_q_mode0EL9ap_o_mode3ELi0EES4_7con_21" [firmware/nnet_utils/nnet_recurrent.h:150]   --->   Operation 1387 'store' 'store_ln150' <Predicate = true> <Delay = 0.00>
ST_18 : Operation 1388 [1/1] (0.00ns)   --->   "%store_ln150 = store i14 %add_ln181_39, i14 %void_lstm_static_bool_ap_fixed_ap_fixed_ap_fixed_weight_t_recurrent_weight_t" [firmware/nnet_utils/nnet_recurrent.h:150]   --->   Operation 1388 'store' 'store_ln150' <Predicate = true> <Delay = 0.00>
ST_18 : Operation 1389 [1/1] (0.00ns)   --->   "%store_ln150 = store i14 %add_ln181_35, i14 %void_lstm_static_bool_ap_fixed_ap_fixed_ap_fixed_weight_t_recurrent_weight_t_1" [firmware/nnet_utils/nnet_recurrent.h:150]   --->   Operation 1389 'store' 'store_ln150' <Predicate = true> <Delay = 0.00>
ST_18 : Operation 1390 [1/1] (0.00ns)   --->   "%store_ln150 = store i14 %add_ln181_31, i14 %void_lstm_static_bool_ap_fixed_ap_fixed_ap_fixed_weight_t_recurrent_weight_t_2" [firmware/nnet_utils/nnet_recurrent.h:150]   --->   Operation 1390 'store' 'store_ln150' <Predicate = true> <Delay = 0.00>
ST_18 : Operation 1391 [1/1] (0.00ns)   --->   "%store_ln150 = store i14 %add_ln181_27, i14 %void_lstm_static_bool_ap_fixed_ap_fixed_ap_fixed_weight_t_recurrent_weight_t_3" [firmware/nnet_utils/nnet_recurrent.h:150]   --->   Operation 1391 'store' 'store_ln150' <Predicate = true> <Delay = 0.00>
ST_18 : Operation 1392 [1/1] (0.00ns)   --->   "%store_ln150 = store i14 %add_ln181_23, i14 %void_lstm_static_bool_ap_fixed_ap_fixed_ap_fixed_weight_t_recurrent_weight_t_4" [firmware/nnet_utils/nnet_recurrent.h:150]   --->   Operation 1392 'store' 'store_ln150' <Predicate = true> <Delay = 0.00>
ST_18 : Operation 1393 [1/1] (0.00ns)   --->   "%store_ln150 = store i14 %add_ln181_19, i14 %void_lstm_static_bool_ap_fixed_ap_fixed_ap_fixed_weight_t_recurrent_weight_t_5" [firmware/nnet_utils/nnet_recurrent.h:150]   --->   Operation 1393 'store' 'store_ln150' <Predicate = true> <Delay = 0.00>
ST_18 : Operation 1394 [1/1] (0.00ns)   --->   "%store_ln150 = store i14 %add_ln181_15, i14 %void_lstm_static_bool_ap_fixed_ap_fixed_ap_fixed_weight_t_recurrent_weight_t_6" [firmware/nnet_utils/nnet_recurrent.h:150]   --->   Operation 1394 'store' 'store_ln150' <Predicate = true> <Delay = 0.00>
ST_18 : Operation 1395 [1/1] (0.00ns)   --->   "%store_ln150 = store i14 %add_ln181_11, i14 %void_lstm_static_bool_ap_fixed_ap_fixed_ap_fixed_weight_t_recurrent_weight_t_7" [firmware/nnet_utils/nnet_recurrent.h:150]   --->   Operation 1395 'store' 'store_ln150' <Predicate = true> <Delay = 0.00>
ST_18 : Operation 1396 [1/1] (0.00ns)   --->   "%store_ln150 = store i14 %add_ln181_7, i14 %void_lstm_static_bool_ap_fixed_ap_fixed_ap_fixed_weight_t_recurrent_weight_t_8" [firmware/nnet_utils/nnet_recurrent.h:150]   --->   Operation 1396 'store' 'store_ln150' <Predicate = true> <Delay = 0.00>
ST_18 : Operation 1397 [1/1] (0.00ns)   --->   "%store_ln150 = store i14 %add_ln181_3, i14 %void_lstm_static_bool_ap_fixed_ap_fixed_ap_fixed_weight_t_recurrent_weight_t_9" [firmware/nnet_utils/nnet_recurrent.h:150]   --->   Operation 1397 'store' 'store_ln150' <Predicate = true> <Delay = 0.00>

State 19 <SV = 18> <Delay = 2.83>
ST_19 : Operation 1398 [7/7] (2.83ns)   --->   "%call_ret = call i448 @tanh<ap_fixed<14, 7, 0, 3, 0>, ap_fixed<14, 7, 0, 3, 0>, tanh_config2>, i14 %add_ln181_3, i14 %add_ln181_7, i14 %add_ln181_11, i14 %add_ln181_15, i14 %add_ln181_19, i14 %add_ln181_23, i14 %add_ln181_27, i14 %add_ln181_31, i14 %add_ln181_35, i14 %add_ln181_39, i14 %add_ln181_43, i14 %add_ln181_47, i14 %add_ln181_51, i14 %add_ln181_55, i14 %add_ln181_59, i14 %add_ln181_63, i14 %add_ln181_65, i14 %add_ln181_67, i14 %add_ln181_69, i14 %add_ln181_71, i14 %add_ln181_73, i14 %add_ln181_75, i14 %add_ln181_77, i14 %add_ln181_79, i14 %add_ln181_81, i14 %add_ln181_83, i14 %add_ln181_85, i14 %add_ln181_87, i14 %add_ln181_89, i14 %add_ln181_91, i14 %add_ln181_93, i14 %add_ln181_95, i11 %tanh_table" [firmware/nnet_utils/nnet_recr_activations.h:48->firmware/nnet_utils/nnet_recurrent.h:185]   --->   Operation 1398 'call' 'call_ret' <Predicate = true> <Delay = 2.83> <CoreType = "Generic">   --->   Generic Core

State 20 <SV = 19> <Delay = 2.90>
ST_20 : Operation 1399 [6/7] (2.90ns)   --->   "%call_ret = call i448 @tanh<ap_fixed<14, 7, 0, 3, 0>, ap_fixed<14, 7, 0, 3, 0>, tanh_config2>, i14 %add_ln181_3, i14 %add_ln181_7, i14 %add_ln181_11, i14 %add_ln181_15, i14 %add_ln181_19, i14 %add_ln181_23, i14 %add_ln181_27, i14 %add_ln181_31, i14 %add_ln181_35, i14 %add_ln181_39, i14 %add_ln181_43, i14 %add_ln181_47, i14 %add_ln181_51, i14 %add_ln181_55, i14 %add_ln181_59, i14 %add_ln181_63, i14 %add_ln181_65, i14 %add_ln181_67, i14 %add_ln181_69, i14 %add_ln181_71, i14 %add_ln181_73, i14 %add_ln181_75, i14 %add_ln181_77, i14 %add_ln181_79, i14 %add_ln181_81, i14 %add_ln181_83, i14 %add_ln181_85, i14 %add_ln181_87, i14 %add_ln181_89, i14 %add_ln181_91, i14 %add_ln181_93, i14 %add_ln181_95, i11 %tanh_table" [firmware/nnet_utils/nnet_recr_activations.h:48->firmware/nnet_utils/nnet_recurrent.h:185]   --->   Operation 1399 'call' 'call_ret' <Predicate = true> <Delay = 2.90> <CoreType = "Generic">   --->   Generic Core

State 21 <SV = 20> <Delay = 2.90>
ST_21 : Operation 1400 [5/7] (2.90ns)   --->   "%call_ret = call i448 @tanh<ap_fixed<14, 7, 0, 3, 0>, ap_fixed<14, 7, 0, 3, 0>, tanh_config2>, i14 %add_ln181_3, i14 %add_ln181_7, i14 %add_ln181_11, i14 %add_ln181_15, i14 %add_ln181_19, i14 %add_ln181_23, i14 %add_ln181_27, i14 %add_ln181_31, i14 %add_ln181_35, i14 %add_ln181_39, i14 %add_ln181_43, i14 %add_ln181_47, i14 %add_ln181_51, i14 %add_ln181_55, i14 %add_ln181_59, i14 %add_ln181_63, i14 %add_ln181_65, i14 %add_ln181_67, i14 %add_ln181_69, i14 %add_ln181_71, i14 %add_ln181_73, i14 %add_ln181_75, i14 %add_ln181_77, i14 %add_ln181_79, i14 %add_ln181_81, i14 %add_ln181_83, i14 %add_ln181_85, i14 %add_ln181_87, i14 %add_ln181_89, i14 %add_ln181_91, i14 %add_ln181_93, i14 %add_ln181_95, i11 %tanh_table" [firmware/nnet_utils/nnet_recr_activations.h:48->firmware/nnet_utils/nnet_recurrent.h:185]   --->   Operation 1400 'call' 'call_ret' <Predicate = true> <Delay = 2.90> <CoreType = "Generic">   --->   Generic Core

State 22 <SV = 21> <Delay = 2.90>
ST_22 : Operation 1401 [4/7] (2.90ns)   --->   "%call_ret = call i448 @tanh<ap_fixed<14, 7, 0, 3, 0>, ap_fixed<14, 7, 0, 3, 0>, tanh_config2>, i14 %add_ln181_3, i14 %add_ln181_7, i14 %add_ln181_11, i14 %add_ln181_15, i14 %add_ln181_19, i14 %add_ln181_23, i14 %add_ln181_27, i14 %add_ln181_31, i14 %add_ln181_35, i14 %add_ln181_39, i14 %add_ln181_43, i14 %add_ln181_47, i14 %add_ln181_51, i14 %add_ln181_55, i14 %add_ln181_59, i14 %add_ln181_63, i14 %add_ln181_65, i14 %add_ln181_67, i14 %add_ln181_69, i14 %add_ln181_71, i14 %add_ln181_73, i14 %add_ln181_75, i14 %add_ln181_77, i14 %add_ln181_79, i14 %add_ln181_81, i14 %add_ln181_83, i14 %add_ln181_85, i14 %add_ln181_87, i14 %add_ln181_89, i14 %add_ln181_91, i14 %add_ln181_93, i14 %add_ln181_95, i11 %tanh_table" [firmware/nnet_utils/nnet_recr_activations.h:48->firmware/nnet_utils/nnet_recurrent.h:185]   --->   Operation 1401 'call' 'call_ret' <Predicate = true> <Delay = 2.90> <CoreType = "Generic">   --->   Generic Core

State 23 <SV = 22> <Delay = 2.90>
ST_23 : Operation 1402 [3/7] (2.90ns)   --->   "%call_ret = call i448 @tanh<ap_fixed<14, 7, 0, 3, 0>, ap_fixed<14, 7, 0, 3, 0>, tanh_config2>, i14 %add_ln181_3, i14 %add_ln181_7, i14 %add_ln181_11, i14 %add_ln181_15, i14 %add_ln181_19, i14 %add_ln181_23, i14 %add_ln181_27, i14 %add_ln181_31, i14 %add_ln181_35, i14 %add_ln181_39, i14 %add_ln181_43, i14 %add_ln181_47, i14 %add_ln181_51, i14 %add_ln181_55, i14 %add_ln181_59, i14 %add_ln181_63, i14 %add_ln181_65, i14 %add_ln181_67, i14 %add_ln181_69, i14 %add_ln181_71, i14 %add_ln181_73, i14 %add_ln181_75, i14 %add_ln181_77, i14 %add_ln181_79, i14 %add_ln181_81, i14 %add_ln181_83, i14 %add_ln181_85, i14 %add_ln181_87, i14 %add_ln181_89, i14 %add_ln181_91, i14 %add_ln181_93, i14 %add_ln181_95, i11 %tanh_table" [firmware/nnet_utils/nnet_recr_activations.h:48->firmware/nnet_utils/nnet_recurrent.h:185]   --->   Operation 1402 'call' 'call_ret' <Predicate = true> <Delay = 2.90> <CoreType = "Generic">   --->   Generic Core

State 24 <SV = 23> <Delay = 2.90>
ST_24 : Operation 1403 [2/7] (2.90ns)   --->   "%call_ret = call i448 @tanh<ap_fixed<14, 7, 0, 3, 0>, ap_fixed<14, 7, 0, 3, 0>, tanh_config2>, i14 %add_ln181_3, i14 %add_ln181_7, i14 %add_ln181_11, i14 %add_ln181_15, i14 %add_ln181_19, i14 %add_ln181_23, i14 %add_ln181_27, i14 %add_ln181_31, i14 %add_ln181_35, i14 %add_ln181_39, i14 %add_ln181_43, i14 %add_ln181_47, i14 %add_ln181_51, i14 %add_ln181_55, i14 %add_ln181_59, i14 %add_ln181_63, i14 %add_ln181_65, i14 %add_ln181_67, i14 %add_ln181_69, i14 %add_ln181_71, i14 %add_ln181_73, i14 %add_ln181_75, i14 %add_ln181_77, i14 %add_ln181_79, i14 %add_ln181_81, i14 %add_ln181_83, i14 %add_ln181_85, i14 %add_ln181_87, i14 %add_ln181_89, i14 %add_ln181_91, i14 %add_ln181_93, i14 %add_ln181_95, i11 %tanh_table" [firmware/nnet_utils/nnet_recr_activations.h:48->firmware/nnet_utils/nnet_recurrent.h:185]   --->   Operation 1403 'call' 'call_ret' <Predicate = true> <Delay = 2.90> <CoreType = "Generic">   --->   Generic Core

State 25 <SV = 24> <Delay = 2.11>
ST_25 : Operation 1404 [1/7] (2.11ns)   --->   "%call_ret = call i448 @tanh<ap_fixed<14, 7, 0, 3, 0>, ap_fixed<14, 7, 0, 3, 0>, tanh_config2>, i14 %add_ln181_3, i14 %add_ln181_7, i14 %add_ln181_11, i14 %add_ln181_15, i14 %add_ln181_19, i14 %add_ln181_23, i14 %add_ln181_27, i14 %add_ln181_31, i14 %add_ln181_35, i14 %add_ln181_39, i14 %add_ln181_43, i14 %add_ln181_47, i14 %add_ln181_51, i14 %add_ln181_55, i14 %add_ln181_59, i14 %add_ln181_63, i14 %add_ln181_65, i14 %add_ln181_67, i14 %add_ln181_69, i14 %add_ln181_71, i14 %add_ln181_73, i14 %add_ln181_75, i14 %add_ln181_77, i14 %add_ln181_79, i14 %add_ln181_81, i14 %add_ln181_83, i14 %add_ln181_85, i14 %add_ln181_87, i14 %add_ln181_89, i14 %add_ln181_91, i14 %add_ln181_93, i14 %add_ln181_95, i11 %tanh_table" [firmware/nnet_utils/nnet_recr_activations.h:48->firmware/nnet_utils/nnet_recurrent.h:185]   --->   Operation 1404 'call' 'call_ret' <Predicate = true> <Delay = 2.11> <CoreType = "Generic">   --->   Generic Core
ST_25 : Operation 1405 [1/1] (0.00ns)   --->   "%s_actstate = extractvalue i448 %call_ret" [firmware/nnet_utils/nnet_recr_activations.h:48->firmware/nnet_utils/nnet_recurrent.h:185]   --->   Operation 1405 'extractvalue' 's_actstate' <Predicate = true> <Delay = 0.00>
ST_25 : Operation 1406 [1/1] (0.00ns)   --->   "%s_actstate_1 = extractvalue i448 %call_ret" [firmware/nnet_utils/nnet_recr_activations.h:48->firmware/nnet_utils/nnet_recurrent.h:185]   --->   Operation 1406 'extractvalue' 's_actstate_1' <Predicate = true> <Delay = 0.00>
ST_25 : Operation 1407 [1/1] (0.00ns)   --->   "%s_actstate_2 = extractvalue i448 %call_ret" [firmware/nnet_utils/nnet_recr_activations.h:48->firmware/nnet_utils/nnet_recurrent.h:185]   --->   Operation 1407 'extractvalue' 's_actstate_2' <Predicate = true> <Delay = 0.00>
ST_25 : Operation 1408 [1/1] (0.00ns)   --->   "%s_actstate_3 = extractvalue i448 %call_ret" [firmware/nnet_utils/nnet_recr_activations.h:48->firmware/nnet_utils/nnet_recurrent.h:185]   --->   Operation 1408 'extractvalue' 's_actstate_3' <Predicate = true> <Delay = 0.00>
ST_25 : Operation 1409 [1/1] (0.00ns)   --->   "%s_actstate_4 = extractvalue i448 %call_ret" [firmware/nnet_utils/nnet_recr_activations.h:48->firmware/nnet_utils/nnet_recurrent.h:185]   --->   Operation 1409 'extractvalue' 's_actstate_4' <Predicate = true> <Delay = 0.00>
ST_25 : Operation 1410 [1/1] (0.00ns)   --->   "%s_actstate_5 = extractvalue i448 %call_ret" [firmware/nnet_utils/nnet_recr_activations.h:48->firmware/nnet_utils/nnet_recurrent.h:185]   --->   Operation 1410 'extractvalue' 's_actstate_5' <Predicate = true> <Delay = 0.00>
ST_25 : Operation 1411 [1/1] (0.00ns)   --->   "%s_actstate_6 = extractvalue i448 %call_ret" [firmware/nnet_utils/nnet_recr_activations.h:48->firmware/nnet_utils/nnet_recurrent.h:185]   --->   Operation 1411 'extractvalue' 's_actstate_6' <Predicate = true> <Delay = 0.00>
ST_25 : Operation 1412 [1/1] (0.00ns)   --->   "%s_actstate_7 = extractvalue i448 %call_ret" [firmware/nnet_utils/nnet_recr_activations.h:48->firmware/nnet_utils/nnet_recurrent.h:185]   --->   Operation 1412 'extractvalue' 's_actstate_7' <Predicate = true> <Delay = 0.00>
ST_25 : Operation 1413 [1/1] (0.00ns)   --->   "%s_actstate_8 = extractvalue i448 %call_ret" [firmware/nnet_utils/nnet_recr_activations.h:48->firmware/nnet_utils/nnet_recurrent.h:185]   --->   Operation 1413 'extractvalue' 's_actstate_8' <Predicate = true> <Delay = 0.00>
ST_25 : Operation 1414 [1/1] (0.00ns)   --->   "%s_actstate_9 = extractvalue i448 %call_ret" [firmware/nnet_utils/nnet_recr_activations.h:48->firmware/nnet_utils/nnet_recurrent.h:185]   --->   Operation 1414 'extractvalue' 's_actstate_9' <Predicate = true> <Delay = 0.00>
ST_25 : Operation 1415 [1/1] (0.00ns)   --->   "%s_actstate_10 = extractvalue i448 %call_ret" [firmware/nnet_utils/nnet_recr_activations.h:48->firmware/nnet_utils/nnet_recurrent.h:185]   --->   Operation 1415 'extractvalue' 's_actstate_10' <Predicate = true> <Delay = 0.00>
ST_25 : Operation 1416 [1/1] (0.00ns)   --->   "%s_actstate_11 = extractvalue i448 %call_ret" [firmware/nnet_utils/nnet_recr_activations.h:48->firmware/nnet_utils/nnet_recurrent.h:185]   --->   Operation 1416 'extractvalue' 's_actstate_11' <Predicate = true> <Delay = 0.00>
ST_25 : Operation 1417 [1/1] (0.00ns)   --->   "%s_actstate_12 = extractvalue i448 %call_ret" [firmware/nnet_utils/nnet_recr_activations.h:48->firmware/nnet_utils/nnet_recurrent.h:185]   --->   Operation 1417 'extractvalue' 's_actstate_12' <Predicate = true> <Delay = 0.00>
ST_25 : Operation 1418 [1/1] (0.00ns)   --->   "%s_actstate_13 = extractvalue i448 %call_ret" [firmware/nnet_utils/nnet_recr_activations.h:48->firmware/nnet_utils/nnet_recurrent.h:185]   --->   Operation 1418 'extractvalue' 's_actstate_13' <Predicate = true> <Delay = 0.00>
ST_25 : Operation 1419 [1/1] (0.00ns)   --->   "%s_actstate_14 = extractvalue i448 %call_ret" [firmware/nnet_utils/nnet_recr_activations.h:48->firmware/nnet_utils/nnet_recurrent.h:185]   --->   Operation 1419 'extractvalue' 's_actstate_14' <Predicate = true> <Delay = 0.00>
ST_25 : Operation 1420 [1/1] (0.00ns)   --->   "%s_actstate_15 = extractvalue i448 %call_ret" [firmware/nnet_utils/nnet_recr_activations.h:48->firmware/nnet_utils/nnet_recurrent.h:185]   --->   Operation 1420 'extractvalue' 's_actstate_15' <Predicate = true> <Delay = 0.00>
ST_25 : Operation 1421 [1/1] (0.00ns)   --->   "%s_actstate_16 = extractvalue i448 %call_ret" [firmware/nnet_utils/nnet_recr_activations.h:48->firmware/nnet_utils/nnet_recurrent.h:185]   --->   Operation 1421 'extractvalue' 's_actstate_16' <Predicate = true> <Delay = 0.00>
ST_25 : Operation 1422 [1/1] (0.00ns)   --->   "%s_actstate_17 = extractvalue i448 %call_ret" [firmware/nnet_utils/nnet_recr_activations.h:48->firmware/nnet_utils/nnet_recurrent.h:185]   --->   Operation 1422 'extractvalue' 's_actstate_17' <Predicate = true> <Delay = 0.00>
ST_25 : Operation 1423 [1/1] (0.00ns)   --->   "%s_actstate_18 = extractvalue i448 %call_ret" [firmware/nnet_utils/nnet_recr_activations.h:48->firmware/nnet_utils/nnet_recurrent.h:185]   --->   Operation 1423 'extractvalue' 's_actstate_18' <Predicate = true> <Delay = 0.00>
ST_25 : Operation 1424 [1/1] (0.00ns)   --->   "%s_actstate_19 = extractvalue i448 %call_ret" [firmware/nnet_utils/nnet_recr_activations.h:48->firmware/nnet_utils/nnet_recurrent.h:185]   --->   Operation 1424 'extractvalue' 's_actstate_19' <Predicate = true> <Delay = 0.00>
ST_25 : Operation 1425 [1/1] (0.00ns)   --->   "%s_actstate_20 = extractvalue i448 %call_ret" [firmware/nnet_utils/nnet_recr_activations.h:48->firmware/nnet_utils/nnet_recurrent.h:185]   --->   Operation 1425 'extractvalue' 's_actstate_20' <Predicate = true> <Delay = 0.00>
ST_25 : Operation 1426 [1/1] (0.00ns)   --->   "%s_actstate_21 = extractvalue i448 %call_ret" [firmware/nnet_utils/nnet_recr_activations.h:48->firmware/nnet_utils/nnet_recurrent.h:185]   --->   Operation 1426 'extractvalue' 's_actstate_21' <Predicate = true> <Delay = 0.00>
ST_25 : Operation 1427 [1/1] (0.00ns)   --->   "%s_actstate_22 = extractvalue i448 %call_ret" [firmware/nnet_utils/nnet_recr_activations.h:48->firmware/nnet_utils/nnet_recurrent.h:185]   --->   Operation 1427 'extractvalue' 's_actstate_22' <Predicate = true> <Delay = 0.00>
ST_25 : Operation 1428 [1/1] (0.00ns)   --->   "%s_actstate_23 = extractvalue i448 %call_ret" [firmware/nnet_utils/nnet_recr_activations.h:48->firmware/nnet_utils/nnet_recurrent.h:185]   --->   Operation 1428 'extractvalue' 's_actstate_23' <Predicate = true> <Delay = 0.00>
ST_25 : Operation 1429 [1/1] (0.00ns)   --->   "%s_actstate_24 = extractvalue i448 %call_ret" [firmware/nnet_utils/nnet_recr_activations.h:48->firmware/nnet_utils/nnet_recurrent.h:185]   --->   Operation 1429 'extractvalue' 's_actstate_24' <Predicate = true> <Delay = 0.00>
ST_25 : Operation 1430 [1/1] (0.00ns)   --->   "%s_actstate_25 = extractvalue i448 %call_ret" [firmware/nnet_utils/nnet_recr_activations.h:48->firmware/nnet_utils/nnet_recurrent.h:185]   --->   Operation 1430 'extractvalue' 's_actstate_25' <Predicate = true> <Delay = 0.00>
ST_25 : Operation 1431 [1/1] (0.00ns)   --->   "%s_actstate_26 = extractvalue i448 %call_ret" [firmware/nnet_utils/nnet_recr_activations.h:48->firmware/nnet_utils/nnet_recurrent.h:185]   --->   Operation 1431 'extractvalue' 's_actstate_26' <Predicate = true> <Delay = 0.00>
ST_25 : Operation 1432 [1/1] (0.00ns)   --->   "%s_actstate_27 = extractvalue i448 %call_ret" [firmware/nnet_utils/nnet_recr_activations.h:48->firmware/nnet_utils/nnet_recurrent.h:185]   --->   Operation 1432 'extractvalue' 's_actstate_27' <Predicate = true> <Delay = 0.00>
ST_25 : Operation 1433 [1/1] (0.00ns)   --->   "%s_actstate_28 = extractvalue i448 %call_ret" [firmware/nnet_utils/nnet_recr_activations.h:48->firmware/nnet_utils/nnet_recurrent.h:185]   --->   Operation 1433 'extractvalue' 's_actstate_28' <Predicate = true> <Delay = 0.00>
ST_25 : Operation 1434 [1/1] (0.00ns)   --->   "%s_actstate_29 = extractvalue i448 %call_ret" [firmware/nnet_utils/nnet_recr_activations.h:48->firmware/nnet_utils/nnet_recurrent.h:185]   --->   Operation 1434 'extractvalue' 's_actstate_29' <Predicate = true> <Delay = 0.00>
ST_25 : Operation 1435 [1/1] (0.00ns)   --->   "%s_actstate_30 = extractvalue i448 %call_ret" [firmware/nnet_utils/nnet_recr_activations.h:48->firmware/nnet_utils/nnet_recurrent.h:185]   --->   Operation 1435 'extractvalue' 's_actstate_30' <Predicate = true> <Delay = 0.00>
ST_25 : Operation 1436 [1/1] (0.00ns)   --->   "%s_actstate_31 = extractvalue i448 %call_ret" [firmware/nnet_utils/nnet_recr_activations.h:48->firmware/nnet_utils/nnet_recurrent.h:185]   --->   Operation 1436 'extractvalue' 's_actstate_31' <Predicate = true> <Delay = 0.00>

State 26 <SV = 25> <Delay = 1.87>
ST_26 : Operation 1437 [1/1] (0.00ns)   --->   "%sext_ln190 = sext i14 %tmpres_ifo_64" [firmware/nnet_utils/nnet_recurrent.h:190]   --->   Operation 1437 'sext' 'sext_ln190' <Predicate = true> <Delay = 0.00>
ST_26 : Operation 1438 [1/1] (0.00ns)   --->   "%sext_ln190_1 = sext i14 %s_actstate" [firmware/nnet_utils/nnet_recurrent.h:190]   --->   Operation 1438 'sext' 'sext_ln190_1' <Predicate = true> <Delay = 0.00>
ST_26 : Operation 1439 [4/4] (1.87ns)   --->   "%mul_ln190 = mul i28 %sext_ln190_1, i28 %sext_ln190" [firmware/nnet_utils/nnet_recurrent.h:190]   --->   Operation 1439 'mul' 'mul_ln190' <Predicate = true> <Delay = 1.87> <CoreInst = "Multiplier">   --->   Core 3 'Multiplier' <Latency = 3> <II = 1> <Delay = 1.87> <FuncUnit> <Opcode : 'mul'> <InPorts = 2> <OutPorts = 1>
ST_26 : Operation 1440 [1/1] (0.00ns)   --->   "%sext_ln190_2 = sext i14 %tmpres_ifo_65" [firmware/nnet_utils/nnet_recurrent.h:190]   --->   Operation 1440 'sext' 'sext_ln190_2' <Predicate = true> <Delay = 0.00>
ST_26 : Operation 1441 [1/1] (0.00ns)   --->   "%sext_ln190_3 = sext i14 %s_actstate_1" [firmware/nnet_utils/nnet_recurrent.h:190]   --->   Operation 1441 'sext' 'sext_ln190_3' <Predicate = true> <Delay = 0.00>
ST_26 : Operation 1442 [4/4] (1.87ns)   --->   "%mul_ln190_1 = mul i28 %sext_ln190_3, i28 %sext_ln190_2" [firmware/nnet_utils/nnet_recurrent.h:190]   --->   Operation 1442 'mul' 'mul_ln190_1' <Predicate = true> <Delay = 1.87> <CoreInst = "Multiplier">   --->   Core 3 'Multiplier' <Latency = 3> <II = 1> <Delay = 1.87> <FuncUnit> <Opcode : 'mul'> <InPorts = 2> <OutPorts = 1>
ST_26 : Operation 1443 [1/1] (0.00ns)   --->   "%sext_ln190_4 = sext i14 %tmpres_ifo_66" [firmware/nnet_utils/nnet_recurrent.h:190]   --->   Operation 1443 'sext' 'sext_ln190_4' <Predicate = true> <Delay = 0.00>
ST_26 : Operation 1444 [1/1] (0.00ns)   --->   "%sext_ln190_5 = sext i14 %s_actstate_2" [firmware/nnet_utils/nnet_recurrent.h:190]   --->   Operation 1444 'sext' 'sext_ln190_5' <Predicate = true> <Delay = 0.00>
ST_26 : Operation 1445 [4/4] (1.87ns)   --->   "%mul_ln190_2 = mul i28 %sext_ln190_5, i28 %sext_ln190_4" [firmware/nnet_utils/nnet_recurrent.h:190]   --->   Operation 1445 'mul' 'mul_ln190_2' <Predicate = true> <Delay = 1.87> <CoreInst = "Multiplier">   --->   Core 3 'Multiplier' <Latency = 3> <II = 1> <Delay = 1.87> <FuncUnit> <Opcode : 'mul'> <InPorts = 2> <OutPorts = 1>
ST_26 : Operation 1446 [1/1] (0.00ns)   --->   "%sext_ln190_6 = sext i14 %tmpres_ifo_67" [firmware/nnet_utils/nnet_recurrent.h:190]   --->   Operation 1446 'sext' 'sext_ln190_6' <Predicate = true> <Delay = 0.00>
ST_26 : Operation 1447 [1/1] (0.00ns)   --->   "%sext_ln190_7 = sext i14 %s_actstate_3" [firmware/nnet_utils/nnet_recurrent.h:190]   --->   Operation 1447 'sext' 'sext_ln190_7' <Predicate = true> <Delay = 0.00>
ST_26 : Operation 1448 [4/4] (1.87ns)   --->   "%mul_ln190_3 = mul i28 %sext_ln190_7, i28 %sext_ln190_6" [firmware/nnet_utils/nnet_recurrent.h:190]   --->   Operation 1448 'mul' 'mul_ln190_3' <Predicate = true> <Delay = 1.87> <CoreInst = "Multiplier">   --->   Core 3 'Multiplier' <Latency = 3> <II = 1> <Delay = 1.87> <FuncUnit> <Opcode : 'mul'> <InPorts = 2> <OutPorts = 1>
ST_26 : Operation 1449 [1/1] (0.00ns)   --->   "%sext_ln190_8 = sext i14 %tmpres_ifo_68" [firmware/nnet_utils/nnet_recurrent.h:190]   --->   Operation 1449 'sext' 'sext_ln190_8' <Predicate = true> <Delay = 0.00>
ST_26 : Operation 1450 [1/1] (0.00ns)   --->   "%sext_ln190_9 = sext i14 %s_actstate_4" [firmware/nnet_utils/nnet_recurrent.h:190]   --->   Operation 1450 'sext' 'sext_ln190_9' <Predicate = true> <Delay = 0.00>
ST_26 : Operation 1451 [4/4] (1.87ns)   --->   "%mul_ln190_4 = mul i28 %sext_ln190_9, i28 %sext_ln190_8" [firmware/nnet_utils/nnet_recurrent.h:190]   --->   Operation 1451 'mul' 'mul_ln190_4' <Predicate = true> <Delay = 1.87> <CoreInst = "Multiplier">   --->   Core 3 'Multiplier' <Latency = 3> <II = 1> <Delay = 1.87> <FuncUnit> <Opcode : 'mul'> <InPorts = 2> <OutPorts = 1>
ST_26 : Operation 1452 [1/1] (0.00ns)   --->   "%sext_ln190_10 = sext i14 %tmpres_ifo_69" [firmware/nnet_utils/nnet_recurrent.h:190]   --->   Operation 1452 'sext' 'sext_ln190_10' <Predicate = true> <Delay = 0.00>
ST_26 : Operation 1453 [1/1] (0.00ns)   --->   "%sext_ln190_11 = sext i14 %s_actstate_5" [firmware/nnet_utils/nnet_recurrent.h:190]   --->   Operation 1453 'sext' 'sext_ln190_11' <Predicate = true> <Delay = 0.00>
ST_26 : Operation 1454 [4/4] (1.87ns)   --->   "%mul_ln190_5 = mul i28 %sext_ln190_11, i28 %sext_ln190_10" [firmware/nnet_utils/nnet_recurrent.h:190]   --->   Operation 1454 'mul' 'mul_ln190_5' <Predicate = true> <Delay = 1.87> <CoreInst = "Multiplier">   --->   Core 3 'Multiplier' <Latency = 3> <II = 1> <Delay = 1.87> <FuncUnit> <Opcode : 'mul'> <InPorts = 2> <OutPorts = 1>
ST_26 : Operation 1455 [1/1] (0.00ns)   --->   "%sext_ln190_12 = sext i14 %tmpres_ifo_70" [firmware/nnet_utils/nnet_recurrent.h:190]   --->   Operation 1455 'sext' 'sext_ln190_12' <Predicate = true> <Delay = 0.00>
ST_26 : Operation 1456 [1/1] (0.00ns)   --->   "%sext_ln190_13 = sext i14 %s_actstate_6" [firmware/nnet_utils/nnet_recurrent.h:190]   --->   Operation 1456 'sext' 'sext_ln190_13' <Predicate = true> <Delay = 0.00>
ST_26 : Operation 1457 [4/4] (1.87ns)   --->   "%mul_ln190_6 = mul i28 %sext_ln190_13, i28 %sext_ln190_12" [firmware/nnet_utils/nnet_recurrent.h:190]   --->   Operation 1457 'mul' 'mul_ln190_6' <Predicate = true> <Delay = 1.87> <CoreInst = "Multiplier">   --->   Core 3 'Multiplier' <Latency = 3> <II = 1> <Delay = 1.87> <FuncUnit> <Opcode : 'mul'> <InPorts = 2> <OutPorts = 1>
ST_26 : Operation 1458 [1/1] (0.00ns)   --->   "%sext_ln190_14 = sext i14 %tmpres_ifo_71" [firmware/nnet_utils/nnet_recurrent.h:190]   --->   Operation 1458 'sext' 'sext_ln190_14' <Predicate = true> <Delay = 0.00>
ST_26 : Operation 1459 [1/1] (0.00ns)   --->   "%sext_ln190_15 = sext i14 %s_actstate_7" [firmware/nnet_utils/nnet_recurrent.h:190]   --->   Operation 1459 'sext' 'sext_ln190_15' <Predicate = true> <Delay = 0.00>
ST_26 : Operation 1460 [4/4] (1.87ns)   --->   "%mul_ln190_7 = mul i28 %sext_ln190_15, i28 %sext_ln190_14" [firmware/nnet_utils/nnet_recurrent.h:190]   --->   Operation 1460 'mul' 'mul_ln190_7' <Predicate = true> <Delay = 1.87> <CoreInst = "Multiplier">   --->   Core 3 'Multiplier' <Latency = 3> <II = 1> <Delay = 1.87> <FuncUnit> <Opcode : 'mul'> <InPorts = 2> <OutPorts = 1>
ST_26 : Operation 1461 [1/1] (0.00ns)   --->   "%sext_ln190_16 = sext i14 %tmpres_ifo_72" [firmware/nnet_utils/nnet_recurrent.h:190]   --->   Operation 1461 'sext' 'sext_ln190_16' <Predicate = true> <Delay = 0.00>
ST_26 : Operation 1462 [1/1] (0.00ns)   --->   "%sext_ln190_17 = sext i14 %s_actstate_8" [firmware/nnet_utils/nnet_recurrent.h:190]   --->   Operation 1462 'sext' 'sext_ln190_17' <Predicate = true> <Delay = 0.00>
ST_26 : Operation 1463 [4/4] (1.87ns)   --->   "%mul_ln190_8 = mul i28 %sext_ln190_17, i28 %sext_ln190_16" [firmware/nnet_utils/nnet_recurrent.h:190]   --->   Operation 1463 'mul' 'mul_ln190_8' <Predicate = true> <Delay = 1.87> <CoreInst = "Multiplier">   --->   Core 3 'Multiplier' <Latency = 3> <II = 1> <Delay = 1.87> <FuncUnit> <Opcode : 'mul'> <InPorts = 2> <OutPorts = 1>
ST_26 : Operation 1464 [1/1] (0.00ns)   --->   "%sext_ln190_18 = sext i14 %tmpres_ifo_73" [firmware/nnet_utils/nnet_recurrent.h:190]   --->   Operation 1464 'sext' 'sext_ln190_18' <Predicate = true> <Delay = 0.00>
ST_26 : Operation 1465 [1/1] (0.00ns)   --->   "%sext_ln190_19 = sext i14 %s_actstate_9" [firmware/nnet_utils/nnet_recurrent.h:190]   --->   Operation 1465 'sext' 'sext_ln190_19' <Predicate = true> <Delay = 0.00>
ST_26 : Operation 1466 [4/4] (1.87ns)   --->   "%mul_ln190_9 = mul i28 %sext_ln190_19, i28 %sext_ln190_18" [firmware/nnet_utils/nnet_recurrent.h:190]   --->   Operation 1466 'mul' 'mul_ln190_9' <Predicate = true> <Delay = 1.87> <CoreInst = "Multiplier">   --->   Core 3 'Multiplier' <Latency = 3> <II = 1> <Delay = 1.87> <FuncUnit> <Opcode : 'mul'> <InPorts = 2> <OutPorts = 1>
ST_26 : Operation 1467 [1/1] (0.00ns)   --->   "%sext_ln190_20 = sext i14 %tmpres_ifo_74" [firmware/nnet_utils/nnet_recurrent.h:190]   --->   Operation 1467 'sext' 'sext_ln190_20' <Predicate = true> <Delay = 0.00>
ST_26 : Operation 1468 [1/1] (0.00ns)   --->   "%sext_ln190_21 = sext i14 %s_actstate_10" [firmware/nnet_utils/nnet_recurrent.h:190]   --->   Operation 1468 'sext' 'sext_ln190_21' <Predicate = true> <Delay = 0.00>
ST_26 : Operation 1469 [4/4] (1.87ns)   --->   "%mul_ln190_10 = mul i28 %sext_ln190_21, i28 %sext_ln190_20" [firmware/nnet_utils/nnet_recurrent.h:190]   --->   Operation 1469 'mul' 'mul_ln190_10' <Predicate = true> <Delay = 1.87> <CoreInst = "Multiplier">   --->   Core 3 'Multiplier' <Latency = 3> <II = 1> <Delay = 1.87> <FuncUnit> <Opcode : 'mul'> <InPorts = 2> <OutPorts = 1>
ST_26 : Operation 1470 [1/1] (0.00ns)   --->   "%sext_ln190_22 = sext i14 %tmpres_ifo_75" [firmware/nnet_utils/nnet_recurrent.h:190]   --->   Operation 1470 'sext' 'sext_ln190_22' <Predicate = true> <Delay = 0.00>
ST_26 : Operation 1471 [1/1] (0.00ns)   --->   "%sext_ln190_23 = sext i14 %s_actstate_11" [firmware/nnet_utils/nnet_recurrent.h:190]   --->   Operation 1471 'sext' 'sext_ln190_23' <Predicate = true> <Delay = 0.00>
ST_26 : Operation 1472 [4/4] (1.87ns)   --->   "%mul_ln190_11 = mul i28 %sext_ln190_23, i28 %sext_ln190_22" [firmware/nnet_utils/nnet_recurrent.h:190]   --->   Operation 1472 'mul' 'mul_ln190_11' <Predicate = true> <Delay = 1.87> <CoreInst = "Multiplier">   --->   Core 3 'Multiplier' <Latency = 3> <II = 1> <Delay = 1.87> <FuncUnit> <Opcode : 'mul'> <InPorts = 2> <OutPorts = 1>
ST_26 : Operation 1473 [1/1] (0.00ns)   --->   "%sext_ln190_24 = sext i14 %tmpres_ifo_76" [firmware/nnet_utils/nnet_recurrent.h:190]   --->   Operation 1473 'sext' 'sext_ln190_24' <Predicate = true> <Delay = 0.00>
ST_26 : Operation 1474 [1/1] (0.00ns)   --->   "%sext_ln190_25 = sext i14 %s_actstate_12" [firmware/nnet_utils/nnet_recurrent.h:190]   --->   Operation 1474 'sext' 'sext_ln190_25' <Predicate = true> <Delay = 0.00>
ST_26 : Operation 1475 [4/4] (1.87ns)   --->   "%mul_ln190_12 = mul i28 %sext_ln190_25, i28 %sext_ln190_24" [firmware/nnet_utils/nnet_recurrent.h:190]   --->   Operation 1475 'mul' 'mul_ln190_12' <Predicate = true> <Delay = 1.87> <CoreInst = "Multiplier">   --->   Core 3 'Multiplier' <Latency = 3> <II = 1> <Delay = 1.87> <FuncUnit> <Opcode : 'mul'> <InPorts = 2> <OutPorts = 1>
ST_26 : Operation 1476 [1/1] (0.00ns)   --->   "%sext_ln190_26 = sext i14 %tmpres_ifo_77" [firmware/nnet_utils/nnet_recurrent.h:190]   --->   Operation 1476 'sext' 'sext_ln190_26' <Predicate = true> <Delay = 0.00>
ST_26 : Operation 1477 [1/1] (0.00ns)   --->   "%sext_ln190_27 = sext i14 %s_actstate_13" [firmware/nnet_utils/nnet_recurrent.h:190]   --->   Operation 1477 'sext' 'sext_ln190_27' <Predicate = true> <Delay = 0.00>
ST_26 : Operation 1478 [4/4] (1.87ns)   --->   "%mul_ln190_13 = mul i28 %sext_ln190_27, i28 %sext_ln190_26" [firmware/nnet_utils/nnet_recurrent.h:190]   --->   Operation 1478 'mul' 'mul_ln190_13' <Predicate = true> <Delay = 1.87> <CoreInst = "Multiplier">   --->   Core 3 'Multiplier' <Latency = 3> <II = 1> <Delay = 1.87> <FuncUnit> <Opcode : 'mul'> <InPorts = 2> <OutPorts = 1>
ST_26 : Operation 1479 [1/1] (0.00ns)   --->   "%sext_ln190_28 = sext i14 %tmpres_ifo_78" [firmware/nnet_utils/nnet_recurrent.h:190]   --->   Operation 1479 'sext' 'sext_ln190_28' <Predicate = true> <Delay = 0.00>
ST_26 : Operation 1480 [1/1] (0.00ns)   --->   "%sext_ln190_29 = sext i14 %s_actstate_14" [firmware/nnet_utils/nnet_recurrent.h:190]   --->   Operation 1480 'sext' 'sext_ln190_29' <Predicate = true> <Delay = 0.00>
ST_26 : Operation 1481 [4/4] (1.87ns)   --->   "%mul_ln190_14 = mul i28 %sext_ln190_29, i28 %sext_ln190_28" [firmware/nnet_utils/nnet_recurrent.h:190]   --->   Operation 1481 'mul' 'mul_ln190_14' <Predicate = true> <Delay = 1.87> <CoreInst = "Multiplier">   --->   Core 3 'Multiplier' <Latency = 3> <II = 1> <Delay = 1.87> <FuncUnit> <Opcode : 'mul'> <InPorts = 2> <OutPorts = 1>
ST_26 : Operation 1482 [1/1] (0.00ns)   --->   "%sext_ln190_30 = sext i14 %tmpres_ifo_79" [firmware/nnet_utils/nnet_recurrent.h:190]   --->   Operation 1482 'sext' 'sext_ln190_30' <Predicate = true> <Delay = 0.00>
ST_26 : Operation 1483 [1/1] (0.00ns)   --->   "%sext_ln190_31 = sext i14 %s_actstate_15" [firmware/nnet_utils/nnet_recurrent.h:190]   --->   Operation 1483 'sext' 'sext_ln190_31' <Predicate = true> <Delay = 0.00>
ST_26 : Operation 1484 [4/4] (1.87ns)   --->   "%mul_ln190_15 = mul i28 %sext_ln190_31, i28 %sext_ln190_30" [firmware/nnet_utils/nnet_recurrent.h:190]   --->   Operation 1484 'mul' 'mul_ln190_15' <Predicate = true> <Delay = 1.87> <CoreInst = "Multiplier">   --->   Core 3 'Multiplier' <Latency = 3> <II = 1> <Delay = 1.87> <FuncUnit> <Opcode : 'mul'> <InPorts = 2> <OutPorts = 1>
ST_26 : Operation 1485 [1/1] (0.00ns)   --->   "%sext_ln190_32 = sext i14 %tmpres_ifo_80" [firmware/nnet_utils/nnet_recurrent.h:190]   --->   Operation 1485 'sext' 'sext_ln190_32' <Predicate = true> <Delay = 0.00>
ST_26 : Operation 1486 [1/1] (0.00ns)   --->   "%sext_ln190_33 = sext i14 %s_actstate_16" [firmware/nnet_utils/nnet_recurrent.h:190]   --->   Operation 1486 'sext' 'sext_ln190_33' <Predicate = true> <Delay = 0.00>
ST_26 : Operation 1487 [4/4] (1.87ns)   --->   "%mul_ln190_16 = mul i28 %sext_ln190_33, i28 %sext_ln190_32" [firmware/nnet_utils/nnet_recurrent.h:190]   --->   Operation 1487 'mul' 'mul_ln190_16' <Predicate = true> <Delay = 1.87> <CoreInst = "Multiplier">   --->   Core 3 'Multiplier' <Latency = 3> <II = 1> <Delay = 1.87> <FuncUnit> <Opcode : 'mul'> <InPorts = 2> <OutPorts = 1>
ST_26 : Operation 1488 [1/1] (0.00ns)   --->   "%sext_ln190_34 = sext i14 %tmpres_ifo_81" [firmware/nnet_utils/nnet_recurrent.h:190]   --->   Operation 1488 'sext' 'sext_ln190_34' <Predicate = true> <Delay = 0.00>
ST_26 : Operation 1489 [1/1] (0.00ns)   --->   "%sext_ln190_35 = sext i14 %s_actstate_17" [firmware/nnet_utils/nnet_recurrent.h:190]   --->   Operation 1489 'sext' 'sext_ln190_35' <Predicate = true> <Delay = 0.00>
ST_26 : Operation 1490 [4/4] (1.87ns)   --->   "%mul_ln190_17 = mul i28 %sext_ln190_35, i28 %sext_ln190_34" [firmware/nnet_utils/nnet_recurrent.h:190]   --->   Operation 1490 'mul' 'mul_ln190_17' <Predicate = true> <Delay = 1.87> <CoreInst = "Multiplier">   --->   Core 3 'Multiplier' <Latency = 3> <II = 1> <Delay = 1.87> <FuncUnit> <Opcode : 'mul'> <InPorts = 2> <OutPorts = 1>
ST_26 : Operation 1491 [1/1] (0.00ns)   --->   "%sext_ln190_36 = sext i14 %tmpres_ifo_82" [firmware/nnet_utils/nnet_recurrent.h:190]   --->   Operation 1491 'sext' 'sext_ln190_36' <Predicate = true> <Delay = 0.00>
ST_26 : Operation 1492 [1/1] (0.00ns)   --->   "%sext_ln190_37 = sext i14 %s_actstate_18" [firmware/nnet_utils/nnet_recurrent.h:190]   --->   Operation 1492 'sext' 'sext_ln190_37' <Predicate = true> <Delay = 0.00>
ST_26 : Operation 1493 [4/4] (1.87ns)   --->   "%mul_ln190_18 = mul i28 %sext_ln190_37, i28 %sext_ln190_36" [firmware/nnet_utils/nnet_recurrent.h:190]   --->   Operation 1493 'mul' 'mul_ln190_18' <Predicate = true> <Delay = 1.87> <CoreInst = "Multiplier">   --->   Core 3 'Multiplier' <Latency = 3> <II = 1> <Delay = 1.87> <FuncUnit> <Opcode : 'mul'> <InPorts = 2> <OutPorts = 1>
ST_26 : Operation 1494 [1/1] (0.00ns)   --->   "%sext_ln190_38 = sext i14 %tmpres_ifo_83" [firmware/nnet_utils/nnet_recurrent.h:190]   --->   Operation 1494 'sext' 'sext_ln190_38' <Predicate = true> <Delay = 0.00>
ST_26 : Operation 1495 [1/1] (0.00ns)   --->   "%sext_ln190_39 = sext i14 %s_actstate_19" [firmware/nnet_utils/nnet_recurrent.h:190]   --->   Operation 1495 'sext' 'sext_ln190_39' <Predicate = true> <Delay = 0.00>
ST_26 : Operation 1496 [4/4] (1.87ns)   --->   "%mul_ln190_19 = mul i28 %sext_ln190_39, i28 %sext_ln190_38" [firmware/nnet_utils/nnet_recurrent.h:190]   --->   Operation 1496 'mul' 'mul_ln190_19' <Predicate = true> <Delay = 1.87> <CoreInst = "Multiplier">   --->   Core 3 'Multiplier' <Latency = 3> <II = 1> <Delay = 1.87> <FuncUnit> <Opcode : 'mul'> <InPorts = 2> <OutPorts = 1>
ST_26 : Operation 1497 [1/1] (0.00ns)   --->   "%sext_ln190_40 = sext i14 %tmpres_ifo_84" [firmware/nnet_utils/nnet_recurrent.h:190]   --->   Operation 1497 'sext' 'sext_ln190_40' <Predicate = true> <Delay = 0.00>
ST_26 : Operation 1498 [1/1] (0.00ns)   --->   "%sext_ln190_41 = sext i14 %s_actstate_20" [firmware/nnet_utils/nnet_recurrent.h:190]   --->   Operation 1498 'sext' 'sext_ln190_41' <Predicate = true> <Delay = 0.00>
ST_26 : Operation 1499 [4/4] (1.87ns)   --->   "%mul_ln190_20 = mul i28 %sext_ln190_41, i28 %sext_ln190_40" [firmware/nnet_utils/nnet_recurrent.h:190]   --->   Operation 1499 'mul' 'mul_ln190_20' <Predicate = true> <Delay = 1.87> <CoreInst = "Multiplier">   --->   Core 3 'Multiplier' <Latency = 3> <II = 1> <Delay = 1.87> <FuncUnit> <Opcode : 'mul'> <InPorts = 2> <OutPorts = 1>
ST_26 : Operation 1500 [1/1] (0.00ns)   --->   "%sext_ln190_42 = sext i14 %tmpres_ifo_85" [firmware/nnet_utils/nnet_recurrent.h:190]   --->   Operation 1500 'sext' 'sext_ln190_42' <Predicate = true> <Delay = 0.00>
ST_26 : Operation 1501 [1/1] (0.00ns)   --->   "%sext_ln190_43 = sext i14 %s_actstate_21" [firmware/nnet_utils/nnet_recurrent.h:190]   --->   Operation 1501 'sext' 'sext_ln190_43' <Predicate = true> <Delay = 0.00>
ST_26 : Operation 1502 [4/4] (1.87ns)   --->   "%mul_ln190_21 = mul i28 %sext_ln190_43, i28 %sext_ln190_42" [firmware/nnet_utils/nnet_recurrent.h:190]   --->   Operation 1502 'mul' 'mul_ln190_21' <Predicate = true> <Delay = 1.87> <CoreInst = "Multiplier">   --->   Core 3 'Multiplier' <Latency = 3> <II = 1> <Delay = 1.87> <FuncUnit> <Opcode : 'mul'> <InPorts = 2> <OutPorts = 1>
ST_26 : Operation 1503 [1/1] (0.00ns)   --->   "%sext_ln190_44 = sext i14 %tmpres_ifo_86" [firmware/nnet_utils/nnet_recurrent.h:190]   --->   Operation 1503 'sext' 'sext_ln190_44' <Predicate = true> <Delay = 0.00>
ST_26 : Operation 1504 [1/1] (0.00ns)   --->   "%sext_ln190_45 = sext i14 %s_actstate_22" [firmware/nnet_utils/nnet_recurrent.h:190]   --->   Operation 1504 'sext' 'sext_ln190_45' <Predicate = true> <Delay = 0.00>
ST_26 : Operation 1505 [4/4] (1.87ns)   --->   "%mul_ln190_22 = mul i28 %sext_ln190_45, i28 %sext_ln190_44" [firmware/nnet_utils/nnet_recurrent.h:190]   --->   Operation 1505 'mul' 'mul_ln190_22' <Predicate = true> <Delay = 1.87> <CoreInst = "Multiplier">   --->   Core 3 'Multiplier' <Latency = 3> <II = 1> <Delay = 1.87> <FuncUnit> <Opcode : 'mul'> <InPorts = 2> <OutPorts = 1>
ST_26 : Operation 1506 [1/1] (0.00ns)   --->   "%sext_ln190_46 = sext i14 %tmpres_ifo_87" [firmware/nnet_utils/nnet_recurrent.h:190]   --->   Operation 1506 'sext' 'sext_ln190_46' <Predicate = true> <Delay = 0.00>
ST_26 : Operation 1507 [1/1] (0.00ns)   --->   "%sext_ln190_47 = sext i14 %s_actstate_23" [firmware/nnet_utils/nnet_recurrent.h:190]   --->   Operation 1507 'sext' 'sext_ln190_47' <Predicate = true> <Delay = 0.00>
ST_26 : Operation 1508 [4/4] (1.87ns)   --->   "%mul_ln190_23 = mul i28 %sext_ln190_47, i28 %sext_ln190_46" [firmware/nnet_utils/nnet_recurrent.h:190]   --->   Operation 1508 'mul' 'mul_ln190_23' <Predicate = true> <Delay = 1.87> <CoreInst = "Multiplier">   --->   Core 3 'Multiplier' <Latency = 3> <II = 1> <Delay = 1.87> <FuncUnit> <Opcode : 'mul'> <InPorts = 2> <OutPorts = 1>
ST_26 : Operation 1509 [1/1] (0.00ns)   --->   "%sext_ln190_48 = sext i14 %tmpres_ifo_88" [firmware/nnet_utils/nnet_recurrent.h:190]   --->   Operation 1509 'sext' 'sext_ln190_48' <Predicate = true> <Delay = 0.00>
ST_26 : Operation 1510 [1/1] (0.00ns)   --->   "%sext_ln190_49 = sext i14 %s_actstate_24" [firmware/nnet_utils/nnet_recurrent.h:190]   --->   Operation 1510 'sext' 'sext_ln190_49' <Predicate = true> <Delay = 0.00>
ST_26 : Operation 1511 [4/4] (1.87ns)   --->   "%mul_ln190_24 = mul i28 %sext_ln190_49, i28 %sext_ln190_48" [firmware/nnet_utils/nnet_recurrent.h:190]   --->   Operation 1511 'mul' 'mul_ln190_24' <Predicate = true> <Delay = 1.87> <CoreInst = "Multiplier">   --->   Core 3 'Multiplier' <Latency = 3> <II = 1> <Delay = 1.87> <FuncUnit> <Opcode : 'mul'> <InPorts = 2> <OutPorts = 1>
ST_26 : Operation 1512 [1/1] (0.00ns)   --->   "%sext_ln190_50 = sext i14 %tmpres_ifo_89" [firmware/nnet_utils/nnet_recurrent.h:190]   --->   Operation 1512 'sext' 'sext_ln190_50' <Predicate = true> <Delay = 0.00>
ST_26 : Operation 1513 [1/1] (0.00ns)   --->   "%sext_ln190_51 = sext i14 %s_actstate_25" [firmware/nnet_utils/nnet_recurrent.h:190]   --->   Operation 1513 'sext' 'sext_ln190_51' <Predicate = true> <Delay = 0.00>
ST_26 : Operation 1514 [4/4] (1.87ns)   --->   "%mul_ln190_25 = mul i28 %sext_ln190_51, i28 %sext_ln190_50" [firmware/nnet_utils/nnet_recurrent.h:190]   --->   Operation 1514 'mul' 'mul_ln190_25' <Predicate = true> <Delay = 1.87> <CoreInst = "Multiplier">   --->   Core 3 'Multiplier' <Latency = 3> <II = 1> <Delay = 1.87> <FuncUnit> <Opcode : 'mul'> <InPorts = 2> <OutPorts = 1>
ST_26 : Operation 1515 [1/1] (0.00ns)   --->   "%sext_ln190_52 = sext i14 %tmpres_ifo_90" [firmware/nnet_utils/nnet_recurrent.h:190]   --->   Operation 1515 'sext' 'sext_ln190_52' <Predicate = true> <Delay = 0.00>
ST_26 : Operation 1516 [1/1] (0.00ns)   --->   "%sext_ln190_53 = sext i14 %s_actstate_26" [firmware/nnet_utils/nnet_recurrent.h:190]   --->   Operation 1516 'sext' 'sext_ln190_53' <Predicate = true> <Delay = 0.00>
ST_26 : Operation 1517 [4/4] (1.87ns)   --->   "%mul_ln190_26 = mul i28 %sext_ln190_53, i28 %sext_ln190_52" [firmware/nnet_utils/nnet_recurrent.h:190]   --->   Operation 1517 'mul' 'mul_ln190_26' <Predicate = true> <Delay = 1.87> <CoreInst = "Multiplier">   --->   Core 3 'Multiplier' <Latency = 3> <II = 1> <Delay = 1.87> <FuncUnit> <Opcode : 'mul'> <InPorts = 2> <OutPorts = 1>
ST_26 : Operation 1518 [1/1] (0.00ns)   --->   "%sext_ln190_54 = sext i14 %tmpres_ifo_91" [firmware/nnet_utils/nnet_recurrent.h:190]   --->   Operation 1518 'sext' 'sext_ln190_54' <Predicate = true> <Delay = 0.00>
ST_26 : Operation 1519 [1/1] (0.00ns)   --->   "%sext_ln190_55 = sext i14 %s_actstate_27" [firmware/nnet_utils/nnet_recurrent.h:190]   --->   Operation 1519 'sext' 'sext_ln190_55' <Predicate = true> <Delay = 0.00>
ST_26 : Operation 1520 [4/4] (1.87ns)   --->   "%mul_ln190_27 = mul i28 %sext_ln190_55, i28 %sext_ln190_54" [firmware/nnet_utils/nnet_recurrent.h:190]   --->   Operation 1520 'mul' 'mul_ln190_27' <Predicate = true> <Delay = 1.87> <CoreInst = "Multiplier">   --->   Core 3 'Multiplier' <Latency = 3> <II = 1> <Delay = 1.87> <FuncUnit> <Opcode : 'mul'> <InPorts = 2> <OutPorts = 1>
ST_26 : Operation 1521 [1/1] (0.00ns)   --->   "%sext_ln190_56 = sext i14 %tmpres_ifo_92" [firmware/nnet_utils/nnet_recurrent.h:190]   --->   Operation 1521 'sext' 'sext_ln190_56' <Predicate = true> <Delay = 0.00>
ST_26 : Operation 1522 [1/1] (0.00ns)   --->   "%sext_ln190_57 = sext i14 %s_actstate_28" [firmware/nnet_utils/nnet_recurrent.h:190]   --->   Operation 1522 'sext' 'sext_ln190_57' <Predicate = true> <Delay = 0.00>
ST_26 : Operation 1523 [4/4] (1.87ns)   --->   "%mul_ln190_28 = mul i28 %sext_ln190_57, i28 %sext_ln190_56" [firmware/nnet_utils/nnet_recurrent.h:190]   --->   Operation 1523 'mul' 'mul_ln190_28' <Predicate = true> <Delay = 1.87> <CoreInst = "Multiplier">   --->   Core 3 'Multiplier' <Latency = 3> <II = 1> <Delay = 1.87> <FuncUnit> <Opcode : 'mul'> <InPorts = 2> <OutPorts = 1>
ST_26 : Operation 1524 [1/1] (0.00ns)   --->   "%sext_ln190_58 = sext i14 %tmpres_ifo_93" [firmware/nnet_utils/nnet_recurrent.h:190]   --->   Operation 1524 'sext' 'sext_ln190_58' <Predicate = true> <Delay = 0.00>
ST_26 : Operation 1525 [1/1] (0.00ns)   --->   "%sext_ln190_59 = sext i14 %s_actstate_29" [firmware/nnet_utils/nnet_recurrent.h:190]   --->   Operation 1525 'sext' 'sext_ln190_59' <Predicate = true> <Delay = 0.00>
ST_26 : Operation 1526 [4/4] (1.87ns)   --->   "%mul_ln190_29 = mul i28 %sext_ln190_59, i28 %sext_ln190_58" [firmware/nnet_utils/nnet_recurrent.h:190]   --->   Operation 1526 'mul' 'mul_ln190_29' <Predicate = true> <Delay = 1.87> <CoreInst = "Multiplier">   --->   Core 3 'Multiplier' <Latency = 3> <II = 1> <Delay = 1.87> <FuncUnit> <Opcode : 'mul'> <InPorts = 2> <OutPorts = 1>
ST_26 : Operation 1527 [1/1] (0.00ns)   --->   "%sext_ln190_60 = sext i14 %tmpres_ifo_94" [firmware/nnet_utils/nnet_recurrent.h:190]   --->   Operation 1527 'sext' 'sext_ln190_60' <Predicate = true> <Delay = 0.00>
ST_26 : Operation 1528 [1/1] (0.00ns)   --->   "%sext_ln190_61 = sext i14 %s_actstate_30" [firmware/nnet_utils/nnet_recurrent.h:190]   --->   Operation 1528 'sext' 'sext_ln190_61' <Predicate = true> <Delay = 0.00>
ST_26 : Operation 1529 [4/4] (1.87ns)   --->   "%mul_ln190_30 = mul i28 %sext_ln190_61, i28 %sext_ln190_60" [firmware/nnet_utils/nnet_recurrent.h:190]   --->   Operation 1529 'mul' 'mul_ln190_30' <Predicate = true> <Delay = 1.87> <CoreInst = "Multiplier">   --->   Core 3 'Multiplier' <Latency = 3> <II = 1> <Delay = 1.87> <FuncUnit> <Opcode : 'mul'> <InPorts = 2> <OutPorts = 1>
ST_26 : Operation 1530 [1/1] (0.00ns)   --->   "%sext_ln190_62 = sext i14 %tmpres_ifo_95" [firmware/nnet_utils/nnet_recurrent.h:190]   --->   Operation 1530 'sext' 'sext_ln190_62' <Predicate = true> <Delay = 0.00>
ST_26 : Operation 1531 [1/1] (0.00ns)   --->   "%sext_ln190_63 = sext i14 %s_actstate_31" [firmware/nnet_utils/nnet_recurrent.h:190]   --->   Operation 1531 'sext' 'sext_ln190_63' <Predicate = true> <Delay = 0.00>
ST_26 : Operation 1532 [4/4] (1.87ns)   --->   "%mul_ln190_31 = mul i28 %sext_ln190_63, i28 %sext_ln190_62" [firmware/nnet_utils/nnet_recurrent.h:190]   --->   Operation 1532 'mul' 'mul_ln190_31' <Predicate = true> <Delay = 1.87> <CoreInst = "Multiplier">   --->   Core 3 'Multiplier' <Latency = 3> <II = 1> <Delay = 1.87> <FuncUnit> <Opcode : 'mul'> <InPorts = 2> <OutPorts = 1>

State 27 <SV = 26> <Delay = 1.87>
ST_27 : Operation 1533 [3/4] (1.87ns)   --->   "%mul_ln190 = mul i28 %sext_ln190_1, i28 %sext_ln190" [firmware/nnet_utils/nnet_recurrent.h:190]   --->   Operation 1533 'mul' 'mul_ln190' <Predicate = true> <Delay = 1.87> <CoreInst = "Multiplier">   --->   Core 3 'Multiplier' <Latency = 3> <II = 1> <Delay = 1.87> <FuncUnit> <Opcode : 'mul'> <InPorts = 2> <OutPorts = 1>
ST_27 : Operation 1534 [3/4] (1.87ns)   --->   "%mul_ln190_1 = mul i28 %sext_ln190_3, i28 %sext_ln190_2" [firmware/nnet_utils/nnet_recurrent.h:190]   --->   Operation 1534 'mul' 'mul_ln190_1' <Predicate = true> <Delay = 1.87> <CoreInst = "Multiplier">   --->   Core 3 'Multiplier' <Latency = 3> <II = 1> <Delay = 1.87> <FuncUnit> <Opcode : 'mul'> <InPorts = 2> <OutPorts = 1>
ST_27 : Operation 1535 [3/4] (1.87ns)   --->   "%mul_ln190_2 = mul i28 %sext_ln190_5, i28 %sext_ln190_4" [firmware/nnet_utils/nnet_recurrent.h:190]   --->   Operation 1535 'mul' 'mul_ln190_2' <Predicate = true> <Delay = 1.87> <CoreInst = "Multiplier">   --->   Core 3 'Multiplier' <Latency = 3> <II = 1> <Delay = 1.87> <FuncUnit> <Opcode : 'mul'> <InPorts = 2> <OutPorts = 1>
ST_27 : Operation 1536 [3/4] (1.87ns)   --->   "%mul_ln190_3 = mul i28 %sext_ln190_7, i28 %sext_ln190_6" [firmware/nnet_utils/nnet_recurrent.h:190]   --->   Operation 1536 'mul' 'mul_ln190_3' <Predicate = true> <Delay = 1.87> <CoreInst = "Multiplier">   --->   Core 3 'Multiplier' <Latency = 3> <II = 1> <Delay = 1.87> <FuncUnit> <Opcode : 'mul'> <InPorts = 2> <OutPorts = 1>
ST_27 : Operation 1537 [3/4] (1.87ns)   --->   "%mul_ln190_4 = mul i28 %sext_ln190_9, i28 %sext_ln190_8" [firmware/nnet_utils/nnet_recurrent.h:190]   --->   Operation 1537 'mul' 'mul_ln190_4' <Predicate = true> <Delay = 1.87> <CoreInst = "Multiplier">   --->   Core 3 'Multiplier' <Latency = 3> <II = 1> <Delay = 1.87> <FuncUnit> <Opcode : 'mul'> <InPorts = 2> <OutPorts = 1>
ST_27 : Operation 1538 [3/4] (1.87ns)   --->   "%mul_ln190_5 = mul i28 %sext_ln190_11, i28 %sext_ln190_10" [firmware/nnet_utils/nnet_recurrent.h:190]   --->   Operation 1538 'mul' 'mul_ln190_5' <Predicate = true> <Delay = 1.87> <CoreInst = "Multiplier">   --->   Core 3 'Multiplier' <Latency = 3> <II = 1> <Delay = 1.87> <FuncUnit> <Opcode : 'mul'> <InPorts = 2> <OutPorts = 1>
ST_27 : Operation 1539 [3/4] (1.87ns)   --->   "%mul_ln190_6 = mul i28 %sext_ln190_13, i28 %sext_ln190_12" [firmware/nnet_utils/nnet_recurrent.h:190]   --->   Operation 1539 'mul' 'mul_ln190_6' <Predicate = true> <Delay = 1.87> <CoreInst = "Multiplier">   --->   Core 3 'Multiplier' <Latency = 3> <II = 1> <Delay = 1.87> <FuncUnit> <Opcode : 'mul'> <InPorts = 2> <OutPorts = 1>
ST_27 : Operation 1540 [3/4] (1.87ns)   --->   "%mul_ln190_7 = mul i28 %sext_ln190_15, i28 %sext_ln190_14" [firmware/nnet_utils/nnet_recurrent.h:190]   --->   Operation 1540 'mul' 'mul_ln190_7' <Predicate = true> <Delay = 1.87> <CoreInst = "Multiplier">   --->   Core 3 'Multiplier' <Latency = 3> <II = 1> <Delay = 1.87> <FuncUnit> <Opcode : 'mul'> <InPorts = 2> <OutPorts = 1>
ST_27 : Operation 1541 [3/4] (1.87ns)   --->   "%mul_ln190_8 = mul i28 %sext_ln190_17, i28 %sext_ln190_16" [firmware/nnet_utils/nnet_recurrent.h:190]   --->   Operation 1541 'mul' 'mul_ln190_8' <Predicate = true> <Delay = 1.87> <CoreInst = "Multiplier">   --->   Core 3 'Multiplier' <Latency = 3> <II = 1> <Delay = 1.87> <FuncUnit> <Opcode : 'mul'> <InPorts = 2> <OutPorts = 1>
ST_27 : Operation 1542 [3/4] (1.87ns)   --->   "%mul_ln190_9 = mul i28 %sext_ln190_19, i28 %sext_ln190_18" [firmware/nnet_utils/nnet_recurrent.h:190]   --->   Operation 1542 'mul' 'mul_ln190_9' <Predicate = true> <Delay = 1.87> <CoreInst = "Multiplier">   --->   Core 3 'Multiplier' <Latency = 3> <II = 1> <Delay = 1.87> <FuncUnit> <Opcode : 'mul'> <InPorts = 2> <OutPorts = 1>
ST_27 : Operation 1543 [3/4] (1.87ns)   --->   "%mul_ln190_10 = mul i28 %sext_ln190_21, i28 %sext_ln190_20" [firmware/nnet_utils/nnet_recurrent.h:190]   --->   Operation 1543 'mul' 'mul_ln190_10' <Predicate = true> <Delay = 1.87> <CoreInst = "Multiplier">   --->   Core 3 'Multiplier' <Latency = 3> <II = 1> <Delay = 1.87> <FuncUnit> <Opcode : 'mul'> <InPorts = 2> <OutPorts = 1>
ST_27 : Operation 1544 [3/4] (1.87ns)   --->   "%mul_ln190_11 = mul i28 %sext_ln190_23, i28 %sext_ln190_22" [firmware/nnet_utils/nnet_recurrent.h:190]   --->   Operation 1544 'mul' 'mul_ln190_11' <Predicate = true> <Delay = 1.87> <CoreInst = "Multiplier">   --->   Core 3 'Multiplier' <Latency = 3> <II = 1> <Delay = 1.87> <FuncUnit> <Opcode : 'mul'> <InPorts = 2> <OutPorts = 1>
ST_27 : Operation 1545 [3/4] (1.87ns)   --->   "%mul_ln190_12 = mul i28 %sext_ln190_25, i28 %sext_ln190_24" [firmware/nnet_utils/nnet_recurrent.h:190]   --->   Operation 1545 'mul' 'mul_ln190_12' <Predicate = true> <Delay = 1.87> <CoreInst = "Multiplier">   --->   Core 3 'Multiplier' <Latency = 3> <II = 1> <Delay = 1.87> <FuncUnit> <Opcode : 'mul'> <InPorts = 2> <OutPorts = 1>
ST_27 : Operation 1546 [3/4] (1.87ns)   --->   "%mul_ln190_13 = mul i28 %sext_ln190_27, i28 %sext_ln190_26" [firmware/nnet_utils/nnet_recurrent.h:190]   --->   Operation 1546 'mul' 'mul_ln190_13' <Predicate = true> <Delay = 1.87> <CoreInst = "Multiplier">   --->   Core 3 'Multiplier' <Latency = 3> <II = 1> <Delay = 1.87> <FuncUnit> <Opcode : 'mul'> <InPorts = 2> <OutPorts = 1>
ST_27 : Operation 1547 [3/4] (1.87ns)   --->   "%mul_ln190_14 = mul i28 %sext_ln190_29, i28 %sext_ln190_28" [firmware/nnet_utils/nnet_recurrent.h:190]   --->   Operation 1547 'mul' 'mul_ln190_14' <Predicate = true> <Delay = 1.87> <CoreInst = "Multiplier">   --->   Core 3 'Multiplier' <Latency = 3> <II = 1> <Delay = 1.87> <FuncUnit> <Opcode : 'mul'> <InPorts = 2> <OutPorts = 1>
ST_27 : Operation 1548 [3/4] (1.87ns)   --->   "%mul_ln190_15 = mul i28 %sext_ln190_31, i28 %sext_ln190_30" [firmware/nnet_utils/nnet_recurrent.h:190]   --->   Operation 1548 'mul' 'mul_ln190_15' <Predicate = true> <Delay = 1.87> <CoreInst = "Multiplier">   --->   Core 3 'Multiplier' <Latency = 3> <II = 1> <Delay = 1.87> <FuncUnit> <Opcode : 'mul'> <InPorts = 2> <OutPorts = 1>
ST_27 : Operation 1549 [3/4] (1.87ns)   --->   "%mul_ln190_16 = mul i28 %sext_ln190_33, i28 %sext_ln190_32" [firmware/nnet_utils/nnet_recurrent.h:190]   --->   Operation 1549 'mul' 'mul_ln190_16' <Predicate = true> <Delay = 1.87> <CoreInst = "Multiplier">   --->   Core 3 'Multiplier' <Latency = 3> <II = 1> <Delay = 1.87> <FuncUnit> <Opcode : 'mul'> <InPorts = 2> <OutPorts = 1>
ST_27 : Operation 1550 [3/4] (1.87ns)   --->   "%mul_ln190_17 = mul i28 %sext_ln190_35, i28 %sext_ln190_34" [firmware/nnet_utils/nnet_recurrent.h:190]   --->   Operation 1550 'mul' 'mul_ln190_17' <Predicate = true> <Delay = 1.87> <CoreInst = "Multiplier">   --->   Core 3 'Multiplier' <Latency = 3> <II = 1> <Delay = 1.87> <FuncUnit> <Opcode : 'mul'> <InPorts = 2> <OutPorts = 1>
ST_27 : Operation 1551 [3/4] (1.87ns)   --->   "%mul_ln190_18 = mul i28 %sext_ln190_37, i28 %sext_ln190_36" [firmware/nnet_utils/nnet_recurrent.h:190]   --->   Operation 1551 'mul' 'mul_ln190_18' <Predicate = true> <Delay = 1.87> <CoreInst = "Multiplier">   --->   Core 3 'Multiplier' <Latency = 3> <II = 1> <Delay = 1.87> <FuncUnit> <Opcode : 'mul'> <InPorts = 2> <OutPorts = 1>
ST_27 : Operation 1552 [3/4] (1.87ns)   --->   "%mul_ln190_19 = mul i28 %sext_ln190_39, i28 %sext_ln190_38" [firmware/nnet_utils/nnet_recurrent.h:190]   --->   Operation 1552 'mul' 'mul_ln190_19' <Predicate = true> <Delay = 1.87> <CoreInst = "Multiplier">   --->   Core 3 'Multiplier' <Latency = 3> <II = 1> <Delay = 1.87> <FuncUnit> <Opcode : 'mul'> <InPorts = 2> <OutPorts = 1>
ST_27 : Operation 1553 [3/4] (1.87ns)   --->   "%mul_ln190_20 = mul i28 %sext_ln190_41, i28 %sext_ln190_40" [firmware/nnet_utils/nnet_recurrent.h:190]   --->   Operation 1553 'mul' 'mul_ln190_20' <Predicate = true> <Delay = 1.87> <CoreInst = "Multiplier">   --->   Core 3 'Multiplier' <Latency = 3> <II = 1> <Delay = 1.87> <FuncUnit> <Opcode : 'mul'> <InPorts = 2> <OutPorts = 1>
ST_27 : Operation 1554 [3/4] (1.87ns)   --->   "%mul_ln190_21 = mul i28 %sext_ln190_43, i28 %sext_ln190_42" [firmware/nnet_utils/nnet_recurrent.h:190]   --->   Operation 1554 'mul' 'mul_ln190_21' <Predicate = true> <Delay = 1.87> <CoreInst = "Multiplier">   --->   Core 3 'Multiplier' <Latency = 3> <II = 1> <Delay = 1.87> <FuncUnit> <Opcode : 'mul'> <InPorts = 2> <OutPorts = 1>
ST_27 : Operation 1555 [3/4] (1.87ns)   --->   "%mul_ln190_22 = mul i28 %sext_ln190_45, i28 %sext_ln190_44" [firmware/nnet_utils/nnet_recurrent.h:190]   --->   Operation 1555 'mul' 'mul_ln190_22' <Predicate = true> <Delay = 1.87> <CoreInst = "Multiplier">   --->   Core 3 'Multiplier' <Latency = 3> <II = 1> <Delay = 1.87> <FuncUnit> <Opcode : 'mul'> <InPorts = 2> <OutPorts = 1>
ST_27 : Operation 1556 [3/4] (1.87ns)   --->   "%mul_ln190_23 = mul i28 %sext_ln190_47, i28 %sext_ln190_46" [firmware/nnet_utils/nnet_recurrent.h:190]   --->   Operation 1556 'mul' 'mul_ln190_23' <Predicate = true> <Delay = 1.87> <CoreInst = "Multiplier">   --->   Core 3 'Multiplier' <Latency = 3> <II = 1> <Delay = 1.87> <FuncUnit> <Opcode : 'mul'> <InPorts = 2> <OutPorts = 1>
ST_27 : Operation 1557 [3/4] (1.87ns)   --->   "%mul_ln190_24 = mul i28 %sext_ln190_49, i28 %sext_ln190_48" [firmware/nnet_utils/nnet_recurrent.h:190]   --->   Operation 1557 'mul' 'mul_ln190_24' <Predicate = true> <Delay = 1.87> <CoreInst = "Multiplier">   --->   Core 3 'Multiplier' <Latency = 3> <II = 1> <Delay = 1.87> <FuncUnit> <Opcode : 'mul'> <InPorts = 2> <OutPorts = 1>
ST_27 : Operation 1558 [3/4] (1.87ns)   --->   "%mul_ln190_25 = mul i28 %sext_ln190_51, i28 %sext_ln190_50" [firmware/nnet_utils/nnet_recurrent.h:190]   --->   Operation 1558 'mul' 'mul_ln190_25' <Predicate = true> <Delay = 1.87> <CoreInst = "Multiplier">   --->   Core 3 'Multiplier' <Latency = 3> <II = 1> <Delay = 1.87> <FuncUnit> <Opcode : 'mul'> <InPorts = 2> <OutPorts = 1>
ST_27 : Operation 1559 [3/4] (1.87ns)   --->   "%mul_ln190_26 = mul i28 %sext_ln190_53, i28 %sext_ln190_52" [firmware/nnet_utils/nnet_recurrent.h:190]   --->   Operation 1559 'mul' 'mul_ln190_26' <Predicate = true> <Delay = 1.87> <CoreInst = "Multiplier">   --->   Core 3 'Multiplier' <Latency = 3> <II = 1> <Delay = 1.87> <FuncUnit> <Opcode : 'mul'> <InPorts = 2> <OutPorts = 1>
ST_27 : Operation 1560 [3/4] (1.87ns)   --->   "%mul_ln190_27 = mul i28 %sext_ln190_55, i28 %sext_ln190_54" [firmware/nnet_utils/nnet_recurrent.h:190]   --->   Operation 1560 'mul' 'mul_ln190_27' <Predicate = true> <Delay = 1.87> <CoreInst = "Multiplier">   --->   Core 3 'Multiplier' <Latency = 3> <II = 1> <Delay = 1.87> <FuncUnit> <Opcode : 'mul'> <InPorts = 2> <OutPorts = 1>
ST_27 : Operation 1561 [3/4] (1.87ns)   --->   "%mul_ln190_28 = mul i28 %sext_ln190_57, i28 %sext_ln190_56" [firmware/nnet_utils/nnet_recurrent.h:190]   --->   Operation 1561 'mul' 'mul_ln190_28' <Predicate = true> <Delay = 1.87> <CoreInst = "Multiplier">   --->   Core 3 'Multiplier' <Latency = 3> <II = 1> <Delay = 1.87> <FuncUnit> <Opcode : 'mul'> <InPorts = 2> <OutPorts = 1>
ST_27 : Operation 1562 [3/4] (1.87ns)   --->   "%mul_ln190_29 = mul i28 %sext_ln190_59, i28 %sext_ln190_58" [firmware/nnet_utils/nnet_recurrent.h:190]   --->   Operation 1562 'mul' 'mul_ln190_29' <Predicate = true> <Delay = 1.87> <CoreInst = "Multiplier">   --->   Core 3 'Multiplier' <Latency = 3> <II = 1> <Delay = 1.87> <FuncUnit> <Opcode : 'mul'> <InPorts = 2> <OutPorts = 1>
ST_27 : Operation 1563 [3/4] (1.87ns)   --->   "%mul_ln190_30 = mul i28 %sext_ln190_61, i28 %sext_ln190_60" [firmware/nnet_utils/nnet_recurrent.h:190]   --->   Operation 1563 'mul' 'mul_ln190_30' <Predicate = true> <Delay = 1.87> <CoreInst = "Multiplier">   --->   Core 3 'Multiplier' <Latency = 3> <II = 1> <Delay = 1.87> <FuncUnit> <Opcode : 'mul'> <InPorts = 2> <OutPorts = 1>
ST_27 : Operation 1564 [3/4] (1.87ns)   --->   "%mul_ln190_31 = mul i28 %sext_ln190_63, i28 %sext_ln190_62" [firmware/nnet_utils/nnet_recurrent.h:190]   --->   Operation 1564 'mul' 'mul_ln190_31' <Predicate = true> <Delay = 1.87> <CoreInst = "Multiplier">   --->   Core 3 'Multiplier' <Latency = 3> <II = 1> <Delay = 1.87> <FuncUnit> <Opcode : 'mul'> <InPorts = 2> <OutPorts = 1>

State 28 <SV = 27> <Delay = 1.87>
ST_28 : Operation 1565 [2/4] (1.87ns)   --->   "%mul_ln190 = mul i28 %sext_ln190_1, i28 %sext_ln190" [firmware/nnet_utils/nnet_recurrent.h:190]   --->   Operation 1565 'mul' 'mul_ln190' <Predicate = true> <Delay = 1.87> <CoreInst = "Multiplier">   --->   Core 3 'Multiplier' <Latency = 3> <II = 1> <Delay = 1.87> <FuncUnit> <Opcode : 'mul'> <InPorts = 2> <OutPorts = 1>
ST_28 : Operation 1566 [2/4] (1.87ns)   --->   "%mul_ln190_1 = mul i28 %sext_ln190_3, i28 %sext_ln190_2" [firmware/nnet_utils/nnet_recurrent.h:190]   --->   Operation 1566 'mul' 'mul_ln190_1' <Predicate = true> <Delay = 1.87> <CoreInst = "Multiplier">   --->   Core 3 'Multiplier' <Latency = 3> <II = 1> <Delay = 1.87> <FuncUnit> <Opcode : 'mul'> <InPorts = 2> <OutPorts = 1>
ST_28 : Operation 1567 [2/4] (1.87ns)   --->   "%mul_ln190_2 = mul i28 %sext_ln190_5, i28 %sext_ln190_4" [firmware/nnet_utils/nnet_recurrent.h:190]   --->   Operation 1567 'mul' 'mul_ln190_2' <Predicate = true> <Delay = 1.87> <CoreInst = "Multiplier">   --->   Core 3 'Multiplier' <Latency = 3> <II = 1> <Delay = 1.87> <FuncUnit> <Opcode : 'mul'> <InPorts = 2> <OutPorts = 1>
ST_28 : Operation 1568 [2/4] (1.87ns)   --->   "%mul_ln190_3 = mul i28 %sext_ln190_7, i28 %sext_ln190_6" [firmware/nnet_utils/nnet_recurrent.h:190]   --->   Operation 1568 'mul' 'mul_ln190_3' <Predicate = true> <Delay = 1.87> <CoreInst = "Multiplier">   --->   Core 3 'Multiplier' <Latency = 3> <II = 1> <Delay = 1.87> <FuncUnit> <Opcode : 'mul'> <InPorts = 2> <OutPorts = 1>
ST_28 : Operation 1569 [2/4] (1.87ns)   --->   "%mul_ln190_4 = mul i28 %sext_ln190_9, i28 %sext_ln190_8" [firmware/nnet_utils/nnet_recurrent.h:190]   --->   Operation 1569 'mul' 'mul_ln190_4' <Predicate = true> <Delay = 1.87> <CoreInst = "Multiplier">   --->   Core 3 'Multiplier' <Latency = 3> <II = 1> <Delay = 1.87> <FuncUnit> <Opcode : 'mul'> <InPorts = 2> <OutPorts = 1>
ST_28 : Operation 1570 [2/4] (1.87ns)   --->   "%mul_ln190_5 = mul i28 %sext_ln190_11, i28 %sext_ln190_10" [firmware/nnet_utils/nnet_recurrent.h:190]   --->   Operation 1570 'mul' 'mul_ln190_5' <Predicate = true> <Delay = 1.87> <CoreInst = "Multiplier">   --->   Core 3 'Multiplier' <Latency = 3> <II = 1> <Delay = 1.87> <FuncUnit> <Opcode : 'mul'> <InPorts = 2> <OutPorts = 1>
ST_28 : Operation 1571 [2/4] (1.87ns)   --->   "%mul_ln190_6 = mul i28 %sext_ln190_13, i28 %sext_ln190_12" [firmware/nnet_utils/nnet_recurrent.h:190]   --->   Operation 1571 'mul' 'mul_ln190_6' <Predicate = true> <Delay = 1.87> <CoreInst = "Multiplier">   --->   Core 3 'Multiplier' <Latency = 3> <II = 1> <Delay = 1.87> <FuncUnit> <Opcode : 'mul'> <InPorts = 2> <OutPorts = 1>
ST_28 : Operation 1572 [2/4] (1.87ns)   --->   "%mul_ln190_7 = mul i28 %sext_ln190_15, i28 %sext_ln190_14" [firmware/nnet_utils/nnet_recurrent.h:190]   --->   Operation 1572 'mul' 'mul_ln190_7' <Predicate = true> <Delay = 1.87> <CoreInst = "Multiplier">   --->   Core 3 'Multiplier' <Latency = 3> <II = 1> <Delay = 1.87> <FuncUnit> <Opcode : 'mul'> <InPorts = 2> <OutPorts = 1>
ST_28 : Operation 1573 [2/4] (1.87ns)   --->   "%mul_ln190_8 = mul i28 %sext_ln190_17, i28 %sext_ln190_16" [firmware/nnet_utils/nnet_recurrent.h:190]   --->   Operation 1573 'mul' 'mul_ln190_8' <Predicate = true> <Delay = 1.87> <CoreInst = "Multiplier">   --->   Core 3 'Multiplier' <Latency = 3> <II = 1> <Delay = 1.87> <FuncUnit> <Opcode : 'mul'> <InPorts = 2> <OutPorts = 1>
ST_28 : Operation 1574 [2/4] (1.87ns)   --->   "%mul_ln190_9 = mul i28 %sext_ln190_19, i28 %sext_ln190_18" [firmware/nnet_utils/nnet_recurrent.h:190]   --->   Operation 1574 'mul' 'mul_ln190_9' <Predicate = true> <Delay = 1.87> <CoreInst = "Multiplier">   --->   Core 3 'Multiplier' <Latency = 3> <II = 1> <Delay = 1.87> <FuncUnit> <Opcode : 'mul'> <InPorts = 2> <OutPorts = 1>
ST_28 : Operation 1575 [2/4] (1.87ns)   --->   "%mul_ln190_10 = mul i28 %sext_ln190_21, i28 %sext_ln190_20" [firmware/nnet_utils/nnet_recurrent.h:190]   --->   Operation 1575 'mul' 'mul_ln190_10' <Predicate = true> <Delay = 1.87> <CoreInst = "Multiplier">   --->   Core 3 'Multiplier' <Latency = 3> <II = 1> <Delay = 1.87> <FuncUnit> <Opcode : 'mul'> <InPorts = 2> <OutPorts = 1>
ST_28 : Operation 1576 [2/4] (1.87ns)   --->   "%mul_ln190_11 = mul i28 %sext_ln190_23, i28 %sext_ln190_22" [firmware/nnet_utils/nnet_recurrent.h:190]   --->   Operation 1576 'mul' 'mul_ln190_11' <Predicate = true> <Delay = 1.87> <CoreInst = "Multiplier">   --->   Core 3 'Multiplier' <Latency = 3> <II = 1> <Delay = 1.87> <FuncUnit> <Opcode : 'mul'> <InPorts = 2> <OutPorts = 1>
ST_28 : Operation 1577 [2/4] (1.87ns)   --->   "%mul_ln190_12 = mul i28 %sext_ln190_25, i28 %sext_ln190_24" [firmware/nnet_utils/nnet_recurrent.h:190]   --->   Operation 1577 'mul' 'mul_ln190_12' <Predicate = true> <Delay = 1.87> <CoreInst = "Multiplier">   --->   Core 3 'Multiplier' <Latency = 3> <II = 1> <Delay = 1.87> <FuncUnit> <Opcode : 'mul'> <InPorts = 2> <OutPorts = 1>
ST_28 : Operation 1578 [2/4] (1.87ns)   --->   "%mul_ln190_13 = mul i28 %sext_ln190_27, i28 %sext_ln190_26" [firmware/nnet_utils/nnet_recurrent.h:190]   --->   Operation 1578 'mul' 'mul_ln190_13' <Predicate = true> <Delay = 1.87> <CoreInst = "Multiplier">   --->   Core 3 'Multiplier' <Latency = 3> <II = 1> <Delay = 1.87> <FuncUnit> <Opcode : 'mul'> <InPorts = 2> <OutPorts = 1>
ST_28 : Operation 1579 [2/4] (1.87ns)   --->   "%mul_ln190_14 = mul i28 %sext_ln190_29, i28 %sext_ln190_28" [firmware/nnet_utils/nnet_recurrent.h:190]   --->   Operation 1579 'mul' 'mul_ln190_14' <Predicate = true> <Delay = 1.87> <CoreInst = "Multiplier">   --->   Core 3 'Multiplier' <Latency = 3> <II = 1> <Delay = 1.87> <FuncUnit> <Opcode : 'mul'> <InPorts = 2> <OutPorts = 1>
ST_28 : Operation 1580 [2/4] (1.87ns)   --->   "%mul_ln190_15 = mul i28 %sext_ln190_31, i28 %sext_ln190_30" [firmware/nnet_utils/nnet_recurrent.h:190]   --->   Operation 1580 'mul' 'mul_ln190_15' <Predicate = true> <Delay = 1.87> <CoreInst = "Multiplier">   --->   Core 3 'Multiplier' <Latency = 3> <II = 1> <Delay = 1.87> <FuncUnit> <Opcode : 'mul'> <InPorts = 2> <OutPorts = 1>
ST_28 : Operation 1581 [2/4] (1.87ns)   --->   "%mul_ln190_16 = mul i28 %sext_ln190_33, i28 %sext_ln190_32" [firmware/nnet_utils/nnet_recurrent.h:190]   --->   Operation 1581 'mul' 'mul_ln190_16' <Predicate = true> <Delay = 1.87> <CoreInst = "Multiplier">   --->   Core 3 'Multiplier' <Latency = 3> <II = 1> <Delay = 1.87> <FuncUnit> <Opcode : 'mul'> <InPorts = 2> <OutPorts = 1>
ST_28 : Operation 1582 [2/4] (1.87ns)   --->   "%mul_ln190_17 = mul i28 %sext_ln190_35, i28 %sext_ln190_34" [firmware/nnet_utils/nnet_recurrent.h:190]   --->   Operation 1582 'mul' 'mul_ln190_17' <Predicate = true> <Delay = 1.87> <CoreInst = "Multiplier">   --->   Core 3 'Multiplier' <Latency = 3> <II = 1> <Delay = 1.87> <FuncUnit> <Opcode : 'mul'> <InPorts = 2> <OutPorts = 1>
ST_28 : Operation 1583 [2/4] (1.87ns)   --->   "%mul_ln190_18 = mul i28 %sext_ln190_37, i28 %sext_ln190_36" [firmware/nnet_utils/nnet_recurrent.h:190]   --->   Operation 1583 'mul' 'mul_ln190_18' <Predicate = true> <Delay = 1.87> <CoreInst = "Multiplier">   --->   Core 3 'Multiplier' <Latency = 3> <II = 1> <Delay = 1.87> <FuncUnit> <Opcode : 'mul'> <InPorts = 2> <OutPorts = 1>
ST_28 : Operation 1584 [2/4] (1.87ns)   --->   "%mul_ln190_19 = mul i28 %sext_ln190_39, i28 %sext_ln190_38" [firmware/nnet_utils/nnet_recurrent.h:190]   --->   Operation 1584 'mul' 'mul_ln190_19' <Predicate = true> <Delay = 1.87> <CoreInst = "Multiplier">   --->   Core 3 'Multiplier' <Latency = 3> <II = 1> <Delay = 1.87> <FuncUnit> <Opcode : 'mul'> <InPorts = 2> <OutPorts = 1>
ST_28 : Operation 1585 [2/4] (1.87ns)   --->   "%mul_ln190_20 = mul i28 %sext_ln190_41, i28 %sext_ln190_40" [firmware/nnet_utils/nnet_recurrent.h:190]   --->   Operation 1585 'mul' 'mul_ln190_20' <Predicate = true> <Delay = 1.87> <CoreInst = "Multiplier">   --->   Core 3 'Multiplier' <Latency = 3> <II = 1> <Delay = 1.87> <FuncUnit> <Opcode : 'mul'> <InPorts = 2> <OutPorts = 1>
ST_28 : Operation 1586 [2/4] (1.87ns)   --->   "%mul_ln190_21 = mul i28 %sext_ln190_43, i28 %sext_ln190_42" [firmware/nnet_utils/nnet_recurrent.h:190]   --->   Operation 1586 'mul' 'mul_ln190_21' <Predicate = true> <Delay = 1.87> <CoreInst = "Multiplier">   --->   Core 3 'Multiplier' <Latency = 3> <II = 1> <Delay = 1.87> <FuncUnit> <Opcode : 'mul'> <InPorts = 2> <OutPorts = 1>
ST_28 : Operation 1587 [2/4] (1.87ns)   --->   "%mul_ln190_22 = mul i28 %sext_ln190_45, i28 %sext_ln190_44" [firmware/nnet_utils/nnet_recurrent.h:190]   --->   Operation 1587 'mul' 'mul_ln190_22' <Predicate = true> <Delay = 1.87> <CoreInst = "Multiplier">   --->   Core 3 'Multiplier' <Latency = 3> <II = 1> <Delay = 1.87> <FuncUnit> <Opcode : 'mul'> <InPorts = 2> <OutPorts = 1>
ST_28 : Operation 1588 [2/4] (1.87ns)   --->   "%mul_ln190_23 = mul i28 %sext_ln190_47, i28 %sext_ln190_46" [firmware/nnet_utils/nnet_recurrent.h:190]   --->   Operation 1588 'mul' 'mul_ln190_23' <Predicate = true> <Delay = 1.87> <CoreInst = "Multiplier">   --->   Core 3 'Multiplier' <Latency = 3> <II = 1> <Delay = 1.87> <FuncUnit> <Opcode : 'mul'> <InPorts = 2> <OutPorts = 1>
ST_28 : Operation 1589 [2/4] (1.87ns)   --->   "%mul_ln190_24 = mul i28 %sext_ln190_49, i28 %sext_ln190_48" [firmware/nnet_utils/nnet_recurrent.h:190]   --->   Operation 1589 'mul' 'mul_ln190_24' <Predicate = true> <Delay = 1.87> <CoreInst = "Multiplier">   --->   Core 3 'Multiplier' <Latency = 3> <II = 1> <Delay = 1.87> <FuncUnit> <Opcode : 'mul'> <InPorts = 2> <OutPorts = 1>
ST_28 : Operation 1590 [2/4] (1.87ns)   --->   "%mul_ln190_25 = mul i28 %sext_ln190_51, i28 %sext_ln190_50" [firmware/nnet_utils/nnet_recurrent.h:190]   --->   Operation 1590 'mul' 'mul_ln190_25' <Predicate = true> <Delay = 1.87> <CoreInst = "Multiplier">   --->   Core 3 'Multiplier' <Latency = 3> <II = 1> <Delay = 1.87> <FuncUnit> <Opcode : 'mul'> <InPorts = 2> <OutPorts = 1>
ST_28 : Operation 1591 [2/4] (1.87ns)   --->   "%mul_ln190_26 = mul i28 %sext_ln190_53, i28 %sext_ln190_52" [firmware/nnet_utils/nnet_recurrent.h:190]   --->   Operation 1591 'mul' 'mul_ln190_26' <Predicate = true> <Delay = 1.87> <CoreInst = "Multiplier">   --->   Core 3 'Multiplier' <Latency = 3> <II = 1> <Delay = 1.87> <FuncUnit> <Opcode : 'mul'> <InPorts = 2> <OutPorts = 1>
ST_28 : Operation 1592 [2/4] (1.87ns)   --->   "%mul_ln190_27 = mul i28 %sext_ln190_55, i28 %sext_ln190_54" [firmware/nnet_utils/nnet_recurrent.h:190]   --->   Operation 1592 'mul' 'mul_ln190_27' <Predicate = true> <Delay = 1.87> <CoreInst = "Multiplier">   --->   Core 3 'Multiplier' <Latency = 3> <II = 1> <Delay = 1.87> <FuncUnit> <Opcode : 'mul'> <InPorts = 2> <OutPorts = 1>
ST_28 : Operation 1593 [2/4] (1.87ns)   --->   "%mul_ln190_28 = mul i28 %sext_ln190_57, i28 %sext_ln190_56" [firmware/nnet_utils/nnet_recurrent.h:190]   --->   Operation 1593 'mul' 'mul_ln190_28' <Predicate = true> <Delay = 1.87> <CoreInst = "Multiplier">   --->   Core 3 'Multiplier' <Latency = 3> <II = 1> <Delay = 1.87> <FuncUnit> <Opcode : 'mul'> <InPorts = 2> <OutPorts = 1>
ST_28 : Operation 1594 [2/4] (1.87ns)   --->   "%mul_ln190_29 = mul i28 %sext_ln190_59, i28 %sext_ln190_58" [firmware/nnet_utils/nnet_recurrent.h:190]   --->   Operation 1594 'mul' 'mul_ln190_29' <Predicate = true> <Delay = 1.87> <CoreInst = "Multiplier">   --->   Core 3 'Multiplier' <Latency = 3> <II = 1> <Delay = 1.87> <FuncUnit> <Opcode : 'mul'> <InPorts = 2> <OutPorts = 1>
ST_28 : Operation 1595 [2/4] (1.87ns)   --->   "%mul_ln190_30 = mul i28 %sext_ln190_61, i28 %sext_ln190_60" [firmware/nnet_utils/nnet_recurrent.h:190]   --->   Operation 1595 'mul' 'mul_ln190_30' <Predicate = true> <Delay = 1.87> <CoreInst = "Multiplier">   --->   Core 3 'Multiplier' <Latency = 3> <II = 1> <Delay = 1.87> <FuncUnit> <Opcode : 'mul'> <InPorts = 2> <OutPorts = 1>
ST_28 : Operation 1596 [2/4] (1.87ns)   --->   "%mul_ln190_31 = mul i28 %sext_ln190_63, i28 %sext_ln190_62" [firmware/nnet_utils/nnet_recurrent.h:190]   --->   Operation 1596 'mul' 'mul_ln190_31' <Predicate = true> <Delay = 1.87> <CoreInst = "Multiplier">   --->   Core 3 'Multiplier' <Latency = 3> <II = 1> <Delay = 1.87> <FuncUnit> <Opcode : 'mul'> <InPorts = 2> <OutPorts = 1>

State 29 <SV = 28> <Delay = 1.87>
ST_29 : Operation 1597 [1/4] (1.87ns)   --->   "%mul_ln190 = mul i28 %sext_ln190_1, i28 %sext_ln190" [firmware/nnet_utils/nnet_recurrent.h:190]   --->   Operation 1597 'mul' 'mul_ln190' <Predicate = true> <Delay = 1.87> <CoreInst = "Multiplier">   --->   Core 3 'Multiplier' <Latency = 3> <II = 1> <Delay = 1.87> <FuncUnit> <Opcode : 'mul'> <InPorts = 2> <OutPorts = 1>
ST_29 : Operation 1598 [1/1] (0.00ns)   --->   "%trunc_ln2 = partselect i14 @_ssdm_op_PartSelect.i14.i28.i32.i32, i28 %mul_ln190, i32 7, i32 20" [firmware/nnet_utils/nnet_recurrent.h:190]   --->   Operation 1598 'partselect' 'trunc_ln2' <Predicate = true> <Delay = 0.00>
ST_29 : Operation 1599 [1/1] (0.00ns)   --->   "%tmp_702 = bitselect i1 @_ssdm_op_BitSelect.i1.i28.i32, i28 %mul_ln190, i32 6" [firmware/nnet_utils/nnet_recurrent.h:190]   --->   Operation 1599 'bitselect' 'tmp_702' <Predicate = true> <Delay = 0.00>
ST_29 : Operation 1600 [1/4] (1.87ns)   --->   "%mul_ln190_1 = mul i28 %sext_ln190_3, i28 %sext_ln190_2" [firmware/nnet_utils/nnet_recurrent.h:190]   --->   Operation 1600 'mul' 'mul_ln190_1' <Predicate = true> <Delay = 1.87> <CoreInst = "Multiplier">   --->   Core 3 'Multiplier' <Latency = 3> <II = 1> <Delay = 1.87> <FuncUnit> <Opcode : 'mul'> <InPorts = 2> <OutPorts = 1>
ST_29 : Operation 1601 [1/1] (0.00ns)   --->   "%trunc_ln190_1 = partselect i14 @_ssdm_op_PartSelect.i14.i28.i32.i32, i28 %mul_ln190_1, i32 7, i32 20" [firmware/nnet_utils/nnet_recurrent.h:190]   --->   Operation 1601 'partselect' 'trunc_ln190_1' <Predicate = true> <Delay = 0.00>
ST_29 : Operation 1602 [1/1] (0.00ns)   --->   "%tmp_703 = bitselect i1 @_ssdm_op_BitSelect.i1.i28.i32, i28 %mul_ln190_1, i32 6" [firmware/nnet_utils/nnet_recurrent.h:190]   --->   Operation 1602 'bitselect' 'tmp_703' <Predicate = true> <Delay = 0.00>
ST_29 : Operation 1603 [1/4] (1.87ns)   --->   "%mul_ln190_2 = mul i28 %sext_ln190_5, i28 %sext_ln190_4" [firmware/nnet_utils/nnet_recurrent.h:190]   --->   Operation 1603 'mul' 'mul_ln190_2' <Predicate = true> <Delay = 1.87> <CoreInst = "Multiplier">   --->   Core 3 'Multiplier' <Latency = 3> <II = 1> <Delay = 1.87> <FuncUnit> <Opcode : 'mul'> <InPorts = 2> <OutPorts = 1>
ST_29 : Operation 1604 [1/1] (0.00ns)   --->   "%trunc_ln190_2 = partselect i14 @_ssdm_op_PartSelect.i14.i28.i32.i32, i28 %mul_ln190_2, i32 7, i32 20" [firmware/nnet_utils/nnet_recurrent.h:190]   --->   Operation 1604 'partselect' 'trunc_ln190_2' <Predicate = true> <Delay = 0.00>
ST_29 : Operation 1605 [1/1] (0.00ns)   --->   "%tmp_704 = bitselect i1 @_ssdm_op_BitSelect.i1.i28.i32, i28 %mul_ln190_2, i32 6" [firmware/nnet_utils/nnet_recurrent.h:190]   --->   Operation 1605 'bitselect' 'tmp_704' <Predicate = true> <Delay = 0.00>
ST_29 : Operation 1606 [1/4] (1.87ns)   --->   "%mul_ln190_3 = mul i28 %sext_ln190_7, i28 %sext_ln190_6" [firmware/nnet_utils/nnet_recurrent.h:190]   --->   Operation 1606 'mul' 'mul_ln190_3' <Predicate = true> <Delay = 1.87> <CoreInst = "Multiplier">   --->   Core 3 'Multiplier' <Latency = 3> <II = 1> <Delay = 1.87> <FuncUnit> <Opcode : 'mul'> <InPorts = 2> <OutPorts = 1>
ST_29 : Operation 1607 [1/1] (0.00ns)   --->   "%trunc_ln190_3 = partselect i14 @_ssdm_op_PartSelect.i14.i28.i32.i32, i28 %mul_ln190_3, i32 7, i32 20" [firmware/nnet_utils/nnet_recurrent.h:190]   --->   Operation 1607 'partselect' 'trunc_ln190_3' <Predicate = true> <Delay = 0.00>
ST_29 : Operation 1608 [1/1] (0.00ns)   --->   "%tmp_705 = bitselect i1 @_ssdm_op_BitSelect.i1.i28.i32, i28 %mul_ln190_3, i32 6" [firmware/nnet_utils/nnet_recurrent.h:190]   --->   Operation 1608 'bitselect' 'tmp_705' <Predicate = true> <Delay = 0.00>
ST_29 : Operation 1609 [1/4] (1.87ns)   --->   "%mul_ln190_4 = mul i28 %sext_ln190_9, i28 %sext_ln190_8" [firmware/nnet_utils/nnet_recurrent.h:190]   --->   Operation 1609 'mul' 'mul_ln190_4' <Predicate = true> <Delay = 1.87> <CoreInst = "Multiplier">   --->   Core 3 'Multiplier' <Latency = 3> <II = 1> <Delay = 1.87> <FuncUnit> <Opcode : 'mul'> <InPorts = 2> <OutPorts = 1>
ST_29 : Operation 1610 [1/1] (0.00ns)   --->   "%trunc_ln190_4 = partselect i14 @_ssdm_op_PartSelect.i14.i28.i32.i32, i28 %mul_ln190_4, i32 7, i32 20" [firmware/nnet_utils/nnet_recurrent.h:190]   --->   Operation 1610 'partselect' 'trunc_ln190_4' <Predicate = true> <Delay = 0.00>
ST_29 : Operation 1611 [1/1] (0.00ns)   --->   "%tmp_706 = bitselect i1 @_ssdm_op_BitSelect.i1.i28.i32, i28 %mul_ln190_4, i32 6" [firmware/nnet_utils/nnet_recurrent.h:190]   --->   Operation 1611 'bitselect' 'tmp_706' <Predicate = true> <Delay = 0.00>
ST_29 : Operation 1612 [1/4] (1.87ns)   --->   "%mul_ln190_5 = mul i28 %sext_ln190_11, i28 %sext_ln190_10" [firmware/nnet_utils/nnet_recurrent.h:190]   --->   Operation 1612 'mul' 'mul_ln190_5' <Predicate = true> <Delay = 1.87> <CoreInst = "Multiplier">   --->   Core 3 'Multiplier' <Latency = 3> <II = 1> <Delay = 1.87> <FuncUnit> <Opcode : 'mul'> <InPorts = 2> <OutPorts = 1>
ST_29 : Operation 1613 [1/1] (0.00ns)   --->   "%trunc_ln190_5 = partselect i14 @_ssdm_op_PartSelect.i14.i28.i32.i32, i28 %mul_ln190_5, i32 7, i32 20" [firmware/nnet_utils/nnet_recurrent.h:190]   --->   Operation 1613 'partselect' 'trunc_ln190_5' <Predicate = true> <Delay = 0.00>
ST_29 : Operation 1614 [1/1] (0.00ns)   --->   "%tmp_707 = bitselect i1 @_ssdm_op_BitSelect.i1.i28.i32, i28 %mul_ln190_5, i32 6" [firmware/nnet_utils/nnet_recurrent.h:190]   --->   Operation 1614 'bitselect' 'tmp_707' <Predicate = true> <Delay = 0.00>
ST_29 : Operation 1615 [1/4] (1.87ns)   --->   "%mul_ln190_6 = mul i28 %sext_ln190_13, i28 %sext_ln190_12" [firmware/nnet_utils/nnet_recurrent.h:190]   --->   Operation 1615 'mul' 'mul_ln190_6' <Predicate = true> <Delay = 1.87> <CoreInst = "Multiplier">   --->   Core 3 'Multiplier' <Latency = 3> <II = 1> <Delay = 1.87> <FuncUnit> <Opcode : 'mul'> <InPorts = 2> <OutPorts = 1>
ST_29 : Operation 1616 [1/1] (0.00ns)   --->   "%trunc_ln190_6 = partselect i14 @_ssdm_op_PartSelect.i14.i28.i32.i32, i28 %mul_ln190_6, i32 7, i32 20" [firmware/nnet_utils/nnet_recurrent.h:190]   --->   Operation 1616 'partselect' 'trunc_ln190_6' <Predicate = true> <Delay = 0.00>
ST_29 : Operation 1617 [1/1] (0.00ns)   --->   "%tmp_708 = bitselect i1 @_ssdm_op_BitSelect.i1.i28.i32, i28 %mul_ln190_6, i32 6" [firmware/nnet_utils/nnet_recurrent.h:190]   --->   Operation 1617 'bitselect' 'tmp_708' <Predicate = true> <Delay = 0.00>
ST_29 : Operation 1618 [1/4] (1.87ns)   --->   "%mul_ln190_7 = mul i28 %sext_ln190_15, i28 %sext_ln190_14" [firmware/nnet_utils/nnet_recurrent.h:190]   --->   Operation 1618 'mul' 'mul_ln190_7' <Predicate = true> <Delay = 1.87> <CoreInst = "Multiplier">   --->   Core 3 'Multiplier' <Latency = 3> <II = 1> <Delay = 1.87> <FuncUnit> <Opcode : 'mul'> <InPorts = 2> <OutPorts = 1>
ST_29 : Operation 1619 [1/1] (0.00ns)   --->   "%trunc_ln190_7 = partselect i14 @_ssdm_op_PartSelect.i14.i28.i32.i32, i28 %mul_ln190_7, i32 7, i32 20" [firmware/nnet_utils/nnet_recurrent.h:190]   --->   Operation 1619 'partselect' 'trunc_ln190_7' <Predicate = true> <Delay = 0.00>
ST_29 : Operation 1620 [1/1] (0.00ns)   --->   "%tmp_709 = bitselect i1 @_ssdm_op_BitSelect.i1.i28.i32, i28 %mul_ln190_7, i32 6" [firmware/nnet_utils/nnet_recurrent.h:190]   --->   Operation 1620 'bitselect' 'tmp_709' <Predicate = true> <Delay = 0.00>
ST_29 : Operation 1621 [1/4] (1.87ns)   --->   "%mul_ln190_8 = mul i28 %sext_ln190_17, i28 %sext_ln190_16" [firmware/nnet_utils/nnet_recurrent.h:190]   --->   Operation 1621 'mul' 'mul_ln190_8' <Predicate = true> <Delay = 1.87> <CoreInst = "Multiplier">   --->   Core 3 'Multiplier' <Latency = 3> <II = 1> <Delay = 1.87> <FuncUnit> <Opcode : 'mul'> <InPorts = 2> <OutPorts = 1>
ST_29 : Operation 1622 [1/1] (0.00ns)   --->   "%trunc_ln190_8 = partselect i14 @_ssdm_op_PartSelect.i14.i28.i32.i32, i28 %mul_ln190_8, i32 7, i32 20" [firmware/nnet_utils/nnet_recurrent.h:190]   --->   Operation 1622 'partselect' 'trunc_ln190_8' <Predicate = true> <Delay = 0.00>
ST_29 : Operation 1623 [1/1] (0.00ns)   --->   "%tmp_710 = bitselect i1 @_ssdm_op_BitSelect.i1.i28.i32, i28 %mul_ln190_8, i32 6" [firmware/nnet_utils/nnet_recurrent.h:190]   --->   Operation 1623 'bitselect' 'tmp_710' <Predicate = true> <Delay = 0.00>
ST_29 : Operation 1624 [1/4] (1.87ns)   --->   "%mul_ln190_9 = mul i28 %sext_ln190_19, i28 %sext_ln190_18" [firmware/nnet_utils/nnet_recurrent.h:190]   --->   Operation 1624 'mul' 'mul_ln190_9' <Predicate = true> <Delay = 1.87> <CoreInst = "Multiplier">   --->   Core 3 'Multiplier' <Latency = 3> <II = 1> <Delay = 1.87> <FuncUnit> <Opcode : 'mul'> <InPorts = 2> <OutPorts = 1>
ST_29 : Operation 1625 [1/1] (0.00ns)   --->   "%trunc_ln190_9 = partselect i14 @_ssdm_op_PartSelect.i14.i28.i32.i32, i28 %mul_ln190_9, i32 7, i32 20" [firmware/nnet_utils/nnet_recurrent.h:190]   --->   Operation 1625 'partselect' 'trunc_ln190_9' <Predicate = true> <Delay = 0.00>
ST_29 : Operation 1626 [1/1] (0.00ns)   --->   "%tmp_711 = bitselect i1 @_ssdm_op_BitSelect.i1.i28.i32, i28 %mul_ln190_9, i32 6" [firmware/nnet_utils/nnet_recurrent.h:190]   --->   Operation 1626 'bitselect' 'tmp_711' <Predicate = true> <Delay = 0.00>
ST_29 : Operation 1627 [1/4] (1.87ns)   --->   "%mul_ln190_10 = mul i28 %sext_ln190_21, i28 %sext_ln190_20" [firmware/nnet_utils/nnet_recurrent.h:190]   --->   Operation 1627 'mul' 'mul_ln190_10' <Predicate = true> <Delay = 1.87> <CoreInst = "Multiplier">   --->   Core 3 'Multiplier' <Latency = 3> <II = 1> <Delay = 1.87> <FuncUnit> <Opcode : 'mul'> <InPorts = 2> <OutPorts = 1>
ST_29 : Operation 1628 [1/1] (0.00ns)   --->   "%trunc_ln190_s = partselect i14 @_ssdm_op_PartSelect.i14.i28.i32.i32, i28 %mul_ln190_10, i32 7, i32 20" [firmware/nnet_utils/nnet_recurrent.h:190]   --->   Operation 1628 'partselect' 'trunc_ln190_s' <Predicate = true> <Delay = 0.00>
ST_29 : Operation 1629 [1/1] (0.00ns)   --->   "%tmp_712 = bitselect i1 @_ssdm_op_BitSelect.i1.i28.i32, i28 %mul_ln190_10, i32 6" [firmware/nnet_utils/nnet_recurrent.h:190]   --->   Operation 1629 'bitselect' 'tmp_712' <Predicate = true> <Delay = 0.00>
ST_29 : Operation 1630 [1/4] (1.87ns)   --->   "%mul_ln190_11 = mul i28 %sext_ln190_23, i28 %sext_ln190_22" [firmware/nnet_utils/nnet_recurrent.h:190]   --->   Operation 1630 'mul' 'mul_ln190_11' <Predicate = true> <Delay = 1.87> <CoreInst = "Multiplier">   --->   Core 3 'Multiplier' <Latency = 3> <II = 1> <Delay = 1.87> <FuncUnit> <Opcode : 'mul'> <InPorts = 2> <OutPorts = 1>
ST_29 : Operation 1631 [1/1] (0.00ns)   --->   "%trunc_ln190_10 = partselect i14 @_ssdm_op_PartSelect.i14.i28.i32.i32, i28 %mul_ln190_11, i32 7, i32 20" [firmware/nnet_utils/nnet_recurrent.h:190]   --->   Operation 1631 'partselect' 'trunc_ln190_10' <Predicate = true> <Delay = 0.00>
ST_29 : Operation 1632 [1/1] (0.00ns)   --->   "%tmp_713 = bitselect i1 @_ssdm_op_BitSelect.i1.i28.i32, i28 %mul_ln190_11, i32 6" [firmware/nnet_utils/nnet_recurrent.h:190]   --->   Operation 1632 'bitselect' 'tmp_713' <Predicate = true> <Delay = 0.00>
ST_29 : Operation 1633 [1/4] (1.87ns)   --->   "%mul_ln190_12 = mul i28 %sext_ln190_25, i28 %sext_ln190_24" [firmware/nnet_utils/nnet_recurrent.h:190]   --->   Operation 1633 'mul' 'mul_ln190_12' <Predicate = true> <Delay = 1.87> <CoreInst = "Multiplier">   --->   Core 3 'Multiplier' <Latency = 3> <II = 1> <Delay = 1.87> <FuncUnit> <Opcode : 'mul'> <InPorts = 2> <OutPorts = 1>
ST_29 : Operation 1634 [1/1] (0.00ns)   --->   "%trunc_ln190_11 = partselect i14 @_ssdm_op_PartSelect.i14.i28.i32.i32, i28 %mul_ln190_12, i32 7, i32 20" [firmware/nnet_utils/nnet_recurrent.h:190]   --->   Operation 1634 'partselect' 'trunc_ln190_11' <Predicate = true> <Delay = 0.00>
ST_29 : Operation 1635 [1/1] (0.00ns)   --->   "%tmp_714 = bitselect i1 @_ssdm_op_BitSelect.i1.i28.i32, i28 %mul_ln190_12, i32 6" [firmware/nnet_utils/nnet_recurrent.h:190]   --->   Operation 1635 'bitselect' 'tmp_714' <Predicate = true> <Delay = 0.00>
ST_29 : Operation 1636 [1/4] (1.87ns)   --->   "%mul_ln190_13 = mul i28 %sext_ln190_27, i28 %sext_ln190_26" [firmware/nnet_utils/nnet_recurrent.h:190]   --->   Operation 1636 'mul' 'mul_ln190_13' <Predicate = true> <Delay = 1.87> <CoreInst = "Multiplier">   --->   Core 3 'Multiplier' <Latency = 3> <II = 1> <Delay = 1.87> <FuncUnit> <Opcode : 'mul'> <InPorts = 2> <OutPorts = 1>
ST_29 : Operation 1637 [1/1] (0.00ns)   --->   "%trunc_ln190_12 = partselect i14 @_ssdm_op_PartSelect.i14.i28.i32.i32, i28 %mul_ln190_13, i32 7, i32 20" [firmware/nnet_utils/nnet_recurrent.h:190]   --->   Operation 1637 'partselect' 'trunc_ln190_12' <Predicate = true> <Delay = 0.00>
ST_29 : Operation 1638 [1/1] (0.00ns)   --->   "%tmp_715 = bitselect i1 @_ssdm_op_BitSelect.i1.i28.i32, i28 %mul_ln190_13, i32 6" [firmware/nnet_utils/nnet_recurrent.h:190]   --->   Operation 1638 'bitselect' 'tmp_715' <Predicate = true> <Delay = 0.00>
ST_29 : Operation 1639 [1/4] (1.87ns)   --->   "%mul_ln190_14 = mul i28 %sext_ln190_29, i28 %sext_ln190_28" [firmware/nnet_utils/nnet_recurrent.h:190]   --->   Operation 1639 'mul' 'mul_ln190_14' <Predicate = true> <Delay = 1.87> <CoreInst = "Multiplier">   --->   Core 3 'Multiplier' <Latency = 3> <II = 1> <Delay = 1.87> <FuncUnit> <Opcode : 'mul'> <InPorts = 2> <OutPorts = 1>
ST_29 : Operation 1640 [1/1] (0.00ns)   --->   "%trunc_ln190_13 = partselect i14 @_ssdm_op_PartSelect.i14.i28.i32.i32, i28 %mul_ln190_14, i32 7, i32 20" [firmware/nnet_utils/nnet_recurrent.h:190]   --->   Operation 1640 'partselect' 'trunc_ln190_13' <Predicate = true> <Delay = 0.00>
ST_29 : Operation 1641 [1/1] (0.00ns)   --->   "%tmp_716 = bitselect i1 @_ssdm_op_BitSelect.i1.i28.i32, i28 %mul_ln190_14, i32 6" [firmware/nnet_utils/nnet_recurrent.h:190]   --->   Operation 1641 'bitselect' 'tmp_716' <Predicate = true> <Delay = 0.00>
ST_29 : Operation 1642 [1/4] (1.87ns)   --->   "%mul_ln190_15 = mul i28 %sext_ln190_31, i28 %sext_ln190_30" [firmware/nnet_utils/nnet_recurrent.h:190]   --->   Operation 1642 'mul' 'mul_ln190_15' <Predicate = true> <Delay = 1.87> <CoreInst = "Multiplier">   --->   Core 3 'Multiplier' <Latency = 3> <II = 1> <Delay = 1.87> <FuncUnit> <Opcode : 'mul'> <InPorts = 2> <OutPorts = 1>
ST_29 : Operation 1643 [1/1] (0.00ns)   --->   "%trunc_ln190_14 = partselect i14 @_ssdm_op_PartSelect.i14.i28.i32.i32, i28 %mul_ln190_15, i32 7, i32 20" [firmware/nnet_utils/nnet_recurrent.h:190]   --->   Operation 1643 'partselect' 'trunc_ln190_14' <Predicate = true> <Delay = 0.00>
ST_29 : Operation 1644 [1/1] (0.00ns)   --->   "%tmp_717 = bitselect i1 @_ssdm_op_BitSelect.i1.i28.i32, i28 %mul_ln190_15, i32 6" [firmware/nnet_utils/nnet_recurrent.h:190]   --->   Operation 1644 'bitselect' 'tmp_717' <Predicate = true> <Delay = 0.00>
ST_29 : Operation 1645 [1/4] (1.87ns)   --->   "%mul_ln190_16 = mul i28 %sext_ln190_33, i28 %sext_ln190_32" [firmware/nnet_utils/nnet_recurrent.h:190]   --->   Operation 1645 'mul' 'mul_ln190_16' <Predicate = true> <Delay = 1.87> <CoreInst = "Multiplier">   --->   Core 3 'Multiplier' <Latency = 3> <II = 1> <Delay = 1.87> <FuncUnit> <Opcode : 'mul'> <InPorts = 2> <OutPorts = 1>
ST_29 : Operation 1646 [1/1] (0.00ns)   --->   "%trunc_ln190_15 = partselect i14 @_ssdm_op_PartSelect.i14.i28.i32.i32, i28 %mul_ln190_16, i32 7, i32 20" [firmware/nnet_utils/nnet_recurrent.h:190]   --->   Operation 1646 'partselect' 'trunc_ln190_15' <Predicate = true> <Delay = 0.00>
ST_29 : Operation 1647 [1/1] (0.00ns)   --->   "%tmp_718 = bitselect i1 @_ssdm_op_BitSelect.i1.i28.i32, i28 %mul_ln190_16, i32 6" [firmware/nnet_utils/nnet_recurrent.h:190]   --->   Operation 1647 'bitselect' 'tmp_718' <Predicate = true> <Delay = 0.00>
ST_29 : Operation 1648 [1/4] (1.87ns)   --->   "%mul_ln190_17 = mul i28 %sext_ln190_35, i28 %sext_ln190_34" [firmware/nnet_utils/nnet_recurrent.h:190]   --->   Operation 1648 'mul' 'mul_ln190_17' <Predicate = true> <Delay = 1.87> <CoreInst = "Multiplier">   --->   Core 3 'Multiplier' <Latency = 3> <II = 1> <Delay = 1.87> <FuncUnit> <Opcode : 'mul'> <InPorts = 2> <OutPorts = 1>
ST_29 : Operation 1649 [1/1] (0.00ns)   --->   "%trunc_ln190_16 = partselect i14 @_ssdm_op_PartSelect.i14.i28.i32.i32, i28 %mul_ln190_17, i32 7, i32 20" [firmware/nnet_utils/nnet_recurrent.h:190]   --->   Operation 1649 'partselect' 'trunc_ln190_16' <Predicate = true> <Delay = 0.00>
ST_29 : Operation 1650 [1/1] (0.00ns)   --->   "%tmp_719 = bitselect i1 @_ssdm_op_BitSelect.i1.i28.i32, i28 %mul_ln190_17, i32 6" [firmware/nnet_utils/nnet_recurrent.h:190]   --->   Operation 1650 'bitselect' 'tmp_719' <Predicate = true> <Delay = 0.00>
ST_29 : Operation 1651 [1/4] (1.87ns)   --->   "%mul_ln190_18 = mul i28 %sext_ln190_37, i28 %sext_ln190_36" [firmware/nnet_utils/nnet_recurrent.h:190]   --->   Operation 1651 'mul' 'mul_ln190_18' <Predicate = true> <Delay = 1.87> <CoreInst = "Multiplier">   --->   Core 3 'Multiplier' <Latency = 3> <II = 1> <Delay = 1.87> <FuncUnit> <Opcode : 'mul'> <InPorts = 2> <OutPorts = 1>
ST_29 : Operation 1652 [1/1] (0.00ns)   --->   "%trunc_ln190_17 = partselect i14 @_ssdm_op_PartSelect.i14.i28.i32.i32, i28 %mul_ln190_18, i32 7, i32 20" [firmware/nnet_utils/nnet_recurrent.h:190]   --->   Operation 1652 'partselect' 'trunc_ln190_17' <Predicate = true> <Delay = 0.00>
ST_29 : Operation 1653 [1/1] (0.00ns)   --->   "%tmp_720 = bitselect i1 @_ssdm_op_BitSelect.i1.i28.i32, i28 %mul_ln190_18, i32 6" [firmware/nnet_utils/nnet_recurrent.h:190]   --->   Operation 1653 'bitselect' 'tmp_720' <Predicate = true> <Delay = 0.00>
ST_29 : Operation 1654 [1/4] (1.87ns)   --->   "%mul_ln190_19 = mul i28 %sext_ln190_39, i28 %sext_ln190_38" [firmware/nnet_utils/nnet_recurrent.h:190]   --->   Operation 1654 'mul' 'mul_ln190_19' <Predicate = true> <Delay = 1.87> <CoreInst = "Multiplier">   --->   Core 3 'Multiplier' <Latency = 3> <II = 1> <Delay = 1.87> <FuncUnit> <Opcode : 'mul'> <InPorts = 2> <OutPorts = 1>
ST_29 : Operation 1655 [1/1] (0.00ns)   --->   "%trunc_ln190_18 = partselect i14 @_ssdm_op_PartSelect.i14.i28.i32.i32, i28 %mul_ln190_19, i32 7, i32 20" [firmware/nnet_utils/nnet_recurrent.h:190]   --->   Operation 1655 'partselect' 'trunc_ln190_18' <Predicate = true> <Delay = 0.00>
ST_29 : Operation 1656 [1/1] (0.00ns)   --->   "%tmp_721 = bitselect i1 @_ssdm_op_BitSelect.i1.i28.i32, i28 %mul_ln190_19, i32 6" [firmware/nnet_utils/nnet_recurrent.h:190]   --->   Operation 1656 'bitselect' 'tmp_721' <Predicate = true> <Delay = 0.00>
ST_29 : Operation 1657 [1/4] (1.87ns)   --->   "%mul_ln190_20 = mul i28 %sext_ln190_41, i28 %sext_ln190_40" [firmware/nnet_utils/nnet_recurrent.h:190]   --->   Operation 1657 'mul' 'mul_ln190_20' <Predicate = true> <Delay = 1.87> <CoreInst = "Multiplier">   --->   Core 3 'Multiplier' <Latency = 3> <II = 1> <Delay = 1.87> <FuncUnit> <Opcode : 'mul'> <InPorts = 2> <OutPorts = 1>
ST_29 : Operation 1658 [1/1] (0.00ns)   --->   "%trunc_ln190_19 = partselect i14 @_ssdm_op_PartSelect.i14.i28.i32.i32, i28 %mul_ln190_20, i32 7, i32 20" [firmware/nnet_utils/nnet_recurrent.h:190]   --->   Operation 1658 'partselect' 'trunc_ln190_19' <Predicate = true> <Delay = 0.00>
ST_29 : Operation 1659 [1/1] (0.00ns)   --->   "%tmp_722 = bitselect i1 @_ssdm_op_BitSelect.i1.i28.i32, i28 %mul_ln190_20, i32 6" [firmware/nnet_utils/nnet_recurrent.h:190]   --->   Operation 1659 'bitselect' 'tmp_722' <Predicate = true> <Delay = 0.00>
ST_29 : Operation 1660 [1/4] (1.87ns)   --->   "%mul_ln190_21 = mul i28 %sext_ln190_43, i28 %sext_ln190_42" [firmware/nnet_utils/nnet_recurrent.h:190]   --->   Operation 1660 'mul' 'mul_ln190_21' <Predicate = true> <Delay = 1.87> <CoreInst = "Multiplier">   --->   Core 3 'Multiplier' <Latency = 3> <II = 1> <Delay = 1.87> <FuncUnit> <Opcode : 'mul'> <InPorts = 2> <OutPorts = 1>
ST_29 : Operation 1661 [1/1] (0.00ns)   --->   "%trunc_ln190_20 = partselect i14 @_ssdm_op_PartSelect.i14.i28.i32.i32, i28 %mul_ln190_21, i32 7, i32 20" [firmware/nnet_utils/nnet_recurrent.h:190]   --->   Operation 1661 'partselect' 'trunc_ln190_20' <Predicate = true> <Delay = 0.00>
ST_29 : Operation 1662 [1/1] (0.00ns)   --->   "%tmp_723 = bitselect i1 @_ssdm_op_BitSelect.i1.i28.i32, i28 %mul_ln190_21, i32 6" [firmware/nnet_utils/nnet_recurrent.h:190]   --->   Operation 1662 'bitselect' 'tmp_723' <Predicate = true> <Delay = 0.00>
ST_29 : Operation 1663 [1/4] (1.87ns)   --->   "%mul_ln190_22 = mul i28 %sext_ln190_45, i28 %sext_ln190_44" [firmware/nnet_utils/nnet_recurrent.h:190]   --->   Operation 1663 'mul' 'mul_ln190_22' <Predicate = true> <Delay = 1.87> <CoreInst = "Multiplier">   --->   Core 3 'Multiplier' <Latency = 3> <II = 1> <Delay = 1.87> <FuncUnit> <Opcode : 'mul'> <InPorts = 2> <OutPorts = 1>
ST_29 : Operation 1664 [1/1] (0.00ns)   --->   "%trunc_ln190_21 = partselect i14 @_ssdm_op_PartSelect.i14.i28.i32.i32, i28 %mul_ln190_22, i32 7, i32 20" [firmware/nnet_utils/nnet_recurrent.h:190]   --->   Operation 1664 'partselect' 'trunc_ln190_21' <Predicate = true> <Delay = 0.00>
ST_29 : Operation 1665 [1/1] (0.00ns)   --->   "%tmp_724 = bitselect i1 @_ssdm_op_BitSelect.i1.i28.i32, i28 %mul_ln190_22, i32 6" [firmware/nnet_utils/nnet_recurrent.h:190]   --->   Operation 1665 'bitselect' 'tmp_724' <Predicate = true> <Delay = 0.00>
ST_29 : Operation 1666 [1/4] (1.87ns)   --->   "%mul_ln190_23 = mul i28 %sext_ln190_47, i28 %sext_ln190_46" [firmware/nnet_utils/nnet_recurrent.h:190]   --->   Operation 1666 'mul' 'mul_ln190_23' <Predicate = true> <Delay = 1.87> <CoreInst = "Multiplier">   --->   Core 3 'Multiplier' <Latency = 3> <II = 1> <Delay = 1.87> <FuncUnit> <Opcode : 'mul'> <InPorts = 2> <OutPorts = 1>
ST_29 : Operation 1667 [1/1] (0.00ns)   --->   "%trunc_ln190_22 = partselect i14 @_ssdm_op_PartSelect.i14.i28.i32.i32, i28 %mul_ln190_23, i32 7, i32 20" [firmware/nnet_utils/nnet_recurrent.h:190]   --->   Operation 1667 'partselect' 'trunc_ln190_22' <Predicate = true> <Delay = 0.00>
ST_29 : Operation 1668 [1/1] (0.00ns)   --->   "%tmp_725 = bitselect i1 @_ssdm_op_BitSelect.i1.i28.i32, i28 %mul_ln190_23, i32 6" [firmware/nnet_utils/nnet_recurrent.h:190]   --->   Operation 1668 'bitselect' 'tmp_725' <Predicate = true> <Delay = 0.00>
ST_29 : Operation 1669 [1/4] (1.87ns)   --->   "%mul_ln190_24 = mul i28 %sext_ln190_49, i28 %sext_ln190_48" [firmware/nnet_utils/nnet_recurrent.h:190]   --->   Operation 1669 'mul' 'mul_ln190_24' <Predicate = true> <Delay = 1.87> <CoreInst = "Multiplier">   --->   Core 3 'Multiplier' <Latency = 3> <II = 1> <Delay = 1.87> <FuncUnit> <Opcode : 'mul'> <InPorts = 2> <OutPorts = 1>
ST_29 : Operation 1670 [1/1] (0.00ns)   --->   "%trunc_ln190_23 = partselect i14 @_ssdm_op_PartSelect.i14.i28.i32.i32, i28 %mul_ln190_24, i32 7, i32 20" [firmware/nnet_utils/nnet_recurrent.h:190]   --->   Operation 1670 'partselect' 'trunc_ln190_23' <Predicate = true> <Delay = 0.00>
ST_29 : Operation 1671 [1/1] (0.00ns)   --->   "%tmp_726 = bitselect i1 @_ssdm_op_BitSelect.i1.i28.i32, i28 %mul_ln190_24, i32 6" [firmware/nnet_utils/nnet_recurrent.h:190]   --->   Operation 1671 'bitselect' 'tmp_726' <Predicate = true> <Delay = 0.00>
ST_29 : Operation 1672 [1/4] (1.87ns)   --->   "%mul_ln190_25 = mul i28 %sext_ln190_51, i28 %sext_ln190_50" [firmware/nnet_utils/nnet_recurrent.h:190]   --->   Operation 1672 'mul' 'mul_ln190_25' <Predicate = true> <Delay = 1.87> <CoreInst = "Multiplier">   --->   Core 3 'Multiplier' <Latency = 3> <II = 1> <Delay = 1.87> <FuncUnit> <Opcode : 'mul'> <InPorts = 2> <OutPorts = 1>
ST_29 : Operation 1673 [1/1] (0.00ns)   --->   "%trunc_ln190_24 = partselect i14 @_ssdm_op_PartSelect.i14.i28.i32.i32, i28 %mul_ln190_25, i32 7, i32 20" [firmware/nnet_utils/nnet_recurrent.h:190]   --->   Operation 1673 'partselect' 'trunc_ln190_24' <Predicate = true> <Delay = 0.00>
ST_29 : Operation 1674 [1/1] (0.00ns)   --->   "%tmp_727 = bitselect i1 @_ssdm_op_BitSelect.i1.i28.i32, i28 %mul_ln190_25, i32 6" [firmware/nnet_utils/nnet_recurrent.h:190]   --->   Operation 1674 'bitselect' 'tmp_727' <Predicate = true> <Delay = 0.00>
ST_29 : Operation 1675 [1/4] (1.87ns)   --->   "%mul_ln190_26 = mul i28 %sext_ln190_53, i28 %sext_ln190_52" [firmware/nnet_utils/nnet_recurrent.h:190]   --->   Operation 1675 'mul' 'mul_ln190_26' <Predicate = true> <Delay = 1.87> <CoreInst = "Multiplier">   --->   Core 3 'Multiplier' <Latency = 3> <II = 1> <Delay = 1.87> <FuncUnit> <Opcode : 'mul'> <InPorts = 2> <OutPorts = 1>
ST_29 : Operation 1676 [1/1] (0.00ns)   --->   "%trunc_ln190_25 = partselect i14 @_ssdm_op_PartSelect.i14.i28.i32.i32, i28 %mul_ln190_26, i32 7, i32 20" [firmware/nnet_utils/nnet_recurrent.h:190]   --->   Operation 1676 'partselect' 'trunc_ln190_25' <Predicate = true> <Delay = 0.00>
ST_29 : Operation 1677 [1/1] (0.00ns)   --->   "%tmp_728 = bitselect i1 @_ssdm_op_BitSelect.i1.i28.i32, i28 %mul_ln190_26, i32 6" [firmware/nnet_utils/nnet_recurrent.h:190]   --->   Operation 1677 'bitselect' 'tmp_728' <Predicate = true> <Delay = 0.00>
ST_29 : Operation 1678 [1/4] (1.87ns)   --->   "%mul_ln190_27 = mul i28 %sext_ln190_55, i28 %sext_ln190_54" [firmware/nnet_utils/nnet_recurrent.h:190]   --->   Operation 1678 'mul' 'mul_ln190_27' <Predicate = true> <Delay = 1.87> <CoreInst = "Multiplier">   --->   Core 3 'Multiplier' <Latency = 3> <II = 1> <Delay = 1.87> <FuncUnit> <Opcode : 'mul'> <InPorts = 2> <OutPorts = 1>
ST_29 : Operation 1679 [1/1] (0.00ns)   --->   "%trunc_ln190_26 = partselect i14 @_ssdm_op_PartSelect.i14.i28.i32.i32, i28 %mul_ln190_27, i32 7, i32 20" [firmware/nnet_utils/nnet_recurrent.h:190]   --->   Operation 1679 'partselect' 'trunc_ln190_26' <Predicate = true> <Delay = 0.00>
ST_29 : Operation 1680 [1/1] (0.00ns)   --->   "%tmp_729 = bitselect i1 @_ssdm_op_BitSelect.i1.i28.i32, i28 %mul_ln190_27, i32 6" [firmware/nnet_utils/nnet_recurrent.h:190]   --->   Operation 1680 'bitselect' 'tmp_729' <Predicate = true> <Delay = 0.00>
ST_29 : Operation 1681 [1/4] (1.87ns)   --->   "%mul_ln190_28 = mul i28 %sext_ln190_57, i28 %sext_ln190_56" [firmware/nnet_utils/nnet_recurrent.h:190]   --->   Operation 1681 'mul' 'mul_ln190_28' <Predicate = true> <Delay = 1.87> <CoreInst = "Multiplier">   --->   Core 3 'Multiplier' <Latency = 3> <II = 1> <Delay = 1.87> <FuncUnit> <Opcode : 'mul'> <InPorts = 2> <OutPorts = 1>
ST_29 : Operation 1682 [1/1] (0.00ns)   --->   "%trunc_ln190_27 = partselect i14 @_ssdm_op_PartSelect.i14.i28.i32.i32, i28 %mul_ln190_28, i32 7, i32 20" [firmware/nnet_utils/nnet_recurrent.h:190]   --->   Operation 1682 'partselect' 'trunc_ln190_27' <Predicate = true> <Delay = 0.00>
ST_29 : Operation 1683 [1/1] (0.00ns)   --->   "%tmp_730 = bitselect i1 @_ssdm_op_BitSelect.i1.i28.i32, i28 %mul_ln190_28, i32 6" [firmware/nnet_utils/nnet_recurrent.h:190]   --->   Operation 1683 'bitselect' 'tmp_730' <Predicate = true> <Delay = 0.00>
ST_29 : Operation 1684 [1/4] (1.87ns)   --->   "%mul_ln190_29 = mul i28 %sext_ln190_59, i28 %sext_ln190_58" [firmware/nnet_utils/nnet_recurrent.h:190]   --->   Operation 1684 'mul' 'mul_ln190_29' <Predicate = true> <Delay = 1.87> <CoreInst = "Multiplier">   --->   Core 3 'Multiplier' <Latency = 3> <II = 1> <Delay = 1.87> <FuncUnit> <Opcode : 'mul'> <InPorts = 2> <OutPorts = 1>
ST_29 : Operation 1685 [1/1] (0.00ns)   --->   "%trunc_ln190_28 = partselect i14 @_ssdm_op_PartSelect.i14.i28.i32.i32, i28 %mul_ln190_29, i32 7, i32 20" [firmware/nnet_utils/nnet_recurrent.h:190]   --->   Operation 1685 'partselect' 'trunc_ln190_28' <Predicate = true> <Delay = 0.00>
ST_29 : Operation 1686 [1/1] (0.00ns)   --->   "%tmp_731 = bitselect i1 @_ssdm_op_BitSelect.i1.i28.i32, i28 %mul_ln190_29, i32 6" [firmware/nnet_utils/nnet_recurrent.h:190]   --->   Operation 1686 'bitselect' 'tmp_731' <Predicate = true> <Delay = 0.00>
ST_29 : Operation 1687 [1/4] (1.87ns)   --->   "%mul_ln190_30 = mul i28 %sext_ln190_61, i28 %sext_ln190_60" [firmware/nnet_utils/nnet_recurrent.h:190]   --->   Operation 1687 'mul' 'mul_ln190_30' <Predicate = true> <Delay = 1.87> <CoreInst = "Multiplier">   --->   Core 3 'Multiplier' <Latency = 3> <II = 1> <Delay = 1.87> <FuncUnit> <Opcode : 'mul'> <InPorts = 2> <OutPorts = 1>
ST_29 : Operation 1688 [1/1] (0.00ns)   --->   "%trunc_ln190_29 = partselect i14 @_ssdm_op_PartSelect.i14.i28.i32.i32, i28 %mul_ln190_30, i32 7, i32 20" [firmware/nnet_utils/nnet_recurrent.h:190]   --->   Operation 1688 'partselect' 'trunc_ln190_29' <Predicate = true> <Delay = 0.00>
ST_29 : Operation 1689 [1/1] (0.00ns)   --->   "%tmp_732 = bitselect i1 @_ssdm_op_BitSelect.i1.i28.i32, i28 %mul_ln190_30, i32 6" [firmware/nnet_utils/nnet_recurrent.h:190]   --->   Operation 1689 'bitselect' 'tmp_732' <Predicate = true> <Delay = 0.00>
ST_29 : Operation 1690 [1/4] (1.87ns)   --->   "%mul_ln190_31 = mul i28 %sext_ln190_63, i28 %sext_ln190_62" [firmware/nnet_utils/nnet_recurrent.h:190]   --->   Operation 1690 'mul' 'mul_ln190_31' <Predicate = true> <Delay = 1.87> <CoreInst = "Multiplier">   --->   Core 3 'Multiplier' <Latency = 3> <II = 1> <Delay = 1.87> <FuncUnit> <Opcode : 'mul'> <InPorts = 2> <OutPorts = 1>
ST_29 : Operation 1691 [1/1] (0.00ns)   --->   "%trunc_ln190_30 = partselect i14 @_ssdm_op_PartSelect.i14.i28.i32.i32, i28 %mul_ln190_31, i32 7, i32 20" [firmware/nnet_utils/nnet_recurrent.h:190]   --->   Operation 1691 'partselect' 'trunc_ln190_30' <Predicate = true> <Delay = 0.00>
ST_29 : Operation 1692 [1/1] (0.00ns)   --->   "%tmp_733 = bitselect i1 @_ssdm_op_BitSelect.i1.i28.i32, i28 %mul_ln190_31, i32 6" [firmware/nnet_utils/nnet_recurrent.h:190]   --->   Operation 1692 'bitselect' 'tmp_733' <Predicate = true> <Delay = 0.00>

State 30 <SV = 29> <Delay = 2.13>
ST_30 : Operation 1693 [1/1] (0.00ns)   --->   "%zext_ln190 = zext i1 %tmp_702" [firmware/nnet_utils/nnet_recurrent.h:190]   --->   Operation 1693 'zext' 'zext_ln190' <Predicate = true> <Delay = 0.00>
ST_30 : Operation 1694 [1/1] (2.13ns)   --->   "%add_ln190 = add i14 %trunc_ln2, i14 %zext_ln190" [firmware/nnet_utils/nnet_recurrent.h:190]   --->   Operation 1694 'add' 'add_ln190' <Predicate = true> <Delay = 2.13> <CoreInst = "Adder">   --->   Core 1 'Adder' <Latency = 0> <II = 1> <Delay = 2.13> <FuncUnit> <Opcode : 'add' 'sub'> <InPorts = 2> <OutPorts = 1>
ST_30 : Operation 1695 [1/1] (0.00ns)   --->   "%zext_ln190_1 = zext i1 %tmp_703" [firmware/nnet_utils/nnet_recurrent.h:190]   --->   Operation 1695 'zext' 'zext_ln190_1' <Predicate = true> <Delay = 0.00>
ST_30 : Operation 1696 [1/1] (2.13ns)   --->   "%add_ln190_1 = add i14 %trunc_ln190_1, i14 %zext_ln190_1" [firmware/nnet_utils/nnet_recurrent.h:190]   --->   Operation 1696 'add' 'add_ln190_1' <Predicate = true> <Delay = 2.13> <CoreInst = "Adder">   --->   Core 1 'Adder' <Latency = 0> <II = 1> <Delay = 2.13> <FuncUnit> <Opcode : 'add' 'sub'> <InPorts = 2> <OutPorts = 1>
ST_30 : Operation 1697 [1/1] (0.00ns)   --->   "%zext_ln190_2 = zext i1 %tmp_704" [firmware/nnet_utils/nnet_recurrent.h:190]   --->   Operation 1697 'zext' 'zext_ln190_2' <Predicate = true> <Delay = 0.00>
ST_30 : Operation 1698 [1/1] (2.13ns)   --->   "%add_ln190_2 = add i14 %trunc_ln190_2, i14 %zext_ln190_2" [firmware/nnet_utils/nnet_recurrent.h:190]   --->   Operation 1698 'add' 'add_ln190_2' <Predicate = true> <Delay = 2.13> <CoreInst = "Adder">   --->   Core 1 'Adder' <Latency = 0> <II = 1> <Delay = 2.13> <FuncUnit> <Opcode : 'add' 'sub'> <InPorts = 2> <OutPorts = 1>
ST_30 : Operation 1699 [1/1] (0.00ns)   --->   "%zext_ln190_3 = zext i1 %tmp_705" [firmware/nnet_utils/nnet_recurrent.h:190]   --->   Operation 1699 'zext' 'zext_ln190_3' <Predicate = true> <Delay = 0.00>
ST_30 : Operation 1700 [1/1] (2.13ns)   --->   "%add_ln190_3 = add i14 %trunc_ln190_3, i14 %zext_ln190_3" [firmware/nnet_utils/nnet_recurrent.h:190]   --->   Operation 1700 'add' 'add_ln190_3' <Predicate = true> <Delay = 2.13> <CoreInst = "Adder">   --->   Core 1 'Adder' <Latency = 0> <II = 1> <Delay = 2.13> <FuncUnit> <Opcode : 'add' 'sub'> <InPorts = 2> <OutPorts = 1>
ST_30 : Operation 1701 [1/1] (0.00ns)   --->   "%zext_ln190_4 = zext i1 %tmp_706" [firmware/nnet_utils/nnet_recurrent.h:190]   --->   Operation 1701 'zext' 'zext_ln190_4' <Predicate = true> <Delay = 0.00>
ST_30 : Operation 1702 [1/1] (2.13ns)   --->   "%add_ln190_4 = add i14 %trunc_ln190_4, i14 %zext_ln190_4" [firmware/nnet_utils/nnet_recurrent.h:190]   --->   Operation 1702 'add' 'add_ln190_4' <Predicate = true> <Delay = 2.13> <CoreInst = "Adder">   --->   Core 1 'Adder' <Latency = 0> <II = 1> <Delay = 2.13> <FuncUnit> <Opcode : 'add' 'sub'> <InPorts = 2> <OutPorts = 1>
ST_30 : Operation 1703 [1/1] (0.00ns)   --->   "%zext_ln190_5 = zext i1 %tmp_707" [firmware/nnet_utils/nnet_recurrent.h:190]   --->   Operation 1703 'zext' 'zext_ln190_5' <Predicate = true> <Delay = 0.00>
ST_30 : Operation 1704 [1/1] (2.13ns)   --->   "%add_ln190_5 = add i14 %trunc_ln190_5, i14 %zext_ln190_5" [firmware/nnet_utils/nnet_recurrent.h:190]   --->   Operation 1704 'add' 'add_ln190_5' <Predicate = true> <Delay = 2.13> <CoreInst = "Adder">   --->   Core 1 'Adder' <Latency = 0> <II = 1> <Delay = 2.13> <FuncUnit> <Opcode : 'add' 'sub'> <InPorts = 2> <OutPorts = 1>
ST_30 : Operation 1705 [1/1] (0.00ns)   --->   "%zext_ln190_6 = zext i1 %tmp_708" [firmware/nnet_utils/nnet_recurrent.h:190]   --->   Operation 1705 'zext' 'zext_ln190_6' <Predicate = true> <Delay = 0.00>
ST_30 : Operation 1706 [1/1] (2.13ns)   --->   "%add_ln190_6 = add i14 %trunc_ln190_6, i14 %zext_ln190_6" [firmware/nnet_utils/nnet_recurrent.h:190]   --->   Operation 1706 'add' 'add_ln190_6' <Predicate = true> <Delay = 2.13> <CoreInst = "Adder">   --->   Core 1 'Adder' <Latency = 0> <II = 1> <Delay = 2.13> <FuncUnit> <Opcode : 'add' 'sub'> <InPorts = 2> <OutPorts = 1>
ST_30 : Operation 1707 [1/1] (0.00ns)   --->   "%zext_ln190_7 = zext i1 %tmp_709" [firmware/nnet_utils/nnet_recurrent.h:190]   --->   Operation 1707 'zext' 'zext_ln190_7' <Predicate = true> <Delay = 0.00>
ST_30 : Operation 1708 [1/1] (2.13ns)   --->   "%add_ln190_7 = add i14 %trunc_ln190_7, i14 %zext_ln190_7" [firmware/nnet_utils/nnet_recurrent.h:190]   --->   Operation 1708 'add' 'add_ln190_7' <Predicate = true> <Delay = 2.13> <CoreInst = "Adder">   --->   Core 1 'Adder' <Latency = 0> <II = 1> <Delay = 2.13> <FuncUnit> <Opcode : 'add' 'sub'> <InPorts = 2> <OutPorts = 1>
ST_30 : Operation 1709 [1/1] (0.00ns)   --->   "%zext_ln190_8 = zext i1 %tmp_710" [firmware/nnet_utils/nnet_recurrent.h:190]   --->   Operation 1709 'zext' 'zext_ln190_8' <Predicate = true> <Delay = 0.00>
ST_30 : Operation 1710 [1/1] (2.13ns)   --->   "%add_ln190_8 = add i14 %trunc_ln190_8, i14 %zext_ln190_8" [firmware/nnet_utils/nnet_recurrent.h:190]   --->   Operation 1710 'add' 'add_ln190_8' <Predicate = true> <Delay = 2.13> <CoreInst = "Adder">   --->   Core 1 'Adder' <Latency = 0> <II = 1> <Delay = 2.13> <FuncUnit> <Opcode : 'add' 'sub'> <InPorts = 2> <OutPorts = 1>
ST_30 : Operation 1711 [1/1] (0.00ns)   --->   "%zext_ln190_9 = zext i1 %tmp_711" [firmware/nnet_utils/nnet_recurrent.h:190]   --->   Operation 1711 'zext' 'zext_ln190_9' <Predicate = true> <Delay = 0.00>
ST_30 : Operation 1712 [1/1] (2.13ns)   --->   "%add_ln190_9 = add i14 %trunc_ln190_9, i14 %zext_ln190_9" [firmware/nnet_utils/nnet_recurrent.h:190]   --->   Operation 1712 'add' 'add_ln190_9' <Predicate = true> <Delay = 2.13> <CoreInst = "Adder">   --->   Core 1 'Adder' <Latency = 0> <II = 1> <Delay = 2.13> <FuncUnit> <Opcode : 'add' 'sub'> <InPorts = 2> <OutPorts = 1>
ST_30 : Operation 1713 [1/1] (0.00ns)   --->   "%zext_ln190_10 = zext i1 %tmp_712" [firmware/nnet_utils/nnet_recurrent.h:190]   --->   Operation 1713 'zext' 'zext_ln190_10' <Predicate = true> <Delay = 0.00>
ST_30 : Operation 1714 [1/1] (2.13ns)   --->   "%add_ln190_10 = add i14 %trunc_ln190_s, i14 %zext_ln190_10" [firmware/nnet_utils/nnet_recurrent.h:190]   --->   Operation 1714 'add' 'add_ln190_10' <Predicate = true> <Delay = 2.13> <CoreInst = "Adder">   --->   Core 1 'Adder' <Latency = 0> <II = 1> <Delay = 2.13> <FuncUnit> <Opcode : 'add' 'sub'> <InPorts = 2> <OutPorts = 1>
ST_30 : Operation 1715 [1/1] (0.00ns)   --->   "%zext_ln190_11 = zext i1 %tmp_713" [firmware/nnet_utils/nnet_recurrent.h:190]   --->   Operation 1715 'zext' 'zext_ln190_11' <Predicate = true> <Delay = 0.00>
ST_30 : Operation 1716 [1/1] (2.13ns)   --->   "%add_ln190_11 = add i14 %trunc_ln190_10, i14 %zext_ln190_11" [firmware/nnet_utils/nnet_recurrent.h:190]   --->   Operation 1716 'add' 'add_ln190_11' <Predicate = true> <Delay = 2.13> <CoreInst = "Adder">   --->   Core 1 'Adder' <Latency = 0> <II = 1> <Delay = 2.13> <FuncUnit> <Opcode : 'add' 'sub'> <InPorts = 2> <OutPorts = 1>
ST_30 : Operation 1717 [1/1] (0.00ns)   --->   "%zext_ln190_12 = zext i1 %tmp_714" [firmware/nnet_utils/nnet_recurrent.h:190]   --->   Operation 1717 'zext' 'zext_ln190_12' <Predicate = true> <Delay = 0.00>
ST_30 : Operation 1718 [1/1] (2.13ns)   --->   "%add_ln190_12 = add i14 %trunc_ln190_11, i14 %zext_ln190_12" [firmware/nnet_utils/nnet_recurrent.h:190]   --->   Operation 1718 'add' 'add_ln190_12' <Predicate = true> <Delay = 2.13> <CoreInst = "Adder">   --->   Core 1 'Adder' <Latency = 0> <II = 1> <Delay = 2.13> <FuncUnit> <Opcode : 'add' 'sub'> <InPorts = 2> <OutPorts = 1>
ST_30 : Operation 1719 [1/1] (0.00ns)   --->   "%zext_ln190_13 = zext i1 %tmp_715" [firmware/nnet_utils/nnet_recurrent.h:190]   --->   Operation 1719 'zext' 'zext_ln190_13' <Predicate = true> <Delay = 0.00>
ST_30 : Operation 1720 [1/1] (2.13ns)   --->   "%add_ln190_13 = add i14 %trunc_ln190_12, i14 %zext_ln190_13" [firmware/nnet_utils/nnet_recurrent.h:190]   --->   Operation 1720 'add' 'add_ln190_13' <Predicate = true> <Delay = 2.13> <CoreInst = "Adder">   --->   Core 1 'Adder' <Latency = 0> <II = 1> <Delay = 2.13> <FuncUnit> <Opcode : 'add' 'sub'> <InPorts = 2> <OutPorts = 1>
ST_30 : Operation 1721 [1/1] (0.00ns)   --->   "%zext_ln190_14 = zext i1 %tmp_716" [firmware/nnet_utils/nnet_recurrent.h:190]   --->   Operation 1721 'zext' 'zext_ln190_14' <Predicate = true> <Delay = 0.00>
ST_30 : Operation 1722 [1/1] (2.13ns)   --->   "%add_ln190_14 = add i14 %trunc_ln190_13, i14 %zext_ln190_14" [firmware/nnet_utils/nnet_recurrent.h:190]   --->   Operation 1722 'add' 'add_ln190_14' <Predicate = true> <Delay = 2.13> <CoreInst = "Adder">   --->   Core 1 'Adder' <Latency = 0> <II = 1> <Delay = 2.13> <FuncUnit> <Opcode : 'add' 'sub'> <InPorts = 2> <OutPorts = 1>
ST_30 : Operation 1723 [1/1] (0.00ns)   --->   "%zext_ln190_15 = zext i1 %tmp_717" [firmware/nnet_utils/nnet_recurrent.h:190]   --->   Operation 1723 'zext' 'zext_ln190_15' <Predicate = true> <Delay = 0.00>
ST_30 : Operation 1724 [1/1] (2.13ns)   --->   "%add_ln190_15 = add i14 %trunc_ln190_14, i14 %zext_ln190_15" [firmware/nnet_utils/nnet_recurrent.h:190]   --->   Operation 1724 'add' 'add_ln190_15' <Predicate = true> <Delay = 2.13> <CoreInst = "Adder">   --->   Core 1 'Adder' <Latency = 0> <II = 1> <Delay = 2.13> <FuncUnit> <Opcode : 'add' 'sub'> <InPorts = 2> <OutPorts = 1>
ST_30 : Operation 1725 [1/1] (0.00ns)   --->   "%zext_ln190_16 = zext i1 %tmp_718" [firmware/nnet_utils/nnet_recurrent.h:190]   --->   Operation 1725 'zext' 'zext_ln190_16' <Predicate = true> <Delay = 0.00>
ST_30 : Operation 1726 [1/1] (2.13ns)   --->   "%add_ln190_16 = add i14 %trunc_ln190_15, i14 %zext_ln190_16" [firmware/nnet_utils/nnet_recurrent.h:190]   --->   Operation 1726 'add' 'add_ln190_16' <Predicate = true> <Delay = 2.13> <CoreInst = "Adder">   --->   Core 1 'Adder' <Latency = 0> <II = 1> <Delay = 2.13> <FuncUnit> <Opcode : 'add' 'sub'> <InPorts = 2> <OutPorts = 1>
ST_30 : Operation 1727 [1/1] (0.00ns)   --->   "%zext_ln190_17 = zext i1 %tmp_719" [firmware/nnet_utils/nnet_recurrent.h:190]   --->   Operation 1727 'zext' 'zext_ln190_17' <Predicate = true> <Delay = 0.00>
ST_30 : Operation 1728 [1/1] (2.13ns)   --->   "%add_ln190_17 = add i14 %trunc_ln190_16, i14 %zext_ln190_17" [firmware/nnet_utils/nnet_recurrent.h:190]   --->   Operation 1728 'add' 'add_ln190_17' <Predicate = true> <Delay = 2.13> <CoreInst = "Adder">   --->   Core 1 'Adder' <Latency = 0> <II = 1> <Delay = 2.13> <FuncUnit> <Opcode : 'add' 'sub'> <InPorts = 2> <OutPorts = 1>
ST_30 : Operation 1729 [1/1] (0.00ns)   --->   "%zext_ln190_18 = zext i1 %tmp_720" [firmware/nnet_utils/nnet_recurrent.h:190]   --->   Operation 1729 'zext' 'zext_ln190_18' <Predicate = true> <Delay = 0.00>
ST_30 : Operation 1730 [1/1] (2.13ns)   --->   "%add_ln190_18 = add i14 %trunc_ln190_17, i14 %zext_ln190_18" [firmware/nnet_utils/nnet_recurrent.h:190]   --->   Operation 1730 'add' 'add_ln190_18' <Predicate = true> <Delay = 2.13> <CoreInst = "Adder">   --->   Core 1 'Adder' <Latency = 0> <II = 1> <Delay = 2.13> <FuncUnit> <Opcode : 'add' 'sub'> <InPorts = 2> <OutPorts = 1>
ST_30 : Operation 1731 [1/1] (0.00ns)   --->   "%zext_ln190_19 = zext i1 %tmp_721" [firmware/nnet_utils/nnet_recurrent.h:190]   --->   Operation 1731 'zext' 'zext_ln190_19' <Predicate = true> <Delay = 0.00>
ST_30 : Operation 1732 [1/1] (2.13ns)   --->   "%add_ln190_19 = add i14 %trunc_ln190_18, i14 %zext_ln190_19" [firmware/nnet_utils/nnet_recurrent.h:190]   --->   Operation 1732 'add' 'add_ln190_19' <Predicate = true> <Delay = 2.13> <CoreInst = "Adder">   --->   Core 1 'Adder' <Latency = 0> <II = 1> <Delay = 2.13> <FuncUnit> <Opcode : 'add' 'sub'> <InPorts = 2> <OutPorts = 1>
ST_30 : Operation 1733 [1/1] (0.00ns)   --->   "%zext_ln190_20 = zext i1 %tmp_722" [firmware/nnet_utils/nnet_recurrent.h:190]   --->   Operation 1733 'zext' 'zext_ln190_20' <Predicate = true> <Delay = 0.00>
ST_30 : Operation 1734 [1/1] (2.13ns)   --->   "%add_ln190_20 = add i14 %trunc_ln190_19, i14 %zext_ln190_20" [firmware/nnet_utils/nnet_recurrent.h:190]   --->   Operation 1734 'add' 'add_ln190_20' <Predicate = true> <Delay = 2.13> <CoreInst = "Adder">   --->   Core 1 'Adder' <Latency = 0> <II = 1> <Delay = 2.13> <FuncUnit> <Opcode : 'add' 'sub'> <InPorts = 2> <OutPorts = 1>
ST_30 : Operation 1735 [1/1] (0.00ns)   --->   "%zext_ln190_21 = zext i1 %tmp_723" [firmware/nnet_utils/nnet_recurrent.h:190]   --->   Operation 1735 'zext' 'zext_ln190_21' <Predicate = true> <Delay = 0.00>
ST_30 : Operation 1736 [1/1] (2.13ns)   --->   "%add_ln190_21 = add i14 %trunc_ln190_20, i14 %zext_ln190_21" [firmware/nnet_utils/nnet_recurrent.h:190]   --->   Operation 1736 'add' 'add_ln190_21' <Predicate = true> <Delay = 2.13> <CoreInst = "Adder">   --->   Core 1 'Adder' <Latency = 0> <II = 1> <Delay = 2.13> <FuncUnit> <Opcode : 'add' 'sub'> <InPorts = 2> <OutPorts = 1>
ST_30 : Operation 1737 [1/1] (0.00ns)   --->   "%zext_ln190_22 = zext i1 %tmp_724" [firmware/nnet_utils/nnet_recurrent.h:190]   --->   Operation 1737 'zext' 'zext_ln190_22' <Predicate = true> <Delay = 0.00>
ST_30 : Operation 1738 [1/1] (2.13ns)   --->   "%add_ln190_22 = add i14 %trunc_ln190_21, i14 %zext_ln190_22" [firmware/nnet_utils/nnet_recurrent.h:190]   --->   Operation 1738 'add' 'add_ln190_22' <Predicate = true> <Delay = 2.13> <CoreInst = "Adder">   --->   Core 1 'Adder' <Latency = 0> <II = 1> <Delay = 2.13> <FuncUnit> <Opcode : 'add' 'sub'> <InPorts = 2> <OutPorts = 1>
ST_30 : Operation 1739 [1/1] (0.00ns)   --->   "%zext_ln190_23 = zext i1 %tmp_725" [firmware/nnet_utils/nnet_recurrent.h:190]   --->   Operation 1739 'zext' 'zext_ln190_23' <Predicate = true> <Delay = 0.00>
ST_30 : Operation 1740 [1/1] (2.13ns)   --->   "%add_ln190_23 = add i14 %trunc_ln190_22, i14 %zext_ln190_23" [firmware/nnet_utils/nnet_recurrent.h:190]   --->   Operation 1740 'add' 'add_ln190_23' <Predicate = true> <Delay = 2.13> <CoreInst = "Adder">   --->   Core 1 'Adder' <Latency = 0> <II = 1> <Delay = 2.13> <FuncUnit> <Opcode : 'add' 'sub'> <InPorts = 2> <OutPorts = 1>
ST_30 : Operation 1741 [1/1] (0.00ns)   --->   "%zext_ln190_24 = zext i1 %tmp_726" [firmware/nnet_utils/nnet_recurrent.h:190]   --->   Operation 1741 'zext' 'zext_ln190_24' <Predicate = true> <Delay = 0.00>
ST_30 : Operation 1742 [1/1] (2.13ns)   --->   "%add_ln190_24 = add i14 %trunc_ln190_23, i14 %zext_ln190_24" [firmware/nnet_utils/nnet_recurrent.h:190]   --->   Operation 1742 'add' 'add_ln190_24' <Predicate = true> <Delay = 2.13> <CoreInst = "Adder">   --->   Core 1 'Adder' <Latency = 0> <II = 1> <Delay = 2.13> <FuncUnit> <Opcode : 'add' 'sub'> <InPorts = 2> <OutPorts = 1>
ST_30 : Operation 1743 [1/1] (0.00ns)   --->   "%zext_ln190_25 = zext i1 %tmp_727" [firmware/nnet_utils/nnet_recurrent.h:190]   --->   Operation 1743 'zext' 'zext_ln190_25' <Predicate = true> <Delay = 0.00>
ST_30 : Operation 1744 [1/1] (2.13ns)   --->   "%add_ln190_25 = add i14 %trunc_ln190_24, i14 %zext_ln190_25" [firmware/nnet_utils/nnet_recurrent.h:190]   --->   Operation 1744 'add' 'add_ln190_25' <Predicate = true> <Delay = 2.13> <CoreInst = "Adder">   --->   Core 1 'Adder' <Latency = 0> <II = 1> <Delay = 2.13> <FuncUnit> <Opcode : 'add' 'sub'> <InPorts = 2> <OutPorts = 1>
ST_30 : Operation 1745 [1/1] (0.00ns)   --->   "%zext_ln190_26 = zext i1 %tmp_728" [firmware/nnet_utils/nnet_recurrent.h:190]   --->   Operation 1745 'zext' 'zext_ln190_26' <Predicate = true> <Delay = 0.00>
ST_30 : Operation 1746 [1/1] (2.13ns)   --->   "%add_ln190_26 = add i14 %trunc_ln190_25, i14 %zext_ln190_26" [firmware/nnet_utils/nnet_recurrent.h:190]   --->   Operation 1746 'add' 'add_ln190_26' <Predicate = true> <Delay = 2.13> <CoreInst = "Adder">   --->   Core 1 'Adder' <Latency = 0> <II = 1> <Delay = 2.13> <FuncUnit> <Opcode : 'add' 'sub'> <InPorts = 2> <OutPorts = 1>
ST_30 : Operation 1747 [1/1] (0.00ns)   --->   "%zext_ln190_27 = zext i1 %tmp_729" [firmware/nnet_utils/nnet_recurrent.h:190]   --->   Operation 1747 'zext' 'zext_ln190_27' <Predicate = true> <Delay = 0.00>
ST_30 : Operation 1748 [1/1] (2.13ns)   --->   "%add_ln190_27 = add i14 %trunc_ln190_26, i14 %zext_ln190_27" [firmware/nnet_utils/nnet_recurrent.h:190]   --->   Operation 1748 'add' 'add_ln190_27' <Predicate = true> <Delay = 2.13> <CoreInst = "Adder">   --->   Core 1 'Adder' <Latency = 0> <II = 1> <Delay = 2.13> <FuncUnit> <Opcode : 'add' 'sub'> <InPorts = 2> <OutPorts = 1>
ST_30 : Operation 1749 [1/1] (0.00ns)   --->   "%zext_ln190_28 = zext i1 %tmp_730" [firmware/nnet_utils/nnet_recurrent.h:190]   --->   Operation 1749 'zext' 'zext_ln190_28' <Predicate = true> <Delay = 0.00>
ST_30 : Operation 1750 [1/1] (2.13ns)   --->   "%add_ln190_28 = add i14 %trunc_ln190_27, i14 %zext_ln190_28" [firmware/nnet_utils/nnet_recurrent.h:190]   --->   Operation 1750 'add' 'add_ln190_28' <Predicate = true> <Delay = 2.13> <CoreInst = "Adder">   --->   Core 1 'Adder' <Latency = 0> <II = 1> <Delay = 2.13> <FuncUnit> <Opcode : 'add' 'sub'> <InPorts = 2> <OutPorts = 1>
ST_30 : Operation 1751 [1/1] (0.00ns)   --->   "%zext_ln190_29 = zext i1 %tmp_731" [firmware/nnet_utils/nnet_recurrent.h:190]   --->   Operation 1751 'zext' 'zext_ln190_29' <Predicate = true> <Delay = 0.00>
ST_30 : Operation 1752 [1/1] (2.13ns)   --->   "%add_ln190_29 = add i14 %trunc_ln190_28, i14 %zext_ln190_29" [firmware/nnet_utils/nnet_recurrent.h:190]   --->   Operation 1752 'add' 'add_ln190_29' <Predicate = true> <Delay = 2.13> <CoreInst = "Adder">   --->   Core 1 'Adder' <Latency = 0> <II = 1> <Delay = 2.13> <FuncUnit> <Opcode : 'add' 'sub'> <InPorts = 2> <OutPorts = 1>
ST_30 : Operation 1753 [1/1] (0.00ns)   --->   "%zext_ln190_30 = zext i1 %tmp_732" [firmware/nnet_utils/nnet_recurrent.h:190]   --->   Operation 1753 'zext' 'zext_ln190_30' <Predicate = true> <Delay = 0.00>
ST_30 : Operation 1754 [1/1] (2.13ns)   --->   "%add_ln190_30 = add i14 %trunc_ln190_29, i14 %zext_ln190_30" [firmware/nnet_utils/nnet_recurrent.h:190]   --->   Operation 1754 'add' 'add_ln190_30' <Predicate = true> <Delay = 2.13> <CoreInst = "Adder">   --->   Core 1 'Adder' <Latency = 0> <II = 1> <Delay = 2.13> <FuncUnit> <Opcode : 'add' 'sub'> <InPorts = 2> <OutPorts = 1>
ST_30 : Operation 1755 [1/1] (0.00ns)   --->   "%zext_ln190_31 = zext i1 %tmp_733" [firmware/nnet_utils/nnet_recurrent.h:190]   --->   Operation 1755 'zext' 'zext_ln190_31' <Predicate = true> <Delay = 0.00>
ST_30 : Operation 1756 [1/1] (2.13ns)   --->   "%add_ln190_31 = add i14 %trunc_ln190_30, i14 %zext_ln190_31" [firmware/nnet_utils/nnet_recurrent.h:190]   --->   Operation 1756 'add' 'add_ln190_31' <Predicate = true> <Delay = 2.13> <CoreInst = "Adder">   --->   Core 1 'Adder' <Latency = 0> <II = 1> <Delay = 2.13> <FuncUnit> <Opcode : 'add' 'sub'> <InPorts = 2> <OutPorts = 1>

State 31 <SV = 30> <Delay = 1.61>
ST_31 : Operation 1757 [1/1] (1.61ns)   --->   "%store_ln190 = store i14 %add_ln190, i14 %void_lstm_static_bool_ap_fixed_ap_fixed_ap_fixed_weight_t_recurrent_weight_t_19" [firmware/nnet_utils/nnet_recurrent.h:190]   --->   Operation 1757 'store' 'store_ln190' <Predicate = true> <Delay = 1.61>
ST_31 : Operation 1758 [1/1] (1.61ns)   --->   "%store_ln190 = store i14 %add_ln190_1, i14 %void_lstm_static_bool_ap_fixed_ap_fixed_ap_fixed_weight_t_recurrent_weight_t_18" [firmware/nnet_utils/nnet_recurrent.h:190]   --->   Operation 1758 'store' 'store_ln190' <Predicate = true> <Delay = 1.61>
ST_31 : Operation 1759 [1/1] (1.61ns)   --->   "%store_ln190 = store i14 %add_ln190_2, i14 %void_lstm_static_bool_ap_fixed_ap_fixed_ap_fixed_weight_t_recurrent_weight_t_17" [firmware/nnet_utils/nnet_recurrent.h:190]   --->   Operation 1759 'store' 'store_ln190' <Predicate = true> <Delay = 1.61>
ST_31 : Operation 1760 [1/1] (1.61ns)   --->   "%store_ln190 = store i14 %add_ln190_3, i14 %void_lstm_static_bool_ap_fixed_ap_fixed_ap_fixed_weight_t_recurrent_weight_t_16" [firmware/nnet_utils/nnet_recurrent.h:190]   --->   Operation 1760 'store' 'store_ln190' <Predicate = true> <Delay = 1.61>
ST_31 : Operation 1761 [1/1] (1.61ns)   --->   "%store_ln190 = store i14 %add_ln190_4, i14 %void_lstm_static_bool_ap_fixed_ap_fixed_ap_fixed_weight_t_recurrent_weight_t_15" [firmware/nnet_utils/nnet_recurrent.h:190]   --->   Operation 1761 'store' 'store_ln190' <Predicate = true> <Delay = 1.61>
ST_31 : Operation 1762 [1/1] (1.61ns)   --->   "%store_ln190 = store i14 %add_ln190_5, i14 %void_lstm_static_bool_ap_fixed_ap_fixed_ap_fixed_weight_t_recurrent_weight_t_14" [firmware/nnet_utils/nnet_recurrent.h:190]   --->   Operation 1762 'store' 'store_ln190' <Predicate = true> <Delay = 1.61>
ST_31 : Operation 1763 [1/1] (1.61ns)   --->   "%store_ln190 = store i14 %add_ln190_6, i14 %void_lstm_static_bool_ap_fixed_ap_fixed_ap_fixed_weight_t_recurrent_weight_t_13" [firmware/nnet_utils/nnet_recurrent.h:190]   --->   Operation 1763 'store' 'store_ln190' <Predicate = true> <Delay = 1.61>
ST_31 : Operation 1764 [1/1] (1.61ns)   --->   "%store_ln190 = store i14 %add_ln190_7, i14 %void_lstm_static_bool_ap_fixed_ap_fixed_ap_fixed_weight_t_recurrent_weight_t_12" [firmware/nnet_utils/nnet_recurrent.h:190]   --->   Operation 1764 'store' 'store_ln190' <Predicate = true> <Delay = 1.61>
ST_31 : Operation 1765 [1/1] (1.61ns)   --->   "%store_ln190 = store i14 %add_ln190_8, i14 %void_lstm_static_bool_ap_fixed_ap_fixed_ap_fixed_weight_t_recurrent_weight_t_11" [firmware/nnet_utils/nnet_recurrent.h:190]   --->   Operation 1765 'store' 'store_ln190' <Predicate = true> <Delay = 1.61>
ST_31 : Operation 1766 [1/1] (1.61ns)   --->   "%store_ln190 = store i14 %add_ln190_9, i14 %void_lstm_static_bool_ap_fixed_ap_fixed_ap_fixed_weight_t_recurrent_weight_t_10" [firmware/nnet_utils/nnet_recurrent.h:190]   --->   Operation 1766 'store' 'store_ln190' <Predicate = true> <Delay = 1.61>
ST_31 : Operation 1767 [1/1] (1.61ns)   --->   "%store_ln190 = store i14 %add_ln190_10, i14 %p_ZZN4nnet11lstm_staticI8ap_fixedILi14ELi7EL9ap_q_mode0EL9ap_o_mode3ELi0EES4_7con_43" [firmware/nnet_utils/nnet_recurrent.h:190]   --->   Operation 1767 'store' 'store_ln190' <Predicate = true> <Delay = 1.61>
ST_31 : Operation 1768 [1/1] (1.61ns)   --->   "%store_ln190 = store i14 %add_ln190_11, i14 %p_ZZN4nnet11lstm_staticI8ap_fixedILi14ELi7EL9ap_q_mode0EL9ap_o_mode3ELi0EES4_7con_42" [firmware/nnet_utils/nnet_recurrent.h:190]   --->   Operation 1768 'store' 'store_ln190' <Predicate = true> <Delay = 1.61>
ST_31 : Operation 1769 [1/1] (1.61ns)   --->   "%store_ln190 = store i14 %add_ln190_12, i14 %p_ZZN4nnet11lstm_staticI8ap_fixedILi14ELi7EL9ap_q_mode0EL9ap_o_mode3ELi0EES4_7con_41" [firmware/nnet_utils/nnet_recurrent.h:190]   --->   Operation 1769 'store' 'store_ln190' <Predicate = true> <Delay = 1.61>
ST_31 : Operation 1770 [1/1] (1.61ns)   --->   "%store_ln190 = store i14 %add_ln190_13, i14 %p_ZZN4nnet11lstm_staticI8ap_fixedILi14ELi7EL9ap_q_mode0EL9ap_o_mode3ELi0EES4_7con_40" [firmware/nnet_utils/nnet_recurrent.h:190]   --->   Operation 1770 'store' 'store_ln190' <Predicate = true> <Delay = 1.61>
ST_31 : Operation 1771 [1/1] (1.61ns)   --->   "%store_ln190 = store i14 %add_ln190_14, i14 %p_ZZN4nnet11lstm_staticI8ap_fixedILi14ELi7EL9ap_q_mode0EL9ap_o_mode3ELi0EES4_7con_39" [firmware/nnet_utils/nnet_recurrent.h:190]   --->   Operation 1771 'store' 'store_ln190' <Predicate = true> <Delay = 1.61>
ST_31 : Operation 1772 [1/1] (1.61ns)   --->   "%store_ln190 = store i14 %add_ln190_15, i14 %p_ZZN4nnet11lstm_staticI8ap_fixedILi14ELi7EL9ap_q_mode0EL9ap_o_mode3ELi0EES4_7con_38" [firmware/nnet_utils/nnet_recurrent.h:190]   --->   Operation 1772 'store' 'store_ln190' <Predicate = true> <Delay = 1.61>
ST_31 : Operation 1773 [1/1] (1.61ns)   --->   "%store_ln190 = store i14 %add_ln190_16, i14 %p_ZZN4nnet11lstm_staticI8ap_fixedILi14ELi7EL9ap_q_mode0EL9ap_o_mode3ELi0EES4_7con_37" [firmware/nnet_utils/nnet_recurrent.h:190]   --->   Operation 1773 'store' 'store_ln190' <Predicate = true> <Delay = 1.61>
ST_31 : Operation 1774 [1/1] (1.61ns)   --->   "%store_ln190 = store i14 %add_ln190_17, i14 %p_ZZN4nnet11lstm_staticI8ap_fixedILi14ELi7EL9ap_q_mode0EL9ap_o_mode3ELi0EES4_7con_36" [firmware/nnet_utils/nnet_recurrent.h:190]   --->   Operation 1774 'store' 'store_ln190' <Predicate = true> <Delay = 1.61>
ST_31 : Operation 1775 [1/1] (1.61ns)   --->   "%store_ln190 = store i14 %add_ln190_18, i14 %p_ZZN4nnet11lstm_staticI8ap_fixedILi14ELi7EL9ap_q_mode0EL9ap_o_mode3ELi0EES4_7con_35" [firmware/nnet_utils/nnet_recurrent.h:190]   --->   Operation 1775 'store' 'store_ln190' <Predicate = true> <Delay = 1.61>
ST_31 : Operation 1776 [1/1] (1.61ns)   --->   "%store_ln190 = store i14 %add_ln190_19, i14 %p_ZZN4nnet11lstm_staticI8ap_fixedILi14ELi7EL9ap_q_mode0EL9ap_o_mode3ELi0EES4_7con_34" [firmware/nnet_utils/nnet_recurrent.h:190]   --->   Operation 1776 'store' 'store_ln190' <Predicate = true> <Delay = 1.61>
ST_31 : Operation 1777 [1/1] (1.61ns)   --->   "%store_ln190 = store i14 %add_ln190_20, i14 %p_ZZN4nnet11lstm_staticI8ap_fixedILi14ELi7EL9ap_q_mode0EL9ap_o_mode3ELi0EES4_7con_33" [firmware/nnet_utils/nnet_recurrent.h:190]   --->   Operation 1777 'store' 'store_ln190' <Predicate = true> <Delay = 1.61>
ST_31 : Operation 1778 [1/1] (1.61ns)   --->   "%store_ln190 = store i14 %add_ln190_21, i14 %p_ZZN4nnet11lstm_staticI8ap_fixedILi14ELi7EL9ap_q_mode0EL9ap_o_mode3ELi0EES4_7con_32" [firmware/nnet_utils/nnet_recurrent.h:190]   --->   Operation 1778 'store' 'store_ln190' <Predicate = true> <Delay = 1.61>
ST_31 : Operation 1779 [1/1] (1.61ns)   --->   "%store_ln190 = store i14 %add_ln190_22, i14 %p_ZZN4nnet11lstm_staticI8ap_fixedILi14ELi7EL9ap_q_mode0EL9ap_o_mode3ELi0EES4_7con_31" [firmware/nnet_utils/nnet_recurrent.h:190]   --->   Operation 1779 'store' 'store_ln190' <Predicate = true> <Delay = 1.61>
ST_31 : Operation 1780 [1/1] (1.61ns)   --->   "%store_ln190 = store i14 %add_ln190_23, i14 %p_ZZN4nnet11lstm_staticI8ap_fixedILi14ELi7EL9ap_q_mode0EL9ap_o_mode3ELi0EES4_7con_30" [firmware/nnet_utils/nnet_recurrent.h:190]   --->   Operation 1780 'store' 'store_ln190' <Predicate = true> <Delay = 1.61>
ST_31 : Operation 1781 [1/1] (1.61ns)   --->   "%store_ln190 = store i14 %add_ln190_24, i14 %p_ZZN4nnet11lstm_staticI8ap_fixedILi14ELi7EL9ap_q_mode0EL9ap_o_mode3ELi0EES4_7con_29" [firmware/nnet_utils/nnet_recurrent.h:190]   --->   Operation 1781 'store' 'store_ln190' <Predicate = true> <Delay = 1.61>
ST_31 : Operation 1782 [1/1] (1.61ns)   --->   "%store_ln190 = store i14 %add_ln190_25, i14 %p_ZZN4nnet11lstm_staticI8ap_fixedILi14ELi7EL9ap_q_mode0EL9ap_o_mode3ELi0EES4_7con_28" [firmware/nnet_utils/nnet_recurrent.h:190]   --->   Operation 1782 'store' 'store_ln190' <Predicate = true> <Delay = 1.61>
ST_31 : Operation 1783 [1/1] (1.61ns)   --->   "%store_ln190 = store i14 %add_ln190_26, i14 %p_ZZN4nnet11lstm_staticI8ap_fixedILi14ELi7EL9ap_q_mode0EL9ap_o_mode3ELi0EES4_7con_27" [firmware/nnet_utils/nnet_recurrent.h:190]   --->   Operation 1783 'store' 'store_ln190' <Predicate = true> <Delay = 1.61>
ST_31 : Operation 1784 [1/1] (1.61ns)   --->   "%store_ln190 = store i14 %add_ln190_27, i14 %p_ZZN4nnet11lstm_staticI8ap_fixedILi14ELi7EL9ap_q_mode0EL9ap_o_mode3ELi0EES4_7con_26" [firmware/nnet_utils/nnet_recurrent.h:190]   --->   Operation 1784 'store' 'store_ln190' <Predicate = true> <Delay = 1.61>
ST_31 : Operation 1785 [1/1] (1.61ns)   --->   "%store_ln190 = store i14 %add_ln190_28, i14 %p_ZZN4nnet11lstm_staticI8ap_fixedILi14ELi7EL9ap_q_mode0EL9ap_o_mode3ELi0EES4_7con_25" [firmware/nnet_utils/nnet_recurrent.h:190]   --->   Operation 1785 'store' 'store_ln190' <Predicate = true> <Delay = 1.61>
ST_31 : Operation 1786 [1/1] (1.61ns)   --->   "%store_ln190 = store i14 %add_ln190_29, i14 %p_ZZN4nnet11lstm_staticI8ap_fixedILi14ELi7EL9ap_q_mode0EL9ap_o_mode3ELi0EES4_7con_24" [firmware/nnet_utils/nnet_recurrent.h:190]   --->   Operation 1786 'store' 'store_ln190' <Predicate = true> <Delay = 1.61>
ST_31 : Operation 1787 [1/1] (1.61ns)   --->   "%store_ln190 = store i14 %add_ln190_30, i14 %p_ZZN4nnet11lstm_staticI8ap_fixedILi14ELi7EL9ap_q_mode0EL9ap_o_mode3ELi0EES4_7con_23" [firmware/nnet_utils/nnet_recurrent.h:190]   --->   Operation 1787 'store' 'store_ln190' <Predicate = true> <Delay = 1.61>
ST_31 : Operation 1788 [1/1] (1.61ns)   --->   "%store_ln190 = store i14 %add_ln190_31, i14 %p_ZZN4nnet11lstm_staticI8ap_fixedILi14ELi7EL9ap_q_mode0EL9ap_o_mode3ELi0EES4_7con_22" [firmware/nnet_utils/nnet_recurrent.h:190]   --->   Operation 1788 'store' 'store_ln190' <Predicate = true> <Delay = 1.61>
ST_31 : Operation 1789 [1/1] (0.00ns)   --->   "%newret = insertvalue i448 <undef>, i14 %add_ln190" [firmware/nnet_utils/nnet_recurrent.h:190]   --->   Operation 1789 'insertvalue' 'newret' <Predicate = true> <Delay = 0.00>
ST_31 : Operation 1790 [1/1] (0.00ns)   --->   "%newret2 = insertvalue i448 %newret, i14 %add_ln190_1" [firmware/nnet_utils/nnet_recurrent.h:190]   --->   Operation 1790 'insertvalue' 'newret2' <Predicate = true> <Delay = 0.00>
ST_31 : Operation 1791 [1/1] (0.00ns)   --->   "%newret4 = insertvalue i448 %newret2, i14 %add_ln190_2" [firmware/nnet_utils/nnet_recurrent.h:190]   --->   Operation 1791 'insertvalue' 'newret4' <Predicate = true> <Delay = 0.00>
ST_31 : Operation 1792 [1/1] (0.00ns)   --->   "%newret6 = insertvalue i448 %newret4, i14 %add_ln190_3" [firmware/nnet_utils/nnet_recurrent.h:190]   --->   Operation 1792 'insertvalue' 'newret6' <Predicate = true> <Delay = 0.00>
ST_31 : Operation 1793 [1/1] (0.00ns)   --->   "%newret8 = insertvalue i448 %newret6, i14 %add_ln190_4" [firmware/nnet_utils/nnet_recurrent.h:190]   --->   Operation 1793 'insertvalue' 'newret8' <Predicate = true> <Delay = 0.00>
ST_31 : Operation 1794 [1/1] (0.00ns)   --->   "%newret1 = insertvalue i448 %newret8, i14 %add_ln190_5" [firmware/nnet_utils/nnet_recurrent.h:190]   --->   Operation 1794 'insertvalue' 'newret1' <Predicate = true> <Delay = 0.00>
ST_31 : Operation 1795 [1/1] (0.00ns)   --->   "%newret3 = insertvalue i448 %newret1, i14 %add_ln190_6" [firmware/nnet_utils/nnet_recurrent.h:190]   --->   Operation 1795 'insertvalue' 'newret3' <Predicate = true> <Delay = 0.00>
ST_31 : Operation 1796 [1/1] (0.00ns)   --->   "%newret5 = insertvalue i448 %newret3, i14 %add_ln190_7" [firmware/nnet_utils/nnet_recurrent.h:190]   --->   Operation 1796 'insertvalue' 'newret5' <Predicate = true> <Delay = 0.00>
ST_31 : Operation 1797 [1/1] (0.00ns)   --->   "%newret7 = insertvalue i448 %newret5, i14 %add_ln190_8" [firmware/nnet_utils/nnet_recurrent.h:190]   --->   Operation 1797 'insertvalue' 'newret7' <Predicate = true> <Delay = 0.00>
ST_31 : Operation 1798 [1/1] (0.00ns)   --->   "%newret9 = insertvalue i448 %newret7, i14 %add_ln190_9" [firmware/nnet_utils/nnet_recurrent.h:190]   --->   Operation 1798 'insertvalue' 'newret9' <Predicate = true> <Delay = 0.00>
ST_31 : Operation 1799 [1/1] (0.00ns)   --->   "%newret10 = insertvalue i448 %newret9, i14 %add_ln190_10" [firmware/nnet_utils/nnet_recurrent.h:190]   --->   Operation 1799 'insertvalue' 'newret10' <Predicate = true> <Delay = 0.00>
ST_31 : Operation 1800 [1/1] (0.00ns)   --->   "%newret11 = insertvalue i448 %newret10, i14 %add_ln190_11" [firmware/nnet_utils/nnet_recurrent.h:190]   --->   Operation 1800 'insertvalue' 'newret11' <Predicate = true> <Delay = 0.00>
ST_31 : Operation 1801 [1/1] (0.00ns)   --->   "%newret12 = insertvalue i448 %newret11, i14 %add_ln190_12" [firmware/nnet_utils/nnet_recurrent.h:190]   --->   Operation 1801 'insertvalue' 'newret12' <Predicate = true> <Delay = 0.00>
ST_31 : Operation 1802 [1/1] (0.00ns)   --->   "%newret13 = insertvalue i448 %newret12, i14 %add_ln190_13" [firmware/nnet_utils/nnet_recurrent.h:190]   --->   Operation 1802 'insertvalue' 'newret13' <Predicate = true> <Delay = 0.00>
ST_31 : Operation 1803 [1/1] (0.00ns)   --->   "%newret14 = insertvalue i448 %newret13, i14 %add_ln190_14" [firmware/nnet_utils/nnet_recurrent.h:190]   --->   Operation 1803 'insertvalue' 'newret14' <Predicate = true> <Delay = 0.00>
ST_31 : Operation 1804 [1/1] (0.00ns)   --->   "%newret15 = insertvalue i448 %newret14, i14 %add_ln190_15" [firmware/nnet_utils/nnet_recurrent.h:190]   --->   Operation 1804 'insertvalue' 'newret15' <Predicate = true> <Delay = 0.00>
ST_31 : Operation 1805 [1/1] (0.00ns)   --->   "%newret16 = insertvalue i448 %newret15, i14 %add_ln190_16" [firmware/nnet_utils/nnet_recurrent.h:190]   --->   Operation 1805 'insertvalue' 'newret16' <Predicate = true> <Delay = 0.00>
ST_31 : Operation 1806 [1/1] (0.00ns)   --->   "%newret17 = insertvalue i448 %newret16, i14 %add_ln190_17" [firmware/nnet_utils/nnet_recurrent.h:190]   --->   Operation 1806 'insertvalue' 'newret17' <Predicate = true> <Delay = 0.00>
ST_31 : Operation 1807 [1/1] (0.00ns)   --->   "%newret18 = insertvalue i448 %newret17, i14 %add_ln190_18" [firmware/nnet_utils/nnet_recurrent.h:190]   --->   Operation 1807 'insertvalue' 'newret18' <Predicate = true> <Delay = 0.00>
ST_31 : Operation 1808 [1/1] (0.00ns)   --->   "%newret19 = insertvalue i448 %newret18, i14 %add_ln190_19" [firmware/nnet_utils/nnet_recurrent.h:190]   --->   Operation 1808 'insertvalue' 'newret19' <Predicate = true> <Delay = 0.00>
ST_31 : Operation 1809 [1/1] (0.00ns)   --->   "%newret20 = insertvalue i448 %newret19, i14 %add_ln190_20" [firmware/nnet_utils/nnet_recurrent.h:190]   --->   Operation 1809 'insertvalue' 'newret20' <Predicate = true> <Delay = 0.00>
ST_31 : Operation 1810 [1/1] (0.00ns)   --->   "%newret21 = insertvalue i448 %newret20, i14 %add_ln190_21" [firmware/nnet_utils/nnet_recurrent.h:190]   --->   Operation 1810 'insertvalue' 'newret21' <Predicate = true> <Delay = 0.00>
ST_31 : Operation 1811 [1/1] (0.00ns)   --->   "%newret22 = insertvalue i448 %newret21, i14 %add_ln190_22" [firmware/nnet_utils/nnet_recurrent.h:190]   --->   Operation 1811 'insertvalue' 'newret22' <Predicate = true> <Delay = 0.00>
ST_31 : Operation 1812 [1/1] (0.00ns)   --->   "%newret23 = insertvalue i448 %newret22, i14 %add_ln190_23" [firmware/nnet_utils/nnet_recurrent.h:190]   --->   Operation 1812 'insertvalue' 'newret23' <Predicate = true> <Delay = 0.00>
ST_31 : Operation 1813 [1/1] (0.00ns)   --->   "%newret24 = insertvalue i448 %newret23, i14 %add_ln190_24" [firmware/nnet_utils/nnet_recurrent.h:190]   --->   Operation 1813 'insertvalue' 'newret24' <Predicate = true> <Delay = 0.00>
ST_31 : Operation 1814 [1/1] (0.00ns)   --->   "%newret25 = insertvalue i448 %newret24, i14 %add_ln190_25" [firmware/nnet_utils/nnet_recurrent.h:190]   --->   Operation 1814 'insertvalue' 'newret25' <Predicate = true> <Delay = 0.00>
ST_31 : Operation 1815 [1/1] (0.00ns)   --->   "%newret26 = insertvalue i448 %newret25, i14 %add_ln190_26" [firmware/nnet_utils/nnet_recurrent.h:190]   --->   Operation 1815 'insertvalue' 'newret26' <Predicate = true> <Delay = 0.00>
ST_31 : Operation 1816 [1/1] (0.00ns)   --->   "%newret27 = insertvalue i448 %newret26, i14 %add_ln190_27" [firmware/nnet_utils/nnet_recurrent.h:190]   --->   Operation 1816 'insertvalue' 'newret27' <Predicate = true> <Delay = 0.00>
ST_31 : Operation 1817 [1/1] (0.00ns)   --->   "%newret28 = insertvalue i448 %newret27, i14 %add_ln190_28" [firmware/nnet_utils/nnet_recurrent.h:190]   --->   Operation 1817 'insertvalue' 'newret28' <Predicate = true> <Delay = 0.00>
ST_31 : Operation 1818 [1/1] (0.00ns)   --->   "%newret29 = insertvalue i448 %newret28, i14 %add_ln190_29" [firmware/nnet_utils/nnet_recurrent.h:190]   --->   Operation 1818 'insertvalue' 'newret29' <Predicate = true> <Delay = 0.00>
ST_31 : Operation 1819 [1/1] (0.00ns)   --->   "%newret30 = insertvalue i448 %newret29, i14 %add_ln190_30" [firmware/nnet_utils/nnet_recurrent.h:190]   --->   Operation 1819 'insertvalue' 'newret30' <Predicate = true> <Delay = 0.00>
ST_31 : Operation 1820 [1/1] (0.00ns)   --->   "%newret31 = insertvalue i448 %newret30, i14 %add_ln190_31" [firmware/nnet_utils/nnet_recurrent.h:190]   --->   Operation 1820 'insertvalue' 'newret31' <Predicate = true> <Delay = 0.00>
ST_31 : Operation 1821 [1/1] (0.00ns)   --->   "%ret_ln190 = ret i448 %newret31" [firmware/nnet_utils/nnet_recurrent.h:190]   --->   Operation 1821 'ret' 'ret_ln190' <Predicate = true> <Delay = 0.00>


============================================================
+ Verbose Summary: Timing violations
============================================================
Target clock period: 4.000ns, clock uncertainty: 1.080ns.

 <State 1>: 1.610ns
The critical path consists of the following:
	wire read operation ('reset_state_read', firmware/nnet_utils/nnet_recurrent.h:118) on port 'reset_state' (firmware/nnet_utils/nnet_recurrent.h:118) [73]  (0.000 ns)
	'store' operation ('store_ln151', firmware/nnet_utils/nnet_recurrent.h:151) of constant 0 14 bit on static variable 'void_lstm_static_bool_ap_fixed_ap_fixed_ap_fixed_weight_t_recurrent_weight_t_19' [108]  (1.610 ns)

 <State 2>: 0.000ns
The critical path consists of the following:

 <State 3>: 1.396ns
The critical path consists of the following:
	'call' operation 1792 bit ('tmp_1', firmware/nnet_utils/nnet_dense.h:76->firmware/nnet_utils/nnet_dense.h:45->firmware/nnet_utils/nnet_recurrent.h:155) to 'dense_resource_rf_gt_nin_rem0<ap_fixed,ap_fixed<14,7,0,3,0>,config2_2>' [303]  (1.396 ns)

 <State 4>: 2.138ns
The critical path consists of the following:
	'add' operation 14 bit ('inputacc_ifo', firmware/nnet_utils/nnet_recurrent.h:163) [432]  (2.138 ns)

 <State 5>: 2.134ns
The critical path consists of the following:
	'call' operation 1344 bit ('call_ret3', firmware/nnet_utils/nnet_recr_activations.h:38->firmware/nnet_utils/nnet_recurrent.h:171) to 'sigmoid<ap_fixed,ap_fixed<14,7,0,3,0>,sigmoid_config2_recr>' [560]  (2.134 ns)

 <State 6>: 2.836ns
The critical path consists of the following:
	'call' operation 448 bit ('call_ret4', firmware/nnet_utils/nnet_recr_activations.h:48->firmware/nnet_utils/nnet_recurrent.h:175) to 'tanh<ap_fixed<14, 7, 0, 3, 0>, ap_fixed<14, 7, 0, 3, 0>, tanh_config2>' [657]  (2.836 ns)

 <State 7>: 2.904ns
The critical path consists of the following:
	'call' operation 448 bit ('call_ret4', firmware/nnet_utils/nnet_recr_activations.h:48->firmware/nnet_utils/nnet_recurrent.h:175) to 'tanh<ap_fixed<14, 7, 0, 3, 0>, ap_fixed<14, 7, 0, 3, 0>, tanh_config2>' [657]  (2.904 ns)

 <State 8>: 2.904ns
The critical path consists of the following:
	'call' operation 448 bit ('call_ret4', firmware/nnet_utils/nnet_recr_activations.h:48->firmware/nnet_utils/nnet_recurrent.h:175) to 'tanh<ap_fixed<14, 7, 0, 3, 0>, ap_fixed<14, 7, 0, 3, 0>, tanh_config2>' [657]  (2.904 ns)

 <State 9>: 2.904ns
The critical path consists of the following:
	'call' operation 448 bit ('call_ret4', firmware/nnet_utils/nnet_recr_activations.h:48->firmware/nnet_utils/nnet_recurrent.h:175) to 'tanh<ap_fixed<14, 7, 0, 3, 0>, ap_fixed<14, 7, 0, 3, 0>, tanh_config2>' [657]  (2.904 ns)

 <State 10>: 2.904ns
The critical path consists of the following:
	'call' operation 448 bit ('call_ret4', firmware/nnet_utils/nnet_recr_activations.h:48->firmware/nnet_utils/nnet_recurrent.h:175) to 'tanh<ap_fixed<14, 7, 0, 3, 0>, ap_fixed<14, 7, 0, 3, 0>, tanh_config2>' [657]  (2.904 ns)

 <State 11>: 2.904ns
The critical path consists of the following:
	'call' operation 448 bit ('call_ret4', firmware/nnet_utils/nnet_recr_activations.h:48->firmware/nnet_utils/nnet_recurrent.h:175) to 'tanh<ap_fixed<14, 7, 0, 3, 0>, ap_fixed<14, 7, 0, 3, 0>, tanh_config2>' [657]  (2.904 ns)

 <State 12>: 2.115ns
The critical path consists of the following:
	'call' operation 448 bit ('call_ret4', firmware/nnet_utils/nnet_recr_activations.h:48->firmware/nnet_utils/nnet_recurrent.h:175) to 'tanh<ap_fixed<14, 7, 0, 3, 0>, ap_fixed<14, 7, 0, 3, 0>, tanh_config2>' [657]  (2.115 ns)

 <State 13>: 1.874ns
The critical path consists of the following:
	'mul' operation 28 bit ('mul_ln181', firmware/nnet_utils/nnet_recurrent.h:181) [692]  (1.874 ns)

 <State 14>: 1.874ns
The critical path consists of the following:
	'mul' operation 28 bit ('mul_ln181', firmware/nnet_utils/nnet_recurrent.h:181) [692]  (1.874 ns)

 <State 15>: 1.874ns
The critical path consists of the following:
	'mul' operation 28 bit ('mul_ln181', firmware/nnet_utils/nnet_recurrent.h:181) [692]  (1.874 ns)

 <State 16>: 1.874ns
The critical path consists of the following:
	'mul' operation 28 bit ('mul_ln181', firmware/nnet_utils/nnet_recurrent.h:181) [692]  (1.874 ns)

 <State 17>: 2.320ns
The critical path consists of the following:
	'add' operation 21 bit ('add_ln181', firmware/nnet_utils/nnet_recurrent.h:181) [701]  (2.320 ns)

 <State 18>: 2.138ns
The critical path consists of the following:
	'add' operation 14 bit ('add_ln181_3', firmware/nnet_utils/nnet_recurrent.h:181) [705]  (2.138 ns)

 <State 19>: 2.836ns
The critical path consists of the following:
	'call' operation 448 bit ('call_ret', firmware/nnet_utils/nnet_recr_activations.h:48->firmware/nnet_utils/nnet_recurrent.h:185) to 'tanh<ap_fixed<14, 7, 0, 3, 0>, ap_fixed<14, 7, 0, 3, 0>, tanh_config2>' [1202]  (2.836 ns)

 <State 20>: 2.904ns
The critical path consists of the following:
	'call' operation 448 bit ('call_ret', firmware/nnet_utils/nnet_recr_activations.h:48->firmware/nnet_utils/nnet_recurrent.h:185) to 'tanh<ap_fixed<14, 7, 0, 3, 0>, ap_fixed<14, 7, 0, 3, 0>, tanh_config2>' [1202]  (2.904 ns)

 <State 21>: 2.904ns
The critical path consists of the following:
	'call' operation 448 bit ('call_ret', firmware/nnet_utils/nnet_recr_activations.h:48->firmware/nnet_utils/nnet_recurrent.h:185) to 'tanh<ap_fixed<14, 7, 0, 3, 0>, ap_fixed<14, 7, 0, 3, 0>, tanh_config2>' [1202]  (2.904 ns)

 <State 22>: 2.904ns
The critical path consists of the following:
	'call' operation 448 bit ('call_ret', firmware/nnet_utils/nnet_recr_activations.h:48->firmware/nnet_utils/nnet_recurrent.h:185) to 'tanh<ap_fixed<14, 7, 0, 3, 0>, ap_fixed<14, 7, 0, 3, 0>, tanh_config2>' [1202]  (2.904 ns)

 <State 23>: 2.904ns
The critical path consists of the following:
	'call' operation 448 bit ('call_ret', firmware/nnet_utils/nnet_recr_activations.h:48->firmware/nnet_utils/nnet_recurrent.h:185) to 'tanh<ap_fixed<14, 7, 0, 3, 0>, ap_fixed<14, 7, 0, 3, 0>, tanh_config2>' [1202]  (2.904 ns)

 <State 24>: 2.904ns
The critical path consists of the following:
	'call' operation 448 bit ('call_ret', firmware/nnet_utils/nnet_recr_activations.h:48->firmware/nnet_utils/nnet_recurrent.h:185) to 'tanh<ap_fixed<14, 7, 0, 3, 0>, ap_fixed<14, 7, 0, 3, 0>, tanh_config2>' [1202]  (2.904 ns)

 <State 25>: 2.115ns
The critical path consists of the following:
	'call' operation 448 bit ('call_ret', firmware/nnet_utils/nnet_recr_activations.h:48->firmware/nnet_utils/nnet_recurrent.h:185) to 'tanh<ap_fixed<14, 7, 0, 3, 0>, ap_fixed<14, 7, 0, 3, 0>, tanh_config2>' [1202]  (2.115 ns)

 <State 26>: 1.874ns
The critical path consists of the following:
	'mul' operation 28 bit ('mul_ln190', firmware/nnet_utils/nnet_recurrent.h:190) [1237]  (1.874 ns)

 <State 27>: 1.874ns
The critical path consists of the following:
	'mul' operation 28 bit ('mul_ln190', firmware/nnet_utils/nnet_recurrent.h:190) [1237]  (1.874 ns)

 <State 28>: 1.874ns
The critical path consists of the following:
	'mul' operation 28 bit ('mul_ln190', firmware/nnet_utils/nnet_recurrent.h:190) [1237]  (1.874 ns)

 <State 29>: 1.874ns
The critical path consists of the following:
	'mul' operation 28 bit ('mul_ln190', firmware/nnet_utils/nnet_recurrent.h:190) [1237]  (1.874 ns)

 <State 30>: 2.138ns
The critical path consists of the following:
	'add' operation 14 bit ('add_ln190', firmware/nnet_utils/nnet_recurrent.h:190) [1241]  (2.138 ns)

 <State 31>: 1.610ns
The critical path consists of the following:
	'store' operation ('store_ln190', firmware/nnet_utils/nnet_recurrent.h:190) of variable 'add_ln190', firmware/nnet_utils/nnet_recurrent.h:190 14 bit on static variable 'void_lstm_static_bool_ap_fixed_ap_fixed_ap_fixed_weight_t_recurrent_weight_t_19' [1242]  (1.610 ns)


============================================================
+ Verbose Summary: Binding
============================================================
N/A
* FSMD analyzer results:
  - Output states:
 - Input state : 
  - Chain level:
	State 1
	State 2
	State 3
	State 4
	State 5
	State 6
	State 7
	State 8
	State 9
	State 10
	State 11
	State 12
	State 13
	State 14
	State 15
	State 16
	State 17
	State 18
	State 19
	State 20
	State 21
	State 22
	State 23
	State 24
	State 25
	State 26
	State 27
	State 28
	State 29
	State 30
	State 31


============================================================
+ Verbose Summary: Datapath Resource usage 
============================================================
N/A
