

================================================================
== Vitis HLS Report for 'recurrent'
================================================================
* Date:           Tue Sep 15 12:08:23 2026

* Version:        2026.1 (Build 6493734 on Jun 16 2026)
* Project:        recurrent_prj
* Solution:       solution1
* Product family: artix7
* Target device:  xc7a100t-csg324-1


================================================================
== Performance Estimates
================================================================
+ Timing: 
    * Summary: 
    +--------+---------+----------+------------+
    |  Clock |  Target | Estimated| Uncertainty|
    +--------+---------+----------+------------+
    |ap_clk  |  4.00 ns|  9.651 ns|     1.08 ns|
    +--------+---------+----------+------------+

+ Latency: 
    * Summary: 
    +---------+---------+----------+----------+-----+-----+----------+
    |  Latency (cycles) |  Latency (absolute) |  Interval | Pipeline |
    |   min   |   max   |    min   |    max   | min | max |   Type   |
    +---------+---------+----------+----------+-----+-----+----------+
    |      475|      480|  4.584 us|  4.632 us|  438|  442|  dataflow|
    +---------+---------+----------+----------+-----+-----+----------+

    + Detail: 
        * Instance: 
        +-----------------------------------------------------------------------------+------------------------------------------------------------------+---------+---------+----------+----------+-----+-----+------------------------------------+
        |                                                                             |                                                                  |  Latency (cycles) |  Latency (absolute) |  Interval |              Pipeline              |
        |                                   Instance                                  |                              Module                              |   min   |   max   |    min   |    max   | min | max |                Type                |
        +-----------------------------------------------------------------------------+------------------------------------------------------------------+---------+---------+----------+----------+-----+-----+------------------------------------+
        |grp_lstm_stack_ap_fixed_14_7_0_3_0_ap_fixed_14_7_0_3_0_config2_s_fu_178      |lstm_stack_ap_fixed_14_7_0_3_0_ap_fixed_14_7_0_3_0_config2_s      |      437|      441|  4.217 us|  4.256 us|  437|  441|                                  no|
        |grp_dense_resource_rf_leq_nin_ap_fixed_ap_fixed_14_7_0_3_0_config3_s_fu_324  |dense_resource_rf_leq_nin_ap_fixed_ap_fixed_14_7_0_3_0_config3_s  |       37|       38|  0.357 us|  0.367 us|   32|   32|  loop rewind stp (delay=0 cycle(s))|
        +-----------------------------------------------------------------------------+------------------------------------------------------------------+---------+---------+----------+----------+-----+-----+------------------------------------+

        * Loop: 
        N/A

============================================================
+ Verbose Summary: Synthesis Manager
============================================================
InlineROM: 1
ExposeGlobal: 0
============================================================
+ Verbose Summary: CDFG Model
============================================================
IsTopModel: 1
ResetActiveHigh: 1
IsCombinational: 2
IsDatapathOnly: 0
HasWiredReturn: 1
HasMFsm: 0
HasVarLatency: 1
IsPipeline: 0
IsRtlPipelined: 0
IsInstanceOverlapped: 0
IsDontTouch: 0
HasImplIP: 0
IsGatedGlobalClock: 0


============================================================
+ Verbose Summary: Schedule
============================================================
* Number of FSM states : 4
* Pipeline : 0
* Dataflow Pipeline: 1
  DF-Pipeline-0: Size = 4, States = { 1 2 3 4 }

* FSM state transitions: 
1 --> 2 
2 --> 3 
3 --> 4 
4 --> 

* FSM state operations: 

State 1 <SV = 0> <Delay = 0.00>
ST_1 : Operation 5 [2/2] (0.00ns)   --->   "%call_ret = call i448 @lstm_stack<ap_fixed<14, 7, 0, 3, 0>, ap_fixed<14, 7, 0, 3, 0>, config2>, i448 %input_layer, i14 %void_lstm_static_bool_ap_fixed_ap_fixed_ap_fixed_weight_t_recurrent_weight_t_9, i14 %void_lstm_static_bool_ap_fixed_ap_fixed_ap_fixed_weight_t_recurrent_weight_t_8, i14 %void_lstm_static_bool_ap_fixed_ap_fixed_ap_fixed_weight_t_recurrent_weight_t_7, i14 %void_lstm_static_bool_ap_fixed_ap_fixed_ap_fixed_weight_t_recurrent_weight_t_6, i14 %void_lstm_static_bool_ap_fixed_ap_fixed_ap_fixed_weight_t_recurrent_weight_t_5, i14 %void_lstm_static_bool_ap_fixed_ap_fixed_ap_fixed_weight_t_recurrent_weight_t_4, i14 %void_lstm_static_bool_ap_fixed_ap_fixed_ap_fixed_weight_t_recurrent_weight_t_3, i14 %void_lstm_static_bool_ap_fixed_ap_fixed_ap_fixed_weight_t_recurrent_weight_t_2, i14 %void_lstm_static_bool_ap_fixed_ap_fixed_ap_fixed_weight_t_recurrent_weight_t_1, i14 %void_lstm_static_bool_ap_fixed_ap_fixed_ap_fixed_weight_t_recurrent_weight_t, i14 %p_ZZN4nnet11lstm_staticI8ap_fixedILi14ELi7EL9ap_q_mode0EL9ap_o_mode3ELi0EES4_7con_21, i14 %p_ZZN4nnet11lstm_staticI8ap_fixedILi14ELi7EL9ap_q_mode0EL9ap_o_mode3ELi0EES4_7con_20, i14 %p_ZZN4nnet11lstm_staticI8ap_fixedILi14ELi7EL9ap_q_mode0EL9ap_o_mode3ELi0EES4_7con_19, i14 %p_ZZN4nnet11lstm_staticI8ap_fixedILi14ELi7EL9ap_q_mode0EL9ap_o_mode3ELi0EES4_7con_18, i14 %p_ZZN4nnet11lstm_staticI8ap_fixedILi14ELi7EL9ap_q_mode0EL9ap_o_mode3ELi0EES4_7con_17, i14 %p_ZZN4nnet11lstm_staticI8ap_fixedILi14ELi7EL9ap_q_mode0EL9ap_o_mode3ELi0EES4_7con_16, i14 %p_ZZN4nnet11lstm_staticI8ap_fixedILi14ELi7EL9ap_q_mode0EL9ap_o_mode3ELi0EES4_7con_15, i14 %p_ZZN4nnet11lstm_staticI8ap_fixedILi14ELi7EL9ap_q_mode0EL9ap_o_mode3ELi0EES4_7con_14, i14 %p_ZZN4nnet11lstm_staticI8ap_fixedILi14ELi7EL9ap_q_mode0EL9ap_o_mode3ELi0EES4_7con_13, i14 %p_ZZN4nnet11lstm_staticI8ap_fixedILi14ELi7EL9ap_q_mode0EL9ap_o_mode3ELi0EES4_7con_12, i14 %p_ZZN4nnet11lstm_staticI8ap_fixedILi14ELi7EL9ap_q_mode0EL9ap_o_mode3ELi0EES4_7con_11, i14 %p_ZZN4nnet11lstm_staticI8ap_fixedILi14ELi7EL9ap_q_mode0EL9ap_o_mode3ELi0EES4_7con_10, i14 %p_ZZN4nnet11lstm_staticI8ap_fixedILi14ELi7EL9ap_q_mode0EL9ap_o_mode3ELi0EES4_7con_9, i14 %p_ZZN4nnet11lstm_staticI8ap_fixedILi14ELi7EL9ap_q_mode0EL9ap_o_mode3ELi0EES4_7con_8, i14 %p_ZZN4nnet11lstm_staticI8ap_fixedILi14ELi7EL9ap_q_mode0EL9ap_o_mode3ELi0EES4_7con_7, i14 %p_ZZN4nnet11lstm_staticI8ap_fixedILi14ELi7EL9ap_q_mode0EL9ap_o_mode3ELi0EES4_7con_6, i14 %p_ZZN4nnet11lstm_staticI8ap_fixedILi14ELi7EL9ap_q_mode0EL9ap_o_mode3ELi0EES4_7con_5, i14 %p_ZZN4nnet11lstm_staticI8ap_fixedILi14ELi7EL9ap_q_mode0EL9ap_o_mode3ELi0EES4_7con_4, i14 %p_ZZN4nnet11lstm_staticI8ap_fixedILi14ELi7EL9ap_q_mode0EL9ap_o_mode3ELi0EES4_7con_3, i14 %p_ZZN4nnet11lstm_staticI8ap_fixedILi14ELi7EL9ap_q_mode0EL9ap_o_mode3ELi0EES4_7con_2, i14 %p_ZZN4nnet11lstm_staticI8ap_fixedILi14ELi7EL9ap_q_mode0EL9ap_o_mode3ELi0EES4_7con_1, i14 %p_ZZN4nnet11lstm_staticI8ap_fixedILi14ELi7EL9ap_q_mode0EL9ap_o_mode3ELi0EES4_7con, i14 %void_lstm_static_bool_ap_fixed_ap_fixed_ap_fixed_weight_t_recurrent_weight_t_19, i14 %void_lstm_static_bool_ap_fixed_ap_fixed_ap_fixed_weight_t_recurrent_weight_t_18, i14 %void_lstm_static_bool_ap_fixed_ap_fixed_ap_fixed_weight_t_recurrent_weight_t_17, i14 %void_lstm_static_bool_ap_fixed_ap_fixed_ap_fixed_weight_t_recurrent_weight_t_16, i14 %void_lstm_static_bool_ap_fixed_ap_fixed_ap_fixed_weight_t_recurrent_weight_t_15, i14 %void_lstm_static_bool_ap_fixed_ap_fixed_ap_fixed_weight_t_recurrent_weight_t_14, i14 %void_lstm_static_bool_ap_fixed_ap_fixed_ap_fixed_weight_t_recurrent_weight_t_13, i14 %void_lstm_static_bool_ap_fixed_ap_fixed_ap_fixed_weight_t_recurrent_weight_t_12, i14 %void_lstm_static_bool_ap_fixed_ap_fixed_ap_fixed_weight_t_recurrent_weight_t_11, i14 %void_lstm_static_bool_ap_fixed_ap_fixed_ap_fixed_weight_t_recurrent_weight_t_10, i14 %p_ZZN4nnet11lstm_staticI8ap_fixedILi14ELi7EL9ap_q_mode0EL9ap_o_mode3ELi0EES4_7con_43, i14 %p_ZZN4nnet11lstm_staticI8ap_fixedILi14ELi7EL9ap_q_mode0EL9ap_o_mode3ELi0EES4_7con_42, i14 %p_ZZN4nnet11lstm_staticI8ap_fixedILi14ELi7EL9ap_q_mode0EL9ap_o_mode3ELi0EES4_7con_41, i14 %p_ZZN4nnet11lstm_staticI8ap_fixedILi14ELi7EL9ap_q_mode0EL9ap_o_mode3ELi0EES4_7con_40, i14 %p_ZZN4nnet11lstm_staticI8ap_fixedILi14ELi7EL9ap_q_mode0EL9ap_o_mode3ELi0EES4_7con_39, i14 %p_ZZN4nnet11lstm_staticI8ap_fixedILi14ELi7EL9ap_q_mode0EL9ap_o_mode3ELi0EES4_7con_38, i14 %p_ZZN4nnet11lstm_staticI8ap_fixedILi14ELi7EL9ap_q_mode0EL9ap_o_mode3ELi0EES4_7con_37, i14 %p_ZZN4nnet11lstm_staticI8ap_fixedILi14ELi7EL9ap_q_mode0EL9ap_o_mode3ELi0EES4_7con_36, i14 %p_ZZN4nnet11lstm_staticI8ap_fixedILi14ELi7EL9ap_q_mode0EL9ap_o_mode3ELi0EES4_7con_35, i14 %p_ZZN4nnet11lstm_staticI8ap_fixedILi14ELi7EL9ap_q_mode0EL9ap_o_mode3ELi0EES4_7con_34, i14 %p_ZZN4nnet11lstm_staticI8ap_fixedILi14ELi7EL9ap_q_mode0EL9ap_o_mode3ELi0EES4_7con_33, i14 %p_ZZN4nnet11lstm_staticI8ap_fixedILi14ELi7EL9ap_q_mode0EL9ap_o_mode3ELi0EES4_7con_32, i14 %p_ZZN4nnet11lstm_staticI8ap_fixedILi14ELi7EL9ap_q_mode0EL9ap_o_mode3ELi0EES4_7con_31, i14 %p_ZZN4nnet11lstm_staticI8ap_fixedILi14ELi7EL9ap_q_mode0EL9ap_o_mode3ELi0EES4_7con_30, i14 %p_ZZN4nnet11lstm_staticI8ap_fixedILi14ELi7EL9ap_q_mode0EL9ap_o_mode3ELi0EES4_7con_29, i14 %p_ZZN4nnet11lstm_staticI8ap_fixedILi14ELi7EL9ap_q_mode0EL9ap_o_mode3ELi0EES4_7con_28, i14 %p_ZZN4nnet11lstm_staticI8ap_fixedILi14ELi7EL9ap_q_mode0EL9ap_o_mode3ELi0EES4_7con_27, i14 %p_ZZN4nnet11lstm_staticI8ap_fixedILi14ELi7EL9ap_q_mode0EL9ap_o_mode3ELi0EES4_7con_26, i14 %p_ZZN4nnet11lstm_staticI8ap_fixedILi14ELi7EL9ap_q_mode0EL9ap_o_mode3ELi0EES4_7con_25, i14 %p_ZZN4nnet11lstm_staticI8ap_fixedILi14ELi7EL9ap_q_mode0EL9ap_o_mode3ELi0EES4_7con_24, i14 %p_ZZN4nnet11lstm_staticI8ap_fixedILi14ELi7EL9ap_q_mode0EL9ap_o_mode3ELi0EES4_7con_23, i14 %p_ZZN4nnet11lstm_staticI8ap_fixedILi14ELi7EL9ap_q_mode0EL9ap_o_mode3ELi0EES4_7con_22, i3 %outidx, i206 %w2, i1 %outidx_4, i703 %wr2, i10 %sigmoid_table, i11 %tanh_table" [firmware/recurrent.cpp:39]   --->   Operation 5 'call' 'call_ret' <Predicate = true> <Delay = 0.00> <CoreType = "Generic">   --->   Generic Core

State 2 <SV = 1> <Delay = 1.68>
ST_2 : Operation 6 [1/2] (1.68ns)   --->   "%call_ret = call i448 @lstm_stack<ap_fixed<14, 7, 0, 3, 0>, ap_fixed<14, 7, 0, 3, 0>, config2>, i448 %input_layer, i14 %void_lstm_static_bool_ap_fixed_ap_fixed_ap_fixed_weight_t_recurrent_weight_t_9, i14 %void_lstm_static_bool_ap_fixed_ap_fixed_ap_fixed_weight_t_recurrent_weight_t_8, i14 %void_lstm_static_bool_ap_fixed_ap_fixed_ap_fixed_weight_t_recurrent_weight_t_7, i14 %void_lstm_static_bool_ap_fixed_ap_fixed_ap_fixed_weight_t_recurrent_weight_t_6, i14 %void_lstm_static_bool_ap_fixed_ap_fixed_ap_fixed_weight_t_recurrent_weight_t_5, i14 %void_lstm_static_bool_ap_fixed_ap_fixed_ap_fixed_weight_t_recurrent_weight_t_4, i14 %void_lstm_static_bool_ap_fixed_ap_fixed_ap_fixed_weight_t_recurrent_weight_t_3, i14 %void_lstm_static_bool_ap_fixed_ap_fixed_ap_fixed_weight_t_recurrent_weight_t_2, i14 %void_lstm_static_bool_ap_fixed_ap_fixed_ap_fixed_weight_t_recurrent_weight_t_1, i14 %void_lstm_static_bool_ap_fixed_ap_fixed_ap_fixed_weight_t_recurrent_weight_t, i14 %p_ZZN4nnet11lstm_staticI8ap_fixedILi14ELi7EL9ap_q_mode0EL9ap_o_mode3ELi0EES4_7con_21, i14 %p_ZZN4nnet11lstm_staticI8ap_fixedILi14ELi7EL9ap_q_mode0EL9ap_o_mode3ELi0EES4_7con_20, i14 %p_ZZN4nnet11lstm_staticI8ap_fixedILi14ELi7EL9ap_q_mode0EL9ap_o_mode3ELi0EES4_7con_19, i14 %p_ZZN4nnet11lstm_staticI8ap_fixedILi14ELi7EL9ap_q_mode0EL9ap_o_mode3ELi0EES4_7con_18, i14 %p_ZZN4nnet11lstm_staticI8ap_fixedILi14ELi7EL9ap_q_mode0EL9ap_o_mode3ELi0EES4_7con_17, i14 %p_ZZN4nnet11lstm_staticI8ap_fixedILi14ELi7EL9ap_q_mode0EL9ap_o_mode3ELi0EES4_7con_16, i14 %p_ZZN4nnet11lstm_staticI8ap_fixedILi14ELi7EL9ap_q_mode0EL9ap_o_mode3ELi0EES4_7con_15, i14 %p_ZZN4nnet11lstm_staticI8ap_fixedILi14ELi7EL9ap_q_mode0EL9ap_o_mode3ELi0EES4_7con_14, i14 %p_ZZN4nnet11lstm_staticI8ap_fixedILi14ELi7EL9ap_q_mode0EL9ap_o_mode3ELi0EES4_7con_13, i14 %p_ZZN4nnet11lstm_staticI8ap_fixedILi14ELi7EL9ap_q_mode0EL9ap_o_mode3ELi0EES4_7con_12, i14 %p_ZZN4nnet11lstm_staticI8ap_fixedILi14ELi7EL9ap_q_mode0EL9ap_o_mode3ELi0EES4_7con_11, i14 %p_ZZN4nnet11lstm_staticI8ap_fixedILi14ELi7EL9ap_q_mode0EL9ap_o_mode3ELi0EES4_7con_10, i14 %p_ZZN4nnet11lstm_staticI8ap_fixedILi14ELi7EL9ap_q_mode0EL9ap_o_mode3ELi0EES4_7con_9, i14 %p_ZZN4nnet11lstm_staticI8ap_fixedILi14ELi7EL9ap_q_mode0EL9ap_o_mode3ELi0EES4_7con_8, i14 %p_ZZN4nnet11lstm_staticI8ap_fixedILi14ELi7EL9ap_q_mode0EL9ap_o_mode3ELi0EES4_7con_7, i14 %p_ZZN4nnet11lstm_staticI8ap_fixedILi14ELi7EL9ap_q_mode0EL9ap_o_mode3ELi0EES4_7con_6, i14 %p_ZZN4nnet11lstm_staticI8ap_fixedILi14ELi7EL9ap_q_mode0EL9ap_o_mode3ELi0EES4_7con_5, i14 %p_ZZN4nnet11lstm_staticI8ap_fixedILi14ELi7EL9ap_q_mode0EL9ap_o_mode3ELi0EES4_7con_4, i14 %p_ZZN4nnet11lstm_staticI8ap_fixedILi14ELi7EL9ap_q_mode0EL9ap_o_mode3ELi0EES4_7con_3, i14 %p_ZZN4nnet11lstm_staticI8ap_fixedILi14ELi7EL9ap_q_mode0EL9ap_o_mode3ELi0EES4_7con_2, i14 %p_ZZN4nnet11lstm_staticI8ap_fixedILi14ELi7EL9ap_q_mode0EL9ap_o_mode3ELi0EES4_7con_1, i14 %p_ZZN4nnet11lstm_staticI8ap_fixedILi14ELi7EL9ap_q_mode0EL9ap_o_mode3ELi0EES4_7con, i14 %void_lstm_static_bool_ap_fixed_ap_fixed_ap_fixed_weight_t_recurrent_weight_t_19, i14 %void_lstm_static_bool_ap_fixed_ap_fixed_ap_fixed_weight_t_recurrent_weight_t_18, i14 %void_lstm_static_bool_ap_fixed_ap_fixed_ap_fixed_weight_t_recurrent_weight_t_17, i14 %void_lstm_static_bool_ap_fixed_ap_fixed_ap_fixed_weight_t_recurrent_weight_t_16, i14 %void_lstm_static_bool_ap_fixed_ap_fixed_ap_fixed_weight_t_recurrent_weight_t_15, i14 %void_lstm_static_bool_ap_fixed_ap_fixed_ap_fixed_weight_t_recurrent_weight_t_14, i14 %void_lstm_static_bool_ap_fixed_ap_fixed_ap_fixed_weight_t_recurrent_weight_t_13, i14 %void_lstm_static_bool_ap_fixed_ap_fixed_ap_fixed_weight_t_recurrent_weight_t_12, i14 %void_lstm_static_bool_ap_fixed_ap_fixed_ap_fixed_weight_t_recurrent_weight_t_11, i14 %void_lstm_static_bool_ap_fixed_ap_fixed_ap_fixed_weight_t_recurrent_weight_t_10, i14 %p_ZZN4nnet11lstm_staticI8ap_fixedILi14ELi7EL9ap_q_mode0EL9ap_o_mode3ELi0EES4_7con_43, i14 %p_ZZN4nnet11lstm_staticI8ap_fixedILi14ELi7EL9ap_q_mode0EL9ap_o_mode3ELi0EES4_7con_42, i14 %p_ZZN4nnet11lstm_staticI8ap_fixedILi14ELi7EL9ap_q_mode0EL9ap_o_mode3ELi0EES4_7con_41, i14 %p_ZZN4nnet11lstm_staticI8ap_fixedILi14ELi7EL9ap_q_mode0EL9ap_o_mode3ELi0EES4_7con_40, i14 %p_ZZN4nnet11lstm_staticI8ap_fixedILi14ELi7EL9ap_q_mode0EL9ap_o_mode3ELi0EES4_7con_39, i14 %p_ZZN4nnet11lstm_staticI8ap_fixedILi14ELi7EL9ap_q_mode0EL9ap_o_mode3ELi0EES4_7con_38, i14 %p_ZZN4nnet11lstm_staticI8ap_fixedILi14ELi7EL9ap_q_mode0EL9ap_o_mode3ELi0EES4_7con_37, i14 %p_ZZN4nnet11lstm_staticI8ap_fixedILi14ELi7EL9ap_q_mode0EL9ap_o_mode3ELi0EES4_7con_36, i14 %p_ZZN4nnet11lstm_staticI8ap_fixedILi14ELi7EL9ap_q_mode0EL9ap_o_mode3ELi0EES4_7con_35, i14 %p_ZZN4nnet11lstm_staticI8ap_fixedILi14ELi7EL9ap_q_mode0EL9ap_o_mode3ELi0EES4_7con_34, i14 %p_ZZN4nnet11lstm_staticI8ap_fixedILi14ELi7EL9ap_q_mode0EL9ap_o_mode3ELi0EES4_7con_33, i14 %p_ZZN4nnet11lstm_staticI8ap_fixedILi14ELi7EL9ap_q_mode0EL9ap_o_mode3ELi0EES4_7con_32, i14 %p_ZZN4nnet11lstm_staticI8ap_fixedILi14ELi7EL9ap_q_mode0EL9ap_o_mode3ELi0EES4_7con_31, i14 %p_ZZN4nnet11lstm_staticI8ap_fixedILi14ELi7EL9ap_q_mode0EL9ap_o_mode3ELi0EES4_7con_30, i14 %p_ZZN4nnet11lstm_staticI8ap_fixedILi14ELi7EL9ap_q_mode0EL9ap_o_mode3ELi0EES4_7con_29, i14 %p_ZZN4nnet11lstm_staticI8ap_fixedILi14ELi7EL9ap_q_mode0EL9ap_o_mode3ELi0EES4_7con_28, i14 %p_ZZN4nnet11lstm_staticI8ap_fixedILi14ELi7EL9ap_q_mode0EL9ap_o_mode3ELi0EES4_7con_27, i14 %p_ZZN4nnet11lstm_staticI8ap_fixedILi14ELi7EL9ap_q_mode0EL9ap_o_mode3ELi0EES4_7con_26, i14 %p_ZZN4nnet11lstm_staticI8ap_fixedILi14ELi7EL9ap_q_mode0EL9ap_o_mode3ELi0EES4_7con_25, i14 %p_ZZN4nnet11lstm_staticI8ap_fixedILi14ELi7EL9ap_q_mode0EL9ap_o_mode3ELi0EES4_7con_24, i14 %p_ZZN4nnet11lstm_staticI8ap_fixedILi14ELi7EL9ap_q_mode0EL9ap_o_mode3ELi0EES4_7con_23, i14 %p_ZZN4nnet11lstm_staticI8ap_fixedILi14ELi7EL9ap_q_mode0EL9ap_o_mode3ELi0EES4_7con_22, i3 %outidx, i206 %w2, i1 %outidx_4, i703 %wr2, i10 %sigmoid_table, i11 %tanh_table" [firmware/recurrent.cpp:39]   --->   Operation 6 'call' 'call_ret' <Predicate = true> <Delay = 1.68> <CoreType = "Generic">   --->   Generic Core
ST_2 : Operation 7 [1/1] (0.00ns)   --->   "%layer2_out = extractvalue i448 %call_ret" [firmware/recurrent.cpp:39]   --->   Operation 7 'extractvalue' 'layer2_out' <Predicate = true> <Delay = 0.00> <CoreInst = "FIFO_SRL">   --->   Core 80 'FIFO_SRL' <Latency = 0> <II = 1> <Delay = 3.90> <Storage> <Opcode : 'read' 'write' 'nbread' 'nbwrite'> <Ports = 0> <Width = 14> <Depth = 2> <FIFO>
ST_2 : Operation 8 [1/1] (0.00ns)   --->   "%layer2_out_1 = extractvalue i448 %call_ret" [firmware/recurrent.cpp:39]   --->   Operation 8 'extractvalue' 'layer2_out_1' <Predicate = true> <Delay = 0.00> <CoreInst = "FIFO_SRL">   --->   Core 80 'FIFO_SRL' <Latency = 0> <II = 1> <Delay = 3.90> <Storage> <Opcode : 'read' 'write' 'nbread' 'nbwrite'> <Ports = 0> <Width = 14> <Depth = 2> <FIFO>
ST_2 : Operation 9 [1/1] (0.00ns)   --->   "%layer2_out_2 = extractvalue i448 %call_ret" [firmware/recurrent.cpp:39]   --->   Operation 9 'extractvalue' 'layer2_out_2' <Predicate = true> <Delay = 0.00> <CoreInst = "FIFO_SRL">   --->   Core 80 'FIFO_SRL' <Latency = 0> <II = 1> <Delay = 3.90> <Storage> <Opcode : 'read' 'write' 'nbread' 'nbwrite'> <Ports = 0> <Width = 14> <Depth = 2> <FIFO>
ST_2 : Operation 10 [1/1] (0.00ns)   --->   "%layer2_out_3 = extractvalue i448 %call_ret" [firmware/recurrent.cpp:39]   --->   Operation 10 'extractvalue' 'layer2_out_3' <Predicate = true> <Delay = 0.00> <CoreInst = "FIFO_SRL">   --->   Core 80 'FIFO_SRL' <Latency = 0> <II = 1> <Delay = 3.90> <Storage> <Opcode : 'read' 'write' 'nbread' 'nbwrite'> <Ports = 0> <Width = 14> <Depth = 2> <FIFO>
ST_2 : Operation 11 [1/1] (0.00ns)   --->   "%layer2_out_4 = extractvalue i448 %call_ret" [firmware/recurrent.cpp:39]   --->   Operation 11 'extractvalue' 'layer2_out_4' <Predicate = true> <Delay = 0.00> <CoreInst = "FIFO_SRL">   --->   Core 80 'FIFO_SRL' <Latency = 0> <II = 1> <Delay = 3.90> <Storage> <Opcode : 'read' 'write' 'nbread' 'nbwrite'> <Ports = 0> <Width = 14> <Depth = 2> <FIFO>
ST_2 : Operation 12 [1/1] (0.00ns)   --->   "%layer2_out_5 = extractvalue i448 %call_ret" [firmware/recurrent.cpp:39]   --->   Operation 12 'extractvalue' 'layer2_out_5' <Predicate = true> <Delay = 0.00> <CoreInst = "FIFO_SRL">   --->   Core 80 'FIFO_SRL' <Latency = 0> <II = 1> <Delay = 3.90> <Storage> <Opcode : 'read' 'write' 'nbread' 'nbwrite'> <Ports = 0> <Width = 14> <Depth = 2> <FIFO>
ST_2 : Operation 13 [1/1] (0.00ns)   --->   "%layer2_out_6 = extractvalue i448 %call_ret" [firmware/recurrent.cpp:39]   --->   Operation 13 'extractvalue' 'layer2_out_6' <Predicate = true> <Delay = 0.00> <CoreInst = "FIFO_SRL">   --->   Core 80 'FIFO_SRL' <Latency = 0> <II = 1> <Delay = 3.90> <Storage> <Opcode : 'read' 'write' 'nbread' 'nbwrite'> <Ports = 0> <Width = 14> <Depth = 2> <FIFO>
ST_2 : Operation 14 [1/1] (0.00ns)   --->   "%layer2_out_7 = extractvalue i448 %call_ret" [firmware/recurrent.cpp:39]   --->   Operation 14 'extractvalue' 'layer2_out_7' <Predicate = true> <Delay = 0.00> <CoreInst = "FIFO_SRL">   --->   Core 80 'FIFO_SRL' <Latency = 0> <II = 1> <Delay = 3.90> <Storage> <Opcode : 'read' 'write' 'nbread' 'nbwrite'> <Ports = 0> <Width = 14> <Depth = 2> <FIFO>
ST_2 : Operation 15 [1/1] (0.00ns)   --->   "%layer2_out_8 = extractvalue i448 %call_ret" [firmware/recurrent.cpp:39]   --->   Operation 15 'extractvalue' 'layer2_out_8' <Predicate = true> <Delay = 0.00> <CoreInst = "FIFO_SRL">   --->   Core 80 'FIFO_SRL' <Latency = 0> <II = 1> <Delay = 3.90> <Storage> <Opcode : 'read' 'write' 'nbread' 'nbwrite'> <Ports = 0> <Width = 14> <Depth = 2> <FIFO>
ST_2 : Operation 16 [1/1] (0.00ns)   --->   "%layer2_out_9 = extractvalue i448 %call_ret" [firmware/recurrent.cpp:39]   --->   Operation 16 'extractvalue' 'layer2_out_9' <Predicate = true> <Delay = 0.00> <CoreInst = "FIFO_SRL">   --->   Core 80 'FIFO_SRL' <Latency = 0> <II = 1> <Delay = 3.90> <Storage> <Opcode : 'read' 'write' 'nbread' 'nbwrite'> <Ports = 0> <Width = 14> <Depth = 2> <FIFO>
ST_2 : Operation 17 [1/1] (0.00ns)   --->   "%layer2_out_10 = extractvalue i448 %call_ret" [firmware/recurrent.cpp:39]   --->   Operation 17 'extractvalue' 'layer2_out_10' <Predicate = true> <Delay = 0.00> <CoreInst = "FIFO_SRL">   --->   Core 80 'FIFO_SRL' <Latency = 0> <II = 1> <Delay = 3.90> <Storage> <Opcode : 'read' 'write' 'nbread' 'nbwrite'> <Ports = 0> <Width = 14> <Depth = 2> <FIFO>
ST_2 : Operation 18 [1/1] (0.00ns)   --->   "%layer2_out_11 = extractvalue i448 %call_ret" [firmware/recurrent.cpp:39]   --->   Operation 18 'extractvalue' 'layer2_out_11' <Predicate = true> <Delay = 0.00> <CoreInst = "FIFO_SRL">   --->   Core 80 'FIFO_SRL' <Latency = 0> <II = 1> <Delay = 3.90> <Storage> <Opcode : 'read' 'write' 'nbread' 'nbwrite'> <Ports = 0> <Width = 14> <Depth = 2> <FIFO>
ST_2 : Operation 19 [1/1] (0.00ns)   --->   "%layer2_out_12 = extractvalue i448 %call_ret" [firmware/recurrent.cpp:39]   --->   Operation 19 'extractvalue' 'layer2_out_12' <Predicate = true> <Delay = 0.00> <CoreInst = "FIFO_SRL">   --->   Core 80 'FIFO_SRL' <Latency = 0> <II = 1> <Delay = 3.90> <Storage> <Opcode : 'read' 'write' 'nbread' 'nbwrite'> <Ports = 0> <Width = 14> <Depth = 2> <FIFO>
ST_2 : Operation 20 [1/1] (0.00ns)   --->   "%layer2_out_13 = extractvalue i448 %call_ret" [firmware/recurrent.cpp:39]   --->   Operation 20 'extractvalue' 'layer2_out_13' <Predicate = true> <Delay = 0.00> <CoreInst = "FIFO_SRL">   --->   Core 80 'FIFO_SRL' <Latency = 0> <II = 1> <Delay = 3.90> <Storage> <Opcode : 'read' 'write' 'nbread' 'nbwrite'> <Ports = 0> <Width = 14> <Depth = 2> <FIFO>
ST_2 : Operation 21 [1/1] (0.00ns)   --->   "%layer2_out_14 = extractvalue i448 %call_ret" [firmware/recurrent.cpp:39]   --->   Operation 21 'extractvalue' 'layer2_out_14' <Predicate = true> <Delay = 0.00> <CoreInst = "FIFO_SRL">   --->   Core 80 'FIFO_SRL' <Latency = 0> <II = 1> <Delay = 3.90> <Storage> <Opcode : 'read' 'write' 'nbread' 'nbwrite'> <Ports = 0> <Width = 14> <Depth = 2> <FIFO>
ST_2 : Operation 22 [1/1] (0.00ns)   --->   "%layer2_out_15 = extractvalue i448 %call_ret" [firmware/recurrent.cpp:39]   --->   Operation 22 'extractvalue' 'layer2_out_15' <Predicate = true> <Delay = 0.00> <CoreInst = "FIFO_SRL">   --->   Core 80 'FIFO_SRL' <Latency = 0> <II = 1> <Delay = 3.90> <Storage> <Opcode : 'read' 'write' 'nbread' 'nbwrite'> <Ports = 0> <Width = 14> <Depth = 2> <FIFO>
ST_2 : Operation 23 [1/1] (0.00ns)   --->   "%layer2_out_16 = extractvalue i448 %call_ret" [firmware/recurrent.cpp:39]   --->   Operation 23 'extractvalue' 'layer2_out_16' <Predicate = true> <Delay = 0.00> <CoreInst = "FIFO_SRL">   --->   Core 80 'FIFO_SRL' <Latency = 0> <II = 1> <Delay = 3.90> <Storage> <Opcode : 'read' 'write' 'nbread' 'nbwrite'> <Ports = 0> <Width = 14> <Depth = 2> <FIFO>
ST_2 : Operation 24 [1/1] (0.00ns)   --->   "%layer2_out_17 = extractvalue i448 %call_ret" [firmware/recurrent.cpp:39]   --->   Operation 24 'extractvalue' 'layer2_out_17' <Predicate = true> <Delay = 0.00> <CoreInst = "FIFO_SRL">   --->   Core 80 'FIFO_SRL' <Latency = 0> <II = 1> <Delay = 3.90> <Storage> <Opcode : 'read' 'write' 'nbread' 'nbwrite'> <Ports = 0> <Width = 14> <Depth = 2> <FIFO>
ST_2 : Operation 25 [1/1] (0.00ns)   --->   "%layer2_out_18 = extractvalue i448 %call_ret" [firmware/recurrent.cpp:39]   --->   Operation 25 'extractvalue' 'layer2_out_18' <Predicate = true> <Delay = 0.00> <CoreInst = "FIFO_SRL">   --->   Core 80 'FIFO_SRL' <Latency = 0> <II = 1> <Delay = 3.90> <Storage> <Opcode : 'read' 'write' 'nbread' 'nbwrite'> <Ports = 0> <Width = 14> <Depth = 2> <FIFO>
ST_2 : Operation 26 [1/1] (0.00ns)   --->   "%layer2_out_19 = extractvalue i448 %call_ret" [firmware/recurrent.cpp:39]   --->   Operation 26 'extractvalue' 'layer2_out_19' <Predicate = true> <Delay = 0.00> <CoreInst = "FIFO_SRL">   --->   Core 80 'FIFO_SRL' <Latency = 0> <II = 1> <Delay = 3.90> <Storage> <Opcode : 'read' 'write' 'nbread' 'nbwrite'> <Ports = 0> <Width = 14> <Depth = 2> <FIFO>
ST_2 : Operation 27 [1/1] (0.00ns)   --->   "%layer2_out_20 = extractvalue i448 %call_ret" [firmware/recurrent.cpp:39]   --->   Operation 27 'extractvalue' 'layer2_out_20' <Predicate = true> <Delay = 0.00> <CoreInst = "FIFO_SRL">   --->   Core 80 'FIFO_SRL' <Latency = 0> <II = 1> <Delay = 3.90> <Storage> <Opcode : 'read' 'write' 'nbread' 'nbwrite'> <Ports = 0> <Width = 14> <Depth = 2> <FIFO>
ST_2 : Operation 28 [1/1] (0.00ns)   --->   "%layer2_out_21 = extractvalue i448 %call_ret" [firmware/recurrent.cpp:39]   --->   Operation 28 'extractvalue' 'layer2_out_21' <Predicate = true> <Delay = 0.00> <CoreInst = "FIFO_SRL">   --->   Core 80 'FIFO_SRL' <Latency = 0> <II = 1> <Delay = 3.90> <Storage> <Opcode : 'read' 'write' 'nbread' 'nbwrite'> <Ports = 0> <Width = 14> <Depth = 2> <FIFO>
ST_2 : Operation 29 [1/1] (0.00ns)   --->   "%layer2_out_22 = extractvalue i448 %call_ret" [firmware/recurrent.cpp:39]   --->   Operation 29 'extractvalue' 'layer2_out_22' <Predicate = true> <Delay = 0.00> <CoreInst = "FIFO_SRL">   --->   Core 80 'FIFO_SRL' <Latency = 0> <II = 1> <Delay = 3.90> <Storage> <Opcode : 'read' 'write' 'nbread' 'nbwrite'> <Ports = 0> <Width = 14> <Depth = 2> <FIFO>
ST_2 : Operation 30 [1/1] (0.00ns)   --->   "%layer2_out_23 = extractvalue i448 %call_ret" [firmware/recurrent.cpp:39]   --->   Operation 30 'extractvalue' 'layer2_out_23' <Predicate = true> <Delay = 0.00> <CoreInst = "FIFO_SRL">   --->   Core 80 'FIFO_SRL' <Latency = 0> <II = 1> <Delay = 3.90> <Storage> <Opcode : 'read' 'write' 'nbread' 'nbwrite'> <Ports = 0> <Width = 14> <Depth = 2> <FIFO>
ST_2 : Operation 31 [1/1] (0.00ns)   --->   "%layer2_out_24 = extractvalue i448 %call_ret" [firmware/recurrent.cpp:39]   --->   Operation 31 'extractvalue' 'layer2_out_24' <Predicate = true> <Delay = 0.00> <CoreInst = "FIFO_SRL">   --->   Core 80 'FIFO_SRL' <Latency = 0> <II = 1> <Delay = 3.90> <Storage> <Opcode : 'read' 'write' 'nbread' 'nbwrite'> <Ports = 0> <Width = 14> <Depth = 2> <FIFO>
ST_2 : Operation 32 [1/1] (0.00ns)   --->   "%layer2_out_25 = extractvalue i448 %call_ret" [firmware/recurrent.cpp:39]   --->   Operation 32 'extractvalue' 'layer2_out_25' <Predicate = true> <Delay = 0.00> <CoreInst = "FIFO_SRL">   --->   Core 80 'FIFO_SRL' <Latency = 0> <II = 1> <Delay = 3.90> <Storage> <Opcode : 'read' 'write' 'nbread' 'nbwrite'> <Ports = 0> <Width = 14> <Depth = 2> <FIFO>
ST_2 : Operation 33 [1/1] (0.00ns)   --->   "%layer2_out_26 = extractvalue i448 %call_ret" [firmware/recurrent.cpp:39]   --->   Operation 33 'extractvalue' 'layer2_out_26' <Predicate = true> <Delay = 0.00> <CoreInst = "FIFO_SRL">   --->   Core 80 'FIFO_SRL' <Latency = 0> <II = 1> <Delay = 3.90> <Storage> <Opcode : 'read' 'write' 'nbread' 'nbwrite'> <Ports = 0> <Width = 14> <Depth = 2> <FIFO>
ST_2 : Operation 34 [1/1] (0.00ns)   --->   "%layer2_out_27 = extractvalue i448 %call_ret" [firmware/recurrent.cpp:39]   --->   Operation 34 'extractvalue' 'layer2_out_27' <Predicate = true> <Delay = 0.00> <CoreInst = "FIFO_SRL">   --->   Core 80 'FIFO_SRL' <Latency = 0> <II = 1> <Delay = 3.90> <Storage> <Opcode : 'read' 'write' 'nbread' 'nbwrite'> <Ports = 0> <Width = 14> <Depth = 2> <FIFO>
ST_2 : Operation 35 [1/1] (0.00ns)   --->   "%layer2_out_28 = extractvalue i448 %call_ret" [firmware/recurrent.cpp:39]   --->   Operation 35 'extractvalue' 'layer2_out_28' <Predicate = true> <Delay = 0.00> <CoreInst = "FIFO_SRL">   --->   Core 80 'FIFO_SRL' <Latency = 0> <II = 1> <Delay = 3.90> <Storage> <Opcode : 'read' 'write' 'nbread' 'nbwrite'> <Ports = 0> <Width = 14> <Depth = 2> <FIFO>
ST_2 : Operation 36 [1/1] (0.00ns)   --->   "%layer2_out_29 = extractvalue i448 %call_ret" [firmware/recurrent.cpp:39]   --->   Operation 36 'extractvalue' 'layer2_out_29' <Predicate = true> <Delay = 0.00> <CoreInst = "FIFO_SRL">   --->   Core 80 'FIFO_SRL' <Latency = 0> <II = 1> <Delay = 3.90> <Storage> <Opcode : 'read' 'write' 'nbread' 'nbwrite'> <Ports = 0> <Width = 14> <Depth = 2> <FIFO>
ST_2 : Operation 37 [1/1] (0.00ns)   --->   "%layer2_out_30 = extractvalue i448 %call_ret" [firmware/recurrent.cpp:39]   --->   Operation 37 'extractvalue' 'layer2_out_30' <Predicate = true> <Delay = 0.00> <CoreInst = "FIFO_SRL">   --->   Core 80 'FIFO_SRL' <Latency = 0> <II = 1> <Delay = 3.90> <Storage> <Opcode : 'read' 'write' 'nbread' 'nbwrite'> <Ports = 0> <Width = 14> <Depth = 2> <FIFO>
ST_2 : Operation 38 [1/1] (0.00ns)   --->   "%layer2_out_31 = extractvalue i448 %call_ret" [firmware/recurrent.cpp:39]   --->   Operation 38 'extractvalue' 'layer2_out_31' <Predicate = true> <Delay = 0.00> <CoreInst = "FIFO_SRL">   --->   Core 80 'FIFO_SRL' <Latency = 0> <II = 1> <Delay = 3.90> <Storage> <Opcode : 'read' 'write' 'nbread' 'nbwrite'> <Ports = 0> <Width = 14> <Depth = 2> <FIFO>

State 3 <SV = 2> <Delay = 1.46>
ST_3 : Operation 39 [2/2] (1.46ns)   --->   "%call_ln65 = call void @dense_resource_rf_leq_nin<ap_fixed,ap_fixed<14,7,0,3,0>,config3>, i14 %layer2_out, i14 %layer2_out_1, i14 %layer2_out_2, i14 %layer2_out_3, i14 %layer2_out_4, i14 %layer2_out_5, i14 %layer2_out_6, i14 %layer2_out_7, i14 %layer2_out_8, i14 %layer2_out_9, i14 %layer2_out_10, i14 %layer2_out_11, i14 %layer2_out_12, i14 %layer2_out_13, i14 %layer2_out_14, i14 %layer2_out_15, i14 %layer2_out_16, i14 %layer2_out_17, i14 %layer2_out_18, i14 %layer2_out_19, i14 %layer2_out_20, i14 %layer2_out_21, i14 %layer2_out_22, i14 %layer2_out_23, i14 %layer2_out_24, i14 %layer2_out_25, i14 %layer2_out_26, i14 %layer2_out_27, i14 %layer2_out_28, i14 %layer2_out_29, i14 %layer2_out_30, i14 %layer2_out_31, i14 %layer3_out, i10 %w3" [firmware/nnet_utils/nnet_dense.h:65->firmware/nnet_utils/nnet_dense.h:45->firmware/recurrent.cpp:41]   --->   Operation 39 'call' 'call_ln65' <Predicate = true> <Delay = 1.46> <CoreType = "Generic">   --->   Generic Core

State 4 <SV = 3> <Delay = 2.13>
ST_4 : Operation 40 [1/1] (0.00ns)   --->   "%specdataflowpipeline_ln0 = specdataflowpipeline void @_ssdm_op_SpecDataflowPipeline, i32 4294967295, i32 0, void @empty_2"   --->   Operation 40 'specdataflowpipeline' 'specdataflowpipeline_ln0' <Predicate = true> <Delay = 0.00>
ST_4 : Operation 41 [1/1] (0.00ns)   --->   "%spectopmodule_ln0 = spectopmodule void @_ssdm_op_SpecTopModule, void @empty"   --->   Operation 41 'spectopmodule' 'spectopmodule_ln0' <Predicate = true> <Delay = 0.00>
ST_4 : Operation 42 [1/1] (0.00ns)   --->   "%specbitsmap_ln0 = specbitsmap void @_ssdm_op_SpecBitsMap, i448 %input_layer"   --->   Operation 42 'specbitsmap' 'specbitsmap_ln0' <Predicate = true> <Delay = 0.00>
ST_4 : Operation 43 [1/1] (0.00ns)   --->   "%specinterface_ln0 = specinterface void @_ssdm_op_SpecInterface, i448 %input_layer, void @empty_1, i32 4294967295, i32 4294967295, void @empty_2, i32 0, i32 0, void @empty_2, void @empty_2, void @empty_2, i32 0, i32 0, i32 0, i32 0, void @empty_2, void @empty_2, i32 4294967295, i32 0, i32 0, i32 0"   --->   Operation 43 'specinterface' 'specinterface_ln0' <Predicate = true> <Delay = 0.00>
ST_4 : Operation 44 [1/1] (0.00ns)   --->   "%specbitsmap_ln0 = specbitsmap void @_ssdm_op_SpecBitsMap, i14 %layer3_out"   --->   Operation 44 'specbitsmap' 'specbitsmap_ln0' <Predicate = true> <Delay = 0.00>
ST_4 : Operation 45 [1/1] (0.00ns)   --->   "%specinterface_ln0 = specinterface void @_ssdm_op_SpecInterface, i14 %layer3_out, void @empty_1, i32 4294967295, i32 4294967295, void @empty_2, i32 0, i32 0, void @empty_2, void @empty_2, void @empty_2, i32 0, i32 0, i32 0, i32 0, void @empty_2, void @empty_2, i32 4294967295, i32 0, i32 0, i32 0"   --->   Operation 45 'specinterface' 'specinterface_ln0' <Predicate = true> <Delay = 0.00>
ST_4 : Operation 46 [1/1] (0.00ns)   --->   "%specmemcore_ln39 = specmemcore void @_ssdm_op_SpecMemCore, i206 %w2, i64 666, i64 38, i64 18446744073709551615, i1 0" [firmware/recurrent.cpp:39]   --->   Operation 46 'specmemcore' 'specmemcore_ln39' <Predicate = true> <Delay = 0.00>
ST_4 : Operation 47 [1/1] (0.00ns)   --->   "%specmemcore_ln39 = specmemcore void @_ssdm_op_SpecMemCore, i703 %wr2, i64 666, i64 38, i64 18446744073709551615, i1 0" [firmware/recurrent.cpp:39]   --->   Operation 47 'specmemcore' 'specmemcore_ln39' <Predicate = true> <Delay = 0.00>
ST_4 : Operation 48 [1/1] (0.00ns)   --->   "%specmemcore_ln65 = specmemcore void @_ssdm_op_SpecMemCore, i10 %w3, i64 666, i64 38, i64 18446744073709551615, i1 0" [firmware/nnet_utils/nnet_dense.h:65->firmware/nnet_utils/nnet_dense.h:45->firmware/recurrent.cpp:41]   --->   Operation 48 'specmemcore' 'specmemcore_ln65' <Predicate = true> <Delay = 0.00>
ST_4 : Operation 49 [1/2] (2.13ns)   --->   "%call_ln65 = call void @dense_resource_rf_leq_nin<ap_fixed,ap_fixed<14,7,0,3,0>,config3>, i14 %layer2_out, i14 %layer2_out_1, i14 %layer2_out_2, i14 %layer2_out_3, i14 %layer2_out_4, i14 %layer2_out_5, i14 %layer2_out_6, i14 %layer2_out_7, i14 %layer2_out_8, i14 %layer2_out_9, i14 %layer2_out_10, i14 %layer2_out_11, i14 %layer2_out_12, i14 %layer2_out_13, i14 %layer2_out_14, i14 %layer2_out_15, i14 %layer2_out_16, i14 %layer2_out_17, i14 %layer2_out_18, i14 %layer2_out_19, i14 %layer2_out_20, i14 %layer2_out_21, i14 %layer2_out_22, i14 %layer2_out_23, i14 %layer2_out_24, i14 %layer2_out_25, i14 %layer2_out_26, i14 %layer2_out_27, i14 %layer2_out_28, i14 %layer2_out_29, i14 %layer2_out_30, i14 %layer2_out_31, i14 %layer3_out, i10 %w3" [firmware/nnet_utils/nnet_dense.h:65->firmware/nnet_utils/nnet_dense.h:45->firmware/recurrent.cpp:41]   --->   Operation 49 'call' 'call_ln65' <Predicate = true> <Delay = 2.13> <CoreType = "Generic">   --->   Generic Core
ST_4 : Operation 50 [1/1] (0.00ns)   --->   "%ret_ln43 = ret" [firmware/recurrent.cpp:43]   --->   Operation 50 'ret' 'ret_ln43' <Predicate = true> <Delay = 0.00>


============================================================
+ Verbose Summary: Binding
============================================================
STG Binding: 
---------------- STG Properties BEGIN ----------------
- Is combinational: 0
- Is one-state seq: 0
- Is datapath-only: 0
- Is pipelined: 0
- Is top level: 1
Port [ Return ] is wired: 1; IO mode=ap_ctrl_hs:ce=0
Port [ input_layer]:  wired=1; compound=0; hidden=0; nouse=0; global=0; static=0; extern=0; dir=0; type=0; pingpong=0; private_global=0; IO mode=ap_vld:ce=0
Port [ layer3_out]:  wired=1; compound=0; hidden=0; nouse=0; global=0; static=0; extern=0; dir=1; type=0; pingpong=0; private_global=0; IO mode=ap_vld:ce=0
Port [ void_lstm_static_bool_ap_fixed_ap_fixed_ap_fixed_weight_t_recurrent_weight_t_9]:  wired=0; compound=0; hidden=1; nouse=1; global=1; static=1; extern=0; dir=2; type=0; pingpong=0; private_global=0; IO mode=ap_ovld:ce=0
Port [ void_lstm_static_bool_ap_fixed_ap_fixed_ap_fixed_weight_t_recurrent_weight_t_8]:  wired=0; compound=0; hidden=1; nouse=1; global=1; static=1; extern=0; dir=2; type=0; pingpong=0; private_global=0; IO mode=ap_ovld:ce=0
Port [ void_lstm_static_bool_ap_fixed_ap_fixed_ap_fixed_weight_t_recurrent_weight_t_7]:  wired=0; compound=0; hidden=1; nouse=1; global=1; static=1; extern=0; dir=2; type=0; pingpong=0; private_global=0; IO mode=ap_ovld:ce=0
Port [ void_lstm_static_bool_ap_fixed_ap_fixed_ap_fixed_weight_t_recurrent_weight_t_6]:  wired=0; compound=0; hidden=1; nouse=1; global=1; static=1; extern=0; dir=2; type=0; pingpong=0; private_global=0; IO mode=ap_ovld:ce=0
Port [ void_lstm_static_bool_ap_fixed_ap_fixed_ap_fixed_weight_t_recurrent_weight_t_5]:  wired=0; compound=0; hidden=1; nouse=1; global=1; static=1; extern=0; dir=2; type=0; pingpong=0; private_global=0; IO mode=ap_ovld:ce=0
Port [ void_lstm_static_bool_ap_fixed_ap_fixed_ap_fixed_weight_t_recurrent_weight_t_4]:  wired=0; compound=0; hidden=1; nouse=1; global=1; static=1; extern=0; dir=2; type=0; pingpong=0; private_global=0; IO mode=ap_ovld:ce=0
Port [ void_lstm_static_bool_ap_fixed_ap_fixed_ap_fixed_weight_t_recurrent_weight_t_3]:  wired=0; compound=0; hidden=1; nouse=1; global=1; static=1; extern=0; dir=2; type=0; pingpong=0; private_global=0; IO mode=ap_ovld:ce=0
Port [ void_lstm_static_bool_ap_fixed_ap_fixed_ap_fixed_weight_t_recurrent_weight_t_2]:  wired=0; compound=0; hidden=1; nouse=1; global=1; static=1; extern=0; dir=2; type=0; pingpong=0; private_global=0; IO mode=ap_ovld:ce=0
Port [ void_lstm_static_bool_ap_fixed_ap_fixed_ap_fixed_weight_t_recurrent_weight_t_1]:  wired=0; compound=0; hidden=1; nouse=1; global=1; static=1; extern=0; dir=2; type=0; pingpong=0; private_global=0; IO mode=ap_ovld:ce=0
Port [ void_lstm_static_bool_ap_fixed_ap_fixed_ap_fixed_weight_t_recurrent_weight_t]:  wired=0; compound=0; hidden=1; nouse=1; global=1; static=1; extern=0; dir=2; type=0; pingpong=0; private_global=0; IO mode=ap_ovld:ce=0
Port [ p_ZZN4nnet11lstm_staticI8ap_fixedILi14ELi7EL9ap_q_mode0EL9ap_o_mode3ELi0EES4_7con_21]:  wired=0; compound=0; hidden=1; nouse=1; global=1; static=1; extern=0; dir=2; type=0; pingpong=0; private_global=0; IO mode=ap_ovld:ce=0
Port [ p_ZZN4nnet11lstm_staticI8ap_fixedILi14ELi7EL9ap_q_mode0EL9ap_o_mode3ELi0EES4_7con_20]:  wired=0; compound=0; hidden=1; nouse=1; global=1; static=1; extern=0; dir=2; type=0; pingpong=0; private_global=0; IO mode=ap_ovld:ce=0
Port [ p_ZZN4nnet11lstm_staticI8ap_fixedILi14ELi7EL9ap_q_mode0EL9ap_o_mode3ELi0EES4_7con_19]:  wired=0; compound=0; hidden=1; nouse=1; global=1; static=1; extern=0; dir=2; type=0; pingpong=0; private_global=0; IO mode=ap_ovld:ce=0
Port [ p_ZZN4nnet11lstm_staticI8ap_fixedILi14ELi7EL9ap_q_mode0EL9ap_o_mode3ELi0EES4_7con_18]:  wired=0; compound=0; hidden=1; nouse=1; global=1; static=1; extern=0; dir=2; type=0; pingpong=0; private_global=0; IO mode=ap_ovld:ce=0
Port [ p_ZZN4nnet11lstm_staticI8ap_fixedILi14ELi7EL9ap_q_mode0EL9ap_o_mode3ELi0EES4_7con_17]:  wired=0; compound=0; hidden=1; nouse=1; global=1; static=1; extern=0; dir=2; type=0; pingpong=0; private_global=0; IO mode=ap_ovld:ce=0
Port [ p_ZZN4nnet11lstm_staticI8ap_fixedILi14ELi7EL9ap_q_mode0EL9ap_o_mode3ELi0EES4_7con_16]:  wired=0; compound=0; hidden=1; nouse=1; global=1; static=1; extern=0; dir=2; type=0; pingpong=0; private_global=0; IO mode=ap_ovld:ce=0
Port [ p_ZZN4nnet11lstm_staticI8ap_fixedILi14ELi7EL9ap_q_mode0EL9ap_o_mode3ELi0EES4_7con_15]:  wired=0; compound=0; hidden=1; nouse=1; global=1; static=1; extern=0; dir=2; type=0; pingpong=0; private_global=0; IO mode=ap_ovld:ce=0
Port [ p_ZZN4nnet11lstm_staticI8ap_fixedILi14ELi7EL9ap_q_mode0EL9ap_o_mode3ELi0EES4_7con_14]:  wired=0; compound=0; hidden=1; nouse=1; global=1; static=1; extern=0; dir=2; type=0; pingpong=0; private_global=0; IO mode=ap_ovld:ce=0
Port [ p_ZZN4nnet11lstm_staticI8ap_fixedILi14ELi7EL9ap_q_mode0EL9ap_o_mode3ELi0EES4_7con_13]:  wired=0; compound=0; hidden=1; nouse=1; global=1; static=1; extern=0; dir=2; type=0; pingpong=0; private_global=0; IO mode=ap_ovld:ce=0
Port [ p_ZZN4nnet11lstm_staticI8ap_fixedILi14ELi7EL9ap_q_mode0EL9ap_o_mode3ELi0EES4_7con_12]:  wired=0; compound=0; hidden=1; nouse=1; global=1; static=1; extern=0; dir=2; type=0; pingpong=0; private_global=0; IO mode=ap_ovld:ce=0
Port [ p_ZZN4nnet11lstm_staticI8ap_fixedILi14ELi7EL9ap_q_mode0EL9ap_o_mode3ELi0EES4_7con_11]:  wired=0; compound=0; hidden=1; nouse=1; global=1; static=1; extern=0; dir=2; type=0; pingpong=0; private_global=0; IO mode=ap_ovld:ce=0
Port [ p_ZZN4nnet11lstm_staticI8ap_fixedILi14ELi7EL9ap_q_mode0EL9ap_o_mode3ELi0EES4_7con_10]:  wired=0; compound=0; hidden=1; nouse=1; global=1; static=1; extern=0; dir=2; type=0; pingpong=0; private_global=0; IO mode=ap_ovld:ce=0
Port [ p_ZZN4nnet11lstm_staticI8ap_fixedILi14ELi7EL9ap_q_mode0EL9ap_o_mode3ELi0EES4_7con_9]:  wired=0; compound=0; hidden=1; nouse=1; global=1; static=1; extern=0; dir=2; type=0; pingpong=0; private_global=0; IO mode=ap_ovld:ce=0
Port [ p_ZZN4nnet11lstm_staticI8ap_fixedILi14ELi7EL9ap_q_mode0EL9ap_o_mode3ELi0EES4_7con_8]:  wired=0; compound=0; hidden=1; nouse=1; global=1; static=1; extern=0; dir=2; type=0; pingpong=0; private_global=0; IO mode=ap_ovld:ce=0
Port [ p_ZZN4nnet11lstm_staticI8ap_fixedILi14ELi7EL9ap_q_mode0EL9ap_o_mode3ELi0EES4_7con_7]:  wired=0; compound=0; hidden=1; nouse=1; global=1; static=1; extern=0; dir=2; type=0; pingpong=0; private_global=0; IO mode=ap_ovld:ce=0
Port [ p_ZZN4nnet11lstm_staticI8ap_fixedILi14ELi7EL9ap_q_mode0EL9ap_o_mode3ELi0EES4_7con_6]:  wired=0; compound=0; hidden=1; nouse=1; global=1; static=1; extern=0; dir=2; type=0; pingpong=0; private_global=0; IO mode=ap_ovld:ce=0
Port [ p_ZZN4nnet11lstm_staticI8ap_fixedILi14ELi7EL9ap_q_mode0EL9ap_o_mode3ELi0EES4_7con_5]:  wired=0; compound=0; hidden=1; nouse=1; global=1; static=1; extern=0; dir=2; type=0; pingpong=0; private_global=0; IO mode=ap_ovld:ce=0
Port [ p_ZZN4nnet11lstm_staticI8ap_fixedILi14ELi7EL9ap_q_mode0EL9ap_o_mode3ELi0EES4_7con_4]:  wired=0; compound=0; hidden=1; nouse=1; global=1; static=1; extern=0; dir=2; type=0; pingpong=0; private_global=0; IO mode=ap_ovld:ce=0
Port [ p_ZZN4nnet11lstm_staticI8ap_fixedILi14ELi7EL9ap_q_mode0EL9ap_o_mode3ELi0EES4_7con_3]:  wired=0; compound=0; hidden=1; nouse=1; global=1; static=1; extern=0; dir=2; type=0; pingpong=0; private_global=0; IO mode=ap_ovld:ce=0
Port [ p_ZZN4nnet11lstm_staticI8ap_fixedILi14ELi7EL9ap_q_mode0EL9ap_o_mode3ELi0EES4_7con_2]:  wired=0; compound=0; hidden=1; nouse=1; global=1; static=1; extern=0; dir=2; type=0; pingpong=0; private_global=0; IO mode=ap_ovld:ce=0
Port [ p_ZZN4nnet11lstm_staticI8ap_fixedILi14ELi7EL9ap_q_mode0EL9ap_o_mode3ELi0EES4_7con_1]:  wired=0; compound=0; hidden=1; nouse=1; global=1; static=1; extern=0; dir=2; type=0; pingpong=0; private_global=0; IO mode=ap_ovld:ce=0
Port [ p_ZZN4nnet11lstm_staticI8ap_fixedILi14ELi7EL9ap_q_mode0EL9ap_o_mode3ELi0EES4_7con]:  wired=0; compound=0; hidden=1; nouse=1; global=1; static=1; extern=0; dir=2; type=0; pingpong=0; private_global=0; IO mode=ap_ovld:ce=0
Port [ void_lstm_static_bool_ap_fixed_ap_fixed_ap_fixed_weight_t_recurrent_weight_t_19]:  wired=0; compound=0; hidden=1; nouse=1; global=1; static=1; extern=0; dir=2; type=0; pingpong=0; private_global=0; IO mode=ap_ovld:ce=0
Port [ void_lstm_static_bool_ap_fixed_ap_fixed_ap_fixed_weight_t_recurrent_weight_t_18]:  wired=0; compound=0; hidden=1; nouse=1; global=1; static=1; extern=0; dir=2; type=0; pingpong=0; private_global=0; IO mode=ap_ovld:ce=0
Port [ void_lstm_static_bool_ap_fixed_ap_fixed_ap_fixed_weight_t_recurrent_weight_t_17]:  wired=0; compound=0; hidden=1; nouse=1; global=1; static=1; extern=0; dir=2; type=0; pingpong=0; private_global=0; IO mode=ap_ovld:ce=0
Port [ void_lstm_static_bool_ap_fixed_ap_fixed_ap_fixed_weight_t_recurrent_weight_t_16]:  wired=0; compound=0; hidden=1; nouse=1; global=1; static=1; extern=0; dir=2; type=0; pingpong=0; private_global=0; IO mode=ap_ovld:ce=0
Port [ void_lstm_static_bool_ap_fixed_ap_fixed_ap_fixed_weight_t_recurrent_weight_t_15]:  wired=0; compound=0; hidden=1; nouse=1; global=1; static=1; extern=0; dir=2; type=0; pingpong=0; private_global=0; IO mode=ap_ovld:ce=0
Port [ void_lstm_static_bool_ap_fixed_ap_fixed_ap_fixed_weight_t_recurrent_weight_t_14]:  wired=0; compound=0; hidden=1; nouse=1; global=1; static=1; extern=0; dir=2; type=0; pingpong=0; private_global=0; IO mode=ap_ovld:ce=0
Port [ void_lstm_static_bool_ap_fixed_ap_fixed_ap_fixed_weight_t_recurrent_weight_t_13]:  wired=0; compound=0; hidden=1; nouse=1; global=1; static=1; extern=0; dir=2; type=0; pingpong=0; private_global=0; IO mode=ap_ovld:ce=0
Port [ void_lstm_static_bool_ap_fixed_ap_fixed_ap_fixed_weight_t_recurrent_weight_t_12]:  wired=0; compound=0; hidden=1; nouse=1; global=1; static=1; extern=0; dir=2; type=0; pingpong=0; private_global=0; IO mode=ap_ovld:ce=0
Port [ void_lstm_static_bool_ap_fixed_ap_fixed_ap_fixed_weight_t_recurrent_weight_t_11]:  wired=0; compound=0; hidden=1; nouse=1; global=1; static=1; extern=0; dir=2; type=0; pingpong=0; private_global=0; IO mode=ap_ovld:ce=0
Port [ void_lstm_static_bool_ap_fixed_ap_fixed_ap_fixed_weight_t_recurrent_weight_t_10]:  wired=0; compound=0; hidden=1; nouse=1; global=1; static=1; extern=0; dir=2; type=0; pingpong=0; private_global=0; IO mode=ap_ovld:ce=0
Port [ p_ZZN4nnet11lstm_staticI8ap_fixedILi14ELi7EL9ap_q_mode0EL9ap_o_mode3ELi0EES4_7con_43]:  wired=0; compound=0; hidden=1; nouse=1; global=1; static=1; extern=0; dir=2; type=0; pingpong=0; private_global=0; IO mode=ap_ovld:ce=0
Port [ p_ZZN4nnet11lstm_staticI8ap_fixedILi14ELi7EL9ap_q_mode0EL9ap_o_mode3ELi0EES4_7con_42]:  wired=0; compound=0; hidden=1; nouse=1; global=1; static=1; extern=0; dir=2; type=0; pingpong=0; private_global=0; IO mode=ap_ovld:ce=0
Port [ p_ZZN4nnet11lstm_staticI8ap_fixedILi14ELi7EL9ap_q_mode0EL9ap_o_mode3ELi0EES4_7con_41]:  wired=0; compound=0; hidden=1; nouse=1; global=1; static=1; extern=0; dir=2; type=0; pingpong=0; private_global=0; IO mode=ap_ovld:ce=0
Port [ p_ZZN4nnet11lstm_staticI8ap_fixedILi14ELi7EL9ap_q_mode0EL9ap_o_mode3ELi0EES4_7con_40]:  wired=0; compound=0; hidden=1; nouse=1; global=1; static=1; extern=0; dir=2; type=0; pingpong=0; private_global=0; IO mode=ap_ovld:ce=0
Port [ p_ZZN4nnet11lstm_staticI8ap_fixedILi14ELi7EL9ap_q_mode0EL9ap_o_mode3ELi0EES4_7con_39]:  wired=0; compound=0; hidden=1; nouse=1; global=1; static=1; extern=0; dir=2; type=0; pingpong=0; private_global=0; IO mode=ap_ovld:ce=0
Port [ p_ZZN4nnet11lstm_staticI8ap_fixedILi14ELi7EL9ap_q_mode0EL9ap_o_mode3ELi0EES4_7con_38]:  wired=0; compound=0; hidden=1; nouse=1; global=1; static=1; extern=0; dir=2; type=0; pingpong=0; private_global=0; IO mode=ap_ovld:ce=0
Port [ p_ZZN4nnet11lstm_staticI8ap_fixedILi14ELi7EL9ap_q_mode0EL9ap_o_mode3ELi0EES4_7con_37]:  wired=0; compound=0; hidden=1; nouse=1; global=1; static=1; extern=0; dir=2; type=0; pingpong=0; private_global=0; IO mode=ap_ovld:ce=0
Port [ p_ZZN4nnet11lstm_staticI8ap_fixedILi14ELi7EL9ap_q_mode0EL9ap_o_mode3ELi0EES4_7con_36]:  wired=0; compound=0; hidden=1; nouse=1; global=1; static=1; extern=0; dir=2; type=0; pingpong=0; private_global=0; IO mode=ap_ovld:ce=0
Port [ p_ZZN4nnet11lstm_staticI8ap_fixedILi14ELi7EL9ap_q_mode0EL9ap_o_mode3ELi0EES4_7con_35]:  wired=0; compound=0; hidden=1; nouse=1; global=1; static=1; extern=0; dir=2; type=0; pingpong=0; private_global=0; IO mode=ap_ovld:ce=0
Port [ p_ZZN4nnet11lstm_staticI8ap_fixedILi14ELi7EL9ap_q_mode0EL9ap_o_mode3ELi0EES4_7con_34]:  wired=0; compound=0; hidden=1; nouse=1; global=1; static=1; extern=0; dir=2; type=0; pingpong=0; private_global=0; IO mode=ap_ovld:ce=0
Port [ p_ZZN4nnet11lstm_staticI8ap_fixedILi14ELi7EL9ap_q_mode0EL9ap_o_mode3ELi0EES4_7con_33]:  wired=0; compound=0; hidden=1; nouse=1; global=1; static=1; extern=0; dir=2; type=0; pingpong=0; private_global=0; IO mode=ap_ovld:ce=0
Port [ p_ZZN4nnet11lstm_staticI8ap_fixedILi14ELi7EL9ap_q_mode0EL9ap_o_mode3ELi0EES4_7con_32]:  wired=0; compound=0; hidden=1; nouse=1; global=1; static=1; extern=0; dir=2; type=0; pingpong=0; private_global=0; IO mode=ap_ovld:ce=0
Port [ p_ZZN4nnet11lstm_staticI8ap_fixedILi14ELi7EL9ap_q_mode0EL9ap_o_mode3ELi0EES4_7con_31]:  wired=0; compound=0; hidden=1; nouse=1; global=1; static=1; extern=0; dir=2; type=0; pingpong=0; private_global=0; IO mode=ap_ovld:ce=0
Port [ p_ZZN4nnet11lstm_staticI8ap_fixedILi14ELi7EL9ap_q_mode0EL9ap_o_mode3ELi0EES4_7con_30]:  wired=0; compound=0; hidden=1; nouse=1; global=1; static=1; extern=0; dir=2; type=0; pingpong=0; private_global=0; IO mode=ap_ovld:ce=0
Port [ p_ZZN4nnet11lstm_staticI8ap_fixedILi14ELi7EL9ap_q_mode0EL9ap_o_mode3ELi0EES4_7con_29]:  wired=0; compound=0; hidden=1; nouse=1; global=1; static=1; extern=0; dir=2; type=0; pingpong=0; private_global=0; IO mode=ap_ovld:ce=0
Port [ p_ZZN4nnet11lstm_staticI8ap_fixedILi14ELi7EL9ap_q_mode0EL9ap_o_mode3ELi0EES4_7con_28]:  wired=0; compound=0; hidden=1; nouse=1; global=1; static=1; extern=0; dir=2; type=0; pingpong=0; private_global=0; IO mode=ap_ovld:ce=0
Port [ p_ZZN4nnet11lstm_staticI8ap_fixedILi14ELi7EL9ap_q_mode0EL9ap_o_mode3ELi0EES4_7con_27]:  wired=0; compound=0; hidden=1; nouse=1; global=1; static=1; extern=0; dir=2; type=0; pingpong=0; private_global=0; IO mode=ap_ovld:ce=0
Port [ p_ZZN4nnet11lstm_staticI8ap_fixedILi14ELi7EL9ap_q_mode0EL9ap_o_mode3ELi0EES4_7con_26]:  wired=0; compound=0; hidden=1; nouse=1; global=1; static=1; extern=0; dir=2; type=0; pingpong=0; private_global=0; IO mode=ap_ovld:ce=0
Port [ p_ZZN4nnet11lstm_staticI8ap_fixedILi14ELi7EL9ap_q_mode0EL9ap_o_mode3ELi0EES4_7con_25]:  wired=0; compound=0; hidden=1; nouse=1; global=1; static=1; extern=0; dir=2; type=0; pingpong=0; private_global=0; IO mode=ap_ovld:ce=0
Port [ p_ZZN4nnet11lstm_staticI8ap_fixedILi14ELi7EL9ap_q_mode0EL9ap_o_mode3ELi0EES4_7con_24]:  wired=0; compound=0; hidden=1; nouse=1; global=1; static=1; extern=0; dir=2; type=0; pingpong=0; private_global=0; IO mode=ap_ovld:ce=0
Port [ p_ZZN4nnet11lstm_staticI8ap_fixedILi14ELi7EL9ap_q_mode0EL9ap_o_mode3ELi0EES4_7con_23]:  wired=0; compound=0; hidden=1; nouse=1; global=1; static=1; extern=0; dir=2; type=0; pingpong=0; private_global=0; IO mode=ap_ovld:ce=0
Port [ p_ZZN4nnet11lstm_staticI8ap_fixedILi14ELi7EL9ap_q_mode0EL9ap_o_mode3ELi0EES4_7con_22]:  wired=0; compound=0; hidden=1; nouse=1; global=1; static=1; extern=0; dir=2; type=0; pingpong=0; private_global=0; IO mode=ap_ovld:ce=0
Port [ outidx]:  wired=0; compound=1; hidden=1; nouse=1; global=1; static=1; extern=0; dir=0; type=1; pingpong=0; private_global=0; MemPort=[1]; IO mode=ap_memory:ce=0
Port [ w2]:  wired=0; compound=1; hidden=1; nouse=1; global=1; static=1; extern=0; dir=0; type=1; pingpong=0; private_global=0; MemPort=[1]; IO mode=ap_memory:ce=0
Port [ outidx_4]:  wired=0; compound=1; hidden=1; nouse=1; global=1; static=1; extern=0; dir=0; type=1; pingpong=0; private_global=0; MemPort=[1]; IO mode=ap_memory:ce=0
Port [ wr2]:  wired=0; compound=1; hidden=1; nouse=1; global=1; static=1; extern=0; dir=0; type=1; pingpong=0; private_global=0; MemPort=[1]; IO mode=ap_memory:ce=0
Port [ sigmoid_table]:  wired=0; compound=1; hidden=1; nouse=1; global=1; static=1; extern=0; dir=0; type=1; pingpong=0; private_global=0; MemPort=[111111111111111111111111111111111111111111111111111111111111111111111111111111111111111111111111]; IO mode=ap_memory:ce=0
Port [ tanh_table]:  wired=0; compound=1; hidden=1; nouse=1; global=1; static=1; extern=0; dir=0; type=1; pingpong=0; private_global=0; MemPort=[11111111111111111111111111111111]; IO mode=ap_memory:ce=0
Port [ w3]:  wired=0; compound=1; hidden=1; nouse=1; global=1; static=1; extern=0; dir=0; type=1; pingpong=0; private_global=0; MemPort=[1]; IO mode=ap_memory:ce=0
---------------- STG Properties END ------------------

---------------- Datapath Model BEGIN ----------------

<LifeTime>
<method=bitvector/>
call_ret                 (call                ) [ 00000]
layer2_out               (extractvalue        ) [ 00011]
layer2_out_1             (extractvalue        ) [ 00011]
layer2_out_2             (extractvalue        ) [ 00011]
layer2_out_3             (extractvalue        ) [ 00011]
layer2_out_4             (extractvalue        ) [ 00011]
layer2_out_5             (extractvalue        ) [ 00011]
layer2_out_6             (extractvalue        ) [ 00011]
layer2_out_7             (extractvalue        ) [ 00011]
layer2_out_8             (extractvalue        ) [ 00011]
layer2_out_9             (extractvalue        ) [ 00011]
layer2_out_10            (extractvalue        ) [ 00011]
layer2_out_11            (extractvalue        ) [ 00011]
layer2_out_12            (extractvalue        ) [ 00011]
layer2_out_13            (extractvalue        ) [ 00011]
layer2_out_14            (extractvalue        ) [ 00011]
layer2_out_15            (extractvalue        ) [ 00011]
layer2_out_16            (extractvalue        ) [ 00011]
layer2_out_17            (extractvalue        ) [ 00011]
layer2_out_18            (extractvalue        ) [ 00011]
layer2_out_19            (extractvalue        ) [ 00011]
layer2_out_20            (extractvalue        ) [ 00011]
layer2_out_21            (extractvalue        ) [ 00011]
layer2_out_22            (extractvalue        ) [ 00011]
layer2_out_23            (extractvalue        ) [ 00011]
layer2_out_24            (extractvalue        ) [ 00011]
layer2_out_25            (extractvalue        ) [ 00011]
layer2_out_26            (extractvalue        ) [ 00011]
layer2_out_27            (extractvalue        ) [ 00011]
layer2_out_28            (extractvalue        ) [ 00011]
layer2_out_29            (extractvalue        ) [ 00011]
layer2_out_30            (extractvalue        ) [ 00011]
layer2_out_31            (extractvalue        ) [ 00011]
specdataflowpipeline_ln0 (specdataflowpipeline) [ 00000]
spectopmodule_ln0        (spectopmodule       ) [ 00000]
specbitsmap_ln0          (specbitsmap         ) [ 00000]
specinterface_ln0        (specinterface       ) [ 00000]
specbitsmap_ln0          (specbitsmap         ) [ 00000]
specinterface_ln0        (specinterface       ) [ 00000]
specmemcore_ln39         (specmemcore         ) [ 00000]
specmemcore_ln39         (specmemcore         ) [ 00000]
specmemcore_ln65         (specmemcore         ) [ 00000]
call_ln65                (call                ) [ 00000]
ret_ln43                 (ret                 ) [ 00000]
</LifeTime>

<model>

<comp_list>
<comp id="0" class="1000" name="input_layer">
<pin_list>
<pin id="1" dir="1" index="0" bw="1" slack="0"/>
</pin_list>
<bind>
<StgValue><ssdm name="input_layer"/></StgValue>
</bind>
</comp>

<comp id="2" class="1000" name="layer3_out">
<pin_list>
<pin id="3" dir="1" index="0" bw="1" slack="0"/>
</pin_list>
<bind>
<StgValue><ssdm name="layer3_out"/></StgValue>
</bind>
</comp>

<comp id="4" class="1000" name="void_lstm_static_bool_ap_fixed_ap_fixed_ap_fixed_weight_t_recurrent_weight_t_9">
<pin_list>
<pin id="5" dir="1" index="0" bw="1" slack="0"/>
</pin_list>
<bind>
<StgValue><ssdm name="void_lstm_static_bool_ap_fixed_ap_fixed_ap_fixed_weight_t_recurrent_weight_t_9"/></StgValue>
</bind>
</comp>

<comp id="6" class="1000" name="void_lstm_static_bool_ap_fixed_ap_fixed_ap_fixed_weight_t_recurrent_weight_t_8">
<pin_list>
<pin id="7" dir="1" index="0" bw="1" slack="0"/>
</pin_list>
<bind>
<StgValue><ssdm name="void_lstm_static_bool_ap_fixed_ap_fixed_ap_fixed_weight_t_recurrent_weight_t_8"/></StgValue>
</bind>
</comp>

<comp id="8" class="1000" name="void_lstm_static_bool_ap_fixed_ap_fixed_ap_fixed_weight_t_recurrent_weight_t_7">
<pin_list>
<pin id="9" dir="1" index="0" bw="1" slack="0"/>
</pin_list>
<bind>
<StgValue><ssdm name="void_lstm_static_bool_ap_fixed_ap_fixed_ap_fixed_weight_t_recurrent_weight_t_7"/></StgValue>
</bind>
</comp>

<comp id="10" class="1000" name="void_lstm_static_bool_ap_fixed_ap_fixed_ap_fixed_weight_t_recurrent_weight_t_6">
<pin_list>
<pin id="11" dir="1" index="0" bw="1" slack="0"/>
</pin_list>
<bind>
<StgValue><ssdm name="void_lstm_static_bool_ap_fixed_ap_fixed_ap_fixed_weight_t_recurrent_weight_t_6"/></StgValue>
</bind>
</comp>

<comp id="12" class="1000" name="void_lstm_static_bool_ap_fixed_ap_fixed_ap_fixed_weight_t_recurrent_weight_t_5">
<pin_list>
<pin id="13" dir="1" index="0" bw="1" slack="0"/>
</pin_list>
<bind>
<StgValue><ssdm name="void_lstm_static_bool_ap_fixed_ap_fixed_ap_fixed_weight_t_recurrent_weight_t_5"/></StgValue>
</bind>
</comp>

<comp id="14" class="1000" name="void_lstm_static_bool_ap_fixed_ap_fixed_ap_fixed_weight_t_recurrent_weight_t_4">
<pin_list>
<pin id="15" dir="1" index="0" bw="1" slack="0"/>
</pin_list>
<bind>
<StgValue><ssdm name="void_lstm_static_bool_ap_fixed_ap_fixed_ap_fixed_weight_t_recurrent_weight_t_4"/></StgValue>
</bind>
</comp>

<comp id="16" class="1000" name="void_lstm_static_bool_ap_fixed_ap_fixed_ap_fixed_weight_t_recurrent_weight_t_3">
<pin_list>
<pin id="17" dir="1" index="0" bw="1" slack="0"/>
</pin_list>
<bind>
<StgValue><ssdm name="void_lstm_static_bool_ap_fixed_ap_fixed_ap_fixed_weight_t_recurrent_weight_t_3"/></StgValue>
</bind>
</comp>

<comp id="18" class="1000" name="void_lstm_static_bool_ap_fixed_ap_fixed_ap_fixed_weight_t_recurrent_weight_t_2">
<pin_list>
<pin id="19" dir="1" index="0" bw="1" slack="0"/>
</pin_list>
<bind>
<StgValue><ssdm name="void_lstm_static_bool_ap_fixed_ap_fixed_ap_fixed_weight_t_recurrent_weight_t_2"/></StgValue>
</bind>
</comp>

<comp id="20" class="1000" name="void_lstm_static_bool_ap_fixed_ap_fixed_ap_fixed_weight_t_recurrent_weight_t_1">
<pin_list>
<pin id="21" dir="1" index="0" bw="1" slack="0"/>
</pin_list>
<bind>
<StgValue><ssdm name="void_lstm_static_bool_ap_fixed_ap_fixed_ap_fixed_weight_t_recurrent_weight_t_1"/></StgValue>
</bind>
</comp>

<comp id="22" class="1000" name="void_lstm_static_bool_ap_fixed_ap_fixed_ap_fixed_weight_t_recurrent_weight_t">
<pin_list>
<pin id="23" dir="1" index="0" bw="1" slack="0"/>
</pin_list>
<bind>
<StgValue><ssdm name="void_lstm_static_bool_ap_fixed_ap_fixed_ap_fixed_weight_t_recurrent_weight_t"/></StgValue>
</bind>
</comp>

<comp id="24" class="1000" name="p_ZZN4nnet11lstm_staticI8ap_fixedILi14ELi7EL9ap_q_mode0EL9ap_o_mode3ELi0EES4_7con_21">
<pin_list>
<pin id="25" dir="1" index="0" bw="1" slack="0"/>
</pin_list>
<bind>
<StgValue><ssdm name="p_ZZN4nnet11lstm_staticI8ap_fixedILi14ELi7EL9ap_q_mode0EL9ap_o_mode3ELi0EES4_7con_21"/></StgValue>
</bind>
</comp>

<comp id="26" class="1000" name="p_ZZN4nnet11lstm_staticI8ap_fixedILi14ELi7EL9ap_q_mode0EL9ap_o_mode3ELi0EES4_7con_20">
<pin_list>
<pin id="27" dir="1" index="0" bw="1" slack="0"/>
</pin_list>
<bind>
<StgValue><ssdm name="p_ZZN4nnet11lstm_staticI8ap_fixedILi14ELi7EL9ap_q_mode0EL9ap_o_mode3ELi0EES4_7con_20"/></StgValue>
</bind>
</comp>

<comp id="28" class="1000" name="p_ZZN4nnet11lstm_staticI8ap_fixedILi14ELi7EL9ap_q_mode0EL9ap_o_mode3ELi0EES4_7con_19">
<pin_list>
<pin id="29" dir="1" index="0" bw="1" slack="0"/>
</pin_list>
<bind>
<StgValue><ssdm name="p_ZZN4nnet11lstm_staticI8ap_fixedILi14ELi7EL9ap_q_mode0EL9ap_o_mode3ELi0EES4_7con_19"/></StgValue>
</bind>
</comp>

<comp id="30" class="1000" name="p_ZZN4nnet11lstm_staticI8ap_fixedILi14ELi7EL9ap_q_mode0EL9ap_o_mode3ELi0EES4_7con_18">
<pin_list>
<pin id="31" dir="1" index="0" bw="1" slack="0"/>
</pin_list>
<bind>
<StgValue><ssdm name="p_ZZN4nnet11lstm_staticI8ap_fixedILi14ELi7EL9ap_q_mode0EL9ap_o_mode3ELi0EES4_7con_18"/></StgValue>
</bind>
</comp>

<comp id="32" class="1000" name="p_ZZN4nnet11lstm_staticI8ap_fixedILi14ELi7EL9ap_q_mode0EL9ap_o_mode3ELi0EES4_7con_17">
<pin_list>
<pin id="33" dir="1" index="0" bw="1" slack="0"/>
</pin_list>
<bind>
<StgValue><ssdm name="p_ZZN4nnet11lstm_staticI8ap_fixedILi14ELi7EL9ap_q_mode0EL9ap_o_mode3ELi0EES4_7con_17"/></StgValue>
</bind>
</comp>

<comp id="34" class="1000" name="p_ZZN4nnet11lstm_staticI8ap_fixedILi14ELi7EL9ap_q_mode0EL9ap_o_mode3ELi0EES4_7con_16">
<pin_list>
<pin id="35" dir="1" index="0" bw="1" slack="0"/>
</pin_list>
<bind>
<StgValue><ssdm name="p_ZZN4nnet11lstm_staticI8ap_fixedILi14ELi7EL9ap_q_mode0EL9ap_o_mode3ELi0EES4_7con_16"/></StgValue>
</bind>
</comp>

<comp id="36" class="1000" name="p_ZZN4nnet11lstm_staticI8ap_fixedILi14ELi7EL9ap_q_mode0EL9ap_o_mode3ELi0EES4_7con_15">
<pin_list>
<pin id="37" dir="1" index="0" bw="1" slack="0"/>
</pin_list>
<bind>
<StgValue><ssdm name="p_ZZN4nnet11lstm_staticI8ap_fixedILi14ELi7EL9ap_q_mode0EL9ap_o_mode3ELi0EES4_7con_15"/></StgValue>
</bind>
</comp>

<comp id="38" class="1000" name="p_ZZN4nnet11lstm_staticI8ap_fixedILi14ELi7EL9ap_q_mode0EL9ap_o_mode3ELi0EES4_7con_14">
<pin_list>
<pin id="39" dir="1" index="0" bw="1" slack="0"/>
</pin_list>
<bind>
<StgValue><ssdm name="p_ZZN4nnet11lstm_staticI8ap_fixedILi14ELi7EL9ap_q_mode0EL9ap_o_mode3ELi0EES4_7con_14"/></StgValue>
</bind>
</comp>

<comp id="40" class="1000" name="p_ZZN4nnet11lstm_staticI8ap_fixedILi14ELi7EL9ap_q_mode0EL9ap_o_mode3ELi0EES4_7con_13">
<pin_list>
<pin id="41" dir="1" index="0" bw="1" slack="0"/>
</pin_list>
<bind>
<StgValue><ssdm name="p_ZZN4nnet11lstm_staticI8ap_fixedILi14ELi7EL9ap_q_mode0EL9ap_o_mode3ELi0EES4_7con_13"/></StgValue>
</bind>
</comp>

<comp id="42" class="1000" name="p_ZZN4nnet11lstm_staticI8ap_fixedILi14ELi7EL9ap_q_mode0EL9ap_o_mode3ELi0EES4_7con_12">
<pin_list>
<pin id="43" dir="1" index="0" bw="1" slack="0"/>
</pin_list>
<bind>
<StgValue><ssdm name="p_ZZN4nnet11lstm_staticI8ap_fixedILi14ELi7EL9ap_q_mode0EL9ap_o_mode3ELi0EES4_7con_12"/></StgValue>
</bind>
</comp>

<comp id="44" class="1000" name="p_ZZN4nnet11lstm_staticI8ap_fixedILi14ELi7EL9ap_q_mode0EL9ap_o_mode3ELi0EES4_7con_11">
<pin_list>
<pin id="45" dir="1" index="0" bw="1" slack="0"/>
</pin_list>
<bind>
<StgValue><ssdm name="p_ZZN4nnet11lstm_staticI8ap_fixedILi14ELi7EL9ap_q_mode0EL9ap_o_mode3ELi0EES4_7con_11"/></StgValue>
</bind>
</comp>

<comp id="46" class="1000" name="p_ZZN4nnet11lstm_staticI8ap_fixedILi14ELi7EL9ap_q_mode0EL9ap_o_mode3ELi0EES4_7con_10">
<pin_list>
<pin id="47" dir="1" index="0" bw="1" slack="0"/>
</pin_list>
<bind>
<StgValue><ssdm name="p_ZZN4nnet11lstm_staticI8ap_fixedILi14ELi7EL9ap_q_mode0EL9ap_o_mode3ELi0EES4_7con_10"/></StgValue>
</bind>
</comp>

<comp id="48" class="1000" name="p_ZZN4nnet11lstm_staticI8ap_fixedILi14ELi7EL9ap_q_mode0EL9ap_o_mode3ELi0EES4_7con_9">
<pin_list>
<pin id="49" dir="1" index="0" bw="1" slack="0"/>
</pin_list>
<bind>
<StgValue><ssdm name="p_ZZN4nnet11lstm_staticI8ap_fixedILi14ELi7EL9ap_q_mode0EL9ap_o_mode3ELi0EES4_7con_9"/></StgValue>
</bind>
</comp>

<comp id="50" class="1000" name="p_ZZN4nnet11lstm_staticI8ap_fixedILi14ELi7EL9ap_q_mode0EL9ap_o_mode3ELi0EES4_7con_8">
<pin_list>
<pin id="51" dir="1" index="0" bw="1" slack="0"/>
</pin_list>
<bind>
<StgValue><ssdm name="p_ZZN4nnet11lstm_staticI8ap_fixedILi14ELi7EL9ap_q_mode0EL9ap_o_mode3ELi0EES4_7con_8"/></StgValue>
</bind>
</comp>

<comp id="52" class="1000" name="p_ZZN4nnet11lstm_staticI8ap_fixedILi14ELi7EL9ap_q_mode0EL9ap_o_mode3ELi0EES4_7con_7">
<pin_list>
<pin id="53" dir="1" index="0" bw="1" slack="0"/>
</pin_list>
<bind>
<StgValue><ssdm name="p_ZZN4nnet11lstm_staticI8ap_fixedILi14ELi7EL9ap_q_mode0EL9ap_o_mode3ELi0EES4_7con_7"/></StgValue>
</bind>
</comp>

<comp id="54" class="1000" name="p_ZZN4nnet11lstm_staticI8ap_fixedILi14ELi7EL9ap_q_mode0EL9ap_o_mode3ELi0EES4_7con_6">
<pin_list>
<pin id="55" dir="1" index="0" bw="1" slack="0"/>
</pin_list>
<bind>
<StgValue><ssdm name="p_ZZN4nnet11lstm_staticI8ap_fixedILi14ELi7EL9ap_q_mode0EL9ap_o_mode3ELi0EES4_7con_6"/></StgValue>
</bind>
</comp>

<comp id="56" class="1000" name="p_ZZN4nnet11lstm_staticI8ap_fixedILi14ELi7EL9ap_q_mode0EL9ap_o_mode3ELi0EES4_7con_5">
<pin_list>
<pin id="57" dir="1" index="0" bw="1" slack="0"/>
</pin_list>
<bind>
<StgValue><ssdm name="p_ZZN4nnet11lstm_staticI8ap_fixedILi14ELi7EL9ap_q_mode0EL9ap_o_mode3ELi0EES4_7con_5"/></StgValue>
</bind>
</comp>

<comp id="58" class="1000" name="p_ZZN4nnet11lstm_staticI8ap_fixedILi14ELi7EL9ap_q_mode0EL9ap_o_mode3ELi0EES4_7con_4">
<pin_list>
<pin id="59" dir="1" index="0" bw="1" slack="0"/>
</pin_list>
<bind>
<StgValue><ssdm name="p_ZZN4nnet11lstm_staticI8ap_fixedILi14ELi7EL9ap_q_mode0EL9ap_o_mode3ELi0EES4_7con_4"/></StgValue>
</bind>
</comp>

<comp id="60" class="1000" name="p_ZZN4nnet11lstm_staticI8ap_fixedILi14ELi7EL9ap_q_mode0EL9ap_o_mode3ELi0EES4_7con_3">
<pin_list>
<pin id="61" dir="1" index="0" bw="1" slack="0"/>
</pin_list>
<bind>
<StgValue><ssdm name="p_ZZN4nnet11lstm_staticI8ap_fixedILi14ELi7EL9ap_q_mode0EL9ap_o_mode3ELi0EES4_7con_3"/></StgValue>
</bind>
</comp>

<comp id="62" class="1000" name="p_ZZN4nnet11lstm_staticI8ap_fixedILi14ELi7EL9ap_q_mode0EL9ap_o_mode3ELi0EES4_7con_2">
<pin_list>
<pin id="63" dir="1" index="0" bw="1" slack="0"/>
</pin_list>
<bind>
<StgValue><ssdm name="p_ZZN4nnet11lstm_staticI8ap_fixedILi14ELi7EL9ap_q_mode0EL9ap_o_mode3ELi0EES4_7con_2"/></StgValue>
</bind>
</comp>

<comp id="64" class="1000" name="p_ZZN4nnet11lstm_staticI8ap_fixedILi14ELi7EL9ap_q_mode0EL9ap_o_mode3ELi0EES4_7con_1">
<pin_list>
<pin id="65" dir="1" index="0" bw="1" slack="0"/>
</pin_list>
<bind>
<StgValue><ssdm name="p_ZZN4nnet11lstm_staticI8ap_fixedILi14ELi7EL9ap_q_mode0EL9ap_o_mode3ELi0EES4_7con_1"/></StgValue>
</bind>
</comp>

<comp id="66" class="1000" name="p_ZZN4nnet11lstm_staticI8ap_fixedILi14ELi7EL9ap_q_mode0EL9ap_o_mode3ELi0EES4_7con">
<pin_list>
<pin id="67" dir="1" index="0" bw="1" slack="0"/>
</pin_list>
<bind>
<StgValue><ssdm name="p_ZZN4nnet11lstm_staticI8ap_fixedILi14ELi7EL9ap_q_mode0EL9ap_o_mode3ELi0EES4_7con"/></StgValue>
</bind>
</comp>

<comp id="68" class="1000" name="void_lstm_static_bool_ap_fixed_ap_fixed_ap_fixed_weight_t_recurrent_weight_t_19">
<pin_list>
<pin id="69" dir="1" index="0" bw="1" slack="0"/>
</pin_list>
<bind>
<StgValue><ssdm name="void_lstm_static_bool_ap_fixed_ap_fixed_ap_fixed_weight_t_recurrent_weight_t_19"/></StgValue>
</bind>
</comp>

<comp id="70" class="1000" name="void_lstm_static_bool_ap_fixed_ap_fixed_ap_fixed_weight_t_recurrent_weight_t_18">
<pin_list>
<pin id="71" dir="1" index="0" bw="1" slack="0"/>
</pin_list>
<bind>
<StgValue><ssdm name="void_lstm_static_bool_ap_fixed_ap_fixed_ap_fixed_weight_t_recurrent_weight_t_18"/></StgValue>
</bind>
</comp>

<comp id="72" class="1000" name="void_lstm_static_bool_ap_fixed_ap_fixed_ap_fixed_weight_t_recurrent_weight_t_17">
<pin_list>
<pin id="73" dir="1" index="0" bw="1" slack="0"/>
</pin_list>
<bind>
<StgValue><ssdm name="void_lstm_static_bool_ap_fixed_ap_fixed_ap_fixed_weight_t_recurrent_weight_t_17"/></StgValue>
</bind>
</comp>

<comp id="74" class="1000" name="void_lstm_static_bool_ap_fixed_ap_fixed_ap_fixed_weight_t_recurrent_weight_t_16">
<pin_list>
<pin id="75" dir="1" index="0" bw="1" slack="0"/>
</pin_list>
<bind>
<StgValue><ssdm name="void_lstm_static_bool_ap_fixed_ap_fixed_ap_fixed_weight_t_recurrent_weight_t_16"/></StgValue>
</bind>
</comp>

<comp id="76" class="1000" name="void_lstm_static_bool_ap_fixed_ap_fixed_ap_fixed_weight_t_recurrent_weight_t_15">
<pin_list>
<pin id="77" dir="1" index="0" bw="1" slack="0"/>
</pin_list>
<bind>
<StgValue><ssdm name="void_lstm_static_bool_ap_fixed_ap_fixed_ap_fixed_weight_t_recurrent_weight_t_15"/></StgValue>
</bind>
</comp>

<comp id="78" class="1000" name="void_lstm_static_bool_ap_fixed_ap_fixed_ap_fixed_weight_t_recurrent_weight_t_14">
<pin_list>
<pin id="79" dir="1" index="0" bw="1" slack="0"/>
</pin_list>
<bind>
<StgValue><ssdm name="void_lstm_static_bool_ap_fixed_ap_fixed_ap_fixed_weight_t_recurrent_weight_t_14"/></StgValue>
</bind>
</comp>

<comp id="80" class="1000" name="void_lstm_static_bool_ap_fixed_ap_fixed_ap_fixed_weight_t_recurrent_weight_t_13">
<pin_list>
<pin id="81" dir="1" index="0" bw="1" slack="0"/>
</pin_list>
<bind>
<StgValue><ssdm name="void_lstm_static_bool_ap_fixed_ap_fixed_ap_fixed_weight_t_recurrent_weight_t_13"/></StgValue>
</bind>
</comp>

<comp id="82" class="1000" name="void_lstm_static_bool_ap_fixed_ap_fixed_ap_fixed_weight_t_recurrent_weight_t_12">
<pin_list>
<pin id="83" dir="1" index="0" bw="1" slack="0"/>
</pin_list>
<bind>
<StgValue><ssdm name="void_lstm_static_bool_ap_fixed_ap_fixed_ap_fixed_weight_t_recurrent_weight_t_12"/></StgValue>
</bind>
</comp>

<comp id="84" class="1000" name="void_lstm_static_bool_ap_fixed_ap_fixed_ap_fixed_weight_t_recurrent_weight_t_11">
<pin_list>
<pin id="85" dir="1" index="0" bw="1" slack="0"/>
</pin_list>
<bind>
<StgValue><ssdm name="void_lstm_static_bool_ap_fixed_ap_fixed_ap_fixed_weight_t_recurrent_weight_t_11"/></StgValue>
</bind>
</comp>

<comp id="86" class="1000" name="void_lstm_static_bool_ap_fixed_ap_fixed_ap_fixed_weight_t_recurrent_weight_t_10">
<pin_list>
<pin id="87" dir="1" index="0" bw="1" slack="0"/>
</pin_list>
<bind>
<StgValue><ssdm name="void_lstm_static_bool_ap_fixed_ap_fixed_ap_fixed_weight_t_recurrent_weight_t_10"/></StgValue>
</bind>
</comp>

<comp id="88" class="1000" name="p_ZZN4nnet11lstm_staticI8ap_fixedILi14ELi7EL9ap_q_mode0EL9ap_o_mode3ELi0EES4_7con_43">
<pin_list>
<pin id="89" dir="1" index="0" bw="1" slack="0"/>
</pin_list>
<bind>
<StgValue><ssdm name="p_ZZN4nnet11lstm_staticI8ap_fixedILi14ELi7EL9ap_q_mode0EL9ap_o_mode3ELi0EES4_7con_43"/></StgValue>
</bind>
</comp>

<comp id="90" class="1000" name="p_ZZN4nnet11lstm_staticI8ap_fixedILi14ELi7EL9ap_q_mode0EL9ap_o_mode3ELi0EES4_7con_42">
<pin_list>
<pin id="91" dir="1" index="0" bw="1" slack="0"/>
</pin_list>
<bind>
<StgValue><ssdm name="p_ZZN4nnet11lstm_staticI8ap_fixedILi14ELi7EL9ap_q_mode0EL9ap_o_mode3ELi0EES4_7con_42"/></StgValue>
</bind>
</comp>

<comp id="92" class="1000" name="p_ZZN4nnet11lstm_staticI8ap_fixedILi14ELi7EL9ap_q_mode0EL9ap_o_mode3ELi0EES4_7con_41">
<pin_list>
<pin id="93" dir="1" index="0" bw="1" slack="0"/>
</pin_list>
<bind>
<StgValue><ssdm name="p_ZZN4nnet11lstm_staticI8ap_fixedILi14ELi7EL9ap_q_mode0EL9ap_o_mode3ELi0EES4_7con_41"/></StgValue>
</bind>
</comp>

<comp id="94" class="1000" name="p_ZZN4nnet11lstm_staticI8ap_fixedILi14ELi7EL9ap_q_mode0EL9ap_o_mode3ELi0EES4_7con_40">
<pin_list>
<pin id="95" dir="1" index="0" bw="1" slack="0"/>
</pin_list>
<bind>
<StgValue><ssdm name="p_ZZN4nnet11lstm_staticI8ap_fixedILi14ELi7EL9ap_q_mode0EL9ap_o_mode3ELi0EES4_7con_40"/></StgValue>
</bind>
</comp>

<comp id="96" class="1000" name="p_ZZN4nnet11lstm_staticI8ap_fixedILi14ELi7EL9ap_q_mode0EL9ap_o_mode3ELi0EES4_7con_39">
<pin_list>
<pin id="97" dir="1" index="0" bw="1" slack="0"/>
</pin_list>
<bind>
<StgValue><ssdm name="p_ZZN4nnet11lstm_staticI8ap_fixedILi14ELi7EL9ap_q_mode0EL9ap_o_mode3ELi0EES4_7con_39"/></StgValue>
</bind>
</comp>

<comp id="98" class="1000" name="p_ZZN4nnet11lstm_staticI8ap_fixedILi14ELi7EL9ap_q_mode0EL9ap_o_mode3ELi0EES4_7con_38">
<pin_list>
<pin id="99" dir="1" index="0" bw="1" slack="0"/>
</pin_list>
<bind>
<StgValue><ssdm name="p_ZZN4nnet11lstm_staticI8ap_fixedILi14ELi7EL9ap_q_mode0EL9ap_o_mode3ELi0EES4_7con_38"/></StgValue>
</bind>
</comp>

<comp id="100" class="1000" name="p_ZZN4nnet11lstm_staticI8ap_fixedILi14ELi7EL9ap_q_mode0EL9ap_o_mode3ELi0EES4_7con_37">
<pin_list>
<pin id="101" dir="1" index="0" bw="1" slack="0"/>
</pin_list>
<bind>
<StgValue><ssdm name="p_ZZN4nnet11lstm_staticI8ap_fixedILi14ELi7EL9ap_q_mode0EL9ap_o_mode3ELi0EES4_7con_37"/></StgValue>
</bind>
</comp>

<comp id="102" class="1000" name="p_ZZN4nnet11lstm_staticI8ap_fixedILi14ELi7EL9ap_q_mode0EL9ap_o_mode3ELi0EES4_7con_36">
<pin_list>
<pin id="103" dir="1" index="0" bw="1" slack="0"/>
</pin_list>
<bind>
<StgValue><ssdm name="p_ZZN4nnet11lstm_staticI8ap_fixedILi14ELi7EL9ap_q_mode0EL9ap_o_mode3ELi0EES4_7con_36"/></StgValue>
</bind>
</comp>

<comp id="104" class="1000" name="p_ZZN4nnet11lstm_staticI8ap_fixedILi14ELi7EL9ap_q_mode0EL9ap_o_mode3ELi0EES4_7con_35">
<pin_list>
<pin id="105" dir="1" index="0" bw="1" slack="0"/>
</pin_list>
<bind>
<StgValue><ssdm name="p_ZZN4nnet11lstm_staticI8ap_fixedILi14ELi7EL9ap_q_mode0EL9ap_o_mode3ELi0EES4_7con_35"/></StgValue>
</bind>
</comp>

<comp id="106" class="1000" name="p_ZZN4nnet11lstm_staticI8ap_fixedILi14ELi7EL9ap_q_mode0EL9ap_o_mode3ELi0EES4_7con_34">
<pin_list>
<pin id="107" dir="1" index="0" bw="1" slack="0"/>
</pin_list>
<bind>
<StgValue><ssdm name="p_ZZN4nnet11lstm_staticI8ap_fixedILi14ELi7EL9ap_q_mode0EL9ap_o_mode3ELi0EES4_7con_34"/></StgValue>
</bind>
</comp>

<comp id="108" class="1000" name="p_ZZN4nnet11lstm_staticI8ap_fixedILi14ELi7EL9ap_q_mode0EL9ap_o_mode3ELi0EES4_7con_33">
<pin_list>
<pin id="109" dir="1" index="0" bw="1" slack="0"/>
</pin_list>
<bind>
<StgValue><ssdm name="p_ZZN4nnet11lstm_staticI8ap_fixedILi14ELi7EL9ap_q_mode0EL9ap_o_mode3ELi0EES4_7con_33"/></StgValue>
</bind>
</comp>

<comp id="110" class="1000" name="p_ZZN4nnet11lstm_staticI8ap_fixedILi14ELi7EL9ap_q_mode0EL9ap_o_mode3ELi0EES4_7con_32">
<pin_list>
<pin id="111" dir="1" index="0" bw="1" slack="0"/>
</pin_list>
<bind>
<StgValue><ssdm name="p_ZZN4nnet11lstm_staticI8ap_fixedILi14ELi7EL9ap_q_mode0EL9ap_o_mode3ELi0EES4_7con_32"/></StgValue>
</bind>
</comp>

<comp id="112" class="1000" name="p_ZZN4nnet11lstm_staticI8ap_fixedILi14ELi7EL9ap_q_mode0EL9ap_o_mode3ELi0EES4_7con_31">
<pin_list>
<pin id="113" dir="1" index="0" bw="1" slack="0"/>
</pin_list>
<bind>
<StgValue><ssdm name="p_ZZN4nnet11lstm_staticI8ap_fixedILi14ELi7EL9ap_q_mode0EL9ap_o_mode3ELi0EES4_7con_31"/></StgValue>
</bind>
</comp>

<comp id="114" class="1000" name="p_ZZN4nnet11lstm_staticI8ap_fixedILi14ELi7EL9ap_q_mode0EL9ap_o_mode3ELi0EES4_7con_30">
<pin_list>
<pin id="115" dir="1" index="0" bw="1" slack="0"/>
</pin_list>
<bind>
<StgValue><ssdm name="p_ZZN4nnet11lstm_staticI8ap_fixedILi14ELi7EL9ap_q_mode0EL9ap_o_mode3ELi0EES4_7con_30"/></StgValue>
</bind>
</comp>

<comp id="116" class="1000" name="p_ZZN4nnet11lstm_staticI8ap_fixedILi14ELi7EL9ap_q_mode0EL9ap_o_mode3ELi0EES4_7con_29">
<pin_list>
<pin id="117" dir="1" index="0" bw="1" slack="0"/>
</pin_list>
<bind>
<StgValue><ssdm name="p_ZZN4nnet11lstm_staticI8ap_fixedILi14ELi7EL9ap_q_mode0EL9ap_o_mode3ELi0EES4_7con_29"/></StgValue>
</bind>
</comp>

<comp id="118" class="1000" name="p_ZZN4nnet11lstm_staticI8ap_fixedILi14ELi7EL9ap_q_mode0EL9ap_o_mode3ELi0EES4_7con_28">
<pin_list>
<pin id="119" dir="1" index="0" bw="1" slack="0"/>
</pin_list>
<bind>
<StgValue><ssdm name="p_ZZN4nnet11lstm_staticI8ap_fixedILi14ELi7EL9ap_q_mode0EL9ap_o_mode3ELi0EES4_7con_28"/></StgValue>
</bind>
</comp>

<comp id="120" class="1000" name="p_ZZN4nnet11lstm_staticI8ap_fixedILi14ELi7EL9ap_q_mode0EL9ap_o_mode3ELi0EES4_7con_27">
<pin_list>
<pin id="121" dir="1" index="0" bw="1" slack="0"/>
</pin_list>
<bind>
<StgValue><ssdm name="p_ZZN4nnet11lstm_staticI8ap_fixedILi14ELi7EL9ap_q_mode0EL9ap_o_mode3ELi0EES4_7con_27"/></StgValue>
</bind>
</comp>

<comp id="122" class="1000" name="p_ZZN4nnet11lstm_staticI8ap_fixedILi14ELi7EL9ap_q_mode0EL9ap_o_mode3ELi0EES4_7con_26">
<pin_list>
<pin id="123" dir="1" index="0" bw="1" slack="0"/>
</pin_list>
<bind>
<StgValue><ssdm name="p_ZZN4nnet11lstm_staticI8ap_fixedILi14ELi7EL9ap_q_mode0EL9ap_o_mode3ELi0EES4_7con_26"/></StgValue>
</bind>
</comp>

<comp id="124" class="1000" name="p_ZZN4nnet11lstm_staticI8ap_fixedILi14ELi7EL9ap_q_mode0EL9ap_o_mode3ELi0EES4_7con_25">
<pin_list>
<pin id="125" dir="1" index="0" bw="1" slack="0"/>
</pin_list>
<bind>
<StgValue><ssdm name="p_ZZN4nnet11lstm_staticI8ap_fixedILi14ELi7EL9ap_q_mode0EL9ap_o_mode3ELi0EES4_7con_25"/></StgValue>
</bind>
</comp>

<comp id="126" class="1000" name="p_ZZN4nnet11lstm_staticI8ap_fixedILi14ELi7EL9ap_q_mode0EL9ap_o_mode3ELi0EES4_7con_24">
<pin_list>
<pin id="127" dir="1" index="0" bw="1" slack="0"/>
</pin_list>
<bind>
<StgValue><ssdm name="p_ZZN4nnet11lstm_staticI8ap_fixedILi14ELi7EL9ap_q_mode0EL9ap_o_mode3ELi0EES4_7con_24"/></StgValue>
</bind>
</comp>

<comp id="128" class="1000" name="p_ZZN4nnet11lstm_staticI8ap_fixedILi14ELi7EL9ap_q_mode0EL9ap_o_mode3ELi0EES4_7con_23">
<pin_list>
<pin id="129" dir="1" index="0" bw="1" slack="0"/>
</pin_list>
<bind>
<StgValue><ssdm name="p_ZZN4nnet11lstm_staticI8ap_fixedILi14ELi7EL9ap_q_mode0EL9ap_o_mode3ELi0EES4_7con_23"/></StgValue>
</bind>
</comp>

<comp id="130" class="1000" name="p_ZZN4nnet11lstm_staticI8ap_fixedILi14ELi7EL9ap_q_mode0EL9ap_o_mode3ELi0EES4_7con_22">
<pin_list>
<pin id="131" dir="1" index="0" bw="1" slack="0"/>
</pin_list>
<bind>
<StgValue><ssdm name="p_ZZN4nnet11lstm_staticI8ap_fixedILi14ELi7EL9ap_q_mode0EL9ap_o_mode3ELi0EES4_7con_22"/></StgValue>
</bind>
</comp>

<comp id="132" class="1000" name="outidx">
<pin_list>
<pin id="133" dir="1" index="0" bw="1" slack="0"/>
</pin_list>
<bind>
<StgValue><ssdm name="outidx"/><MemPortTyVec>1 </MemPortTyVec>
</StgValue>
</bind>
</comp>

<comp id="134" class="1000" name="w2">
<pin_list>
<pin id="135" dir="1" index="0" bw="1" slack="0"/>
</pin_list>
<bind>
<StgValue><ssdm name="w2"/><MemPortTyVec>1 </MemPortTyVec>
</StgValue>
</bind>
</comp>

<comp id="136" class="1000" name="outidx_4">
<pin_list>
<pin id="137" dir="1" index="0" bw="1" slack="0"/>
</pin_list>
<bind>
<StgValue><ssdm name="outidx_4"/><MemPortTyVec>1 </MemPortTyVec>
</StgValue>
</bind>
</comp>

<comp id="138" class="1000" name="wr2">
<pin_list>
<pin id="139" dir="1" index="0" bw="1" slack="0"/>
</pin_list>
<bind>
<StgValue><ssdm name="wr2"/><MemPortTyVec>1 </MemPortTyVec>
</StgValue>
</bind>
</comp>

<comp id="140" class="1000" name="sigmoid_table">
<pin_list>
<pin id="141" dir="1" index="0" bw="1" slack="0"/>
</pin_list>
<bind>
<StgValue><ssdm name="sigmoid_table"/><MemPortTyVec>1 1 1 1 1 1 1 1 1 1 1 1 1 1 1 1 1 1 1 1 1 1 1 1 1 1 1 1 1 1 1 1 1 1 1 1 1 1 1 1 1 1 1 1 1 1 1 1 1 1 1 1 1 1 1 1 1 1 1 1 1 1 1 1 1 1 1 1 1 1 1 1 1 1 1 1 1 1 1 1 1 1 1 1 1 1 1 1 1 1 1 1 1 1 1 1 </MemPortTyVec>
</StgValue>
</bind>
</comp>

<comp id="142" class="1000" name="tanh_table">
<pin_list>
<pin id="143" dir="1" index="0" bw="1" slack="0"/>
</pin_list>
<bind>
<StgValue><ssdm name="tanh_table"/><MemPortTyVec>1 1 1 1 1 1 1 1 1 1 1 1 1 1 1 1 1 1 1 1 1 1 1 1 1 1 1 1 1 1 1 1 </MemPortTyVec>
</StgValue>
</bind>
</comp>

<comp id="144" class="1000" name="w3">
<pin_list>
<pin id="145" dir="1" index="0" bw="1" slack="0"/>
</pin_list>
<bind>
<StgValue><ssdm name="w3"/><MemPortTyVec>1 </MemPortTyVec>
</StgValue>
</bind>
</comp>

<comp id="146" class="1001" name="const_146">
<pin_list>
<pin id="147" dir="1" index="0" bw="1" slack="0"/>
</pin_list>
<bind>
<StgValue><ssdm name="lstm_stack<ap_fixed<14, 7, 0, 3, 0>, ap_fixed<14, 7, 0, 3, 0>, config2>"/></StgValue>
</bind>
</comp>

<comp id="148" class="1001" name="const_148">
<pin_list>
<pin id="149" dir="1" index="0" bw="1" slack="0"/>
</pin_list>
<bind>
<StgValue><ssdm name="dense_resource_rf_leq_nin<ap_fixed,ap_fixed<14,7,0,3,0>,config3>"/></StgValue>
</bind>
</comp>

<comp id="150" class="1001" name="const_150">
<pin_list>
<pin id="151" dir="1" index="0" bw="1" slack="2147483647"/>
</pin_list>
<bind>
<StgValue><ssdm name="_ssdm_op_SpecDataflowPipeline"/></StgValue>
</bind>
</comp>

<comp id="152" class="1001" name="const_152">
<pin_list>
<pin id="153" dir="1" index="0" bw="1" slack="2147483647"/>
</pin_list>
<bind>
<StgValue><ssdm name=""/></StgValue>
</bind>
</comp>

<comp id="154" class="1001" name="const_154">
<pin_list>
<pin id="155" dir="1" index="0" bw="1" slack="2147483647"/>
</pin_list>
<bind>
<StgValue><ssdm name=""/></StgValue>
</bind>
</comp>

<comp id="156" class="1001" name="const_156">
<pin_list>
<pin id="157" dir="1" index="0" bw="1" slack="2147483647"/>
</pin_list>
<bind>
<StgValue><ssdm name="empty_2"/></StgValue>
</bind>
</comp>

<comp id="158" class="1001" name="const_158">
<pin_list>
<pin id="159" dir="1" index="0" bw="1" slack="2147483647"/>
</pin_list>
<bind>
<StgValue><ssdm name="_ssdm_op_SpecTopModule"/></StgValue>
</bind>
</comp>

<comp id="160" class="1001" name="const_160">
<pin_list>
<pin id="161" dir="1" index="0" bw="1" slack="2147483647"/>
</pin_list>
<bind>
<StgValue><ssdm name="empty"/></StgValue>
</bind>
</comp>

<comp id="162" class="1001" name="const_162">
<pin_list>
<pin id="163" dir="1" index="0" bw="1" slack="2147483647"/>
</pin_list>
<bind>
<StgValue><ssdm name="_ssdm_op_SpecBitsMap"/></StgValue>
</bind>
</comp>

<comp id="164" class="1001" name="const_164">
<pin_list>
<pin id="165" dir="1" index="0" bw="1" slack="2147483647"/>
</pin_list>
<bind>
<StgValue><ssdm name="_ssdm_op_SpecInterface"/></StgValue>
</bind>
</comp>

<comp id="166" class="1001" name="const_166">
<pin_list>
<pin id="167" dir="1" index="0" bw="1" slack="2147483647"/>
</pin_list>
<bind>
<StgValue><ssdm name="empty_1"/></StgValue>
</bind>
</comp>

<comp id="168" class="1001" name="const_168">
<pin_list>
<pin id="169" dir="1" index="0" bw="1" slack="2147483647"/>
</pin_list>
<bind>
<StgValue><ssdm name="_ssdm_op_SpecMemCore"/></StgValue>
</bind>
</comp>

<comp id="170" class="1001" name="const_170">
<pin_list>
<pin id="171" dir="1" index="0" bw="1" slack="2147483647"/>
</pin_list>
<bind>
<StgValue><ssdm name=""/></StgValue>
</bind>
</comp>

<comp id="172" class="1001" name="const_172">
<pin_list>
<pin id="173" dir="1" index="0" bw="1" slack="2147483647"/>
</pin_list>
<bind>
<StgValue><ssdm name=""/></StgValue>
</bind>
</comp>

<comp id="174" class="1001" name="const_174">
<pin_list>
<pin id="175" dir="1" index="0" bw="1" slack="2147483647"/>
</pin_list>
<bind>
<StgValue><ssdm name=""/></StgValue>
</bind>
</comp>

<comp id="176" class="1001" name="const_176">
<pin_list>
<pin id="177" dir="1" index="0" bw="1" slack="2147483647"/>
</pin_list>
<bind>
<StgValue><ssdm name=""/></StgValue>
</bind>
</comp>

<comp id="178" class="1004" name="grp_lstm_stack_ap_fixed_14_7_0_3_0_ap_fixed_14_7_0_3_0_config2_s_fu_178">
<pin_list>
<pin id="179" dir="0" index="0" bw="448" slack="0"/>
<pin id="180" dir="0" index="1" bw="448" slack="0"/>
<pin id="181" dir="0" index="2" bw="14" slack="0"/>
<pin id="182" dir="0" index="3" bw="14" slack="0"/>
<pin id="183" dir="0" index="4" bw="14" slack="0"/>
<pin id="184" dir="0" index="5" bw="14" slack="0"/>
<pin id="185" dir="0" index="6" bw="14" slack="0"/>
<pin id="186" dir="0" index="7" bw="14" slack="0"/>
<pin id="187" dir="0" index="8" bw="14" slack="0"/>
<pin id="188" dir="0" index="9" bw="14" slack="0"/>
<pin id="189" dir="0" index="10" bw="14" slack="0"/>
<pin id="190" dir="0" index="11" bw="14" slack="0"/>
<pin id="191" dir="0" index="12" bw="14" slack="0"/>
<pin id="192" dir="0" index="13" bw="14" slack="0"/>
<pin id="193" dir="0" index="14" bw="14" slack="0"/>
<pin id="194" dir="0" index="15" bw="14" slack="0"/>
<pin id="195" dir="0" index="16" bw="14" slack="0"/>
<pin id="196" dir="0" index="17" bw="14" slack="0"/>
<pin id="197" dir="0" index="18" bw="14" slack="0"/>
<pin id="198" dir="0" index="19" bw="14" slack="0"/>
<pin id="199" dir="0" index="20" bw="14" slack="0"/>
<pin id="200" dir="0" index="21" bw="14" slack="0"/>
<pin id="201" dir="0" index="22" bw="14" slack="0"/>
<pin id="202" dir="0" index="23" bw="14" slack="0"/>
<pin id="203" dir="0" index="24" bw="14" slack="0"/>
<pin id="204" dir="0" index="25" bw="14" slack="0"/>
<pin id="205" dir="0" index="26" bw="14" slack="0"/>
<pin id="206" dir="0" index="27" bw="14" slack="0"/>
<pin id="207" dir="0" index="28" bw="14" slack="0"/>
<pin id="208" dir="0" index="29" bw="14" slack="0"/>
<pin id="209" dir="0" index="30" bw="14" slack="0"/>
<pin id="210" dir="0" index="31" bw="14" slack="0"/>
<pin id="211" dir="0" index="32" bw="14" slack="0"/>
<pin id="212" dir="0" index="33" bw="14" slack="0"/>
<pin id="213" dir="0" index="34" bw="14" slack="0"/>
<pin id="214" dir="0" index="35" bw="14" slack="0"/>
<pin id="215" dir="0" index="36" bw="14" slack="0"/>
<pin id="216" dir="0" index="37" bw="14" slack="0"/>
<pin id="217" dir="0" index="38" bw="14" slack="0"/>
<pin id="218" dir="0" index="39" bw="14" slack="0"/>
<pin id="219" dir="0" index="40" bw="14" slack="0"/>
<pin id="220" dir="0" index="41" bw="14" slack="0"/>
<pin id="221" dir="0" index="42" bw="14" slack="0"/>
<pin id="222" dir="0" index="43" bw="14" slack="0"/>
<pin id="223" dir="0" index="44" bw="14" slack="0"/>
<pin id="224" dir="0" index="45" bw="14" slack="0"/>
<pin id="225" dir="0" index="46" bw="14" slack="0"/>
<pin id="226" dir="0" index="47" bw="14" slack="0"/>
<pin id="227" dir="0" index="48" bw="14" slack="0"/>
<pin id="228" dir="0" index="49" bw="14" slack="0"/>
<pin id="229" dir="0" index="50" bw="14" slack="0"/>
<pin id="230" dir="0" index="51" bw="14" slack="0"/>
<pin id="231" dir="0" index="52" bw="14" slack="0"/>
<pin id="232" dir="0" index="53" bw="14" slack="0"/>
<pin id="233" dir="0" index="54" bw="14" slack="0"/>
<pin id="234" dir="0" index="55" bw="14" slack="0"/>
<pin id="235" dir="0" index="56" bw="14" slack="0"/>
<pin id="236" dir="0" index="57" bw="14" slack="0"/>
<pin id="237" dir="0" index="58" bw="14" slack="0"/>
<pin id="238" dir="0" index="59" bw="14" slack="0"/>
<pin id="239" dir="0" index="60" bw="14" slack="0"/>
<pin id="240" dir="0" index="61" bw="14" slack="0"/>
<pin id="241" dir="0" index="62" bw="14" slack="0"/>
<pin id="242" dir="0" index="63" bw="14" slack="0"/>
<pin id="243" dir="0" index="64" bw="14" slack="0"/>
<pin id="244" dir="0" index="65" bw="14" slack="0"/>
<pin id="245" dir="0" index="66" bw="3" slack="0"/>
<pin id="246" dir="0" index="67" bw="206" slack="0"/>
<pin id="247" dir="0" index="68" bw="1" slack="0"/>
<pin id="248" dir="0" index="69" bw="703" slack="0"/>
<pin id="249" dir="0" index="70" bw="10" slack="0"/>
<pin id="250" dir="0" index="71" bw="11" slack="0"/>
<pin id="251" dir="1" index="72" bw="448" slack="0"/>
</pin_list>
<bind>
<opcode="call(48) " fcode="call"/>
<opset="call_ret/1 "/>
</bind>
</comp>

<comp id="324" class="1004" name="grp_dense_resource_rf_leq_nin_ap_fixed_ap_fixed_14_7_0_3_0_config3_s_fu_324">
<pin_list>
<pin id="325" dir="0" index="0" bw="0" slack="0"/>
<pin id="326" dir="0" index="1" bw="14" slack="1"/>
<pin id="327" dir="0" index="2" bw="14" slack="1"/>
<pin id="328" dir="0" index="3" bw="14" slack="1"/>
<pin id="329" dir="0" index="4" bw="14" slack="1"/>
<pin id="330" dir="0" index="5" bw="14" slack="1"/>
<pin id="331" dir="0" index="6" bw="14" slack="1"/>
<pin id="332" dir="0" index="7" bw="14" slack="1"/>
<pin id="333" dir="0" index="8" bw="14" slack="1"/>
<pin id="334" dir="0" index="9" bw="14" slack="1"/>
<pin id="335" dir="0" index="10" bw="14" slack="1"/>
<pin id="336" dir="0" index="11" bw="14" slack="1"/>
<pin id="337" dir="0" index="12" bw="14" slack="1"/>
<pin id="338" dir="0" index="13" bw="14" slack="1"/>
<pin id="339" dir="0" index="14" bw="14" slack="1"/>
<pin id="340" dir="0" index="15" bw="14" slack="1"/>
<pin id="341" dir="0" index="16" bw="14" slack="1"/>
<pin id="342" dir="0" index="17" bw="14" slack="1"/>
<pin id="343" dir="0" index="18" bw="14" slack="1"/>
<pin id="344" dir="0" index="19" bw="14" slack="1"/>
<pin id="345" dir="0" index="20" bw="14" slack="1"/>
<pin id="346" dir="0" index="21" bw="14" slack="1"/>
<pin id="347" dir="0" index="22" bw="14" slack="1"/>
<pin id="348" dir="0" index="23" bw="14" slack="1"/>
<pin id="349" dir="0" index="24" bw="14" slack="1"/>
<pin id="350" dir="0" index="25" bw="14" slack="1"/>
<pin id="351" dir="0" index="26" bw="14" slack="1"/>
<pin id="352" dir="0" index="27" bw="14" slack="1"/>
<pin id="353" dir="0" index="28" bw="14" slack="1"/>
<pin id="354" dir="0" index="29" bw="14" slack="1"/>
<pin id="355" dir="0" index="30" bw="14" slack="1"/>
<pin id="356" dir="0" index="31" bw="14" slack="1"/>
<pin id="357" dir="0" index="32" bw="14" slack="1"/>
<pin id="358" dir="0" index="33" bw="14" slack="0"/>
<pin id="359" dir="0" index="34" bw="10" slack="0"/>
<pin id="360" dir="1" index="35" bw="0" slack="2147483647"/>
</pin_list>
<bind>
<opcode="call(48) " fcode="call"/>
<opset="call_ln65/3 "/>
</bind>
</comp>

<comp id="364" class="1004" name="layer2_out_fu_364">
<pin_list>
<pin id="365" dir="0" index="0" bw="448" slack="0"/>
<pin id="366" dir="1" index="1" bw="14" slack="1"/>
</pin_list>
<bind>
<opcode="extractvalue(56) " fcode="extractvalue"/>
<opset="layer2_out/2 "/>
</bind>
</comp>

<comp id="368" class="1004" name="layer2_out_1_fu_368">
<pin_list>
<pin id="369" dir="0" index="0" bw="448" slack="0"/>
<pin id="370" dir="1" index="1" bw="14" slack="1"/>
</pin_list>
<bind>
<opcode="extractvalue(56) " fcode="extractvalue"/>
<opset="layer2_out_1/2 "/>
</bind>
</comp>

<comp id="372" class="1004" name="layer2_out_2_fu_372">
<pin_list>
<pin id="373" dir="0" index="0" bw="448" slack="0"/>
<pin id="374" dir="1" index="1" bw="14" slack="1"/>
</pin_list>
<bind>
<opcode="extractvalue(56) " fcode="extractvalue"/>
<opset="layer2_out_2/2 "/>
</bind>
</comp>

<comp id="376" class="1004" name="layer2_out_3_fu_376">
<pin_list>
<pin id="377" dir="0" index="0" bw="448" slack="0"/>
<pin id="378" dir="1" index="1" bw="14" slack="1"/>
</pin_list>
<bind>
<opcode="extractvalue(56) " fcode="extractvalue"/>
<opset="layer2_out_3/2 "/>
</bind>
</comp>

<comp id="380" class="1004" name="layer2_out_4_fu_380">
<pin_list>
<pin id="381" dir="0" index="0" bw="448" slack="0"/>
<pin id="382" dir="1" index="1" bw="14" slack="1"/>
</pin_list>
<bind>
<opcode="extractvalue(56) " fcode="extractvalue"/>
<opset="layer2_out_4/2 "/>
</bind>
</comp>

<comp id="384" class="1004" name="layer2_out_5_fu_384">
<pin_list>
<pin id="385" dir="0" index="0" bw="448" slack="0"/>
<pin id="386" dir="1" index="1" bw="14" slack="1"/>
</pin_list>
<bind>
<opcode="extractvalue(56) " fcode="extractvalue"/>
<opset="layer2_out_5/2 "/>
</bind>
</comp>

<comp id="388" class="1004" name="layer2_out_6_fu_388">
<pin_list>
<pin id="389" dir="0" index="0" bw="448" slack="0"/>
<pin id="390" dir="1" index="1" bw="14" slack="1"/>
</pin_list>
<bind>
<opcode="extractvalue(56) " fcode="extractvalue"/>
<opset="layer2_out_6/2 "/>
</bind>
</comp>

<comp id="392" class="1004" name="layer2_out_7_fu_392">
<pin_list>
<pin id="393" dir="0" index="0" bw="448" slack="0"/>
<pin id="394" dir="1" index="1" bw="14" slack="1"/>
</pin_list>
<bind>
<opcode="extractvalue(56) " fcode="extractvalue"/>
<opset="layer2_out_7/2 "/>
</bind>
</comp>

<comp id="396" class="1004" name="layer2_out_8_fu_396">
<pin_list>
<pin id="397" dir="0" index="0" bw="448" slack="0"/>
<pin id="398" dir="1" index="1" bw="14" slack="1"/>
</pin_list>
<bind>
<opcode="extractvalue(56) " fcode="extractvalue"/>
<opset="layer2_out_8/2 "/>
</bind>
</comp>

<comp id="400" class="1004" name="layer2_out_9_fu_400">
<pin_list>
<pin id="401" dir="0" index="0" bw="448" slack="0"/>
<pin id="402" dir="1" index="1" bw="14" slack="1"/>
</pin_list>
<bind>
<opcode="extractvalue(56) " fcode="extractvalue"/>
<opset="layer2_out_9/2 "/>
</bind>
</comp>

<comp id="404" class="1004" name="layer2_out_10_fu_404">
<pin_list>
<pin id="405" dir="0" index="0" bw="448" slack="0"/>
<pin id="406" dir="1" index="1" bw="14" slack="1"/>
</pin_list>
<bind>
<opcode="extractvalue(56) " fcode="extractvalue"/>
<opset="layer2_out_10/2 "/>
</bind>
</comp>

<comp id="408" class="1004" name="layer2_out_11_fu_408">
<pin_list>
<pin id="409" dir="0" index="0" bw="448" slack="0"/>
<pin id="410" dir="1" index="1" bw="14" slack="1"/>
</pin_list>
<bind>
<opcode="extractvalue(56) " fcode="extractvalue"/>
<opset="layer2_out_11/2 "/>
</bind>
</comp>

<comp id="412" class="1004" name="layer2_out_12_fu_412">
<pin_list>
<pin id="413" dir="0" index="0" bw="448" slack="0"/>
<pin id="414" dir="1" index="1" bw="14" slack="1"/>
</pin_list>
<bind>
<opcode="extractvalue(56) " fcode="extractvalue"/>
<opset="layer2_out_12/2 "/>
</bind>
</comp>

<comp id="416" class="1004" name="layer2_out_13_fu_416">
<pin_list>
<pin id="417" dir="0" index="0" bw="448" slack="0"/>
<pin id="418" dir="1" index="1" bw="14" slack="1"/>
</pin_list>
<bind>
<opcode="extractvalue(56) " fcode="extractvalue"/>
<opset="layer2_out_13/2 "/>
</bind>
</comp>

<comp id="420" class="1004" name="layer2_out_14_fu_420">
<pin_list>
<pin id="421" dir="0" index="0" bw="448" slack="0"/>
<pin id="422" dir="1" index="1" bw="14" slack="1"/>
</pin_list>
<bind>
<opcode="extractvalue(56) " fcode="extractvalue"/>
<opset="layer2_out_14/2 "/>
</bind>
</comp>

<comp id="424" class="1004" name="layer2_out_15_fu_424">
<pin_list>
<pin id="425" dir="0" index="0" bw="448" slack="0"/>
<pin id="426" dir="1" index="1" bw="14" slack="1"/>
</pin_list>
<bind>
<opcode="extractvalue(56) " fcode="extractvalue"/>
<opset="layer2_out_15/2 "/>
</bind>
</comp>

<comp id="428" class="1004" name="layer2_out_16_fu_428">
<pin_list>
<pin id="429" dir="0" index="0" bw="448" slack="0"/>
<pin id="430" dir="1" index="1" bw="14" slack="1"/>
</pin_list>
<bind>
<opcode="extractvalue(56) " fcode="extractvalue"/>
<opset="layer2_out_16/2 "/>
</bind>
</comp>

<comp id="432" class="1004" name="layer2_out_17_fu_432">
<pin_list>
<pin id="433" dir="0" index="0" bw="448" slack="0"/>
<pin id="434" dir="1" index="1" bw="14" slack="1"/>
</pin_list>
<bind>
<opcode="extractvalue(56) " fcode="extractvalue"/>
<opset="layer2_out_17/2 "/>
</bind>
</comp>

<comp id="436" class="1004" name="layer2_out_18_fu_436">
<pin_list>
<pin id="437" dir="0" index="0" bw="448" slack="0"/>
<pin id="438" dir="1" index="1" bw="14" slack="1"/>
</pin_list>
<bind>
<opcode="extractvalue(56) " fcode="extractvalue"/>
<opset="layer2_out_18/2 "/>
</bind>
</comp>

<comp id="440" class="1004" name="layer2_out_19_fu_440">
<pin_list>
<pin id="441" dir="0" index="0" bw="448" slack="0"/>
<pin id="442" dir="1" index="1" bw="14" slack="1"/>
</pin_list>
<bind>
<opcode="extractvalue(56) " fcode="extractvalue"/>
<opset="layer2_out_19/2 "/>
</bind>
</comp>

<comp id="444" class="1004" name="layer2_out_20_fu_444">
<pin_list>
<pin id="445" dir="0" index="0" bw="448" slack="0"/>
<pin id="446" dir="1" index="1" bw="14" slack="1"/>
</pin_list>
<bind>
<opcode="extractvalue(56) " fcode="extractvalue"/>
<opset="layer2_out_20/2 "/>
</bind>
</comp>

<comp id="448" class="1004" name="layer2_out_21_fu_448">
<pin_list>
<pin id="449" dir="0" index="0" bw="448" slack="0"/>
<pin id="450" dir="1" index="1" bw="14" slack="1"/>
</pin_list>
<bind>
<opcode="extractvalue(56) " fcode="extractvalue"/>
<opset="layer2_out_21/2 "/>
</bind>
</comp>

<comp id="452" class="1004" name="layer2_out_22_fu_452">
<pin_list>
<pin id="453" dir="0" index="0" bw="448" slack="0"/>
<pin id="454" dir="1" index="1" bw="14" slack="1"/>
</pin_list>
<bind>
<opcode="extractvalue(56) " fcode="extractvalue"/>
<opset="layer2_out_22/2 "/>
</bind>
</comp>

<comp id="456" class="1004" name="layer2_out_23_fu_456">
<pin_list>
<pin id="457" dir="0" index="0" bw="448" slack="0"/>
<pin id="458" dir="1" index="1" bw="14" slack="1"/>
</pin_list>
<bind>
<opcode="extractvalue(56) " fcode="extractvalue"/>
<opset="layer2_out_23/2 "/>
</bind>
</comp>

<comp id="460" class="1004" name="layer2_out_24_fu_460">
<pin_list>
<pin id="461" dir="0" index="0" bw="448" slack="0"/>
<pin id="462" dir="1" index="1" bw="14" slack="1"/>
</pin_list>
<bind>
<opcode="extractvalue(56) " fcode="extractvalue"/>
<opset="layer2_out_24/2 "/>
</bind>
</comp>

<comp id="464" class="1004" name="layer2_out_25_fu_464">
<pin_list>
<pin id="465" dir="0" index="0" bw="448" slack="0"/>
<pin id="466" dir="1" index="1" bw="14" slack="1"/>
</pin_list>
<bind>
<opcode="extractvalue(56) " fcode="extractvalue"/>
<opset="layer2_out_25/2 "/>
</bind>
</comp>

<comp id="468" class="1004" name="layer2_out_26_fu_468">
<pin_list>
<pin id="469" dir="0" index="0" bw="448" slack="0"/>
<pin id="470" dir="1" index="1" bw="14" slack="1"/>
</pin_list>
<bind>
<opcode="extractvalue(56) " fcode="extractvalue"/>
<opset="layer2_out_26/2 "/>
</bind>
</comp>

<comp id="472" class="1004" name="layer2_out_27_fu_472">
<pin_list>
<pin id="473" dir="0" index="0" bw="448" slack="0"/>
<pin id="474" dir="1" index="1" bw="14" slack="1"/>
</pin_list>
<bind>
<opcode="extractvalue(56) " fcode="extractvalue"/>
<opset="layer2_out_27/2 "/>
</bind>
</comp>

<comp id="476" class="1004" name="layer2_out_28_fu_476">
<pin_list>
<pin id="477" dir="0" index="0" bw="448" slack="0"/>
<pin id="478" dir="1" index="1" bw="14" slack="1"/>
</pin_list>
<bind>
<opcode="extractvalue(56) " fcode="extractvalue"/>
<opset="layer2_out_28/2 "/>
</bind>
</comp>

<comp id="480" class="1004" name="layer2_out_29_fu_480">
<pin_list>
<pin id="481" dir="0" index="0" bw="448" slack="0"/>
<pin id="482" dir="1" index="1" bw="14" slack="1"/>
</pin_list>
<bind>
<opcode="extractvalue(56) " fcode="extractvalue"/>
<opset="layer2_out_29/2 "/>
</bind>
</comp>

<comp id="484" class="1004" name="layer2_out_30_fu_484">
<pin_list>
<pin id="485" dir="0" index="0" bw="448" slack="0"/>
<pin id="486" dir="1" index="1" bw="14" slack="1"/>
</pin_list>
<bind>
<opcode="extractvalue(56) " fcode="extractvalue"/>
<opset="layer2_out_30/2 "/>
</bind>
</comp>

<comp id="488" class="1004" name="layer2_out_31_fu_488">
<pin_list>
<pin id="489" dir="0" index="0" bw="448" slack="0"/>
<pin id="490" dir="1" index="1" bw="14" slack="1"/>
</pin_list>
<bind>
<opcode="extractvalue(56) " fcode="extractvalue"/>
<opset="layer2_out_31/2 "/>
</bind>
</comp>

<comp id="492" class="1005" name="layer2_out_reg_492">
<pin_list>
<pin id="493" dir="0" index="0" bw="14" slack="1"/>
<pin id="494" dir="1" index="1" bw="14" slack="1"/>
</pin_list>
<bind>
<opset="layer2_out "/>
</bind>
</comp>

<comp id="497" class="1005" name="layer2_out_1_reg_497">
<pin_list>
<pin id="498" dir="0" index="0" bw="14" slack="1"/>
<pin id="499" dir="1" index="1" bw="14" slack="1"/>
</pin_list>
<bind>
<opset="layer2_out_1 "/>
</bind>
</comp>

<comp id="502" class="1005" name="layer2_out_2_reg_502">
<pin_list>
<pin id="503" dir="0" index="0" bw="14" slack="1"/>
<pin id="504" dir="1" index="1" bw="14" slack="1"/>
</pin_list>
<bind>
<opset="layer2_out_2 "/>
</bind>
</comp>

<comp id="507" class="1005" name="layer2_out_3_reg_507">
<pin_list>
<pin id="508" dir="0" index="0" bw="14" slack="1"/>
<pin id="509" dir="1" index="1" bw="14" slack="1"/>
</pin_list>
<bind>
<opset="layer2_out_3 "/>
</bind>
</comp>

<comp id="512" class="1005" name="layer2_out_4_reg_512">
<pin_list>
<pin id="513" dir="0" index="0" bw="14" slack="1"/>
<pin id="514" dir="1" index="1" bw="14" slack="1"/>
</pin_list>
<bind>
<opset="layer2_out_4 "/>
</bind>
</comp>

<comp id="517" class="1005" name="layer2_out_5_reg_517">
<pin_list>
<pin id="518" dir="0" index="0" bw="14" slack="1"/>
<pin id="519" dir="1" index="1" bw="14" slack="1"/>
</pin_list>
<bind>
<opset="layer2_out_5 "/>
</bind>
</comp>

<comp id="522" class="1005" name="layer2_out_6_reg_522">
<pin_list>
<pin id="523" dir="0" index="0" bw="14" slack="1"/>
<pin id="524" dir="1" index="1" bw="14" slack="1"/>
</pin_list>
<bind>
<opset="layer2_out_6 "/>
</bind>
</comp>

<comp id="527" class="1005" name="layer2_out_7_reg_527">
<pin_list>
<pin id="528" dir="0" index="0" bw="14" slack="1"/>
<pin id="529" dir="1" index="1" bw="14" slack="1"/>
</pin_list>
<bind>
<opset="layer2_out_7 "/>
</bind>
</comp>

<comp id="532" class="1005" name="layer2_out_8_reg_532">
<pin_list>
<pin id="533" dir="0" index="0" bw="14" slack="1"/>
<pin id="534" dir="1" index="1" bw="14" slack="1"/>
</pin_list>
<bind>
<opset="layer2_out_8 "/>
</bind>
</comp>

<comp id="537" class="1005" name="layer2_out_9_reg_537">
<pin_list>
<pin id="538" dir="0" index="0" bw="14" slack="1"/>
<pin id="539" dir="1" index="1" bw="14" slack="1"/>
</pin_list>
<bind>
<opset="layer2_out_9 "/>
</bind>
</comp>

<comp id="542" class="1005" name="layer2_out_10_reg_542">
<pin_list>
<pin id="543" dir="0" index="0" bw="14" slack="1"/>
<pin id="544" dir="1" index="1" bw="14" slack="1"/>
</pin_list>
<bind>
<opset="layer2_out_10 "/>
</bind>
</comp>

<comp id="547" class="1005" name="layer2_out_11_reg_547">
<pin_list>
<pin id="548" dir="0" index="0" bw="14" slack="1"/>
<pin id="549" dir="1" index="1" bw="14" slack="1"/>
</pin_list>
<bind>
<opset="layer2_out_11 "/>
</bind>
</comp>

<comp id="552" class="1005" name="layer2_out_12_reg_552">
<pin_list>
<pin id="553" dir="0" index="0" bw="14" slack="1"/>
<pin id="554" dir="1" index="1" bw="14" slack="1"/>
</pin_list>
<bind>
<opset="layer2_out_12 "/>
</bind>
</comp>

<comp id="557" class="1005" name="layer2_out_13_reg_557">
<pin_list>
<pin id="558" dir="0" index="0" bw="14" slack="1"/>
<pin id="559" dir="1" index="1" bw="14" slack="1"/>
</pin_list>
<bind>
<opset="layer2_out_13 "/>
</bind>
</comp>

<comp id="562" class="1005" name="layer2_out_14_reg_562">
<pin_list>
<pin id="563" dir="0" index="0" bw="14" slack="1"/>
<pin id="564" dir="1" index="1" bw="14" slack="1"/>
</pin_list>
<bind>
<opset="layer2_out_14 "/>
</bind>
</comp>

<comp id="567" class="1005" name="layer2_out_15_reg_567">
<pin_list>
<pin id="568" dir="0" index="0" bw="14" slack="1"/>
<pin id="569" dir="1" index="1" bw="14" slack="1"/>
</pin_list>
<bind>
<opset="layer2_out_15 "/>
</bind>
</comp>

<comp id="572" class="1005" name="layer2_out_16_reg_572">
<pin_list>
<pin id="573" dir="0" index="0" bw="14" slack="1"/>
<pin id="574" dir="1" index="1" bw="14" slack="1"/>
</pin_list>
<bind>
<opset="layer2_out_16 "/>
</bind>
</comp>

<comp id="577" class="1005" name="layer2_out_17_reg_577">
<pin_list>
<pin id="578" dir="0" index="0" bw="14" slack="1"/>
<pin id="579" dir="1" index="1" bw="14" slack="1"/>
</pin_list>
<bind>
<opset="layer2_out_17 "/>
</bind>
</comp>

<comp id="582" class="1005" name="layer2_out_18_reg_582">
<pin_list>
<pin id="583" dir="0" index="0" bw="14" slack="1"/>
<pin id="584" dir="1" index="1" bw="14" slack="1"/>
</pin_list>
<bind>
<opset="layer2_out_18 "/>
</bind>
</comp>

<comp id="587" class="1005" name="layer2_out_19_reg_587">
<pin_list>
<pin id="588" dir="0" index="0" bw="14" slack="1"/>
<pin id="589" dir="1" index="1" bw="14" slack="1"/>
</pin_list>
<bind>
<opset="layer2_out_19 "/>
</bind>
</comp>

<comp id="592" class="1005" name="layer2_out_20_reg_592">
<pin_list>
<pin id="593" dir="0" index="0" bw="14" slack="1"/>
<pin id="594" dir="1" index="1" bw="14" slack="1"/>
</pin_list>
<bind>
<opset="layer2_out_20 "/>
</bind>
</comp>

<comp id="597" class="1005" name="layer2_out_21_reg_597">
<pin_list>
<pin id="598" dir="0" index="0" bw="14" slack="1"/>
<pin id="599" dir="1" index="1" bw="14" slack="1"/>
</pin_list>
<bind>
<opset="layer2_out_21 "/>
</bind>
</comp>

<comp id="602" class="1005" name="layer2_out_22_reg_602">
<pin_list>
<pin id="603" dir="0" index="0" bw="14" slack="1"/>
<pin id="604" dir="1" index="1" bw="14" slack="1"/>
</pin_list>
<bind>
<opset="layer2_out_22 "/>
</bind>
</comp>

<comp id="607" class="1005" name="layer2_out_23_reg_607">
<pin_list>
<pin id="608" dir="0" index="0" bw="14" slack="1"/>
<pin id="609" dir="1" index="1" bw="14" slack="1"/>
</pin_list>
<bind>
<opset="layer2_out_23 "/>
</bind>
</comp>

<comp id="612" class="1005" name="layer2_out_24_reg_612">
<pin_list>
<pin id="613" dir="0" index="0" bw="14" slack="1"/>
<pin id="614" dir="1" index="1" bw="14" slack="1"/>
</pin_list>
<bind>
<opset="layer2_out_24 "/>
</bind>
</comp>

<comp id="617" class="1005" name="layer2_out_25_reg_617">
<pin_list>
<pin id="618" dir="0" index="0" bw="14" slack="1"/>
<pin id="619" dir="1" index="1" bw="14" slack="1"/>
</pin_list>
<bind>
<opset="layer2_out_25 "/>
</bind>
</comp>

<comp id="622" class="1005" name="layer2_out_26_reg_622">
<pin_list>
<pin id="623" dir="0" index="0" bw="14" slack="1"/>
<pin id="624" dir="1" index="1" bw="14" slack="1"/>
</pin_list>
<bind>
<opset="layer2_out_26 "/>
</bind>
</comp>

<comp id="627" class="1005" name="layer2_out_27_reg_627">
<pin_list>
<pin id="628" dir="0" index="0" bw="14" slack="1"/>
<pin id="629" dir="1" index="1" bw="14" slack="1"/>
</pin_list>
<bind>
<opset="layer2_out_27 "/>
</bind>
</comp>

<comp id="632" class="1005" name="layer2_out_28_reg_632">
<pin_list>
<pin id="633" dir="0" index="0" bw="14" slack="1"/>
<pin id="634" dir="1" index="1" bw="14" slack="1"/>
</pin_list>
<bind>
<opset="layer2_out_28 "/>
</bind>
</comp>

<comp id="637" class="1005" name="layer2_out_29_reg_637">
<pin_list>
<pin id="638" dir="0" index="0" bw="14" slack="1"/>
<pin id="639" dir="1" index="1" bw="14" slack="1"/>
</pin_list>
<bind>
<opset="layer2_out_29 "/>
</bind>
</comp>

<comp id="642" class="1005" name="layer2_out_30_reg_642">
<pin_list>
<pin id="643" dir="0" index="0" bw="14" slack="1"/>
<pin id="644" dir="1" index="1" bw="14" slack="1"/>
</pin_list>
<bind>
<opset="layer2_out_30 "/>
</bind>
</comp>

<comp id="647" class="1005" name="layer2_out_31_reg_647">
<pin_list>
<pin id="648" dir="0" index="0" bw="14" slack="1"/>
<pin id="649" dir="1" index="1" bw="14" slack="1"/>
</pin_list>
<bind>
<opset="layer2_out_31 "/>
</bind>
</comp>

</comp_list>

<net_list>
<net id="252"><net_src comp="146" pin="0"/><net_sink comp="178" pin=0"/></net>

<net id="253"><net_src comp="0" pin="0"/><net_sink comp="178" pin=1"/></net>

<net id="254"><net_src comp="4" pin="0"/><net_sink comp="178" pin=2"/></net>

<net id="255"><net_src comp="6" pin="0"/><net_sink comp="178" pin=3"/></net>

<net id="256"><net_src comp="8" pin="0"/><net_sink comp="178" pin=4"/></net>

<net id="257"><net_src comp="10" pin="0"/><net_sink comp="178" pin=5"/></net>

<net id="258"><net_src comp="12" pin="0"/><net_sink comp="178" pin=6"/></net>

<net id="259"><net_src comp="14" pin="0"/><net_sink comp="178" pin=7"/></net>

<net id="260"><net_src comp="16" pin="0"/><net_sink comp="178" pin=8"/></net>

<net id="261"><net_src comp="18" pin="0"/><net_sink comp="178" pin=9"/></net>

<net id="262"><net_src comp="20" pin="0"/><net_sink comp="178" pin=10"/></net>

<net id="263"><net_src comp="22" pin="0"/><net_sink comp="178" pin=11"/></net>

<net id="264"><net_src comp="24" pin="0"/><net_sink comp="178" pin=12"/></net>

<net id="265"><net_src comp="26" pin="0"/><net_sink comp="178" pin=13"/></net>

<net id="266"><net_src comp="28" pin="0"/><net_sink comp="178" pin=14"/></net>

<net id="267"><net_src comp="30" pin="0"/><net_sink comp="178" pin=15"/></net>

<net id="268"><net_src comp="32" pin="0"/><net_sink comp="178" pin=16"/></net>

<net id="269"><net_src comp="34" pin="0"/><net_sink comp="178" pin=17"/></net>

<net id="270"><net_src comp="36" pin="0"/><net_sink comp="178" pin=18"/></net>

<net id="271"><net_src comp="38" pin="0"/><net_sink comp="178" pin=19"/></net>

<net id="272"><net_src comp="40" pin="0"/><net_sink comp="178" pin=20"/></net>

<net id="273"><net_src comp="42" pin="0"/><net_sink comp="178" pin=21"/></net>

<net id="274"><net_src comp="44" pin="0"/><net_sink comp="178" pin=22"/></net>

<net id="275"><net_src comp="46" pin="0"/><net_sink comp="178" pin=23"/></net>

<net id="276"><net_src comp="48" pin="0"/><net_sink comp="178" pin=24"/></net>

<net id="277"><net_src comp="50" pin="0"/><net_sink comp="178" pin=25"/></net>

<net id="278"><net_src comp="52" pin="0"/><net_sink comp="178" pin=26"/></net>

<net id="279"><net_src comp="54" pin="0"/><net_sink comp="178" pin=27"/></net>

<net id="280"><net_src comp="56" pin="0"/><net_sink comp="178" pin=28"/></net>

<net id="281"><net_src comp="58" pin="0"/><net_sink comp="178" pin=29"/></net>

<net id="282"><net_src comp="60" pin="0"/><net_sink comp="178" pin=30"/></net>

<net id="283"><net_src comp="62" pin="0"/><net_sink comp="178" pin=31"/></net>

<net id="284"><net_src comp="64" pin="0"/><net_sink comp="178" pin=32"/></net>

<net id="285"><net_src comp="66" pin="0"/><net_sink comp="178" pin=33"/></net>

<net id="286"><net_src comp="68" pin="0"/><net_sink comp="178" pin=34"/></net>

<net id="287"><net_src comp="70" pin="0"/><net_sink comp="178" pin=35"/></net>

<net id="288"><net_src comp="72" pin="0"/><net_sink comp="178" pin=36"/></net>

<net id="289"><net_src comp="74" pin="0"/><net_sink comp="178" pin=37"/></net>

<net id="290"><net_src comp="76" pin="0"/><net_sink comp="178" pin=38"/></net>

<net id="291"><net_src comp="78" pin="0"/><net_sink comp="178" pin=39"/></net>

<net id="292"><net_src comp="80" pin="0"/><net_sink comp="178" pin=40"/></net>

<net id="293"><net_src comp="82" pin="0"/><net_sink comp="178" pin=41"/></net>

<net id="294"><net_src comp="84" pin="0"/><net_sink comp="178" pin=42"/></net>

<net id="295"><net_src comp="86" pin="0"/><net_sink comp="178" pin=43"/></net>

<net id="296"><net_src comp="88" pin="0"/><net_sink comp="178" pin=44"/></net>

<net id="297"><net_src comp="90" pin="0"/><net_sink comp="178" pin=45"/></net>

<net id="298"><net_src comp="92" pin="0"/><net_sink comp="178" pin=46"/></net>

<net id="299"><net_src comp="94" pin="0"/><net_sink comp="178" pin=47"/></net>

<net id="300"><net_src comp="96" pin="0"/><net_sink comp="178" pin=48"/></net>

<net id="301"><net_src comp="98" pin="0"/><net_sink comp="178" pin=49"/></net>

<net id="302"><net_src comp="100" pin="0"/><net_sink comp="178" pin=50"/></net>

<net id="303"><net_src comp="102" pin="0"/><net_sink comp="178" pin=51"/></net>

<net id="304"><net_src comp="104" pin="0"/><net_sink comp="178" pin=52"/></net>

<net id="305"><net_src comp="106" pin="0"/><net_sink comp="178" pin=53"/></net>

<net id="306"><net_src comp="108" pin="0"/><net_sink comp="178" pin=54"/></net>

<net id="307"><net_src comp="110" pin="0"/><net_sink comp="178" pin=55"/></net>

<net id="308"><net_src comp="112" pin="0"/><net_sink comp="178" pin=56"/></net>

<net id="309"><net_src comp="114" pin="0"/><net_sink comp="178" pin=57"/></net>

<net id="310"><net_src comp="116" pin="0"/><net_sink comp="178" pin=58"/></net>

<net id="311"><net_src comp="118" pin="0"/><net_sink comp="178" pin=59"/></net>

<net id="312"><net_src comp="120" pin="0"/><net_sink comp="178" pin=60"/></net>

<net id="313"><net_src comp="122" pin="0"/><net_sink comp="178" pin=61"/></net>

<net id="314"><net_src comp="124" pin="0"/><net_sink comp="178" pin=62"/></net>

<net id="315"><net_src comp="126" pin="0"/><net_sink comp="178" pin=63"/></net>

<net id="316"><net_src comp="128" pin="0"/><net_sink comp="178" pin=64"/></net>

<net id="317"><net_src comp="130" pin="0"/><net_sink comp="178" pin=65"/></net>

<net id="318"><net_src comp="132" pin="0"/><net_sink comp="178" pin=66"/></net>

<net id="319"><net_src comp="134" pin="0"/><net_sink comp="178" pin=67"/></net>

<net id="320"><net_src comp="136" pin="0"/><net_sink comp="178" pin=68"/></net>

<net id="321"><net_src comp="138" pin="0"/><net_sink comp="178" pin=69"/></net>

<net id="322"><net_src comp="140" pin="0"/><net_sink comp="178" pin=70"/></net>

<net id="323"><net_src comp="142" pin="0"/><net_sink comp="178" pin=71"/></net>

<net id="361"><net_src comp="148" pin="0"/><net_sink comp="324" pin=0"/></net>

<net id="362"><net_src comp="2" pin="0"/><net_sink comp="324" pin=33"/></net>

<net id="363"><net_src comp="144" pin="0"/><net_sink comp="324" pin=34"/></net>

<net id="367"><net_src comp="178" pin="72"/><net_sink comp="364" pin=0"/></net>

<net id="371"><net_src comp="178" pin="72"/><net_sink comp="368" pin=0"/></net>

<net id="375"><net_src comp="178" pin="72"/><net_sink comp="372" pin=0"/></net>

<net id="379"><net_src comp="178" pin="72"/><net_sink comp="376" pin=0"/></net>

<net id="383"><net_src comp="178" pin="72"/><net_sink comp="380" pin=0"/></net>

<net id="387"><net_src comp="178" pin="72"/><net_sink comp="384" pin=0"/></net>

<net id="391"><net_src comp="178" pin="72"/><net_sink comp="388" pin=0"/></net>

<net id="395"><net_src comp="178" pin="72"/><net_sink comp="392" pin=0"/></net>

<net id="399"><net_src comp="178" pin="72"/><net_sink comp="396" pin=0"/></net>

<net id="403"><net_src comp="178" pin="72"/><net_sink comp="400" pin=0"/></net>

<net id="407"><net_src comp="178" pin="72"/><net_sink comp="404" pin=0"/></net>

<net id="411"><net_src comp="178" pin="72"/><net_sink comp="408" pin=0"/></net>

<net id="415"><net_src comp="178" pin="72"/><net_sink comp="412" pin=0"/></net>

<net id="419"><net_src comp="178" pin="72"/><net_sink comp="416" pin=0"/></net>

<net id="423"><net_src comp="178" pin="72"/><net_sink comp="420" pin=0"/></net>

<net id="427"><net_src comp="178" pin="72"/><net_sink comp="424" pin=0"/></net>

<net id="431"><net_src comp="178" pin="72"/><net_sink comp="428" pin=0"/></net>

<net id="435"><net_src comp="178" pin="72"/><net_sink comp="432" pin=0"/></net>

<net id="439"><net_src comp="178" pin="72"/><net_sink comp="436" pin=0"/></net>

<net id="443"><net_src comp="178" pin="72"/><net_sink comp="440" pin=0"/></net>

<net id="447"><net_src comp="178" pin="72"/><net_sink comp="444" pin=0"/></net>

<net id="451"><net_src comp="178" pin="72"/><net_sink comp="448" pin=0"/></net>

<net id="455"><net_src comp="178" pin="72"/><net_sink comp="452" pin=0"/></net>

<net id="459"><net_src comp="178" pin="72"/><net_sink comp="456" pin=0"/></net>

<net id="463"><net_src comp="178" pin="72"/><net_sink comp="460" pin=0"/></net>

<net id="467"><net_src comp="178" pin="72"/><net_sink comp="464" pin=0"/></net>

<net id="471"><net_src comp="178" pin="72"/><net_sink comp="468" pin=0"/></net>

<net id="475"><net_src comp="178" pin="72"/><net_sink comp="472" pin=0"/></net>

<net id="479"><net_src comp="178" pin="72"/><net_sink comp="476" pin=0"/></net>

<net id="483"><net_src comp="178" pin="72"/><net_sink comp="480" pin=0"/></net>

<net id="487"><net_src comp="178" pin="72"/><net_sink comp="484" pin=0"/></net>

<net id="491"><net_src comp="178" pin="72"/><net_sink comp="488" pin=0"/></net>

<net id="495"><net_src comp="364" pin="1"/><net_sink comp="492" pin=0"/></net>

<net id="496"><net_src comp="492" pin="1"/><net_sink comp="324" pin=1"/></net>

<net id="500"><net_src comp="368" pin="1"/><net_sink comp="497" pin=0"/></net>

<net id="501"><net_src comp="497" pin="1"/><net_sink comp="324" pin=2"/></net>

<net id="505"><net_src comp="372" pin="1"/><net_sink comp="502" pin=0"/></net>

<net id="506"><net_src comp="502" pin="1"/><net_sink comp="324" pin=3"/></net>

<net id="510"><net_src comp="376" pin="1"/><net_sink comp="507" pin=0"/></net>

<net id="511"><net_src comp="507" pin="1"/><net_sink comp="324" pin=4"/></net>

<net id="515"><net_src comp="380" pin="1"/><net_sink comp="512" pin=0"/></net>

<net id="516"><net_src comp="512" pin="1"/><net_sink comp="324" pin=5"/></net>

<net id="520"><net_src comp="384" pin="1"/><net_sink comp="517" pin=0"/></net>

<net id="521"><net_src comp="517" pin="1"/><net_sink comp="324" pin=6"/></net>

<net id="525"><net_src comp="388" pin="1"/><net_sink comp="522" pin=0"/></net>

<net id="526"><net_src comp="522" pin="1"/><net_sink comp="324" pin=7"/></net>

<net id="530"><net_src comp="392" pin="1"/><net_sink comp="527" pin=0"/></net>

<net id="531"><net_src comp="527" pin="1"/><net_sink comp="324" pin=8"/></net>

<net id="535"><net_src comp="396" pin="1"/><net_sink comp="532" pin=0"/></net>

<net id="536"><net_src comp="532" pin="1"/><net_sink comp="324" pin=9"/></net>

<net id="540"><net_src comp="400" pin="1"/><net_sink comp="537" pin=0"/></net>

<net id="541"><net_src comp="537" pin="1"/><net_sink comp="324" pin=10"/></net>

<net id="545"><net_src comp="404" pin="1"/><net_sink comp="542" pin=0"/></net>

<net id="546"><net_src comp="542" pin="1"/><net_sink comp="324" pin=11"/></net>

<net id="550"><net_src comp="408" pin="1"/><net_sink comp="547" pin=0"/></net>

<net id="551"><net_src comp="547" pin="1"/><net_sink comp="324" pin=12"/></net>

<net id="555"><net_src comp="412" pin="1"/><net_sink comp="552" pin=0"/></net>

<net id="556"><net_src comp="552" pin="1"/><net_sink comp="324" pin=13"/></net>

<net id="560"><net_src comp="416" pin="1"/><net_sink comp="557" pin=0"/></net>

<net id="561"><net_src comp="557" pin="1"/><net_sink comp="324" pin=14"/></net>

<net id="565"><net_src comp="420" pin="1"/><net_sink comp="562" pin=0"/></net>

<net id="566"><net_src comp="562" pin="1"/><net_sink comp="324" pin=15"/></net>

<net id="570"><net_src comp="424" pin="1"/><net_sink comp="567" pin=0"/></net>

<net id="571"><net_src comp="567" pin="1"/><net_sink comp="324" pin=16"/></net>

<net id="575"><net_src comp="428" pin="1"/><net_sink comp="572" pin=0"/></net>

<net id="576"><net_src comp="572" pin="1"/><net_sink comp="324" pin=17"/></net>

<net id="580"><net_src comp="432" pin="1"/><net_sink comp="577" pin=0"/></net>

<net id="581"><net_src comp="577" pin="1"/><net_sink comp="324" pin=18"/></net>

<net id="585"><net_src comp="436" pin="1"/><net_sink comp="582" pin=0"/></net>

<net id="586"><net_src comp="582" pin="1"/><net_sink comp="324" pin=19"/></net>

<net id="590"><net_src comp="440" pin="1"/><net_sink comp="587" pin=0"/></net>

<net id="591"><net_src comp="587" pin="1"/><net_sink comp="324" pin=20"/></net>

<net id="595"><net_src comp="444" pin="1"/><net_sink comp="592" pin=0"/></net>

<net id="596"><net_src comp="592" pin="1"/><net_sink comp="324" pin=21"/></net>

<net id="600"><net_src comp="448" pin="1"/><net_sink comp="597" pin=0"/></net>

<net id="601"><net_src comp="597" pin="1"/><net_sink comp="324" pin=22"/></net>

<net id="605"><net_src comp="452" pin="1"/><net_sink comp="602" pin=0"/></net>

<net id="606"><net_src comp="602" pin="1"/><net_sink comp="324" pin=23"/></net>

<net id="610"><net_src comp="456" pin="1"/><net_sink comp="607" pin=0"/></net>

<net id="611"><net_src comp="607" pin="1"/><net_sink comp="324" pin=24"/></net>

<net id="615"><net_src comp="460" pin="1"/><net_sink comp="612" pin=0"/></net>

<net id="616"><net_src comp="612" pin="1"/><net_sink comp="324" pin=25"/></net>

<net id="620"><net_src comp="464" pin="1"/><net_sink comp="617" pin=0"/></net>

<net id="621"><net_src comp="617" pin="1"/><net_sink comp="324" pin=26"/></net>

<net id="625"><net_src comp="468" pin="1"/><net_sink comp="622" pin=0"/></net>

<net id="626"><net_src comp="622" pin="1"/><net_sink comp="324" pin=27"/></net>

<net id="630"><net_src comp="472" pin="1"/><net_sink comp="627" pin=0"/></net>

<net id="631"><net_src comp="627" pin="1"/><net_sink comp="324" pin=28"/></net>

<net id="635"><net_src comp="476" pin="1"/><net_sink comp="632" pin=0"/></net>

<net id="636"><net_src comp="632" pin="1"/><net_sink comp="324" pin=29"/></net>

<net id="640"><net_src comp="480" pin="1"/><net_sink comp="637" pin=0"/></net>

<net id="641"><net_src comp="637" pin="1"/><net_sink comp="324" pin=30"/></net>

<net id="645"><net_src comp="484" pin="1"/><net_sink comp="642" pin=0"/></net>

<net id="646"><net_src comp="642" pin="1"/><net_sink comp="324" pin=31"/></net>

<net id="650"><net_src comp="488" pin="1"/><net_sink comp="647" pin=0"/></net>

<net id="651"><net_src comp="647" pin="1"/><net_sink comp="324" pin=32"/></net>

</net_list>

</model> 
---------------- Datapath Model END ------------------

* FSMD analyzer results:
  - Output states:
	Port: layer3_out | {3 4 }
	Port: void_lstm_static_bool_ap_fixed_ap_fixed_ap_fixed_weight_t_recurrent_weight_t_9 | {1 2 }
	Port: void_lstm_static_bool_ap_fixed_ap_fixed_ap_fixed_weight_t_recurrent_weight_t_8 | {1 2 }
	Port: void_lstm_static_bool_ap_fixed_ap_fixed_ap_fixed_weight_t_recurrent_weight_t_7 | {1 2 }
	Port: void_lstm_static_bool_ap_fixed_ap_fixed_ap_fixed_weight_t_recurrent_weight_t_6 | {1 2 }
	Port: void_lstm_static_bool_ap_fixed_ap_fixed_ap_fixed_weight_t_recurrent_weight_t_5 | {1 2 }
	Port: void_lstm_static_bool_ap_fixed_ap_fixed_ap_fixed_weight_t_recurrent_weight_t_4 | {1 2 }
	Port: void_lstm_static_bool_ap_fixed_ap_fixed_ap_fixed_weight_t_recurrent_weight_t_3 | {1 2 }
	Port: void_lstm_static_bool_ap_fixed_ap_fixed_ap_fixed_weight_t_recurrent_weight_t_2 | {1 2 }
	Port: void_lstm_static_bool_ap_fixed_ap_fixed_ap_fixed_weight_t_recurrent_weight_t_1 | {1 2 }
	Port: void_lstm_static_bool_ap_fixed_ap_fixed_ap_fixed_weight_t_recurrent_weight_t | {1 2 }
	Port: p_ZZN4nnet11lstm_staticI8ap_fixedILi14ELi7EL9ap_q_mode0EL9ap_o_mode3ELi0EES4_7con_21 | {1 2 }
	Port: p_ZZN4nnet11lstm_staticI8ap_fixedILi14ELi7EL9ap_q_mode0EL9ap_o_mode3ELi0EES4_7con_20 | {1 2 }
	Port: p_ZZN4nnet11lstm_staticI8ap_fixedILi14ELi7EL9ap_q_mode0EL9ap_o_mode3ELi0EES4_7con_19 | {1 2 }
	Port: p_ZZN4nnet11lstm_staticI8ap_fixedILi14ELi7EL9ap_q_mode0EL9ap_o_mode3ELi0EES4_7con_18 | {1 2 }
	Port: p_ZZN4nnet11lstm_staticI8ap_fixedILi14ELi7EL9ap_q_mode0EL9ap_o_mode3ELi0EES4_7con_17 | {1 2 }
	Port: p_ZZN4nnet11lstm_staticI8ap_fixedILi14ELi7EL9ap_q_mode0EL9ap_o_mode3ELi0EES4_7con_16 | {1 2 }
	Port: p_ZZN4nnet11lstm_staticI8ap_fixedILi14ELi7EL9ap_q_mode0EL9ap_o_mode3ELi0EES4_7con_15 | {1 2 }
	Port: p_ZZN4nnet11lstm_staticI8ap_fixedILi14ELi7EL9ap_q_mode0EL9ap_o_mode3ELi0EES4_7con_14 | {1 2 }
	Port: p_ZZN4nnet11lstm_staticI8ap_fixedILi14ELi7EL9ap_q_mode0EL9ap_o_mode3ELi0EES4_7con_13 | {1 2 }
	Port: p_ZZN4nnet11lstm_staticI8ap_fixedILi14ELi7EL9ap_q_mode0EL9ap_o_mode3ELi0EES4_7con_12 | {1 2 }
	Port: p_ZZN4nnet11lstm_staticI8ap_fixedILi14ELi7EL9ap_q_mode0EL9ap_o_mode3ELi0EES4_7con_11 | {1 2 }
	Port: p_ZZN4nnet11lstm_staticI8ap_fixedILi14ELi7EL9ap_q_mode0EL9ap_o_mode3ELi0EES4_7con_10 | {1 2 }
	Port: p_ZZN4nnet11lstm_staticI8ap_fixedILi14ELi7EL9ap_q_mode0EL9ap_o_mode3ELi0EES4_7con_9 | {1 2 }
	Port: p_ZZN4nnet11lstm_staticI8ap_fixedILi14ELi7EL9ap_q_mode0EL9ap_o_mode3ELi0EES4_7con_8 | {1 2 }
	Port: p_ZZN4nnet11lstm_staticI8ap_fixedILi14ELi7EL9ap_q_mode0EL9ap_o_mode3ELi0EES4_7con_7 | {1 2 }
	Port: p_ZZN4nnet11lstm_staticI8ap_fixedILi14ELi7EL9ap_q_mode0EL9ap_o_mode3ELi0EES4_7con_6 | {1 2 }
	Port: p_ZZN4nnet11lstm_staticI8ap_fixedILi14ELi7EL9ap_q_mode0EL9ap_o_mode3ELi0EES4_7con_5 | {1 2 }
	Port: p_ZZN4nnet11lstm_staticI8ap_fixedILi14ELi7EL9ap_q_mode0EL9ap_o_mode3ELi0EES4_7con_4 | {1 2 }
	Port: p_ZZN4nnet11lstm_staticI8ap_fixedILi14ELi7EL9ap_q_mode0EL9ap_o_mode3ELi0EES4_7con_3 | {1 2 }
	Port: p_ZZN4nnet11lstm_staticI8ap_fixedILi14ELi7EL9ap_q_mode0EL9ap_o_mode3ELi0EES4_7con_2 | {1 2 }
	Port: p_ZZN4nnet11lstm_staticI8ap_fixedILi14ELi7EL9ap_q_mode0EL9ap_o_mode3ELi0EES4_7con_1 | {1 2 }
	Port: p_ZZN4nnet11lstm_staticI8ap_fixedILi14ELi7EL9ap_q_mode0EL9ap_o_mode3ELi0EES4_7con | {1 2 }
	Port: void_lstm_static_bool_ap_fixed_ap_fixed_ap_fixed_weight_t_recurrent_weight_t_19 | {1 2 }
	Port: void_lstm_static_bool_ap_fixed_ap_fixed_ap_fixed_weight_t_recurrent_weight_t_18 | {1 2 }
	Port: void_lstm_static_bool_ap_fixed_ap_fixed_ap_fixed_weight_t_recurrent_weight_t_17 | {1 2 }
	Port: void_lstm_static_bool_ap_fixed_ap_fixed_ap_fixed_weight_t_recurrent_weight_t_16 | {1 2 }
	Port: void_lstm_static_bool_ap_fixed_ap_fixed_ap_fixed_weight_t_recurrent_weight_t_15 | {1 2 }
	Port: void_lstm_static_bool_ap_fixed_ap_fixed_ap_fixed_weight_t_recurrent_weight_t_14 | {1 2 }
	Port: void_lstm_static_bool_ap_fixed_ap_fixed_ap_fixed_weight_t_recurrent_weight_t_13 | {1 2 }
	Port: void_lstm_static_bool_ap_fixed_ap_fixed_ap_fixed_weight_t_recurrent_weight_t_12 | {1 2 }
	Port: void_lstm_static_bool_ap_fixed_ap_fixed_ap_fixed_weight_t_recurrent_weight_t_11 | {1 2 }
	Port: void_lstm_static_bool_ap_fixed_ap_fixed_ap_fixed_weight_t_recurrent_weight_t_10 | {1 2 }
	Port: p_ZZN4nnet11lstm_staticI8ap_fixedILi14ELi7EL9ap_q_mode0EL9ap_o_mode3ELi0EES4_7con_43 | {1 2 }
	Port: p_ZZN4nnet11lstm_staticI8ap_fixedILi14ELi7EL9ap_q_mode0EL9ap_o_mode3ELi0EES4_7con_42 | {1 2 }
	Port: p_ZZN4nnet11lstm_staticI8ap_fixedILi14ELi7EL9ap_q_mode0EL9ap_o_mode3ELi0EES4_7con_41 | {1 2 }
	Port: p_ZZN4nnet11lstm_staticI8ap_fixedILi14ELi7EL9ap_q_mode0EL9ap_o_mode3ELi0EES4_7con_40 | {1 2 }
	Port: p_ZZN4nnet11lstm_staticI8ap_fixedILi14ELi7EL9ap_q_mode0EL9ap_o_mode3ELi0EES4_7con_39 | {1 2 }
	Port: p_ZZN4nnet11lstm_staticI8ap_fixedILi14ELi7EL9ap_q_mode0EL9ap_o_mode3ELi0EES4_7con_38 | {1 2 }
	Port: p_ZZN4nnet11lstm_staticI8ap_fixedILi14ELi7EL9ap_q_mode0EL9ap_o_mode3ELi0EES4_7con_37 | {1 2 }
	Port: p_ZZN4nnet11lstm_staticI8ap_fixedILi14ELi7EL9ap_q_mode0EL9ap_o_mode3ELi0EES4_7con_36 | {1 2 }
	Port: p_ZZN4nnet11lstm_staticI8ap_fixedILi14ELi7EL9ap_q_mode0EL9ap_o_mode3ELi0EES4_7con_35 | {1 2 }
	Port: p_ZZN4nnet11lstm_staticI8ap_fixedILi14ELi7EL9ap_q_mode0EL9ap_o_mode3ELi0EES4_7con_34 | {1 2 }
	Port: p_ZZN4nnet11lstm_staticI8ap_fixedILi14ELi7EL9ap_q_mode0EL9ap_o_mode3ELi0EES4_7con_33 | {1 2 }
	Port: p_ZZN4nnet11lstm_staticI8ap_fixedILi14ELi7EL9ap_q_mode0EL9ap_o_mode3ELi0EES4_7con_32 | {1 2 }
	Port: p_ZZN4nnet11lstm_staticI8ap_fixedILi14ELi7EL9ap_q_mode0EL9ap_o_mode3ELi0EES4_7con_31 | {1 2 }
	Port: p_ZZN4nnet11lstm_staticI8ap_fixedILi14ELi7EL9ap_q_mode0EL9ap_o_mode3ELi0EES4_7con_30 | {1 2 }
	Port: p_ZZN4nnet11lstm_staticI8ap_fixedILi14ELi7EL9ap_q_mode0EL9ap_o_mode3ELi0EES4_7con_29 | {1 2 }
	Port: p_ZZN4nnet11lstm_staticI8ap_fixedILi14ELi7EL9ap_q_mode0EL9ap_o_mode3ELi0EES4_7con_28 | {1 2 }
	Port: p_ZZN4nnet11lstm_staticI8ap_fixedILi14ELi7EL9ap_q_mode0EL9ap_o_mode3ELi0EES4_7con_27 | {1 2 }
	Port: p_ZZN4nnet11lstm_staticI8ap_fixedILi14ELi7EL9ap_q_mode0EL9ap_o_mode3ELi0EES4_7con_26 | {1 2 }
	Port: p_ZZN4nnet11lstm_staticI8ap_fixedILi14ELi7EL9ap_q_mode0EL9ap_o_mode3ELi0EES4_7con_25 | {1 2 }
	Port: p_ZZN4nnet11lstm_staticI8ap_fixedILi14ELi7EL9ap_q_mode0EL9ap_o_mode3ELi0EES4_7con_24 | {1 2 }
	Port: p_ZZN4nnet11lstm_staticI8ap_fixedILi14ELi7EL9ap_q_mode0EL9ap_o_mode3ELi0EES4_7con_23 | {1 2 }
	Port: p_ZZN4nnet11lstm_staticI8ap_fixedILi14ELi7EL9ap_q_mode0EL9ap_o_mode3ELi0EES4_7con_22 | {1 2 }
 - Input state : 
	Port: recurrent : input_layer | {1 2 }
	Port: recurrent : void_lstm_static_bool_ap_fixed_ap_fixed_ap_fixed_weight_t_recurrent_weight_t_9 | {1 2 }
	Port: recurrent : void_lstm_static_bool_ap_fixed_ap_fixed_ap_fixed_weight_t_recurrent_weight_t_8 | {1 2 }
	Port: recurrent : void_lstm_static_bool_ap_fixed_ap_fixed_ap_fixed_weight_t_recurrent_weight_t_7 | {1 2 }
	Port: recurrent : void_lstm_static_bool_ap_fixed_ap_fixed_ap_fixed_weight_t_recurrent_weight_t_6 | {1 2 }
	Port: recurrent : void_lstm_static_bool_ap_fixed_ap_fixed_ap_fixed_weight_t_recurrent_weight_t_5 | {1 2 }
	Port: recurrent : void_lstm_static_bool_ap_fixed_ap_fixed_ap_fixed_weight_t_recurrent_weight_t_4 | {1 2 }
	Port: recurrent : void_lstm_static_bool_ap_fixed_ap_fixed_ap_fixed_weight_t_recurrent_weight_t_3 | {1 2 }
	Port: recurrent : void_lstm_static_bool_ap_fixed_ap_fixed_ap_fixed_weight_t_recurrent_weight_t_2 | {1 2 }
	Port: recurrent : void_lstm_static_bool_ap_fixed_ap_fixed_ap_fixed_weight_t_recurrent_weight_t_1 | {1 2 }
	Port: recurrent : void_lstm_static_bool_ap_fixed_ap_fixed_ap_fixed_weight_t_recurrent_weight_t | {1 2 }
	Port: recurrent : p_ZZN4nnet11lstm_staticI8ap_fixedILi14ELi7EL9ap_q_mode0EL9ap_o_mode3ELi0EES4_7con_21 | {1 2 }
	Port: recurrent : p_ZZN4nnet11lstm_staticI8ap_fixedILi14ELi7EL9ap_q_mode0EL9ap_o_mode3ELi0EES4_7con_20 | {1 2 }
	Port: recurrent : p_ZZN4nnet11lstm_staticI8ap_fixedILi14ELi7EL9ap_q_mode0EL9ap_o_mode3ELi0EES4_7con_19 | {1 2 }
	Port: recurrent : p_ZZN4nnet11lstm_staticI8ap_fixedILi14ELi7EL9ap_q_mode0EL9ap_o_mode3ELi0EES4_7con_18 | {1 2 }
	Port: recurrent : p_ZZN4nnet11lstm_staticI8ap_fixedILi14ELi7EL9ap_q_mode0EL9ap_o_mode3ELi0EES4_7con_17 | {1 2 }
	Port: recurrent : p_ZZN4nnet11lstm_staticI8ap_fixedILi14ELi7EL9ap_q_mode0EL9ap_o_mode3ELi0EES4_7con_16 | {1 2 }
	Port: recurrent : p_ZZN4nnet11lstm_staticI8ap_fixedILi14ELi7EL9ap_q_mode0EL9ap_o_mode3ELi0EES4_7con_15 | {1 2 }
	Port: recurrent : p_ZZN4nnet11lstm_staticI8ap_fixedILi14ELi7EL9ap_q_mode0EL9ap_o_mode3ELi0EES4_7con_14 | {1 2 }
	Port: recurrent : p_ZZN4nnet11lstm_staticI8ap_fixedILi14ELi7EL9ap_q_mode0EL9ap_o_mode3ELi0EES4_7con_13 | {1 2 }
	Port: recurrent : p_ZZN4nnet11lstm_staticI8ap_fixedILi14ELi7EL9ap_q_mode0EL9ap_o_mode3ELi0EES4_7con_12 | {1 2 }
	Port: recurrent : p_ZZN4nnet11lstm_staticI8ap_fixedILi14ELi7EL9ap_q_mode0EL9ap_o_mode3ELi0EES4_7con_11 | {1 2 }
	Port: recurrent : p_ZZN4nnet11lstm_staticI8ap_fixedILi14ELi7EL9ap_q_mode0EL9ap_o_mode3ELi0EES4_7con_10 | {1 2 }
	Port: recurrent : p_ZZN4nnet11lstm_staticI8ap_fixedILi14ELi7EL9ap_q_mode0EL9ap_o_mode3ELi0EES4_7con_9 | {1 2 }
	Port: recurrent : p_ZZN4nnet11lstm_staticI8ap_fixedILi14ELi7EL9ap_q_mode0EL9ap_o_mode3ELi0EES4_7con_8 | {1 2 }
	Port: recurrent : p_ZZN4nnet11lstm_staticI8ap_fixedILi14ELi7EL9ap_q_mode0EL9ap_o_mode3ELi0EES4_7con_7 | {1 2 }
	Port: recurrent : p_ZZN4nnet11lstm_staticI8ap_fixedILi14ELi7EL9ap_q_mode0EL9ap_o_mode3ELi0EES4_7con_6 | {1 2 }
	Port: recurrent : p_ZZN4nnet11lstm_staticI8ap_fixedILi14ELi7EL9ap_q_mode0EL9ap_o_mode3ELi0EES4_7con_5 | {1 2 }
	Port: recurrent : p_ZZN4nnet11lstm_staticI8ap_fixedILi14ELi7EL9ap_q_mode0EL9ap_o_mode3ELi0EES4_7con_4 | {1 2 }
	Port: recurrent : p_ZZN4nnet11lstm_staticI8ap_fixedILi14ELi7EL9ap_q_mode0EL9ap_o_mode3ELi0EES4_7con_3 | {1 2 }
	Port: recurrent : p_ZZN4nnet11lstm_staticI8ap_fixedILi14ELi7EL9ap_q_mode0EL9ap_o_mode3ELi0EES4_7con_2 | {1 2 }
	Port: recurrent : p_ZZN4nnet11lstm_staticI8ap_fixedILi14ELi7EL9ap_q_mode0EL9ap_o_mode3ELi0EES4_7con_1 | {1 2 }
	Port: recurrent : p_ZZN4nnet11lstm_staticI8ap_fixedILi14ELi7EL9ap_q_mode0EL9ap_o_mode3ELi0EES4_7con | {1 2 }
	Port: recurrent : void_lstm_static_bool_ap_fixed_ap_fixed_ap_fixed_weight_t_recurrent_weight_t_19 | {1 2 }
	Port: recurrent : void_lstm_static_bool_ap_fixed_ap_fixed_ap_fixed_weight_t_recurrent_weight_t_18 | {1 2 }
	Port: recurrent : void_lstm_static_bool_ap_fixed_ap_fixed_ap_fixed_weight_t_recurrent_weight_t_17 | {1 2 }
	Port: recurrent : void_lstm_static_bool_ap_fixed_ap_fixed_ap_fixed_weight_t_recurrent_weight_t_16 | {1 2 }
	Port: recurrent : void_lstm_static_bool_ap_fixed_ap_fixed_ap_fixed_weight_t_recurrent_weight_t_15 | {1 2 }
	Port: recurrent : void_lstm_static_bool_ap_fixed_ap_fixed_ap_fixed_weight_t_recurrent_weight_t_14 | {1 2 }
	Port: recurrent : void_lstm_static_bool_ap_fixed_ap_fixed_ap_fixed_weight_t_recurrent_weight_t_13 | {1 2 }
	Port: recurrent : void_lstm_static_bool_ap_fixed_ap_fixed_ap_fixed_weight_t_recurrent_weight_t_12 | {1 2 }
	Port: recurrent : void_lstm_static_bool_ap_fixed_ap_fixed_ap_fixed_weight_t_recurrent_weight_t_11 | {1 2 }
	Port: recurrent : void_lstm_static_bool_ap_fixed_ap_fixed_ap_fixed_weight_t_recurrent_weight_t_10 | {1 2 }
	Port: recurrent : p_ZZN4nnet11lstm_staticI8ap_fixedILi14ELi7EL9ap_q_mode0EL9ap_o_mode3ELi0EES4_7con_43 | {1 2 }
	Port: recurrent : p_ZZN4nnet11lstm_staticI8ap_fixedILi14ELi7EL9ap_q_mode0EL9ap_o_mode3ELi0EES4_7con_42 | {1 2 }
	Port: recurrent : p_ZZN4nnet11lstm_staticI8ap_fixedILi14ELi7EL9ap_q_mode0EL9ap_o_mode3ELi0EES4_7con_41 | {1 2 }
	Port: recurrent : p_ZZN4nnet11lstm_staticI8ap_fixedILi14ELi7EL9ap_q_mode0EL9ap_o_mode3ELi0EES4_7con_40 | {1 2 }
	Port: recurrent : p_ZZN4nnet11lstm_staticI8ap_fixedILi14ELi7EL9ap_q_mode0EL9ap_o_mode3ELi0EES4_7con_39 | {1 2 }
	Port: recurrent : p_ZZN4nnet11lstm_staticI8ap_fixedILi14ELi7EL9ap_q_mode0EL9ap_o_mode3ELi0EES4_7con_38 | {1 2 }
	Port: recurrent : p_ZZN4nnet11lstm_staticI8ap_fixedILi14ELi7EL9ap_q_mode0EL9ap_o_mode3ELi0EES4_7con_37 | {1 2 }
	Port: recurrent : p_ZZN4nnet11lstm_staticI8ap_fixedILi14ELi7EL9ap_q_mode0EL9ap_o_mode3ELi0EES4_7con_36 | {1 2 }
	Port: recurrent : p_ZZN4nnet11lstm_staticI8ap_fixedILi14ELi7EL9ap_q_mode0EL9ap_o_mode3ELi0EES4_7con_35 | {1 2 }
	Port: recurrent : p_ZZN4nnet11lstm_staticI8ap_fixedILi14ELi7EL9ap_q_mode0EL9ap_o_mode3ELi0EES4_7con_34 | {1 2 }
	Port: recurrent : p_ZZN4nnet11lstm_staticI8ap_fixedILi14ELi7EL9ap_q_mode0EL9ap_o_mode3ELi0EES4_7con_33 | {1 2 }
	Port: recurrent : p_ZZN4nnet11lstm_staticI8ap_fixedILi14ELi7EL9ap_q_mode0EL9ap_o_mode3ELi0EES4_7con_32 | {1 2 }
	Port: recurrent : p_ZZN4nnet11lstm_staticI8ap_fixedILi14ELi7EL9ap_q_mode0EL9ap_o_mode3ELi0EES4_7con_31 | {1 2 }
	Port: recurrent : p_ZZN4nnet11lstm_staticI8ap_fixedILi14ELi7EL9ap_q_mode0EL9ap_o_mode3ELi0EES4_7con_30 | {1 2 }
	Port: recurrent : p_ZZN4nnet11lstm_staticI8ap_fixedILi14ELi7EL9ap_q_mode0EL9ap_o_mode3ELi0EES4_7con_29 | {1 2 }
	Port: recurrent : p_ZZN4nnet11lstm_staticI8ap_fixedILi14ELi7EL9ap_q_mode0EL9ap_o_mode3ELi0EES4_7con_28 | {1 2 }
	Port: recurrent : p_ZZN4nnet11lstm_staticI8ap_fixedILi14ELi7EL9ap_q_mode0EL9ap_o_mode3ELi0EES4_7con_27 | {1 2 }
	Port: recurrent : p_ZZN4nnet11lstm_staticI8ap_fixedILi14ELi7EL9ap_q_mode0EL9ap_o_mode3ELi0EES4_7con_26 | {1 2 }
	Port: recurrent : p_ZZN4nnet11lstm_staticI8ap_fixedILi14ELi7EL9ap_q_mode0EL9ap_o_mode3ELi0EES4_7con_25 | {1 2 }
	Port: recurrent : p_ZZN4nnet11lstm_staticI8ap_fixedILi14ELi7EL9ap_q_mode0EL9ap_o_mode3ELi0EES4_7con_24 | {1 2 }
	Port: recurrent : p_ZZN4nnet11lstm_staticI8ap_fixedILi14ELi7EL9ap_q_mode0EL9ap_o_mode3ELi0EES4_7con_23 | {1 2 }
	Port: recurrent : p_ZZN4nnet11lstm_staticI8ap_fixedILi14ELi7EL9ap_q_mode0EL9ap_o_mode3ELi0EES4_7con_22 | {1 2 }
	Port: recurrent : outidx | {1 2 }
	Port: recurrent : w2 | {1 2 }
	Port: recurrent : outidx_4 | {1 2 }
	Port: recurrent : wr2 | {1 2 }
	Port: recurrent : sigmoid_table | {1 2 }
	Port: recurrent : tanh_table | {1 2 }
	Port: recurrent : w3 | {3 4 }
  - Chain level:
	State 1
	State 2
		layer2_out : 1
		layer2_out_1 : 1
		layer2_out_2 : 1
		layer2_out_3 : 1
		layer2_out_4 : 1
		layer2_out_5 : 1
		layer2_out_6 : 1
		layer2_out_7 : 1
		layer2_out_8 : 1
		layer2_out_9 : 1
		layer2_out_10 : 1
		layer2_out_11 : 1
		layer2_out_12 : 1
		layer2_out_13 : 1
		layer2_out_14 : 1
		layer2_out_15 : 1
		layer2_out_16 : 1
		layer2_out_17 : 1
		layer2_out_18 : 1
		layer2_out_19 : 1
		layer2_out_20 : 1
		layer2_out_21 : 1
		layer2_out_22 : 1
		layer2_out_23 : 1
		layer2_out_24 : 1
		layer2_out_25 : 1
		layer2_out_26 : 1
		layer2_out_27 : 1
		layer2_out_28 : 1
		layer2_out_29 : 1
		layer2_out_30 : 1
		layer2_out_31 : 1
	State 3
	State 4


============================================================
+ Verbose Summary: Datapath Resource usage 
============================================================

* Functional unit list:
|----------|-----------------------------------------------------------------------------|---------|---------|---------|---------|---------|---------|
| Operation|                               Functional Unit                               |   BRAM  |   DSP   |  Delay  |    FF   |   LUT   |   URAM  |
|----------|-----------------------------------------------------------------------------|---------|---------|---------|---------|---------|---------|
|   call   |   grp_lstm_stack_ap_fixed_14_7_0_3_0_ap_fixed_14_7_0_3_0_config2_s_fu_178   |    0    |   176   | 1050.01 |  52581  |  43548  |    0    |
|          | grp_dense_resource_rf_leq_nin_ap_fixed_ap_fixed_14_7_0_3_0_config3_s_fu_324 |    0    |    1    |   9.66  |   1494  |   249   |    0    |
|----------|-----------------------------------------------------------------------------|---------|---------|---------|---------|---------|---------|
|          |                              layer2_out_fu_364                              |    0    |    0    |    0    |    0    |    0    |    0    |
|          |                             layer2_out_1_fu_368                             |    0    |    0    |    0    |    0    |    0    |    0    |
|          |                             layer2_out_2_fu_372                             |    0    |    0    |    0    |    0    |    0    |    0    |
|          |                             layer2_out_3_fu_376                             |    0    |    0    |    0    |    0    |    0    |    0    |
|          |                             layer2_out_4_fu_380                             |    0    |    0    |    0    |    0    |    0    |    0    |
|          |                             layer2_out_5_fu_384                             |    0    |    0    |    0    |    0    |    0    |    0    |
|          |                             layer2_out_6_fu_388                             |    0    |    0    |    0    |    0    |    0    |    0    |
|          |                             layer2_out_7_fu_392                             |    0    |    0    |    0    |    0    |    0    |    0    |
|          |                             layer2_out_8_fu_396                             |    0    |    0    |    0    |    0    |    0    |    0    |
|          |                             layer2_out_9_fu_400                             |    0    |    0    |    0    |    0    |    0    |    0    |
|          |                             layer2_out_10_fu_404                            |    0    |    0    |    0    |    0    |    0    |    0    |
|          |                             layer2_out_11_fu_408                            |    0    |    0    |    0    |    0    |    0    |    0    |
|          |                             layer2_out_12_fu_412                            |    0    |    0    |    0    |    0    |    0    |    0    |
|          |                             layer2_out_13_fu_416                            |    0    |    0    |    0    |    0    |    0    |    0    |
|          |                             layer2_out_14_fu_420                            |    0    |    0    |    0    |    0    |    0    |    0    |
|extractvalue|                             layer2_out_15_fu_424                            |    0    |    0    |    0    |    0    |    0    |    0    |
|          |                             layer2_out_16_fu_428                            |    0    |    0    |    0    |    0    |    0    |    0    |
|          |                             layer2_out_17_fu_432                            |    0    |    0    |    0    |    0    |    0    |    0    |
|          |                             layer2_out_18_fu_436                            |    0    |    0    |    0    |    0    |    0    |    0    |
|          |                             layer2_out_19_fu_440                            |    0    |    0    |    0    |    0    |    0    |    0    |
|          |                             layer2_out_20_fu_444                            |    0    |    0    |    0    |    0    |    0    |    0    |
|          |                             layer2_out_21_fu_448                            |    0    |    0    |    0    |    0    |    0    |    0    |
|          |                             layer2_out_22_fu_452                            |    0    |    0    |    0    |    0    |    0    |    0    |
|          |                             layer2_out_23_fu_456                            |    0    |    0    |    0    |    0    |    0    |    0    |
|          |                             layer2_out_24_fu_460                            |    0    |    0    |    0    |    0    |    0    |    0    |
|          |                             layer2_out_25_fu_464                            |    0    |    0    |    0    |    0    |    0    |    0    |
|          |                             layer2_out_26_fu_468                            |    0    |    0    |    0    |    0    |    0    |    0    |
|          |                             layer2_out_27_fu_472                            |    0    |    0    |    0    |    0    |    0    |    0    |
|          |                             layer2_out_28_fu_476                            |    0    |    0    |    0    |    0    |    0    |    0    |
|          |                             layer2_out_29_fu_480                            |    0    |    0    |    0    |    0    |    0    |    0    |
|          |                             layer2_out_30_fu_484                            |    0    |    0    |    0    |    0    |    0    |    0    |
|          |                             layer2_out_31_fu_488                            |    0    |    0    |    0    |    0    |    0    |    0    |
|----------|-----------------------------------------------------------------------------|---------|---------|---------|---------|---------|---------|
|   Total  |                                                                             |    0    |   177   | 1059.67 |  54075  |  43797  |    0    |
|----------|-----------------------------------------------------------------------------|---------|---------|---------|---------|---------|---------|

Memories:
+-------------+--------+--------+--------+
|             |  BRAM  |   FF   |   LUT  |
+-------------+--------+--------+--------+
|    outidx   |    0   |    3   |    3   |
|   outidx_4  |    0   |    1   |    1   |
|sigmoid_table|   48   |   10   |    0   |
|  tanh_table |   16   |   11   |    0   |
|      w2     |    6   |    0   |    0   |
|      w3     |    1   |    0   |    0   |
|     wr2     |   20   |    0   |    0   |
+-------------+--------+--------+--------+
|    Total    |   91   |   25   |    4   |
+-------------+--------+--------+--------+

* Register list:
+---------------------+--------+
|                     |   FF   |
+---------------------+--------+
|layer2_out_10_reg_542|   14   |
|layer2_out_11_reg_547|   14   |
|layer2_out_12_reg_552|   14   |
|layer2_out_13_reg_557|   14   |
|layer2_out_14_reg_562|   14   |
|layer2_out_15_reg_567|   14   |
|layer2_out_16_reg_572|   14   |
|layer2_out_17_reg_577|   14   |
|layer2_out_18_reg_582|   14   |
|layer2_out_19_reg_587|   14   |
| layer2_out_1_reg_497|   14   |
|layer2_out_20_reg_592|   14   |
|layer2_out_21_reg_597|   14   |
|layer2_out_22_reg_602|   14   |
|layer2_out_23_reg_607|   14   |
|layer2_out_24_reg_612|   14   |
|layer2_out_25_reg_617|   14   |
|layer2_out_26_reg_622|   14   |
|layer2_out_27_reg_627|   14   |
|layer2_out_28_reg_632|   14   |
|layer2_out_29_reg_637|   14   |
| layer2_out_2_reg_502|   14   |
|layer2_out_30_reg_642|   14   |
|layer2_out_31_reg_647|   14   |
| layer2_out_3_reg_507|   14   |
| layer2_out_4_reg_512|   14   |
| layer2_out_5_reg_517|   14   |
| layer2_out_6_reg_522|   14   |
| layer2_out_7_reg_527|   14   |
| layer2_out_8_reg_532|   14   |
| layer2_out_9_reg_537|   14   |
|  layer2_out_reg_492 |   14   |
+---------------------+--------+
|        Total        |   448  |
+---------------------+--------+

* Multiplexer (MUX) list: 
|--------|------|------|------|--------|
|  Comp  |  Pin | Size |  BW  | S x BW |
|--------|------|------|------|--------|
|  Total |      |      |      |    0   |
|--------|------|------|------|--------|



* Summary:
+-----------+--------+--------+--------+--------+--------+--------+
|           |  BRAM  |   DSP  |  Delay |   FF   |   LUT  |  URAM  |
+-----------+--------+--------+--------+--------+--------+--------+
|  Function |    0   |   177  |  1059  |  54075 |  43797 |    0   |
|   Memory  |   91   |    -   |    -   |   25   |    4   |    -   |
|Multiplexer|    -   |    -   |    -   |    -   |    -   |    -   |
|  Register |    -   |    -   |    -   |   448  |    -   |    -   |
+-----------+--------+--------+--------+--------+--------+--------+
|   Total   |   91   |   177  |  1059  |  54548 |  43801 |    0   |
+-----------+--------+--------+--------+--------+--------+--------+
