

================================================================
== Vitis HLS Report for 'sigmoid_ap_fixed_ap_fixed_14_7_0_3_0_sigmoid_config2_recr_s'
================================================================
* Date:           Tue Sep 15 12:08:19 2026

* Version:        2026.1 (Build 6493734 on Jun 16 2026)
* Project:        recurrent_prj
* Solution:       solution1
* Product family: artix7
* Target device:  xc7a100t-csg324-1


================================================================
== Performance Estimates
================================================================
+ Timing: 
    * Summary: 
    +--------+---------+----------+------------+
    |  Clock |  Target | Estimated| Uncertainty|
    +--------+---------+----------+------------+
    |ap_clk  |  4.00 ns|  2.824 ns|     1.08 ns|
    +--------+---------+----------+------------+

+ Latency: 
    * Summary: 
    +---------+---------+-----------+-----------+-----+-----+---------+
    |  Latency (cycles) |   Latency (absolute)  |  Interval | Pipeline|
    |   min   |   max   |    min    |    max    | min | max |   Type  |
    +---------+---------+-----------+-----------+-----+-----+---------+
    |        6|        6|  24.000 ns|  24.000 ns|    1|    1|      yes|
    +---------+---------+-----------+-----------+-----+-----+---------+

    + Detail: 
        * Instance: 
        N/A

        * Loop: 
        N/A

============================================================
+ Verbose Summary: Synthesis Manager
============================================================
InlineROM: 1
ExposeGlobal: 0
============================================================
+ Verbose Summary: CDFG Model
============================================================
IsTopModel: 0
ResetActiveHigh: 1
IsCombinational: 0
IsDatapathOnly: 0
HasWiredReturn: 1
HasMFsm: 2
HasVarLatency: 0
IsPipeline: 1
IsRtlPipelined: 1
IsInstanceOverlapped: 0
IsDontTouch: 0
HasImplIP: 0
IsGatedGlobalClock: 0

+ Individual pipeline summary: 
  * Pipeline-0: initiation interval (II) = 1, depth = 7


============================================================
+ Verbose Summary: Schedule
============================================================
* Number of FSM states : 7
* Pipeline : 1
  Pipeline-0 : II = 1, D = 7, States = { 1 2 3 4 5 6 7 }
* Dataflow Pipeline: 0

* FSM state transitions: 
1 --> 2 
2 --> 3 
3 --> 4 
4 --> 5 
5 --> 6 
6 --> 7 
7 --> 

* FSM state operations: 

State 1 <SV = 0> <Delay = 2.13>
ST_1 : Operation 8 [1/1] (0.00ns)   --->   "%data_95_val_read = read i14 @_ssdm_op_Read.ap_auto.i14, i14 %data_95_val" [firmware/nnet_utils/nnet_activation.h:115]   --->   Operation 8 'read' 'data_95_val_read' <Predicate = true> <Delay = 0.00>
ST_1 : Operation 9 [1/1] (0.00ns)   --->   "%data_94_val_read = read i14 @_ssdm_op_Read.ap_auto.i14, i14 %data_94_val" [firmware/nnet_utils/nnet_activation.h:115]   --->   Operation 9 'read' 'data_94_val_read' <Predicate = true> <Delay = 0.00>
ST_1 : Operation 10 [1/1] (0.00ns)   --->   "%data_93_val_read = read i14 @_ssdm_op_Read.ap_auto.i14, i14 %data_93_val" [firmware/nnet_utils/nnet_activation.h:115]   --->   Operation 10 'read' 'data_93_val_read' <Predicate = true> <Delay = 0.00>
ST_1 : Operation 11 [1/1] (0.00ns)   --->   "%data_92_val_read = read i14 @_ssdm_op_Read.ap_auto.i14, i14 %data_92_val" [firmware/nnet_utils/nnet_activation.h:115]   --->   Operation 11 'read' 'data_92_val_read' <Predicate = true> <Delay = 0.00>
ST_1 : Operation 12 [1/1] (0.00ns)   --->   "%data_91_val_read = read i14 @_ssdm_op_Read.ap_auto.i14, i14 %data_91_val" [firmware/nnet_utils/nnet_activation.h:115]   --->   Operation 12 'read' 'data_91_val_read' <Predicate = true> <Delay = 0.00>
ST_1 : Operation 13 [1/1] (0.00ns)   --->   "%data_90_val_read = read i14 @_ssdm_op_Read.ap_auto.i14, i14 %data_90_val" [firmware/nnet_utils/nnet_activation.h:115]   --->   Operation 13 'read' 'data_90_val_read' <Predicate = true> <Delay = 0.00>
ST_1 : Operation 14 [1/1] (0.00ns)   --->   "%data_89_val_read = read i14 @_ssdm_op_Read.ap_auto.i14, i14 %data_89_val" [firmware/nnet_utils/nnet_activation.h:115]   --->   Operation 14 'read' 'data_89_val_read' <Predicate = true> <Delay = 0.00>
ST_1 : Operation 15 [1/1] (0.00ns)   --->   "%data_88_val_read = read i14 @_ssdm_op_Read.ap_auto.i14, i14 %data_88_val" [firmware/nnet_utils/nnet_activation.h:115]   --->   Operation 15 'read' 'data_88_val_read' <Predicate = true> <Delay = 0.00>
ST_1 : Operation 16 [1/1] (0.00ns)   --->   "%data_87_val_read = read i14 @_ssdm_op_Read.ap_auto.i14, i14 %data_87_val" [firmware/nnet_utils/nnet_activation.h:115]   --->   Operation 16 'read' 'data_87_val_read' <Predicate = true> <Delay = 0.00>
ST_1 : Operation 17 [1/1] (0.00ns)   --->   "%data_86_val_read = read i14 @_ssdm_op_Read.ap_auto.i14, i14 %data_86_val" [firmware/nnet_utils/nnet_activation.h:115]   --->   Operation 17 'read' 'data_86_val_read' <Predicate = true> <Delay = 0.00>
ST_1 : Operation 18 [1/1] (0.00ns)   --->   "%data_85_val_read = read i14 @_ssdm_op_Read.ap_auto.i14, i14 %data_85_val" [firmware/nnet_utils/nnet_activation.h:115]   --->   Operation 18 'read' 'data_85_val_read' <Predicate = true> <Delay = 0.00>
ST_1 : Operation 19 [1/1] (0.00ns)   --->   "%data_84_val_read = read i14 @_ssdm_op_Read.ap_auto.i14, i14 %data_84_val" [firmware/nnet_utils/nnet_activation.h:115]   --->   Operation 19 'read' 'data_84_val_read' <Predicate = true> <Delay = 0.00>
ST_1 : Operation 20 [1/1] (0.00ns)   --->   "%data_83_val_read = read i14 @_ssdm_op_Read.ap_auto.i14, i14 %data_83_val" [firmware/nnet_utils/nnet_activation.h:115]   --->   Operation 20 'read' 'data_83_val_read' <Predicate = true> <Delay = 0.00>
ST_1 : Operation 21 [1/1] (0.00ns)   --->   "%data_82_val_read = read i14 @_ssdm_op_Read.ap_auto.i14, i14 %data_82_val" [firmware/nnet_utils/nnet_activation.h:115]   --->   Operation 21 'read' 'data_82_val_read' <Predicate = true> <Delay = 0.00>
ST_1 : Operation 22 [1/1] (0.00ns)   --->   "%data_81_val_read = read i14 @_ssdm_op_Read.ap_auto.i14, i14 %data_81_val" [firmware/nnet_utils/nnet_activation.h:115]   --->   Operation 22 'read' 'data_81_val_read' <Predicate = true> <Delay = 0.00>
ST_1 : Operation 23 [1/1] (0.00ns)   --->   "%data_80_val_read = read i14 @_ssdm_op_Read.ap_auto.i14, i14 %data_80_val" [firmware/nnet_utils/nnet_activation.h:115]   --->   Operation 23 'read' 'data_80_val_read' <Predicate = true> <Delay = 0.00>
ST_1 : Operation 24 [1/1] (0.00ns)   --->   "%data_79_val_read = read i14 @_ssdm_op_Read.ap_auto.i14, i14 %data_79_val" [firmware/nnet_utils/nnet_activation.h:115]   --->   Operation 24 'read' 'data_79_val_read' <Predicate = true> <Delay = 0.00>
ST_1 : Operation 25 [1/1] (0.00ns)   --->   "%data_78_val_read = read i14 @_ssdm_op_Read.ap_auto.i14, i14 %data_78_val" [firmware/nnet_utils/nnet_activation.h:115]   --->   Operation 25 'read' 'data_78_val_read' <Predicate = true> <Delay = 0.00>
ST_1 : Operation 26 [1/1] (0.00ns)   --->   "%data_77_val_read = read i14 @_ssdm_op_Read.ap_auto.i14, i14 %data_77_val" [firmware/nnet_utils/nnet_activation.h:115]   --->   Operation 26 'read' 'data_77_val_read' <Predicate = true> <Delay = 0.00>
ST_1 : Operation 27 [1/1] (0.00ns)   --->   "%data_76_val_read = read i14 @_ssdm_op_Read.ap_auto.i14, i14 %data_76_val" [firmware/nnet_utils/nnet_activation.h:115]   --->   Operation 27 'read' 'data_76_val_read' <Predicate = true> <Delay = 0.00>
ST_1 : Operation 28 [1/1] (0.00ns)   --->   "%data_75_val_read = read i14 @_ssdm_op_Read.ap_auto.i14, i14 %data_75_val" [firmware/nnet_utils/nnet_activation.h:115]   --->   Operation 28 'read' 'data_75_val_read' <Predicate = true> <Delay = 0.00>
ST_1 : Operation 29 [1/1] (0.00ns)   --->   "%data_74_val_read = read i14 @_ssdm_op_Read.ap_auto.i14, i14 %data_74_val" [firmware/nnet_utils/nnet_activation.h:115]   --->   Operation 29 'read' 'data_74_val_read' <Predicate = true> <Delay = 0.00>
ST_1 : Operation 30 [1/1] (0.00ns)   --->   "%data_73_val_read = read i14 @_ssdm_op_Read.ap_auto.i14, i14 %data_73_val" [firmware/nnet_utils/nnet_activation.h:115]   --->   Operation 30 'read' 'data_73_val_read' <Predicate = true> <Delay = 0.00>
ST_1 : Operation 31 [1/1] (0.00ns)   --->   "%data_72_val_read = read i14 @_ssdm_op_Read.ap_auto.i14, i14 %data_72_val" [firmware/nnet_utils/nnet_activation.h:115]   --->   Operation 31 'read' 'data_72_val_read' <Predicate = true> <Delay = 0.00>
ST_1 : Operation 32 [1/1] (0.00ns)   --->   "%data_71_val_read = read i14 @_ssdm_op_Read.ap_auto.i14, i14 %data_71_val" [firmware/nnet_utils/nnet_activation.h:115]   --->   Operation 32 'read' 'data_71_val_read' <Predicate = true> <Delay = 0.00>
ST_1 : Operation 33 [1/1] (0.00ns)   --->   "%data_70_val_read = read i14 @_ssdm_op_Read.ap_auto.i14, i14 %data_70_val" [firmware/nnet_utils/nnet_activation.h:115]   --->   Operation 33 'read' 'data_70_val_read' <Predicate = true> <Delay = 0.00>
ST_1 : Operation 34 [1/1] (0.00ns)   --->   "%data_69_val_read = read i14 @_ssdm_op_Read.ap_auto.i14, i14 %data_69_val" [firmware/nnet_utils/nnet_activation.h:115]   --->   Operation 34 'read' 'data_69_val_read' <Predicate = true> <Delay = 0.00>
ST_1 : Operation 35 [1/1] (0.00ns)   --->   "%data_68_val_read = read i14 @_ssdm_op_Read.ap_auto.i14, i14 %data_68_val" [firmware/nnet_utils/nnet_activation.h:115]   --->   Operation 35 'read' 'data_68_val_read' <Predicate = true> <Delay = 0.00>
ST_1 : Operation 36 [1/1] (0.00ns)   --->   "%data_67_val_read = read i14 @_ssdm_op_Read.ap_auto.i14, i14 %data_67_val" [firmware/nnet_utils/nnet_activation.h:115]   --->   Operation 36 'read' 'data_67_val_read' <Predicate = true> <Delay = 0.00>
ST_1 : Operation 37 [1/1] (0.00ns)   --->   "%data_66_val_read = read i14 @_ssdm_op_Read.ap_auto.i14, i14 %data_66_val" [firmware/nnet_utils/nnet_activation.h:115]   --->   Operation 37 'read' 'data_66_val_read' <Predicate = true> <Delay = 0.00>
ST_1 : Operation 38 [1/1] (0.00ns)   --->   "%data_65_val_read = read i14 @_ssdm_op_Read.ap_auto.i14, i14 %data_65_val" [firmware/nnet_utils/nnet_activation.h:115]   --->   Operation 38 'read' 'data_65_val_read' <Predicate = true> <Delay = 0.00>
ST_1 : Operation 39 [1/1] (0.00ns)   --->   "%data_64_val_read = read i14 @_ssdm_op_Read.ap_auto.i14, i14 %data_64_val" [firmware/nnet_utils/nnet_activation.h:115]   --->   Operation 39 'read' 'data_64_val_read' <Predicate = true> <Delay = 0.00>
ST_1 : Operation 40 [1/1] (0.00ns)   --->   "%data_63_val_read = read i14 @_ssdm_op_Read.ap_auto.i14, i14 %data_63_val" [firmware/nnet_utils/nnet_activation.h:115]   --->   Operation 40 'read' 'data_63_val_read' <Predicate = true> <Delay = 0.00>
ST_1 : Operation 41 [1/1] (0.00ns)   --->   "%data_62_val_read = read i14 @_ssdm_op_Read.ap_auto.i14, i14 %data_62_val" [firmware/nnet_utils/nnet_activation.h:115]   --->   Operation 41 'read' 'data_62_val_read' <Predicate = true> <Delay = 0.00>
ST_1 : Operation 42 [1/1] (0.00ns)   --->   "%data_61_val_read = read i14 @_ssdm_op_Read.ap_auto.i14, i14 %data_61_val" [firmware/nnet_utils/nnet_activation.h:115]   --->   Operation 42 'read' 'data_61_val_read' <Predicate = true> <Delay = 0.00>
ST_1 : Operation 43 [1/1] (0.00ns)   --->   "%data_60_val_read = read i14 @_ssdm_op_Read.ap_auto.i14, i14 %data_60_val" [firmware/nnet_utils/nnet_activation.h:115]   --->   Operation 43 'read' 'data_60_val_read' <Predicate = true> <Delay = 0.00>
ST_1 : Operation 44 [1/1] (0.00ns)   --->   "%data_59_val_read = read i14 @_ssdm_op_Read.ap_auto.i14, i14 %data_59_val" [firmware/nnet_utils/nnet_activation.h:115]   --->   Operation 44 'read' 'data_59_val_read' <Predicate = true> <Delay = 0.00>
ST_1 : Operation 45 [1/1] (0.00ns)   --->   "%data_58_val_read = read i14 @_ssdm_op_Read.ap_auto.i14, i14 %data_58_val" [firmware/nnet_utils/nnet_activation.h:115]   --->   Operation 45 'read' 'data_58_val_read' <Predicate = true> <Delay = 0.00>
ST_1 : Operation 46 [1/1] (0.00ns)   --->   "%data_57_val_read = read i14 @_ssdm_op_Read.ap_auto.i14, i14 %data_57_val" [firmware/nnet_utils/nnet_activation.h:115]   --->   Operation 46 'read' 'data_57_val_read' <Predicate = true> <Delay = 0.00>
ST_1 : Operation 47 [1/1] (0.00ns)   --->   "%data_56_val_read = read i14 @_ssdm_op_Read.ap_auto.i14, i14 %data_56_val" [firmware/nnet_utils/nnet_activation.h:115]   --->   Operation 47 'read' 'data_56_val_read' <Predicate = true> <Delay = 0.00>
ST_1 : Operation 48 [1/1] (0.00ns)   --->   "%data_55_val_read = read i14 @_ssdm_op_Read.ap_auto.i14, i14 %data_55_val" [firmware/nnet_utils/nnet_activation.h:115]   --->   Operation 48 'read' 'data_55_val_read' <Predicate = true> <Delay = 0.00>
ST_1 : Operation 49 [1/1] (0.00ns)   --->   "%data_54_val_read = read i14 @_ssdm_op_Read.ap_auto.i14, i14 %data_54_val" [firmware/nnet_utils/nnet_activation.h:115]   --->   Operation 49 'read' 'data_54_val_read' <Predicate = true> <Delay = 0.00>
ST_1 : Operation 50 [1/1] (0.00ns)   --->   "%data_53_val_read = read i14 @_ssdm_op_Read.ap_auto.i14, i14 %data_53_val" [firmware/nnet_utils/nnet_activation.h:115]   --->   Operation 50 'read' 'data_53_val_read' <Predicate = true> <Delay = 0.00>
ST_1 : Operation 51 [1/1] (0.00ns)   --->   "%data_52_val_read = read i14 @_ssdm_op_Read.ap_auto.i14, i14 %data_52_val" [firmware/nnet_utils/nnet_activation.h:115]   --->   Operation 51 'read' 'data_52_val_read' <Predicate = true> <Delay = 0.00>
ST_1 : Operation 52 [1/1] (0.00ns)   --->   "%data_51_val_read = read i14 @_ssdm_op_Read.ap_auto.i14, i14 %data_51_val" [firmware/nnet_utils/nnet_activation.h:115]   --->   Operation 52 'read' 'data_51_val_read' <Predicate = true> <Delay = 0.00>
ST_1 : Operation 53 [1/1] (0.00ns)   --->   "%data_50_val_read = read i14 @_ssdm_op_Read.ap_auto.i14, i14 %data_50_val" [firmware/nnet_utils/nnet_activation.h:115]   --->   Operation 53 'read' 'data_50_val_read' <Predicate = true> <Delay = 0.00>
ST_1 : Operation 54 [1/1] (0.00ns)   --->   "%data_49_val_read = read i14 @_ssdm_op_Read.ap_auto.i14, i14 %data_49_val" [firmware/nnet_utils/nnet_activation.h:115]   --->   Operation 54 'read' 'data_49_val_read' <Predicate = true> <Delay = 0.00>
ST_1 : Operation 55 [1/1] (0.00ns)   --->   "%data_48_val_read = read i14 @_ssdm_op_Read.ap_auto.i14, i14 %data_48_val" [firmware/nnet_utils/nnet_activation.h:115]   --->   Operation 55 'read' 'data_48_val_read' <Predicate = true> <Delay = 0.00>
ST_1 : Operation 56 [1/1] (0.00ns)   --->   "%data_47_val_read = read i14 @_ssdm_op_Read.ap_auto.i14, i14 %data_47_val" [firmware/nnet_utils/nnet_activation.h:115]   --->   Operation 56 'read' 'data_47_val_read' <Predicate = true> <Delay = 0.00>
ST_1 : Operation 57 [1/1] (0.00ns)   --->   "%data_46_val_read = read i14 @_ssdm_op_Read.ap_auto.i14, i14 %data_46_val" [firmware/nnet_utils/nnet_activation.h:115]   --->   Operation 57 'read' 'data_46_val_read' <Predicate = true> <Delay = 0.00>
ST_1 : Operation 58 [1/1] (0.00ns)   --->   "%data_45_val_read = read i14 @_ssdm_op_Read.ap_auto.i14, i14 %data_45_val" [firmware/nnet_utils/nnet_activation.h:115]   --->   Operation 58 'read' 'data_45_val_read' <Predicate = true> <Delay = 0.00>
ST_1 : Operation 59 [1/1] (0.00ns)   --->   "%data_44_val_read = read i14 @_ssdm_op_Read.ap_auto.i14, i14 %data_44_val" [firmware/nnet_utils/nnet_activation.h:115]   --->   Operation 59 'read' 'data_44_val_read' <Predicate = true> <Delay = 0.00>
ST_1 : Operation 60 [1/1] (0.00ns)   --->   "%data_43_val_read = read i14 @_ssdm_op_Read.ap_auto.i14, i14 %data_43_val" [firmware/nnet_utils/nnet_activation.h:115]   --->   Operation 60 'read' 'data_43_val_read' <Predicate = true> <Delay = 0.00>
ST_1 : Operation 61 [1/1] (0.00ns)   --->   "%data_42_val_read = read i14 @_ssdm_op_Read.ap_auto.i14, i14 %data_42_val" [firmware/nnet_utils/nnet_activation.h:115]   --->   Operation 61 'read' 'data_42_val_read' <Predicate = true> <Delay = 0.00>
ST_1 : Operation 62 [1/1] (0.00ns)   --->   "%data_41_val_read = read i14 @_ssdm_op_Read.ap_auto.i14, i14 %data_41_val" [firmware/nnet_utils/nnet_activation.h:115]   --->   Operation 62 'read' 'data_41_val_read' <Predicate = true> <Delay = 0.00>
ST_1 : Operation 63 [1/1] (0.00ns)   --->   "%data_40_val_read = read i14 @_ssdm_op_Read.ap_auto.i14, i14 %data_40_val" [firmware/nnet_utils/nnet_activation.h:115]   --->   Operation 63 'read' 'data_40_val_read' <Predicate = true> <Delay = 0.00>
ST_1 : Operation 64 [1/1] (0.00ns)   --->   "%data_39_val_read = read i14 @_ssdm_op_Read.ap_auto.i14, i14 %data_39_val" [firmware/nnet_utils/nnet_activation.h:115]   --->   Operation 64 'read' 'data_39_val_read' <Predicate = true> <Delay = 0.00>
ST_1 : Operation 65 [1/1] (0.00ns)   --->   "%data_38_val_read = read i14 @_ssdm_op_Read.ap_auto.i14, i14 %data_38_val" [firmware/nnet_utils/nnet_activation.h:115]   --->   Operation 65 'read' 'data_38_val_read' <Predicate = true> <Delay = 0.00>
ST_1 : Operation 66 [1/1] (0.00ns)   --->   "%data_37_val_read = read i14 @_ssdm_op_Read.ap_auto.i14, i14 %data_37_val" [firmware/nnet_utils/nnet_activation.h:115]   --->   Operation 66 'read' 'data_37_val_read' <Predicate = true> <Delay = 0.00>
ST_1 : Operation 67 [1/1] (0.00ns)   --->   "%data_36_val_read = read i14 @_ssdm_op_Read.ap_auto.i14, i14 %data_36_val" [firmware/nnet_utils/nnet_activation.h:115]   --->   Operation 67 'read' 'data_36_val_read' <Predicate = true> <Delay = 0.00>
ST_1 : Operation 68 [1/1] (0.00ns)   --->   "%data_35_val_read = read i14 @_ssdm_op_Read.ap_auto.i14, i14 %data_35_val" [firmware/nnet_utils/nnet_activation.h:115]   --->   Operation 68 'read' 'data_35_val_read' <Predicate = true> <Delay = 0.00>
ST_1 : Operation 69 [1/1] (0.00ns)   --->   "%data_34_val_read = read i14 @_ssdm_op_Read.ap_auto.i14, i14 %data_34_val" [firmware/nnet_utils/nnet_activation.h:115]   --->   Operation 69 'read' 'data_34_val_read' <Predicate = true> <Delay = 0.00>
ST_1 : Operation 70 [1/1] (0.00ns)   --->   "%data_33_val_read = read i14 @_ssdm_op_Read.ap_auto.i14, i14 %data_33_val" [firmware/nnet_utils/nnet_activation.h:115]   --->   Operation 70 'read' 'data_33_val_read' <Predicate = true> <Delay = 0.00>
ST_1 : Operation 71 [1/1] (0.00ns)   --->   "%data_32_val_read = read i14 @_ssdm_op_Read.ap_auto.i14, i14 %data_32_val" [firmware/nnet_utils/nnet_activation.h:115]   --->   Operation 71 'read' 'data_32_val_read' <Predicate = true> <Delay = 0.00>
ST_1 : Operation 72 [1/1] (0.00ns)   --->   "%data_31_val_read = read i14 @_ssdm_op_Read.ap_auto.i14, i14 %data_31_val" [firmware/nnet_utils/nnet_activation.h:115]   --->   Operation 72 'read' 'data_31_val_read' <Predicate = true> <Delay = 0.00>
ST_1 : Operation 73 [1/1] (0.00ns)   --->   "%data_30_val_read = read i14 @_ssdm_op_Read.ap_auto.i14, i14 %data_30_val" [firmware/nnet_utils/nnet_activation.h:115]   --->   Operation 73 'read' 'data_30_val_read' <Predicate = true> <Delay = 0.00>
ST_1 : Operation 74 [1/1] (0.00ns)   --->   "%data_29_val_read = read i14 @_ssdm_op_Read.ap_auto.i14, i14 %data_29_val" [firmware/nnet_utils/nnet_activation.h:115]   --->   Operation 74 'read' 'data_29_val_read' <Predicate = true> <Delay = 0.00>
ST_1 : Operation 75 [1/1] (0.00ns)   --->   "%data_28_val_read = read i14 @_ssdm_op_Read.ap_auto.i14, i14 %data_28_val" [firmware/nnet_utils/nnet_activation.h:115]   --->   Operation 75 'read' 'data_28_val_read' <Predicate = true> <Delay = 0.00>
ST_1 : Operation 76 [1/1] (0.00ns)   --->   "%data_27_val_read = read i14 @_ssdm_op_Read.ap_auto.i14, i14 %data_27_val" [firmware/nnet_utils/nnet_activation.h:115]   --->   Operation 76 'read' 'data_27_val_read' <Predicate = true> <Delay = 0.00>
ST_1 : Operation 77 [1/1] (0.00ns)   --->   "%data_26_val_read = read i14 @_ssdm_op_Read.ap_auto.i14, i14 %data_26_val" [firmware/nnet_utils/nnet_activation.h:115]   --->   Operation 77 'read' 'data_26_val_read' <Predicate = true> <Delay = 0.00>
ST_1 : Operation 78 [1/1] (0.00ns)   --->   "%data_25_val_read = read i14 @_ssdm_op_Read.ap_auto.i14, i14 %data_25_val" [firmware/nnet_utils/nnet_activation.h:115]   --->   Operation 78 'read' 'data_25_val_read' <Predicate = true> <Delay = 0.00>
ST_1 : Operation 79 [1/1] (0.00ns)   --->   "%data_24_val_read = read i14 @_ssdm_op_Read.ap_auto.i14, i14 %data_24_val" [firmware/nnet_utils/nnet_activation.h:115]   --->   Operation 79 'read' 'data_24_val_read' <Predicate = true> <Delay = 0.00>
ST_1 : Operation 80 [1/1] (0.00ns)   --->   "%data_23_val_read = read i14 @_ssdm_op_Read.ap_auto.i14, i14 %data_23_val" [firmware/nnet_utils/nnet_activation.h:115]   --->   Operation 80 'read' 'data_23_val_read' <Predicate = true> <Delay = 0.00>
ST_1 : Operation 81 [1/1] (0.00ns)   --->   "%data_22_val_read = read i14 @_ssdm_op_Read.ap_auto.i14, i14 %data_22_val" [firmware/nnet_utils/nnet_activation.h:115]   --->   Operation 81 'read' 'data_22_val_read' <Predicate = true> <Delay = 0.00>
ST_1 : Operation 82 [1/1] (0.00ns)   --->   "%data_21_val_read = read i14 @_ssdm_op_Read.ap_auto.i14, i14 %data_21_val" [firmware/nnet_utils/nnet_activation.h:115]   --->   Operation 82 'read' 'data_21_val_read' <Predicate = true> <Delay = 0.00>
ST_1 : Operation 83 [1/1] (0.00ns)   --->   "%data_20_val_read = read i14 @_ssdm_op_Read.ap_auto.i14, i14 %data_20_val" [firmware/nnet_utils/nnet_activation.h:115]   --->   Operation 83 'read' 'data_20_val_read' <Predicate = true> <Delay = 0.00>
ST_1 : Operation 84 [1/1] (0.00ns)   --->   "%data_19_val_read = read i14 @_ssdm_op_Read.ap_auto.i14, i14 %data_19_val" [firmware/nnet_utils/nnet_activation.h:115]   --->   Operation 84 'read' 'data_19_val_read' <Predicate = true> <Delay = 0.00>
ST_1 : Operation 85 [1/1] (0.00ns)   --->   "%data_18_val_read = read i14 @_ssdm_op_Read.ap_auto.i14, i14 %data_18_val" [firmware/nnet_utils/nnet_activation.h:115]   --->   Operation 85 'read' 'data_18_val_read' <Predicate = true> <Delay = 0.00>
ST_1 : Operation 86 [1/1] (0.00ns)   --->   "%data_17_val_read = read i14 @_ssdm_op_Read.ap_auto.i14, i14 %data_17_val" [firmware/nnet_utils/nnet_activation.h:115]   --->   Operation 86 'read' 'data_17_val_read' <Predicate = true> <Delay = 0.00>
ST_1 : Operation 87 [1/1] (0.00ns)   --->   "%data_16_val_read = read i14 @_ssdm_op_Read.ap_auto.i14, i14 %data_16_val" [firmware/nnet_utils/nnet_activation.h:115]   --->   Operation 87 'read' 'data_16_val_read' <Predicate = true> <Delay = 0.00>
ST_1 : Operation 88 [1/1] (0.00ns)   --->   "%data_15_val_read = read i14 @_ssdm_op_Read.ap_auto.i14, i14 %data_15_val" [firmware/nnet_utils/nnet_activation.h:115]   --->   Operation 88 'read' 'data_15_val_read' <Predicate = true> <Delay = 0.00>
ST_1 : Operation 89 [1/1] (0.00ns)   --->   "%data_14_val_read = read i14 @_ssdm_op_Read.ap_auto.i14, i14 %data_14_val" [firmware/nnet_utils/nnet_activation.h:115]   --->   Operation 89 'read' 'data_14_val_read' <Predicate = true> <Delay = 0.00>
ST_1 : Operation 90 [1/1] (0.00ns)   --->   "%data_13_val_read = read i14 @_ssdm_op_Read.ap_auto.i14, i14 %data_13_val" [firmware/nnet_utils/nnet_activation.h:115]   --->   Operation 90 'read' 'data_13_val_read' <Predicate = true> <Delay = 0.00>
ST_1 : Operation 91 [1/1] (0.00ns)   --->   "%data_12_val_read = read i14 @_ssdm_op_Read.ap_auto.i14, i14 %data_12_val" [firmware/nnet_utils/nnet_activation.h:115]   --->   Operation 91 'read' 'data_12_val_read' <Predicate = true> <Delay = 0.00>
ST_1 : Operation 92 [1/1] (0.00ns)   --->   "%data_11_val_read = read i14 @_ssdm_op_Read.ap_auto.i14, i14 %data_11_val" [firmware/nnet_utils/nnet_activation.h:115]   --->   Operation 92 'read' 'data_11_val_read' <Predicate = true> <Delay = 0.00>
ST_1 : Operation 93 [1/1] (0.00ns)   --->   "%data_10_val_read = read i14 @_ssdm_op_Read.ap_auto.i14, i14 %data_10_val" [firmware/nnet_utils/nnet_activation.h:115]   --->   Operation 93 'read' 'data_10_val_read' <Predicate = true> <Delay = 0.00>
ST_1 : Operation 94 [1/1] (0.00ns)   --->   "%data_9_val_read = read i14 @_ssdm_op_Read.ap_auto.i14, i14 %data_9_val" [firmware/nnet_utils/nnet_activation.h:115]   --->   Operation 94 'read' 'data_9_val_read' <Predicate = true> <Delay = 0.00>
ST_1 : Operation 95 [1/1] (0.00ns)   --->   "%data_8_val_read = read i14 @_ssdm_op_Read.ap_auto.i14, i14 %data_8_val" [firmware/nnet_utils/nnet_activation.h:115]   --->   Operation 95 'read' 'data_8_val_read' <Predicate = true> <Delay = 0.00>
ST_1 : Operation 96 [1/1] (0.00ns)   --->   "%data_7_val_read = read i14 @_ssdm_op_Read.ap_auto.i14, i14 %data_7_val" [firmware/nnet_utils/nnet_activation.h:115]   --->   Operation 96 'read' 'data_7_val_read' <Predicate = true> <Delay = 0.00>
ST_1 : Operation 97 [1/1] (0.00ns)   --->   "%data_6_val_read = read i14 @_ssdm_op_Read.ap_auto.i14, i14 %data_6_val" [firmware/nnet_utils/nnet_activation.h:115]   --->   Operation 97 'read' 'data_6_val_read' <Predicate = true> <Delay = 0.00>
ST_1 : Operation 98 [1/1] (0.00ns)   --->   "%data_5_val_read = read i14 @_ssdm_op_Read.ap_auto.i14, i14 %data_5_val" [firmware/nnet_utils/nnet_activation.h:115]   --->   Operation 98 'read' 'data_5_val_read' <Predicate = true> <Delay = 0.00>
ST_1 : Operation 99 [1/1] (0.00ns)   --->   "%data_4_val_read = read i14 @_ssdm_op_Read.ap_auto.i14, i14 %data_4_val" [firmware/nnet_utils/nnet_activation.h:115]   --->   Operation 99 'read' 'data_4_val_read' <Predicate = true> <Delay = 0.00>
ST_1 : Operation 100 [1/1] (0.00ns)   --->   "%data_3_val_read = read i14 @_ssdm_op_Read.ap_auto.i14, i14 %data_3_val" [firmware/nnet_utils/nnet_activation.h:115]   --->   Operation 100 'read' 'data_3_val_read' <Predicate = true> <Delay = 0.00>
ST_1 : Operation 101 [1/1] (0.00ns)   --->   "%data_2_val_read = read i14 @_ssdm_op_Read.ap_auto.i14, i14 %data_2_val" [firmware/nnet_utils/nnet_activation.h:115]   --->   Operation 101 'read' 'data_2_val_read' <Predicate = true> <Delay = 0.00>
ST_1 : Operation 102 [1/1] (0.00ns)   --->   "%data_1_val_read = read i14 @_ssdm_op_Read.ap_auto.i14, i14 %data_1_val" [firmware/nnet_utils/nnet_activation.h:115]   --->   Operation 102 'read' 'data_1_val_read' <Predicate = true> <Delay = 0.00>
ST_1 : Operation 103 [1/1] (0.00ns)   --->   "%data_0_val_read = read i14 @_ssdm_op_Read.ap_auto.i14, i14 %data_0_val" [firmware/nnet_utils/nnet_activation.h:115]   --->   Operation 103 'read' 'data_0_val_read' <Predicate = true> <Delay = 0.00>
ST_1 : Operation 104 [1/1] (0.00ns)   --->   "%tmp_1 = partselect i13 @_ssdm_op_PartSelect.i13.i14.i32.i32, i14 %data_0_val_read, i32 1, i32 13" [firmware/nnet_utils/nnet_activation.h:115]   --->   Operation 104 'partselect' 'tmp_1' <Predicate = true> <Delay = 0.00>
ST_1 : Operation 105 [1/1] (0.00ns)   --->   "%trunc_ln115 = trunc i14 %data_0_val_read" [firmware/nnet_utils/nnet_activation.h:115]   --->   Operation 105 'trunc' 'trunc_ln115' <Predicate = true> <Delay = 0.00>
ST_1 : Operation 106 [1/1] (0.00ns)   --->   "%tmp_s = bitconcatenate i7 @_ssdm_op_BitConcatenate.i7.i1.i6, i1 %trunc_ln115, i6 0" [firmware/nnet_utils/nnet_activation.h:115]   --->   Operation 106 'bitconcatenate' 'tmp_s' <Predicate = true> <Delay = 0.00>
ST_1 : Operation 107 [1/1] (2.03ns)   --->   "%icmp_ln115 = icmp_ne  i7 %tmp_s, i7 0" [firmware/nnet_utils/nnet_activation.h:115]   --->   Operation 107 'icmp' 'icmp_ln115' <Predicate = true> <Delay = 2.03> <CoreInst = "Cmp">   --->   Core 9 'Cmp' <Latency = 0> <II = 1> <Delay = 2.03> <FuncUnit> <Opcode : 'seteq' 'setne' 'setle' 'setge' 'setlt' 'setgt'> <InPorts = 2> <OutPorts = 1>
ST_1 : Operation 108 [1/1] (2.13ns)   --->   "%add_ln115 = add i13 %tmp_1, i13 1" [firmware/nnet_utils/nnet_activation.h:115]   --->   Operation 108 'add' 'add_ln115' <Predicate = true> <Delay = 2.13> <CoreInst = "Adder">   --->   Core 1 'Adder' <Latency = 0> <II = 1> <Delay = 2.13> <FuncUnit> <Opcode : 'add' 'sub'> <InPorts = 2> <OutPorts = 1>
ST_1 : Operation 109 [1/1] (0.00ns)   --->   "%tmp_2 = partselect i13 @_ssdm_op_PartSelect.i13.i14.i32.i32, i14 %data_1_val_read, i32 1, i32 13" [firmware/nnet_utils/nnet_activation.h:115]   --->   Operation 109 'partselect' 'tmp_2' <Predicate = true> <Delay = 0.00>
ST_1 : Operation 110 [1/1] (0.00ns)   --->   "%trunc_ln115_1 = trunc i14 %data_1_val_read" [firmware/nnet_utils/nnet_activation.h:115]   --->   Operation 110 'trunc' 'trunc_ln115_1' <Predicate = true> <Delay = 0.00>
ST_1 : Operation 111 [1/1] (0.00ns)   --->   "%tmp_5 = bitconcatenate i7 @_ssdm_op_BitConcatenate.i7.i1.i6, i1 %trunc_ln115_1, i6 0" [firmware/nnet_utils/nnet_activation.h:115]   --->   Operation 111 'bitconcatenate' 'tmp_5' <Predicate = true> <Delay = 0.00>
ST_1 : Operation 112 [1/1] (2.03ns)   --->   "%icmp_ln115_1 = icmp_ne  i7 %tmp_5, i7 0" [firmware/nnet_utils/nnet_activation.h:115]   --->   Operation 112 'icmp' 'icmp_ln115_1' <Predicate = true> <Delay = 2.03> <CoreInst = "Cmp">   --->   Core 9 'Cmp' <Latency = 0> <II = 1> <Delay = 2.03> <FuncUnit> <Opcode : 'seteq' 'setne' 'setle' 'setge' 'setlt' 'setgt'> <InPorts = 2> <OutPorts = 1>
ST_1 : Operation 113 [1/1] (2.13ns)   --->   "%add_ln115_1 = add i13 %tmp_2, i13 1" [firmware/nnet_utils/nnet_activation.h:115]   --->   Operation 113 'add' 'add_ln115_1' <Predicate = true> <Delay = 2.13> <CoreInst = "Adder">   --->   Core 1 'Adder' <Latency = 0> <II = 1> <Delay = 2.13> <FuncUnit> <Opcode : 'add' 'sub'> <InPorts = 2> <OutPorts = 1>
ST_1 : Operation 114 [1/1] (0.00ns)   --->   "%tmp_4 = partselect i13 @_ssdm_op_PartSelect.i13.i14.i32.i32, i14 %data_2_val_read, i32 1, i32 13" [firmware/nnet_utils/nnet_activation.h:115]   --->   Operation 114 'partselect' 'tmp_4' <Predicate = true> <Delay = 0.00>
ST_1 : Operation 115 [1/1] (0.00ns)   --->   "%trunc_ln115_2 = trunc i14 %data_2_val_read" [firmware/nnet_utils/nnet_activation.h:115]   --->   Operation 115 'trunc' 'trunc_ln115_2' <Predicate = true> <Delay = 0.00>
ST_1 : Operation 116 [1/1] (0.00ns)   --->   "%tmp_9 = bitconcatenate i7 @_ssdm_op_BitConcatenate.i7.i1.i6, i1 %trunc_ln115_2, i6 0" [firmware/nnet_utils/nnet_activation.h:115]   --->   Operation 116 'bitconcatenate' 'tmp_9' <Predicate = true> <Delay = 0.00>
ST_1 : Operation 117 [1/1] (2.03ns)   --->   "%icmp_ln115_2 = icmp_ne  i7 %tmp_9, i7 0" [firmware/nnet_utils/nnet_activation.h:115]   --->   Operation 117 'icmp' 'icmp_ln115_2' <Predicate = true> <Delay = 2.03> <CoreInst = "Cmp">   --->   Core 9 'Cmp' <Latency = 0> <II = 1> <Delay = 2.03> <FuncUnit> <Opcode : 'seteq' 'setne' 'setle' 'setge' 'setlt' 'setgt'> <InPorts = 2> <OutPorts = 1>
ST_1 : Operation 118 [1/1] (2.13ns)   --->   "%add_ln115_2 = add i13 %tmp_4, i13 1" [firmware/nnet_utils/nnet_activation.h:115]   --->   Operation 118 'add' 'add_ln115_2' <Predicate = true> <Delay = 2.13> <CoreInst = "Adder">   --->   Core 1 'Adder' <Latency = 0> <II = 1> <Delay = 2.13> <FuncUnit> <Opcode : 'add' 'sub'> <InPorts = 2> <OutPorts = 1>
ST_1 : Operation 119 [1/1] (0.00ns)   --->   "%tmp_6 = partselect i13 @_ssdm_op_PartSelect.i13.i14.i32.i32, i14 %data_3_val_read, i32 1, i32 13" [firmware/nnet_utils/nnet_activation.h:115]   --->   Operation 119 'partselect' 'tmp_6' <Predicate = true> <Delay = 0.00>
ST_1 : Operation 120 [1/1] (0.00ns)   --->   "%trunc_ln115_3 = trunc i14 %data_3_val_read" [firmware/nnet_utils/nnet_activation.h:115]   --->   Operation 120 'trunc' 'trunc_ln115_3' <Predicate = true> <Delay = 0.00>
ST_1 : Operation 121 [1/1] (0.00ns)   --->   "%tmp_13 = bitconcatenate i7 @_ssdm_op_BitConcatenate.i7.i1.i6, i1 %trunc_ln115_3, i6 0" [firmware/nnet_utils/nnet_activation.h:115]   --->   Operation 121 'bitconcatenate' 'tmp_13' <Predicate = true> <Delay = 0.00>
ST_1 : Operation 122 [1/1] (2.03ns)   --->   "%icmp_ln115_3 = icmp_ne  i7 %tmp_13, i7 0" [firmware/nnet_utils/nnet_activation.h:115]   --->   Operation 122 'icmp' 'icmp_ln115_3' <Predicate = true> <Delay = 2.03> <CoreInst = "Cmp">   --->   Core 9 'Cmp' <Latency = 0> <II = 1> <Delay = 2.03> <FuncUnit> <Opcode : 'seteq' 'setne' 'setle' 'setge' 'setlt' 'setgt'> <InPorts = 2> <OutPorts = 1>
ST_1 : Operation 123 [1/1] (2.13ns)   --->   "%add_ln115_3 = add i13 %tmp_6, i13 1" [firmware/nnet_utils/nnet_activation.h:115]   --->   Operation 123 'add' 'add_ln115_3' <Predicate = true> <Delay = 2.13> <CoreInst = "Adder">   --->   Core 1 'Adder' <Latency = 0> <II = 1> <Delay = 2.13> <FuncUnit> <Opcode : 'add' 'sub'> <InPorts = 2> <OutPorts = 1>
ST_1 : Operation 124 [1/1] (0.00ns)   --->   "%tmp_8 = partselect i13 @_ssdm_op_PartSelect.i13.i14.i32.i32, i14 %data_4_val_read, i32 1, i32 13" [firmware/nnet_utils/nnet_activation.h:115]   --->   Operation 124 'partselect' 'tmp_8' <Predicate = true> <Delay = 0.00>
ST_1 : Operation 125 [1/1] (0.00ns)   --->   "%trunc_ln115_4 = trunc i14 %data_4_val_read" [firmware/nnet_utils/nnet_activation.h:115]   --->   Operation 125 'trunc' 'trunc_ln115_4' <Predicate = true> <Delay = 0.00>
ST_1 : Operation 126 [1/1] (0.00ns)   --->   "%tmp_17 = bitconcatenate i7 @_ssdm_op_BitConcatenate.i7.i1.i6, i1 %trunc_ln115_4, i6 0" [firmware/nnet_utils/nnet_activation.h:115]   --->   Operation 126 'bitconcatenate' 'tmp_17' <Predicate = true> <Delay = 0.00>
ST_1 : Operation 127 [1/1] (2.03ns)   --->   "%icmp_ln115_4 = icmp_ne  i7 %tmp_17, i7 0" [firmware/nnet_utils/nnet_activation.h:115]   --->   Operation 127 'icmp' 'icmp_ln115_4' <Predicate = true> <Delay = 2.03> <CoreInst = "Cmp">   --->   Core 9 'Cmp' <Latency = 0> <II = 1> <Delay = 2.03> <FuncUnit> <Opcode : 'seteq' 'setne' 'setle' 'setge' 'setlt' 'setgt'> <InPorts = 2> <OutPorts = 1>
ST_1 : Operation 128 [1/1] (2.13ns)   --->   "%add_ln115_4 = add i13 %tmp_8, i13 1" [firmware/nnet_utils/nnet_activation.h:115]   --->   Operation 128 'add' 'add_ln115_4' <Predicate = true> <Delay = 2.13> <CoreInst = "Adder">   --->   Core 1 'Adder' <Latency = 0> <II = 1> <Delay = 2.13> <FuncUnit> <Opcode : 'add' 'sub'> <InPorts = 2> <OutPorts = 1>
ST_1 : Operation 129 [1/1] (0.00ns)   --->   "%tmp_10 = partselect i13 @_ssdm_op_PartSelect.i13.i14.i32.i32, i14 %data_5_val_read, i32 1, i32 13" [firmware/nnet_utils/nnet_activation.h:115]   --->   Operation 129 'partselect' 'tmp_10' <Predicate = true> <Delay = 0.00>
ST_1 : Operation 130 [1/1] (0.00ns)   --->   "%trunc_ln115_5 = trunc i14 %data_5_val_read" [firmware/nnet_utils/nnet_activation.h:115]   --->   Operation 130 'trunc' 'trunc_ln115_5' <Predicate = true> <Delay = 0.00>
ST_1 : Operation 131 [1/1] (0.00ns)   --->   "%tmp_21 = bitconcatenate i7 @_ssdm_op_BitConcatenate.i7.i1.i6, i1 %trunc_ln115_5, i6 0" [firmware/nnet_utils/nnet_activation.h:115]   --->   Operation 131 'bitconcatenate' 'tmp_21' <Predicate = true> <Delay = 0.00>
ST_1 : Operation 132 [1/1] (2.03ns)   --->   "%icmp_ln115_5 = icmp_ne  i7 %tmp_21, i7 0" [firmware/nnet_utils/nnet_activation.h:115]   --->   Operation 132 'icmp' 'icmp_ln115_5' <Predicate = true> <Delay = 2.03> <CoreInst = "Cmp">   --->   Core 9 'Cmp' <Latency = 0> <II = 1> <Delay = 2.03> <FuncUnit> <Opcode : 'seteq' 'setne' 'setle' 'setge' 'setlt' 'setgt'> <InPorts = 2> <OutPorts = 1>
ST_1 : Operation 133 [1/1] (2.13ns)   --->   "%add_ln115_5 = add i13 %tmp_10, i13 1" [firmware/nnet_utils/nnet_activation.h:115]   --->   Operation 133 'add' 'add_ln115_5' <Predicate = true> <Delay = 2.13> <CoreInst = "Adder">   --->   Core 1 'Adder' <Latency = 0> <II = 1> <Delay = 2.13> <FuncUnit> <Opcode : 'add' 'sub'> <InPorts = 2> <OutPorts = 1>
ST_1 : Operation 134 [1/1] (0.00ns)   --->   "%tmp_12 = partselect i13 @_ssdm_op_PartSelect.i13.i14.i32.i32, i14 %data_6_val_read, i32 1, i32 13" [firmware/nnet_utils/nnet_activation.h:115]   --->   Operation 134 'partselect' 'tmp_12' <Predicate = true> <Delay = 0.00>
ST_1 : Operation 135 [1/1] (0.00ns)   --->   "%trunc_ln115_6 = trunc i14 %data_6_val_read" [firmware/nnet_utils/nnet_activation.h:115]   --->   Operation 135 'trunc' 'trunc_ln115_6' <Predicate = true> <Delay = 0.00>
ST_1 : Operation 136 [1/1] (0.00ns)   --->   "%tmp_25 = bitconcatenate i7 @_ssdm_op_BitConcatenate.i7.i1.i6, i1 %trunc_ln115_6, i6 0" [firmware/nnet_utils/nnet_activation.h:115]   --->   Operation 136 'bitconcatenate' 'tmp_25' <Predicate = true> <Delay = 0.00>
ST_1 : Operation 137 [1/1] (2.03ns)   --->   "%icmp_ln115_6 = icmp_ne  i7 %tmp_25, i7 0" [firmware/nnet_utils/nnet_activation.h:115]   --->   Operation 137 'icmp' 'icmp_ln115_6' <Predicate = true> <Delay = 2.03> <CoreInst = "Cmp">   --->   Core 9 'Cmp' <Latency = 0> <II = 1> <Delay = 2.03> <FuncUnit> <Opcode : 'seteq' 'setne' 'setle' 'setge' 'setlt' 'setgt'> <InPorts = 2> <OutPorts = 1>
ST_1 : Operation 138 [1/1] (2.13ns)   --->   "%add_ln115_6 = add i13 %tmp_12, i13 1" [firmware/nnet_utils/nnet_activation.h:115]   --->   Operation 138 'add' 'add_ln115_6' <Predicate = true> <Delay = 2.13> <CoreInst = "Adder">   --->   Core 1 'Adder' <Latency = 0> <II = 1> <Delay = 2.13> <FuncUnit> <Opcode : 'add' 'sub'> <InPorts = 2> <OutPorts = 1>
ST_1 : Operation 139 [1/1] (0.00ns)   --->   "%tmp_14 = partselect i13 @_ssdm_op_PartSelect.i13.i14.i32.i32, i14 %data_7_val_read, i32 1, i32 13" [firmware/nnet_utils/nnet_activation.h:115]   --->   Operation 139 'partselect' 'tmp_14' <Predicate = true> <Delay = 0.00>
ST_1 : Operation 140 [1/1] (0.00ns)   --->   "%trunc_ln115_7 = trunc i14 %data_7_val_read" [firmware/nnet_utils/nnet_activation.h:115]   --->   Operation 140 'trunc' 'trunc_ln115_7' <Predicate = true> <Delay = 0.00>
ST_1 : Operation 141 [1/1] (0.00ns)   --->   "%tmp_29 = bitconcatenate i7 @_ssdm_op_BitConcatenate.i7.i1.i6, i1 %trunc_ln115_7, i6 0" [firmware/nnet_utils/nnet_activation.h:115]   --->   Operation 141 'bitconcatenate' 'tmp_29' <Predicate = true> <Delay = 0.00>
ST_1 : Operation 142 [1/1] (2.03ns)   --->   "%icmp_ln115_7 = icmp_ne  i7 %tmp_29, i7 0" [firmware/nnet_utils/nnet_activation.h:115]   --->   Operation 142 'icmp' 'icmp_ln115_7' <Predicate = true> <Delay = 2.03> <CoreInst = "Cmp">   --->   Core 9 'Cmp' <Latency = 0> <II = 1> <Delay = 2.03> <FuncUnit> <Opcode : 'seteq' 'setne' 'setle' 'setge' 'setlt' 'setgt'> <InPorts = 2> <OutPorts = 1>
ST_1 : Operation 143 [1/1] (2.13ns)   --->   "%add_ln115_7 = add i13 %tmp_14, i13 1" [firmware/nnet_utils/nnet_activation.h:115]   --->   Operation 143 'add' 'add_ln115_7' <Predicate = true> <Delay = 2.13> <CoreInst = "Adder">   --->   Core 1 'Adder' <Latency = 0> <II = 1> <Delay = 2.13> <FuncUnit> <Opcode : 'add' 'sub'> <InPorts = 2> <OutPorts = 1>
ST_1 : Operation 144 [1/1] (0.00ns)   --->   "%tmp_16 = partselect i13 @_ssdm_op_PartSelect.i13.i14.i32.i32, i14 %data_8_val_read, i32 1, i32 13" [firmware/nnet_utils/nnet_activation.h:115]   --->   Operation 144 'partselect' 'tmp_16' <Predicate = true> <Delay = 0.00>
ST_1 : Operation 145 [1/1] (0.00ns)   --->   "%trunc_ln115_8 = trunc i14 %data_8_val_read" [firmware/nnet_utils/nnet_activation.h:115]   --->   Operation 145 'trunc' 'trunc_ln115_8' <Predicate = true> <Delay = 0.00>
ST_1 : Operation 146 [1/1] (0.00ns)   --->   "%tmp_32 = bitconcatenate i7 @_ssdm_op_BitConcatenate.i7.i1.i6, i1 %trunc_ln115_8, i6 0" [firmware/nnet_utils/nnet_activation.h:115]   --->   Operation 146 'bitconcatenate' 'tmp_32' <Predicate = true> <Delay = 0.00>
ST_1 : Operation 147 [1/1] (2.03ns)   --->   "%icmp_ln115_8 = icmp_ne  i7 %tmp_32, i7 0" [firmware/nnet_utils/nnet_activation.h:115]   --->   Operation 147 'icmp' 'icmp_ln115_8' <Predicate = true> <Delay = 2.03> <CoreInst = "Cmp">   --->   Core 9 'Cmp' <Latency = 0> <II = 1> <Delay = 2.03> <FuncUnit> <Opcode : 'seteq' 'setne' 'setle' 'setge' 'setlt' 'setgt'> <InPorts = 2> <OutPorts = 1>
ST_1 : Operation 148 [1/1] (2.13ns)   --->   "%add_ln115_8 = add i13 %tmp_16, i13 1" [firmware/nnet_utils/nnet_activation.h:115]   --->   Operation 148 'add' 'add_ln115_8' <Predicate = true> <Delay = 2.13> <CoreInst = "Adder">   --->   Core 1 'Adder' <Latency = 0> <II = 1> <Delay = 2.13> <FuncUnit> <Opcode : 'add' 'sub'> <InPorts = 2> <OutPorts = 1>
ST_1 : Operation 149 [1/1] (0.00ns)   --->   "%tmp_18 = partselect i13 @_ssdm_op_PartSelect.i13.i14.i32.i32, i14 %data_9_val_read, i32 1, i32 13" [firmware/nnet_utils/nnet_activation.h:115]   --->   Operation 149 'partselect' 'tmp_18' <Predicate = true> <Delay = 0.00>
ST_1 : Operation 150 [1/1] (0.00ns)   --->   "%trunc_ln115_9 = trunc i14 %data_9_val_read" [firmware/nnet_utils/nnet_activation.h:115]   --->   Operation 150 'trunc' 'trunc_ln115_9' <Predicate = true> <Delay = 0.00>
ST_1 : Operation 151 [1/1] (0.00ns)   --->   "%tmp_34 = bitconcatenate i7 @_ssdm_op_BitConcatenate.i7.i1.i6, i1 %trunc_ln115_9, i6 0" [firmware/nnet_utils/nnet_activation.h:115]   --->   Operation 151 'bitconcatenate' 'tmp_34' <Predicate = true> <Delay = 0.00>
ST_1 : Operation 152 [1/1] (2.03ns)   --->   "%icmp_ln115_9 = icmp_ne  i7 %tmp_34, i7 0" [firmware/nnet_utils/nnet_activation.h:115]   --->   Operation 152 'icmp' 'icmp_ln115_9' <Predicate = true> <Delay = 2.03> <CoreInst = "Cmp">   --->   Core 9 'Cmp' <Latency = 0> <II = 1> <Delay = 2.03> <FuncUnit> <Opcode : 'seteq' 'setne' 'setle' 'setge' 'setlt' 'setgt'> <InPorts = 2> <OutPorts = 1>
ST_1 : Operation 153 [1/1] (2.13ns)   --->   "%add_ln115_9 = add i13 %tmp_18, i13 1" [firmware/nnet_utils/nnet_activation.h:115]   --->   Operation 153 'add' 'add_ln115_9' <Predicate = true> <Delay = 2.13> <CoreInst = "Adder">   --->   Core 1 'Adder' <Latency = 0> <II = 1> <Delay = 2.13> <FuncUnit> <Opcode : 'add' 'sub'> <InPorts = 2> <OutPorts = 1>
ST_1 : Operation 154 [1/1] (0.00ns)   --->   "%tmp_20 = partselect i13 @_ssdm_op_PartSelect.i13.i14.i32.i32, i14 %data_10_val_read, i32 1, i32 13" [firmware/nnet_utils/nnet_activation.h:115]   --->   Operation 154 'partselect' 'tmp_20' <Predicate = true> <Delay = 0.00>
ST_1 : Operation 155 [1/1] (0.00ns)   --->   "%trunc_ln115_10 = trunc i14 %data_10_val_read" [firmware/nnet_utils/nnet_activation.h:115]   --->   Operation 155 'trunc' 'trunc_ln115_10' <Predicate = true> <Delay = 0.00>
ST_1 : Operation 156 [1/1] (0.00ns)   --->   "%tmp_36 = bitconcatenate i7 @_ssdm_op_BitConcatenate.i7.i1.i6, i1 %trunc_ln115_10, i6 0" [firmware/nnet_utils/nnet_activation.h:115]   --->   Operation 156 'bitconcatenate' 'tmp_36' <Predicate = true> <Delay = 0.00>
ST_1 : Operation 157 [1/1] (2.03ns)   --->   "%icmp_ln115_10 = icmp_ne  i7 %tmp_36, i7 0" [firmware/nnet_utils/nnet_activation.h:115]   --->   Operation 157 'icmp' 'icmp_ln115_10' <Predicate = true> <Delay = 2.03> <CoreInst = "Cmp">   --->   Core 9 'Cmp' <Latency = 0> <II = 1> <Delay = 2.03> <FuncUnit> <Opcode : 'seteq' 'setne' 'setle' 'setge' 'setlt' 'setgt'> <InPorts = 2> <OutPorts = 1>
ST_1 : Operation 158 [1/1] (2.13ns)   --->   "%add_ln115_10 = add i13 %tmp_20, i13 1" [firmware/nnet_utils/nnet_activation.h:115]   --->   Operation 158 'add' 'add_ln115_10' <Predicate = true> <Delay = 2.13> <CoreInst = "Adder">   --->   Core 1 'Adder' <Latency = 0> <II = 1> <Delay = 2.13> <FuncUnit> <Opcode : 'add' 'sub'> <InPorts = 2> <OutPorts = 1>
ST_1 : Operation 159 [1/1] (0.00ns)   --->   "%tmp_22 = partselect i13 @_ssdm_op_PartSelect.i13.i14.i32.i32, i14 %data_11_val_read, i32 1, i32 13" [firmware/nnet_utils/nnet_activation.h:115]   --->   Operation 159 'partselect' 'tmp_22' <Predicate = true> <Delay = 0.00>
ST_1 : Operation 160 [1/1] (0.00ns)   --->   "%trunc_ln115_11 = trunc i14 %data_11_val_read" [firmware/nnet_utils/nnet_activation.h:115]   --->   Operation 160 'trunc' 'trunc_ln115_11' <Predicate = true> <Delay = 0.00>
ST_1 : Operation 161 [1/1] (0.00ns)   --->   "%tmp_38 = bitconcatenate i7 @_ssdm_op_BitConcatenate.i7.i1.i6, i1 %trunc_ln115_11, i6 0" [firmware/nnet_utils/nnet_activation.h:115]   --->   Operation 161 'bitconcatenate' 'tmp_38' <Predicate = true> <Delay = 0.00>
ST_1 : Operation 162 [1/1] (2.03ns)   --->   "%icmp_ln115_11 = icmp_ne  i7 %tmp_38, i7 0" [firmware/nnet_utils/nnet_activation.h:115]   --->   Operation 162 'icmp' 'icmp_ln115_11' <Predicate = true> <Delay = 2.03> <CoreInst = "Cmp">   --->   Core 9 'Cmp' <Latency = 0> <II = 1> <Delay = 2.03> <FuncUnit> <Opcode : 'seteq' 'setne' 'setle' 'setge' 'setlt' 'setgt'> <InPorts = 2> <OutPorts = 1>
ST_1 : Operation 163 [1/1] (2.13ns)   --->   "%add_ln115_11 = add i13 %tmp_22, i13 1" [firmware/nnet_utils/nnet_activation.h:115]   --->   Operation 163 'add' 'add_ln115_11' <Predicate = true> <Delay = 2.13> <CoreInst = "Adder">   --->   Core 1 'Adder' <Latency = 0> <II = 1> <Delay = 2.13> <FuncUnit> <Opcode : 'add' 'sub'> <InPorts = 2> <OutPorts = 1>
ST_1 : Operation 164 [1/1] (0.00ns)   --->   "%tmp_24 = partselect i13 @_ssdm_op_PartSelect.i13.i14.i32.i32, i14 %data_12_val_read, i32 1, i32 13" [firmware/nnet_utils/nnet_activation.h:115]   --->   Operation 164 'partselect' 'tmp_24' <Predicate = true> <Delay = 0.00>
ST_1 : Operation 165 [1/1] (0.00ns)   --->   "%trunc_ln115_12 = trunc i14 %data_12_val_read" [firmware/nnet_utils/nnet_activation.h:115]   --->   Operation 165 'trunc' 'trunc_ln115_12' <Predicate = true> <Delay = 0.00>
ST_1 : Operation 166 [1/1] (0.00ns)   --->   "%tmp_40 = bitconcatenate i7 @_ssdm_op_BitConcatenate.i7.i1.i6, i1 %trunc_ln115_12, i6 0" [firmware/nnet_utils/nnet_activation.h:115]   --->   Operation 166 'bitconcatenate' 'tmp_40' <Predicate = true> <Delay = 0.00>
ST_1 : Operation 167 [1/1] (2.03ns)   --->   "%icmp_ln115_12 = icmp_ne  i7 %tmp_40, i7 0" [firmware/nnet_utils/nnet_activation.h:115]   --->   Operation 167 'icmp' 'icmp_ln115_12' <Predicate = true> <Delay = 2.03> <CoreInst = "Cmp">   --->   Core 9 'Cmp' <Latency = 0> <II = 1> <Delay = 2.03> <FuncUnit> <Opcode : 'seteq' 'setne' 'setle' 'setge' 'setlt' 'setgt'> <InPorts = 2> <OutPorts = 1>
ST_1 : Operation 168 [1/1] (2.13ns)   --->   "%add_ln115_12 = add i13 %tmp_24, i13 1" [firmware/nnet_utils/nnet_activation.h:115]   --->   Operation 168 'add' 'add_ln115_12' <Predicate = true> <Delay = 2.13> <CoreInst = "Adder">   --->   Core 1 'Adder' <Latency = 0> <II = 1> <Delay = 2.13> <FuncUnit> <Opcode : 'add' 'sub'> <InPorts = 2> <OutPorts = 1>
ST_1 : Operation 169 [1/1] (0.00ns)   --->   "%tmp_26 = partselect i13 @_ssdm_op_PartSelect.i13.i14.i32.i32, i14 %data_13_val_read, i32 1, i32 13" [firmware/nnet_utils/nnet_activation.h:115]   --->   Operation 169 'partselect' 'tmp_26' <Predicate = true> <Delay = 0.00>
ST_1 : Operation 170 [1/1] (0.00ns)   --->   "%trunc_ln115_13 = trunc i14 %data_13_val_read" [firmware/nnet_utils/nnet_activation.h:115]   --->   Operation 170 'trunc' 'trunc_ln115_13' <Predicate = true> <Delay = 0.00>
ST_1 : Operation 171 [1/1] (0.00ns)   --->   "%tmp_42 = bitconcatenate i7 @_ssdm_op_BitConcatenate.i7.i1.i6, i1 %trunc_ln115_13, i6 0" [firmware/nnet_utils/nnet_activation.h:115]   --->   Operation 171 'bitconcatenate' 'tmp_42' <Predicate = true> <Delay = 0.00>
ST_1 : Operation 172 [1/1] (2.03ns)   --->   "%icmp_ln115_13 = icmp_ne  i7 %tmp_42, i7 0" [firmware/nnet_utils/nnet_activation.h:115]   --->   Operation 172 'icmp' 'icmp_ln115_13' <Predicate = true> <Delay = 2.03> <CoreInst = "Cmp">   --->   Core 9 'Cmp' <Latency = 0> <II = 1> <Delay = 2.03> <FuncUnit> <Opcode : 'seteq' 'setne' 'setle' 'setge' 'setlt' 'setgt'> <InPorts = 2> <OutPorts = 1>
ST_1 : Operation 173 [1/1] (2.13ns)   --->   "%add_ln115_13 = add i13 %tmp_26, i13 1" [firmware/nnet_utils/nnet_activation.h:115]   --->   Operation 173 'add' 'add_ln115_13' <Predicate = true> <Delay = 2.13> <CoreInst = "Adder">   --->   Core 1 'Adder' <Latency = 0> <II = 1> <Delay = 2.13> <FuncUnit> <Opcode : 'add' 'sub'> <InPorts = 2> <OutPorts = 1>
ST_1 : Operation 174 [1/1] (0.00ns)   --->   "%tmp_28 = partselect i13 @_ssdm_op_PartSelect.i13.i14.i32.i32, i14 %data_14_val_read, i32 1, i32 13" [firmware/nnet_utils/nnet_activation.h:115]   --->   Operation 174 'partselect' 'tmp_28' <Predicate = true> <Delay = 0.00>
ST_1 : Operation 175 [1/1] (0.00ns)   --->   "%trunc_ln115_14 = trunc i14 %data_14_val_read" [firmware/nnet_utils/nnet_activation.h:115]   --->   Operation 175 'trunc' 'trunc_ln115_14' <Predicate = true> <Delay = 0.00>
ST_1 : Operation 176 [1/1] (0.00ns)   --->   "%tmp_44 = bitconcatenate i7 @_ssdm_op_BitConcatenate.i7.i1.i6, i1 %trunc_ln115_14, i6 0" [firmware/nnet_utils/nnet_activation.h:115]   --->   Operation 176 'bitconcatenate' 'tmp_44' <Predicate = true> <Delay = 0.00>
ST_1 : Operation 177 [1/1] (2.03ns)   --->   "%icmp_ln115_14 = icmp_ne  i7 %tmp_44, i7 0" [firmware/nnet_utils/nnet_activation.h:115]   --->   Operation 177 'icmp' 'icmp_ln115_14' <Predicate = true> <Delay = 2.03> <CoreInst = "Cmp">   --->   Core 9 'Cmp' <Latency = 0> <II = 1> <Delay = 2.03> <FuncUnit> <Opcode : 'seteq' 'setne' 'setle' 'setge' 'setlt' 'setgt'> <InPorts = 2> <OutPorts = 1>
ST_1 : Operation 178 [1/1] (2.13ns)   --->   "%add_ln115_14 = add i13 %tmp_28, i13 1" [firmware/nnet_utils/nnet_activation.h:115]   --->   Operation 178 'add' 'add_ln115_14' <Predicate = true> <Delay = 2.13> <CoreInst = "Adder">   --->   Core 1 'Adder' <Latency = 0> <II = 1> <Delay = 2.13> <FuncUnit> <Opcode : 'add' 'sub'> <InPorts = 2> <OutPorts = 1>
ST_1 : Operation 179 [1/1] (0.00ns)   --->   "%tmp_30 = partselect i13 @_ssdm_op_PartSelect.i13.i14.i32.i32, i14 %data_15_val_read, i32 1, i32 13" [firmware/nnet_utils/nnet_activation.h:115]   --->   Operation 179 'partselect' 'tmp_30' <Predicate = true> <Delay = 0.00>
ST_1 : Operation 180 [1/1] (0.00ns)   --->   "%trunc_ln115_15 = trunc i14 %data_15_val_read" [firmware/nnet_utils/nnet_activation.h:115]   --->   Operation 180 'trunc' 'trunc_ln115_15' <Predicate = true> <Delay = 0.00>
ST_1 : Operation 181 [1/1] (0.00ns)   --->   "%tmp_46 = bitconcatenate i7 @_ssdm_op_BitConcatenate.i7.i1.i6, i1 %trunc_ln115_15, i6 0" [firmware/nnet_utils/nnet_activation.h:115]   --->   Operation 181 'bitconcatenate' 'tmp_46' <Predicate = true> <Delay = 0.00>
ST_1 : Operation 182 [1/1] (2.03ns)   --->   "%icmp_ln115_15 = icmp_ne  i7 %tmp_46, i7 0" [firmware/nnet_utils/nnet_activation.h:115]   --->   Operation 182 'icmp' 'icmp_ln115_15' <Predicate = true> <Delay = 2.03> <CoreInst = "Cmp">   --->   Core 9 'Cmp' <Latency = 0> <II = 1> <Delay = 2.03> <FuncUnit> <Opcode : 'seteq' 'setne' 'setle' 'setge' 'setlt' 'setgt'> <InPorts = 2> <OutPorts = 1>
ST_1 : Operation 183 [1/1] (2.13ns)   --->   "%add_ln115_15 = add i13 %tmp_30, i13 1" [firmware/nnet_utils/nnet_activation.h:115]   --->   Operation 183 'add' 'add_ln115_15' <Predicate = true> <Delay = 2.13> <CoreInst = "Adder">   --->   Core 1 'Adder' <Latency = 0> <II = 1> <Delay = 2.13> <FuncUnit> <Opcode : 'add' 'sub'> <InPorts = 2> <OutPorts = 1>
ST_1 : Operation 184 [1/1] (0.00ns)   --->   "%tmp_48 = partselect i13 @_ssdm_op_PartSelect.i13.i14.i32.i32, i14 %data_16_val_read, i32 1, i32 13" [firmware/nnet_utils/nnet_activation.h:115]   --->   Operation 184 'partselect' 'tmp_48' <Predicate = true> <Delay = 0.00>
ST_1 : Operation 185 [1/1] (0.00ns)   --->   "%trunc_ln115_16 = trunc i14 %data_16_val_read" [firmware/nnet_utils/nnet_activation.h:115]   --->   Operation 185 'trunc' 'trunc_ln115_16' <Predicate = true> <Delay = 0.00>
ST_1 : Operation 186 [1/1] (0.00ns)   --->   "%tmp_49 = bitconcatenate i7 @_ssdm_op_BitConcatenate.i7.i1.i6, i1 %trunc_ln115_16, i6 0" [firmware/nnet_utils/nnet_activation.h:115]   --->   Operation 186 'bitconcatenate' 'tmp_49' <Predicate = true> <Delay = 0.00>
ST_1 : Operation 187 [1/1] (2.03ns)   --->   "%icmp_ln115_16 = icmp_ne  i7 %tmp_49, i7 0" [firmware/nnet_utils/nnet_activation.h:115]   --->   Operation 187 'icmp' 'icmp_ln115_16' <Predicate = true> <Delay = 2.03> <CoreInst = "Cmp">   --->   Core 9 'Cmp' <Latency = 0> <II = 1> <Delay = 2.03> <FuncUnit> <Opcode : 'seteq' 'setne' 'setle' 'setge' 'setlt' 'setgt'> <InPorts = 2> <OutPorts = 1>
ST_1 : Operation 188 [1/1] (2.13ns)   --->   "%add_ln115_16 = add i13 %tmp_48, i13 1" [firmware/nnet_utils/nnet_activation.h:115]   --->   Operation 188 'add' 'add_ln115_16' <Predicate = true> <Delay = 2.13> <CoreInst = "Adder">   --->   Core 1 'Adder' <Latency = 0> <II = 1> <Delay = 2.13> <FuncUnit> <Opcode : 'add' 'sub'> <InPorts = 2> <OutPorts = 1>
ST_1 : Operation 189 [1/1] (0.00ns)   --->   "%tmp_51 = partselect i13 @_ssdm_op_PartSelect.i13.i14.i32.i32, i14 %data_17_val_read, i32 1, i32 13" [firmware/nnet_utils/nnet_activation.h:115]   --->   Operation 189 'partselect' 'tmp_51' <Predicate = true> <Delay = 0.00>
ST_1 : Operation 190 [1/1] (0.00ns)   --->   "%trunc_ln115_17 = trunc i14 %data_17_val_read" [firmware/nnet_utils/nnet_activation.h:115]   --->   Operation 190 'trunc' 'trunc_ln115_17' <Predicate = true> <Delay = 0.00>
ST_1 : Operation 191 [1/1] (0.00ns)   --->   "%tmp_52 = bitconcatenate i7 @_ssdm_op_BitConcatenate.i7.i1.i6, i1 %trunc_ln115_17, i6 0" [firmware/nnet_utils/nnet_activation.h:115]   --->   Operation 191 'bitconcatenate' 'tmp_52' <Predicate = true> <Delay = 0.00>
ST_1 : Operation 192 [1/1] (2.03ns)   --->   "%icmp_ln115_17 = icmp_ne  i7 %tmp_52, i7 0" [firmware/nnet_utils/nnet_activation.h:115]   --->   Operation 192 'icmp' 'icmp_ln115_17' <Predicate = true> <Delay = 2.03> <CoreInst = "Cmp">   --->   Core 9 'Cmp' <Latency = 0> <II = 1> <Delay = 2.03> <FuncUnit> <Opcode : 'seteq' 'setne' 'setle' 'setge' 'setlt' 'setgt'> <InPorts = 2> <OutPorts = 1>
ST_1 : Operation 193 [1/1] (2.13ns)   --->   "%add_ln115_17 = add i13 %tmp_51, i13 1" [firmware/nnet_utils/nnet_activation.h:115]   --->   Operation 193 'add' 'add_ln115_17' <Predicate = true> <Delay = 2.13> <CoreInst = "Adder">   --->   Core 1 'Adder' <Latency = 0> <II = 1> <Delay = 2.13> <FuncUnit> <Opcode : 'add' 'sub'> <InPorts = 2> <OutPorts = 1>
ST_1 : Operation 194 [1/1] (0.00ns)   --->   "%tmp_54 = partselect i13 @_ssdm_op_PartSelect.i13.i14.i32.i32, i14 %data_18_val_read, i32 1, i32 13" [firmware/nnet_utils/nnet_activation.h:115]   --->   Operation 194 'partselect' 'tmp_54' <Predicate = true> <Delay = 0.00>
ST_1 : Operation 195 [1/1] (0.00ns)   --->   "%trunc_ln115_18 = trunc i14 %data_18_val_read" [firmware/nnet_utils/nnet_activation.h:115]   --->   Operation 195 'trunc' 'trunc_ln115_18' <Predicate = true> <Delay = 0.00>
ST_1 : Operation 196 [1/1] (0.00ns)   --->   "%tmp_55 = bitconcatenate i7 @_ssdm_op_BitConcatenate.i7.i1.i6, i1 %trunc_ln115_18, i6 0" [firmware/nnet_utils/nnet_activation.h:115]   --->   Operation 196 'bitconcatenate' 'tmp_55' <Predicate = true> <Delay = 0.00>
ST_1 : Operation 197 [1/1] (2.03ns)   --->   "%icmp_ln115_18 = icmp_ne  i7 %tmp_55, i7 0" [firmware/nnet_utils/nnet_activation.h:115]   --->   Operation 197 'icmp' 'icmp_ln115_18' <Predicate = true> <Delay = 2.03> <CoreInst = "Cmp">   --->   Core 9 'Cmp' <Latency = 0> <II = 1> <Delay = 2.03> <FuncUnit> <Opcode : 'seteq' 'setne' 'setle' 'setge' 'setlt' 'setgt'> <InPorts = 2> <OutPorts = 1>
ST_1 : Operation 198 [1/1] (2.13ns)   --->   "%add_ln115_18 = add i13 %tmp_54, i13 1" [firmware/nnet_utils/nnet_activation.h:115]   --->   Operation 198 'add' 'add_ln115_18' <Predicate = true> <Delay = 2.13> <CoreInst = "Adder">   --->   Core 1 'Adder' <Latency = 0> <II = 1> <Delay = 2.13> <FuncUnit> <Opcode : 'add' 'sub'> <InPorts = 2> <OutPorts = 1>
ST_1 : Operation 199 [1/1] (0.00ns)   --->   "%tmp_57 = partselect i13 @_ssdm_op_PartSelect.i13.i14.i32.i32, i14 %data_19_val_read, i32 1, i32 13" [firmware/nnet_utils/nnet_activation.h:115]   --->   Operation 199 'partselect' 'tmp_57' <Predicate = true> <Delay = 0.00>
ST_1 : Operation 200 [1/1] (0.00ns)   --->   "%trunc_ln115_19 = trunc i14 %data_19_val_read" [firmware/nnet_utils/nnet_activation.h:115]   --->   Operation 200 'trunc' 'trunc_ln115_19' <Predicate = true> <Delay = 0.00>
ST_1 : Operation 201 [1/1] (0.00ns)   --->   "%tmp_58 = bitconcatenate i7 @_ssdm_op_BitConcatenate.i7.i1.i6, i1 %trunc_ln115_19, i6 0" [firmware/nnet_utils/nnet_activation.h:115]   --->   Operation 201 'bitconcatenate' 'tmp_58' <Predicate = true> <Delay = 0.00>
ST_1 : Operation 202 [1/1] (2.03ns)   --->   "%icmp_ln115_19 = icmp_ne  i7 %tmp_58, i7 0" [firmware/nnet_utils/nnet_activation.h:115]   --->   Operation 202 'icmp' 'icmp_ln115_19' <Predicate = true> <Delay = 2.03> <CoreInst = "Cmp">   --->   Core 9 'Cmp' <Latency = 0> <II = 1> <Delay = 2.03> <FuncUnit> <Opcode : 'seteq' 'setne' 'setle' 'setge' 'setlt' 'setgt'> <InPorts = 2> <OutPorts = 1>
ST_1 : Operation 203 [1/1] (2.13ns)   --->   "%add_ln115_19 = add i13 %tmp_57, i13 1" [firmware/nnet_utils/nnet_activation.h:115]   --->   Operation 203 'add' 'add_ln115_19' <Predicate = true> <Delay = 2.13> <CoreInst = "Adder">   --->   Core 1 'Adder' <Latency = 0> <II = 1> <Delay = 2.13> <FuncUnit> <Opcode : 'add' 'sub'> <InPorts = 2> <OutPorts = 1>
ST_1 : Operation 204 [1/1] (0.00ns)   --->   "%tmp_60 = partselect i13 @_ssdm_op_PartSelect.i13.i14.i32.i32, i14 %data_20_val_read, i32 1, i32 13" [firmware/nnet_utils/nnet_activation.h:115]   --->   Operation 204 'partselect' 'tmp_60' <Predicate = true> <Delay = 0.00>
ST_1 : Operation 205 [1/1] (0.00ns)   --->   "%trunc_ln115_20 = trunc i14 %data_20_val_read" [firmware/nnet_utils/nnet_activation.h:115]   --->   Operation 205 'trunc' 'trunc_ln115_20' <Predicate = true> <Delay = 0.00>
ST_1 : Operation 206 [1/1] (0.00ns)   --->   "%tmp_61 = bitconcatenate i7 @_ssdm_op_BitConcatenate.i7.i1.i6, i1 %trunc_ln115_20, i6 0" [firmware/nnet_utils/nnet_activation.h:115]   --->   Operation 206 'bitconcatenate' 'tmp_61' <Predicate = true> <Delay = 0.00>
ST_1 : Operation 207 [1/1] (2.03ns)   --->   "%icmp_ln115_20 = icmp_ne  i7 %tmp_61, i7 0" [firmware/nnet_utils/nnet_activation.h:115]   --->   Operation 207 'icmp' 'icmp_ln115_20' <Predicate = true> <Delay = 2.03> <CoreInst = "Cmp">   --->   Core 9 'Cmp' <Latency = 0> <II = 1> <Delay = 2.03> <FuncUnit> <Opcode : 'seteq' 'setne' 'setle' 'setge' 'setlt' 'setgt'> <InPorts = 2> <OutPorts = 1>
ST_1 : Operation 208 [1/1] (2.13ns)   --->   "%add_ln115_20 = add i13 %tmp_60, i13 1" [firmware/nnet_utils/nnet_activation.h:115]   --->   Operation 208 'add' 'add_ln115_20' <Predicate = true> <Delay = 2.13> <CoreInst = "Adder">   --->   Core 1 'Adder' <Latency = 0> <II = 1> <Delay = 2.13> <FuncUnit> <Opcode : 'add' 'sub'> <InPorts = 2> <OutPorts = 1>
ST_1 : Operation 209 [1/1] (0.00ns)   --->   "%tmp_63 = partselect i13 @_ssdm_op_PartSelect.i13.i14.i32.i32, i14 %data_21_val_read, i32 1, i32 13" [firmware/nnet_utils/nnet_activation.h:115]   --->   Operation 209 'partselect' 'tmp_63' <Predicate = true> <Delay = 0.00>
ST_1 : Operation 210 [1/1] (0.00ns)   --->   "%trunc_ln115_21 = trunc i14 %data_21_val_read" [firmware/nnet_utils/nnet_activation.h:115]   --->   Operation 210 'trunc' 'trunc_ln115_21' <Predicate = true> <Delay = 0.00>
ST_1 : Operation 211 [1/1] (0.00ns)   --->   "%tmp_64 = bitconcatenate i7 @_ssdm_op_BitConcatenate.i7.i1.i6, i1 %trunc_ln115_21, i6 0" [firmware/nnet_utils/nnet_activation.h:115]   --->   Operation 211 'bitconcatenate' 'tmp_64' <Predicate = true> <Delay = 0.00>
ST_1 : Operation 212 [1/1] (2.03ns)   --->   "%icmp_ln115_21 = icmp_ne  i7 %tmp_64, i7 0" [firmware/nnet_utils/nnet_activation.h:115]   --->   Operation 212 'icmp' 'icmp_ln115_21' <Predicate = true> <Delay = 2.03> <CoreInst = "Cmp">   --->   Core 9 'Cmp' <Latency = 0> <II = 1> <Delay = 2.03> <FuncUnit> <Opcode : 'seteq' 'setne' 'setle' 'setge' 'setlt' 'setgt'> <InPorts = 2> <OutPorts = 1>
ST_1 : Operation 213 [1/1] (2.13ns)   --->   "%add_ln115_21 = add i13 %tmp_63, i13 1" [firmware/nnet_utils/nnet_activation.h:115]   --->   Operation 213 'add' 'add_ln115_21' <Predicate = true> <Delay = 2.13> <CoreInst = "Adder">   --->   Core 1 'Adder' <Latency = 0> <II = 1> <Delay = 2.13> <FuncUnit> <Opcode : 'add' 'sub'> <InPorts = 2> <OutPorts = 1>
ST_1 : Operation 214 [1/1] (0.00ns)   --->   "%tmp_66 = partselect i13 @_ssdm_op_PartSelect.i13.i14.i32.i32, i14 %data_22_val_read, i32 1, i32 13" [firmware/nnet_utils/nnet_activation.h:115]   --->   Operation 214 'partselect' 'tmp_66' <Predicate = true> <Delay = 0.00>
ST_1 : Operation 215 [1/1] (0.00ns)   --->   "%trunc_ln115_22 = trunc i14 %data_22_val_read" [firmware/nnet_utils/nnet_activation.h:115]   --->   Operation 215 'trunc' 'trunc_ln115_22' <Predicate = true> <Delay = 0.00>
ST_1 : Operation 216 [1/1] (0.00ns)   --->   "%tmp_67 = bitconcatenate i7 @_ssdm_op_BitConcatenate.i7.i1.i6, i1 %trunc_ln115_22, i6 0" [firmware/nnet_utils/nnet_activation.h:115]   --->   Operation 216 'bitconcatenate' 'tmp_67' <Predicate = true> <Delay = 0.00>
ST_1 : Operation 217 [1/1] (2.03ns)   --->   "%icmp_ln115_22 = icmp_ne  i7 %tmp_67, i7 0" [firmware/nnet_utils/nnet_activation.h:115]   --->   Operation 217 'icmp' 'icmp_ln115_22' <Predicate = true> <Delay = 2.03> <CoreInst = "Cmp">   --->   Core 9 'Cmp' <Latency = 0> <II = 1> <Delay = 2.03> <FuncUnit> <Opcode : 'seteq' 'setne' 'setle' 'setge' 'setlt' 'setgt'> <InPorts = 2> <OutPorts = 1>
ST_1 : Operation 218 [1/1] (2.13ns)   --->   "%add_ln115_22 = add i13 %tmp_66, i13 1" [firmware/nnet_utils/nnet_activation.h:115]   --->   Operation 218 'add' 'add_ln115_22' <Predicate = true> <Delay = 2.13> <CoreInst = "Adder">   --->   Core 1 'Adder' <Latency = 0> <II = 1> <Delay = 2.13> <FuncUnit> <Opcode : 'add' 'sub'> <InPorts = 2> <OutPorts = 1>
ST_1 : Operation 219 [1/1] (0.00ns)   --->   "%tmp_69 = partselect i13 @_ssdm_op_PartSelect.i13.i14.i32.i32, i14 %data_23_val_read, i32 1, i32 13" [firmware/nnet_utils/nnet_activation.h:115]   --->   Operation 219 'partselect' 'tmp_69' <Predicate = true> <Delay = 0.00>
ST_1 : Operation 220 [1/1] (0.00ns)   --->   "%trunc_ln115_23 = trunc i14 %data_23_val_read" [firmware/nnet_utils/nnet_activation.h:115]   --->   Operation 220 'trunc' 'trunc_ln115_23' <Predicate = true> <Delay = 0.00>
ST_1 : Operation 221 [1/1] (0.00ns)   --->   "%tmp_70 = bitconcatenate i7 @_ssdm_op_BitConcatenate.i7.i1.i6, i1 %trunc_ln115_23, i6 0" [firmware/nnet_utils/nnet_activation.h:115]   --->   Operation 221 'bitconcatenate' 'tmp_70' <Predicate = true> <Delay = 0.00>
ST_1 : Operation 222 [1/1] (2.03ns)   --->   "%icmp_ln115_23 = icmp_ne  i7 %tmp_70, i7 0" [firmware/nnet_utils/nnet_activation.h:115]   --->   Operation 222 'icmp' 'icmp_ln115_23' <Predicate = true> <Delay = 2.03> <CoreInst = "Cmp">   --->   Core 9 'Cmp' <Latency = 0> <II = 1> <Delay = 2.03> <FuncUnit> <Opcode : 'seteq' 'setne' 'setle' 'setge' 'setlt' 'setgt'> <InPorts = 2> <OutPorts = 1>
ST_1 : Operation 223 [1/1] (2.13ns)   --->   "%add_ln115_23 = add i13 %tmp_69, i13 1" [firmware/nnet_utils/nnet_activation.h:115]   --->   Operation 223 'add' 'add_ln115_23' <Predicate = true> <Delay = 2.13> <CoreInst = "Adder">   --->   Core 1 'Adder' <Latency = 0> <II = 1> <Delay = 2.13> <FuncUnit> <Opcode : 'add' 'sub'> <InPorts = 2> <OutPorts = 1>
ST_1 : Operation 224 [1/1] (0.00ns)   --->   "%tmp_72 = partselect i13 @_ssdm_op_PartSelect.i13.i14.i32.i32, i14 %data_24_val_read, i32 1, i32 13" [firmware/nnet_utils/nnet_activation.h:115]   --->   Operation 224 'partselect' 'tmp_72' <Predicate = true> <Delay = 0.00>
ST_1 : Operation 225 [1/1] (0.00ns)   --->   "%trunc_ln115_24 = trunc i14 %data_24_val_read" [firmware/nnet_utils/nnet_activation.h:115]   --->   Operation 225 'trunc' 'trunc_ln115_24' <Predicate = true> <Delay = 0.00>
ST_1 : Operation 226 [1/1] (0.00ns)   --->   "%tmp_73 = bitconcatenate i7 @_ssdm_op_BitConcatenate.i7.i1.i6, i1 %trunc_ln115_24, i6 0" [firmware/nnet_utils/nnet_activation.h:115]   --->   Operation 226 'bitconcatenate' 'tmp_73' <Predicate = true> <Delay = 0.00>
ST_1 : Operation 227 [1/1] (2.03ns)   --->   "%icmp_ln115_24 = icmp_ne  i7 %tmp_73, i7 0" [firmware/nnet_utils/nnet_activation.h:115]   --->   Operation 227 'icmp' 'icmp_ln115_24' <Predicate = true> <Delay = 2.03> <CoreInst = "Cmp">   --->   Core 9 'Cmp' <Latency = 0> <II = 1> <Delay = 2.03> <FuncUnit> <Opcode : 'seteq' 'setne' 'setle' 'setge' 'setlt' 'setgt'> <InPorts = 2> <OutPorts = 1>
ST_1 : Operation 228 [1/1] (2.13ns)   --->   "%add_ln115_24 = add i13 %tmp_72, i13 1" [firmware/nnet_utils/nnet_activation.h:115]   --->   Operation 228 'add' 'add_ln115_24' <Predicate = true> <Delay = 2.13> <CoreInst = "Adder">   --->   Core 1 'Adder' <Latency = 0> <II = 1> <Delay = 2.13> <FuncUnit> <Opcode : 'add' 'sub'> <InPorts = 2> <OutPorts = 1>
ST_1 : Operation 229 [1/1] (0.00ns)   --->   "%tmp_75 = partselect i13 @_ssdm_op_PartSelect.i13.i14.i32.i32, i14 %data_25_val_read, i32 1, i32 13" [firmware/nnet_utils/nnet_activation.h:115]   --->   Operation 229 'partselect' 'tmp_75' <Predicate = true> <Delay = 0.00>
ST_1 : Operation 230 [1/1] (0.00ns)   --->   "%trunc_ln115_25 = trunc i14 %data_25_val_read" [firmware/nnet_utils/nnet_activation.h:115]   --->   Operation 230 'trunc' 'trunc_ln115_25' <Predicate = true> <Delay = 0.00>
ST_1 : Operation 231 [1/1] (0.00ns)   --->   "%tmp_76 = bitconcatenate i7 @_ssdm_op_BitConcatenate.i7.i1.i6, i1 %trunc_ln115_25, i6 0" [firmware/nnet_utils/nnet_activation.h:115]   --->   Operation 231 'bitconcatenate' 'tmp_76' <Predicate = true> <Delay = 0.00>
ST_1 : Operation 232 [1/1] (2.03ns)   --->   "%icmp_ln115_25 = icmp_ne  i7 %tmp_76, i7 0" [firmware/nnet_utils/nnet_activation.h:115]   --->   Operation 232 'icmp' 'icmp_ln115_25' <Predicate = true> <Delay = 2.03> <CoreInst = "Cmp">   --->   Core 9 'Cmp' <Latency = 0> <II = 1> <Delay = 2.03> <FuncUnit> <Opcode : 'seteq' 'setne' 'setle' 'setge' 'setlt' 'setgt'> <InPorts = 2> <OutPorts = 1>
ST_1 : Operation 233 [1/1] (2.13ns)   --->   "%add_ln115_25 = add i13 %tmp_75, i13 1" [firmware/nnet_utils/nnet_activation.h:115]   --->   Operation 233 'add' 'add_ln115_25' <Predicate = true> <Delay = 2.13> <CoreInst = "Adder">   --->   Core 1 'Adder' <Latency = 0> <II = 1> <Delay = 2.13> <FuncUnit> <Opcode : 'add' 'sub'> <InPorts = 2> <OutPorts = 1>
ST_1 : Operation 234 [1/1] (0.00ns)   --->   "%tmp_78 = partselect i13 @_ssdm_op_PartSelect.i13.i14.i32.i32, i14 %data_26_val_read, i32 1, i32 13" [firmware/nnet_utils/nnet_activation.h:115]   --->   Operation 234 'partselect' 'tmp_78' <Predicate = true> <Delay = 0.00>
ST_1 : Operation 235 [1/1] (0.00ns)   --->   "%trunc_ln115_26 = trunc i14 %data_26_val_read" [firmware/nnet_utils/nnet_activation.h:115]   --->   Operation 235 'trunc' 'trunc_ln115_26' <Predicate = true> <Delay = 0.00>
ST_1 : Operation 236 [1/1] (0.00ns)   --->   "%tmp_79 = bitconcatenate i7 @_ssdm_op_BitConcatenate.i7.i1.i6, i1 %trunc_ln115_26, i6 0" [firmware/nnet_utils/nnet_activation.h:115]   --->   Operation 236 'bitconcatenate' 'tmp_79' <Predicate = true> <Delay = 0.00>
ST_1 : Operation 237 [1/1] (2.03ns)   --->   "%icmp_ln115_26 = icmp_ne  i7 %tmp_79, i7 0" [firmware/nnet_utils/nnet_activation.h:115]   --->   Operation 237 'icmp' 'icmp_ln115_26' <Predicate = true> <Delay = 2.03> <CoreInst = "Cmp">   --->   Core 9 'Cmp' <Latency = 0> <II = 1> <Delay = 2.03> <FuncUnit> <Opcode : 'seteq' 'setne' 'setle' 'setge' 'setlt' 'setgt'> <InPorts = 2> <OutPorts = 1>
ST_1 : Operation 238 [1/1] (2.13ns)   --->   "%add_ln115_26 = add i13 %tmp_78, i13 1" [firmware/nnet_utils/nnet_activation.h:115]   --->   Operation 238 'add' 'add_ln115_26' <Predicate = true> <Delay = 2.13> <CoreInst = "Adder">   --->   Core 1 'Adder' <Latency = 0> <II = 1> <Delay = 2.13> <FuncUnit> <Opcode : 'add' 'sub'> <InPorts = 2> <OutPorts = 1>
ST_1 : Operation 239 [1/1] (0.00ns)   --->   "%tmp_81 = partselect i13 @_ssdm_op_PartSelect.i13.i14.i32.i32, i14 %data_27_val_read, i32 1, i32 13" [firmware/nnet_utils/nnet_activation.h:115]   --->   Operation 239 'partselect' 'tmp_81' <Predicate = true> <Delay = 0.00>
ST_1 : Operation 240 [1/1] (0.00ns)   --->   "%trunc_ln115_27 = trunc i14 %data_27_val_read" [firmware/nnet_utils/nnet_activation.h:115]   --->   Operation 240 'trunc' 'trunc_ln115_27' <Predicate = true> <Delay = 0.00>
ST_1 : Operation 241 [1/1] (0.00ns)   --->   "%tmp_82 = bitconcatenate i7 @_ssdm_op_BitConcatenate.i7.i1.i6, i1 %trunc_ln115_27, i6 0" [firmware/nnet_utils/nnet_activation.h:115]   --->   Operation 241 'bitconcatenate' 'tmp_82' <Predicate = true> <Delay = 0.00>
ST_1 : Operation 242 [1/1] (2.03ns)   --->   "%icmp_ln115_27 = icmp_ne  i7 %tmp_82, i7 0" [firmware/nnet_utils/nnet_activation.h:115]   --->   Operation 242 'icmp' 'icmp_ln115_27' <Predicate = true> <Delay = 2.03> <CoreInst = "Cmp">   --->   Core 9 'Cmp' <Latency = 0> <II = 1> <Delay = 2.03> <FuncUnit> <Opcode : 'seteq' 'setne' 'setle' 'setge' 'setlt' 'setgt'> <InPorts = 2> <OutPorts = 1>
ST_1 : Operation 243 [1/1] (2.13ns)   --->   "%add_ln115_27 = add i13 %tmp_81, i13 1" [firmware/nnet_utils/nnet_activation.h:115]   --->   Operation 243 'add' 'add_ln115_27' <Predicate = true> <Delay = 2.13> <CoreInst = "Adder">   --->   Core 1 'Adder' <Latency = 0> <II = 1> <Delay = 2.13> <FuncUnit> <Opcode : 'add' 'sub'> <InPorts = 2> <OutPorts = 1>
ST_1 : Operation 244 [1/1] (0.00ns)   --->   "%tmp_84 = partselect i13 @_ssdm_op_PartSelect.i13.i14.i32.i32, i14 %data_28_val_read, i32 1, i32 13" [firmware/nnet_utils/nnet_activation.h:115]   --->   Operation 244 'partselect' 'tmp_84' <Predicate = true> <Delay = 0.00>
ST_1 : Operation 245 [1/1] (0.00ns)   --->   "%trunc_ln115_28 = trunc i14 %data_28_val_read" [firmware/nnet_utils/nnet_activation.h:115]   --->   Operation 245 'trunc' 'trunc_ln115_28' <Predicate = true> <Delay = 0.00>
ST_1 : Operation 246 [1/1] (0.00ns)   --->   "%tmp_85 = bitconcatenate i7 @_ssdm_op_BitConcatenate.i7.i1.i6, i1 %trunc_ln115_28, i6 0" [firmware/nnet_utils/nnet_activation.h:115]   --->   Operation 246 'bitconcatenate' 'tmp_85' <Predicate = true> <Delay = 0.00>
ST_1 : Operation 247 [1/1] (2.03ns)   --->   "%icmp_ln115_28 = icmp_ne  i7 %tmp_85, i7 0" [firmware/nnet_utils/nnet_activation.h:115]   --->   Operation 247 'icmp' 'icmp_ln115_28' <Predicate = true> <Delay = 2.03> <CoreInst = "Cmp">   --->   Core 9 'Cmp' <Latency = 0> <II = 1> <Delay = 2.03> <FuncUnit> <Opcode : 'seteq' 'setne' 'setle' 'setge' 'setlt' 'setgt'> <InPorts = 2> <OutPorts = 1>
ST_1 : Operation 248 [1/1] (2.13ns)   --->   "%add_ln115_28 = add i13 %tmp_84, i13 1" [firmware/nnet_utils/nnet_activation.h:115]   --->   Operation 248 'add' 'add_ln115_28' <Predicate = true> <Delay = 2.13> <CoreInst = "Adder">   --->   Core 1 'Adder' <Latency = 0> <II = 1> <Delay = 2.13> <FuncUnit> <Opcode : 'add' 'sub'> <InPorts = 2> <OutPorts = 1>
ST_1 : Operation 249 [1/1] (0.00ns)   --->   "%tmp_87 = partselect i13 @_ssdm_op_PartSelect.i13.i14.i32.i32, i14 %data_29_val_read, i32 1, i32 13" [firmware/nnet_utils/nnet_activation.h:115]   --->   Operation 249 'partselect' 'tmp_87' <Predicate = true> <Delay = 0.00>
ST_1 : Operation 250 [1/1] (0.00ns)   --->   "%trunc_ln115_29 = trunc i14 %data_29_val_read" [firmware/nnet_utils/nnet_activation.h:115]   --->   Operation 250 'trunc' 'trunc_ln115_29' <Predicate = true> <Delay = 0.00>
ST_1 : Operation 251 [1/1] (0.00ns)   --->   "%tmp_88 = bitconcatenate i7 @_ssdm_op_BitConcatenate.i7.i1.i6, i1 %trunc_ln115_29, i6 0" [firmware/nnet_utils/nnet_activation.h:115]   --->   Operation 251 'bitconcatenate' 'tmp_88' <Predicate = true> <Delay = 0.00>
ST_1 : Operation 252 [1/1] (2.03ns)   --->   "%icmp_ln115_29 = icmp_ne  i7 %tmp_88, i7 0" [firmware/nnet_utils/nnet_activation.h:115]   --->   Operation 252 'icmp' 'icmp_ln115_29' <Predicate = true> <Delay = 2.03> <CoreInst = "Cmp">   --->   Core 9 'Cmp' <Latency = 0> <II = 1> <Delay = 2.03> <FuncUnit> <Opcode : 'seteq' 'setne' 'setle' 'setge' 'setlt' 'setgt'> <InPorts = 2> <OutPorts = 1>
ST_1 : Operation 253 [1/1] (2.13ns)   --->   "%add_ln115_29 = add i13 %tmp_87, i13 1" [firmware/nnet_utils/nnet_activation.h:115]   --->   Operation 253 'add' 'add_ln115_29' <Predicate = true> <Delay = 2.13> <CoreInst = "Adder">   --->   Core 1 'Adder' <Latency = 0> <II = 1> <Delay = 2.13> <FuncUnit> <Opcode : 'add' 'sub'> <InPorts = 2> <OutPorts = 1>
ST_1 : Operation 254 [1/1] (0.00ns)   --->   "%tmp_90 = partselect i13 @_ssdm_op_PartSelect.i13.i14.i32.i32, i14 %data_30_val_read, i32 1, i32 13" [firmware/nnet_utils/nnet_activation.h:115]   --->   Operation 254 'partselect' 'tmp_90' <Predicate = true> <Delay = 0.00>
ST_1 : Operation 255 [1/1] (0.00ns)   --->   "%trunc_ln115_30 = trunc i14 %data_30_val_read" [firmware/nnet_utils/nnet_activation.h:115]   --->   Operation 255 'trunc' 'trunc_ln115_30' <Predicate = true> <Delay = 0.00>
ST_1 : Operation 256 [1/1] (0.00ns)   --->   "%tmp_91 = bitconcatenate i7 @_ssdm_op_BitConcatenate.i7.i1.i6, i1 %trunc_ln115_30, i6 0" [firmware/nnet_utils/nnet_activation.h:115]   --->   Operation 256 'bitconcatenate' 'tmp_91' <Predicate = true> <Delay = 0.00>
ST_1 : Operation 257 [1/1] (2.03ns)   --->   "%icmp_ln115_30 = icmp_ne  i7 %tmp_91, i7 0" [firmware/nnet_utils/nnet_activation.h:115]   --->   Operation 257 'icmp' 'icmp_ln115_30' <Predicate = true> <Delay = 2.03> <CoreInst = "Cmp">   --->   Core 9 'Cmp' <Latency = 0> <II = 1> <Delay = 2.03> <FuncUnit> <Opcode : 'seteq' 'setne' 'setle' 'setge' 'setlt' 'setgt'> <InPorts = 2> <OutPorts = 1>
ST_1 : Operation 258 [1/1] (2.13ns)   --->   "%add_ln115_30 = add i13 %tmp_90, i13 1" [firmware/nnet_utils/nnet_activation.h:115]   --->   Operation 258 'add' 'add_ln115_30' <Predicate = true> <Delay = 2.13> <CoreInst = "Adder">   --->   Core 1 'Adder' <Latency = 0> <II = 1> <Delay = 2.13> <FuncUnit> <Opcode : 'add' 'sub'> <InPorts = 2> <OutPorts = 1>
ST_1 : Operation 259 [1/1] (0.00ns)   --->   "%tmp_93 = partselect i13 @_ssdm_op_PartSelect.i13.i14.i32.i32, i14 %data_31_val_read, i32 1, i32 13" [firmware/nnet_utils/nnet_activation.h:115]   --->   Operation 259 'partselect' 'tmp_93' <Predicate = true> <Delay = 0.00>
ST_1 : Operation 260 [1/1] (0.00ns)   --->   "%trunc_ln115_31 = trunc i14 %data_31_val_read" [firmware/nnet_utils/nnet_activation.h:115]   --->   Operation 260 'trunc' 'trunc_ln115_31' <Predicate = true> <Delay = 0.00>
ST_1 : Operation 261 [1/1] (0.00ns)   --->   "%tmp_94 = bitconcatenate i7 @_ssdm_op_BitConcatenate.i7.i1.i6, i1 %trunc_ln115_31, i6 0" [firmware/nnet_utils/nnet_activation.h:115]   --->   Operation 261 'bitconcatenate' 'tmp_94' <Predicate = true> <Delay = 0.00>
ST_1 : Operation 262 [1/1] (2.03ns)   --->   "%icmp_ln115_31 = icmp_ne  i7 %tmp_94, i7 0" [firmware/nnet_utils/nnet_activation.h:115]   --->   Operation 262 'icmp' 'icmp_ln115_31' <Predicate = true> <Delay = 2.03> <CoreInst = "Cmp">   --->   Core 9 'Cmp' <Latency = 0> <II = 1> <Delay = 2.03> <FuncUnit> <Opcode : 'seteq' 'setne' 'setle' 'setge' 'setlt' 'setgt'> <InPorts = 2> <OutPorts = 1>
ST_1 : Operation 263 [1/1] (2.13ns)   --->   "%add_ln115_31 = add i13 %tmp_93, i13 1" [firmware/nnet_utils/nnet_activation.h:115]   --->   Operation 263 'add' 'add_ln115_31' <Predicate = true> <Delay = 2.13> <CoreInst = "Adder">   --->   Core 1 'Adder' <Latency = 0> <II = 1> <Delay = 2.13> <FuncUnit> <Opcode : 'add' 'sub'> <InPorts = 2> <OutPorts = 1>
ST_1 : Operation 264 [1/1] (0.00ns)   --->   "%tmp_97 = partselect i13 @_ssdm_op_PartSelect.i13.i14.i32.i32, i14 %data_32_val_read, i32 1, i32 13" [firmware/nnet_utils/nnet_activation.h:115]   --->   Operation 264 'partselect' 'tmp_97' <Predicate = true> <Delay = 0.00>
ST_1 : Operation 265 [1/1] (0.00ns)   --->   "%trunc_ln115_32 = trunc i14 %data_32_val_read" [firmware/nnet_utils/nnet_activation.h:115]   --->   Operation 265 'trunc' 'trunc_ln115_32' <Predicate = true> <Delay = 0.00>
ST_1 : Operation 266 [1/1] (0.00ns)   --->   "%tmp_99 = bitconcatenate i7 @_ssdm_op_BitConcatenate.i7.i1.i6, i1 %trunc_ln115_32, i6 0" [firmware/nnet_utils/nnet_activation.h:115]   --->   Operation 266 'bitconcatenate' 'tmp_99' <Predicate = true> <Delay = 0.00>
ST_1 : Operation 267 [1/1] (2.03ns)   --->   "%icmp_ln115_32 = icmp_ne  i7 %tmp_99, i7 0" [firmware/nnet_utils/nnet_activation.h:115]   --->   Operation 267 'icmp' 'icmp_ln115_32' <Predicate = true> <Delay = 2.03> <CoreInst = "Cmp">   --->   Core 9 'Cmp' <Latency = 0> <II = 1> <Delay = 2.03> <FuncUnit> <Opcode : 'seteq' 'setne' 'setle' 'setge' 'setlt' 'setgt'> <InPorts = 2> <OutPorts = 1>
ST_1 : Operation 268 [1/1] (2.13ns)   --->   "%add_ln115_32 = add i13 %tmp_97, i13 1" [firmware/nnet_utils/nnet_activation.h:115]   --->   Operation 268 'add' 'add_ln115_32' <Predicate = true> <Delay = 2.13> <CoreInst = "Adder">   --->   Core 1 'Adder' <Latency = 0> <II = 1> <Delay = 2.13> <FuncUnit> <Opcode : 'add' 'sub'> <InPorts = 2> <OutPorts = 1>
ST_1 : Operation 269 [1/1] (0.00ns)   --->   "%tmp_104 = partselect i13 @_ssdm_op_PartSelect.i13.i14.i32.i32, i14 %data_33_val_read, i32 1, i32 13" [firmware/nnet_utils/nnet_activation.h:115]   --->   Operation 269 'partselect' 'tmp_104' <Predicate = true> <Delay = 0.00>
ST_1 : Operation 270 [1/1] (0.00ns)   --->   "%trunc_ln115_33 = trunc i14 %data_33_val_read" [firmware/nnet_utils/nnet_activation.h:115]   --->   Operation 270 'trunc' 'trunc_ln115_33' <Predicate = true> <Delay = 0.00>
ST_1 : Operation 271 [1/1] (0.00ns)   --->   "%tmp_107 = bitconcatenate i7 @_ssdm_op_BitConcatenate.i7.i1.i6, i1 %trunc_ln115_33, i6 0" [firmware/nnet_utils/nnet_activation.h:115]   --->   Operation 271 'bitconcatenate' 'tmp_107' <Predicate = true> <Delay = 0.00>
ST_1 : Operation 272 [1/1] (2.03ns)   --->   "%icmp_ln115_33 = icmp_ne  i7 %tmp_107, i7 0" [firmware/nnet_utils/nnet_activation.h:115]   --->   Operation 272 'icmp' 'icmp_ln115_33' <Predicate = true> <Delay = 2.03> <CoreInst = "Cmp">   --->   Core 9 'Cmp' <Latency = 0> <II = 1> <Delay = 2.03> <FuncUnit> <Opcode : 'seteq' 'setne' 'setle' 'setge' 'setlt' 'setgt'> <InPorts = 2> <OutPorts = 1>
ST_1 : Operation 273 [1/1] (2.13ns)   --->   "%add_ln115_33 = add i13 %tmp_104, i13 1" [firmware/nnet_utils/nnet_activation.h:115]   --->   Operation 273 'add' 'add_ln115_33' <Predicate = true> <Delay = 2.13> <CoreInst = "Adder">   --->   Core 1 'Adder' <Latency = 0> <II = 1> <Delay = 2.13> <FuncUnit> <Opcode : 'add' 'sub'> <InPorts = 2> <OutPorts = 1>
ST_1 : Operation 274 [1/1] (0.00ns)   --->   "%tmp_112 = partselect i13 @_ssdm_op_PartSelect.i13.i14.i32.i32, i14 %data_34_val_read, i32 1, i32 13" [firmware/nnet_utils/nnet_activation.h:115]   --->   Operation 274 'partselect' 'tmp_112' <Predicate = true> <Delay = 0.00>
ST_1 : Operation 275 [1/1] (0.00ns)   --->   "%trunc_ln115_34 = trunc i14 %data_34_val_read" [firmware/nnet_utils/nnet_activation.h:115]   --->   Operation 275 'trunc' 'trunc_ln115_34' <Predicate = true> <Delay = 0.00>
ST_1 : Operation 276 [1/1] (0.00ns)   --->   "%tmp_114 = bitconcatenate i7 @_ssdm_op_BitConcatenate.i7.i1.i6, i1 %trunc_ln115_34, i6 0" [firmware/nnet_utils/nnet_activation.h:115]   --->   Operation 276 'bitconcatenate' 'tmp_114' <Predicate = true> <Delay = 0.00>
ST_1 : Operation 277 [1/1] (2.03ns)   --->   "%icmp_ln115_34 = icmp_ne  i7 %tmp_114, i7 0" [firmware/nnet_utils/nnet_activation.h:115]   --->   Operation 277 'icmp' 'icmp_ln115_34' <Predicate = true> <Delay = 2.03> <CoreInst = "Cmp">   --->   Core 9 'Cmp' <Latency = 0> <II = 1> <Delay = 2.03> <FuncUnit> <Opcode : 'seteq' 'setne' 'setle' 'setge' 'setlt' 'setgt'> <InPorts = 2> <OutPorts = 1>
ST_1 : Operation 278 [1/1] (2.13ns)   --->   "%add_ln115_34 = add i13 %tmp_112, i13 1" [firmware/nnet_utils/nnet_activation.h:115]   --->   Operation 278 'add' 'add_ln115_34' <Predicate = true> <Delay = 2.13> <CoreInst = "Adder">   --->   Core 1 'Adder' <Latency = 0> <II = 1> <Delay = 2.13> <FuncUnit> <Opcode : 'add' 'sub'> <InPorts = 2> <OutPorts = 1>
ST_1 : Operation 279 [1/1] (0.00ns)   --->   "%tmp_119 = partselect i13 @_ssdm_op_PartSelect.i13.i14.i32.i32, i14 %data_35_val_read, i32 1, i32 13" [firmware/nnet_utils/nnet_activation.h:115]   --->   Operation 279 'partselect' 'tmp_119' <Predicate = true> <Delay = 0.00>
ST_1 : Operation 280 [1/1] (0.00ns)   --->   "%trunc_ln115_35 = trunc i14 %data_35_val_read" [firmware/nnet_utils/nnet_activation.h:115]   --->   Operation 280 'trunc' 'trunc_ln115_35' <Predicate = true> <Delay = 0.00>
ST_1 : Operation 281 [1/1] (0.00ns)   --->   "%tmp_122 = bitconcatenate i7 @_ssdm_op_BitConcatenate.i7.i1.i6, i1 %trunc_ln115_35, i6 0" [firmware/nnet_utils/nnet_activation.h:115]   --->   Operation 281 'bitconcatenate' 'tmp_122' <Predicate = true> <Delay = 0.00>
ST_1 : Operation 282 [1/1] (2.03ns)   --->   "%icmp_ln115_35 = icmp_ne  i7 %tmp_122, i7 0" [firmware/nnet_utils/nnet_activation.h:115]   --->   Operation 282 'icmp' 'icmp_ln115_35' <Predicate = true> <Delay = 2.03> <CoreInst = "Cmp">   --->   Core 9 'Cmp' <Latency = 0> <II = 1> <Delay = 2.03> <FuncUnit> <Opcode : 'seteq' 'setne' 'setle' 'setge' 'setlt' 'setgt'> <InPorts = 2> <OutPorts = 1>
ST_1 : Operation 283 [1/1] (2.13ns)   --->   "%add_ln115_35 = add i13 %tmp_119, i13 1" [firmware/nnet_utils/nnet_activation.h:115]   --->   Operation 283 'add' 'add_ln115_35' <Predicate = true> <Delay = 2.13> <CoreInst = "Adder">   --->   Core 1 'Adder' <Latency = 0> <II = 1> <Delay = 2.13> <FuncUnit> <Opcode : 'add' 'sub'> <InPorts = 2> <OutPorts = 1>
ST_1 : Operation 284 [1/1] (0.00ns)   --->   "%tmp_127 = partselect i13 @_ssdm_op_PartSelect.i13.i14.i32.i32, i14 %data_36_val_read, i32 1, i32 13" [firmware/nnet_utils/nnet_activation.h:115]   --->   Operation 284 'partselect' 'tmp_127' <Predicate = true> <Delay = 0.00>
ST_1 : Operation 285 [1/1] (0.00ns)   --->   "%trunc_ln115_36 = trunc i14 %data_36_val_read" [firmware/nnet_utils/nnet_activation.h:115]   --->   Operation 285 'trunc' 'trunc_ln115_36' <Predicate = true> <Delay = 0.00>
ST_1 : Operation 286 [1/1] (0.00ns)   --->   "%tmp_129 = bitconcatenate i7 @_ssdm_op_BitConcatenate.i7.i1.i6, i1 %trunc_ln115_36, i6 0" [firmware/nnet_utils/nnet_activation.h:115]   --->   Operation 286 'bitconcatenate' 'tmp_129' <Predicate = true> <Delay = 0.00>
ST_1 : Operation 287 [1/1] (2.03ns)   --->   "%icmp_ln115_36 = icmp_ne  i7 %tmp_129, i7 0" [firmware/nnet_utils/nnet_activation.h:115]   --->   Operation 287 'icmp' 'icmp_ln115_36' <Predicate = true> <Delay = 2.03> <CoreInst = "Cmp">   --->   Core 9 'Cmp' <Latency = 0> <II = 1> <Delay = 2.03> <FuncUnit> <Opcode : 'seteq' 'setne' 'setle' 'setge' 'setlt' 'setgt'> <InPorts = 2> <OutPorts = 1>
ST_1 : Operation 288 [1/1] (2.13ns)   --->   "%add_ln115_36 = add i13 %tmp_127, i13 1" [firmware/nnet_utils/nnet_activation.h:115]   --->   Operation 288 'add' 'add_ln115_36' <Predicate = true> <Delay = 2.13> <CoreInst = "Adder">   --->   Core 1 'Adder' <Latency = 0> <II = 1> <Delay = 2.13> <FuncUnit> <Opcode : 'add' 'sub'> <InPorts = 2> <OutPorts = 1>
ST_1 : Operation 289 [1/1] (0.00ns)   --->   "%tmp_134 = partselect i13 @_ssdm_op_PartSelect.i13.i14.i32.i32, i14 %data_37_val_read, i32 1, i32 13" [firmware/nnet_utils/nnet_activation.h:115]   --->   Operation 289 'partselect' 'tmp_134' <Predicate = true> <Delay = 0.00>
ST_1 : Operation 290 [1/1] (0.00ns)   --->   "%trunc_ln115_37 = trunc i14 %data_37_val_read" [firmware/nnet_utils/nnet_activation.h:115]   --->   Operation 290 'trunc' 'trunc_ln115_37' <Predicate = true> <Delay = 0.00>
ST_1 : Operation 291 [1/1] (0.00ns)   --->   "%tmp_137 = bitconcatenate i7 @_ssdm_op_BitConcatenate.i7.i1.i6, i1 %trunc_ln115_37, i6 0" [firmware/nnet_utils/nnet_activation.h:115]   --->   Operation 291 'bitconcatenate' 'tmp_137' <Predicate = true> <Delay = 0.00>
ST_1 : Operation 292 [1/1] (2.03ns)   --->   "%icmp_ln115_37 = icmp_ne  i7 %tmp_137, i7 0" [firmware/nnet_utils/nnet_activation.h:115]   --->   Operation 292 'icmp' 'icmp_ln115_37' <Predicate = true> <Delay = 2.03> <CoreInst = "Cmp">   --->   Core 9 'Cmp' <Latency = 0> <II = 1> <Delay = 2.03> <FuncUnit> <Opcode : 'seteq' 'setne' 'setle' 'setge' 'setlt' 'setgt'> <InPorts = 2> <OutPorts = 1>
ST_1 : Operation 293 [1/1] (2.13ns)   --->   "%add_ln115_37 = add i13 %tmp_134, i13 1" [firmware/nnet_utils/nnet_activation.h:115]   --->   Operation 293 'add' 'add_ln115_37' <Predicate = true> <Delay = 2.13> <CoreInst = "Adder">   --->   Core 1 'Adder' <Latency = 0> <II = 1> <Delay = 2.13> <FuncUnit> <Opcode : 'add' 'sub'> <InPorts = 2> <OutPorts = 1>
ST_1 : Operation 294 [1/1] (0.00ns)   --->   "%tmp_142 = partselect i13 @_ssdm_op_PartSelect.i13.i14.i32.i32, i14 %data_38_val_read, i32 1, i32 13" [firmware/nnet_utils/nnet_activation.h:115]   --->   Operation 294 'partselect' 'tmp_142' <Predicate = true> <Delay = 0.00>
ST_1 : Operation 295 [1/1] (0.00ns)   --->   "%trunc_ln115_38 = trunc i14 %data_38_val_read" [firmware/nnet_utils/nnet_activation.h:115]   --->   Operation 295 'trunc' 'trunc_ln115_38' <Predicate = true> <Delay = 0.00>
ST_1 : Operation 296 [1/1] (0.00ns)   --->   "%tmp_144 = bitconcatenate i7 @_ssdm_op_BitConcatenate.i7.i1.i6, i1 %trunc_ln115_38, i6 0" [firmware/nnet_utils/nnet_activation.h:115]   --->   Operation 296 'bitconcatenate' 'tmp_144' <Predicate = true> <Delay = 0.00>
ST_1 : Operation 297 [1/1] (2.03ns)   --->   "%icmp_ln115_38 = icmp_ne  i7 %tmp_144, i7 0" [firmware/nnet_utils/nnet_activation.h:115]   --->   Operation 297 'icmp' 'icmp_ln115_38' <Predicate = true> <Delay = 2.03> <CoreInst = "Cmp">   --->   Core 9 'Cmp' <Latency = 0> <II = 1> <Delay = 2.03> <FuncUnit> <Opcode : 'seteq' 'setne' 'setle' 'setge' 'setlt' 'setgt'> <InPorts = 2> <OutPorts = 1>
ST_1 : Operation 298 [1/1] (2.13ns)   --->   "%add_ln115_38 = add i13 %tmp_142, i13 1" [firmware/nnet_utils/nnet_activation.h:115]   --->   Operation 298 'add' 'add_ln115_38' <Predicate = true> <Delay = 2.13> <CoreInst = "Adder">   --->   Core 1 'Adder' <Latency = 0> <II = 1> <Delay = 2.13> <FuncUnit> <Opcode : 'add' 'sub'> <InPorts = 2> <OutPorts = 1>
ST_1 : Operation 299 [1/1] (0.00ns)   --->   "%tmp_149 = partselect i13 @_ssdm_op_PartSelect.i13.i14.i32.i32, i14 %data_39_val_read, i32 1, i32 13" [firmware/nnet_utils/nnet_activation.h:115]   --->   Operation 299 'partselect' 'tmp_149' <Predicate = true> <Delay = 0.00>
ST_1 : Operation 300 [1/1] (0.00ns)   --->   "%trunc_ln115_39 = trunc i14 %data_39_val_read" [firmware/nnet_utils/nnet_activation.h:115]   --->   Operation 300 'trunc' 'trunc_ln115_39' <Predicate = true> <Delay = 0.00>
ST_1 : Operation 301 [1/1] (0.00ns)   --->   "%tmp_152 = bitconcatenate i7 @_ssdm_op_BitConcatenate.i7.i1.i6, i1 %trunc_ln115_39, i6 0" [firmware/nnet_utils/nnet_activation.h:115]   --->   Operation 301 'bitconcatenate' 'tmp_152' <Predicate = true> <Delay = 0.00>
ST_1 : Operation 302 [1/1] (2.03ns)   --->   "%icmp_ln115_39 = icmp_ne  i7 %tmp_152, i7 0" [firmware/nnet_utils/nnet_activation.h:115]   --->   Operation 302 'icmp' 'icmp_ln115_39' <Predicate = true> <Delay = 2.03> <CoreInst = "Cmp">   --->   Core 9 'Cmp' <Latency = 0> <II = 1> <Delay = 2.03> <FuncUnit> <Opcode : 'seteq' 'setne' 'setle' 'setge' 'setlt' 'setgt'> <InPorts = 2> <OutPorts = 1>
ST_1 : Operation 303 [1/1] (2.13ns)   --->   "%add_ln115_39 = add i13 %tmp_149, i13 1" [firmware/nnet_utils/nnet_activation.h:115]   --->   Operation 303 'add' 'add_ln115_39' <Predicate = true> <Delay = 2.13> <CoreInst = "Adder">   --->   Core 1 'Adder' <Latency = 0> <II = 1> <Delay = 2.13> <FuncUnit> <Opcode : 'add' 'sub'> <InPorts = 2> <OutPorts = 1>
ST_1 : Operation 304 [1/1] (0.00ns)   --->   "%tmp_157 = partselect i13 @_ssdm_op_PartSelect.i13.i14.i32.i32, i14 %data_40_val_read, i32 1, i32 13" [firmware/nnet_utils/nnet_activation.h:115]   --->   Operation 304 'partselect' 'tmp_157' <Predicate = true> <Delay = 0.00>
ST_1 : Operation 305 [1/1] (0.00ns)   --->   "%trunc_ln115_40 = trunc i14 %data_40_val_read" [firmware/nnet_utils/nnet_activation.h:115]   --->   Operation 305 'trunc' 'trunc_ln115_40' <Predicate = true> <Delay = 0.00>
ST_1 : Operation 306 [1/1] (0.00ns)   --->   "%tmp_159 = bitconcatenate i7 @_ssdm_op_BitConcatenate.i7.i1.i6, i1 %trunc_ln115_40, i6 0" [firmware/nnet_utils/nnet_activation.h:115]   --->   Operation 306 'bitconcatenate' 'tmp_159' <Predicate = true> <Delay = 0.00>
ST_1 : Operation 307 [1/1] (2.03ns)   --->   "%icmp_ln115_40 = icmp_ne  i7 %tmp_159, i7 0" [firmware/nnet_utils/nnet_activation.h:115]   --->   Operation 307 'icmp' 'icmp_ln115_40' <Predicate = true> <Delay = 2.03> <CoreInst = "Cmp">   --->   Core 9 'Cmp' <Latency = 0> <II = 1> <Delay = 2.03> <FuncUnit> <Opcode : 'seteq' 'setne' 'setle' 'setge' 'setlt' 'setgt'> <InPorts = 2> <OutPorts = 1>
ST_1 : Operation 308 [1/1] (2.13ns)   --->   "%add_ln115_40 = add i13 %tmp_157, i13 1" [firmware/nnet_utils/nnet_activation.h:115]   --->   Operation 308 'add' 'add_ln115_40' <Predicate = true> <Delay = 2.13> <CoreInst = "Adder">   --->   Core 1 'Adder' <Latency = 0> <II = 1> <Delay = 2.13> <FuncUnit> <Opcode : 'add' 'sub'> <InPorts = 2> <OutPorts = 1>
ST_1 : Operation 309 [1/1] (0.00ns)   --->   "%tmp_164 = partselect i13 @_ssdm_op_PartSelect.i13.i14.i32.i32, i14 %data_41_val_read, i32 1, i32 13" [firmware/nnet_utils/nnet_activation.h:115]   --->   Operation 309 'partselect' 'tmp_164' <Predicate = true> <Delay = 0.00>
ST_1 : Operation 310 [1/1] (0.00ns)   --->   "%trunc_ln115_41 = trunc i14 %data_41_val_read" [firmware/nnet_utils/nnet_activation.h:115]   --->   Operation 310 'trunc' 'trunc_ln115_41' <Predicate = true> <Delay = 0.00>
ST_1 : Operation 311 [1/1] (0.00ns)   --->   "%tmp_167 = bitconcatenate i7 @_ssdm_op_BitConcatenate.i7.i1.i6, i1 %trunc_ln115_41, i6 0" [firmware/nnet_utils/nnet_activation.h:115]   --->   Operation 311 'bitconcatenate' 'tmp_167' <Predicate = true> <Delay = 0.00>
ST_1 : Operation 312 [1/1] (2.03ns)   --->   "%icmp_ln115_41 = icmp_ne  i7 %tmp_167, i7 0" [firmware/nnet_utils/nnet_activation.h:115]   --->   Operation 312 'icmp' 'icmp_ln115_41' <Predicate = true> <Delay = 2.03> <CoreInst = "Cmp">   --->   Core 9 'Cmp' <Latency = 0> <II = 1> <Delay = 2.03> <FuncUnit> <Opcode : 'seteq' 'setne' 'setle' 'setge' 'setlt' 'setgt'> <InPorts = 2> <OutPorts = 1>
ST_1 : Operation 313 [1/1] (2.13ns)   --->   "%add_ln115_41 = add i13 %tmp_164, i13 1" [firmware/nnet_utils/nnet_activation.h:115]   --->   Operation 313 'add' 'add_ln115_41' <Predicate = true> <Delay = 2.13> <CoreInst = "Adder">   --->   Core 1 'Adder' <Latency = 0> <II = 1> <Delay = 2.13> <FuncUnit> <Opcode : 'add' 'sub'> <InPorts = 2> <OutPorts = 1>
ST_1 : Operation 314 [1/1] (0.00ns)   --->   "%tmp_172 = partselect i13 @_ssdm_op_PartSelect.i13.i14.i32.i32, i14 %data_42_val_read, i32 1, i32 13" [firmware/nnet_utils/nnet_activation.h:115]   --->   Operation 314 'partselect' 'tmp_172' <Predicate = true> <Delay = 0.00>
ST_1 : Operation 315 [1/1] (0.00ns)   --->   "%trunc_ln115_42 = trunc i14 %data_42_val_read" [firmware/nnet_utils/nnet_activation.h:115]   --->   Operation 315 'trunc' 'trunc_ln115_42' <Predicate = true> <Delay = 0.00>
ST_1 : Operation 316 [1/1] (0.00ns)   --->   "%tmp_174 = bitconcatenate i7 @_ssdm_op_BitConcatenate.i7.i1.i6, i1 %trunc_ln115_42, i6 0" [firmware/nnet_utils/nnet_activation.h:115]   --->   Operation 316 'bitconcatenate' 'tmp_174' <Predicate = true> <Delay = 0.00>
ST_1 : Operation 317 [1/1] (2.03ns)   --->   "%icmp_ln115_42 = icmp_ne  i7 %tmp_174, i7 0" [firmware/nnet_utils/nnet_activation.h:115]   --->   Operation 317 'icmp' 'icmp_ln115_42' <Predicate = true> <Delay = 2.03> <CoreInst = "Cmp">   --->   Core 9 'Cmp' <Latency = 0> <II = 1> <Delay = 2.03> <FuncUnit> <Opcode : 'seteq' 'setne' 'setle' 'setge' 'setlt' 'setgt'> <InPorts = 2> <OutPorts = 1>
ST_1 : Operation 318 [1/1] (2.13ns)   --->   "%add_ln115_42 = add i13 %tmp_172, i13 1" [firmware/nnet_utils/nnet_activation.h:115]   --->   Operation 318 'add' 'add_ln115_42' <Predicate = true> <Delay = 2.13> <CoreInst = "Adder">   --->   Core 1 'Adder' <Latency = 0> <II = 1> <Delay = 2.13> <FuncUnit> <Opcode : 'add' 'sub'> <InPorts = 2> <OutPorts = 1>
ST_1 : Operation 319 [1/1] (0.00ns)   --->   "%tmp_179 = partselect i13 @_ssdm_op_PartSelect.i13.i14.i32.i32, i14 %data_43_val_read, i32 1, i32 13" [firmware/nnet_utils/nnet_activation.h:115]   --->   Operation 319 'partselect' 'tmp_179' <Predicate = true> <Delay = 0.00>
ST_1 : Operation 320 [1/1] (0.00ns)   --->   "%trunc_ln115_43 = trunc i14 %data_43_val_read" [firmware/nnet_utils/nnet_activation.h:115]   --->   Operation 320 'trunc' 'trunc_ln115_43' <Predicate = true> <Delay = 0.00>
ST_1 : Operation 321 [1/1] (0.00ns)   --->   "%tmp_182 = bitconcatenate i7 @_ssdm_op_BitConcatenate.i7.i1.i6, i1 %trunc_ln115_43, i6 0" [firmware/nnet_utils/nnet_activation.h:115]   --->   Operation 321 'bitconcatenate' 'tmp_182' <Predicate = true> <Delay = 0.00>
ST_1 : Operation 322 [1/1] (2.03ns)   --->   "%icmp_ln115_43 = icmp_ne  i7 %tmp_182, i7 0" [firmware/nnet_utils/nnet_activation.h:115]   --->   Operation 322 'icmp' 'icmp_ln115_43' <Predicate = true> <Delay = 2.03> <CoreInst = "Cmp">   --->   Core 9 'Cmp' <Latency = 0> <II = 1> <Delay = 2.03> <FuncUnit> <Opcode : 'seteq' 'setne' 'setle' 'setge' 'setlt' 'setgt'> <InPorts = 2> <OutPorts = 1>
ST_1 : Operation 323 [1/1] (2.13ns)   --->   "%add_ln115_43 = add i13 %tmp_179, i13 1" [firmware/nnet_utils/nnet_activation.h:115]   --->   Operation 323 'add' 'add_ln115_43' <Predicate = true> <Delay = 2.13> <CoreInst = "Adder">   --->   Core 1 'Adder' <Latency = 0> <II = 1> <Delay = 2.13> <FuncUnit> <Opcode : 'add' 'sub'> <InPorts = 2> <OutPorts = 1>
ST_1 : Operation 324 [1/1] (0.00ns)   --->   "%tmp_187 = partselect i13 @_ssdm_op_PartSelect.i13.i14.i32.i32, i14 %data_44_val_read, i32 1, i32 13" [firmware/nnet_utils/nnet_activation.h:115]   --->   Operation 324 'partselect' 'tmp_187' <Predicate = true> <Delay = 0.00>
ST_1 : Operation 325 [1/1] (0.00ns)   --->   "%trunc_ln115_44 = trunc i14 %data_44_val_read" [firmware/nnet_utils/nnet_activation.h:115]   --->   Operation 325 'trunc' 'trunc_ln115_44' <Predicate = true> <Delay = 0.00>
ST_1 : Operation 326 [1/1] (0.00ns)   --->   "%tmp_189 = bitconcatenate i7 @_ssdm_op_BitConcatenate.i7.i1.i6, i1 %trunc_ln115_44, i6 0" [firmware/nnet_utils/nnet_activation.h:115]   --->   Operation 326 'bitconcatenate' 'tmp_189' <Predicate = true> <Delay = 0.00>
ST_1 : Operation 327 [1/1] (2.03ns)   --->   "%icmp_ln115_44 = icmp_ne  i7 %tmp_189, i7 0" [firmware/nnet_utils/nnet_activation.h:115]   --->   Operation 327 'icmp' 'icmp_ln115_44' <Predicate = true> <Delay = 2.03> <CoreInst = "Cmp">   --->   Core 9 'Cmp' <Latency = 0> <II = 1> <Delay = 2.03> <FuncUnit> <Opcode : 'seteq' 'setne' 'setle' 'setge' 'setlt' 'setgt'> <InPorts = 2> <OutPorts = 1>
ST_1 : Operation 328 [1/1] (2.13ns)   --->   "%add_ln115_44 = add i13 %tmp_187, i13 1" [firmware/nnet_utils/nnet_activation.h:115]   --->   Operation 328 'add' 'add_ln115_44' <Predicate = true> <Delay = 2.13> <CoreInst = "Adder">   --->   Core 1 'Adder' <Latency = 0> <II = 1> <Delay = 2.13> <FuncUnit> <Opcode : 'add' 'sub'> <InPorts = 2> <OutPorts = 1>
ST_1 : Operation 329 [1/1] (0.00ns)   --->   "%tmp_194 = partselect i13 @_ssdm_op_PartSelect.i13.i14.i32.i32, i14 %data_45_val_read, i32 1, i32 13" [firmware/nnet_utils/nnet_activation.h:115]   --->   Operation 329 'partselect' 'tmp_194' <Predicate = true> <Delay = 0.00>
ST_1 : Operation 330 [1/1] (0.00ns)   --->   "%trunc_ln115_45 = trunc i14 %data_45_val_read" [firmware/nnet_utils/nnet_activation.h:115]   --->   Operation 330 'trunc' 'trunc_ln115_45' <Predicate = true> <Delay = 0.00>
ST_1 : Operation 331 [1/1] (0.00ns)   --->   "%tmp_197 = bitconcatenate i7 @_ssdm_op_BitConcatenate.i7.i1.i6, i1 %trunc_ln115_45, i6 0" [firmware/nnet_utils/nnet_activation.h:115]   --->   Operation 331 'bitconcatenate' 'tmp_197' <Predicate = true> <Delay = 0.00>
ST_1 : Operation 332 [1/1] (2.03ns)   --->   "%icmp_ln115_45 = icmp_ne  i7 %tmp_197, i7 0" [firmware/nnet_utils/nnet_activation.h:115]   --->   Operation 332 'icmp' 'icmp_ln115_45' <Predicate = true> <Delay = 2.03> <CoreInst = "Cmp">   --->   Core 9 'Cmp' <Latency = 0> <II = 1> <Delay = 2.03> <FuncUnit> <Opcode : 'seteq' 'setne' 'setle' 'setge' 'setlt' 'setgt'> <InPorts = 2> <OutPorts = 1>
ST_1 : Operation 333 [1/1] (2.13ns)   --->   "%add_ln115_45 = add i13 %tmp_194, i13 1" [firmware/nnet_utils/nnet_activation.h:115]   --->   Operation 333 'add' 'add_ln115_45' <Predicate = true> <Delay = 2.13> <CoreInst = "Adder">   --->   Core 1 'Adder' <Latency = 0> <II = 1> <Delay = 2.13> <FuncUnit> <Opcode : 'add' 'sub'> <InPorts = 2> <OutPorts = 1>
ST_1 : Operation 334 [1/1] (0.00ns)   --->   "%tmp_202 = partselect i13 @_ssdm_op_PartSelect.i13.i14.i32.i32, i14 %data_46_val_read, i32 1, i32 13" [firmware/nnet_utils/nnet_activation.h:115]   --->   Operation 334 'partselect' 'tmp_202' <Predicate = true> <Delay = 0.00>
ST_1 : Operation 335 [1/1] (0.00ns)   --->   "%trunc_ln115_46 = trunc i14 %data_46_val_read" [firmware/nnet_utils/nnet_activation.h:115]   --->   Operation 335 'trunc' 'trunc_ln115_46' <Predicate = true> <Delay = 0.00>
ST_1 : Operation 336 [1/1] (0.00ns)   --->   "%tmp_204 = bitconcatenate i7 @_ssdm_op_BitConcatenate.i7.i1.i6, i1 %trunc_ln115_46, i6 0" [firmware/nnet_utils/nnet_activation.h:115]   --->   Operation 336 'bitconcatenate' 'tmp_204' <Predicate = true> <Delay = 0.00>
ST_1 : Operation 337 [1/1] (2.03ns)   --->   "%icmp_ln115_46 = icmp_ne  i7 %tmp_204, i7 0" [firmware/nnet_utils/nnet_activation.h:115]   --->   Operation 337 'icmp' 'icmp_ln115_46' <Predicate = true> <Delay = 2.03> <CoreInst = "Cmp">   --->   Core 9 'Cmp' <Latency = 0> <II = 1> <Delay = 2.03> <FuncUnit> <Opcode : 'seteq' 'setne' 'setle' 'setge' 'setlt' 'setgt'> <InPorts = 2> <OutPorts = 1>
ST_1 : Operation 338 [1/1] (2.13ns)   --->   "%add_ln115_46 = add i13 %tmp_202, i13 1" [firmware/nnet_utils/nnet_activation.h:115]   --->   Operation 338 'add' 'add_ln115_46' <Predicate = true> <Delay = 2.13> <CoreInst = "Adder">   --->   Core 1 'Adder' <Latency = 0> <II = 1> <Delay = 2.13> <FuncUnit> <Opcode : 'add' 'sub'> <InPorts = 2> <OutPorts = 1>
ST_1 : Operation 339 [1/1] (0.00ns)   --->   "%tmp_209 = partselect i13 @_ssdm_op_PartSelect.i13.i14.i32.i32, i14 %data_47_val_read, i32 1, i32 13" [firmware/nnet_utils/nnet_activation.h:115]   --->   Operation 339 'partselect' 'tmp_209' <Predicate = true> <Delay = 0.00>
ST_1 : Operation 340 [1/1] (0.00ns)   --->   "%trunc_ln115_47 = trunc i14 %data_47_val_read" [firmware/nnet_utils/nnet_activation.h:115]   --->   Operation 340 'trunc' 'trunc_ln115_47' <Predicate = true> <Delay = 0.00>
ST_1 : Operation 341 [1/1] (0.00ns)   --->   "%tmp_212 = bitconcatenate i7 @_ssdm_op_BitConcatenate.i7.i1.i6, i1 %trunc_ln115_47, i6 0" [firmware/nnet_utils/nnet_activation.h:115]   --->   Operation 341 'bitconcatenate' 'tmp_212' <Predicate = true> <Delay = 0.00>
ST_1 : Operation 342 [1/1] (2.03ns)   --->   "%icmp_ln115_47 = icmp_ne  i7 %tmp_212, i7 0" [firmware/nnet_utils/nnet_activation.h:115]   --->   Operation 342 'icmp' 'icmp_ln115_47' <Predicate = true> <Delay = 2.03> <CoreInst = "Cmp">   --->   Core 9 'Cmp' <Latency = 0> <II = 1> <Delay = 2.03> <FuncUnit> <Opcode : 'seteq' 'setne' 'setle' 'setge' 'setlt' 'setgt'> <InPorts = 2> <OutPorts = 1>
ST_1 : Operation 343 [1/1] (2.13ns)   --->   "%add_ln115_47 = add i13 %tmp_209, i13 1" [firmware/nnet_utils/nnet_activation.h:115]   --->   Operation 343 'add' 'add_ln115_47' <Predicate = true> <Delay = 2.13> <CoreInst = "Adder">   --->   Core 1 'Adder' <Latency = 0> <II = 1> <Delay = 2.13> <FuncUnit> <Opcode : 'add' 'sub'> <InPorts = 2> <OutPorts = 1>
ST_1 : Operation 344 [1/1] (0.00ns)   --->   "%tmp_217 = partselect i13 @_ssdm_op_PartSelect.i13.i14.i32.i32, i14 %data_48_val_read, i32 1, i32 13" [firmware/nnet_utils/nnet_activation.h:115]   --->   Operation 344 'partselect' 'tmp_217' <Predicate = true> <Delay = 0.00>
ST_1 : Operation 345 [1/1] (0.00ns)   --->   "%trunc_ln115_48 = trunc i14 %data_48_val_read" [firmware/nnet_utils/nnet_activation.h:115]   --->   Operation 345 'trunc' 'trunc_ln115_48' <Predicate = true> <Delay = 0.00>
ST_1 : Operation 346 [1/1] (0.00ns)   --->   "%tmp_219 = bitconcatenate i7 @_ssdm_op_BitConcatenate.i7.i1.i6, i1 %trunc_ln115_48, i6 0" [firmware/nnet_utils/nnet_activation.h:115]   --->   Operation 346 'bitconcatenate' 'tmp_219' <Predicate = true> <Delay = 0.00>
ST_1 : Operation 347 [1/1] (2.03ns)   --->   "%icmp_ln115_48 = icmp_ne  i7 %tmp_219, i7 0" [firmware/nnet_utils/nnet_activation.h:115]   --->   Operation 347 'icmp' 'icmp_ln115_48' <Predicate = true> <Delay = 2.03> <CoreInst = "Cmp">   --->   Core 9 'Cmp' <Latency = 0> <II = 1> <Delay = 2.03> <FuncUnit> <Opcode : 'seteq' 'setne' 'setle' 'setge' 'setlt' 'setgt'> <InPorts = 2> <OutPorts = 1>
ST_1 : Operation 348 [1/1] (2.13ns)   --->   "%add_ln115_48 = add i13 %tmp_217, i13 1" [firmware/nnet_utils/nnet_activation.h:115]   --->   Operation 348 'add' 'add_ln115_48' <Predicate = true> <Delay = 2.13> <CoreInst = "Adder">   --->   Core 1 'Adder' <Latency = 0> <II = 1> <Delay = 2.13> <FuncUnit> <Opcode : 'add' 'sub'> <InPorts = 2> <OutPorts = 1>
ST_1 : Operation 349 [1/1] (0.00ns)   --->   "%tmp_224 = partselect i13 @_ssdm_op_PartSelect.i13.i14.i32.i32, i14 %data_49_val_read, i32 1, i32 13" [firmware/nnet_utils/nnet_activation.h:115]   --->   Operation 349 'partselect' 'tmp_224' <Predicate = true> <Delay = 0.00>
ST_1 : Operation 350 [1/1] (0.00ns)   --->   "%trunc_ln115_49 = trunc i14 %data_49_val_read" [firmware/nnet_utils/nnet_activation.h:115]   --->   Operation 350 'trunc' 'trunc_ln115_49' <Predicate = true> <Delay = 0.00>
ST_1 : Operation 351 [1/1] (0.00ns)   --->   "%tmp_227 = bitconcatenate i7 @_ssdm_op_BitConcatenate.i7.i1.i6, i1 %trunc_ln115_49, i6 0" [firmware/nnet_utils/nnet_activation.h:115]   --->   Operation 351 'bitconcatenate' 'tmp_227' <Predicate = true> <Delay = 0.00>
ST_1 : Operation 352 [1/1] (2.03ns)   --->   "%icmp_ln115_49 = icmp_ne  i7 %tmp_227, i7 0" [firmware/nnet_utils/nnet_activation.h:115]   --->   Operation 352 'icmp' 'icmp_ln115_49' <Predicate = true> <Delay = 2.03> <CoreInst = "Cmp">   --->   Core 9 'Cmp' <Latency = 0> <II = 1> <Delay = 2.03> <FuncUnit> <Opcode : 'seteq' 'setne' 'setle' 'setge' 'setlt' 'setgt'> <InPorts = 2> <OutPorts = 1>
ST_1 : Operation 353 [1/1] (2.13ns)   --->   "%add_ln115_49 = add i13 %tmp_224, i13 1" [firmware/nnet_utils/nnet_activation.h:115]   --->   Operation 353 'add' 'add_ln115_49' <Predicate = true> <Delay = 2.13> <CoreInst = "Adder">   --->   Core 1 'Adder' <Latency = 0> <II = 1> <Delay = 2.13> <FuncUnit> <Opcode : 'add' 'sub'> <InPorts = 2> <OutPorts = 1>
ST_1 : Operation 354 [1/1] (0.00ns)   --->   "%tmp_232 = partselect i13 @_ssdm_op_PartSelect.i13.i14.i32.i32, i14 %data_50_val_read, i32 1, i32 13" [firmware/nnet_utils/nnet_activation.h:115]   --->   Operation 354 'partselect' 'tmp_232' <Predicate = true> <Delay = 0.00>
ST_1 : Operation 355 [1/1] (0.00ns)   --->   "%trunc_ln115_50 = trunc i14 %data_50_val_read" [firmware/nnet_utils/nnet_activation.h:115]   --->   Operation 355 'trunc' 'trunc_ln115_50' <Predicate = true> <Delay = 0.00>
ST_1 : Operation 356 [1/1] (0.00ns)   --->   "%tmp_234 = bitconcatenate i7 @_ssdm_op_BitConcatenate.i7.i1.i6, i1 %trunc_ln115_50, i6 0" [firmware/nnet_utils/nnet_activation.h:115]   --->   Operation 356 'bitconcatenate' 'tmp_234' <Predicate = true> <Delay = 0.00>
ST_1 : Operation 357 [1/1] (2.03ns)   --->   "%icmp_ln115_50 = icmp_ne  i7 %tmp_234, i7 0" [firmware/nnet_utils/nnet_activation.h:115]   --->   Operation 357 'icmp' 'icmp_ln115_50' <Predicate = true> <Delay = 2.03> <CoreInst = "Cmp">   --->   Core 9 'Cmp' <Latency = 0> <II = 1> <Delay = 2.03> <FuncUnit> <Opcode : 'seteq' 'setne' 'setle' 'setge' 'setlt' 'setgt'> <InPorts = 2> <OutPorts = 1>
ST_1 : Operation 358 [1/1] (2.13ns)   --->   "%add_ln115_50 = add i13 %tmp_232, i13 1" [firmware/nnet_utils/nnet_activation.h:115]   --->   Operation 358 'add' 'add_ln115_50' <Predicate = true> <Delay = 2.13> <CoreInst = "Adder">   --->   Core 1 'Adder' <Latency = 0> <II = 1> <Delay = 2.13> <FuncUnit> <Opcode : 'add' 'sub'> <InPorts = 2> <OutPorts = 1>
ST_1 : Operation 359 [1/1] (0.00ns)   --->   "%tmp_239 = partselect i13 @_ssdm_op_PartSelect.i13.i14.i32.i32, i14 %data_51_val_read, i32 1, i32 13" [firmware/nnet_utils/nnet_activation.h:115]   --->   Operation 359 'partselect' 'tmp_239' <Predicate = true> <Delay = 0.00>
ST_1 : Operation 360 [1/1] (0.00ns)   --->   "%trunc_ln115_51 = trunc i14 %data_51_val_read" [firmware/nnet_utils/nnet_activation.h:115]   --->   Operation 360 'trunc' 'trunc_ln115_51' <Predicate = true> <Delay = 0.00>
ST_1 : Operation 361 [1/1] (0.00ns)   --->   "%tmp_242 = bitconcatenate i7 @_ssdm_op_BitConcatenate.i7.i1.i6, i1 %trunc_ln115_51, i6 0" [firmware/nnet_utils/nnet_activation.h:115]   --->   Operation 361 'bitconcatenate' 'tmp_242' <Predicate = true> <Delay = 0.00>
ST_1 : Operation 362 [1/1] (2.03ns)   --->   "%icmp_ln115_51 = icmp_ne  i7 %tmp_242, i7 0" [firmware/nnet_utils/nnet_activation.h:115]   --->   Operation 362 'icmp' 'icmp_ln115_51' <Predicate = true> <Delay = 2.03> <CoreInst = "Cmp">   --->   Core 9 'Cmp' <Latency = 0> <II = 1> <Delay = 2.03> <FuncUnit> <Opcode : 'seteq' 'setne' 'setle' 'setge' 'setlt' 'setgt'> <InPorts = 2> <OutPorts = 1>
ST_1 : Operation 363 [1/1] (2.13ns)   --->   "%add_ln115_51 = add i13 %tmp_239, i13 1" [firmware/nnet_utils/nnet_activation.h:115]   --->   Operation 363 'add' 'add_ln115_51' <Predicate = true> <Delay = 2.13> <CoreInst = "Adder">   --->   Core 1 'Adder' <Latency = 0> <II = 1> <Delay = 2.13> <FuncUnit> <Opcode : 'add' 'sub'> <InPorts = 2> <OutPorts = 1>
ST_1 : Operation 364 [1/1] (0.00ns)   --->   "%tmp_247 = partselect i13 @_ssdm_op_PartSelect.i13.i14.i32.i32, i14 %data_52_val_read, i32 1, i32 13" [firmware/nnet_utils/nnet_activation.h:115]   --->   Operation 364 'partselect' 'tmp_247' <Predicate = true> <Delay = 0.00>
ST_1 : Operation 365 [1/1] (0.00ns)   --->   "%trunc_ln115_52 = trunc i14 %data_52_val_read" [firmware/nnet_utils/nnet_activation.h:115]   --->   Operation 365 'trunc' 'trunc_ln115_52' <Predicate = true> <Delay = 0.00>
ST_1 : Operation 366 [1/1] (0.00ns)   --->   "%tmp_249 = bitconcatenate i7 @_ssdm_op_BitConcatenate.i7.i1.i6, i1 %trunc_ln115_52, i6 0" [firmware/nnet_utils/nnet_activation.h:115]   --->   Operation 366 'bitconcatenate' 'tmp_249' <Predicate = true> <Delay = 0.00>
ST_1 : Operation 367 [1/1] (2.03ns)   --->   "%icmp_ln115_52 = icmp_ne  i7 %tmp_249, i7 0" [firmware/nnet_utils/nnet_activation.h:115]   --->   Operation 367 'icmp' 'icmp_ln115_52' <Predicate = true> <Delay = 2.03> <CoreInst = "Cmp">   --->   Core 9 'Cmp' <Latency = 0> <II = 1> <Delay = 2.03> <FuncUnit> <Opcode : 'seteq' 'setne' 'setle' 'setge' 'setlt' 'setgt'> <InPorts = 2> <OutPorts = 1>
ST_1 : Operation 368 [1/1] (2.13ns)   --->   "%add_ln115_52 = add i13 %tmp_247, i13 1" [firmware/nnet_utils/nnet_activation.h:115]   --->   Operation 368 'add' 'add_ln115_52' <Predicate = true> <Delay = 2.13> <CoreInst = "Adder">   --->   Core 1 'Adder' <Latency = 0> <II = 1> <Delay = 2.13> <FuncUnit> <Opcode : 'add' 'sub'> <InPorts = 2> <OutPorts = 1>
ST_1 : Operation 369 [1/1] (0.00ns)   --->   "%tmp_254 = partselect i13 @_ssdm_op_PartSelect.i13.i14.i32.i32, i14 %data_53_val_read, i32 1, i32 13" [firmware/nnet_utils/nnet_activation.h:115]   --->   Operation 369 'partselect' 'tmp_254' <Predicate = true> <Delay = 0.00>
ST_1 : Operation 370 [1/1] (0.00ns)   --->   "%trunc_ln115_53 = trunc i14 %data_53_val_read" [firmware/nnet_utils/nnet_activation.h:115]   --->   Operation 370 'trunc' 'trunc_ln115_53' <Predicate = true> <Delay = 0.00>
ST_1 : Operation 371 [1/1] (0.00ns)   --->   "%tmp_257 = bitconcatenate i7 @_ssdm_op_BitConcatenate.i7.i1.i6, i1 %trunc_ln115_53, i6 0" [firmware/nnet_utils/nnet_activation.h:115]   --->   Operation 371 'bitconcatenate' 'tmp_257' <Predicate = true> <Delay = 0.00>
ST_1 : Operation 372 [1/1] (2.03ns)   --->   "%icmp_ln115_53 = icmp_ne  i7 %tmp_257, i7 0" [firmware/nnet_utils/nnet_activation.h:115]   --->   Operation 372 'icmp' 'icmp_ln115_53' <Predicate = true> <Delay = 2.03> <CoreInst = "Cmp">   --->   Core 9 'Cmp' <Latency = 0> <II = 1> <Delay = 2.03> <FuncUnit> <Opcode : 'seteq' 'setne' 'setle' 'setge' 'setlt' 'setgt'> <InPorts = 2> <OutPorts = 1>
ST_1 : Operation 373 [1/1] (2.13ns)   --->   "%add_ln115_53 = add i13 %tmp_254, i13 1" [firmware/nnet_utils/nnet_activation.h:115]   --->   Operation 373 'add' 'add_ln115_53' <Predicate = true> <Delay = 2.13> <CoreInst = "Adder">   --->   Core 1 'Adder' <Latency = 0> <II = 1> <Delay = 2.13> <FuncUnit> <Opcode : 'add' 'sub'> <InPorts = 2> <OutPorts = 1>
ST_1 : Operation 374 [1/1] (0.00ns)   --->   "%tmp_262 = partselect i13 @_ssdm_op_PartSelect.i13.i14.i32.i32, i14 %data_54_val_read, i32 1, i32 13" [firmware/nnet_utils/nnet_activation.h:115]   --->   Operation 374 'partselect' 'tmp_262' <Predicate = true> <Delay = 0.00>
ST_1 : Operation 375 [1/1] (0.00ns)   --->   "%trunc_ln115_54 = trunc i14 %data_54_val_read" [firmware/nnet_utils/nnet_activation.h:115]   --->   Operation 375 'trunc' 'trunc_ln115_54' <Predicate = true> <Delay = 0.00>
ST_1 : Operation 376 [1/1] (0.00ns)   --->   "%tmp_264 = bitconcatenate i7 @_ssdm_op_BitConcatenate.i7.i1.i6, i1 %trunc_ln115_54, i6 0" [firmware/nnet_utils/nnet_activation.h:115]   --->   Operation 376 'bitconcatenate' 'tmp_264' <Predicate = true> <Delay = 0.00>
ST_1 : Operation 377 [1/1] (2.03ns)   --->   "%icmp_ln115_54 = icmp_ne  i7 %tmp_264, i7 0" [firmware/nnet_utils/nnet_activation.h:115]   --->   Operation 377 'icmp' 'icmp_ln115_54' <Predicate = true> <Delay = 2.03> <CoreInst = "Cmp">   --->   Core 9 'Cmp' <Latency = 0> <II = 1> <Delay = 2.03> <FuncUnit> <Opcode : 'seteq' 'setne' 'setle' 'setge' 'setlt' 'setgt'> <InPorts = 2> <OutPorts = 1>
ST_1 : Operation 378 [1/1] (2.13ns)   --->   "%add_ln115_54 = add i13 %tmp_262, i13 1" [firmware/nnet_utils/nnet_activation.h:115]   --->   Operation 378 'add' 'add_ln115_54' <Predicate = true> <Delay = 2.13> <CoreInst = "Adder">   --->   Core 1 'Adder' <Latency = 0> <II = 1> <Delay = 2.13> <FuncUnit> <Opcode : 'add' 'sub'> <InPorts = 2> <OutPorts = 1>
ST_1 : Operation 379 [1/1] (0.00ns)   --->   "%tmp_269 = partselect i13 @_ssdm_op_PartSelect.i13.i14.i32.i32, i14 %data_55_val_read, i32 1, i32 13" [firmware/nnet_utils/nnet_activation.h:115]   --->   Operation 379 'partselect' 'tmp_269' <Predicate = true> <Delay = 0.00>
ST_1 : Operation 380 [1/1] (0.00ns)   --->   "%trunc_ln115_55 = trunc i14 %data_55_val_read" [firmware/nnet_utils/nnet_activation.h:115]   --->   Operation 380 'trunc' 'trunc_ln115_55' <Predicate = true> <Delay = 0.00>
ST_1 : Operation 381 [1/1] (0.00ns)   --->   "%tmp_272 = bitconcatenate i7 @_ssdm_op_BitConcatenate.i7.i1.i6, i1 %trunc_ln115_55, i6 0" [firmware/nnet_utils/nnet_activation.h:115]   --->   Operation 381 'bitconcatenate' 'tmp_272' <Predicate = true> <Delay = 0.00>
ST_1 : Operation 382 [1/1] (2.03ns)   --->   "%icmp_ln115_55 = icmp_ne  i7 %tmp_272, i7 0" [firmware/nnet_utils/nnet_activation.h:115]   --->   Operation 382 'icmp' 'icmp_ln115_55' <Predicate = true> <Delay = 2.03> <CoreInst = "Cmp">   --->   Core 9 'Cmp' <Latency = 0> <II = 1> <Delay = 2.03> <FuncUnit> <Opcode : 'seteq' 'setne' 'setle' 'setge' 'setlt' 'setgt'> <InPorts = 2> <OutPorts = 1>
ST_1 : Operation 383 [1/1] (2.13ns)   --->   "%add_ln115_55 = add i13 %tmp_269, i13 1" [firmware/nnet_utils/nnet_activation.h:115]   --->   Operation 383 'add' 'add_ln115_55' <Predicate = true> <Delay = 2.13> <CoreInst = "Adder">   --->   Core 1 'Adder' <Latency = 0> <II = 1> <Delay = 2.13> <FuncUnit> <Opcode : 'add' 'sub'> <InPorts = 2> <OutPorts = 1>
ST_1 : Operation 384 [1/1] (0.00ns)   --->   "%tmp_277 = partselect i13 @_ssdm_op_PartSelect.i13.i14.i32.i32, i14 %data_56_val_read, i32 1, i32 13" [firmware/nnet_utils/nnet_activation.h:115]   --->   Operation 384 'partselect' 'tmp_277' <Predicate = true> <Delay = 0.00>
ST_1 : Operation 385 [1/1] (0.00ns)   --->   "%trunc_ln115_56 = trunc i14 %data_56_val_read" [firmware/nnet_utils/nnet_activation.h:115]   --->   Operation 385 'trunc' 'trunc_ln115_56' <Predicate = true> <Delay = 0.00>
ST_1 : Operation 386 [1/1] (0.00ns)   --->   "%tmp_279 = bitconcatenate i7 @_ssdm_op_BitConcatenate.i7.i1.i6, i1 %trunc_ln115_56, i6 0" [firmware/nnet_utils/nnet_activation.h:115]   --->   Operation 386 'bitconcatenate' 'tmp_279' <Predicate = true> <Delay = 0.00>
ST_1 : Operation 387 [1/1] (2.03ns)   --->   "%icmp_ln115_56 = icmp_ne  i7 %tmp_279, i7 0" [firmware/nnet_utils/nnet_activation.h:115]   --->   Operation 387 'icmp' 'icmp_ln115_56' <Predicate = true> <Delay = 2.03> <CoreInst = "Cmp">   --->   Core 9 'Cmp' <Latency = 0> <II = 1> <Delay = 2.03> <FuncUnit> <Opcode : 'seteq' 'setne' 'setle' 'setge' 'setlt' 'setgt'> <InPorts = 2> <OutPorts = 1>
ST_1 : Operation 388 [1/1] (2.13ns)   --->   "%add_ln115_56 = add i13 %tmp_277, i13 1" [firmware/nnet_utils/nnet_activation.h:115]   --->   Operation 388 'add' 'add_ln115_56' <Predicate = true> <Delay = 2.13> <CoreInst = "Adder">   --->   Core 1 'Adder' <Latency = 0> <II = 1> <Delay = 2.13> <FuncUnit> <Opcode : 'add' 'sub'> <InPorts = 2> <OutPorts = 1>
ST_1 : Operation 389 [1/1] (0.00ns)   --->   "%tmp_284 = partselect i13 @_ssdm_op_PartSelect.i13.i14.i32.i32, i14 %data_57_val_read, i32 1, i32 13" [firmware/nnet_utils/nnet_activation.h:115]   --->   Operation 389 'partselect' 'tmp_284' <Predicate = true> <Delay = 0.00>
ST_1 : Operation 390 [1/1] (0.00ns)   --->   "%trunc_ln115_57 = trunc i14 %data_57_val_read" [firmware/nnet_utils/nnet_activation.h:115]   --->   Operation 390 'trunc' 'trunc_ln115_57' <Predicate = true> <Delay = 0.00>
ST_1 : Operation 391 [1/1] (0.00ns)   --->   "%tmp_287 = bitconcatenate i7 @_ssdm_op_BitConcatenate.i7.i1.i6, i1 %trunc_ln115_57, i6 0" [firmware/nnet_utils/nnet_activation.h:115]   --->   Operation 391 'bitconcatenate' 'tmp_287' <Predicate = true> <Delay = 0.00>
ST_1 : Operation 392 [1/1] (2.03ns)   --->   "%icmp_ln115_57 = icmp_ne  i7 %tmp_287, i7 0" [firmware/nnet_utils/nnet_activation.h:115]   --->   Operation 392 'icmp' 'icmp_ln115_57' <Predicate = true> <Delay = 2.03> <CoreInst = "Cmp">   --->   Core 9 'Cmp' <Latency = 0> <II = 1> <Delay = 2.03> <FuncUnit> <Opcode : 'seteq' 'setne' 'setle' 'setge' 'setlt' 'setgt'> <InPorts = 2> <OutPorts = 1>
ST_1 : Operation 393 [1/1] (2.13ns)   --->   "%add_ln115_57 = add i13 %tmp_284, i13 1" [firmware/nnet_utils/nnet_activation.h:115]   --->   Operation 393 'add' 'add_ln115_57' <Predicate = true> <Delay = 2.13> <CoreInst = "Adder">   --->   Core 1 'Adder' <Latency = 0> <II = 1> <Delay = 2.13> <FuncUnit> <Opcode : 'add' 'sub'> <InPorts = 2> <OutPorts = 1>
ST_1 : Operation 394 [1/1] (0.00ns)   --->   "%tmp_289 = partselect i13 @_ssdm_op_PartSelect.i13.i14.i32.i32, i14 %data_58_val_read, i32 1, i32 13" [firmware/nnet_utils/nnet_activation.h:115]   --->   Operation 394 'partselect' 'tmp_289' <Predicate = true> <Delay = 0.00>
ST_1 : Operation 395 [1/1] (0.00ns)   --->   "%trunc_ln115_58 = trunc i14 %data_58_val_read" [firmware/nnet_utils/nnet_activation.h:115]   --->   Operation 395 'trunc' 'trunc_ln115_58' <Predicate = true> <Delay = 0.00>
ST_1 : Operation 396 [1/1] (0.00ns)   --->   "%tmp_292 = bitconcatenate i7 @_ssdm_op_BitConcatenate.i7.i1.i6, i1 %trunc_ln115_58, i6 0" [firmware/nnet_utils/nnet_activation.h:115]   --->   Operation 396 'bitconcatenate' 'tmp_292' <Predicate = true> <Delay = 0.00>
ST_1 : Operation 397 [1/1] (2.03ns)   --->   "%icmp_ln115_58 = icmp_ne  i7 %tmp_292, i7 0" [firmware/nnet_utils/nnet_activation.h:115]   --->   Operation 397 'icmp' 'icmp_ln115_58' <Predicate = true> <Delay = 2.03> <CoreInst = "Cmp">   --->   Core 9 'Cmp' <Latency = 0> <II = 1> <Delay = 2.03> <FuncUnit> <Opcode : 'seteq' 'setne' 'setle' 'setge' 'setlt' 'setgt'> <InPorts = 2> <OutPorts = 1>
ST_1 : Operation 398 [1/1] (2.13ns)   --->   "%add_ln115_58 = add i13 %tmp_289, i13 1" [firmware/nnet_utils/nnet_activation.h:115]   --->   Operation 398 'add' 'add_ln115_58' <Predicate = true> <Delay = 2.13> <CoreInst = "Adder">   --->   Core 1 'Adder' <Latency = 0> <II = 1> <Delay = 2.13> <FuncUnit> <Opcode : 'add' 'sub'> <InPorts = 2> <OutPorts = 1>
ST_1 : Operation 399 [1/1] (0.00ns)   --->   "%tmp_294 = partselect i13 @_ssdm_op_PartSelect.i13.i14.i32.i32, i14 %data_59_val_read, i32 1, i32 13" [firmware/nnet_utils/nnet_activation.h:115]   --->   Operation 399 'partselect' 'tmp_294' <Predicate = true> <Delay = 0.00>
ST_1 : Operation 400 [1/1] (0.00ns)   --->   "%trunc_ln115_59 = trunc i14 %data_59_val_read" [firmware/nnet_utils/nnet_activation.h:115]   --->   Operation 400 'trunc' 'trunc_ln115_59' <Predicate = true> <Delay = 0.00>
ST_1 : Operation 401 [1/1] (0.00ns)   --->   "%tmp_297 = bitconcatenate i7 @_ssdm_op_BitConcatenate.i7.i1.i6, i1 %trunc_ln115_59, i6 0" [firmware/nnet_utils/nnet_activation.h:115]   --->   Operation 401 'bitconcatenate' 'tmp_297' <Predicate = true> <Delay = 0.00>
ST_1 : Operation 402 [1/1] (2.03ns)   --->   "%icmp_ln115_59 = icmp_ne  i7 %tmp_297, i7 0" [firmware/nnet_utils/nnet_activation.h:115]   --->   Operation 402 'icmp' 'icmp_ln115_59' <Predicate = true> <Delay = 2.03> <CoreInst = "Cmp">   --->   Core 9 'Cmp' <Latency = 0> <II = 1> <Delay = 2.03> <FuncUnit> <Opcode : 'seteq' 'setne' 'setle' 'setge' 'setlt' 'setgt'> <InPorts = 2> <OutPorts = 1>
ST_1 : Operation 403 [1/1] (2.13ns)   --->   "%add_ln115_59 = add i13 %tmp_294, i13 1" [firmware/nnet_utils/nnet_activation.h:115]   --->   Operation 403 'add' 'add_ln115_59' <Predicate = true> <Delay = 2.13> <CoreInst = "Adder">   --->   Core 1 'Adder' <Latency = 0> <II = 1> <Delay = 2.13> <FuncUnit> <Opcode : 'add' 'sub'> <InPorts = 2> <OutPorts = 1>
ST_1 : Operation 404 [1/1] (0.00ns)   --->   "%tmp_299 = partselect i13 @_ssdm_op_PartSelect.i13.i14.i32.i32, i14 %data_60_val_read, i32 1, i32 13" [firmware/nnet_utils/nnet_activation.h:115]   --->   Operation 404 'partselect' 'tmp_299' <Predicate = true> <Delay = 0.00>
ST_1 : Operation 405 [1/1] (0.00ns)   --->   "%trunc_ln115_60 = trunc i14 %data_60_val_read" [firmware/nnet_utils/nnet_activation.h:115]   --->   Operation 405 'trunc' 'trunc_ln115_60' <Predicate = true> <Delay = 0.00>
ST_1 : Operation 406 [1/1] (0.00ns)   --->   "%tmp_302 = bitconcatenate i7 @_ssdm_op_BitConcatenate.i7.i1.i6, i1 %trunc_ln115_60, i6 0" [firmware/nnet_utils/nnet_activation.h:115]   --->   Operation 406 'bitconcatenate' 'tmp_302' <Predicate = true> <Delay = 0.00>
ST_1 : Operation 407 [1/1] (2.03ns)   --->   "%icmp_ln115_60 = icmp_ne  i7 %tmp_302, i7 0" [firmware/nnet_utils/nnet_activation.h:115]   --->   Operation 407 'icmp' 'icmp_ln115_60' <Predicate = true> <Delay = 2.03> <CoreInst = "Cmp">   --->   Core 9 'Cmp' <Latency = 0> <II = 1> <Delay = 2.03> <FuncUnit> <Opcode : 'seteq' 'setne' 'setle' 'setge' 'setlt' 'setgt'> <InPorts = 2> <OutPorts = 1>
ST_1 : Operation 408 [1/1] (2.13ns)   --->   "%add_ln115_60 = add i13 %tmp_299, i13 1" [firmware/nnet_utils/nnet_activation.h:115]   --->   Operation 408 'add' 'add_ln115_60' <Predicate = true> <Delay = 2.13> <CoreInst = "Adder">   --->   Core 1 'Adder' <Latency = 0> <II = 1> <Delay = 2.13> <FuncUnit> <Opcode : 'add' 'sub'> <InPorts = 2> <OutPorts = 1>
ST_1 : Operation 409 [1/1] (0.00ns)   --->   "%tmp_304 = partselect i13 @_ssdm_op_PartSelect.i13.i14.i32.i32, i14 %data_61_val_read, i32 1, i32 13" [firmware/nnet_utils/nnet_activation.h:115]   --->   Operation 409 'partselect' 'tmp_304' <Predicate = true> <Delay = 0.00>
ST_1 : Operation 410 [1/1] (0.00ns)   --->   "%trunc_ln115_61 = trunc i14 %data_61_val_read" [firmware/nnet_utils/nnet_activation.h:115]   --->   Operation 410 'trunc' 'trunc_ln115_61' <Predicate = true> <Delay = 0.00>
ST_1 : Operation 411 [1/1] (0.00ns)   --->   "%tmp_307 = bitconcatenate i7 @_ssdm_op_BitConcatenate.i7.i1.i6, i1 %trunc_ln115_61, i6 0" [firmware/nnet_utils/nnet_activation.h:115]   --->   Operation 411 'bitconcatenate' 'tmp_307' <Predicate = true> <Delay = 0.00>
ST_1 : Operation 412 [1/1] (2.03ns)   --->   "%icmp_ln115_61 = icmp_ne  i7 %tmp_307, i7 0" [firmware/nnet_utils/nnet_activation.h:115]   --->   Operation 412 'icmp' 'icmp_ln115_61' <Predicate = true> <Delay = 2.03> <CoreInst = "Cmp">   --->   Core 9 'Cmp' <Latency = 0> <II = 1> <Delay = 2.03> <FuncUnit> <Opcode : 'seteq' 'setne' 'setle' 'setge' 'setlt' 'setgt'> <InPorts = 2> <OutPorts = 1>
ST_1 : Operation 413 [1/1] (2.13ns)   --->   "%add_ln115_61 = add i13 %tmp_304, i13 1" [firmware/nnet_utils/nnet_activation.h:115]   --->   Operation 413 'add' 'add_ln115_61' <Predicate = true> <Delay = 2.13> <CoreInst = "Adder">   --->   Core 1 'Adder' <Latency = 0> <II = 1> <Delay = 2.13> <FuncUnit> <Opcode : 'add' 'sub'> <InPorts = 2> <OutPorts = 1>
ST_1 : Operation 414 [1/1] (0.00ns)   --->   "%tmp_309 = partselect i13 @_ssdm_op_PartSelect.i13.i14.i32.i32, i14 %data_62_val_read, i32 1, i32 13" [firmware/nnet_utils/nnet_activation.h:115]   --->   Operation 414 'partselect' 'tmp_309' <Predicate = true> <Delay = 0.00>
ST_1 : Operation 415 [1/1] (0.00ns)   --->   "%trunc_ln115_62 = trunc i14 %data_62_val_read" [firmware/nnet_utils/nnet_activation.h:115]   --->   Operation 415 'trunc' 'trunc_ln115_62' <Predicate = true> <Delay = 0.00>
ST_1 : Operation 416 [1/1] (0.00ns)   --->   "%tmp_312 = bitconcatenate i7 @_ssdm_op_BitConcatenate.i7.i1.i6, i1 %trunc_ln115_62, i6 0" [firmware/nnet_utils/nnet_activation.h:115]   --->   Operation 416 'bitconcatenate' 'tmp_312' <Predicate = true> <Delay = 0.00>
ST_1 : Operation 417 [1/1] (2.03ns)   --->   "%icmp_ln115_62 = icmp_ne  i7 %tmp_312, i7 0" [firmware/nnet_utils/nnet_activation.h:115]   --->   Operation 417 'icmp' 'icmp_ln115_62' <Predicate = true> <Delay = 2.03> <CoreInst = "Cmp">   --->   Core 9 'Cmp' <Latency = 0> <II = 1> <Delay = 2.03> <FuncUnit> <Opcode : 'seteq' 'setne' 'setle' 'setge' 'setlt' 'setgt'> <InPorts = 2> <OutPorts = 1>
ST_1 : Operation 418 [1/1] (2.13ns)   --->   "%add_ln115_62 = add i13 %tmp_309, i13 1" [firmware/nnet_utils/nnet_activation.h:115]   --->   Operation 418 'add' 'add_ln115_62' <Predicate = true> <Delay = 2.13> <CoreInst = "Adder">   --->   Core 1 'Adder' <Latency = 0> <II = 1> <Delay = 2.13> <FuncUnit> <Opcode : 'add' 'sub'> <InPorts = 2> <OutPorts = 1>
ST_1 : Operation 419 [1/1] (0.00ns)   --->   "%tmp_314 = partselect i13 @_ssdm_op_PartSelect.i13.i14.i32.i32, i14 %data_63_val_read, i32 1, i32 13" [firmware/nnet_utils/nnet_activation.h:115]   --->   Operation 419 'partselect' 'tmp_314' <Predicate = true> <Delay = 0.00>
ST_1 : Operation 420 [1/1] (0.00ns)   --->   "%trunc_ln115_63 = trunc i14 %data_63_val_read" [firmware/nnet_utils/nnet_activation.h:115]   --->   Operation 420 'trunc' 'trunc_ln115_63' <Predicate = true> <Delay = 0.00>
ST_1 : Operation 421 [1/1] (0.00ns)   --->   "%tmp_317 = bitconcatenate i7 @_ssdm_op_BitConcatenate.i7.i1.i6, i1 %trunc_ln115_63, i6 0" [firmware/nnet_utils/nnet_activation.h:115]   --->   Operation 421 'bitconcatenate' 'tmp_317' <Predicate = true> <Delay = 0.00>
ST_1 : Operation 422 [1/1] (2.03ns)   --->   "%icmp_ln115_63 = icmp_ne  i7 %tmp_317, i7 0" [firmware/nnet_utils/nnet_activation.h:115]   --->   Operation 422 'icmp' 'icmp_ln115_63' <Predicate = true> <Delay = 2.03> <CoreInst = "Cmp">   --->   Core 9 'Cmp' <Latency = 0> <II = 1> <Delay = 2.03> <FuncUnit> <Opcode : 'seteq' 'setne' 'setle' 'setge' 'setlt' 'setgt'> <InPorts = 2> <OutPorts = 1>
ST_1 : Operation 423 [1/1] (2.13ns)   --->   "%add_ln115_63 = add i13 %tmp_314, i13 1" [firmware/nnet_utils/nnet_activation.h:115]   --->   Operation 423 'add' 'add_ln115_63' <Predicate = true> <Delay = 2.13> <CoreInst = "Adder">   --->   Core 1 'Adder' <Latency = 0> <II = 1> <Delay = 2.13> <FuncUnit> <Opcode : 'add' 'sub'> <InPorts = 2> <OutPorts = 1>
ST_1 : Operation 424 [1/1] (0.00ns)   --->   "%tmp_319 = partselect i13 @_ssdm_op_PartSelect.i13.i14.i32.i32, i14 %data_64_val_read, i32 1, i32 13" [firmware/nnet_utils/nnet_activation.h:115]   --->   Operation 424 'partselect' 'tmp_319' <Predicate = true> <Delay = 0.00>
ST_1 : Operation 425 [1/1] (0.00ns)   --->   "%trunc_ln115_64 = trunc i14 %data_64_val_read" [firmware/nnet_utils/nnet_activation.h:115]   --->   Operation 425 'trunc' 'trunc_ln115_64' <Predicate = true> <Delay = 0.00>
ST_1 : Operation 426 [1/1] (0.00ns)   --->   "%tmp_322 = bitconcatenate i7 @_ssdm_op_BitConcatenate.i7.i1.i6, i1 %trunc_ln115_64, i6 0" [firmware/nnet_utils/nnet_activation.h:115]   --->   Operation 426 'bitconcatenate' 'tmp_322' <Predicate = true> <Delay = 0.00>
ST_1 : Operation 427 [1/1] (2.03ns)   --->   "%icmp_ln115_64 = icmp_ne  i7 %tmp_322, i7 0" [firmware/nnet_utils/nnet_activation.h:115]   --->   Operation 427 'icmp' 'icmp_ln115_64' <Predicate = true> <Delay = 2.03> <CoreInst = "Cmp">   --->   Core 9 'Cmp' <Latency = 0> <II = 1> <Delay = 2.03> <FuncUnit> <Opcode : 'seteq' 'setne' 'setle' 'setge' 'setlt' 'setgt'> <InPorts = 2> <OutPorts = 1>
ST_1 : Operation 428 [1/1] (2.13ns)   --->   "%add_ln115_64 = add i13 %tmp_319, i13 1" [firmware/nnet_utils/nnet_activation.h:115]   --->   Operation 428 'add' 'add_ln115_64' <Predicate = true> <Delay = 2.13> <CoreInst = "Adder">   --->   Core 1 'Adder' <Latency = 0> <II = 1> <Delay = 2.13> <FuncUnit> <Opcode : 'add' 'sub'> <InPorts = 2> <OutPorts = 1>
ST_1 : Operation 429 [1/1] (0.00ns)   --->   "%tmp_324 = partselect i13 @_ssdm_op_PartSelect.i13.i14.i32.i32, i14 %data_65_val_read, i32 1, i32 13" [firmware/nnet_utils/nnet_activation.h:115]   --->   Operation 429 'partselect' 'tmp_324' <Predicate = true> <Delay = 0.00>
ST_1 : Operation 430 [1/1] (0.00ns)   --->   "%trunc_ln115_65 = trunc i14 %data_65_val_read" [firmware/nnet_utils/nnet_activation.h:115]   --->   Operation 430 'trunc' 'trunc_ln115_65' <Predicate = true> <Delay = 0.00>
ST_1 : Operation 431 [1/1] (0.00ns)   --->   "%tmp_327 = bitconcatenate i7 @_ssdm_op_BitConcatenate.i7.i1.i6, i1 %trunc_ln115_65, i6 0" [firmware/nnet_utils/nnet_activation.h:115]   --->   Operation 431 'bitconcatenate' 'tmp_327' <Predicate = true> <Delay = 0.00>
ST_1 : Operation 432 [1/1] (2.03ns)   --->   "%icmp_ln115_65 = icmp_ne  i7 %tmp_327, i7 0" [firmware/nnet_utils/nnet_activation.h:115]   --->   Operation 432 'icmp' 'icmp_ln115_65' <Predicate = true> <Delay = 2.03> <CoreInst = "Cmp">   --->   Core 9 'Cmp' <Latency = 0> <II = 1> <Delay = 2.03> <FuncUnit> <Opcode : 'seteq' 'setne' 'setle' 'setge' 'setlt' 'setgt'> <InPorts = 2> <OutPorts = 1>
ST_1 : Operation 433 [1/1] (2.13ns)   --->   "%add_ln115_65 = add i13 %tmp_324, i13 1" [firmware/nnet_utils/nnet_activation.h:115]   --->   Operation 433 'add' 'add_ln115_65' <Predicate = true> <Delay = 2.13> <CoreInst = "Adder">   --->   Core 1 'Adder' <Latency = 0> <II = 1> <Delay = 2.13> <FuncUnit> <Opcode : 'add' 'sub'> <InPorts = 2> <OutPorts = 1>
ST_1 : Operation 434 [1/1] (0.00ns)   --->   "%tmp_329 = partselect i13 @_ssdm_op_PartSelect.i13.i14.i32.i32, i14 %data_66_val_read, i32 1, i32 13" [firmware/nnet_utils/nnet_activation.h:115]   --->   Operation 434 'partselect' 'tmp_329' <Predicate = true> <Delay = 0.00>
ST_1 : Operation 435 [1/1] (0.00ns)   --->   "%trunc_ln115_66 = trunc i14 %data_66_val_read" [firmware/nnet_utils/nnet_activation.h:115]   --->   Operation 435 'trunc' 'trunc_ln115_66' <Predicate = true> <Delay = 0.00>
ST_1 : Operation 436 [1/1] (0.00ns)   --->   "%tmp_332 = bitconcatenate i7 @_ssdm_op_BitConcatenate.i7.i1.i6, i1 %trunc_ln115_66, i6 0" [firmware/nnet_utils/nnet_activation.h:115]   --->   Operation 436 'bitconcatenate' 'tmp_332' <Predicate = true> <Delay = 0.00>
ST_1 : Operation 437 [1/1] (2.03ns)   --->   "%icmp_ln115_66 = icmp_ne  i7 %tmp_332, i7 0" [firmware/nnet_utils/nnet_activation.h:115]   --->   Operation 437 'icmp' 'icmp_ln115_66' <Predicate = true> <Delay = 2.03> <CoreInst = "Cmp">   --->   Core 9 'Cmp' <Latency = 0> <II = 1> <Delay = 2.03> <FuncUnit> <Opcode : 'seteq' 'setne' 'setle' 'setge' 'setlt' 'setgt'> <InPorts = 2> <OutPorts = 1>
ST_1 : Operation 438 [1/1] (2.13ns)   --->   "%add_ln115_66 = add i13 %tmp_329, i13 1" [firmware/nnet_utils/nnet_activation.h:115]   --->   Operation 438 'add' 'add_ln115_66' <Predicate = true> <Delay = 2.13> <CoreInst = "Adder">   --->   Core 1 'Adder' <Latency = 0> <II = 1> <Delay = 2.13> <FuncUnit> <Opcode : 'add' 'sub'> <InPorts = 2> <OutPorts = 1>
ST_1 : Operation 439 [1/1] (0.00ns)   --->   "%tmp_334 = partselect i13 @_ssdm_op_PartSelect.i13.i14.i32.i32, i14 %data_67_val_read, i32 1, i32 13" [firmware/nnet_utils/nnet_activation.h:115]   --->   Operation 439 'partselect' 'tmp_334' <Predicate = true> <Delay = 0.00>
ST_1 : Operation 440 [1/1] (0.00ns)   --->   "%trunc_ln115_67 = trunc i14 %data_67_val_read" [firmware/nnet_utils/nnet_activation.h:115]   --->   Operation 440 'trunc' 'trunc_ln115_67' <Predicate = true> <Delay = 0.00>
ST_1 : Operation 441 [1/1] (0.00ns)   --->   "%tmp_337 = bitconcatenate i7 @_ssdm_op_BitConcatenate.i7.i1.i6, i1 %trunc_ln115_67, i6 0" [firmware/nnet_utils/nnet_activation.h:115]   --->   Operation 441 'bitconcatenate' 'tmp_337' <Predicate = true> <Delay = 0.00>
ST_1 : Operation 442 [1/1] (2.03ns)   --->   "%icmp_ln115_67 = icmp_ne  i7 %tmp_337, i7 0" [firmware/nnet_utils/nnet_activation.h:115]   --->   Operation 442 'icmp' 'icmp_ln115_67' <Predicate = true> <Delay = 2.03> <CoreInst = "Cmp">   --->   Core 9 'Cmp' <Latency = 0> <II = 1> <Delay = 2.03> <FuncUnit> <Opcode : 'seteq' 'setne' 'setle' 'setge' 'setlt' 'setgt'> <InPorts = 2> <OutPorts = 1>
ST_1 : Operation 443 [1/1] (2.13ns)   --->   "%add_ln115_67 = add i13 %tmp_334, i13 1" [firmware/nnet_utils/nnet_activation.h:115]   --->   Operation 443 'add' 'add_ln115_67' <Predicate = true> <Delay = 2.13> <CoreInst = "Adder">   --->   Core 1 'Adder' <Latency = 0> <II = 1> <Delay = 2.13> <FuncUnit> <Opcode : 'add' 'sub'> <InPorts = 2> <OutPorts = 1>
ST_1 : Operation 444 [1/1] (0.00ns)   --->   "%tmp_339 = partselect i13 @_ssdm_op_PartSelect.i13.i14.i32.i32, i14 %data_68_val_read, i32 1, i32 13" [firmware/nnet_utils/nnet_activation.h:115]   --->   Operation 444 'partselect' 'tmp_339' <Predicate = true> <Delay = 0.00>
ST_1 : Operation 445 [1/1] (0.00ns)   --->   "%trunc_ln115_68 = trunc i14 %data_68_val_read" [firmware/nnet_utils/nnet_activation.h:115]   --->   Operation 445 'trunc' 'trunc_ln115_68' <Predicate = true> <Delay = 0.00>
ST_1 : Operation 446 [1/1] (0.00ns)   --->   "%tmp_342 = bitconcatenate i7 @_ssdm_op_BitConcatenate.i7.i1.i6, i1 %trunc_ln115_68, i6 0" [firmware/nnet_utils/nnet_activation.h:115]   --->   Operation 446 'bitconcatenate' 'tmp_342' <Predicate = true> <Delay = 0.00>
ST_1 : Operation 447 [1/1] (2.03ns)   --->   "%icmp_ln115_68 = icmp_ne  i7 %tmp_342, i7 0" [firmware/nnet_utils/nnet_activation.h:115]   --->   Operation 447 'icmp' 'icmp_ln115_68' <Predicate = true> <Delay = 2.03> <CoreInst = "Cmp">   --->   Core 9 'Cmp' <Latency = 0> <II = 1> <Delay = 2.03> <FuncUnit> <Opcode : 'seteq' 'setne' 'setle' 'setge' 'setlt' 'setgt'> <InPorts = 2> <OutPorts = 1>
ST_1 : Operation 448 [1/1] (2.13ns)   --->   "%add_ln115_68 = add i13 %tmp_339, i13 1" [firmware/nnet_utils/nnet_activation.h:115]   --->   Operation 448 'add' 'add_ln115_68' <Predicate = true> <Delay = 2.13> <CoreInst = "Adder">   --->   Core 1 'Adder' <Latency = 0> <II = 1> <Delay = 2.13> <FuncUnit> <Opcode : 'add' 'sub'> <InPorts = 2> <OutPorts = 1>
ST_1 : Operation 449 [1/1] (0.00ns)   --->   "%tmp_344 = partselect i13 @_ssdm_op_PartSelect.i13.i14.i32.i32, i14 %data_69_val_read, i32 1, i32 13" [firmware/nnet_utils/nnet_activation.h:115]   --->   Operation 449 'partselect' 'tmp_344' <Predicate = true> <Delay = 0.00>
ST_1 : Operation 450 [1/1] (0.00ns)   --->   "%trunc_ln115_69 = trunc i14 %data_69_val_read" [firmware/nnet_utils/nnet_activation.h:115]   --->   Operation 450 'trunc' 'trunc_ln115_69' <Predicate = true> <Delay = 0.00>
ST_1 : Operation 451 [1/1] (0.00ns)   --->   "%tmp_347 = bitconcatenate i7 @_ssdm_op_BitConcatenate.i7.i1.i6, i1 %trunc_ln115_69, i6 0" [firmware/nnet_utils/nnet_activation.h:115]   --->   Operation 451 'bitconcatenate' 'tmp_347' <Predicate = true> <Delay = 0.00>
ST_1 : Operation 452 [1/1] (2.03ns)   --->   "%icmp_ln115_69 = icmp_ne  i7 %tmp_347, i7 0" [firmware/nnet_utils/nnet_activation.h:115]   --->   Operation 452 'icmp' 'icmp_ln115_69' <Predicate = true> <Delay = 2.03> <CoreInst = "Cmp">   --->   Core 9 'Cmp' <Latency = 0> <II = 1> <Delay = 2.03> <FuncUnit> <Opcode : 'seteq' 'setne' 'setle' 'setge' 'setlt' 'setgt'> <InPorts = 2> <OutPorts = 1>
ST_1 : Operation 453 [1/1] (2.13ns)   --->   "%add_ln115_69 = add i13 %tmp_344, i13 1" [firmware/nnet_utils/nnet_activation.h:115]   --->   Operation 453 'add' 'add_ln115_69' <Predicate = true> <Delay = 2.13> <CoreInst = "Adder">   --->   Core 1 'Adder' <Latency = 0> <II = 1> <Delay = 2.13> <FuncUnit> <Opcode : 'add' 'sub'> <InPorts = 2> <OutPorts = 1>
ST_1 : Operation 454 [1/1] (0.00ns)   --->   "%tmp_349 = partselect i13 @_ssdm_op_PartSelect.i13.i14.i32.i32, i14 %data_70_val_read, i32 1, i32 13" [firmware/nnet_utils/nnet_activation.h:115]   --->   Operation 454 'partselect' 'tmp_349' <Predicate = true> <Delay = 0.00>
ST_1 : Operation 455 [1/1] (0.00ns)   --->   "%trunc_ln115_70 = trunc i14 %data_70_val_read" [firmware/nnet_utils/nnet_activation.h:115]   --->   Operation 455 'trunc' 'trunc_ln115_70' <Predicate = true> <Delay = 0.00>
ST_1 : Operation 456 [1/1] (0.00ns)   --->   "%tmp_352 = bitconcatenate i7 @_ssdm_op_BitConcatenate.i7.i1.i6, i1 %trunc_ln115_70, i6 0" [firmware/nnet_utils/nnet_activation.h:115]   --->   Operation 456 'bitconcatenate' 'tmp_352' <Predicate = true> <Delay = 0.00>
ST_1 : Operation 457 [1/1] (2.03ns)   --->   "%icmp_ln115_70 = icmp_ne  i7 %tmp_352, i7 0" [firmware/nnet_utils/nnet_activation.h:115]   --->   Operation 457 'icmp' 'icmp_ln115_70' <Predicate = true> <Delay = 2.03> <CoreInst = "Cmp">   --->   Core 9 'Cmp' <Latency = 0> <II = 1> <Delay = 2.03> <FuncUnit> <Opcode : 'seteq' 'setne' 'setle' 'setge' 'setlt' 'setgt'> <InPorts = 2> <OutPorts = 1>
ST_1 : Operation 458 [1/1] (2.13ns)   --->   "%add_ln115_70 = add i13 %tmp_349, i13 1" [firmware/nnet_utils/nnet_activation.h:115]   --->   Operation 458 'add' 'add_ln115_70' <Predicate = true> <Delay = 2.13> <CoreInst = "Adder">   --->   Core 1 'Adder' <Latency = 0> <II = 1> <Delay = 2.13> <FuncUnit> <Opcode : 'add' 'sub'> <InPorts = 2> <OutPorts = 1>
ST_1 : Operation 459 [1/1] (0.00ns)   --->   "%tmp_354 = partselect i13 @_ssdm_op_PartSelect.i13.i14.i32.i32, i14 %data_71_val_read, i32 1, i32 13" [firmware/nnet_utils/nnet_activation.h:115]   --->   Operation 459 'partselect' 'tmp_354' <Predicate = true> <Delay = 0.00>
ST_1 : Operation 460 [1/1] (0.00ns)   --->   "%trunc_ln115_71 = trunc i14 %data_71_val_read" [firmware/nnet_utils/nnet_activation.h:115]   --->   Operation 460 'trunc' 'trunc_ln115_71' <Predicate = true> <Delay = 0.00>
ST_1 : Operation 461 [1/1] (0.00ns)   --->   "%tmp_357 = bitconcatenate i7 @_ssdm_op_BitConcatenate.i7.i1.i6, i1 %trunc_ln115_71, i6 0" [firmware/nnet_utils/nnet_activation.h:115]   --->   Operation 461 'bitconcatenate' 'tmp_357' <Predicate = true> <Delay = 0.00>
ST_1 : Operation 462 [1/1] (2.03ns)   --->   "%icmp_ln115_71 = icmp_ne  i7 %tmp_357, i7 0" [firmware/nnet_utils/nnet_activation.h:115]   --->   Operation 462 'icmp' 'icmp_ln115_71' <Predicate = true> <Delay = 2.03> <CoreInst = "Cmp">   --->   Core 9 'Cmp' <Latency = 0> <II = 1> <Delay = 2.03> <FuncUnit> <Opcode : 'seteq' 'setne' 'setle' 'setge' 'setlt' 'setgt'> <InPorts = 2> <OutPorts = 1>
ST_1 : Operation 463 [1/1] (2.13ns)   --->   "%add_ln115_71 = add i13 %tmp_354, i13 1" [firmware/nnet_utils/nnet_activation.h:115]   --->   Operation 463 'add' 'add_ln115_71' <Predicate = true> <Delay = 2.13> <CoreInst = "Adder">   --->   Core 1 'Adder' <Latency = 0> <II = 1> <Delay = 2.13> <FuncUnit> <Opcode : 'add' 'sub'> <InPorts = 2> <OutPorts = 1>
ST_1 : Operation 464 [1/1] (0.00ns)   --->   "%tmp_359 = partselect i13 @_ssdm_op_PartSelect.i13.i14.i32.i32, i14 %data_72_val_read, i32 1, i32 13" [firmware/nnet_utils/nnet_activation.h:115]   --->   Operation 464 'partselect' 'tmp_359' <Predicate = true> <Delay = 0.00>
ST_1 : Operation 465 [1/1] (0.00ns)   --->   "%trunc_ln115_72 = trunc i14 %data_72_val_read" [firmware/nnet_utils/nnet_activation.h:115]   --->   Operation 465 'trunc' 'trunc_ln115_72' <Predicate = true> <Delay = 0.00>
ST_1 : Operation 466 [1/1] (0.00ns)   --->   "%tmp_362 = bitconcatenate i7 @_ssdm_op_BitConcatenate.i7.i1.i6, i1 %trunc_ln115_72, i6 0" [firmware/nnet_utils/nnet_activation.h:115]   --->   Operation 466 'bitconcatenate' 'tmp_362' <Predicate = true> <Delay = 0.00>
ST_1 : Operation 467 [1/1] (2.03ns)   --->   "%icmp_ln115_72 = icmp_ne  i7 %tmp_362, i7 0" [firmware/nnet_utils/nnet_activation.h:115]   --->   Operation 467 'icmp' 'icmp_ln115_72' <Predicate = true> <Delay = 2.03> <CoreInst = "Cmp">   --->   Core 9 'Cmp' <Latency = 0> <II = 1> <Delay = 2.03> <FuncUnit> <Opcode : 'seteq' 'setne' 'setle' 'setge' 'setlt' 'setgt'> <InPorts = 2> <OutPorts = 1>
ST_1 : Operation 468 [1/1] (2.13ns)   --->   "%add_ln115_72 = add i13 %tmp_359, i13 1" [firmware/nnet_utils/nnet_activation.h:115]   --->   Operation 468 'add' 'add_ln115_72' <Predicate = true> <Delay = 2.13> <CoreInst = "Adder">   --->   Core 1 'Adder' <Latency = 0> <II = 1> <Delay = 2.13> <FuncUnit> <Opcode : 'add' 'sub'> <InPorts = 2> <OutPorts = 1>
ST_1 : Operation 469 [1/1] (0.00ns)   --->   "%tmp_364 = partselect i13 @_ssdm_op_PartSelect.i13.i14.i32.i32, i14 %data_73_val_read, i32 1, i32 13" [firmware/nnet_utils/nnet_activation.h:115]   --->   Operation 469 'partselect' 'tmp_364' <Predicate = true> <Delay = 0.00>
ST_1 : Operation 470 [1/1] (0.00ns)   --->   "%trunc_ln115_73 = trunc i14 %data_73_val_read" [firmware/nnet_utils/nnet_activation.h:115]   --->   Operation 470 'trunc' 'trunc_ln115_73' <Predicate = true> <Delay = 0.00>
ST_1 : Operation 471 [1/1] (0.00ns)   --->   "%tmp_367 = bitconcatenate i7 @_ssdm_op_BitConcatenate.i7.i1.i6, i1 %trunc_ln115_73, i6 0" [firmware/nnet_utils/nnet_activation.h:115]   --->   Operation 471 'bitconcatenate' 'tmp_367' <Predicate = true> <Delay = 0.00>
ST_1 : Operation 472 [1/1] (2.03ns)   --->   "%icmp_ln115_73 = icmp_ne  i7 %tmp_367, i7 0" [firmware/nnet_utils/nnet_activation.h:115]   --->   Operation 472 'icmp' 'icmp_ln115_73' <Predicate = true> <Delay = 2.03> <CoreInst = "Cmp">   --->   Core 9 'Cmp' <Latency = 0> <II = 1> <Delay = 2.03> <FuncUnit> <Opcode : 'seteq' 'setne' 'setle' 'setge' 'setlt' 'setgt'> <InPorts = 2> <OutPorts = 1>
ST_1 : Operation 473 [1/1] (2.13ns)   --->   "%add_ln115_73 = add i13 %tmp_364, i13 1" [firmware/nnet_utils/nnet_activation.h:115]   --->   Operation 473 'add' 'add_ln115_73' <Predicate = true> <Delay = 2.13> <CoreInst = "Adder">   --->   Core 1 'Adder' <Latency = 0> <II = 1> <Delay = 2.13> <FuncUnit> <Opcode : 'add' 'sub'> <InPorts = 2> <OutPorts = 1>
ST_1 : Operation 474 [1/1] (0.00ns)   --->   "%tmp_369 = partselect i13 @_ssdm_op_PartSelect.i13.i14.i32.i32, i14 %data_74_val_read, i32 1, i32 13" [firmware/nnet_utils/nnet_activation.h:115]   --->   Operation 474 'partselect' 'tmp_369' <Predicate = true> <Delay = 0.00>
ST_1 : Operation 475 [1/1] (0.00ns)   --->   "%trunc_ln115_74 = trunc i14 %data_74_val_read" [firmware/nnet_utils/nnet_activation.h:115]   --->   Operation 475 'trunc' 'trunc_ln115_74' <Predicate = true> <Delay = 0.00>
ST_1 : Operation 476 [1/1] (0.00ns)   --->   "%tmp_372 = bitconcatenate i7 @_ssdm_op_BitConcatenate.i7.i1.i6, i1 %trunc_ln115_74, i6 0" [firmware/nnet_utils/nnet_activation.h:115]   --->   Operation 476 'bitconcatenate' 'tmp_372' <Predicate = true> <Delay = 0.00>
ST_1 : Operation 477 [1/1] (2.03ns)   --->   "%icmp_ln115_74 = icmp_ne  i7 %tmp_372, i7 0" [firmware/nnet_utils/nnet_activation.h:115]   --->   Operation 477 'icmp' 'icmp_ln115_74' <Predicate = true> <Delay = 2.03> <CoreInst = "Cmp">   --->   Core 9 'Cmp' <Latency = 0> <II = 1> <Delay = 2.03> <FuncUnit> <Opcode : 'seteq' 'setne' 'setle' 'setge' 'setlt' 'setgt'> <InPorts = 2> <OutPorts = 1>
ST_1 : Operation 478 [1/1] (2.13ns)   --->   "%add_ln115_74 = add i13 %tmp_369, i13 1" [firmware/nnet_utils/nnet_activation.h:115]   --->   Operation 478 'add' 'add_ln115_74' <Predicate = true> <Delay = 2.13> <CoreInst = "Adder">   --->   Core 1 'Adder' <Latency = 0> <II = 1> <Delay = 2.13> <FuncUnit> <Opcode : 'add' 'sub'> <InPorts = 2> <OutPorts = 1>
ST_1 : Operation 479 [1/1] (0.00ns)   --->   "%tmp_374 = partselect i13 @_ssdm_op_PartSelect.i13.i14.i32.i32, i14 %data_75_val_read, i32 1, i32 13" [firmware/nnet_utils/nnet_activation.h:115]   --->   Operation 479 'partselect' 'tmp_374' <Predicate = true> <Delay = 0.00>
ST_1 : Operation 480 [1/1] (0.00ns)   --->   "%trunc_ln115_75 = trunc i14 %data_75_val_read" [firmware/nnet_utils/nnet_activation.h:115]   --->   Operation 480 'trunc' 'trunc_ln115_75' <Predicate = true> <Delay = 0.00>
ST_1 : Operation 481 [1/1] (0.00ns)   --->   "%tmp_377 = bitconcatenate i7 @_ssdm_op_BitConcatenate.i7.i1.i6, i1 %trunc_ln115_75, i6 0" [firmware/nnet_utils/nnet_activation.h:115]   --->   Operation 481 'bitconcatenate' 'tmp_377' <Predicate = true> <Delay = 0.00>
ST_1 : Operation 482 [1/1] (2.03ns)   --->   "%icmp_ln115_75 = icmp_ne  i7 %tmp_377, i7 0" [firmware/nnet_utils/nnet_activation.h:115]   --->   Operation 482 'icmp' 'icmp_ln115_75' <Predicate = true> <Delay = 2.03> <CoreInst = "Cmp">   --->   Core 9 'Cmp' <Latency = 0> <II = 1> <Delay = 2.03> <FuncUnit> <Opcode : 'seteq' 'setne' 'setle' 'setge' 'setlt' 'setgt'> <InPorts = 2> <OutPorts = 1>
ST_1 : Operation 483 [1/1] (2.13ns)   --->   "%add_ln115_75 = add i13 %tmp_374, i13 1" [firmware/nnet_utils/nnet_activation.h:115]   --->   Operation 483 'add' 'add_ln115_75' <Predicate = true> <Delay = 2.13> <CoreInst = "Adder">   --->   Core 1 'Adder' <Latency = 0> <II = 1> <Delay = 2.13> <FuncUnit> <Opcode : 'add' 'sub'> <InPorts = 2> <OutPorts = 1>
ST_1 : Operation 484 [1/1] (0.00ns)   --->   "%tmp_379 = partselect i13 @_ssdm_op_PartSelect.i13.i14.i32.i32, i14 %data_76_val_read, i32 1, i32 13" [firmware/nnet_utils/nnet_activation.h:115]   --->   Operation 484 'partselect' 'tmp_379' <Predicate = true> <Delay = 0.00>
ST_1 : Operation 485 [1/1] (0.00ns)   --->   "%trunc_ln115_76 = trunc i14 %data_76_val_read" [firmware/nnet_utils/nnet_activation.h:115]   --->   Operation 485 'trunc' 'trunc_ln115_76' <Predicate = true> <Delay = 0.00>
ST_1 : Operation 486 [1/1] (0.00ns)   --->   "%tmp_382 = bitconcatenate i7 @_ssdm_op_BitConcatenate.i7.i1.i6, i1 %trunc_ln115_76, i6 0" [firmware/nnet_utils/nnet_activation.h:115]   --->   Operation 486 'bitconcatenate' 'tmp_382' <Predicate = true> <Delay = 0.00>
ST_1 : Operation 487 [1/1] (2.03ns)   --->   "%icmp_ln115_76 = icmp_ne  i7 %tmp_382, i7 0" [firmware/nnet_utils/nnet_activation.h:115]   --->   Operation 487 'icmp' 'icmp_ln115_76' <Predicate = true> <Delay = 2.03> <CoreInst = "Cmp">   --->   Core 9 'Cmp' <Latency = 0> <II = 1> <Delay = 2.03> <FuncUnit> <Opcode : 'seteq' 'setne' 'setle' 'setge' 'setlt' 'setgt'> <InPorts = 2> <OutPorts = 1>
ST_1 : Operation 488 [1/1] (2.13ns)   --->   "%add_ln115_76 = add i13 %tmp_379, i13 1" [firmware/nnet_utils/nnet_activation.h:115]   --->   Operation 488 'add' 'add_ln115_76' <Predicate = true> <Delay = 2.13> <CoreInst = "Adder">   --->   Core 1 'Adder' <Latency = 0> <II = 1> <Delay = 2.13> <FuncUnit> <Opcode : 'add' 'sub'> <InPorts = 2> <OutPorts = 1>
ST_1 : Operation 489 [1/1] (0.00ns)   --->   "%tmp_384 = partselect i13 @_ssdm_op_PartSelect.i13.i14.i32.i32, i14 %data_77_val_read, i32 1, i32 13" [firmware/nnet_utils/nnet_activation.h:115]   --->   Operation 489 'partselect' 'tmp_384' <Predicate = true> <Delay = 0.00>
ST_1 : Operation 490 [1/1] (0.00ns)   --->   "%trunc_ln115_77 = trunc i14 %data_77_val_read" [firmware/nnet_utils/nnet_activation.h:115]   --->   Operation 490 'trunc' 'trunc_ln115_77' <Predicate = true> <Delay = 0.00>
ST_1 : Operation 491 [1/1] (0.00ns)   --->   "%tmp_387 = bitconcatenate i7 @_ssdm_op_BitConcatenate.i7.i1.i6, i1 %trunc_ln115_77, i6 0" [firmware/nnet_utils/nnet_activation.h:115]   --->   Operation 491 'bitconcatenate' 'tmp_387' <Predicate = true> <Delay = 0.00>
ST_1 : Operation 492 [1/1] (2.03ns)   --->   "%icmp_ln115_77 = icmp_ne  i7 %tmp_387, i7 0" [firmware/nnet_utils/nnet_activation.h:115]   --->   Operation 492 'icmp' 'icmp_ln115_77' <Predicate = true> <Delay = 2.03> <CoreInst = "Cmp">   --->   Core 9 'Cmp' <Latency = 0> <II = 1> <Delay = 2.03> <FuncUnit> <Opcode : 'seteq' 'setne' 'setle' 'setge' 'setlt' 'setgt'> <InPorts = 2> <OutPorts = 1>
ST_1 : Operation 493 [1/1] (2.13ns)   --->   "%add_ln115_77 = add i13 %tmp_384, i13 1" [firmware/nnet_utils/nnet_activation.h:115]   --->   Operation 493 'add' 'add_ln115_77' <Predicate = true> <Delay = 2.13> <CoreInst = "Adder">   --->   Core 1 'Adder' <Latency = 0> <II = 1> <Delay = 2.13> <FuncUnit> <Opcode : 'add' 'sub'> <InPorts = 2> <OutPorts = 1>
ST_1 : Operation 494 [1/1] (0.00ns)   --->   "%tmp_389 = partselect i13 @_ssdm_op_PartSelect.i13.i14.i32.i32, i14 %data_78_val_read, i32 1, i32 13" [firmware/nnet_utils/nnet_activation.h:115]   --->   Operation 494 'partselect' 'tmp_389' <Predicate = true> <Delay = 0.00>
ST_1 : Operation 495 [1/1] (0.00ns)   --->   "%trunc_ln115_78 = trunc i14 %data_78_val_read" [firmware/nnet_utils/nnet_activation.h:115]   --->   Operation 495 'trunc' 'trunc_ln115_78' <Predicate = true> <Delay = 0.00>
ST_1 : Operation 496 [1/1] (0.00ns)   --->   "%tmp_392 = bitconcatenate i7 @_ssdm_op_BitConcatenate.i7.i1.i6, i1 %trunc_ln115_78, i6 0" [firmware/nnet_utils/nnet_activation.h:115]   --->   Operation 496 'bitconcatenate' 'tmp_392' <Predicate = true> <Delay = 0.00>
ST_1 : Operation 497 [1/1] (2.03ns)   --->   "%icmp_ln115_78 = icmp_ne  i7 %tmp_392, i7 0" [firmware/nnet_utils/nnet_activation.h:115]   --->   Operation 497 'icmp' 'icmp_ln115_78' <Predicate = true> <Delay = 2.03> <CoreInst = "Cmp">   --->   Core 9 'Cmp' <Latency = 0> <II = 1> <Delay = 2.03> <FuncUnit> <Opcode : 'seteq' 'setne' 'setle' 'setge' 'setlt' 'setgt'> <InPorts = 2> <OutPorts = 1>
ST_1 : Operation 498 [1/1] (2.13ns)   --->   "%add_ln115_78 = add i13 %tmp_389, i13 1" [firmware/nnet_utils/nnet_activation.h:115]   --->   Operation 498 'add' 'add_ln115_78' <Predicate = true> <Delay = 2.13> <CoreInst = "Adder">   --->   Core 1 'Adder' <Latency = 0> <II = 1> <Delay = 2.13> <FuncUnit> <Opcode : 'add' 'sub'> <InPorts = 2> <OutPorts = 1>
ST_1 : Operation 499 [1/1] (0.00ns)   --->   "%tmp_394 = partselect i13 @_ssdm_op_PartSelect.i13.i14.i32.i32, i14 %data_79_val_read, i32 1, i32 13" [firmware/nnet_utils/nnet_activation.h:115]   --->   Operation 499 'partselect' 'tmp_394' <Predicate = true> <Delay = 0.00>
ST_1 : Operation 500 [1/1] (0.00ns)   --->   "%trunc_ln115_79 = trunc i14 %data_79_val_read" [firmware/nnet_utils/nnet_activation.h:115]   --->   Operation 500 'trunc' 'trunc_ln115_79' <Predicate = true> <Delay = 0.00>
ST_1 : Operation 501 [1/1] (0.00ns)   --->   "%tmp_397 = bitconcatenate i7 @_ssdm_op_BitConcatenate.i7.i1.i6, i1 %trunc_ln115_79, i6 0" [firmware/nnet_utils/nnet_activation.h:115]   --->   Operation 501 'bitconcatenate' 'tmp_397' <Predicate = true> <Delay = 0.00>
ST_1 : Operation 502 [1/1] (2.03ns)   --->   "%icmp_ln115_79 = icmp_ne  i7 %tmp_397, i7 0" [firmware/nnet_utils/nnet_activation.h:115]   --->   Operation 502 'icmp' 'icmp_ln115_79' <Predicate = true> <Delay = 2.03> <CoreInst = "Cmp">   --->   Core 9 'Cmp' <Latency = 0> <II = 1> <Delay = 2.03> <FuncUnit> <Opcode : 'seteq' 'setne' 'setle' 'setge' 'setlt' 'setgt'> <InPorts = 2> <OutPorts = 1>
ST_1 : Operation 503 [1/1] (2.13ns)   --->   "%add_ln115_79 = add i13 %tmp_394, i13 1" [firmware/nnet_utils/nnet_activation.h:115]   --->   Operation 503 'add' 'add_ln115_79' <Predicate = true> <Delay = 2.13> <CoreInst = "Adder">   --->   Core 1 'Adder' <Latency = 0> <II = 1> <Delay = 2.13> <FuncUnit> <Opcode : 'add' 'sub'> <InPorts = 2> <OutPorts = 1>
ST_1 : Operation 504 [1/1] (0.00ns)   --->   "%tmp_399 = partselect i13 @_ssdm_op_PartSelect.i13.i14.i32.i32, i14 %data_80_val_read, i32 1, i32 13" [firmware/nnet_utils/nnet_activation.h:115]   --->   Operation 504 'partselect' 'tmp_399' <Predicate = true> <Delay = 0.00>
ST_1 : Operation 505 [1/1] (0.00ns)   --->   "%trunc_ln115_80 = trunc i14 %data_80_val_read" [firmware/nnet_utils/nnet_activation.h:115]   --->   Operation 505 'trunc' 'trunc_ln115_80' <Predicate = true> <Delay = 0.00>
ST_1 : Operation 506 [1/1] (0.00ns)   --->   "%tmp_402 = bitconcatenate i7 @_ssdm_op_BitConcatenate.i7.i1.i6, i1 %trunc_ln115_80, i6 0" [firmware/nnet_utils/nnet_activation.h:115]   --->   Operation 506 'bitconcatenate' 'tmp_402' <Predicate = true> <Delay = 0.00>
ST_1 : Operation 507 [1/1] (2.03ns)   --->   "%icmp_ln115_80 = icmp_ne  i7 %tmp_402, i7 0" [firmware/nnet_utils/nnet_activation.h:115]   --->   Operation 507 'icmp' 'icmp_ln115_80' <Predicate = true> <Delay = 2.03> <CoreInst = "Cmp">   --->   Core 9 'Cmp' <Latency = 0> <II = 1> <Delay = 2.03> <FuncUnit> <Opcode : 'seteq' 'setne' 'setle' 'setge' 'setlt' 'setgt'> <InPorts = 2> <OutPorts = 1>
ST_1 : Operation 508 [1/1] (2.13ns)   --->   "%add_ln115_80 = add i13 %tmp_399, i13 1" [firmware/nnet_utils/nnet_activation.h:115]   --->   Operation 508 'add' 'add_ln115_80' <Predicate = true> <Delay = 2.13> <CoreInst = "Adder">   --->   Core 1 'Adder' <Latency = 0> <II = 1> <Delay = 2.13> <FuncUnit> <Opcode : 'add' 'sub'> <InPorts = 2> <OutPorts = 1>
ST_1 : Operation 509 [1/1] (0.00ns)   --->   "%tmp_404 = partselect i13 @_ssdm_op_PartSelect.i13.i14.i32.i32, i14 %data_81_val_read, i32 1, i32 13" [firmware/nnet_utils/nnet_activation.h:115]   --->   Operation 509 'partselect' 'tmp_404' <Predicate = true> <Delay = 0.00>
ST_1 : Operation 510 [1/1] (0.00ns)   --->   "%trunc_ln115_81 = trunc i14 %data_81_val_read" [firmware/nnet_utils/nnet_activation.h:115]   --->   Operation 510 'trunc' 'trunc_ln115_81' <Predicate = true> <Delay = 0.00>
ST_1 : Operation 511 [1/1] (0.00ns)   --->   "%tmp_407 = bitconcatenate i7 @_ssdm_op_BitConcatenate.i7.i1.i6, i1 %trunc_ln115_81, i6 0" [firmware/nnet_utils/nnet_activation.h:115]   --->   Operation 511 'bitconcatenate' 'tmp_407' <Predicate = true> <Delay = 0.00>
ST_1 : Operation 512 [1/1] (2.03ns)   --->   "%icmp_ln115_81 = icmp_ne  i7 %tmp_407, i7 0" [firmware/nnet_utils/nnet_activation.h:115]   --->   Operation 512 'icmp' 'icmp_ln115_81' <Predicate = true> <Delay = 2.03> <CoreInst = "Cmp">   --->   Core 9 'Cmp' <Latency = 0> <II = 1> <Delay = 2.03> <FuncUnit> <Opcode : 'seteq' 'setne' 'setle' 'setge' 'setlt' 'setgt'> <InPorts = 2> <OutPorts = 1>
ST_1 : Operation 513 [1/1] (2.13ns)   --->   "%add_ln115_81 = add i13 %tmp_404, i13 1" [firmware/nnet_utils/nnet_activation.h:115]   --->   Operation 513 'add' 'add_ln115_81' <Predicate = true> <Delay = 2.13> <CoreInst = "Adder">   --->   Core 1 'Adder' <Latency = 0> <II = 1> <Delay = 2.13> <FuncUnit> <Opcode : 'add' 'sub'> <InPorts = 2> <OutPorts = 1>
ST_1 : Operation 514 [1/1] (0.00ns)   --->   "%tmp_409 = partselect i13 @_ssdm_op_PartSelect.i13.i14.i32.i32, i14 %data_82_val_read, i32 1, i32 13" [firmware/nnet_utils/nnet_activation.h:115]   --->   Operation 514 'partselect' 'tmp_409' <Predicate = true> <Delay = 0.00>
ST_1 : Operation 515 [1/1] (0.00ns)   --->   "%trunc_ln115_82 = trunc i14 %data_82_val_read" [firmware/nnet_utils/nnet_activation.h:115]   --->   Operation 515 'trunc' 'trunc_ln115_82' <Predicate = true> <Delay = 0.00>
ST_1 : Operation 516 [1/1] (0.00ns)   --->   "%tmp_412 = bitconcatenate i7 @_ssdm_op_BitConcatenate.i7.i1.i6, i1 %trunc_ln115_82, i6 0" [firmware/nnet_utils/nnet_activation.h:115]   --->   Operation 516 'bitconcatenate' 'tmp_412' <Predicate = true> <Delay = 0.00>
ST_1 : Operation 517 [1/1] (2.03ns)   --->   "%icmp_ln115_82 = icmp_ne  i7 %tmp_412, i7 0" [firmware/nnet_utils/nnet_activation.h:115]   --->   Operation 517 'icmp' 'icmp_ln115_82' <Predicate = true> <Delay = 2.03> <CoreInst = "Cmp">   --->   Core 9 'Cmp' <Latency = 0> <II = 1> <Delay = 2.03> <FuncUnit> <Opcode : 'seteq' 'setne' 'setle' 'setge' 'setlt' 'setgt'> <InPorts = 2> <OutPorts = 1>
ST_1 : Operation 518 [1/1] (2.13ns)   --->   "%add_ln115_82 = add i13 %tmp_409, i13 1" [firmware/nnet_utils/nnet_activation.h:115]   --->   Operation 518 'add' 'add_ln115_82' <Predicate = true> <Delay = 2.13> <CoreInst = "Adder">   --->   Core 1 'Adder' <Latency = 0> <II = 1> <Delay = 2.13> <FuncUnit> <Opcode : 'add' 'sub'> <InPorts = 2> <OutPorts = 1>
ST_1 : Operation 519 [1/1] (0.00ns)   --->   "%tmp_414 = partselect i13 @_ssdm_op_PartSelect.i13.i14.i32.i32, i14 %data_83_val_read, i32 1, i32 13" [firmware/nnet_utils/nnet_activation.h:115]   --->   Operation 519 'partselect' 'tmp_414' <Predicate = true> <Delay = 0.00>
ST_1 : Operation 520 [1/1] (0.00ns)   --->   "%trunc_ln115_83 = trunc i14 %data_83_val_read" [firmware/nnet_utils/nnet_activation.h:115]   --->   Operation 520 'trunc' 'trunc_ln115_83' <Predicate = true> <Delay = 0.00>
ST_1 : Operation 521 [1/1] (0.00ns)   --->   "%tmp_417 = bitconcatenate i7 @_ssdm_op_BitConcatenate.i7.i1.i6, i1 %trunc_ln115_83, i6 0" [firmware/nnet_utils/nnet_activation.h:115]   --->   Operation 521 'bitconcatenate' 'tmp_417' <Predicate = true> <Delay = 0.00>
ST_1 : Operation 522 [1/1] (2.03ns)   --->   "%icmp_ln115_83 = icmp_ne  i7 %tmp_417, i7 0" [firmware/nnet_utils/nnet_activation.h:115]   --->   Operation 522 'icmp' 'icmp_ln115_83' <Predicate = true> <Delay = 2.03> <CoreInst = "Cmp">   --->   Core 9 'Cmp' <Latency = 0> <II = 1> <Delay = 2.03> <FuncUnit> <Opcode : 'seteq' 'setne' 'setle' 'setge' 'setlt' 'setgt'> <InPorts = 2> <OutPorts = 1>
ST_1 : Operation 523 [1/1] (2.13ns)   --->   "%add_ln115_83 = add i13 %tmp_414, i13 1" [firmware/nnet_utils/nnet_activation.h:115]   --->   Operation 523 'add' 'add_ln115_83' <Predicate = true> <Delay = 2.13> <CoreInst = "Adder">   --->   Core 1 'Adder' <Latency = 0> <II = 1> <Delay = 2.13> <FuncUnit> <Opcode : 'add' 'sub'> <InPorts = 2> <OutPorts = 1>
ST_1 : Operation 524 [1/1] (0.00ns)   --->   "%tmp_419 = partselect i13 @_ssdm_op_PartSelect.i13.i14.i32.i32, i14 %data_84_val_read, i32 1, i32 13" [firmware/nnet_utils/nnet_activation.h:115]   --->   Operation 524 'partselect' 'tmp_419' <Predicate = true> <Delay = 0.00>
ST_1 : Operation 525 [1/1] (0.00ns)   --->   "%trunc_ln115_84 = trunc i14 %data_84_val_read" [firmware/nnet_utils/nnet_activation.h:115]   --->   Operation 525 'trunc' 'trunc_ln115_84' <Predicate = true> <Delay = 0.00>
ST_1 : Operation 526 [1/1] (0.00ns)   --->   "%tmp_422 = bitconcatenate i7 @_ssdm_op_BitConcatenate.i7.i1.i6, i1 %trunc_ln115_84, i6 0" [firmware/nnet_utils/nnet_activation.h:115]   --->   Operation 526 'bitconcatenate' 'tmp_422' <Predicate = true> <Delay = 0.00>
ST_1 : Operation 527 [1/1] (2.03ns)   --->   "%icmp_ln115_84 = icmp_ne  i7 %tmp_422, i7 0" [firmware/nnet_utils/nnet_activation.h:115]   --->   Operation 527 'icmp' 'icmp_ln115_84' <Predicate = true> <Delay = 2.03> <CoreInst = "Cmp">   --->   Core 9 'Cmp' <Latency = 0> <II = 1> <Delay = 2.03> <FuncUnit> <Opcode : 'seteq' 'setne' 'setle' 'setge' 'setlt' 'setgt'> <InPorts = 2> <OutPorts = 1>
ST_1 : Operation 528 [1/1] (2.13ns)   --->   "%add_ln115_84 = add i13 %tmp_419, i13 1" [firmware/nnet_utils/nnet_activation.h:115]   --->   Operation 528 'add' 'add_ln115_84' <Predicate = true> <Delay = 2.13> <CoreInst = "Adder">   --->   Core 1 'Adder' <Latency = 0> <II = 1> <Delay = 2.13> <FuncUnit> <Opcode : 'add' 'sub'> <InPorts = 2> <OutPorts = 1>
ST_1 : Operation 529 [1/1] (0.00ns)   --->   "%tmp_424 = partselect i13 @_ssdm_op_PartSelect.i13.i14.i32.i32, i14 %data_85_val_read, i32 1, i32 13" [firmware/nnet_utils/nnet_activation.h:115]   --->   Operation 529 'partselect' 'tmp_424' <Predicate = true> <Delay = 0.00>
ST_1 : Operation 530 [1/1] (0.00ns)   --->   "%trunc_ln115_85 = trunc i14 %data_85_val_read" [firmware/nnet_utils/nnet_activation.h:115]   --->   Operation 530 'trunc' 'trunc_ln115_85' <Predicate = true> <Delay = 0.00>
ST_1 : Operation 531 [1/1] (0.00ns)   --->   "%tmp_427 = bitconcatenate i7 @_ssdm_op_BitConcatenate.i7.i1.i6, i1 %trunc_ln115_85, i6 0" [firmware/nnet_utils/nnet_activation.h:115]   --->   Operation 531 'bitconcatenate' 'tmp_427' <Predicate = true> <Delay = 0.00>
ST_1 : Operation 532 [1/1] (2.03ns)   --->   "%icmp_ln115_85 = icmp_ne  i7 %tmp_427, i7 0" [firmware/nnet_utils/nnet_activation.h:115]   --->   Operation 532 'icmp' 'icmp_ln115_85' <Predicate = true> <Delay = 2.03> <CoreInst = "Cmp">   --->   Core 9 'Cmp' <Latency = 0> <II = 1> <Delay = 2.03> <FuncUnit> <Opcode : 'seteq' 'setne' 'setle' 'setge' 'setlt' 'setgt'> <InPorts = 2> <OutPorts = 1>
ST_1 : Operation 533 [1/1] (2.13ns)   --->   "%add_ln115_85 = add i13 %tmp_424, i13 1" [firmware/nnet_utils/nnet_activation.h:115]   --->   Operation 533 'add' 'add_ln115_85' <Predicate = true> <Delay = 2.13> <CoreInst = "Adder">   --->   Core 1 'Adder' <Latency = 0> <II = 1> <Delay = 2.13> <FuncUnit> <Opcode : 'add' 'sub'> <InPorts = 2> <OutPorts = 1>
ST_1 : Operation 534 [1/1] (0.00ns)   --->   "%tmp_429 = partselect i13 @_ssdm_op_PartSelect.i13.i14.i32.i32, i14 %data_86_val_read, i32 1, i32 13" [firmware/nnet_utils/nnet_activation.h:115]   --->   Operation 534 'partselect' 'tmp_429' <Predicate = true> <Delay = 0.00>
ST_1 : Operation 535 [1/1] (0.00ns)   --->   "%trunc_ln115_86 = trunc i14 %data_86_val_read" [firmware/nnet_utils/nnet_activation.h:115]   --->   Operation 535 'trunc' 'trunc_ln115_86' <Predicate = true> <Delay = 0.00>
ST_1 : Operation 536 [1/1] (0.00ns)   --->   "%tmp_432 = bitconcatenate i7 @_ssdm_op_BitConcatenate.i7.i1.i6, i1 %trunc_ln115_86, i6 0" [firmware/nnet_utils/nnet_activation.h:115]   --->   Operation 536 'bitconcatenate' 'tmp_432' <Predicate = true> <Delay = 0.00>
ST_1 : Operation 537 [1/1] (2.03ns)   --->   "%icmp_ln115_86 = icmp_ne  i7 %tmp_432, i7 0" [firmware/nnet_utils/nnet_activation.h:115]   --->   Operation 537 'icmp' 'icmp_ln115_86' <Predicate = true> <Delay = 2.03> <CoreInst = "Cmp">   --->   Core 9 'Cmp' <Latency = 0> <II = 1> <Delay = 2.03> <FuncUnit> <Opcode : 'seteq' 'setne' 'setle' 'setge' 'setlt' 'setgt'> <InPorts = 2> <OutPorts = 1>
ST_1 : Operation 538 [1/1] (2.13ns)   --->   "%add_ln115_86 = add i13 %tmp_429, i13 1" [firmware/nnet_utils/nnet_activation.h:115]   --->   Operation 538 'add' 'add_ln115_86' <Predicate = true> <Delay = 2.13> <CoreInst = "Adder">   --->   Core 1 'Adder' <Latency = 0> <II = 1> <Delay = 2.13> <FuncUnit> <Opcode : 'add' 'sub'> <InPorts = 2> <OutPorts = 1>
ST_1 : Operation 539 [1/1] (0.00ns)   --->   "%tmp_434 = partselect i13 @_ssdm_op_PartSelect.i13.i14.i32.i32, i14 %data_87_val_read, i32 1, i32 13" [firmware/nnet_utils/nnet_activation.h:115]   --->   Operation 539 'partselect' 'tmp_434' <Predicate = true> <Delay = 0.00>
ST_1 : Operation 540 [1/1] (0.00ns)   --->   "%trunc_ln115_87 = trunc i14 %data_87_val_read" [firmware/nnet_utils/nnet_activation.h:115]   --->   Operation 540 'trunc' 'trunc_ln115_87' <Predicate = true> <Delay = 0.00>
ST_1 : Operation 541 [1/1] (0.00ns)   --->   "%tmp_437 = bitconcatenate i7 @_ssdm_op_BitConcatenate.i7.i1.i6, i1 %trunc_ln115_87, i6 0" [firmware/nnet_utils/nnet_activation.h:115]   --->   Operation 541 'bitconcatenate' 'tmp_437' <Predicate = true> <Delay = 0.00>
ST_1 : Operation 542 [1/1] (2.03ns)   --->   "%icmp_ln115_87 = icmp_ne  i7 %tmp_437, i7 0" [firmware/nnet_utils/nnet_activation.h:115]   --->   Operation 542 'icmp' 'icmp_ln115_87' <Predicate = true> <Delay = 2.03> <CoreInst = "Cmp">   --->   Core 9 'Cmp' <Latency = 0> <II = 1> <Delay = 2.03> <FuncUnit> <Opcode : 'seteq' 'setne' 'setle' 'setge' 'setlt' 'setgt'> <InPorts = 2> <OutPorts = 1>
ST_1 : Operation 543 [1/1] (2.13ns)   --->   "%add_ln115_87 = add i13 %tmp_434, i13 1" [firmware/nnet_utils/nnet_activation.h:115]   --->   Operation 543 'add' 'add_ln115_87' <Predicate = true> <Delay = 2.13> <CoreInst = "Adder">   --->   Core 1 'Adder' <Latency = 0> <II = 1> <Delay = 2.13> <FuncUnit> <Opcode : 'add' 'sub'> <InPorts = 2> <OutPorts = 1>
ST_1 : Operation 544 [1/1] (0.00ns)   --->   "%tmp_439 = partselect i13 @_ssdm_op_PartSelect.i13.i14.i32.i32, i14 %data_88_val_read, i32 1, i32 13" [firmware/nnet_utils/nnet_activation.h:115]   --->   Operation 544 'partselect' 'tmp_439' <Predicate = true> <Delay = 0.00>
ST_1 : Operation 545 [1/1] (0.00ns)   --->   "%trunc_ln115_88 = trunc i14 %data_88_val_read" [firmware/nnet_utils/nnet_activation.h:115]   --->   Operation 545 'trunc' 'trunc_ln115_88' <Predicate = true> <Delay = 0.00>
ST_1 : Operation 546 [1/1] (0.00ns)   --->   "%tmp_442 = bitconcatenate i7 @_ssdm_op_BitConcatenate.i7.i1.i6, i1 %trunc_ln115_88, i6 0" [firmware/nnet_utils/nnet_activation.h:115]   --->   Operation 546 'bitconcatenate' 'tmp_442' <Predicate = true> <Delay = 0.00>
ST_1 : Operation 547 [1/1] (2.03ns)   --->   "%icmp_ln115_88 = icmp_ne  i7 %tmp_442, i7 0" [firmware/nnet_utils/nnet_activation.h:115]   --->   Operation 547 'icmp' 'icmp_ln115_88' <Predicate = true> <Delay = 2.03> <CoreInst = "Cmp">   --->   Core 9 'Cmp' <Latency = 0> <II = 1> <Delay = 2.03> <FuncUnit> <Opcode : 'seteq' 'setne' 'setle' 'setge' 'setlt' 'setgt'> <InPorts = 2> <OutPorts = 1>
ST_1 : Operation 548 [1/1] (2.13ns)   --->   "%add_ln115_88 = add i13 %tmp_439, i13 1" [firmware/nnet_utils/nnet_activation.h:115]   --->   Operation 548 'add' 'add_ln115_88' <Predicate = true> <Delay = 2.13> <CoreInst = "Adder">   --->   Core 1 'Adder' <Latency = 0> <II = 1> <Delay = 2.13> <FuncUnit> <Opcode : 'add' 'sub'> <InPorts = 2> <OutPorts = 1>
ST_1 : Operation 549 [1/1] (0.00ns)   --->   "%tmp_444 = partselect i13 @_ssdm_op_PartSelect.i13.i14.i32.i32, i14 %data_89_val_read, i32 1, i32 13" [firmware/nnet_utils/nnet_activation.h:115]   --->   Operation 549 'partselect' 'tmp_444' <Predicate = true> <Delay = 0.00>
ST_1 : Operation 550 [1/1] (0.00ns)   --->   "%trunc_ln115_89 = trunc i14 %data_89_val_read" [firmware/nnet_utils/nnet_activation.h:115]   --->   Operation 550 'trunc' 'trunc_ln115_89' <Predicate = true> <Delay = 0.00>
ST_1 : Operation 551 [1/1] (0.00ns)   --->   "%tmp_447 = bitconcatenate i7 @_ssdm_op_BitConcatenate.i7.i1.i6, i1 %trunc_ln115_89, i6 0" [firmware/nnet_utils/nnet_activation.h:115]   --->   Operation 551 'bitconcatenate' 'tmp_447' <Predicate = true> <Delay = 0.00>
ST_1 : Operation 552 [1/1] (2.03ns)   --->   "%icmp_ln115_89 = icmp_ne  i7 %tmp_447, i7 0" [firmware/nnet_utils/nnet_activation.h:115]   --->   Operation 552 'icmp' 'icmp_ln115_89' <Predicate = true> <Delay = 2.03> <CoreInst = "Cmp">   --->   Core 9 'Cmp' <Latency = 0> <II = 1> <Delay = 2.03> <FuncUnit> <Opcode : 'seteq' 'setne' 'setle' 'setge' 'setlt' 'setgt'> <InPorts = 2> <OutPorts = 1>
ST_1 : Operation 553 [1/1] (2.13ns)   --->   "%add_ln115_89 = add i13 %tmp_444, i13 1" [firmware/nnet_utils/nnet_activation.h:115]   --->   Operation 553 'add' 'add_ln115_89' <Predicate = true> <Delay = 2.13> <CoreInst = "Adder">   --->   Core 1 'Adder' <Latency = 0> <II = 1> <Delay = 2.13> <FuncUnit> <Opcode : 'add' 'sub'> <InPorts = 2> <OutPorts = 1>
ST_1 : Operation 554 [1/1] (0.00ns)   --->   "%tmp_449 = partselect i13 @_ssdm_op_PartSelect.i13.i14.i32.i32, i14 %data_90_val_read, i32 1, i32 13" [firmware/nnet_utils/nnet_activation.h:115]   --->   Operation 554 'partselect' 'tmp_449' <Predicate = true> <Delay = 0.00>
ST_1 : Operation 555 [1/1] (0.00ns)   --->   "%trunc_ln115_90 = trunc i14 %data_90_val_read" [firmware/nnet_utils/nnet_activation.h:115]   --->   Operation 555 'trunc' 'trunc_ln115_90' <Predicate = true> <Delay = 0.00>
ST_1 : Operation 556 [1/1] (0.00ns)   --->   "%tmp_452 = bitconcatenate i7 @_ssdm_op_BitConcatenate.i7.i1.i6, i1 %trunc_ln115_90, i6 0" [firmware/nnet_utils/nnet_activation.h:115]   --->   Operation 556 'bitconcatenate' 'tmp_452' <Predicate = true> <Delay = 0.00>
ST_1 : Operation 557 [1/1] (2.03ns)   --->   "%icmp_ln115_90 = icmp_ne  i7 %tmp_452, i7 0" [firmware/nnet_utils/nnet_activation.h:115]   --->   Operation 557 'icmp' 'icmp_ln115_90' <Predicate = true> <Delay = 2.03> <CoreInst = "Cmp">   --->   Core 9 'Cmp' <Latency = 0> <II = 1> <Delay = 2.03> <FuncUnit> <Opcode : 'seteq' 'setne' 'setle' 'setge' 'setlt' 'setgt'> <InPorts = 2> <OutPorts = 1>
ST_1 : Operation 558 [1/1] (2.13ns)   --->   "%add_ln115_90 = add i13 %tmp_449, i13 1" [firmware/nnet_utils/nnet_activation.h:115]   --->   Operation 558 'add' 'add_ln115_90' <Predicate = true> <Delay = 2.13> <CoreInst = "Adder">   --->   Core 1 'Adder' <Latency = 0> <II = 1> <Delay = 2.13> <FuncUnit> <Opcode : 'add' 'sub'> <InPorts = 2> <OutPorts = 1>
ST_1 : Operation 559 [1/1] (0.00ns)   --->   "%tmp_454 = partselect i13 @_ssdm_op_PartSelect.i13.i14.i32.i32, i14 %data_91_val_read, i32 1, i32 13" [firmware/nnet_utils/nnet_activation.h:115]   --->   Operation 559 'partselect' 'tmp_454' <Predicate = true> <Delay = 0.00>
ST_1 : Operation 560 [1/1] (0.00ns)   --->   "%trunc_ln115_91 = trunc i14 %data_91_val_read" [firmware/nnet_utils/nnet_activation.h:115]   --->   Operation 560 'trunc' 'trunc_ln115_91' <Predicate = true> <Delay = 0.00>
ST_1 : Operation 561 [1/1] (0.00ns)   --->   "%tmp_457 = bitconcatenate i7 @_ssdm_op_BitConcatenate.i7.i1.i6, i1 %trunc_ln115_91, i6 0" [firmware/nnet_utils/nnet_activation.h:115]   --->   Operation 561 'bitconcatenate' 'tmp_457' <Predicate = true> <Delay = 0.00>
ST_1 : Operation 562 [1/1] (2.03ns)   --->   "%icmp_ln115_91 = icmp_ne  i7 %tmp_457, i7 0" [firmware/nnet_utils/nnet_activation.h:115]   --->   Operation 562 'icmp' 'icmp_ln115_91' <Predicate = true> <Delay = 2.03> <CoreInst = "Cmp">   --->   Core 9 'Cmp' <Latency = 0> <II = 1> <Delay = 2.03> <FuncUnit> <Opcode : 'seteq' 'setne' 'setle' 'setge' 'setlt' 'setgt'> <InPorts = 2> <OutPorts = 1>
ST_1 : Operation 563 [1/1] (2.13ns)   --->   "%add_ln115_91 = add i13 %tmp_454, i13 1" [firmware/nnet_utils/nnet_activation.h:115]   --->   Operation 563 'add' 'add_ln115_91' <Predicate = true> <Delay = 2.13> <CoreInst = "Adder">   --->   Core 1 'Adder' <Latency = 0> <II = 1> <Delay = 2.13> <FuncUnit> <Opcode : 'add' 'sub'> <InPorts = 2> <OutPorts = 1>
ST_1 : Operation 564 [1/1] (0.00ns)   --->   "%tmp_459 = partselect i13 @_ssdm_op_PartSelect.i13.i14.i32.i32, i14 %data_92_val_read, i32 1, i32 13" [firmware/nnet_utils/nnet_activation.h:115]   --->   Operation 564 'partselect' 'tmp_459' <Predicate = true> <Delay = 0.00>
ST_1 : Operation 565 [1/1] (0.00ns)   --->   "%trunc_ln115_92 = trunc i14 %data_92_val_read" [firmware/nnet_utils/nnet_activation.h:115]   --->   Operation 565 'trunc' 'trunc_ln115_92' <Predicate = true> <Delay = 0.00>
ST_1 : Operation 566 [1/1] (0.00ns)   --->   "%tmp_462 = bitconcatenate i7 @_ssdm_op_BitConcatenate.i7.i1.i6, i1 %trunc_ln115_92, i6 0" [firmware/nnet_utils/nnet_activation.h:115]   --->   Operation 566 'bitconcatenate' 'tmp_462' <Predicate = true> <Delay = 0.00>
ST_1 : Operation 567 [1/1] (2.03ns)   --->   "%icmp_ln115_92 = icmp_ne  i7 %tmp_462, i7 0" [firmware/nnet_utils/nnet_activation.h:115]   --->   Operation 567 'icmp' 'icmp_ln115_92' <Predicate = true> <Delay = 2.03> <CoreInst = "Cmp">   --->   Core 9 'Cmp' <Latency = 0> <II = 1> <Delay = 2.03> <FuncUnit> <Opcode : 'seteq' 'setne' 'setle' 'setge' 'setlt' 'setgt'> <InPorts = 2> <OutPorts = 1>
ST_1 : Operation 568 [1/1] (2.13ns)   --->   "%add_ln115_92 = add i13 %tmp_459, i13 1" [firmware/nnet_utils/nnet_activation.h:115]   --->   Operation 568 'add' 'add_ln115_92' <Predicate = true> <Delay = 2.13> <CoreInst = "Adder">   --->   Core 1 'Adder' <Latency = 0> <II = 1> <Delay = 2.13> <FuncUnit> <Opcode : 'add' 'sub'> <InPorts = 2> <OutPorts = 1>
ST_1 : Operation 569 [1/1] (0.00ns)   --->   "%tmp_464 = partselect i13 @_ssdm_op_PartSelect.i13.i14.i32.i32, i14 %data_93_val_read, i32 1, i32 13" [firmware/nnet_utils/nnet_activation.h:115]   --->   Operation 569 'partselect' 'tmp_464' <Predicate = true> <Delay = 0.00>
ST_1 : Operation 570 [1/1] (0.00ns)   --->   "%trunc_ln115_93 = trunc i14 %data_93_val_read" [firmware/nnet_utils/nnet_activation.h:115]   --->   Operation 570 'trunc' 'trunc_ln115_93' <Predicate = true> <Delay = 0.00>
ST_1 : Operation 571 [1/1] (0.00ns)   --->   "%tmp_467 = bitconcatenate i7 @_ssdm_op_BitConcatenate.i7.i1.i6, i1 %trunc_ln115_93, i6 0" [firmware/nnet_utils/nnet_activation.h:115]   --->   Operation 571 'bitconcatenate' 'tmp_467' <Predicate = true> <Delay = 0.00>
ST_1 : Operation 572 [1/1] (2.03ns)   --->   "%icmp_ln115_93 = icmp_ne  i7 %tmp_467, i7 0" [firmware/nnet_utils/nnet_activation.h:115]   --->   Operation 572 'icmp' 'icmp_ln115_93' <Predicate = true> <Delay = 2.03> <CoreInst = "Cmp">   --->   Core 9 'Cmp' <Latency = 0> <II = 1> <Delay = 2.03> <FuncUnit> <Opcode : 'seteq' 'setne' 'setle' 'setge' 'setlt' 'setgt'> <InPorts = 2> <OutPorts = 1>
ST_1 : Operation 573 [1/1] (2.13ns)   --->   "%add_ln115_93 = add i13 %tmp_464, i13 1" [firmware/nnet_utils/nnet_activation.h:115]   --->   Operation 573 'add' 'add_ln115_93' <Predicate = true> <Delay = 2.13> <CoreInst = "Adder">   --->   Core 1 'Adder' <Latency = 0> <II = 1> <Delay = 2.13> <FuncUnit> <Opcode : 'add' 'sub'> <InPorts = 2> <OutPorts = 1>
ST_1 : Operation 574 [1/1] (0.00ns)   --->   "%tmp_469 = partselect i13 @_ssdm_op_PartSelect.i13.i14.i32.i32, i14 %data_94_val_read, i32 1, i32 13" [firmware/nnet_utils/nnet_activation.h:115]   --->   Operation 574 'partselect' 'tmp_469' <Predicate = true> <Delay = 0.00>
ST_1 : Operation 575 [1/1] (0.00ns)   --->   "%trunc_ln115_94 = trunc i14 %data_94_val_read" [firmware/nnet_utils/nnet_activation.h:115]   --->   Operation 575 'trunc' 'trunc_ln115_94' <Predicate = true> <Delay = 0.00>
ST_1 : Operation 576 [1/1] (0.00ns)   --->   "%tmp_472 = bitconcatenate i7 @_ssdm_op_BitConcatenate.i7.i1.i6, i1 %trunc_ln115_94, i6 0" [firmware/nnet_utils/nnet_activation.h:115]   --->   Operation 576 'bitconcatenate' 'tmp_472' <Predicate = true> <Delay = 0.00>
ST_1 : Operation 577 [1/1] (2.03ns)   --->   "%icmp_ln115_94 = icmp_ne  i7 %tmp_472, i7 0" [firmware/nnet_utils/nnet_activation.h:115]   --->   Operation 577 'icmp' 'icmp_ln115_94' <Predicate = true> <Delay = 2.03> <CoreInst = "Cmp">   --->   Core 9 'Cmp' <Latency = 0> <II = 1> <Delay = 2.03> <FuncUnit> <Opcode : 'seteq' 'setne' 'setle' 'setge' 'setlt' 'setgt'> <InPorts = 2> <OutPorts = 1>
ST_1 : Operation 578 [1/1] (2.13ns)   --->   "%add_ln115_94 = add i13 %tmp_469, i13 1" [firmware/nnet_utils/nnet_activation.h:115]   --->   Operation 578 'add' 'add_ln115_94' <Predicate = true> <Delay = 2.13> <CoreInst = "Adder">   --->   Core 1 'Adder' <Latency = 0> <II = 1> <Delay = 2.13> <FuncUnit> <Opcode : 'add' 'sub'> <InPorts = 2> <OutPorts = 1>
ST_1 : Operation 579 [1/1] (0.00ns)   --->   "%tmp_474 = partselect i13 @_ssdm_op_PartSelect.i13.i14.i32.i32, i14 %data_95_val_read, i32 1, i32 13" [firmware/nnet_utils/nnet_activation.h:115]   --->   Operation 579 'partselect' 'tmp_474' <Predicate = true> <Delay = 0.00>
ST_1 : Operation 580 [1/1] (0.00ns)   --->   "%trunc_ln115_95 = trunc i14 %data_95_val_read" [firmware/nnet_utils/nnet_activation.h:115]   --->   Operation 580 'trunc' 'trunc_ln115_95' <Predicate = true> <Delay = 0.00>
ST_1 : Operation 581 [1/1] (0.00ns)   --->   "%tmp_477 = bitconcatenate i7 @_ssdm_op_BitConcatenate.i7.i1.i6, i1 %trunc_ln115_95, i6 0" [firmware/nnet_utils/nnet_activation.h:115]   --->   Operation 581 'bitconcatenate' 'tmp_477' <Predicate = true> <Delay = 0.00>
ST_1 : Operation 582 [1/1] (2.03ns)   --->   "%icmp_ln115_95 = icmp_ne  i7 %tmp_477, i7 0" [firmware/nnet_utils/nnet_activation.h:115]   --->   Operation 582 'icmp' 'icmp_ln115_95' <Predicate = true> <Delay = 2.03> <CoreInst = "Cmp">   --->   Core 9 'Cmp' <Latency = 0> <II = 1> <Delay = 2.03> <FuncUnit> <Opcode : 'seteq' 'setne' 'setle' 'setge' 'setlt' 'setgt'> <InPorts = 2> <OutPorts = 1>
ST_1 : Operation 583 [1/1] (2.13ns)   --->   "%add_ln115_95 = add i13 %tmp_474, i13 1" [firmware/nnet_utils/nnet_activation.h:115]   --->   Operation 583 'add' 'add_ln115_95' <Predicate = true> <Delay = 2.13> <CoreInst = "Adder">   --->   Core 1 'Adder' <Latency = 0> <II = 1> <Delay = 2.13> <FuncUnit> <Opcode : 'add' 'sub'> <InPorts = 2> <OutPorts = 1>

State 2 <SV = 1> <Delay = 2.82>
ST_2 : Operation 584 [1/1] (0.00ns) (grouped into LUT with out node index)   --->   "%tmp = bitselect i1 @_ssdm_op_BitSelect.i1.i14.i32, i14 %data_0_val_read, i32 13" [firmware/nnet_utils/nnet_activation.h:115]   --->   Operation 584 'bitselect' 'tmp' <Predicate = true> <Delay = 0.00>
ST_2 : Operation 585 [1/1] (0.00ns) (grouped into LUT with out node index)   --->   "%select_ln115 = select i1 %icmp_ln115, i13 %add_ln115, i13 %tmp_1" [firmware/nnet_utils/nnet_activation.h:115]   --->   Operation 585 'select' 'select_ln115' <Predicate = true> <Delay = 0.00> <CoreInst = "Sel">   --->   Core 73 'Sel' <Latency = 0> <II = 1> <Delay = 0.69> <FuncUnit> <Opcode : 'select'> <InPorts = 3> <OutPorts = 1>
ST_2 : Operation 586 [1/1] (0.00ns) (grouped into LUT with out node index)   --->   "%data_round = select i1 %tmp, i13 %select_ln115, i13 %tmp_1" [firmware/nnet_utils/nnet_activation.h:115]   --->   Operation 586 'select' 'data_round' <Predicate = true> <Delay = 0.00> <CoreInst = "Sel">   --->   Core 73 'Sel' <Latency = 0> <II = 1> <Delay = 0.69> <FuncUnit> <Opcode : 'select'> <InPorts = 3> <OutPorts = 1>
ST_2 : Operation 587 [1/1] (0.00ns) (grouped into LUT with out node index)   --->   "%sext_ln112 = sext i13 %data_round" [firmware/nnet_utils/nnet_activation.h:112]   --->   Operation 587 'sext' 'sext_ln112' <Predicate = true> <Delay = 0.00>
ST_2 : Operation 588 [1/1] (2.13ns) (out node of the LUT)   --->   "%index = add i14 %sext_ln112, i14 512" [firmware/nnet_utils/nnet_activation.h:116]   --->   Operation 588 'add' 'index' <Predicate = true> <Delay = 2.13> <CoreInst = "Adder">   --->   Core 1 'Adder' <Latency = 0> <II = 1> <Delay = 2.13> <FuncUnit> <Opcode : 'add' 'sub'> <InPorts = 2> <OutPorts = 1>
ST_2 : Operation 589 [1/1] (0.00ns)   --->   "%trunc_ln113 = trunc i14 %index" [firmware/nnet_utils/nnet_activation.h:113]   --->   Operation 589 'trunc' 'trunc_ln113' <Predicate = true> <Delay = 0.00>
ST_2 : Operation 590 [1/1] (0.00ns)   --->   "%tmp_96 = bitselect i1 @_ssdm_op_BitSelect.i1.i14.i32, i14 %index, i32 13" [firmware/nnet_utils/nnet_activation.h:117]   --->   Operation 590 'bitselect' 'tmp_96' <Predicate = true> <Delay = 0.00>
ST_2 : Operation 591 [1/1] (0.69ns)   --->   "%index_96 = select i1 %tmp_96, i13 0, i13 %trunc_ln113" [firmware/nnet_utils/nnet_activation.h:117]   --->   Operation 591 'select' 'index_96' <Predicate = true> <Delay = 0.69> <CoreInst = "Sel">   --->   Core 73 'Sel' <Latency = 0> <II = 1> <Delay = 0.69> <FuncUnit> <Opcode : 'select'> <InPorts = 3> <OutPorts = 1>
ST_2 : Operation 592 [1/1] (0.00ns)   --->   "%trunc_ln113_1 = trunc i13 %index_96" [firmware/nnet_utils/nnet_activation.h:113]   --->   Operation 592 'trunc' 'trunc_ln113_1' <Predicate = true> <Delay = 0.00>
ST_2 : Operation 593 [1/1] (0.00ns)   --->   "%tmp_98 = partselect i3 @_ssdm_op_PartSelect.i3.i13.i32.i32, i13 %index_96, i32 10, i32 12" [firmware/nnet_utils/nnet_activation.h:119]   --->   Operation 593 'partselect' 'tmp_98' <Predicate = true> <Delay = 0.00>
ST_2 : Operation 594 [1/1] (0.00ns) (grouped into LUT with out node index_98)   --->   "%tmp_101 = bitselect i1 @_ssdm_op_BitSelect.i1.i14.i32, i14 %data_1_val_read, i32 13" [firmware/nnet_utils/nnet_activation.h:115]   --->   Operation 594 'bitselect' 'tmp_101' <Predicate = true> <Delay = 0.00>
ST_2 : Operation 595 [1/1] (0.00ns) (grouped into LUT with out node index_98)   --->   "%select_ln115_1 = select i1 %icmp_ln115_1, i13 %add_ln115_1, i13 %tmp_2" [firmware/nnet_utils/nnet_activation.h:115]   --->   Operation 595 'select' 'select_ln115_1' <Predicate = true> <Delay = 0.00> <CoreInst = "Sel">   --->   Core 73 'Sel' <Latency = 0> <II = 1> <Delay = 0.69> <FuncUnit> <Opcode : 'select'> <InPorts = 3> <OutPorts = 1>
ST_2 : Operation 596 [1/1] (0.00ns) (grouped into LUT with out node index_98)   --->   "%data_round_1 = select i1 %tmp_101, i13 %select_ln115_1, i13 %tmp_2" [firmware/nnet_utils/nnet_activation.h:115]   --->   Operation 596 'select' 'data_round_1' <Predicate = true> <Delay = 0.00> <CoreInst = "Sel">   --->   Core 73 'Sel' <Latency = 0> <II = 1> <Delay = 0.69> <FuncUnit> <Opcode : 'select'> <InPorts = 3> <OutPorts = 1>
ST_2 : Operation 597 [1/1] (0.00ns) (grouped into LUT with out node index_98)   --->   "%sext_ln112_1 = sext i13 %data_round_1" [firmware/nnet_utils/nnet_activation.h:112]   --->   Operation 597 'sext' 'sext_ln112_1' <Predicate = true> <Delay = 0.00>
ST_2 : Operation 598 [1/1] (2.13ns) (out node of the LUT)   --->   "%index_98 = add i14 %sext_ln112_1, i14 512" [firmware/nnet_utils/nnet_activation.h:116]   --->   Operation 598 'add' 'index_98' <Predicate = true> <Delay = 2.13> <CoreInst = "Adder">   --->   Core 1 'Adder' <Latency = 0> <II = 1> <Delay = 2.13> <FuncUnit> <Opcode : 'add' 'sub'> <InPorts = 2> <OutPorts = 1>
ST_2 : Operation 599 [1/1] (0.00ns)   --->   "%trunc_ln113_2 = trunc i14 %index_98" [firmware/nnet_utils/nnet_activation.h:113]   --->   Operation 599 'trunc' 'trunc_ln113_2' <Predicate = true> <Delay = 0.00>
ST_2 : Operation 600 [1/1] (0.00ns)   --->   "%tmp_103 = bitselect i1 @_ssdm_op_BitSelect.i1.i14.i32, i14 %index_98, i32 13" [firmware/nnet_utils/nnet_activation.h:117]   --->   Operation 600 'bitselect' 'tmp_103' <Predicate = true> <Delay = 0.00>
ST_2 : Operation 601 [1/1] (0.69ns)   --->   "%index_99 = select i1 %tmp_103, i13 0, i13 %trunc_ln113_2" [firmware/nnet_utils/nnet_activation.h:117]   --->   Operation 601 'select' 'index_99' <Predicate = true> <Delay = 0.69> <CoreInst = "Sel">   --->   Core 73 'Sel' <Latency = 0> <II = 1> <Delay = 0.69> <FuncUnit> <Opcode : 'select'> <InPorts = 3> <OutPorts = 1>
ST_2 : Operation 602 [1/1] (0.00ns)   --->   "%trunc_ln113_3 = trunc i13 %index_99" [firmware/nnet_utils/nnet_activation.h:113]   --->   Operation 602 'trunc' 'trunc_ln113_3' <Predicate = true> <Delay = 0.00>
ST_2 : Operation 603 [1/1] (0.00ns)   --->   "%tmp_105 = partselect i3 @_ssdm_op_PartSelect.i3.i13.i32.i32, i13 %index_99, i32 10, i32 12" [firmware/nnet_utils/nnet_activation.h:119]   --->   Operation 603 'partselect' 'tmp_105' <Predicate = true> <Delay = 0.00>
ST_2 : Operation 604 [1/1] (0.00ns) (grouped into LUT with out node index_101)   --->   "%tmp_108 = bitselect i1 @_ssdm_op_BitSelect.i1.i14.i32, i14 %data_2_val_read, i32 13" [firmware/nnet_utils/nnet_activation.h:115]   --->   Operation 604 'bitselect' 'tmp_108' <Predicate = true> <Delay = 0.00>
ST_2 : Operation 605 [1/1] (0.00ns) (grouped into LUT with out node index_101)   --->   "%select_ln115_2 = select i1 %icmp_ln115_2, i13 %add_ln115_2, i13 %tmp_4" [firmware/nnet_utils/nnet_activation.h:115]   --->   Operation 605 'select' 'select_ln115_2' <Predicate = true> <Delay = 0.00> <CoreInst = "Sel">   --->   Core 73 'Sel' <Latency = 0> <II = 1> <Delay = 0.69> <FuncUnit> <Opcode : 'select'> <InPorts = 3> <OutPorts = 1>
ST_2 : Operation 606 [1/1] (0.00ns) (grouped into LUT with out node index_101)   --->   "%data_round_2 = select i1 %tmp_108, i13 %select_ln115_2, i13 %tmp_4" [firmware/nnet_utils/nnet_activation.h:115]   --->   Operation 606 'select' 'data_round_2' <Predicate = true> <Delay = 0.00> <CoreInst = "Sel">   --->   Core 73 'Sel' <Latency = 0> <II = 1> <Delay = 0.69> <FuncUnit> <Opcode : 'select'> <InPorts = 3> <OutPorts = 1>
ST_2 : Operation 607 [1/1] (0.00ns) (grouped into LUT with out node index_101)   --->   "%sext_ln112_2 = sext i13 %data_round_2" [firmware/nnet_utils/nnet_activation.h:112]   --->   Operation 607 'sext' 'sext_ln112_2' <Predicate = true> <Delay = 0.00>
ST_2 : Operation 608 [1/1] (2.13ns) (out node of the LUT)   --->   "%index_101 = add i14 %sext_ln112_2, i14 512" [firmware/nnet_utils/nnet_activation.h:116]   --->   Operation 608 'add' 'index_101' <Predicate = true> <Delay = 2.13> <CoreInst = "Adder">   --->   Core 1 'Adder' <Latency = 0> <II = 1> <Delay = 2.13> <FuncUnit> <Opcode : 'add' 'sub'> <InPorts = 2> <OutPorts = 1>
ST_2 : Operation 609 [1/1] (0.00ns)   --->   "%trunc_ln113_4 = trunc i14 %index_101" [firmware/nnet_utils/nnet_activation.h:113]   --->   Operation 609 'trunc' 'trunc_ln113_4' <Predicate = true> <Delay = 0.00>
ST_2 : Operation 610 [1/1] (0.00ns)   --->   "%tmp_110 = bitselect i1 @_ssdm_op_BitSelect.i1.i14.i32, i14 %index_101, i32 13" [firmware/nnet_utils/nnet_activation.h:117]   --->   Operation 610 'bitselect' 'tmp_110' <Predicate = true> <Delay = 0.00>
ST_2 : Operation 611 [1/1] (0.69ns)   --->   "%index_102 = select i1 %tmp_110, i13 0, i13 %trunc_ln113_4" [firmware/nnet_utils/nnet_activation.h:117]   --->   Operation 611 'select' 'index_102' <Predicate = true> <Delay = 0.69> <CoreInst = "Sel">   --->   Core 73 'Sel' <Latency = 0> <II = 1> <Delay = 0.69> <FuncUnit> <Opcode : 'select'> <InPorts = 3> <OutPorts = 1>
ST_2 : Operation 612 [1/1] (0.00ns)   --->   "%trunc_ln113_5 = trunc i13 %index_102" [firmware/nnet_utils/nnet_activation.h:113]   --->   Operation 612 'trunc' 'trunc_ln113_5' <Predicate = true> <Delay = 0.00>
ST_2 : Operation 613 [1/1] (0.00ns)   --->   "%tmp_111 = partselect i3 @_ssdm_op_PartSelect.i3.i13.i32.i32, i13 %index_102, i32 10, i32 12" [firmware/nnet_utils/nnet_activation.h:119]   --->   Operation 613 'partselect' 'tmp_111' <Predicate = true> <Delay = 0.00>
ST_2 : Operation 614 [1/1] (0.00ns) (grouped into LUT with out node index_104)   --->   "%tmp_115 = bitselect i1 @_ssdm_op_BitSelect.i1.i14.i32, i14 %data_3_val_read, i32 13" [firmware/nnet_utils/nnet_activation.h:115]   --->   Operation 614 'bitselect' 'tmp_115' <Predicate = true> <Delay = 0.00>
ST_2 : Operation 615 [1/1] (0.00ns) (grouped into LUT with out node index_104)   --->   "%select_ln115_3 = select i1 %icmp_ln115_3, i13 %add_ln115_3, i13 %tmp_6" [firmware/nnet_utils/nnet_activation.h:115]   --->   Operation 615 'select' 'select_ln115_3' <Predicate = true> <Delay = 0.00> <CoreInst = "Sel">   --->   Core 73 'Sel' <Latency = 0> <II = 1> <Delay = 0.69> <FuncUnit> <Opcode : 'select'> <InPorts = 3> <OutPorts = 1>
ST_2 : Operation 616 [1/1] (0.00ns) (grouped into LUT with out node index_104)   --->   "%data_round_3 = select i1 %tmp_115, i13 %select_ln115_3, i13 %tmp_6" [firmware/nnet_utils/nnet_activation.h:115]   --->   Operation 616 'select' 'data_round_3' <Predicate = true> <Delay = 0.00> <CoreInst = "Sel">   --->   Core 73 'Sel' <Latency = 0> <II = 1> <Delay = 0.69> <FuncUnit> <Opcode : 'select'> <InPorts = 3> <OutPorts = 1>
ST_2 : Operation 617 [1/1] (0.00ns) (grouped into LUT with out node index_104)   --->   "%sext_ln112_3 = sext i13 %data_round_3" [firmware/nnet_utils/nnet_activation.h:112]   --->   Operation 617 'sext' 'sext_ln112_3' <Predicate = true> <Delay = 0.00>
ST_2 : Operation 618 [1/1] (2.13ns) (out node of the LUT)   --->   "%index_104 = add i14 %sext_ln112_3, i14 512" [firmware/nnet_utils/nnet_activation.h:116]   --->   Operation 618 'add' 'index_104' <Predicate = true> <Delay = 2.13> <CoreInst = "Adder">   --->   Core 1 'Adder' <Latency = 0> <II = 1> <Delay = 2.13> <FuncUnit> <Opcode : 'add' 'sub'> <InPorts = 2> <OutPorts = 1>
ST_2 : Operation 619 [1/1] (0.00ns)   --->   "%trunc_ln113_6 = trunc i14 %index_104" [firmware/nnet_utils/nnet_activation.h:113]   --->   Operation 619 'trunc' 'trunc_ln113_6' <Predicate = true> <Delay = 0.00>
ST_2 : Operation 620 [1/1] (0.00ns)   --->   "%tmp_116 = bitselect i1 @_ssdm_op_BitSelect.i1.i14.i32, i14 %index_104, i32 13" [firmware/nnet_utils/nnet_activation.h:117]   --->   Operation 620 'bitselect' 'tmp_116' <Predicate = true> <Delay = 0.00>
ST_2 : Operation 621 [1/1] (0.69ns)   --->   "%index_105 = select i1 %tmp_116, i13 0, i13 %trunc_ln113_6" [firmware/nnet_utils/nnet_activation.h:117]   --->   Operation 621 'select' 'index_105' <Predicate = true> <Delay = 0.69> <CoreInst = "Sel">   --->   Core 73 'Sel' <Latency = 0> <II = 1> <Delay = 0.69> <FuncUnit> <Opcode : 'select'> <InPorts = 3> <OutPorts = 1>
ST_2 : Operation 622 [1/1] (0.00ns)   --->   "%trunc_ln113_7 = trunc i13 %index_105" [firmware/nnet_utils/nnet_activation.h:113]   --->   Operation 622 'trunc' 'trunc_ln113_7' <Predicate = true> <Delay = 0.00>
ST_2 : Operation 623 [1/1] (0.00ns)   --->   "%tmp_118 = partselect i3 @_ssdm_op_PartSelect.i3.i13.i32.i32, i13 %index_105, i32 10, i32 12" [firmware/nnet_utils/nnet_activation.h:119]   --->   Operation 623 'partselect' 'tmp_118' <Predicate = true> <Delay = 0.00>
ST_2 : Operation 624 [1/1] (0.00ns) (grouped into LUT with out node index_107)   --->   "%tmp_121 = bitselect i1 @_ssdm_op_BitSelect.i1.i14.i32, i14 %data_4_val_read, i32 13" [firmware/nnet_utils/nnet_activation.h:115]   --->   Operation 624 'bitselect' 'tmp_121' <Predicate = true> <Delay = 0.00>
ST_2 : Operation 625 [1/1] (0.00ns) (grouped into LUT with out node index_107)   --->   "%select_ln115_4 = select i1 %icmp_ln115_4, i13 %add_ln115_4, i13 %tmp_8" [firmware/nnet_utils/nnet_activation.h:115]   --->   Operation 625 'select' 'select_ln115_4' <Predicate = true> <Delay = 0.00> <CoreInst = "Sel">   --->   Core 73 'Sel' <Latency = 0> <II = 1> <Delay = 0.69> <FuncUnit> <Opcode : 'select'> <InPorts = 3> <OutPorts = 1>
ST_2 : Operation 626 [1/1] (0.00ns) (grouped into LUT with out node index_107)   --->   "%data_round_4 = select i1 %tmp_121, i13 %select_ln115_4, i13 %tmp_8" [firmware/nnet_utils/nnet_activation.h:115]   --->   Operation 626 'select' 'data_round_4' <Predicate = true> <Delay = 0.00> <CoreInst = "Sel">   --->   Core 73 'Sel' <Latency = 0> <II = 1> <Delay = 0.69> <FuncUnit> <Opcode : 'select'> <InPorts = 3> <OutPorts = 1>
ST_2 : Operation 627 [1/1] (0.00ns) (grouped into LUT with out node index_107)   --->   "%sext_ln112_4 = sext i13 %data_round_4" [firmware/nnet_utils/nnet_activation.h:112]   --->   Operation 627 'sext' 'sext_ln112_4' <Predicate = true> <Delay = 0.00>
ST_2 : Operation 628 [1/1] (2.13ns) (out node of the LUT)   --->   "%index_107 = add i14 %sext_ln112_4, i14 512" [firmware/nnet_utils/nnet_activation.h:116]   --->   Operation 628 'add' 'index_107' <Predicate = true> <Delay = 2.13> <CoreInst = "Adder">   --->   Core 1 'Adder' <Latency = 0> <II = 1> <Delay = 2.13> <FuncUnit> <Opcode : 'add' 'sub'> <InPorts = 2> <OutPorts = 1>
ST_2 : Operation 629 [1/1] (0.00ns)   --->   "%trunc_ln113_8 = trunc i14 %index_107" [firmware/nnet_utils/nnet_activation.h:113]   --->   Operation 629 'trunc' 'trunc_ln113_8' <Predicate = true> <Delay = 0.00>
ST_2 : Operation 630 [1/1] (0.00ns)   --->   "%tmp_123 = bitselect i1 @_ssdm_op_BitSelect.i1.i14.i32, i14 %index_107, i32 13" [firmware/nnet_utils/nnet_activation.h:117]   --->   Operation 630 'bitselect' 'tmp_123' <Predicate = true> <Delay = 0.00>
ST_2 : Operation 631 [1/1] (0.69ns)   --->   "%index_108 = select i1 %tmp_123, i13 0, i13 %trunc_ln113_8" [firmware/nnet_utils/nnet_activation.h:117]   --->   Operation 631 'select' 'index_108' <Predicate = true> <Delay = 0.69> <CoreInst = "Sel">   --->   Core 73 'Sel' <Latency = 0> <II = 1> <Delay = 0.69> <FuncUnit> <Opcode : 'select'> <InPorts = 3> <OutPorts = 1>
ST_2 : Operation 632 [1/1] (0.00ns)   --->   "%trunc_ln113_9 = trunc i13 %index_108" [firmware/nnet_utils/nnet_activation.h:113]   --->   Operation 632 'trunc' 'trunc_ln113_9' <Predicate = true> <Delay = 0.00>
ST_2 : Operation 633 [1/1] (0.00ns)   --->   "%tmp_125 = partselect i3 @_ssdm_op_PartSelect.i3.i13.i32.i32, i13 %index_108, i32 10, i32 12" [firmware/nnet_utils/nnet_activation.h:119]   --->   Operation 633 'partselect' 'tmp_125' <Predicate = true> <Delay = 0.00>
ST_2 : Operation 634 [1/1] (0.00ns) (grouped into LUT with out node index_110)   --->   "%tmp_128 = bitselect i1 @_ssdm_op_BitSelect.i1.i14.i32, i14 %data_5_val_read, i32 13" [firmware/nnet_utils/nnet_activation.h:115]   --->   Operation 634 'bitselect' 'tmp_128' <Predicate = true> <Delay = 0.00>
ST_2 : Operation 635 [1/1] (0.00ns) (grouped into LUT with out node index_110)   --->   "%select_ln115_5 = select i1 %icmp_ln115_5, i13 %add_ln115_5, i13 %tmp_10" [firmware/nnet_utils/nnet_activation.h:115]   --->   Operation 635 'select' 'select_ln115_5' <Predicate = true> <Delay = 0.00> <CoreInst = "Sel">   --->   Core 73 'Sel' <Latency = 0> <II = 1> <Delay = 0.69> <FuncUnit> <Opcode : 'select'> <InPorts = 3> <OutPorts = 1>
ST_2 : Operation 636 [1/1] (0.00ns) (grouped into LUT with out node index_110)   --->   "%data_round_5 = select i1 %tmp_128, i13 %select_ln115_5, i13 %tmp_10" [firmware/nnet_utils/nnet_activation.h:115]   --->   Operation 636 'select' 'data_round_5' <Predicate = true> <Delay = 0.00> <CoreInst = "Sel">   --->   Core 73 'Sel' <Latency = 0> <II = 1> <Delay = 0.69> <FuncUnit> <Opcode : 'select'> <InPorts = 3> <OutPorts = 1>
ST_2 : Operation 637 [1/1] (0.00ns) (grouped into LUT with out node index_110)   --->   "%sext_ln112_5 = sext i13 %data_round_5" [firmware/nnet_utils/nnet_activation.h:112]   --->   Operation 637 'sext' 'sext_ln112_5' <Predicate = true> <Delay = 0.00>
ST_2 : Operation 638 [1/1] (2.13ns) (out node of the LUT)   --->   "%index_110 = add i14 %sext_ln112_5, i14 512" [firmware/nnet_utils/nnet_activation.h:116]   --->   Operation 638 'add' 'index_110' <Predicate = true> <Delay = 2.13> <CoreInst = "Adder">   --->   Core 1 'Adder' <Latency = 0> <II = 1> <Delay = 2.13> <FuncUnit> <Opcode : 'add' 'sub'> <InPorts = 2> <OutPorts = 1>
ST_2 : Operation 639 [1/1] (0.00ns)   --->   "%trunc_ln113_10 = trunc i14 %index_110" [firmware/nnet_utils/nnet_activation.h:113]   --->   Operation 639 'trunc' 'trunc_ln113_10' <Predicate = true> <Delay = 0.00>
ST_2 : Operation 640 [1/1] (0.00ns)   --->   "%tmp_130 = bitselect i1 @_ssdm_op_BitSelect.i1.i14.i32, i14 %index_110, i32 13" [firmware/nnet_utils/nnet_activation.h:117]   --->   Operation 640 'bitselect' 'tmp_130' <Predicate = true> <Delay = 0.00>
ST_2 : Operation 641 [1/1] (0.69ns)   --->   "%index_111 = select i1 %tmp_130, i13 0, i13 %trunc_ln113_10" [firmware/nnet_utils/nnet_activation.h:117]   --->   Operation 641 'select' 'index_111' <Predicate = true> <Delay = 0.69> <CoreInst = "Sel">   --->   Core 73 'Sel' <Latency = 0> <II = 1> <Delay = 0.69> <FuncUnit> <Opcode : 'select'> <InPorts = 3> <OutPorts = 1>
ST_2 : Operation 642 [1/1] (0.00ns)   --->   "%trunc_ln113_11 = trunc i13 %index_111" [firmware/nnet_utils/nnet_activation.h:113]   --->   Operation 642 'trunc' 'trunc_ln113_11' <Predicate = true> <Delay = 0.00>
ST_2 : Operation 643 [1/1] (0.00ns)   --->   "%tmp_131 = partselect i3 @_ssdm_op_PartSelect.i3.i13.i32.i32, i13 %index_111, i32 10, i32 12" [firmware/nnet_utils/nnet_activation.h:119]   --->   Operation 643 'partselect' 'tmp_131' <Predicate = true> <Delay = 0.00>
ST_2 : Operation 644 [1/1] (0.00ns) (grouped into LUT with out node index_113)   --->   "%tmp_135 = bitselect i1 @_ssdm_op_BitSelect.i1.i14.i32, i14 %data_6_val_read, i32 13" [firmware/nnet_utils/nnet_activation.h:115]   --->   Operation 644 'bitselect' 'tmp_135' <Predicate = true> <Delay = 0.00>
ST_2 : Operation 645 [1/1] (0.00ns) (grouped into LUT with out node index_113)   --->   "%select_ln115_6 = select i1 %icmp_ln115_6, i13 %add_ln115_6, i13 %tmp_12" [firmware/nnet_utils/nnet_activation.h:115]   --->   Operation 645 'select' 'select_ln115_6' <Predicate = true> <Delay = 0.00> <CoreInst = "Sel">   --->   Core 73 'Sel' <Latency = 0> <II = 1> <Delay = 0.69> <FuncUnit> <Opcode : 'select'> <InPorts = 3> <OutPorts = 1>
ST_2 : Operation 646 [1/1] (0.00ns) (grouped into LUT with out node index_113)   --->   "%data_round_6 = select i1 %tmp_135, i13 %select_ln115_6, i13 %tmp_12" [firmware/nnet_utils/nnet_activation.h:115]   --->   Operation 646 'select' 'data_round_6' <Predicate = true> <Delay = 0.00> <CoreInst = "Sel">   --->   Core 73 'Sel' <Latency = 0> <II = 1> <Delay = 0.69> <FuncUnit> <Opcode : 'select'> <InPorts = 3> <OutPorts = 1>
ST_2 : Operation 647 [1/1] (0.00ns) (grouped into LUT with out node index_113)   --->   "%sext_ln112_6 = sext i13 %data_round_6" [firmware/nnet_utils/nnet_activation.h:112]   --->   Operation 647 'sext' 'sext_ln112_6' <Predicate = true> <Delay = 0.00>
ST_2 : Operation 648 [1/1] (2.13ns) (out node of the LUT)   --->   "%index_113 = add i14 %sext_ln112_6, i14 512" [firmware/nnet_utils/nnet_activation.h:116]   --->   Operation 648 'add' 'index_113' <Predicate = true> <Delay = 2.13> <CoreInst = "Adder">   --->   Core 1 'Adder' <Latency = 0> <II = 1> <Delay = 2.13> <FuncUnit> <Opcode : 'add' 'sub'> <InPorts = 2> <OutPorts = 1>
ST_2 : Operation 649 [1/1] (0.00ns)   --->   "%trunc_ln113_12 = trunc i14 %index_113" [firmware/nnet_utils/nnet_activation.h:113]   --->   Operation 649 'trunc' 'trunc_ln113_12' <Predicate = true> <Delay = 0.00>
ST_2 : Operation 650 [1/1] (0.00ns)   --->   "%tmp_136 = bitselect i1 @_ssdm_op_BitSelect.i1.i14.i32, i14 %index_113, i32 13" [firmware/nnet_utils/nnet_activation.h:117]   --->   Operation 650 'bitselect' 'tmp_136' <Predicate = true> <Delay = 0.00>
ST_2 : Operation 651 [1/1] (0.69ns)   --->   "%index_114 = select i1 %tmp_136, i13 0, i13 %trunc_ln113_12" [firmware/nnet_utils/nnet_activation.h:117]   --->   Operation 651 'select' 'index_114' <Predicate = true> <Delay = 0.69> <CoreInst = "Sel">   --->   Core 73 'Sel' <Latency = 0> <II = 1> <Delay = 0.69> <FuncUnit> <Opcode : 'select'> <InPorts = 3> <OutPorts = 1>
ST_2 : Operation 652 [1/1] (0.00ns)   --->   "%trunc_ln113_13 = trunc i13 %index_114" [firmware/nnet_utils/nnet_activation.h:113]   --->   Operation 652 'trunc' 'trunc_ln113_13' <Predicate = true> <Delay = 0.00>
ST_2 : Operation 653 [1/1] (0.00ns)   --->   "%tmp_138 = partselect i3 @_ssdm_op_PartSelect.i3.i13.i32.i32, i13 %index_114, i32 10, i32 12" [firmware/nnet_utils/nnet_activation.h:119]   --->   Operation 653 'partselect' 'tmp_138' <Predicate = true> <Delay = 0.00>
ST_2 : Operation 654 [1/1] (0.00ns) (grouped into LUT with out node index_116)   --->   "%tmp_141 = bitselect i1 @_ssdm_op_BitSelect.i1.i14.i32, i14 %data_7_val_read, i32 13" [firmware/nnet_utils/nnet_activation.h:115]   --->   Operation 654 'bitselect' 'tmp_141' <Predicate = true> <Delay = 0.00>
ST_2 : Operation 655 [1/1] (0.00ns) (grouped into LUT with out node index_116)   --->   "%select_ln115_7 = select i1 %icmp_ln115_7, i13 %add_ln115_7, i13 %tmp_14" [firmware/nnet_utils/nnet_activation.h:115]   --->   Operation 655 'select' 'select_ln115_7' <Predicate = true> <Delay = 0.00> <CoreInst = "Sel">   --->   Core 73 'Sel' <Latency = 0> <II = 1> <Delay = 0.69> <FuncUnit> <Opcode : 'select'> <InPorts = 3> <OutPorts = 1>
ST_2 : Operation 656 [1/1] (0.00ns) (grouped into LUT with out node index_116)   --->   "%data_round_7 = select i1 %tmp_141, i13 %select_ln115_7, i13 %tmp_14" [firmware/nnet_utils/nnet_activation.h:115]   --->   Operation 656 'select' 'data_round_7' <Predicate = true> <Delay = 0.00> <CoreInst = "Sel">   --->   Core 73 'Sel' <Latency = 0> <II = 1> <Delay = 0.69> <FuncUnit> <Opcode : 'select'> <InPorts = 3> <OutPorts = 1>
ST_2 : Operation 657 [1/1] (0.00ns) (grouped into LUT with out node index_116)   --->   "%sext_ln112_7 = sext i13 %data_round_7" [firmware/nnet_utils/nnet_activation.h:112]   --->   Operation 657 'sext' 'sext_ln112_7' <Predicate = true> <Delay = 0.00>
ST_2 : Operation 658 [1/1] (2.13ns) (out node of the LUT)   --->   "%index_116 = add i14 %sext_ln112_7, i14 512" [firmware/nnet_utils/nnet_activation.h:116]   --->   Operation 658 'add' 'index_116' <Predicate = true> <Delay = 2.13> <CoreInst = "Adder">   --->   Core 1 'Adder' <Latency = 0> <II = 1> <Delay = 2.13> <FuncUnit> <Opcode : 'add' 'sub'> <InPorts = 2> <OutPorts = 1>
ST_2 : Operation 659 [1/1] (0.00ns)   --->   "%trunc_ln113_14 = trunc i14 %index_116" [firmware/nnet_utils/nnet_activation.h:113]   --->   Operation 659 'trunc' 'trunc_ln113_14' <Predicate = true> <Delay = 0.00>
ST_2 : Operation 660 [1/1] (0.00ns)   --->   "%tmp_143 = bitselect i1 @_ssdm_op_BitSelect.i1.i14.i32, i14 %index_116, i32 13" [firmware/nnet_utils/nnet_activation.h:117]   --->   Operation 660 'bitselect' 'tmp_143' <Predicate = true> <Delay = 0.00>
ST_2 : Operation 661 [1/1] (0.69ns)   --->   "%index_117 = select i1 %tmp_143, i13 0, i13 %trunc_ln113_14" [firmware/nnet_utils/nnet_activation.h:117]   --->   Operation 661 'select' 'index_117' <Predicate = true> <Delay = 0.69> <CoreInst = "Sel">   --->   Core 73 'Sel' <Latency = 0> <II = 1> <Delay = 0.69> <FuncUnit> <Opcode : 'select'> <InPorts = 3> <OutPorts = 1>
ST_2 : Operation 662 [1/1] (0.00ns)   --->   "%trunc_ln113_15 = trunc i13 %index_117" [firmware/nnet_utils/nnet_activation.h:113]   --->   Operation 662 'trunc' 'trunc_ln113_15' <Predicate = true> <Delay = 0.00>
ST_2 : Operation 663 [1/1] (0.00ns)   --->   "%tmp_145 = partselect i3 @_ssdm_op_PartSelect.i3.i13.i32.i32, i13 %index_117, i32 10, i32 12" [firmware/nnet_utils/nnet_activation.h:119]   --->   Operation 663 'partselect' 'tmp_145' <Predicate = true> <Delay = 0.00>
ST_2 : Operation 664 [1/1] (0.00ns) (grouped into LUT with out node index_119)   --->   "%tmp_148 = bitselect i1 @_ssdm_op_BitSelect.i1.i14.i32, i14 %data_8_val_read, i32 13" [firmware/nnet_utils/nnet_activation.h:115]   --->   Operation 664 'bitselect' 'tmp_148' <Predicate = true> <Delay = 0.00>
ST_2 : Operation 665 [1/1] (0.00ns) (grouped into LUT with out node index_119)   --->   "%select_ln115_8 = select i1 %icmp_ln115_8, i13 %add_ln115_8, i13 %tmp_16" [firmware/nnet_utils/nnet_activation.h:115]   --->   Operation 665 'select' 'select_ln115_8' <Predicate = true> <Delay = 0.00> <CoreInst = "Sel">   --->   Core 73 'Sel' <Latency = 0> <II = 1> <Delay = 0.69> <FuncUnit> <Opcode : 'select'> <InPorts = 3> <OutPorts = 1>
ST_2 : Operation 666 [1/1] (0.00ns) (grouped into LUT with out node index_119)   --->   "%data_round_8 = select i1 %tmp_148, i13 %select_ln115_8, i13 %tmp_16" [firmware/nnet_utils/nnet_activation.h:115]   --->   Operation 666 'select' 'data_round_8' <Predicate = true> <Delay = 0.00> <CoreInst = "Sel">   --->   Core 73 'Sel' <Latency = 0> <II = 1> <Delay = 0.69> <FuncUnit> <Opcode : 'select'> <InPorts = 3> <OutPorts = 1>
ST_2 : Operation 667 [1/1] (0.00ns) (grouped into LUT with out node index_119)   --->   "%sext_ln112_8 = sext i13 %data_round_8" [firmware/nnet_utils/nnet_activation.h:112]   --->   Operation 667 'sext' 'sext_ln112_8' <Predicate = true> <Delay = 0.00>
ST_2 : Operation 668 [1/1] (2.13ns) (out node of the LUT)   --->   "%index_119 = add i14 %sext_ln112_8, i14 512" [firmware/nnet_utils/nnet_activation.h:116]   --->   Operation 668 'add' 'index_119' <Predicate = true> <Delay = 2.13> <CoreInst = "Adder">   --->   Core 1 'Adder' <Latency = 0> <II = 1> <Delay = 2.13> <FuncUnit> <Opcode : 'add' 'sub'> <InPorts = 2> <OutPorts = 1>
ST_2 : Operation 669 [1/1] (0.00ns)   --->   "%trunc_ln113_16 = trunc i14 %index_119" [firmware/nnet_utils/nnet_activation.h:113]   --->   Operation 669 'trunc' 'trunc_ln113_16' <Predicate = true> <Delay = 0.00>
ST_2 : Operation 670 [1/1] (0.00ns)   --->   "%tmp_150 = bitselect i1 @_ssdm_op_BitSelect.i1.i14.i32, i14 %index_119, i32 13" [firmware/nnet_utils/nnet_activation.h:117]   --->   Operation 670 'bitselect' 'tmp_150' <Predicate = true> <Delay = 0.00>
ST_2 : Operation 671 [1/1] (0.69ns)   --->   "%index_120 = select i1 %tmp_150, i13 0, i13 %trunc_ln113_16" [firmware/nnet_utils/nnet_activation.h:117]   --->   Operation 671 'select' 'index_120' <Predicate = true> <Delay = 0.69> <CoreInst = "Sel">   --->   Core 73 'Sel' <Latency = 0> <II = 1> <Delay = 0.69> <FuncUnit> <Opcode : 'select'> <InPorts = 3> <OutPorts = 1>
ST_2 : Operation 672 [1/1] (0.00ns)   --->   "%trunc_ln113_17 = trunc i13 %index_120" [firmware/nnet_utils/nnet_activation.h:113]   --->   Operation 672 'trunc' 'trunc_ln113_17' <Predicate = true> <Delay = 0.00>
ST_2 : Operation 673 [1/1] (0.00ns)   --->   "%tmp_151 = partselect i3 @_ssdm_op_PartSelect.i3.i13.i32.i32, i13 %index_120, i32 10, i32 12" [firmware/nnet_utils/nnet_activation.h:119]   --->   Operation 673 'partselect' 'tmp_151' <Predicate = true> <Delay = 0.00>
ST_2 : Operation 674 [1/1] (0.00ns) (grouped into LUT with out node index_122)   --->   "%tmp_155 = bitselect i1 @_ssdm_op_BitSelect.i1.i14.i32, i14 %data_9_val_read, i32 13" [firmware/nnet_utils/nnet_activation.h:115]   --->   Operation 674 'bitselect' 'tmp_155' <Predicate = true> <Delay = 0.00>
ST_2 : Operation 675 [1/1] (0.00ns) (grouped into LUT with out node index_122)   --->   "%select_ln115_9 = select i1 %icmp_ln115_9, i13 %add_ln115_9, i13 %tmp_18" [firmware/nnet_utils/nnet_activation.h:115]   --->   Operation 675 'select' 'select_ln115_9' <Predicate = true> <Delay = 0.00> <CoreInst = "Sel">   --->   Core 73 'Sel' <Latency = 0> <II = 1> <Delay = 0.69> <FuncUnit> <Opcode : 'select'> <InPorts = 3> <OutPorts = 1>
ST_2 : Operation 676 [1/1] (0.00ns) (grouped into LUT with out node index_122)   --->   "%data_round_9 = select i1 %tmp_155, i13 %select_ln115_9, i13 %tmp_18" [firmware/nnet_utils/nnet_activation.h:115]   --->   Operation 676 'select' 'data_round_9' <Predicate = true> <Delay = 0.00> <CoreInst = "Sel">   --->   Core 73 'Sel' <Latency = 0> <II = 1> <Delay = 0.69> <FuncUnit> <Opcode : 'select'> <InPorts = 3> <OutPorts = 1>
ST_2 : Operation 677 [1/1] (0.00ns) (grouped into LUT with out node index_122)   --->   "%sext_ln112_9 = sext i13 %data_round_9" [firmware/nnet_utils/nnet_activation.h:112]   --->   Operation 677 'sext' 'sext_ln112_9' <Predicate = true> <Delay = 0.00>
ST_2 : Operation 678 [1/1] (2.13ns) (out node of the LUT)   --->   "%index_122 = add i14 %sext_ln112_9, i14 512" [firmware/nnet_utils/nnet_activation.h:116]   --->   Operation 678 'add' 'index_122' <Predicate = true> <Delay = 2.13> <CoreInst = "Adder">   --->   Core 1 'Adder' <Latency = 0> <II = 1> <Delay = 2.13> <FuncUnit> <Opcode : 'add' 'sub'> <InPorts = 2> <OutPorts = 1>
ST_2 : Operation 679 [1/1] (0.00ns)   --->   "%trunc_ln113_18 = trunc i14 %index_122" [firmware/nnet_utils/nnet_activation.h:113]   --->   Operation 679 'trunc' 'trunc_ln113_18' <Predicate = true> <Delay = 0.00>
ST_2 : Operation 680 [1/1] (0.00ns)   --->   "%tmp_156 = bitselect i1 @_ssdm_op_BitSelect.i1.i14.i32, i14 %index_122, i32 13" [firmware/nnet_utils/nnet_activation.h:117]   --->   Operation 680 'bitselect' 'tmp_156' <Predicate = true> <Delay = 0.00>
ST_2 : Operation 681 [1/1] (0.69ns)   --->   "%index_123 = select i1 %tmp_156, i13 0, i13 %trunc_ln113_18" [firmware/nnet_utils/nnet_activation.h:117]   --->   Operation 681 'select' 'index_123' <Predicate = true> <Delay = 0.69> <CoreInst = "Sel">   --->   Core 73 'Sel' <Latency = 0> <II = 1> <Delay = 0.69> <FuncUnit> <Opcode : 'select'> <InPorts = 3> <OutPorts = 1>
ST_2 : Operation 682 [1/1] (0.00ns)   --->   "%trunc_ln113_19 = trunc i13 %index_123" [firmware/nnet_utils/nnet_activation.h:113]   --->   Operation 682 'trunc' 'trunc_ln113_19' <Predicate = true> <Delay = 0.00>
ST_2 : Operation 683 [1/1] (0.00ns)   --->   "%tmp_158 = partselect i3 @_ssdm_op_PartSelect.i3.i13.i32.i32, i13 %index_123, i32 10, i32 12" [firmware/nnet_utils/nnet_activation.h:119]   --->   Operation 683 'partselect' 'tmp_158' <Predicate = true> <Delay = 0.00>
ST_2 : Operation 684 [1/1] (0.00ns) (grouped into LUT with out node index_125)   --->   "%tmp_161 = bitselect i1 @_ssdm_op_BitSelect.i1.i14.i32, i14 %data_10_val_read, i32 13" [firmware/nnet_utils/nnet_activation.h:115]   --->   Operation 684 'bitselect' 'tmp_161' <Predicate = true> <Delay = 0.00>
ST_2 : Operation 685 [1/1] (0.00ns) (grouped into LUT with out node index_125)   --->   "%select_ln115_10 = select i1 %icmp_ln115_10, i13 %add_ln115_10, i13 %tmp_20" [firmware/nnet_utils/nnet_activation.h:115]   --->   Operation 685 'select' 'select_ln115_10' <Predicate = true> <Delay = 0.00> <CoreInst = "Sel">   --->   Core 73 'Sel' <Latency = 0> <II = 1> <Delay = 0.69> <FuncUnit> <Opcode : 'select'> <InPorts = 3> <OutPorts = 1>
ST_2 : Operation 686 [1/1] (0.00ns) (grouped into LUT with out node index_125)   --->   "%data_round_10 = select i1 %tmp_161, i13 %select_ln115_10, i13 %tmp_20" [firmware/nnet_utils/nnet_activation.h:115]   --->   Operation 686 'select' 'data_round_10' <Predicate = true> <Delay = 0.00> <CoreInst = "Sel">   --->   Core 73 'Sel' <Latency = 0> <II = 1> <Delay = 0.69> <FuncUnit> <Opcode : 'select'> <InPorts = 3> <OutPorts = 1>
ST_2 : Operation 687 [1/1] (0.00ns) (grouped into LUT with out node index_125)   --->   "%sext_ln112_10 = sext i13 %data_round_10" [firmware/nnet_utils/nnet_activation.h:112]   --->   Operation 687 'sext' 'sext_ln112_10' <Predicate = true> <Delay = 0.00>
ST_2 : Operation 688 [1/1] (2.13ns) (out node of the LUT)   --->   "%index_125 = add i14 %sext_ln112_10, i14 512" [firmware/nnet_utils/nnet_activation.h:116]   --->   Operation 688 'add' 'index_125' <Predicate = true> <Delay = 2.13> <CoreInst = "Adder">   --->   Core 1 'Adder' <Latency = 0> <II = 1> <Delay = 2.13> <FuncUnit> <Opcode : 'add' 'sub'> <InPorts = 2> <OutPorts = 1>
ST_2 : Operation 689 [1/1] (0.00ns)   --->   "%trunc_ln113_20 = trunc i14 %index_125" [firmware/nnet_utils/nnet_activation.h:113]   --->   Operation 689 'trunc' 'trunc_ln113_20' <Predicate = true> <Delay = 0.00>
ST_2 : Operation 690 [1/1] (0.00ns)   --->   "%tmp_163 = bitselect i1 @_ssdm_op_BitSelect.i1.i14.i32, i14 %index_125, i32 13" [firmware/nnet_utils/nnet_activation.h:117]   --->   Operation 690 'bitselect' 'tmp_163' <Predicate = true> <Delay = 0.00>
ST_2 : Operation 691 [1/1] (0.69ns)   --->   "%index_126 = select i1 %tmp_163, i13 0, i13 %trunc_ln113_20" [firmware/nnet_utils/nnet_activation.h:117]   --->   Operation 691 'select' 'index_126' <Predicate = true> <Delay = 0.69> <CoreInst = "Sel">   --->   Core 73 'Sel' <Latency = 0> <II = 1> <Delay = 0.69> <FuncUnit> <Opcode : 'select'> <InPorts = 3> <OutPorts = 1>
ST_2 : Operation 692 [1/1] (0.00ns)   --->   "%trunc_ln113_21 = trunc i13 %index_126" [firmware/nnet_utils/nnet_activation.h:113]   --->   Operation 692 'trunc' 'trunc_ln113_21' <Predicate = true> <Delay = 0.00>
ST_2 : Operation 693 [1/1] (0.00ns)   --->   "%tmp_165 = partselect i3 @_ssdm_op_PartSelect.i3.i13.i32.i32, i13 %index_126, i32 10, i32 12" [firmware/nnet_utils/nnet_activation.h:119]   --->   Operation 693 'partselect' 'tmp_165' <Predicate = true> <Delay = 0.00>
ST_2 : Operation 694 [1/1] (0.00ns) (grouped into LUT with out node index_128)   --->   "%tmp_168 = bitselect i1 @_ssdm_op_BitSelect.i1.i14.i32, i14 %data_11_val_read, i32 13" [firmware/nnet_utils/nnet_activation.h:115]   --->   Operation 694 'bitselect' 'tmp_168' <Predicate = true> <Delay = 0.00>
ST_2 : Operation 695 [1/1] (0.00ns) (grouped into LUT with out node index_128)   --->   "%select_ln115_11 = select i1 %icmp_ln115_11, i13 %add_ln115_11, i13 %tmp_22" [firmware/nnet_utils/nnet_activation.h:115]   --->   Operation 695 'select' 'select_ln115_11' <Predicate = true> <Delay = 0.00> <CoreInst = "Sel">   --->   Core 73 'Sel' <Latency = 0> <II = 1> <Delay = 0.69> <FuncUnit> <Opcode : 'select'> <InPorts = 3> <OutPorts = 1>
ST_2 : Operation 696 [1/1] (0.00ns) (grouped into LUT with out node index_128)   --->   "%data_round_11 = select i1 %tmp_168, i13 %select_ln115_11, i13 %tmp_22" [firmware/nnet_utils/nnet_activation.h:115]   --->   Operation 696 'select' 'data_round_11' <Predicate = true> <Delay = 0.00> <CoreInst = "Sel">   --->   Core 73 'Sel' <Latency = 0> <II = 1> <Delay = 0.69> <FuncUnit> <Opcode : 'select'> <InPorts = 3> <OutPorts = 1>
ST_2 : Operation 697 [1/1] (0.00ns) (grouped into LUT with out node index_128)   --->   "%sext_ln112_11 = sext i13 %data_round_11" [firmware/nnet_utils/nnet_activation.h:112]   --->   Operation 697 'sext' 'sext_ln112_11' <Predicate = true> <Delay = 0.00>
ST_2 : Operation 698 [1/1] (2.13ns) (out node of the LUT)   --->   "%index_128 = add i14 %sext_ln112_11, i14 512" [firmware/nnet_utils/nnet_activation.h:116]   --->   Operation 698 'add' 'index_128' <Predicate = true> <Delay = 2.13> <CoreInst = "Adder">   --->   Core 1 'Adder' <Latency = 0> <II = 1> <Delay = 2.13> <FuncUnit> <Opcode : 'add' 'sub'> <InPorts = 2> <OutPorts = 1>
ST_2 : Operation 699 [1/1] (0.00ns)   --->   "%trunc_ln113_22 = trunc i14 %index_128" [firmware/nnet_utils/nnet_activation.h:113]   --->   Operation 699 'trunc' 'trunc_ln113_22' <Predicate = true> <Delay = 0.00>
ST_2 : Operation 700 [1/1] (0.00ns)   --->   "%tmp_170 = bitselect i1 @_ssdm_op_BitSelect.i1.i14.i32, i14 %index_128, i32 13" [firmware/nnet_utils/nnet_activation.h:117]   --->   Operation 700 'bitselect' 'tmp_170' <Predicate = true> <Delay = 0.00>
ST_2 : Operation 701 [1/1] (0.69ns)   --->   "%index_129 = select i1 %tmp_170, i13 0, i13 %trunc_ln113_22" [firmware/nnet_utils/nnet_activation.h:117]   --->   Operation 701 'select' 'index_129' <Predicate = true> <Delay = 0.69> <CoreInst = "Sel">   --->   Core 73 'Sel' <Latency = 0> <II = 1> <Delay = 0.69> <FuncUnit> <Opcode : 'select'> <InPorts = 3> <OutPorts = 1>
ST_2 : Operation 702 [1/1] (0.00ns)   --->   "%trunc_ln113_23 = trunc i13 %index_129" [firmware/nnet_utils/nnet_activation.h:113]   --->   Operation 702 'trunc' 'trunc_ln113_23' <Predicate = true> <Delay = 0.00>
ST_2 : Operation 703 [1/1] (0.00ns)   --->   "%tmp_171 = partselect i3 @_ssdm_op_PartSelect.i3.i13.i32.i32, i13 %index_129, i32 10, i32 12" [firmware/nnet_utils/nnet_activation.h:119]   --->   Operation 703 'partselect' 'tmp_171' <Predicate = true> <Delay = 0.00>
ST_2 : Operation 704 [1/1] (0.00ns) (grouped into LUT with out node index_131)   --->   "%tmp_175 = bitselect i1 @_ssdm_op_BitSelect.i1.i14.i32, i14 %data_12_val_read, i32 13" [firmware/nnet_utils/nnet_activation.h:115]   --->   Operation 704 'bitselect' 'tmp_175' <Predicate = true> <Delay = 0.00>
ST_2 : Operation 705 [1/1] (0.00ns) (grouped into LUT with out node index_131)   --->   "%select_ln115_12 = select i1 %icmp_ln115_12, i13 %add_ln115_12, i13 %tmp_24" [firmware/nnet_utils/nnet_activation.h:115]   --->   Operation 705 'select' 'select_ln115_12' <Predicate = true> <Delay = 0.00> <CoreInst = "Sel">   --->   Core 73 'Sel' <Latency = 0> <II = 1> <Delay = 0.69> <FuncUnit> <Opcode : 'select'> <InPorts = 3> <OutPorts = 1>
ST_2 : Operation 706 [1/1] (0.00ns) (grouped into LUT with out node index_131)   --->   "%data_round_12 = select i1 %tmp_175, i13 %select_ln115_12, i13 %tmp_24" [firmware/nnet_utils/nnet_activation.h:115]   --->   Operation 706 'select' 'data_round_12' <Predicate = true> <Delay = 0.00> <CoreInst = "Sel">   --->   Core 73 'Sel' <Latency = 0> <II = 1> <Delay = 0.69> <FuncUnit> <Opcode : 'select'> <InPorts = 3> <OutPorts = 1>
ST_2 : Operation 707 [1/1] (0.00ns) (grouped into LUT with out node index_131)   --->   "%sext_ln112_12 = sext i13 %data_round_12" [firmware/nnet_utils/nnet_activation.h:112]   --->   Operation 707 'sext' 'sext_ln112_12' <Predicate = true> <Delay = 0.00>
ST_2 : Operation 708 [1/1] (2.13ns) (out node of the LUT)   --->   "%index_131 = add i14 %sext_ln112_12, i14 512" [firmware/nnet_utils/nnet_activation.h:116]   --->   Operation 708 'add' 'index_131' <Predicate = true> <Delay = 2.13> <CoreInst = "Adder">   --->   Core 1 'Adder' <Latency = 0> <II = 1> <Delay = 2.13> <FuncUnit> <Opcode : 'add' 'sub'> <InPorts = 2> <OutPorts = 1>
ST_2 : Operation 709 [1/1] (0.00ns)   --->   "%trunc_ln113_24 = trunc i14 %index_131" [firmware/nnet_utils/nnet_activation.h:113]   --->   Operation 709 'trunc' 'trunc_ln113_24' <Predicate = true> <Delay = 0.00>
ST_2 : Operation 710 [1/1] (0.00ns)   --->   "%tmp_176 = bitselect i1 @_ssdm_op_BitSelect.i1.i14.i32, i14 %index_131, i32 13" [firmware/nnet_utils/nnet_activation.h:117]   --->   Operation 710 'bitselect' 'tmp_176' <Predicate = true> <Delay = 0.00>
ST_2 : Operation 711 [1/1] (0.69ns)   --->   "%index_132 = select i1 %tmp_176, i13 0, i13 %trunc_ln113_24" [firmware/nnet_utils/nnet_activation.h:117]   --->   Operation 711 'select' 'index_132' <Predicate = true> <Delay = 0.69> <CoreInst = "Sel">   --->   Core 73 'Sel' <Latency = 0> <II = 1> <Delay = 0.69> <FuncUnit> <Opcode : 'select'> <InPorts = 3> <OutPorts = 1>
ST_2 : Operation 712 [1/1] (0.00ns)   --->   "%trunc_ln113_25 = trunc i13 %index_132" [firmware/nnet_utils/nnet_activation.h:113]   --->   Operation 712 'trunc' 'trunc_ln113_25' <Predicate = true> <Delay = 0.00>
ST_2 : Operation 713 [1/1] (0.00ns)   --->   "%tmp_178 = partselect i3 @_ssdm_op_PartSelect.i3.i13.i32.i32, i13 %index_132, i32 10, i32 12" [firmware/nnet_utils/nnet_activation.h:119]   --->   Operation 713 'partselect' 'tmp_178' <Predicate = true> <Delay = 0.00>
ST_2 : Operation 714 [1/1] (0.00ns) (grouped into LUT with out node index_134)   --->   "%tmp_181 = bitselect i1 @_ssdm_op_BitSelect.i1.i14.i32, i14 %data_13_val_read, i32 13" [firmware/nnet_utils/nnet_activation.h:115]   --->   Operation 714 'bitselect' 'tmp_181' <Predicate = true> <Delay = 0.00>
ST_2 : Operation 715 [1/1] (0.00ns) (grouped into LUT with out node index_134)   --->   "%select_ln115_13 = select i1 %icmp_ln115_13, i13 %add_ln115_13, i13 %tmp_26" [firmware/nnet_utils/nnet_activation.h:115]   --->   Operation 715 'select' 'select_ln115_13' <Predicate = true> <Delay = 0.00> <CoreInst = "Sel">   --->   Core 73 'Sel' <Latency = 0> <II = 1> <Delay = 0.69> <FuncUnit> <Opcode : 'select'> <InPorts = 3> <OutPorts = 1>
ST_2 : Operation 716 [1/1] (0.00ns) (grouped into LUT with out node index_134)   --->   "%data_round_13 = select i1 %tmp_181, i13 %select_ln115_13, i13 %tmp_26" [firmware/nnet_utils/nnet_activation.h:115]   --->   Operation 716 'select' 'data_round_13' <Predicate = true> <Delay = 0.00> <CoreInst = "Sel">   --->   Core 73 'Sel' <Latency = 0> <II = 1> <Delay = 0.69> <FuncUnit> <Opcode : 'select'> <InPorts = 3> <OutPorts = 1>
ST_2 : Operation 717 [1/1] (0.00ns) (grouped into LUT with out node index_134)   --->   "%sext_ln112_13 = sext i13 %data_round_13" [firmware/nnet_utils/nnet_activation.h:112]   --->   Operation 717 'sext' 'sext_ln112_13' <Predicate = true> <Delay = 0.00>
ST_2 : Operation 718 [1/1] (2.13ns) (out node of the LUT)   --->   "%index_134 = add i14 %sext_ln112_13, i14 512" [firmware/nnet_utils/nnet_activation.h:116]   --->   Operation 718 'add' 'index_134' <Predicate = true> <Delay = 2.13> <CoreInst = "Adder">   --->   Core 1 'Adder' <Latency = 0> <II = 1> <Delay = 2.13> <FuncUnit> <Opcode : 'add' 'sub'> <InPorts = 2> <OutPorts = 1>
ST_2 : Operation 719 [1/1] (0.00ns)   --->   "%trunc_ln113_26 = trunc i14 %index_134" [firmware/nnet_utils/nnet_activation.h:113]   --->   Operation 719 'trunc' 'trunc_ln113_26' <Predicate = true> <Delay = 0.00>
ST_2 : Operation 720 [1/1] (0.00ns)   --->   "%tmp_183 = bitselect i1 @_ssdm_op_BitSelect.i1.i14.i32, i14 %index_134, i32 13" [firmware/nnet_utils/nnet_activation.h:117]   --->   Operation 720 'bitselect' 'tmp_183' <Predicate = true> <Delay = 0.00>
ST_2 : Operation 721 [1/1] (0.69ns)   --->   "%index_135 = select i1 %tmp_183, i13 0, i13 %trunc_ln113_26" [firmware/nnet_utils/nnet_activation.h:117]   --->   Operation 721 'select' 'index_135' <Predicate = true> <Delay = 0.69> <CoreInst = "Sel">   --->   Core 73 'Sel' <Latency = 0> <II = 1> <Delay = 0.69> <FuncUnit> <Opcode : 'select'> <InPorts = 3> <OutPorts = 1>
ST_2 : Operation 722 [1/1] (0.00ns)   --->   "%trunc_ln113_27 = trunc i13 %index_135" [firmware/nnet_utils/nnet_activation.h:113]   --->   Operation 722 'trunc' 'trunc_ln113_27' <Predicate = true> <Delay = 0.00>
ST_2 : Operation 723 [1/1] (0.00ns)   --->   "%tmp_185 = partselect i3 @_ssdm_op_PartSelect.i3.i13.i32.i32, i13 %index_135, i32 10, i32 12" [firmware/nnet_utils/nnet_activation.h:119]   --->   Operation 723 'partselect' 'tmp_185' <Predicate = true> <Delay = 0.00>
ST_2 : Operation 724 [1/1] (0.00ns) (grouped into LUT with out node index_137)   --->   "%tmp_188 = bitselect i1 @_ssdm_op_BitSelect.i1.i14.i32, i14 %data_14_val_read, i32 13" [firmware/nnet_utils/nnet_activation.h:115]   --->   Operation 724 'bitselect' 'tmp_188' <Predicate = true> <Delay = 0.00>
ST_2 : Operation 725 [1/1] (0.00ns) (grouped into LUT with out node index_137)   --->   "%select_ln115_14 = select i1 %icmp_ln115_14, i13 %add_ln115_14, i13 %tmp_28" [firmware/nnet_utils/nnet_activation.h:115]   --->   Operation 725 'select' 'select_ln115_14' <Predicate = true> <Delay = 0.00> <CoreInst = "Sel">   --->   Core 73 'Sel' <Latency = 0> <II = 1> <Delay = 0.69> <FuncUnit> <Opcode : 'select'> <InPorts = 3> <OutPorts = 1>
ST_2 : Operation 726 [1/1] (0.00ns) (grouped into LUT with out node index_137)   --->   "%data_round_14 = select i1 %tmp_188, i13 %select_ln115_14, i13 %tmp_28" [firmware/nnet_utils/nnet_activation.h:115]   --->   Operation 726 'select' 'data_round_14' <Predicate = true> <Delay = 0.00> <CoreInst = "Sel">   --->   Core 73 'Sel' <Latency = 0> <II = 1> <Delay = 0.69> <FuncUnit> <Opcode : 'select'> <InPorts = 3> <OutPorts = 1>
ST_2 : Operation 727 [1/1] (0.00ns) (grouped into LUT with out node index_137)   --->   "%sext_ln112_14 = sext i13 %data_round_14" [firmware/nnet_utils/nnet_activation.h:112]   --->   Operation 727 'sext' 'sext_ln112_14' <Predicate = true> <Delay = 0.00>
ST_2 : Operation 728 [1/1] (2.13ns) (out node of the LUT)   --->   "%index_137 = add i14 %sext_ln112_14, i14 512" [firmware/nnet_utils/nnet_activation.h:116]   --->   Operation 728 'add' 'index_137' <Predicate = true> <Delay = 2.13> <CoreInst = "Adder">   --->   Core 1 'Adder' <Latency = 0> <II = 1> <Delay = 2.13> <FuncUnit> <Opcode : 'add' 'sub'> <InPorts = 2> <OutPorts = 1>
ST_2 : Operation 729 [1/1] (0.00ns)   --->   "%trunc_ln113_28 = trunc i14 %index_137" [firmware/nnet_utils/nnet_activation.h:113]   --->   Operation 729 'trunc' 'trunc_ln113_28' <Predicate = true> <Delay = 0.00>
ST_2 : Operation 730 [1/1] (0.00ns)   --->   "%tmp_190 = bitselect i1 @_ssdm_op_BitSelect.i1.i14.i32, i14 %index_137, i32 13" [firmware/nnet_utils/nnet_activation.h:117]   --->   Operation 730 'bitselect' 'tmp_190' <Predicate = true> <Delay = 0.00>
ST_2 : Operation 731 [1/1] (0.69ns)   --->   "%index_138 = select i1 %tmp_190, i13 0, i13 %trunc_ln113_28" [firmware/nnet_utils/nnet_activation.h:117]   --->   Operation 731 'select' 'index_138' <Predicate = true> <Delay = 0.69> <CoreInst = "Sel">   --->   Core 73 'Sel' <Latency = 0> <II = 1> <Delay = 0.69> <FuncUnit> <Opcode : 'select'> <InPorts = 3> <OutPorts = 1>
ST_2 : Operation 732 [1/1] (0.00ns)   --->   "%trunc_ln113_29 = trunc i13 %index_138" [firmware/nnet_utils/nnet_activation.h:113]   --->   Operation 732 'trunc' 'trunc_ln113_29' <Predicate = true> <Delay = 0.00>
ST_2 : Operation 733 [1/1] (0.00ns)   --->   "%tmp_191 = partselect i3 @_ssdm_op_PartSelect.i3.i13.i32.i32, i13 %index_138, i32 10, i32 12" [firmware/nnet_utils/nnet_activation.h:119]   --->   Operation 733 'partselect' 'tmp_191' <Predicate = true> <Delay = 0.00>
ST_2 : Operation 734 [1/1] (0.00ns) (grouped into LUT with out node index_140)   --->   "%tmp_195 = bitselect i1 @_ssdm_op_BitSelect.i1.i14.i32, i14 %data_15_val_read, i32 13" [firmware/nnet_utils/nnet_activation.h:115]   --->   Operation 734 'bitselect' 'tmp_195' <Predicate = true> <Delay = 0.00>
ST_2 : Operation 735 [1/1] (0.00ns) (grouped into LUT with out node index_140)   --->   "%select_ln115_15 = select i1 %icmp_ln115_15, i13 %add_ln115_15, i13 %tmp_30" [firmware/nnet_utils/nnet_activation.h:115]   --->   Operation 735 'select' 'select_ln115_15' <Predicate = true> <Delay = 0.00> <CoreInst = "Sel">   --->   Core 73 'Sel' <Latency = 0> <II = 1> <Delay = 0.69> <FuncUnit> <Opcode : 'select'> <InPorts = 3> <OutPorts = 1>
ST_2 : Operation 736 [1/1] (0.00ns) (grouped into LUT with out node index_140)   --->   "%data_round_15 = select i1 %tmp_195, i13 %select_ln115_15, i13 %tmp_30" [firmware/nnet_utils/nnet_activation.h:115]   --->   Operation 736 'select' 'data_round_15' <Predicate = true> <Delay = 0.00> <CoreInst = "Sel">   --->   Core 73 'Sel' <Latency = 0> <II = 1> <Delay = 0.69> <FuncUnit> <Opcode : 'select'> <InPorts = 3> <OutPorts = 1>
ST_2 : Operation 737 [1/1] (0.00ns) (grouped into LUT with out node index_140)   --->   "%sext_ln112_15 = sext i13 %data_round_15" [firmware/nnet_utils/nnet_activation.h:112]   --->   Operation 737 'sext' 'sext_ln112_15' <Predicate = true> <Delay = 0.00>
ST_2 : Operation 738 [1/1] (2.13ns) (out node of the LUT)   --->   "%index_140 = add i14 %sext_ln112_15, i14 512" [firmware/nnet_utils/nnet_activation.h:116]   --->   Operation 738 'add' 'index_140' <Predicate = true> <Delay = 2.13> <CoreInst = "Adder">   --->   Core 1 'Adder' <Latency = 0> <II = 1> <Delay = 2.13> <FuncUnit> <Opcode : 'add' 'sub'> <InPorts = 2> <OutPorts = 1>
ST_2 : Operation 739 [1/1] (0.00ns)   --->   "%trunc_ln113_30 = trunc i14 %index_140" [firmware/nnet_utils/nnet_activation.h:113]   --->   Operation 739 'trunc' 'trunc_ln113_30' <Predicate = true> <Delay = 0.00>
ST_2 : Operation 740 [1/1] (0.00ns)   --->   "%tmp_196 = bitselect i1 @_ssdm_op_BitSelect.i1.i14.i32, i14 %index_140, i32 13" [firmware/nnet_utils/nnet_activation.h:117]   --->   Operation 740 'bitselect' 'tmp_196' <Predicate = true> <Delay = 0.00>
ST_2 : Operation 741 [1/1] (0.69ns)   --->   "%index_141 = select i1 %tmp_196, i13 0, i13 %trunc_ln113_30" [firmware/nnet_utils/nnet_activation.h:117]   --->   Operation 741 'select' 'index_141' <Predicate = true> <Delay = 0.69> <CoreInst = "Sel">   --->   Core 73 'Sel' <Latency = 0> <II = 1> <Delay = 0.69> <FuncUnit> <Opcode : 'select'> <InPorts = 3> <OutPorts = 1>
ST_2 : Operation 742 [1/1] (0.00ns)   --->   "%trunc_ln113_31 = trunc i13 %index_141" [firmware/nnet_utils/nnet_activation.h:113]   --->   Operation 742 'trunc' 'trunc_ln113_31' <Predicate = true> <Delay = 0.00>
ST_2 : Operation 743 [1/1] (0.00ns)   --->   "%tmp_198 = partselect i3 @_ssdm_op_PartSelect.i3.i13.i32.i32, i13 %index_141, i32 10, i32 12" [firmware/nnet_utils/nnet_activation.h:119]   --->   Operation 743 'partselect' 'tmp_198' <Predicate = true> <Delay = 0.00>
ST_2 : Operation 744 [1/1] (0.00ns) (grouped into LUT with out node index_143)   --->   "%tmp_201 = bitselect i1 @_ssdm_op_BitSelect.i1.i14.i32, i14 %data_16_val_read, i32 13" [firmware/nnet_utils/nnet_activation.h:115]   --->   Operation 744 'bitselect' 'tmp_201' <Predicate = true> <Delay = 0.00>
ST_2 : Operation 745 [1/1] (0.00ns) (grouped into LUT with out node index_143)   --->   "%select_ln115_16 = select i1 %icmp_ln115_16, i13 %add_ln115_16, i13 %tmp_48" [firmware/nnet_utils/nnet_activation.h:115]   --->   Operation 745 'select' 'select_ln115_16' <Predicate = true> <Delay = 0.00> <CoreInst = "Sel">   --->   Core 73 'Sel' <Latency = 0> <II = 1> <Delay = 0.69> <FuncUnit> <Opcode : 'select'> <InPorts = 3> <OutPorts = 1>
ST_2 : Operation 746 [1/1] (0.00ns) (grouped into LUT with out node index_143)   --->   "%data_round_16 = select i1 %tmp_201, i13 %select_ln115_16, i13 %tmp_48" [firmware/nnet_utils/nnet_activation.h:115]   --->   Operation 746 'select' 'data_round_16' <Predicate = true> <Delay = 0.00> <CoreInst = "Sel">   --->   Core 73 'Sel' <Latency = 0> <II = 1> <Delay = 0.69> <FuncUnit> <Opcode : 'select'> <InPorts = 3> <OutPorts = 1>
ST_2 : Operation 747 [1/1] (0.00ns) (grouped into LUT with out node index_143)   --->   "%sext_ln112_16 = sext i13 %data_round_16" [firmware/nnet_utils/nnet_activation.h:112]   --->   Operation 747 'sext' 'sext_ln112_16' <Predicate = true> <Delay = 0.00>
ST_2 : Operation 748 [1/1] (2.13ns) (out node of the LUT)   --->   "%index_143 = add i14 %sext_ln112_16, i14 512" [firmware/nnet_utils/nnet_activation.h:116]   --->   Operation 748 'add' 'index_143' <Predicate = true> <Delay = 2.13> <CoreInst = "Adder">   --->   Core 1 'Adder' <Latency = 0> <II = 1> <Delay = 2.13> <FuncUnit> <Opcode : 'add' 'sub'> <InPorts = 2> <OutPorts = 1>
ST_2 : Operation 749 [1/1] (0.00ns)   --->   "%trunc_ln113_32 = trunc i14 %index_143" [firmware/nnet_utils/nnet_activation.h:113]   --->   Operation 749 'trunc' 'trunc_ln113_32' <Predicate = true> <Delay = 0.00>
ST_2 : Operation 750 [1/1] (0.00ns)   --->   "%tmp_203 = bitselect i1 @_ssdm_op_BitSelect.i1.i14.i32, i14 %index_143, i32 13" [firmware/nnet_utils/nnet_activation.h:117]   --->   Operation 750 'bitselect' 'tmp_203' <Predicate = true> <Delay = 0.00>
ST_2 : Operation 751 [1/1] (0.69ns)   --->   "%index_144 = select i1 %tmp_203, i13 0, i13 %trunc_ln113_32" [firmware/nnet_utils/nnet_activation.h:117]   --->   Operation 751 'select' 'index_144' <Predicate = true> <Delay = 0.69> <CoreInst = "Sel">   --->   Core 73 'Sel' <Latency = 0> <II = 1> <Delay = 0.69> <FuncUnit> <Opcode : 'select'> <InPorts = 3> <OutPorts = 1>
ST_2 : Operation 752 [1/1] (0.00ns)   --->   "%trunc_ln113_33 = trunc i13 %index_144" [firmware/nnet_utils/nnet_activation.h:113]   --->   Operation 752 'trunc' 'trunc_ln113_33' <Predicate = true> <Delay = 0.00>
ST_2 : Operation 753 [1/1] (0.00ns)   --->   "%tmp_205 = partselect i3 @_ssdm_op_PartSelect.i3.i13.i32.i32, i13 %index_144, i32 10, i32 12" [firmware/nnet_utils/nnet_activation.h:119]   --->   Operation 753 'partselect' 'tmp_205' <Predicate = true> <Delay = 0.00>
ST_2 : Operation 754 [1/1] (0.00ns) (grouped into LUT with out node index_146)   --->   "%tmp_208 = bitselect i1 @_ssdm_op_BitSelect.i1.i14.i32, i14 %data_17_val_read, i32 13" [firmware/nnet_utils/nnet_activation.h:115]   --->   Operation 754 'bitselect' 'tmp_208' <Predicate = true> <Delay = 0.00>
ST_2 : Operation 755 [1/1] (0.00ns) (grouped into LUT with out node index_146)   --->   "%select_ln115_17 = select i1 %icmp_ln115_17, i13 %add_ln115_17, i13 %tmp_51" [firmware/nnet_utils/nnet_activation.h:115]   --->   Operation 755 'select' 'select_ln115_17' <Predicate = true> <Delay = 0.00> <CoreInst = "Sel">   --->   Core 73 'Sel' <Latency = 0> <II = 1> <Delay = 0.69> <FuncUnit> <Opcode : 'select'> <InPorts = 3> <OutPorts = 1>
ST_2 : Operation 756 [1/1] (0.00ns) (grouped into LUT with out node index_146)   --->   "%data_round_17 = select i1 %tmp_208, i13 %select_ln115_17, i13 %tmp_51" [firmware/nnet_utils/nnet_activation.h:115]   --->   Operation 756 'select' 'data_round_17' <Predicate = true> <Delay = 0.00> <CoreInst = "Sel">   --->   Core 73 'Sel' <Latency = 0> <II = 1> <Delay = 0.69> <FuncUnit> <Opcode : 'select'> <InPorts = 3> <OutPorts = 1>
ST_2 : Operation 757 [1/1] (0.00ns) (grouped into LUT with out node index_146)   --->   "%sext_ln112_17 = sext i13 %data_round_17" [firmware/nnet_utils/nnet_activation.h:112]   --->   Operation 757 'sext' 'sext_ln112_17' <Predicate = true> <Delay = 0.00>
ST_2 : Operation 758 [1/1] (2.13ns) (out node of the LUT)   --->   "%index_146 = add i14 %sext_ln112_17, i14 512" [firmware/nnet_utils/nnet_activation.h:116]   --->   Operation 758 'add' 'index_146' <Predicate = true> <Delay = 2.13> <CoreInst = "Adder">   --->   Core 1 'Adder' <Latency = 0> <II = 1> <Delay = 2.13> <FuncUnit> <Opcode : 'add' 'sub'> <InPorts = 2> <OutPorts = 1>
ST_2 : Operation 759 [1/1] (0.00ns)   --->   "%trunc_ln113_34 = trunc i14 %index_146" [firmware/nnet_utils/nnet_activation.h:113]   --->   Operation 759 'trunc' 'trunc_ln113_34' <Predicate = true> <Delay = 0.00>
ST_2 : Operation 760 [1/1] (0.00ns)   --->   "%tmp_210 = bitselect i1 @_ssdm_op_BitSelect.i1.i14.i32, i14 %index_146, i32 13" [firmware/nnet_utils/nnet_activation.h:117]   --->   Operation 760 'bitselect' 'tmp_210' <Predicate = true> <Delay = 0.00>
ST_2 : Operation 761 [1/1] (0.69ns)   --->   "%index_147 = select i1 %tmp_210, i13 0, i13 %trunc_ln113_34" [firmware/nnet_utils/nnet_activation.h:117]   --->   Operation 761 'select' 'index_147' <Predicate = true> <Delay = 0.69> <CoreInst = "Sel">   --->   Core 73 'Sel' <Latency = 0> <II = 1> <Delay = 0.69> <FuncUnit> <Opcode : 'select'> <InPorts = 3> <OutPorts = 1>
ST_2 : Operation 762 [1/1] (0.00ns)   --->   "%trunc_ln113_35 = trunc i13 %index_147" [firmware/nnet_utils/nnet_activation.h:113]   --->   Operation 762 'trunc' 'trunc_ln113_35' <Predicate = true> <Delay = 0.00>
ST_2 : Operation 763 [1/1] (0.00ns)   --->   "%tmp_211 = partselect i3 @_ssdm_op_PartSelect.i3.i13.i32.i32, i13 %index_147, i32 10, i32 12" [firmware/nnet_utils/nnet_activation.h:119]   --->   Operation 763 'partselect' 'tmp_211' <Predicate = true> <Delay = 0.00>
ST_2 : Operation 764 [1/1] (0.00ns) (grouped into LUT with out node index_149)   --->   "%tmp_215 = bitselect i1 @_ssdm_op_BitSelect.i1.i14.i32, i14 %data_18_val_read, i32 13" [firmware/nnet_utils/nnet_activation.h:115]   --->   Operation 764 'bitselect' 'tmp_215' <Predicate = true> <Delay = 0.00>
ST_2 : Operation 765 [1/1] (0.00ns) (grouped into LUT with out node index_149)   --->   "%select_ln115_18 = select i1 %icmp_ln115_18, i13 %add_ln115_18, i13 %tmp_54" [firmware/nnet_utils/nnet_activation.h:115]   --->   Operation 765 'select' 'select_ln115_18' <Predicate = true> <Delay = 0.00> <CoreInst = "Sel">   --->   Core 73 'Sel' <Latency = 0> <II = 1> <Delay = 0.69> <FuncUnit> <Opcode : 'select'> <InPorts = 3> <OutPorts = 1>
ST_2 : Operation 766 [1/1] (0.00ns) (grouped into LUT with out node index_149)   --->   "%data_round_18 = select i1 %tmp_215, i13 %select_ln115_18, i13 %tmp_54" [firmware/nnet_utils/nnet_activation.h:115]   --->   Operation 766 'select' 'data_round_18' <Predicate = true> <Delay = 0.00> <CoreInst = "Sel">   --->   Core 73 'Sel' <Latency = 0> <II = 1> <Delay = 0.69> <FuncUnit> <Opcode : 'select'> <InPorts = 3> <OutPorts = 1>
ST_2 : Operation 767 [1/1] (0.00ns) (grouped into LUT with out node index_149)   --->   "%sext_ln112_18 = sext i13 %data_round_18" [firmware/nnet_utils/nnet_activation.h:112]   --->   Operation 767 'sext' 'sext_ln112_18' <Predicate = true> <Delay = 0.00>
ST_2 : Operation 768 [1/1] (2.13ns) (out node of the LUT)   --->   "%index_149 = add i14 %sext_ln112_18, i14 512" [firmware/nnet_utils/nnet_activation.h:116]   --->   Operation 768 'add' 'index_149' <Predicate = true> <Delay = 2.13> <CoreInst = "Adder">   --->   Core 1 'Adder' <Latency = 0> <II = 1> <Delay = 2.13> <FuncUnit> <Opcode : 'add' 'sub'> <InPorts = 2> <OutPorts = 1>
ST_2 : Operation 769 [1/1] (0.00ns)   --->   "%trunc_ln113_36 = trunc i14 %index_149" [firmware/nnet_utils/nnet_activation.h:113]   --->   Operation 769 'trunc' 'trunc_ln113_36' <Predicate = true> <Delay = 0.00>
ST_2 : Operation 770 [1/1] (0.00ns)   --->   "%tmp_216 = bitselect i1 @_ssdm_op_BitSelect.i1.i14.i32, i14 %index_149, i32 13" [firmware/nnet_utils/nnet_activation.h:117]   --->   Operation 770 'bitselect' 'tmp_216' <Predicate = true> <Delay = 0.00>
ST_2 : Operation 771 [1/1] (0.69ns)   --->   "%index_150 = select i1 %tmp_216, i13 0, i13 %trunc_ln113_36" [firmware/nnet_utils/nnet_activation.h:117]   --->   Operation 771 'select' 'index_150' <Predicate = true> <Delay = 0.69> <CoreInst = "Sel">   --->   Core 73 'Sel' <Latency = 0> <II = 1> <Delay = 0.69> <FuncUnit> <Opcode : 'select'> <InPorts = 3> <OutPorts = 1>
ST_2 : Operation 772 [1/1] (0.00ns)   --->   "%trunc_ln113_37 = trunc i13 %index_150" [firmware/nnet_utils/nnet_activation.h:113]   --->   Operation 772 'trunc' 'trunc_ln113_37' <Predicate = true> <Delay = 0.00>
ST_2 : Operation 773 [1/1] (0.00ns)   --->   "%tmp_218 = partselect i3 @_ssdm_op_PartSelect.i3.i13.i32.i32, i13 %index_150, i32 10, i32 12" [firmware/nnet_utils/nnet_activation.h:119]   --->   Operation 773 'partselect' 'tmp_218' <Predicate = true> <Delay = 0.00>
ST_2 : Operation 774 [1/1] (0.00ns) (grouped into LUT with out node index_152)   --->   "%tmp_221 = bitselect i1 @_ssdm_op_BitSelect.i1.i14.i32, i14 %data_19_val_read, i32 13" [firmware/nnet_utils/nnet_activation.h:115]   --->   Operation 774 'bitselect' 'tmp_221' <Predicate = true> <Delay = 0.00>
ST_2 : Operation 775 [1/1] (0.00ns) (grouped into LUT with out node index_152)   --->   "%select_ln115_19 = select i1 %icmp_ln115_19, i13 %add_ln115_19, i13 %tmp_57" [firmware/nnet_utils/nnet_activation.h:115]   --->   Operation 775 'select' 'select_ln115_19' <Predicate = true> <Delay = 0.00> <CoreInst = "Sel">   --->   Core 73 'Sel' <Latency = 0> <II = 1> <Delay = 0.69> <FuncUnit> <Opcode : 'select'> <InPorts = 3> <OutPorts = 1>
ST_2 : Operation 776 [1/1] (0.00ns) (grouped into LUT with out node index_152)   --->   "%data_round_19 = select i1 %tmp_221, i13 %select_ln115_19, i13 %tmp_57" [firmware/nnet_utils/nnet_activation.h:115]   --->   Operation 776 'select' 'data_round_19' <Predicate = true> <Delay = 0.00> <CoreInst = "Sel">   --->   Core 73 'Sel' <Latency = 0> <II = 1> <Delay = 0.69> <FuncUnit> <Opcode : 'select'> <InPorts = 3> <OutPorts = 1>
ST_2 : Operation 777 [1/1] (0.00ns) (grouped into LUT with out node index_152)   --->   "%sext_ln112_19 = sext i13 %data_round_19" [firmware/nnet_utils/nnet_activation.h:112]   --->   Operation 777 'sext' 'sext_ln112_19' <Predicate = true> <Delay = 0.00>
ST_2 : Operation 778 [1/1] (2.13ns) (out node of the LUT)   --->   "%index_152 = add i14 %sext_ln112_19, i14 512" [firmware/nnet_utils/nnet_activation.h:116]   --->   Operation 778 'add' 'index_152' <Predicate = true> <Delay = 2.13> <CoreInst = "Adder">   --->   Core 1 'Adder' <Latency = 0> <II = 1> <Delay = 2.13> <FuncUnit> <Opcode : 'add' 'sub'> <InPorts = 2> <OutPorts = 1>
ST_2 : Operation 779 [1/1] (0.00ns)   --->   "%trunc_ln113_38 = trunc i14 %index_152" [firmware/nnet_utils/nnet_activation.h:113]   --->   Operation 779 'trunc' 'trunc_ln113_38' <Predicate = true> <Delay = 0.00>
ST_2 : Operation 780 [1/1] (0.00ns)   --->   "%tmp_223 = bitselect i1 @_ssdm_op_BitSelect.i1.i14.i32, i14 %index_152, i32 13" [firmware/nnet_utils/nnet_activation.h:117]   --->   Operation 780 'bitselect' 'tmp_223' <Predicate = true> <Delay = 0.00>
ST_2 : Operation 781 [1/1] (0.69ns)   --->   "%index_153 = select i1 %tmp_223, i13 0, i13 %trunc_ln113_38" [firmware/nnet_utils/nnet_activation.h:117]   --->   Operation 781 'select' 'index_153' <Predicate = true> <Delay = 0.69> <CoreInst = "Sel">   --->   Core 73 'Sel' <Latency = 0> <II = 1> <Delay = 0.69> <FuncUnit> <Opcode : 'select'> <InPorts = 3> <OutPorts = 1>
ST_2 : Operation 782 [1/1] (0.00ns)   --->   "%trunc_ln113_39 = trunc i13 %index_153" [firmware/nnet_utils/nnet_activation.h:113]   --->   Operation 782 'trunc' 'trunc_ln113_39' <Predicate = true> <Delay = 0.00>
ST_2 : Operation 783 [1/1] (0.00ns)   --->   "%tmp_225 = partselect i3 @_ssdm_op_PartSelect.i3.i13.i32.i32, i13 %index_153, i32 10, i32 12" [firmware/nnet_utils/nnet_activation.h:119]   --->   Operation 783 'partselect' 'tmp_225' <Predicate = true> <Delay = 0.00>
ST_2 : Operation 784 [1/1] (0.00ns) (grouped into LUT with out node index_155)   --->   "%tmp_228 = bitselect i1 @_ssdm_op_BitSelect.i1.i14.i32, i14 %data_20_val_read, i32 13" [firmware/nnet_utils/nnet_activation.h:115]   --->   Operation 784 'bitselect' 'tmp_228' <Predicate = true> <Delay = 0.00>
ST_2 : Operation 785 [1/1] (0.00ns) (grouped into LUT with out node index_155)   --->   "%select_ln115_20 = select i1 %icmp_ln115_20, i13 %add_ln115_20, i13 %tmp_60" [firmware/nnet_utils/nnet_activation.h:115]   --->   Operation 785 'select' 'select_ln115_20' <Predicate = true> <Delay = 0.00> <CoreInst = "Sel">   --->   Core 73 'Sel' <Latency = 0> <II = 1> <Delay = 0.69> <FuncUnit> <Opcode : 'select'> <InPorts = 3> <OutPorts = 1>
ST_2 : Operation 786 [1/1] (0.00ns) (grouped into LUT with out node index_155)   --->   "%data_round_20 = select i1 %tmp_228, i13 %select_ln115_20, i13 %tmp_60" [firmware/nnet_utils/nnet_activation.h:115]   --->   Operation 786 'select' 'data_round_20' <Predicate = true> <Delay = 0.00> <CoreInst = "Sel">   --->   Core 73 'Sel' <Latency = 0> <II = 1> <Delay = 0.69> <FuncUnit> <Opcode : 'select'> <InPorts = 3> <OutPorts = 1>
ST_2 : Operation 787 [1/1] (0.00ns) (grouped into LUT with out node index_155)   --->   "%sext_ln112_20 = sext i13 %data_round_20" [firmware/nnet_utils/nnet_activation.h:112]   --->   Operation 787 'sext' 'sext_ln112_20' <Predicate = true> <Delay = 0.00>
ST_2 : Operation 788 [1/1] (2.13ns) (out node of the LUT)   --->   "%index_155 = add i14 %sext_ln112_20, i14 512" [firmware/nnet_utils/nnet_activation.h:116]   --->   Operation 788 'add' 'index_155' <Predicate = true> <Delay = 2.13> <CoreInst = "Adder">   --->   Core 1 'Adder' <Latency = 0> <II = 1> <Delay = 2.13> <FuncUnit> <Opcode : 'add' 'sub'> <InPorts = 2> <OutPorts = 1>
ST_2 : Operation 789 [1/1] (0.00ns)   --->   "%trunc_ln113_40 = trunc i14 %index_155" [firmware/nnet_utils/nnet_activation.h:113]   --->   Operation 789 'trunc' 'trunc_ln113_40' <Predicate = true> <Delay = 0.00>
ST_2 : Operation 790 [1/1] (0.00ns)   --->   "%tmp_230 = bitselect i1 @_ssdm_op_BitSelect.i1.i14.i32, i14 %index_155, i32 13" [firmware/nnet_utils/nnet_activation.h:117]   --->   Operation 790 'bitselect' 'tmp_230' <Predicate = true> <Delay = 0.00>
ST_2 : Operation 791 [1/1] (0.69ns)   --->   "%index_156 = select i1 %tmp_230, i13 0, i13 %trunc_ln113_40" [firmware/nnet_utils/nnet_activation.h:117]   --->   Operation 791 'select' 'index_156' <Predicate = true> <Delay = 0.69> <CoreInst = "Sel">   --->   Core 73 'Sel' <Latency = 0> <II = 1> <Delay = 0.69> <FuncUnit> <Opcode : 'select'> <InPorts = 3> <OutPorts = 1>
ST_2 : Operation 792 [1/1] (0.00ns)   --->   "%trunc_ln113_41 = trunc i13 %index_156" [firmware/nnet_utils/nnet_activation.h:113]   --->   Operation 792 'trunc' 'trunc_ln113_41' <Predicate = true> <Delay = 0.00>
ST_2 : Operation 793 [1/1] (0.00ns)   --->   "%tmp_231 = partselect i3 @_ssdm_op_PartSelect.i3.i13.i32.i32, i13 %index_156, i32 10, i32 12" [firmware/nnet_utils/nnet_activation.h:119]   --->   Operation 793 'partselect' 'tmp_231' <Predicate = true> <Delay = 0.00>
ST_2 : Operation 794 [1/1] (0.00ns) (grouped into LUT with out node index_158)   --->   "%tmp_235 = bitselect i1 @_ssdm_op_BitSelect.i1.i14.i32, i14 %data_21_val_read, i32 13" [firmware/nnet_utils/nnet_activation.h:115]   --->   Operation 794 'bitselect' 'tmp_235' <Predicate = true> <Delay = 0.00>
ST_2 : Operation 795 [1/1] (0.00ns) (grouped into LUT with out node index_158)   --->   "%select_ln115_21 = select i1 %icmp_ln115_21, i13 %add_ln115_21, i13 %tmp_63" [firmware/nnet_utils/nnet_activation.h:115]   --->   Operation 795 'select' 'select_ln115_21' <Predicate = true> <Delay = 0.00> <CoreInst = "Sel">   --->   Core 73 'Sel' <Latency = 0> <II = 1> <Delay = 0.69> <FuncUnit> <Opcode : 'select'> <InPorts = 3> <OutPorts = 1>
ST_2 : Operation 796 [1/1] (0.00ns) (grouped into LUT with out node index_158)   --->   "%data_round_21 = select i1 %tmp_235, i13 %select_ln115_21, i13 %tmp_63" [firmware/nnet_utils/nnet_activation.h:115]   --->   Operation 796 'select' 'data_round_21' <Predicate = true> <Delay = 0.00> <CoreInst = "Sel">   --->   Core 73 'Sel' <Latency = 0> <II = 1> <Delay = 0.69> <FuncUnit> <Opcode : 'select'> <InPorts = 3> <OutPorts = 1>
ST_2 : Operation 797 [1/1] (0.00ns) (grouped into LUT with out node index_158)   --->   "%sext_ln112_21 = sext i13 %data_round_21" [firmware/nnet_utils/nnet_activation.h:112]   --->   Operation 797 'sext' 'sext_ln112_21' <Predicate = true> <Delay = 0.00>
ST_2 : Operation 798 [1/1] (2.13ns) (out node of the LUT)   --->   "%index_158 = add i14 %sext_ln112_21, i14 512" [firmware/nnet_utils/nnet_activation.h:116]   --->   Operation 798 'add' 'index_158' <Predicate = true> <Delay = 2.13> <CoreInst = "Adder">   --->   Core 1 'Adder' <Latency = 0> <II = 1> <Delay = 2.13> <FuncUnit> <Opcode : 'add' 'sub'> <InPorts = 2> <OutPorts = 1>
ST_2 : Operation 799 [1/1] (0.00ns)   --->   "%trunc_ln113_42 = trunc i14 %index_158" [firmware/nnet_utils/nnet_activation.h:113]   --->   Operation 799 'trunc' 'trunc_ln113_42' <Predicate = true> <Delay = 0.00>
ST_2 : Operation 800 [1/1] (0.00ns)   --->   "%tmp_236 = bitselect i1 @_ssdm_op_BitSelect.i1.i14.i32, i14 %index_158, i32 13" [firmware/nnet_utils/nnet_activation.h:117]   --->   Operation 800 'bitselect' 'tmp_236' <Predicate = true> <Delay = 0.00>
ST_2 : Operation 801 [1/1] (0.69ns)   --->   "%index_159 = select i1 %tmp_236, i13 0, i13 %trunc_ln113_42" [firmware/nnet_utils/nnet_activation.h:117]   --->   Operation 801 'select' 'index_159' <Predicate = true> <Delay = 0.69> <CoreInst = "Sel">   --->   Core 73 'Sel' <Latency = 0> <II = 1> <Delay = 0.69> <FuncUnit> <Opcode : 'select'> <InPorts = 3> <OutPorts = 1>
ST_2 : Operation 802 [1/1] (0.00ns)   --->   "%trunc_ln113_43 = trunc i13 %index_159" [firmware/nnet_utils/nnet_activation.h:113]   --->   Operation 802 'trunc' 'trunc_ln113_43' <Predicate = true> <Delay = 0.00>
ST_2 : Operation 803 [1/1] (0.00ns)   --->   "%tmp_238 = partselect i3 @_ssdm_op_PartSelect.i3.i13.i32.i32, i13 %index_159, i32 10, i32 12" [firmware/nnet_utils/nnet_activation.h:119]   --->   Operation 803 'partselect' 'tmp_238' <Predicate = true> <Delay = 0.00>
ST_2 : Operation 804 [1/1] (0.00ns) (grouped into LUT with out node index_161)   --->   "%tmp_241 = bitselect i1 @_ssdm_op_BitSelect.i1.i14.i32, i14 %data_22_val_read, i32 13" [firmware/nnet_utils/nnet_activation.h:115]   --->   Operation 804 'bitselect' 'tmp_241' <Predicate = true> <Delay = 0.00>
ST_2 : Operation 805 [1/1] (0.00ns) (grouped into LUT with out node index_161)   --->   "%select_ln115_22 = select i1 %icmp_ln115_22, i13 %add_ln115_22, i13 %tmp_66" [firmware/nnet_utils/nnet_activation.h:115]   --->   Operation 805 'select' 'select_ln115_22' <Predicate = true> <Delay = 0.00> <CoreInst = "Sel">   --->   Core 73 'Sel' <Latency = 0> <II = 1> <Delay = 0.69> <FuncUnit> <Opcode : 'select'> <InPorts = 3> <OutPorts = 1>
ST_2 : Operation 806 [1/1] (0.00ns) (grouped into LUT with out node index_161)   --->   "%data_round_22 = select i1 %tmp_241, i13 %select_ln115_22, i13 %tmp_66" [firmware/nnet_utils/nnet_activation.h:115]   --->   Operation 806 'select' 'data_round_22' <Predicate = true> <Delay = 0.00> <CoreInst = "Sel">   --->   Core 73 'Sel' <Latency = 0> <II = 1> <Delay = 0.69> <FuncUnit> <Opcode : 'select'> <InPorts = 3> <OutPorts = 1>
ST_2 : Operation 807 [1/1] (0.00ns) (grouped into LUT with out node index_161)   --->   "%sext_ln112_22 = sext i13 %data_round_22" [firmware/nnet_utils/nnet_activation.h:112]   --->   Operation 807 'sext' 'sext_ln112_22' <Predicate = true> <Delay = 0.00>
ST_2 : Operation 808 [1/1] (2.13ns) (out node of the LUT)   --->   "%index_161 = add i14 %sext_ln112_22, i14 512" [firmware/nnet_utils/nnet_activation.h:116]   --->   Operation 808 'add' 'index_161' <Predicate = true> <Delay = 2.13> <CoreInst = "Adder">   --->   Core 1 'Adder' <Latency = 0> <II = 1> <Delay = 2.13> <FuncUnit> <Opcode : 'add' 'sub'> <InPorts = 2> <OutPorts = 1>
ST_2 : Operation 809 [1/1] (0.00ns)   --->   "%trunc_ln113_44 = trunc i14 %index_161" [firmware/nnet_utils/nnet_activation.h:113]   --->   Operation 809 'trunc' 'trunc_ln113_44' <Predicate = true> <Delay = 0.00>
ST_2 : Operation 810 [1/1] (0.00ns)   --->   "%tmp_243 = bitselect i1 @_ssdm_op_BitSelect.i1.i14.i32, i14 %index_161, i32 13" [firmware/nnet_utils/nnet_activation.h:117]   --->   Operation 810 'bitselect' 'tmp_243' <Predicate = true> <Delay = 0.00>
ST_2 : Operation 811 [1/1] (0.69ns)   --->   "%index_162 = select i1 %tmp_243, i13 0, i13 %trunc_ln113_44" [firmware/nnet_utils/nnet_activation.h:117]   --->   Operation 811 'select' 'index_162' <Predicate = true> <Delay = 0.69> <CoreInst = "Sel">   --->   Core 73 'Sel' <Latency = 0> <II = 1> <Delay = 0.69> <FuncUnit> <Opcode : 'select'> <InPorts = 3> <OutPorts = 1>
ST_2 : Operation 812 [1/1] (0.00ns)   --->   "%trunc_ln113_45 = trunc i13 %index_162" [firmware/nnet_utils/nnet_activation.h:113]   --->   Operation 812 'trunc' 'trunc_ln113_45' <Predicate = true> <Delay = 0.00>
ST_2 : Operation 813 [1/1] (0.00ns)   --->   "%tmp_245 = partselect i3 @_ssdm_op_PartSelect.i3.i13.i32.i32, i13 %index_162, i32 10, i32 12" [firmware/nnet_utils/nnet_activation.h:119]   --->   Operation 813 'partselect' 'tmp_245' <Predicate = true> <Delay = 0.00>
ST_2 : Operation 814 [1/1] (0.00ns) (grouped into LUT with out node index_164)   --->   "%tmp_248 = bitselect i1 @_ssdm_op_BitSelect.i1.i14.i32, i14 %data_23_val_read, i32 13" [firmware/nnet_utils/nnet_activation.h:115]   --->   Operation 814 'bitselect' 'tmp_248' <Predicate = true> <Delay = 0.00>
ST_2 : Operation 815 [1/1] (0.00ns) (grouped into LUT with out node index_164)   --->   "%select_ln115_23 = select i1 %icmp_ln115_23, i13 %add_ln115_23, i13 %tmp_69" [firmware/nnet_utils/nnet_activation.h:115]   --->   Operation 815 'select' 'select_ln115_23' <Predicate = true> <Delay = 0.00> <CoreInst = "Sel">   --->   Core 73 'Sel' <Latency = 0> <II = 1> <Delay = 0.69> <FuncUnit> <Opcode : 'select'> <InPorts = 3> <OutPorts = 1>
ST_2 : Operation 816 [1/1] (0.00ns) (grouped into LUT with out node index_164)   --->   "%data_round_23 = select i1 %tmp_248, i13 %select_ln115_23, i13 %tmp_69" [firmware/nnet_utils/nnet_activation.h:115]   --->   Operation 816 'select' 'data_round_23' <Predicate = true> <Delay = 0.00> <CoreInst = "Sel">   --->   Core 73 'Sel' <Latency = 0> <II = 1> <Delay = 0.69> <FuncUnit> <Opcode : 'select'> <InPorts = 3> <OutPorts = 1>
ST_2 : Operation 817 [1/1] (0.00ns) (grouped into LUT with out node index_164)   --->   "%sext_ln112_23 = sext i13 %data_round_23" [firmware/nnet_utils/nnet_activation.h:112]   --->   Operation 817 'sext' 'sext_ln112_23' <Predicate = true> <Delay = 0.00>
ST_2 : Operation 818 [1/1] (2.13ns) (out node of the LUT)   --->   "%index_164 = add i14 %sext_ln112_23, i14 512" [firmware/nnet_utils/nnet_activation.h:116]   --->   Operation 818 'add' 'index_164' <Predicate = true> <Delay = 2.13> <CoreInst = "Adder">   --->   Core 1 'Adder' <Latency = 0> <II = 1> <Delay = 2.13> <FuncUnit> <Opcode : 'add' 'sub'> <InPorts = 2> <OutPorts = 1>
ST_2 : Operation 819 [1/1] (0.00ns)   --->   "%trunc_ln113_46 = trunc i14 %index_164" [firmware/nnet_utils/nnet_activation.h:113]   --->   Operation 819 'trunc' 'trunc_ln113_46' <Predicate = true> <Delay = 0.00>
ST_2 : Operation 820 [1/1] (0.00ns)   --->   "%tmp_250 = bitselect i1 @_ssdm_op_BitSelect.i1.i14.i32, i14 %index_164, i32 13" [firmware/nnet_utils/nnet_activation.h:117]   --->   Operation 820 'bitselect' 'tmp_250' <Predicate = true> <Delay = 0.00>
ST_2 : Operation 821 [1/1] (0.69ns)   --->   "%index_165 = select i1 %tmp_250, i13 0, i13 %trunc_ln113_46" [firmware/nnet_utils/nnet_activation.h:117]   --->   Operation 821 'select' 'index_165' <Predicate = true> <Delay = 0.69> <CoreInst = "Sel">   --->   Core 73 'Sel' <Latency = 0> <II = 1> <Delay = 0.69> <FuncUnit> <Opcode : 'select'> <InPorts = 3> <OutPorts = 1>
ST_2 : Operation 822 [1/1] (0.00ns)   --->   "%trunc_ln113_47 = trunc i13 %index_165" [firmware/nnet_utils/nnet_activation.h:113]   --->   Operation 822 'trunc' 'trunc_ln113_47' <Predicate = true> <Delay = 0.00>
ST_2 : Operation 823 [1/1] (0.00ns)   --->   "%tmp_251 = partselect i3 @_ssdm_op_PartSelect.i3.i13.i32.i32, i13 %index_165, i32 10, i32 12" [firmware/nnet_utils/nnet_activation.h:119]   --->   Operation 823 'partselect' 'tmp_251' <Predicate = true> <Delay = 0.00>
ST_2 : Operation 824 [1/1] (0.00ns) (grouped into LUT with out node index_167)   --->   "%tmp_255 = bitselect i1 @_ssdm_op_BitSelect.i1.i14.i32, i14 %data_24_val_read, i32 13" [firmware/nnet_utils/nnet_activation.h:115]   --->   Operation 824 'bitselect' 'tmp_255' <Predicate = true> <Delay = 0.00>
ST_2 : Operation 825 [1/1] (0.00ns) (grouped into LUT with out node index_167)   --->   "%select_ln115_24 = select i1 %icmp_ln115_24, i13 %add_ln115_24, i13 %tmp_72" [firmware/nnet_utils/nnet_activation.h:115]   --->   Operation 825 'select' 'select_ln115_24' <Predicate = true> <Delay = 0.00> <CoreInst = "Sel">   --->   Core 73 'Sel' <Latency = 0> <II = 1> <Delay = 0.69> <FuncUnit> <Opcode : 'select'> <InPorts = 3> <OutPorts = 1>
ST_2 : Operation 826 [1/1] (0.00ns) (grouped into LUT with out node index_167)   --->   "%data_round_24 = select i1 %tmp_255, i13 %select_ln115_24, i13 %tmp_72" [firmware/nnet_utils/nnet_activation.h:115]   --->   Operation 826 'select' 'data_round_24' <Predicate = true> <Delay = 0.00> <CoreInst = "Sel">   --->   Core 73 'Sel' <Latency = 0> <II = 1> <Delay = 0.69> <FuncUnit> <Opcode : 'select'> <InPorts = 3> <OutPorts = 1>
ST_2 : Operation 827 [1/1] (0.00ns) (grouped into LUT with out node index_167)   --->   "%sext_ln112_24 = sext i13 %data_round_24" [firmware/nnet_utils/nnet_activation.h:112]   --->   Operation 827 'sext' 'sext_ln112_24' <Predicate = true> <Delay = 0.00>
ST_2 : Operation 828 [1/1] (2.13ns) (out node of the LUT)   --->   "%index_167 = add i14 %sext_ln112_24, i14 512" [firmware/nnet_utils/nnet_activation.h:116]   --->   Operation 828 'add' 'index_167' <Predicate = true> <Delay = 2.13> <CoreInst = "Adder">   --->   Core 1 'Adder' <Latency = 0> <II = 1> <Delay = 2.13> <FuncUnit> <Opcode : 'add' 'sub'> <InPorts = 2> <OutPorts = 1>
ST_2 : Operation 829 [1/1] (0.00ns)   --->   "%trunc_ln113_48 = trunc i14 %index_167" [firmware/nnet_utils/nnet_activation.h:113]   --->   Operation 829 'trunc' 'trunc_ln113_48' <Predicate = true> <Delay = 0.00>
ST_2 : Operation 830 [1/1] (0.00ns)   --->   "%tmp_256 = bitselect i1 @_ssdm_op_BitSelect.i1.i14.i32, i14 %index_167, i32 13" [firmware/nnet_utils/nnet_activation.h:117]   --->   Operation 830 'bitselect' 'tmp_256' <Predicate = true> <Delay = 0.00>
ST_2 : Operation 831 [1/1] (0.69ns)   --->   "%index_168 = select i1 %tmp_256, i13 0, i13 %trunc_ln113_48" [firmware/nnet_utils/nnet_activation.h:117]   --->   Operation 831 'select' 'index_168' <Predicate = true> <Delay = 0.69> <CoreInst = "Sel">   --->   Core 73 'Sel' <Latency = 0> <II = 1> <Delay = 0.69> <FuncUnit> <Opcode : 'select'> <InPorts = 3> <OutPorts = 1>
ST_2 : Operation 832 [1/1] (0.00ns)   --->   "%trunc_ln113_49 = trunc i13 %index_168" [firmware/nnet_utils/nnet_activation.h:113]   --->   Operation 832 'trunc' 'trunc_ln113_49' <Predicate = true> <Delay = 0.00>
ST_2 : Operation 833 [1/1] (0.00ns)   --->   "%tmp_258 = partselect i3 @_ssdm_op_PartSelect.i3.i13.i32.i32, i13 %index_168, i32 10, i32 12" [firmware/nnet_utils/nnet_activation.h:119]   --->   Operation 833 'partselect' 'tmp_258' <Predicate = true> <Delay = 0.00>
ST_2 : Operation 834 [1/1] (0.00ns) (grouped into LUT with out node index_170)   --->   "%tmp_261 = bitselect i1 @_ssdm_op_BitSelect.i1.i14.i32, i14 %data_25_val_read, i32 13" [firmware/nnet_utils/nnet_activation.h:115]   --->   Operation 834 'bitselect' 'tmp_261' <Predicate = true> <Delay = 0.00>
ST_2 : Operation 835 [1/1] (0.00ns) (grouped into LUT with out node index_170)   --->   "%select_ln115_25 = select i1 %icmp_ln115_25, i13 %add_ln115_25, i13 %tmp_75" [firmware/nnet_utils/nnet_activation.h:115]   --->   Operation 835 'select' 'select_ln115_25' <Predicate = true> <Delay = 0.00> <CoreInst = "Sel">   --->   Core 73 'Sel' <Latency = 0> <II = 1> <Delay = 0.69> <FuncUnit> <Opcode : 'select'> <InPorts = 3> <OutPorts = 1>
ST_2 : Operation 836 [1/1] (0.00ns) (grouped into LUT with out node index_170)   --->   "%data_round_25 = select i1 %tmp_261, i13 %select_ln115_25, i13 %tmp_75" [firmware/nnet_utils/nnet_activation.h:115]   --->   Operation 836 'select' 'data_round_25' <Predicate = true> <Delay = 0.00> <CoreInst = "Sel">   --->   Core 73 'Sel' <Latency = 0> <II = 1> <Delay = 0.69> <FuncUnit> <Opcode : 'select'> <InPorts = 3> <OutPorts = 1>
ST_2 : Operation 837 [1/1] (0.00ns) (grouped into LUT with out node index_170)   --->   "%sext_ln112_25 = sext i13 %data_round_25" [firmware/nnet_utils/nnet_activation.h:112]   --->   Operation 837 'sext' 'sext_ln112_25' <Predicate = true> <Delay = 0.00>
ST_2 : Operation 838 [1/1] (2.13ns) (out node of the LUT)   --->   "%index_170 = add i14 %sext_ln112_25, i14 512" [firmware/nnet_utils/nnet_activation.h:116]   --->   Operation 838 'add' 'index_170' <Predicate = true> <Delay = 2.13> <CoreInst = "Adder">   --->   Core 1 'Adder' <Latency = 0> <II = 1> <Delay = 2.13> <FuncUnit> <Opcode : 'add' 'sub'> <InPorts = 2> <OutPorts = 1>
ST_2 : Operation 839 [1/1] (0.00ns)   --->   "%trunc_ln113_50 = trunc i14 %index_170" [firmware/nnet_utils/nnet_activation.h:113]   --->   Operation 839 'trunc' 'trunc_ln113_50' <Predicate = true> <Delay = 0.00>
ST_2 : Operation 840 [1/1] (0.00ns)   --->   "%tmp_263 = bitselect i1 @_ssdm_op_BitSelect.i1.i14.i32, i14 %index_170, i32 13" [firmware/nnet_utils/nnet_activation.h:117]   --->   Operation 840 'bitselect' 'tmp_263' <Predicate = true> <Delay = 0.00>
ST_2 : Operation 841 [1/1] (0.69ns)   --->   "%index_171 = select i1 %tmp_263, i13 0, i13 %trunc_ln113_50" [firmware/nnet_utils/nnet_activation.h:117]   --->   Operation 841 'select' 'index_171' <Predicate = true> <Delay = 0.69> <CoreInst = "Sel">   --->   Core 73 'Sel' <Latency = 0> <II = 1> <Delay = 0.69> <FuncUnit> <Opcode : 'select'> <InPorts = 3> <OutPorts = 1>
ST_2 : Operation 842 [1/1] (0.00ns)   --->   "%trunc_ln113_51 = trunc i13 %index_171" [firmware/nnet_utils/nnet_activation.h:113]   --->   Operation 842 'trunc' 'trunc_ln113_51' <Predicate = true> <Delay = 0.00>
ST_2 : Operation 843 [1/1] (0.00ns)   --->   "%tmp_265 = partselect i3 @_ssdm_op_PartSelect.i3.i13.i32.i32, i13 %index_171, i32 10, i32 12" [firmware/nnet_utils/nnet_activation.h:119]   --->   Operation 843 'partselect' 'tmp_265' <Predicate = true> <Delay = 0.00>
ST_2 : Operation 844 [1/1] (0.00ns) (grouped into LUT with out node index_173)   --->   "%tmp_268 = bitselect i1 @_ssdm_op_BitSelect.i1.i14.i32, i14 %data_26_val_read, i32 13" [firmware/nnet_utils/nnet_activation.h:115]   --->   Operation 844 'bitselect' 'tmp_268' <Predicate = true> <Delay = 0.00>
ST_2 : Operation 845 [1/1] (0.00ns) (grouped into LUT with out node index_173)   --->   "%select_ln115_26 = select i1 %icmp_ln115_26, i13 %add_ln115_26, i13 %tmp_78" [firmware/nnet_utils/nnet_activation.h:115]   --->   Operation 845 'select' 'select_ln115_26' <Predicate = true> <Delay = 0.00> <CoreInst = "Sel">   --->   Core 73 'Sel' <Latency = 0> <II = 1> <Delay = 0.69> <FuncUnit> <Opcode : 'select'> <InPorts = 3> <OutPorts = 1>
ST_2 : Operation 846 [1/1] (0.00ns) (grouped into LUT with out node index_173)   --->   "%data_round_26 = select i1 %tmp_268, i13 %select_ln115_26, i13 %tmp_78" [firmware/nnet_utils/nnet_activation.h:115]   --->   Operation 846 'select' 'data_round_26' <Predicate = true> <Delay = 0.00> <CoreInst = "Sel">   --->   Core 73 'Sel' <Latency = 0> <II = 1> <Delay = 0.69> <FuncUnit> <Opcode : 'select'> <InPorts = 3> <OutPorts = 1>
ST_2 : Operation 847 [1/1] (0.00ns) (grouped into LUT with out node index_173)   --->   "%sext_ln112_26 = sext i13 %data_round_26" [firmware/nnet_utils/nnet_activation.h:112]   --->   Operation 847 'sext' 'sext_ln112_26' <Predicate = true> <Delay = 0.00>
ST_2 : Operation 848 [1/1] (2.13ns) (out node of the LUT)   --->   "%index_173 = add i14 %sext_ln112_26, i14 512" [firmware/nnet_utils/nnet_activation.h:116]   --->   Operation 848 'add' 'index_173' <Predicate = true> <Delay = 2.13> <CoreInst = "Adder">   --->   Core 1 'Adder' <Latency = 0> <II = 1> <Delay = 2.13> <FuncUnit> <Opcode : 'add' 'sub'> <InPorts = 2> <OutPorts = 1>
ST_2 : Operation 849 [1/1] (0.00ns)   --->   "%trunc_ln113_52 = trunc i14 %index_173" [firmware/nnet_utils/nnet_activation.h:113]   --->   Operation 849 'trunc' 'trunc_ln113_52' <Predicate = true> <Delay = 0.00>
ST_2 : Operation 850 [1/1] (0.00ns)   --->   "%tmp_270 = bitselect i1 @_ssdm_op_BitSelect.i1.i14.i32, i14 %index_173, i32 13" [firmware/nnet_utils/nnet_activation.h:117]   --->   Operation 850 'bitselect' 'tmp_270' <Predicate = true> <Delay = 0.00>
ST_2 : Operation 851 [1/1] (0.69ns)   --->   "%index_174 = select i1 %tmp_270, i13 0, i13 %trunc_ln113_52" [firmware/nnet_utils/nnet_activation.h:117]   --->   Operation 851 'select' 'index_174' <Predicate = true> <Delay = 0.69> <CoreInst = "Sel">   --->   Core 73 'Sel' <Latency = 0> <II = 1> <Delay = 0.69> <FuncUnit> <Opcode : 'select'> <InPorts = 3> <OutPorts = 1>
ST_2 : Operation 852 [1/1] (0.00ns)   --->   "%trunc_ln113_53 = trunc i13 %index_174" [firmware/nnet_utils/nnet_activation.h:113]   --->   Operation 852 'trunc' 'trunc_ln113_53' <Predicate = true> <Delay = 0.00>
ST_2 : Operation 853 [1/1] (0.00ns)   --->   "%tmp_271 = partselect i3 @_ssdm_op_PartSelect.i3.i13.i32.i32, i13 %index_174, i32 10, i32 12" [firmware/nnet_utils/nnet_activation.h:119]   --->   Operation 853 'partselect' 'tmp_271' <Predicate = true> <Delay = 0.00>
ST_2 : Operation 854 [1/1] (0.00ns) (grouped into LUT with out node index_176)   --->   "%tmp_275 = bitselect i1 @_ssdm_op_BitSelect.i1.i14.i32, i14 %data_27_val_read, i32 13" [firmware/nnet_utils/nnet_activation.h:115]   --->   Operation 854 'bitselect' 'tmp_275' <Predicate = true> <Delay = 0.00>
ST_2 : Operation 855 [1/1] (0.00ns) (grouped into LUT with out node index_176)   --->   "%select_ln115_27 = select i1 %icmp_ln115_27, i13 %add_ln115_27, i13 %tmp_81" [firmware/nnet_utils/nnet_activation.h:115]   --->   Operation 855 'select' 'select_ln115_27' <Predicate = true> <Delay = 0.00> <CoreInst = "Sel">   --->   Core 73 'Sel' <Latency = 0> <II = 1> <Delay = 0.69> <FuncUnit> <Opcode : 'select'> <InPorts = 3> <OutPorts = 1>
ST_2 : Operation 856 [1/1] (0.00ns) (grouped into LUT with out node index_176)   --->   "%data_round_27 = select i1 %tmp_275, i13 %select_ln115_27, i13 %tmp_81" [firmware/nnet_utils/nnet_activation.h:115]   --->   Operation 856 'select' 'data_round_27' <Predicate = true> <Delay = 0.00> <CoreInst = "Sel">   --->   Core 73 'Sel' <Latency = 0> <II = 1> <Delay = 0.69> <FuncUnit> <Opcode : 'select'> <InPorts = 3> <OutPorts = 1>
ST_2 : Operation 857 [1/1] (0.00ns) (grouped into LUT with out node index_176)   --->   "%sext_ln112_27 = sext i13 %data_round_27" [firmware/nnet_utils/nnet_activation.h:112]   --->   Operation 857 'sext' 'sext_ln112_27' <Predicate = true> <Delay = 0.00>
ST_2 : Operation 858 [1/1] (2.13ns) (out node of the LUT)   --->   "%index_176 = add i14 %sext_ln112_27, i14 512" [firmware/nnet_utils/nnet_activation.h:116]   --->   Operation 858 'add' 'index_176' <Predicate = true> <Delay = 2.13> <CoreInst = "Adder">   --->   Core 1 'Adder' <Latency = 0> <II = 1> <Delay = 2.13> <FuncUnit> <Opcode : 'add' 'sub'> <InPorts = 2> <OutPorts = 1>
ST_2 : Operation 859 [1/1] (0.00ns)   --->   "%trunc_ln113_54 = trunc i14 %index_176" [firmware/nnet_utils/nnet_activation.h:113]   --->   Operation 859 'trunc' 'trunc_ln113_54' <Predicate = true> <Delay = 0.00>
ST_2 : Operation 860 [1/1] (0.00ns)   --->   "%tmp_276 = bitselect i1 @_ssdm_op_BitSelect.i1.i14.i32, i14 %index_176, i32 13" [firmware/nnet_utils/nnet_activation.h:117]   --->   Operation 860 'bitselect' 'tmp_276' <Predicate = true> <Delay = 0.00>
ST_2 : Operation 861 [1/1] (0.69ns)   --->   "%index_177 = select i1 %tmp_276, i13 0, i13 %trunc_ln113_54" [firmware/nnet_utils/nnet_activation.h:117]   --->   Operation 861 'select' 'index_177' <Predicate = true> <Delay = 0.69> <CoreInst = "Sel">   --->   Core 73 'Sel' <Latency = 0> <II = 1> <Delay = 0.69> <FuncUnit> <Opcode : 'select'> <InPorts = 3> <OutPorts = 1>
ST_2 : Operation 862 [1/1] (0.00ns)   --->   "%trunc_ln113_55 = trunc i13 %index_177" [firmware/nnet_utils/nnet_activation.h:113]   --->   Operation 862 'trunc' 'trunc_ln113_55' <Predicate = true> <Delay = 0.00>
ST_2 : Operation 863 [1/1] (0.00ns)   --->   "%tmp_278 = partselect i3 @_ssdm_op_PartSelect.i3.i13.i32.i32, i13 %index_177, i32 10, i32 12" [firmware/nnet_utils/nnet_activation.h:119]   --->   Operation 863 'partselect' 'tmp_278' <Predicate = true> <Delay = 0.00>
ST_2 : Operation 864 [1/1] (0.00ns) (grouped into LUT with out node index_179)   --->   "%tmp_281 = bitselect i1 @_ssdm_op_BitSelect.i1.i14.i32, i14 %data_28_val_read, i32 13" [firmware/nnet_utils/nnet_activation.h:115]   --->   Operation 864 'bitselect' 'tmp_281' <Predicate = true> <Delay = 0.00>
ST_2 : Operation 865 [1/1] (0.00ns) (grouped into LUT with out node index_179)   --->   "%select_ln115_28 = select i1 %icmp_ln115_28, i13 %add_ln115_28, i13 %tmp_84" [firmware/nnet_utils/nnet_activation.h:115]   --->   Operation 865 'select' 'select_ln115_28' <Predicate = true> <Delay = 0.00> <CoreInst = "Sel">   --->   Core 73 'Sel' <Latency = 0> <II = 1> <Delay = 0.69> <FuncUnit> <Opcode : 'select'> <InPorts = 3> <OutPorts = 1>
ST_2 : Operation 866 [1/1] (0.00ns) (grouped into LUT with out node index_179)   --->   "%data_round_28 = select i1 %tmp_281, i13 %select_ln115_28, i13 %tmp_84" [firmware/nnet_utils/nnet_activation.h:115]   --->   Operation 866 'select' 'data_round_28' <Predicate = true> <Delay = 0.00> <CoreInst = "Sel">   --->   Core 73 'Sel' <Latency = 0> <II = 1> <Delay = 0.69> <FuncUnit> <Opcode : 'select'> <InPorts = 3> <OutPorts = 1>
ST_2 : Operation 867 [1/1] (0.00ns) (grouped into LUT with out node index_179)   --->   "%sext_ln112_28 = sext i13 %data_round_28" [firmware/nnet_utils/nnet_activation.h:112]   --->   Operation 867 'sext' 'sext_ln112_28' <Predicate = true> <Delay = 0.00>
ST_2 : Operation 868 [1/1] (2.13ns) (out node of the LUT)   --->   "%index_179 = add i14 %sext_ln112_28, i14 512" [firmware/nnet_utils/nnet_activation.h:116]   --->   Operation 868 'add' 'index_179' <Predicate = true> <Delay = 2.13> <CoreInst = "Adder">   --->   Core 1 'Adder' <Latency = 0> <II = 1> <Delay = 2.13> <FuncUnit> <Opcode : 'add' 'sub'> <InPorts = 2> <OutPorts = 1>
ST_2 : Operation 869 [1/1] (0.00ns)   --->   "%trunc_ln113_56 = trunc i14 %index_179" [firmware/nnet_utils/nnet_activation.h:113]   --->   Operation 869 'trunc' 'trunc_ln113_56' <Predicate = true> <Delay = 0.00>
ST_2 : Operation 870 [1/1] (0.00ns)   --->   "%tmp_283 = bitselect i1 @_ssdm_op_BitSelect.i1.i14.i32, i14 %index_179, i32 13" [firmware/nnet_utils/nnet_activation.h:117]   --->   Operation 870 'bitselect' 'tmp_283' <Predicate = true> <Delay = 0.00>
ST_2 : Operation 871 [1/1] (0.69ns)   --->   "%index_180 = select i1 %tmp_283, i13 0, i13 %trunc_ln113_56" [firmware/nnet_utils/nnet_activation.h:117]   --->   Operation 871 'select' 'index_180' <Predicate = true> <Delay = 0.69> <CoreInst = "Sel">   --->   Core 73 'Sel' <Latency = 0> <II = 1> <Delay = 0.69> <FuncUnit> <Opcode : 'select'> <InPorts = 3> <OutPorts = 1>
ST_2 : Operation 872 [1/1] (0.00ns)   --->   "%trunc_ln113_57 = trunc i13 %index_180" [firmware/nnet_utils/nnet_activation.h:113]   --->   Operation 872 'trunc' 'trunc_ln113_57' <Predicate = true> <Delay = 0.00>
ST_2 : Operation 873 [1/1] (0.00ns)   --->   "%tmp_285 = partselect i3 @_ssdm_op_PartSelect.i3.i13.i32.i32, i13 %index_180, i32 10, i32 12" [firmware/nnet_utils/nnet_activation.h:119]   --->   Operation 873 'partselect' 'tmp_285' <Predicate = true> <Delay = 0.00>
ST_2 : Operation 874 [1/1] (0.00ns) (grouped into LUT with out node index_182)   --->   "%tmp_288 = bitselect i1 @_ssdm_op_BitSelect.i1.i14.i32, i14 %data_29_val_read, i32 13" [firmware/nnet_utils/nnet_activation.h:115]   --->   Operation 874 'bitselect' 'tmp_288' <Predicate = true> <Delay = 0.00>
ST_2 : Operation 875 [1/1] (0.00ns) (grouped into LUT with out node index_182)   --->   "%select_ln115_29 = select i1 %icmp_ln115_29, i13 %add_ln115_29, i13 %tmp_87" [firmware/nnet_utils/nnet_activation.h:115]   --->   Operation 875 'select' 'select_ln115_29' <Predicate = true> <Delay = 0.00> <CoreInst = "Sel">   --->   Core 73 'Sel' <Latency = 0> <II = 1> <Delay = 0.69> <FuncUnit> <Opcode : 'select'> <InPorts = 3> <OutPorts = 1>
ST_2 : Operation 876 [1/1] (0.00ns) (grouped into LUT with out node index_182)   --->   "%data_round_29 = select i1 %tmp_288, i13 %select_ln115_29, i13 %tmp_87" [firmware/nnet_utils/nnet_activation.h:115]   --->   Operation 876 'select' 'data_round_29' <Predicate = true> <Delay = 0.00> <CoreInst = "Sel">   --->   Core 73 'Sel' <Latency = 0> <II = 1> <Delay = 0.69> <FuncUnit> <Opcode : 'select'> <InPorts = 3> <OutPorts = 1>
ST_2 : Operation 877 [1/1] (0.00ns) (grouped into LUT with out node index_182)   --->   "%sext_ln112_29 = sext i13 %data_round_29" [firmware/nnet_utils/nnet_activation.h:112]   --->   Operation 877 'sext' 'sext_ln112_29' <Predicate = true> <Delay = 0.00>
ST_2 : Operation 878 [1/1] (2.13ns) (out node of the LUT)   --->   "%index_182 = add i14 %sext_ln112_29, i14 512" [firmware/nnet_utils/nnet_activation.h:116]   --->   Operation 878 'add' 'index_182' <Predicate = true> <Delay = 2.13> <CoreInst = "Adder">   --->   Core 1 'Adder' <Latency = 0> <II = 1> <Delay = 2.13> <FuncUnit> <Opcode : 'add' 'sub'> <InPorts = 2> <OutPorts = 1>
ST_2 : Operation 879 [1/1] (0.00ns)   --->   "%trunc_ln113_58 = trunc i14 %index_182" [firmware/nnet_utils/nnet_activation.h:113]   --->   Operation 879 'trunc' 'trunc_ln113_58' <Predicate = true> <Delay = 0.00>
ST_2 : Operation 880 [1/1] (0.00ns)   --->   "%tmp_290 = bitselect i1 @_ssdm_op_BitSelect.i1.i14.i32, i14 %index_182, i32 13" [firmware/nnet_utils/nnet_activation.h:117]   --->   Operation 880 'bitselect' 'tmp_290' <Predicate = true> <Delay = 0.00>
ST_2 : Operation 881 [1/1] (0.69ns)   --->   "%index_183 = select i1 %tmp_290, i13 0, i13 %trunc_ln113_58" [firmware/nnet_utils/nnet_activation.h:117]   --->   Operation 881 'select' 'index_183' <Predicate = true> <Delay = 0.69> <CoreInst = "Sel">   --->   Core 73 'Sel' <Latency = 0> <II = 1> <Delay = 0.69> <FuncUnit> <Opcode : 'select'> <InPorts = 3> <OutPorts = 1>
ST_2 : Operation 882 [1/1] (0.00ns)   --->   "%trunc_ln113_59 = trunc i13 %index_183" [firmware/nnet_utils/nnet_activation.h:113]   --->   Operation 882 'trunc' 'trunc_ln113_59' <Predicate = true> <Delay = 0.00>
ST_2 : Operation 883 [1/1] (0.00ns)   --->   "%tmp_291 = partselect i3 @_ssdm_op_PartSelect.i3.i13.i32.i32, i13 %index_183, i32 10, i32 12" [firmware/nnet_utils/nnet_activation.h:119]   --->   Operation 883 'partselect' 'tmp_291' <Predicate = true> <Delay = 0.00>
ST_2 : Operation 884 [1/1] (0.00ns) (grouped into LUT with out node index_185)   --->   "%tmp_295 = bitselect i1 @_ssdm_op_BitSelect.i1.i14.i32, i14 %data_30_val_read, i32 13" [firmware/nnet_utils/nnet_activation.h:115]   --->   Operation 884 'bitselect' 'tmp_295' <Predicate = true> <Delay = 0.00>
ST_2 : Operation 885 [1/1] (0.00ns) (grouped into LUT with out node index_185)   --->   "%select_ln115_30 = select i1 %icmp_ln115_30, i13 %add_ln115_30, i13 %tmp_90" [firmware/nnet_utils/nnet_activation.h:115]   --->   Operation 885 'select' 'select_ln115_30' <Predicate = true> <Delay = 0.00> <CoreInst = "Sel">   --->   Core 73 'Sel' <Latency = 0> <II = 1> <Delay = 0.69> <FuncUnit> <Opcode : 'select'> <InPorts = 3> <OutPorts = 1>
ST_2 : Operation 886 [1/1] (0.00ns) (grouped into LUT with out node index_185)   --->   "%data_round_30 = select i1 %tmp_295, i13 %select_ln115_30, i13 %tmp_90" [firmware/nnet_utils/nnet_activation.h:115]   --->   Operation 886 'select' 'data_round_30' <Predicate = true> <Delay = 0.00> <CoreInst = "Sel">   --->   Core 73 'Sel' <Latency = 0> <II = 1> <Delay = 0.69> <FuncUnit> <Opcode : 'select'> <InPorts = 3> <OutPorts = 1>
ST_2 : Operation 887 [1/1] (0.00ns) (grouped into LUT with out node index_185)   --->   "%sext_ln112_30 = sext i13 %data_round_30" [firmware/nnet_utils/nnet_activation.h:112]   --->   Operation 887 'sext' 'sext_ln112_30' <Predicate = true> <Delay = 0.00>
ST_2 : Operation 888 [1/1] (2.13ns) (out node of the LUT)   --->   "%index_185 = add i14 %sext_ln112_30, i14 512" [firmware/nnet_utils/nnet_activation.h:116]   --->   Operation 888 'add' 'index_185' <Predicate = true> <Delay = 2.13> <CoreInst = "Adder">   --->   Core 1 'Adder' <Latency = 0> <II = 1> <Delay = 2.13> <FuncUnit> <Opcode : 'add' 'sub'> <InPorts = 2> <OutPorts = 1>
ST_2 : Operation 889 [1/1] (0.00ns)   --->   "%trunc_ln113_60 = trunc i14 %index_185" [firmware/nnet_utils/nnet_activation.h:113]   --->   Operation 889 'trunc' 'trunc_ln113_60' <Predicate = true> <Delay = 0.00>
ST_2 : Operation 890 [1/1] (0.00ns)   --->   "%tmp_296 = bitselect i1 @_ssdm_op_BitSelect.i1.i14.i32, i14 %index_185, i32 13" [firmware/nnet_utils/nnet_activation.h:117]   --->   Operation 890 'bitselect' 'tmp_296' <Predicate = true> <Delay = 0.00>
ST_2 : Operation 891 [1/1] (0.69ns)   --->   "%index_186 = select i1 %tmp_296, i13 0, i13 %trunc_ln113_60" [firmware/nnet_utils/nnet_activation.h:117]   --->   Operation 891 'select' 'index_186' <Predicate = true> <Delay = 0.69> <CoreInst = "Sel">   --->   Core 73 'Sel' <Latency = 0> <II = 1> <Delay = 0.69> <FuncUnit> <Opcode : 'select'> <InPorts = 3> <OutPorts = 1>
ST_2 : Operation 892 [1/1] (0.00ns)   --->   "%trunc_ln113_61 = trunc i13 %index_186" [firmware/nnet_utils/nnet_activation.h:113]   --->   Operation 892 'trunc' 'trunc_ln113_61' <Predicate = true> <Delay = 0.00>
ST_2 : Operation 893 [1/1] (0.00ns)   --->   "%tmp_298 = partselect i3 @_ssdm_op_PartSelect.i3.i13.i32.i32, i13 %index_186, i32 10, i32 12" [firmware/nnet_utils/nnet_activation.h:119]   --->   Operation 893 'partselect' 'tmp_298' <Predicate = true> <Delay = 0.00>
ST_2 : Operation 894 [1/1] (0.00ns) (grouped into LUT with out node index_188)   --->   "%tmp_301 = bitselect i1 @_ssdm_op_BitSelect.i1.i14.i32, i14 %data_31_val_read, i32 13" [firmware/nnet_utils/nnet_activation.h:115]   --->   Operation 894 'bitselect' 'tmp_301' <Predicate = true> <Delay = 0.00>
ST_2 : Operation 895 [1/1] (0.00ns) (grouped into LUT with out node index_188)   --->   "%select_ln115_31 = select i1 %icmp_ln115_31, i13 %add_ln115_31, i13 %tmp_93" [firmware/nnet_utils/nnet_activation.h:115]   --->   Operation 895 'select' 'select_ln115_31' <Predicate = true> <Delay = 0.00> <CoreInst = "Sel">   --->   Core 73 'Sel' <Latency = 0> <II = 1> <Delay = 0.69> <FuncUnit> <Opcode : 'select'> <InPorts = 3> <OutPorts = 1>
ST_2 : Operation 896 [1/1] (0.00ns) (grouped into LUT with out node index_188)   --->   "%data_round_31 = select i1 %tmp_301, i13 %select_ln115_31, i13 %tmp_93" [firmware/nnet_utils/nnet_activation.h:115]   --->   Operation 896 'select' 'data_round_31' <Predicate = true> <Delay = 0.00> <CoreInst = "Sel">   --->   Core 73 'Sel' <Latency = 0> <II = 1> <Delay = 0.69> <FuncUnit> <Opcode : 'select'> <InPorts = 3> <OutPorts = 1>
ST_2 : Operation 897 [1/1] (0.00ns) (grouped into LUT with out node index_188)   --->   "%sext_ln112_31 = sext i13 %data_round_31" [firmware/nnet_utils/nnet_activation.h:112]   --->   Operation 897 'sext' 'sext_ln112_31' <Predicate = true> <Delay = 0.00>
ST_2 : Operation 898 [1/1] (2.13ns) (out node of the LUT)   --->   "%index_188 = add i14 %sext_ln112_31, i14 512" [firmware/nnet_utils/nnet_activation.h:116]   --->   Operation 898 'add' 'index_188' <Predicate = true> <Delay = 2.13> <CoreInst = "Adder">   --->   Core 1 'Adder' <Latency = 0> <II = 1> <Delay = 2.13> <FuncUnit> <Opcode : 'add' 'sub'> <InPorts = 2> <OutPorts = 1>
ST_2 : Operation 899 [1/1] (0.00ns)   --->   "%trunc_ln113_62 = trunc i14 %index_188" [firmware/nnet_utils/nnet_activation.h:113]   --->   Operation 899 'trunc' 'trunc_ln113_62' <Predicate = true> <Delay = 0.00>
ST_2 : Operation 900 [1/1] (0.00ns)   --->   "%tmp_303 = bitselect i1 @_ssdm_op_BitSelect.i1.i14.i32, i14 %index_188, i32 13" [firmware/nnet_utils/nnet_activation.h:117]   --->   Operation 900 'bitselect' 'tmp_303' <Predicate = true> <Delay = 0.00>
ST_2 : Operation 901 [1/1] (0.69ns)   --->   "%index_189 = select i1 %tmp_303, i13 0, i13 %trunc_ln113_62" [firmware/nnet_utils/nnet_activation.h:117]   --->   Operation 901 'select' 'index_189' <Predicate = true> <Delay = 0.69> <CoreInst = "Sel">   --->   Core 73 'Sel' <Latency = 0> <II = 1> <Delay = 0.69> <FuncUnit> <Opcode : 'select'> <InPorts = 3> <OutPorts = 1>
ST_2 : Operation 902 [1/1] (0.00ns)   --->   "%trunc_ln113_63 = trunc i13 %index_189" [firmware/nnet_utils/nnet_activation.h:113]   --->   Operation 902 'trunc' 'trunc_ln113_63' <Predicate = true> <Delay = 0.00>
ST_2 : Operation 903 [1/1] (0.00ns)   --->   "%tmp_305 = partselect i3 @_ssdm_op_PartSelect.i3.i13.i32.i32, i13 %index_189, i32 10, i32 12" [firmware/nnet_utils/nnet_activation.h:119]   --->   Operation 903 'partselect' 'tmp_305' <Predicate = true> <Delay = 0.00>
ST_2 : Operation 904 [1/1] (0.00ns) (grouped into LUT with out node index_191)   --->   "%tmp_308 = bitselect i1 @_ssdm_op_BitSelect.i1.i14.i32, i14 %data_32_val_read, i32 13" [firmware/nnet_utils/nnet_activation.h:115]   --->   Operation 904 'bitselect' 'tmp_308' <Predicate = true> <Delay = 0.00>
ST_2 : Operation 905 [1/1] (0.00ns) (grouped into LUT with out node index_191)   --->   "%select_ln115_32 = select i1 %icmp_ln115_32, i13 %add_ln115_32, i13 %tmp_97" [firmware/nnet_utils/nnet_activation.h:115]   --->   Operation 905 'select' 'select_ln115_32' <Predicate = true> <Delay = 0.00> <CoreInst = "Sel">   --->   Core 73 'Sel' <Latency = 0> <II = 1> <Delay = 0.69> <FuncUnit> <Opcode : 'select'> <InPorts = 3> <OutPorts = 1>
ST_2 : Operation 906 [1/1] (0.00ns) (grouped into LUT with out node index_191)   --->   "%data_round_32 = select i1 %tmp_308, i13 %select_ln115_32, i13 %tmp_97" [firmware/nnet_utils/nnet_activation.h:115]   --->   Operation 906 'select' 'data_round_32' <Predicate = true> <Delay = 0.00> <CoreInst = "Sel">   --->   Core 73 'Sel' <Latency = 0> <II = 1> <Delay = 0.69> <FuncUnit> <Opcode : 'select'> <InPorts = 3> <OutPorts = 1>
ST_2 : Operation 907 [1/1] (0.00ns) (grouped into LUT with out node index_191)   --->   "%sext_ln112_32 = sext i13 %data_round_32" [firmware/nnet_utils/nnet_activation.h:112]   --->   Operation 907 'sext' 'sext_ln112_32' <Predicate = true> <Delay = 0.00>
ST_2 : Operation 908 [1/1] (2.13ns) (out node of the LUT)   --->   "%index_191 = add i14 %sext_ln112_32, i14 512" [firmware/nnet_utils/nnet_activation.h:116]   --->   Operation 908 'add' 'index_191' <Predicate = true> <Delay = 2.13> <CoreInst = "Adder">   --->   Core 1 'Adder' <Latency = 0> <II = 1> <Delay = 2.13> <FuncUnit> <Opcode : 'add' 'sub'> <InPorts = 2> <OutPorts = 1>
ST_2 : Operation 909 [1/1] (0.00ns)   --->   "%trunc_ln113_64 = trunc i14 %index_191" [firmware/nnet_utils/nnet_activation.h:113]   --->   Operation 909 'trunc' 'trunc_ln113_64' <Predicate = true> <Delay = 0.00>
ST_2 : Operation 910 [1/1] (0.00ns)   --->   "%tmp_310 = bitselect i1 @_ssdm_op_BitSelect.i1.i14.i32, i14 %index_191, i32 13" [firmware/nnet_utils/nnet_activation.h:117]   --->   Operation 910 'bitselect' 'tmp_310' <Predicate = true> <Delay = 0.00>
ST_2 : Operation 911 [1/1] (0.69ns)   --->   "%index_192 = select i1 %tmp_310, i13 0, i13 %trunc_ln113_64" [firmware/nnet_utils/nnet_activation.h:117]   --->   Operation 911 'select' 'index_192' <Predicate = true> <Delay = 0.69> <CoreInst = "Sel">   --->   Core 73 'Sel' <Latency = 0> <II = 1> <Delay = 0.69> <FuncUnit> <Opcode : 'select'> <InPorts = 3> <OutPorts = 1>
ST_2 : Operation 912 [1/1] (0.00ns)   --->   "%trunc_ln113_65 = trunc i13 %index_192" [firmware/nnet_utils/nnet_activation.h:113]   --->   Operation 912 'trunc' 'trunc_ln113_65' <Predicate = true> <Delay = 0.00>
ST_2 : Operation 913 [1/1] (0.00ns)   --->   "%tmp_311 = partselect i3 @_ssdm_op_PartSelect.i3.i13.i32.i32, i13 %index_192, i32 10, i32 12" [firmware/nnet_utils/nnet_activation.h:119]   --->   Operation 913 'partselect' 'tmp_311' <Predicate = true> <Delay = 0.00>
ST_2 : Operation 914 [1/1] (0.00ns) (grouped into LUT with out node index_194)   --->   "%tmp_315 = bitselect i1 @_ssdm_op_BitSelect.i1.i14.i32, i14 %data_33_val_read, i32 13" [firmware/nnet_utils/nnet_activation.h:115]   --->   Operation 914 'bitselect' 'tmp_315' <Predicate = true> <Delay = 0.00>
ST_2 : Operation 915 [1/1] (0.00ns) (grouped into LUT with out node index_194)   --->   "%select_ln115_33 = select i1 %icmp_ln115_33, i13 %add_ln115_33, i13 %tmp_104" [firmware/nnet_utils/nnet_activation.h:115]   --->   Operation 915 'select' 'select_ln115_33' <Predicate = true> <Delay = 0.00> <CoreInst = "Sel">   --->   Core 73 'Sel' <Latency = 0> <II = 1> <Delay = 0.69> <FuncUnit> <Opcode : 'select'> <InPorts = 3> <OutPorts = 1>
ST_2 : Operation 916 [1/1] (0.00ns) (grouped into LUT with out node index_194)   --->   "%data_round_33 = select i1 %tmp_315, i13 %select_ln115_33, i13 %tmp_104" [firmware/nnet_utils/nnet_activation.h:115]   --->   Operation 916 'select' 'data_round_33' <Predicate = true> <Delay = 0.00> <CoreInst = "Sel">   --->   Core 73 'Sel' <Latency = 0> <II = 1> <Delay = 0.69> <FuncUnit> <Opcode : 'select'> <InPorts = 3> <OutPorts = 1>
ST_2 : Operation 917 [1/1] (0.00ns) (grouped into LUT with out node index_194)   --->   "%sext_ln112_33 = sext i13 %data_round_33" [firmware/nnet_utils/nnet_activation.h:112]   --->   Operation 917 'sext' 'sext_ln112_33' <Predicate = true> <Delay = 0.00>
ST_2 : Operation 918 [1/1] (2.13ns) (out node of the LUT)   --->   "%index_194 = add i14 %sext_ln112_33, i14 512" [firmware/nnet_utils/nnet_activation.h:116]   --->   Operation 918 'add' 'index_194' <Predicate = true> <Delay = 2.13> <CoreInst = "Adder">   --->   Core 1 'Adder' <Latency = 0> <II = 1> <Delay = 2.13> <FuncUnit> <Opcode : 'add' 'sub'> <InPorts = 2> <OutPorts = 1>
ST_2 : Operation 919 [1/1] (0.00ns)   --->   "%trunc_ln113_66 = trunc i14 %index_194" [firmware/nnet_utils/nnet_activation.h:113]   --->   Operation 919 'trunc' 'trunc_ln113_66' <Predicate = true> <Delay = 0.00>
ST_2 : Operation 920 [1/1] (0.00ns)   --->   "%tmp_316 = bitselect i1 @_ssdm_op_BitSelect.i1.i14.i32, i14 %index_194, i32 13" [firmware/nnet_utils/nnet_activation.h:117]   --->   Operation 920 'bitselect' 'tmp_316' <Predicate = true> <Delay = 0.00>
ST_2 : Operation 921 [1/1] (0.69ns)   --->   "%index_195 = select i1 %tmp_316, i13 0, i13 %trunc_ln113_66" [firmware/nnet_utils/nnet_activation.h:117]   --->   Operation 921 'select' 'index_195' <Predicate = true> <Delay = 0.69> <CoreInst = "Sel">   --->   Core 73 'Sel' <Latency = 0> <II = 1> <Delay = 0.69> <FuncUnit> <Opcode : 'select'> <InPorts = 3> <OutPorts = 1>
ST_2 : Operation 922 [1/1] (0.00ns)   --->   "%trunc_ln113_67 = trunc i13 %index_195" [firmware/nnet_utils/nnet_activation.h:113]   --->   Operation 922 'trunc' 'trunc_ln113_67' <Predicate = true> <Delay = 0.00>
ST_2 : Operation 923 [1/1] (0.00ns)   --->   "%tmp_318 = partselect i3 @_ssdm_op_PartSelect.i3.i13.i32.i32, i13 %index_195, i32 10, i32 12" [firmware/nnet_utils/nnet_activation.h:119]   --->   Operation 923 'partselect' 'tmp_318' <Predicate = true> <Delay = 0.00>
ST_2 : Operation 924 [1/1] (0.00ns) (grouped into LUT with out node index_197)   --->   "%tmp_321 = bitselect i1 @_ssdm_op_BitSelect.i1.i14.i32, i14 %data_34_val_read, i32 13" [firmware/nnet_utils/nnet_activation.h:115]   --->   Operation 924 'bitselect' 'tmp_321' <Predicate = true> <Delay = 0.00>
ST_2 : Operation 925 [1/1] (0.00ns) (grouped into LUT with out node index_197)   --->   "%select_ln115_34 = select i1 %icmp_ln115_34, i13 %add_ln115_34, i13 %tmp_112" [firmware/nnet_utils/nnet_activation.h:115]   --->   Operation 925 'select' 'select_ln115_34' <Predicate = true> <Delay = 0.00> <CoreInst = "Sel">   --->   Core 73 'Sel' <Latency = 0> <II = 1> <Delay = 0.69> <FuncUnit> <Opcode : 'select'> <InPorts = 3> <OutPorts = 1>
ST_2 : Operation 926 [1/1] (0.00ns) (grouped into LUT with out node index_197)   --->   "%data_round_34 = select i1 %tmp_321, i13 %select_ln115_34, i13 %tmp_112" [firmware/nnet_utils/nnet_activation.h:115]   --->   Operation 926 'select' 'data_round_34' <Predicate = true> <Delay = 0.00> <CoreInst = "Sel">   --->   Core 73 'Sel' <Latency = 0> <II = 1> <Delay = 0.69> <FuncUnit> <Opcode : 'select'> <InPorts = 3> <OutPorts = 1>
ST_2 : Operation 927 [1/1] (0.00ns) (grouped into LUT with out node index_197)   --->   "%sext_ln112_34 = sext i13 %data_round_34" [firmware/nnet_utils/nnet_activation.h:112]   --->   Operation 927 'sext' 'sext_ln112_34' <Predicate = true> <Delay = 0.00>
ST_2 : Operation 928 [1/1] (2.13ns) (out node of the LUT)   --->   "%index_197 = add i14 %sext_ln112_34, i14 512" [firmware/nnet_utils/nnet_activation.h:116]   --->   Operation 928 'add' 'index_197' <Predicate = true> <Delay = 2.13> <CoreInst = "Adder">   --->   Core 1 'Adder' <Latency = 0> <II = 1> <Delay = 2.13> <FuncUnit> <Opcode : 'add' 'sub'> <InPorts = 2> <OutPorts = 1>
ST_2 : Operation 929 [1/1] (0.00ns)   --->   "%trunc_ln113_68 = trunc i14 %index_197" [firmware/nnet_utils/nnet_activation.h:113]   --->   Operation 929 'trunc' 'trunc_ln113_68' <Predicate = true> <Delay = 0.00>
ST_2 : Operation 930 [1/1] (0.00ns)   --->   "%tmp_323 = bitselect i1 @_ssdm_op_BitSelect.i1.i14.i32, i14 %index_197, i32 13" [firmware/nnet_utils/nnet_activation.h:117]   --->   Operation 930 'bitselect' 'tmp_323' <Predicate = true> <Delay = 0.00>
ST_2 : Operation 931 [1/1] (0.69ns)   --->   "%index_198 = select i1 %tmp_323, i13 0, i13 %trunc_ln113_68" [firmware/nnet_utils/nnet_activation.h:117]   --->   Operation 931 'select' 'index_198' <Predicate = true> <Delay = 0.69> <CoreInst = "Sel">   --->   Core 73 'Sel' <Latency = 0> <II = 1> <Delay = 0.69> <FuncUnit> <Opcode : 'select'> <InPorts = 3> <OutPorts = 1>
ST_2 : Operation 932 [1/1] (0.00ns)   --->   "%trunc_ln113_69 = trunc i13 %index_198" [firmware/nnet_utils/nnet_activation.h:113]   --->   Operation 932 'trunc' 'trunc_ln113_69' <Predicate = true> <Delay = 0.00>
ST_2 : Operation 933 [1/1] (0.00ns)   --->   "%tmp_325 = partselect i3 @_ssdm_op_PartSelect.i3.i13.i32.i32, i13 %index_198, i32 10, i32 12" [firmware/nnet_utils/nnet_activation.h:119]   --->   Operation 933 'partselect' 'tmp_325' <Predicate = true> <Delay = 0.00>
ST_2 : Operation 934 [1/1] (0.00ns) (grouped into LUT with out node index_200)   --->   "%tmp_328 = bitselect i1 @_ssdm_op_BitSelect.i1.i14.i32, i14 %data_35_val_read, i32 13" [firmware/nnet_utils/nnet_activation.h:115]   --->   Operation 934 'bitselect' 'tmp_328' <Predicate = true> <Delay = 0.00>
ST_2 : Operation 935 [1/1] (0.00ns) (grouped into LUT with out node index_200)   --->   "%select_ln115_35 = select i1 %icmp_ln115_35, i13 %add_ln115_35, i13 %tmp_119" [firmware/nnet_utils/nnet_activation.h:115]   --->   Operation 935 'select' 'select_ln115_35' <Predicate = true> <Delay = 0.00> <CoreInst = "Sel">   --->   Core 73 'Sel' <Latency = 0> <II = 1> <Delay = 0.69> <FuncUnit> <Opcode : 'select'> <InPorts = 3> <OutPorts = 1>
ST_2 : Operation 936 [1/1] (0.00ns) (grouped into LUT with out node index_200)   --->   "%data_round_35 = select i1 %tmp_328, i13 %select_ln115_35, i13 %tmp_119" [firmware/nnet_utils/nnet_activation.h:115]   --->   Operation 936 'select' 'data_round_35' <Predicate = true> <Delay = 0.00> <CoreInst = "Sel">   --->   Core 73 'Sel' <Latency = 0> <II = 1> <Delay = 0.69> <FuncUnit> <Opcode : 'select'> <InPorts = 3> <OutPorts = 1>
ST_2 : Operation 937 [1/1] (0.00ns) (grouped into LUT with out node index_200)   --->   "%sext_ln112_35 = sext i13 %data_round_35" [firmware/nnet_utils/nnet_activation.h:112]   --->   Operation 937 'sext' 'sext_ln112_35' <Predicate = true> <Delay = 0.00>
ST_2 : Operation 938 [1/1] (2.13ns) (out node of the LUT)   --->   "%index_200 = add i14 %sext_ln112_35, i14 512" [firmware/nnet_utils/nnet_activation.h:116]   --->   Operation 938 'add' 'index_200' <Predicate = true> <Delay = 2.13> <CoreInst = "Adder">   --->   Core 1 'Adder' <Latency = 0> <II = 1> <Delay = 2.13> <FuncUnit> <Opcode : 'add' 'sub'> <InPorts = 2> <OutPorts = 1>
ST_2 : Operation 939 [1/1] (0.00ns)   --->   "%trunc_ln113_70 = trunc i14 %index_200" [firmware/nnet_utils/nnet_activation.h:113]   --->   Operation 939 'trunc' 'trunc_ln113_70' <Predicate = true> <Delay = 0.00>
ST_2 : Operation 940 [1/1] (0.00ns)   --->   "%tmp_330 = bitselect i1 @_ssdm_op_BitSelect.i1.i14.i32, i14 %index_200, i32 13" [firmware/nnet_utils/nnet_activation.h:117]   --->   Operation 940 'bitselect' 'tmp_330' <Predicate = true> <Delay = 0.00>
ST_2 : Operation 941 [1/1] (0.69ns)   --->   "%index_201 = select i1 %tmp_330, i13 0, i13 %trunc_ln113_70" [firmware/nnet_utils/nnet_activation.h:117]   --->   Operation 941 'select' 'index_201' <Predicate = true> <Delay = 0.69> <CoreInst = "Sel">   --->   Core 73 'Sel' <Latency = 0> <II = 1> <Delay = 0.69> <FuncUnit> <Opcode : 'select'> <InPorts = 3> <OutPorts = 1>
ST_2 : Operation 942 [1/1] (0.00ns)   --->   "%trunc_ln113_71 = trunc i13 %index_201" [firmware/nnet_utils/nnet_activation.h:113]   --->   Operation 942 'trunc' 'trunc_ln113_71' <Predicate = true> <Delay = 0.00>
ST_2 : Operation 943 [1/1] (0.00ns)   --->   "%tmp_331 = partselect i3 @_ssdm_op_PartSelect.i3.i13.i32.i32, i13 %index_201, i32 10, i32 12" [firmware/nnet_utils/nnet_activation.h:119]   --->   Operation 943 'partselect' 'tmp_331' <Predicate = true> <Delay = 0.00>
ST_2 : Operation 944 [1/1] (0.00ns) (grouped into LUT with out node index_203)   --->   "%tmp_335 = bitselect i1 @_ssdm_op_BitSelect.i1.i14.i32, i14 %data_36_val_read, i32 13" [firmware/nnet_utils/nnet_activation.h:115]   --->   Operation 944 'bitselect' 'tmp_335' <Predicate = true> <Delay = 0.00>
ST_2 : Operation 945 [1/1] (0.00ns) (grouped into LUT with out node index_203)   --->   "%select_ln115_36 = select i1 %icmp_ln115_36, i13 %add_ln115_36, i13 %tmp_127" [firmware/nnet_utils/nnet_activation.h:115]   --->   Operation 945 'select' 'select_ln115_36' <Predicate = true> <Delay = 0.00> <CoreInst = "Sel">   --->   Core 73 'Sel' <Latency = 0> <II = 1> <Delay = 0.69> <FuncUnit> <Opcode : 'select'> <InPorts = 3> <OutPorts = 1>
ST_2 : Operation 946 [1/1] (0.00ns) (grouped into LUT with out node index_203)   --->   "%data_round_36 = select i1 %tmp_335, i13 %select_ln115_36, i13 %tmp_127" [firmware/nnet_utils/nnet_activation.h:115]   --->   Operation 946 'select' 'data_round_36' <Predicate = true> <Delay = 0.00> <CoreInst = "Sel">   --->   Core 73 'Sel' <Latency = 0> <II = 1> <Delay = 0.69> <FuncUnit> <Opcode : 'select'> <InPorts = 3> <OutPorts = 1>
ST_2 : Operation 947 [1/1] (0.00ns) (grouped into LUT with out node index_203)   --->   "%sext_ln112_36 = sext i13 %data_round_36" [firmware/nnet_utils/nnet_activation.h:112]   --->   Operation 947 'sext' 'sext_ln112_36' <Predicate = true> <Delay = 0.00>
ST_2 : Operation 948 [1/1] (2.13ns) (out node of the LUT)   --->   "%index_203 = add i14 %sext_ln112_36, i14 512" [firmware/nnet_utils/nnet_activation.h:116]   --->   Operation 948 'add' 'index_203' <Predicate = true> <Delay = 2.13> <CoreInst = "Adder">   --->   Core 1 'Adder' <Latency = 0> <II = 1> <Delay = 2.13> <FuncUnit> <Opcode : 'add' 'sub'> <InPorts = 2> <OutPorts = 1>
ST_2 : Operation 949 [1/1] (0.00ns)   --->   "%trunc_ln113_72 = trunc i14 %index_203" [firmware/nnet_utils/nnet_activation.h:113]   --->   Operation 949 'trunc' 'trunc_ln113_72' <Predicate = true> <Delay = 0.00>
ST_2 : Operation 950 [1/1] (0.00ns)   --->   "%tmp_336 = bitselect i1 @_ssdm_op_BitSelect.i1.i14.i32, i14 %index_203, i32 13" [firmware/nnet_utils/nnet_activation.h:117]   --->   Operation 950 'bitselect' 'tmp_336' <Predicate = true> <Delay = 0.00>
ST_2 : Operation 951 [1/1] (0.69ns)   --->   "%index_204 = select i1 %tmp_336, i13 0, i13 %trunc_ln113_72" [firmware/nnet_utils/nnet_activation.h:117]   --->   Operation 951 'select' 'index_204' <Predicate = true> <Delay = 0.69> <CoreInst = "Sel">   --->   Core 73 'Sel' <Latency = 0> <II = 1> <Delay = 0.69> <FuncUnit> <Opcode : 'select'> <InPorts = 3> <OutPorts = 1>
ST_2 : Operation 952 [1/1] (0.00ns)   --->   "%trunc_ln113_73 = trunc i13 %index_204" [firmware/nnet_utils/nnet_activation.h:113]   --->   Operation 952 'trunc' 'trunc_ln113_73' <Predicate = true> <Delay = 0.00>
ST_2 : Operation 953 [1/1] (0.00ns)   --->   "%tmp_338 = partselect i3 @_ssdm_op_PartSelect.i3.i13.i32.i32, i13 %index_204, i32 10, i32 12" [firmware/nnet_utils/nnet_activation.h:119]   --->   Operation 953 'partselect' 'tmp_338' <Predicate = true> <Delay = 0.00>
ST_2 : Operation 954 [1/1] (0.00ns) (grouped into LUT with out node index_206)   --->   "%tmp_341 = bitselect i1 @_ssdm_op_BitSelect.i1.i14.i32, i14 %data_37_val_read, i32 13" [firmware/nnet_utils/nnet_activation.h:115]   --->   Operation 954 'bitselect' 'tmp_341' <Predicate = true> <Delay = 0.00>
ST_2 : Operation 955 [1/1] (0.00ns) (grouped into LUT with out node index_206)   --->   "%select_ln115_37 = select i1 %icmp_ln115_37, i13 %add_ln115_37, i13 %tmp_134" [firmware/nnet_utils/nnet_activation.h:115]   --->   Operation 955 'select' 'select_ln115_37' <Predicate = true> <Delay = 0.00> <CoreInst = "Sel">   --->   Core 73 'Sel' <Latency = 0> <II = 1> <Delay = 0.69> <FuncUnit> <Opcode : 'select'> <InPorts = 3> <OutPorts = 1>
ST_2 : Operation 956 [1/1] (0.00ns) (grouped into LUT with out node index_206)   --->   "%data_round_37 = select i1 %tmp_341, i13 %select_ln115_37, i13 %tmp_134" [firmware/nnet_utils/nnet_activation.h:115]   --->   Operation 956 'select' 'data_round_37' <Predicate = true> <Delay = 0.00> <CoreInst = "Sel">   --->   Core 73 'Sel' <Latency = 0> <II = 1> <Delay = 0.69> <FuncUnit> <Opcode : 'select'> <InPorts = 3> <OutPorts = 1>
ST_2 : Operation 957 [1/1] (0.00ns) (grouped into LUT with out node index_206)   --->   "%sext_ln112_37 = sext i13 %data_round_37" [firmware/nnet_utils/nnet_activation.h:112]   --->   Operation 957 'sext' 'sext_ln112_37' <Predicate = true> <Delay = 0.00>
ST_2 : Operation 958 [1/1] (2.13ns) (out node of the LUT)   --->   "%index_206 = add i14 %sext_ln112_37, i14 512" [firmware/nnet_utils/nnet_activation.h:116]   --->   Operation 958 'add' 'index_206' <Predicate = true> <Delay = 2.13> <CoreInst = "Adder">   --->   Core 1 'Adder' <Latency = 0> <II = 1> <Delay = 2.13> <FuncUnit> <Opcode : 'add' 'sub'> <InPorts = 2> <OutPorts = 1>
ST_2 : Operation 959 [1/1] (0.00ns)   --->   "%trunc_ln113_74 = trunc i14 %index_206" [firmware/nnet_utils/nnet_activation.h:113]   --->   Operation 959 'trunc' 'trunc_ln113_74' <Predicate = true> <Delay = 0.00>
ST_2 : Operation 960 [1/1] (0.00ns)   --->   "%tmp_343 = bitselect i1 @_ssdm_op_BitSelect.i1.i14.i32, i14 %index_206, i32 13" [firmware/nnet_utils/nnet_activation.h:117]   --->   Operation 960 'bitselect' 'tmp_343' <Predicate = true> <Delay = 0.00>
ST_2 : Operation 961 [1/1] (0.69ns)   --->   "%index_207 = select i1 %tmp_343, i13 0, i13 %trunc_ln113_74" [firmware/nnet_utils/nnet_activation.h:117]   --->   Operation 961 'select' 'index_207' <Predicate = true> <Delay = 0.69> <CoreInst = "Sel">   --->   Core 73 'Sel' <Latency = 0> <II = 1> <Delay = 0.69> <FuncUnit> <Opcode : 'select'> <InPorts = 3> <OutPorts = 1>
ST_2 : Operation 962 [1/1] (0.00ns)   --->   "%trunc_ln113_75 = trunc i13 %index_207" [firmware/nnet_utils/nnet_activation.h:113]   --->   Operation 962 'trunc' 'trunc_ln113_75' <Predicate = true> <Delay = 0.00>
ST_2 : Operation 963 [1/1] (0.00ns)   --->   "%tmp_345 = partselect i3 @_ssdm_op_PartSelect.i3.i13.i32.i32, i13 %index_207, i32 10, i32 12" [firmware/nnet_utils/nnet_activation.h:119]   --->   Operation 963 'partselect' 'tmp_345' <Predicate = true> <Delay = 0.00>
ST_2 : Operation 964 [1/1] (0.00ns) (grouped into LUT with out node index_209)   --->   "%tmp_348 = bitselect i1 @_ssdm_op_BitSelect.i1.i14.i32, i14 %data_38_val_read, i32 13" [firmware/nnet_utils/nnet_activation.h:115]   --->   Operation 964 'bitselect' 'tmp_348' <Predicate = true> <Delay = 0.00>
ST_2 : Operation 965 [1/1] (0.00ns) (grouped into LUT with out node index_209)   --->   "%select_ln115_38 = select i1 %icmp_ln115_38, i13 %add_ln115_38, i13 %tmp_142" [firmware/nnet_utils/nnet_activation.h:115]   --->   Operation 965 'select' 'select_ln115_38' <Predicate = true> <Delay = 0.00> <CoreInst = "Sel">   --->   Core 73 'Sel' <Latency = 0> <II = 1> <Delay = 0.69> <FuncUnit> <Opcode : 'select'> <InPorts = 3> <OutPorts = 1>
ST_2 : Operation 966 [1/1] (0.00ns) (grouped into LUT with out node index_209)   --->   "%data_round_38 = select i1 %tmp_348, i13 %select_ln115_38, i13 %tmp_142" [firmware/nnet_utils/nnet_activation.h:115]   --->   Operation 966 'select' 'data_round_38' <Predicate = true> <Delay = 0.00> <CoreInst = "Sel">   --->   Core 73 'Sel' <Latency = 0> <II = 1> <Delay = 0.69> <FuncUnit> <Opcode : 'select'> <InPorts = 3> <OutPorts = 1>
ST_2 : Operation 967 [1/1] (0.00ns) (grouped into LUT with out node index_209)   --->   "%sext_ln112_38 = sext i13 %data_round_38" [firmware/nnet_utils/nnet_activation.h:112]   --->   Operation 967 'sext' 'sext_ln112_38' <Predicate = true> <Delay = 0.00>
ST_2 : Operation 968 [1/1] (2.13ns) (out node of the LUT)   --->   "%index_209 = add i14 %sext_ln112_38, i14 512" [firmware/nnet_utils/nnet_activation.h:116]   --->   Operation 968 'add' 'index_209' <Predicate = true> <Delay = 2.13> <CoreInst = "Adder">   --->   Core 1 'Adder' <Latency = 0> <II = 1> <Delay = 2.13> <FuncUnit> <Opcode : 'add' 'sub'> <InPorts = 2> <OutPorts = 1>
ST_2 : Operation 969 [1/1] (0.00ns)   --->   "%trunc_ln113_76 = trunc i14 %index_209" [firmware/nnet_utils/nnet_activation.h:113]   --->   Operation 969 'trunc' 'trunc_ln113_76' <Predicate = true> <Delay = 0.00>
ST_2 : Operation 970 [1/1] (0.00ns)   --->   "%tmp_350 = bitselect i1 @_ssdm_op_BitSelect.i1.i14.i32, i14 %index_209, i32 13" [firmware/nnet_utils/nnet_activation.h:117]   --->   Operation 970 'bitselect' 'tmp_350' <Predicate = true> <Delay = 0.00>
ST_2 : Operation 971 [1/1] (0.69ns)   --->   "%index_210 = select i1 %tmp_350, i13 0, i13 %trunc_ln113_76" [firmware/nnet_utils/nnet_activation.h:117]   --->   Operation 971 'select' 'index_210' <Predicate = true> <Delay = 0.69> <CoreInst = "Sel">   --->   Core 73 'Sel' <Latency = 0> <II = 1> <Delay = 0.69> <FuncUnit> <Opcode : 'select'> <InPorts = 3> <OutPorts = 1>
ST_2 : Operation 972 [1/1] (0.00ns)   --->   "%trunc_ln113_77 = trunc i13 %index_210" [firmware/nnet_utils/nnet_activation.h:113]   --->   Operation 972 'trunc' 'trunc_ln113_77' <Predicate = true> <Delay = 0.00>
ST_2 : Operation 973 [1/1] (0.00ns)   --->   "%tmp_351 = partselect i3 @_ssdm_op_PartSelect.i3.i13.i32.i32, i13 %index_210, i32 10, i32 12" [firmware/nnet_utils/nnet_activation.h:119]   --->   Operation 973 'partselect' 'tmp_351' <Predicate = true> <Delay = 0.00>
ST_2 : Operation 974 [1/1] (0.00ns) (grouped into LUT with out node index_212)   --->   "%tmp_355 = bitselect i1 @_ssdm_op_BitSelect.i1.i14.i32, i14 %data_39_val_read, i32 13" [firmware/nnet_utils/nnet_activation.h:115]   --->   Operation 974 'bitselect' 'tmp_355' <Predicate = true> <Delay = 0.00>
ST_2 : Operation 975 [1/1] (0.00ns) (grouped into LUT with out node index_212)   --->   "%select_ln115_39 = select i1 %icmp_ln115_39, i13 %add_ln115_39, i13 %tmp_149" [firmware/nnet_utils/nnet_activation.h:115]   --->   Operation 975 'select' 'select_ln115_39' <Predicate = true> <Delay = 0.00> <CoreInst = "Sel">   --->   Core 73 'Sel' <Latency = 0> <II = 1> <Delay = 0.69> <FuncUnit> <Opcode : 'select'> <InPorts = 3> <OutPorts = 1>
ST_2 : Operation 976 [1/1] (0.00ns) (grouped into LUT with out node index_212)   --->   "%data_round_39 = select i1 %tmp_355, i13 %select_ln115_39, i13 %tmp_149" [firmware/nnet_utils/nnet_activation.h:115]   --->   Operation 976 'select' 'data_round_39' <Predicate = true> <Delay = 0.00> <CoreInst = "Sel">   --->   Core 73 'Sel' <Latency = 0> <II = 1> <Delay = 0.69> <FuncUnit> <Opcode : 'select'> <InPorts = 3> <OutPorts = 1>
ST_2 : Operation 977 [1/1] (0.00ns) (grouped into LUT with out node index_212)   --->   "%sext_ln112_39 = sext i13 %data_round_39" [firmware/nnet_utils/nnet_activation.h:112]   --->   Operation 977 'sext' 'sext_ln112_39' <Predicate = true> <Delay = 0.00>
ST_2 : Operation 978 [1/1] (2.13ns) (out node of the LUT)   --->   "%index_212 = add i14 %sext_ln112_39, i14 512" [firmware/nnet_utils/nnet_activation.h:116]   --->   Operation 978 'add' 'index_212' <Predicate = true> <Delay = 2.13> <CoreInst = "Adder">   --->   Core 1 'Adder' <Latency = 0> <II = 1> <Delay = 2.13> <FuncUnit> <Opcode : 'add' 'sub'> <InPorts = 2> <OutPorts = 1>
ST_2 : Operation 979 [1/1] (0.00ns)   --->   "%trunc_ln113_78 = trunc i14 %index_212" [firmware/nnet_utils/nnet_activation.h:113]   --->   Operation 979 'trunc' 'trunc_ln113_78' <Predicate = true> <Delay = 0.00>
ST_2 : Operation 980 [1/1] (0.00ns)   --->   "%tmp_356 = bitselect i1 @_ssdm_op_BitSelect.i1.i14.i32, i14 %index_212, i32 13" [firmware/nnet_utils/nnet_activation.h:117]   --->   Operation 980 'bitselect' 'tmp_356' <Predicate = true> <Delay = 0.00>
ST_2 : Operation 981 [1/1] (0.69ns)   --->   "%index_213 = select i1 %tmp_356, i13 0, i13 %trunc_ln113_78" [firmware/nnet_utils/nnet_activation.h:117]   --->   Operation 981 'select' 'index_213' <Predicate = true> <Delay = 0.69> <CoreInst = "Sel">   --->   Core 73 'Sel' <Latency = 0> <II = 1> <Delay = 0.69> <FuncUnit> <Opcode : 'select'> <InPorts = 3> <OutPorts = 1>
ST_2 : Operation 982 [1/1] (0.00ns)   --->   "%trunc_ln113_79 = trunc i13 %index_213" [firmware/nnet_utils/nnet_activation.h:113]   --->   Operation 982 'trunc' 'trunc_ln113_79' <Predicate = true> <Delay = 0.00>
ST_2 : Operation 983 [1/1] (0.00ns)   --->   "%tmp_358 = partselect i3 @_ssdm_op_PartSelect.i3.i13.i32.i32, i13 %index_213, i32 10, i32 12" [firmware/nnet_utils/nnet_activation.h:119]   --->   Operation 983 'partselect' 'tmp_358' <Predicate = true> <Delay = 0.00>
ST_2 : Operation 984 [1/1] (0.00ns) (grouped into LUT with out node index_215)   --->   "%tmp_361 = bitselect i1 @_ssdm_op_BitSelect.i1.i14.i32, i14 %data_40_val_read, i32 13" [firmware/nnet_utils/nnet_activation.h:115]   --->   Operation 984 'bitselect' 'tmp_361' <Predicate = true> <Delay = 0.00>
ST_2 : Operation 985 [1/1] (0.00ns) (grouped into LUT with out node index_215)   --->   "%select_ln115_40 = select i1 %icmp_ln115_40, i13 %add_ln115_40, i13 %tmp_157" [firmware/nnet_utils/nnet_activation.h:115]   --->   Operation 985 'select' 'select_ln115_40' <Predicate = true> <Delay = 0.00> <CoreInst = "Sel">   --->   Core 73 'Sel' <Latency = 0> <II = 1> <Delay = 0.69> <FuncUnit> <Opcode : 'select'> <InPorts = 3> <OutPorts = 1>
ST_2 : Operation 986 [1/1] (0.00ns) (grouped into LUT with out node index_215)   --->   "%data_round_40 = select i1 %tmp_361, i13 %select_ln115_40, i13 %tmp_157" [firmware/nnet_utils/nnet_activation.h:115]   --->   Operation 986 'select' 'data_round_40' <Predicate = true> <Delay = 0.00> <CoreInst = "Sel">   --->   Core 73 'Sel' <Latency = 0> <II = 1> <Delay = 0.69> <FuncUnit> <Opcode : 'select'> <InPorts = 3> <OutPorts = 1>
ST_2 : Operation 987 [1/1] (0.00ns) (grouped into LUT with out node index_215)   --->   "%sext_ln112_40 = sext i13 %data_round_40" [firmware/nnet_utils/nnet_activation.h:112]   --->   Operation 987 'sext' 'sext_ln112_40' <Predicate = true> <Delay = 0.00>
ST_2 : Operation 988 [1/1] (2.13ns) (out node of the LUT)   --->   "%index_215 = add i14 %sext_ln112_40, i14 512" [firmware/nnet_utils/nnet_activation.h:116]   --->   Operation 988 'add' 'index_215' <Predicate = true> <Delay = 2.13> <CoreInst = "Adder">   --->   Core 1 'Adder' <Latency = 0> <II = 1> <Delay = 2.13> <FuncUnit> <Opcode : 'add' 'sub'> <InPorts = 2> <OutPorts = 1>
ST_2 : Operation 989 [1/1] (0.00ns)   --->   "%trunc_ln113_80 = trunc i14 %index_215" [firmware/nnet_utils/nnet_activation.h:113]   --->   Operation 989 'trunc' 'trunc_ln113_80' <Predicate = true> <Delay = 0.00>
ST_2 : Operation 990 [1/1] (0.00ns)   --->   "%tmp_363 = bitselect i1 @_ssdm_op_BitSelect.i1.i14.i32, i14 %index_215, i32 13" [firmware/nnet_utils/nnet_activation.h:117]   --->   Operation 990 'bitselect' 'tmp_363' <Predicate = true> <Delay = 0.00>
ST_2 : Operation 991 [1/1] (0.69ns)   --->   "%index_216 = select i1 %tmp_363, i13 0, i13 %trunc_ln113_80" [firmware/nnet_utils/nnet_activation.h:117]   --->   Operation 991 'select' 'index_216' <Predicate = true> <Delay = 0.69> <CoreInst = "Sel">   --->   Core 73 'Sel' <Latency = 0> <II = 1> <Delay = 0.69> <FuncUnit> <Opcode : 'select'> <InPorts = 3> <OutPorts = 1>
ST_2 : Operation 992 [1/1] (0.00ns)   --->   "%trunc_ln113_81 = trunc i13 %index_216" [firmware/nnet_utils/nnet_activation.h:113]   --->   Operation 992 'trunc' 'trunc_ln113_81' <Predicate = true> <Delay = 0.00>
ST_2 : Operation 993 [1/1] (0.00ns)   --->   "%tmp_365 = partselect i3 @_ssdm_op_PartSelect.i3.i13.i32.i32, i13 %index_216, i32 10, i32 12" [firmware/nnet_utils/nnet_activation.h:119]   --->   Operation 993 'partselect' 'tmp_365' <Predicate = true> <Delay = 0.00>
ST_2 : Operation 994 [1/1] (0.00ns) (grouped into LUT with out node index_218)   --->   "%tmp_368 = bitselect i1 @_ssdm_op_BitSelect.i1.i14.i32, i14 %data_41_val_read, i32 13" [firmware/nnet_utils/nnet_activation.h:115]   --->   Operation 994 'bitselect' 'tmp_368' <Predicate = true> <Delay = 0.00>
ST_2 : Operation 995 [1/1] (0.00ns) (grouped into LUT with out node index_218)   --->   "%select_ln115_41 = select i1 %icmp_ln115_41, i13 %add_ln115_41, i13 %tmp_164" [firmware/nnet_utils/nnet_activation.h:115]   --->   Operation 995 'select' 'select_ln115_41' <Predicate = true> <Delay = 0.00> <CoreInst = "Sel">   --->   Core 73 'Sel' <Latency = 0> <II = 1> <Delay = 0.69> <FuncUnit> <Opcode : 'select'> <InPorts = 3> <OutPorts = 1>
ST_2 : Operation 996 [1/1] (0.00ns) (grouped into LUT with out node index_218)   --->   "%data_round_41 = select i1 %tmp_368, i13 %select_ln115_41, i13 %tmp_164" [firmware/nnet_utils/nnet_activation.h:115]   --->   Operation 996 'select' 'data_round_41' <Predicate = true> <Delay = 0.00> <CoreInst = "Sel">   --->   Core 73 'Sel' <Latency = 0> <II = 1> <Delay = 0.69> <FuncUnit> <Opcode : 'select'> <InPorts = 3> <OutPorts = 1>
ST_2 : Operation 997 [1/1] (0.00ns) (grouped into LUT with out node index_218)   --->   "%sext_ln112_41 = sext i13 %data_round_41" [firmware/nnet_utils/nnet_activation.h:112]   --->   Operation 997 'sext' 'sext_ln112_41' <Predicate = true> <Delay = 0.00>
ST_2 : Operation 998 [1/1] (2.13ns) (out node of the LUT)   --->   "%index_218 = add i14 %sext_ln112_41, i14 512" [firmware/nnet_utils/nnet_activation.h:116]   --->   Operation 998 'add' 'index_218' <Predicate = true> <Delay = 2.13> <CoreInst = "Adder">   --->   Core 1 'Adder' <Latency = 0> <II = 1> <Delay = 2.13> <FuncUnit> <Opcode : 'add' 'sub'> <InPorts = 2> <OutPorts = 1>
ST_2 : Operation 999 [1/1] (0.00ns)   --->   "%trunc_ln113_82 = trunc i14 %index_218" [firmware/nnet_utils/nnet_activation.h:113]   --->   Operation 999 'trunc' 'trunc_ln113_82' <Predicate = true> <Delay = 0.00>
ST_2 : Operation 1000 [1/1] (0.00ns)   --->   "%tmp_370 = bitselect i1 @_ssdm_op_BitSelect.i1.i14.i32, i14 %index_218, i32 13" [firmware/nnet_utils/nnet_activation.h:117]   --->   Operation 1000 'bitselect' 'tmp_370' <Predicate = true> <Delay = 0.00>
ST_2 : Operation 1001 [1/1] (0.69ns)   --->   "%index_219 = select i1 %tmp_370, i13 0, i13 %trunc_ln113_82" [firmware/nnet_utils/nnet_activation.h:117]   --->   Operation 1001 'select' 'index_219' <Predicate = true> <Delay = 0.69> <CoreInst = "Sel">   --->   Core 73 'Sel' <Latency = 0> <II = 1> <Delay = 0.69> <FuncUnit> <Opcode : 'select'> <InPorts = 3> <OutPorts = 1>
ST_2 : Operation 1002 [1/1] (0.00ns)   --->   "%trunc_ln113_83 = trunc i13 %index_219" [firmware/nnet_utils/nnet_activation.h:113]   --->   Operation 1002 'trunc' 'trunc_ln113_83' <Predicate = true> <Delay = 0.00>
ST_2 : Operation 1003 [1/1] (0.00ns)   --->   "%tmp_371 = partselect i3 @_ssdm_op_PartSelect.i3.i13.i32.i32, i13 %index_219, i32 10, i32 12" [firmware/nnet_utils/nnet_activation.h:119]   --->   Operation 1003 'partselect' 'tmp_371' <Predicate = true> <Delay = 0.00>
ST_2 : Operation 1004 [1/1] (0.00ns) (grouped into LUT with out node index_221)   --->   "%tmp_375 = bitselect i1 @_ssdm_op_BitSelect.i1.i14.i32, i14 %data_42_val_read, i32 13" [firmware/nnet_utils/nnet_activation.h:115]   --->   Operation 1004 'bitselect' 'tmp_375' <Predicate = true> <Delay = 0.00>
ST_2 : Operation 1005 [1/1] (0.00ns) (grouped into LUT with out node index_221)   --->   "%select_ln115_42 = select i1 %icmp_ln115_42, i13 %add_ln115_42, i13 %tmp_172" [firmware/nnet_utils/nnet_activation.h:115]   --->   Operation 1005 'select' 'select_ln115_42' <Predicate = true> <Delay = 0.00> <CoreInst = "Sel">   --->   Core 73 'Sel' <Latency = 0> <II = 1> <Delay = 0.69> <FuncUnit> <Opcode : 'select'> <InPorts = 3> <OutPorts = 1>
ST_2 : Operation 1006 [1/1] (0.00ns) (grouped into LUT with out node index_221)   --->   "%data_round_42 = select i1 %tmp_375, i13 %select_ln115_42, i13 %tmp_172" [firmware/nnet_utils/nnet_activation.h:115]   --->   Operation 1006 'select' 'data_round_42' <Predicate = true> <Delay = 0.00> <CoreInst = "Sel">   --->   Core 73 'Sel' <Latency = 0> <II = 1> <Delay = 0.69> <FuncUnit> <Opcode : 'select'> <InPorts = 3> <OutPorts = 1>
ST_2 : Operation 1007 [1/1] (0.00ns) (grouped into LUT with out node index_221)   --->   "%sext_ln112_42 = sext i13 %data_round_42" [firmware/nnet_utils/nnet_activation.h:112]   --->   Operation 1007 'sext' 'sext_ln112_42' <Predicate = true> <Delay = 0.00>
ST_2 : Operation 1008 [1/1] (2.13ns) (out node of the LUT)   --->   "%index_221 = add i14 %sext_ln112_42, i14 512" [firmware/nnet_utils/nnet_activation.h:116]   --->   Operation 1008 'add' 'index_221' <Predicate = true> <Delay = 2.13> <CoreInst = "Adder">   --->   Core 1 'Adder' <Latency = 0> <II = 1> <Delay = 2.13> <FuncUnit> <Opcode : 'add' 'sub'> <InPorts = 2> <OutPorts = 1>
ST_2 : Operation 1009 [1/1] (0.00ns)   --->   "%trunc_ln113_84 = trunc i14 %index_221" [firmware/nnet_utils/nnet_activation.h:113]   --->   Operation 1009 'trunc' 'trunc_ln113_84' <Predicate = true> <Delay = 0.00>
ST_2 : Operation 1010 [1/1] (0.00ns)   --->   "%tmp_376 = bitselect i1 @_ssdm_op_BitSelect.i1.i14.i32, i14 %index_221, i32 13" [firmware/nnet_utils/nnet_activation.h:117]   --->   Operation 1010 'bitselect' 'tmp_376' <Predicate = true> <Delay = 0.00>
ST_2 : Operation 1011 [1/1] (0.69ns)   --->   "%index_222 = select i1 %tmp_376, i13 0, i13 %trunc_ln113_84" [firmware/nnet_utils/nnet_activation.h:117]   --->   Operation 1011 'select' 'index_222' <Predicate = true> <Delay = 0.69> <CoreInst = "Sel">   --->   Core 73 'Sel' <Latency = 0> <II = 1> <Delay = 0.69> <FuncUnit> <Opcode : 'select'> <InPorts = 3> <OutPorts = 1>
ST_2 : Operation 1012 [1/1] (0.00ns)   --->   "%trunc_ln113_85 = trunc i13 %index_222" [firmware/nnet_utils/nnet_activation.h:113]   --->   Operation 1012 'trunc' 'trunc_ln113_85' <Predicate = true> <Delay = 0.00>
ST_2 : Operation 1013 [1/1] (0.00ns)   --->   "%tmp_378 = partselect i3 @_ssdm_op_PartSelect.i3.i13.i32.i32, i13 %index_222, i32 10, i32 12" [firmware/nnet_utils/nnet_activation.h:119]   --->   Operation 1013 'partselect' 'tmp_378' <Predicate = true> <Delay = 0.00>
ST_2 : Operation 1014 [1/1] (0.00ns) (grouped into LUT with out node index_224)   --->   "%tmp_381 = bitselect i1 @_ssdm_op_BitSelect.i1.i14.i32, i14 %data_43_val_read, i32 13" [firmware/nnet_utils/nnet_activation.h:115]   --->   Operation 1014 'bitselect' 'tmp_381' <Predicate = true> <Delay = 0.00>
ST_2 : Operation 1015 [1/1] (0.00ns) (grouped into LUT with out node index_224)   --->   "%select_ln115_43 = select i1 %icmp_ln115_43, i13 %add_ln115_43, i13 %tmp_179" [firmware/nnet_utils/nnet_activation.h:115]   --->   Operation 1015 'select' 'select_ln115_43' <Predicate = true> <Delay = 0.00> <CoreInst = "Sel">   --->   Core 73 'Sel' <Latency = 0> <II = 1> <Delay = 0.69> <FuncUnit> <Opcode : 'select'> <InPorts = 3> <OutPorts = 1>
ST_2 : Operation 1016 [1/1] (0.00ns) (grouped into LUT with out node index_224)   --->   "%data_round_43 = select i1 %tmp_381, i13 %select_ln115_43, i13 %tmp_179" [firmware/nnet_utils/nnet_activation.h:115]   --->   Operation 1016 'select' 'data_round_43' <Predicate = true> <Delay = 0.00> <CoreInst = "Sel">   --->   Core 73 'Sel' <Latency = 0> <II = 1> <Delay = 0.69> <FuncUnit> <Opcode : 'select'> <InPorts = 3> <OutPorts = 1>
ST_2 : Operation 1017 [1/1] (0.00ns) (grouped into LUT with out node index_224)   --->   "%sext_ln112_43 = sext i13 %data_round_43" [firmware/nnet_utils/nnet_activation.h:112]   --->   Operation 1017 'sext' 'sext_ln112_43' <Predicate = true> <Delay = 0.00>
ST_2 : Operation 1018 [1/1] (2.13ns) (out node of the LUT)   --->   "%index_224 = add i14 %sext_ln112_43, i14 512" [firmware/nnet_utils/nnet_activation.h:116]   --->   Operation 1018 'add' 'index_224' <Predicate = true> <Delay = 2.13> <CoreInst = "Adder">   --->   Core 1 'Adder' <Latency = 0> <II = 1> <Delay = 2.13> <FuncUnit> <Opcode : 'add' 'sub'> <InPorts = 2> <OutPorts = 1>
ST_2 : Operation 1019 [1/1] (0.00ns)   --->   "%trunc_ln113_86 = trunc i14 %index_224" [firmware/nnet_utils/nnet_activation.h:113]   --->   Operation 1019 'trunc' 'trunc_ln113_86' <Predicate = true> <Delay = 0.00>
ST_2 : Operation 1020 [1/1] (0.00ns)   --->   "%tmp_383 = bitselect i1 @_ssdm_op_BitSelect.i1.i14.i32, i14 %index_224, i32 13" [firmware/nnet_utils/nnet_activation.h:117]   --->   Operation 1020 'bitselect' 'tmp_383' <Predicate = true> <Delay = 0.00>
ST_2 : Operation 1021 [1/1] (0.69ns)   --->   "%index_225 = select i1 %tmp_383, i13 0, i13 %trunc_ln113_86" [firmware/nnet_utils/nnet_activation.h:117]   --->   Operation 1021 'select' 'index_225' <Predicate = true> <Delay = 0.69> <CoreInst = "Sel">   --->   Core 73 'Sel' <Latency = 0> <II = 1> <Delay = 0.69> <FuncUnit> <Opcode : 'select'> <InPorts = 3> <OutPorts = 1>
ST_2 : Operation 1022 [1/1] (0.00ns)   --->   "%trunc_ln113_87 = trunc i13 %index_225" [firmware/nnet_utils/nnet_activation.h:113]   --->   Operation 1022 'trunc' 'trunc_ln113_87' <Predicate = true> <Delay = 0.00>
ST_2 : Operation 1023 [1/1] (0.00ns)   --->   "%tmp_385 = partselect i3 @_ssdm_op_PartSelect.i3.i13.i32.i32, i13 %index_225, i32 10, i32 12" [firmware/nnet_utils/nnet_activation.h:119]   --->   Operation 1023 'partselect' 'tmp_385' <Predicate = true> <Delay = 0.00>
ST_2 : Operation 1024 [1/1] (0.00ns) (grouped into LUT with out node index_227)   --->   "%tmp_388 = bitselect i1 @_ssdm_op_BitSelect.i1.i14.i32, i14 %data_44_val_read, i32 13" [firmware/nnet_utils/nnet_activation.h:115]   --->   Operation 1024 'bitselect' 'tmp_388' <Predicate = true> <Delay = 0.00>
ST_2 : Operation 1025 [1/1] (0.00ns) (grouped into LUT with out node index_227)   --->   "%select_ln115_44 = select i1 %icmp_ln115_44, i13 %add_ln115_44, i13 %tmp_187" [firmware/nnet_utils/nnet_activation.h:115]   --->   Operation 1025 'select' 'select_ln115_44' <Predicate = true> <Delay = 0.00> <CoreInst = "Sel">   --->   Core 73 'Sel' <Latency = 0> <II = 1> <Delay = 0.69> <FuncUnit> <Opcode : 'select'> <InPorts = 3> <OutPorts = 1>
ST_2 : Operation 1026 [1/1] (0.00ns) (grouped into LUT with out node index_227)   --->   "%data_round_44 = select i1 %tmp_388, i13 %select_ln115_44, i13 %tmp_187" [firmware/nnet_utils/nnet_activation.h:115]   --->   Operation 1026 'select' 'data_round_44' <Predicate = true> <Delay = 0.00> <CoreInst = "Sel">   --->   Core 73 'Sel' <Latency = 0> <II = 1> <Delay = 0.69> <FuncUnit> <Opcode : 'select'> <InPorts = 3> <OutPorts = 1>
ST_2 : Operation 1027 [1/1] (0.00ns) (grouped into LUT with out node index_227)   --->   "%sext_ln112_44 = sext i13 %data_round_44" [firmware/nnet_utils/nnet_activation.h:112]   --->   Operation 1027 'sext' 'sext_ln112_44' <Predicate = true> <Delay = 0.00>
ST_2 : Operation 1028 [1/1] (2.13ns) (out node of the LUT)   --->   "%index_227 = add i14 %sext_ln112_44, i14 512" [firmware/nnet_utils/nnet_activation.h:116]   --->   Operation 1028 'add' 'index_227' <Predicate = true> <Delay = 2.13> <CoreInst = "Adder">   --->   Core 1 'Adder' <Latency = 0> <II = 1> <Delay = 2.13> <FuncUnit> <Opcode : 'add' 'sub'> <InPorts = 2> <OutPorts = 1>
ST_2 : Operation 1029 [1/1] (0.00ns)   --->   "%trunc_ln113_88 = trunc i14 %index_227" [firmware/nnet_utils/nnet_activation.h:113]   --->   Operation 1029 'trunc' 'trunc_ln113_88' <Predicate = true> <Delay = 0.00>
ST_2 : Operation 1030 [1/1] (0.00ns)   --->   "%tmp_390 = bitselect i1 @_ssdm_op_BitSelect.i1.i14.i32, i14 %index_227, i32 13" [firmware/nnet_utils/nnet_activation.h:117]   --->   Operation 1030 'bitselect' 'tmp_390' <Predicate = true> <Delay = 0.00>
ST_2 : Operation 1031 [1/1] (0.69ns)   --->   "%index_228 = select i1 %tmp_390, i13 0, i13 %trunc_ln113_88" [firmware/nnet_utils/nnet_activation.h:117]   --->   Operation 1031 'select' 'index_228' <Predicate = true> <Delay = 0.69> <CoreInst = "Sel">   --->   Core 73 'Sel' <Latency = 0> <II = 1> <Delay = 0.69> <FuncUnit> <Opcode : 'select'> <InPorts = 3> <OutPorts = 1>
ST_2 : Operation 1032 [1/1] (0.00ns)   --->   "%trunc_ln113_89 = trunc i13 %index_228" [firmware/nnet_utils/nnet_activation.h:113]   --->   Operation 1032 'trunc' 'trunc_ln113_89' <Predicate = true> <Delay = 0.00>
ST_2 : Operation 1033 [1/1] (0.00ns)   --->   "%tmp_391 = partselect i3 @_ssdm_op_PartSelect.i3.i13.i32.i32, i13 %index_228, i32 10, i32 12" [firmware/nnet_utils/nnet_activation.h:119]   --->   Operation 1033 'partselect' 'tmp_391' <Predicate = true> <Delay = 0.00>
ST_2 : Operation 1034 [1/1] (0.00ns) (grouped into LUT with out node index_230)   --->   "%tmp_395 = bitselect i1 @_ssdm_op_BitSelect.i1.i14.i32, i14 %data_45_val_read, i32 13" [firmware/nnet_utils/nnet_activation.h:115]   --->   Operation 1034 'bitselect' 'tmp_395' <Predicate = true> <Delay = 0.00>
ST_2 : Operation 1035 [1/1] (0.00ns) (grouped into LUT with out node index_230)   --->   "%select_ln115_45 = select i1 %icmp_ln115_45, i13 %add_ln115_45, i13 %tmp_194" [firmware/nnet_utils/nnet_activation.h:115]   --->   Operation 1035 'select' 'select_ln115_45' <Predicate = true> <Delay = 0.00> <CoreInst = "Sel">   --->   Core 73 'Sel' <Latency = 0> <II = 1> <Delay = 0.69> <FuncUnit> <Opcode : 'select'> <InPorts = 3> <OutPorts = 1>
ST_2 : Operation 1036 [1/1] (0.00ns) (grouped into LUT with out node index_230)   --->   "%data_round_45 = select i1 %tmp_395, i13 %select_ln115_45, i13 %tmp_194" [firmware/nnet_utils/nnet_activation.h:115]   --->   Operation 1036 'select' 'data_round_45' <Predicate = true> <Delay = 0.00> <CoreInst = "Sel">   --->   Core 73 'Sel' <Latency = 0> <II = 1> <Delay = 0.69> <FuncUnit> <Opcode : 'select'> <InPorts = 3> <OutPorts = 1>
ST_2 : Operation 1037 [1/1] (0.00ns) (grouped into LUT with out node index_230)   --->   "%sext_ln112_45 = sext i13 %data_round_45" [firmware/nnet_utils/nnet_activation.h:112]   --->   Operation 1037 'sext' 'sext_ln112_45' <Predicate = true> <Delay = 0.00>
ST_2 : Operation 1038 [1/1] (2.13ns) (out node of the LUT)   --->   "%index_230 = add i14 %sext_ln112_45, i14 512" [firmware/nnet_utils/nnet_activation.h:116]   --->   Operation 1038 'add' 'index_230' <Predicate = true> <Delay = 2.13> <CoreInst = "Adder">   --->   Core 1 'Adder' <Latency = 0> <II = 1> <Delay = 2.13> <FuncUnit> <Opcode : 'add' 'sub'> <InPorts = 2> <OutPorts = 1>
ST_2 : Operation 1039 [1/1] (0.00ns)   --->   "%trunc_ln113_90 = trunc i14 %index_230" [firmware/nnet_utils/nnet_activation.h:113]   --->   Operation 1039 'trunc' 'trunc_ln113_90' <Predicate = true> <Delay = 0.00>
ST_2 : Operation 1040 [1/1] (0.00ns)   --->   "%tmp_396 = bitselect i1 @_ssdm_op_BitSelect.i1.i14.i32, i14 %index_230, i32 13" [firmware/nnet_utils/nnet_activation.h:117]   --->   Operation 1040 'bitselect' 'tmp_396' <Predicate = true> <Delay = 0.00>
ST_2 : Operation 1041 [1/1] (0.69ns)   --->   "%index_231 = select i1 %tmp_396, i13 0, i13 %trunc_ln113_90" [firmware/nnet_utils/nnet_activation.h:117]   --->   Operation 1041 'select' 'index_231' <Predicate = true> <Delay = 0.69> <CoreInst = "Sel">   --->   Core 73 'Sel' <Latency = 0> <II = 1> <Delay = 0.69> <FuncUnit> <Opcode : 'select'> <InPorts = 3> <OutPorts = 1>
ST_2 : Operation 1042 [1/1] (0.00ns)   --->   "%trunc_ln113_91 = trunc i13 %index_231" [firmware/nnet_utils/nnet_activation.h:113]   --->   Operation 1042 'trunc' 'trunc_ln113_91' <Predicate = true> <Delay = 0.00>
ST_2 : Operation 1043 [1/1] (0.00ns)   --->   "%tmp_398 = partselect i3 @_ssdm_op_PartSelect.i3.i13.i32.i32, i13 %index_231, i32 10, i32 12" [firmware/nnet_utils/nnet_activation.h:119]   --->   Operation 1043 'partselect' 'tmp_398' <Predicate = true> <Delay = 0.00>
ST_2 : Operation 1044 [1/1] (0.00ns) (grouped into LUT with out node index_233)   --->   "%tmp_401 = bitselect i1 @_ssdm_op_BitSelect.i1.i14.i32, i14 %data_46_val_read, i32 13" [firmware/nnet_utils/nnet_activation.h:115]   --->   Operation 1044 'bitselect' 'tmp_401' <Predicate = true> <Delay = 0.00>
ST_2 : Operation 1045 [1/1] (0.00ns) (grouped into LUT with out node index_233)   --->   "%select_ln115_46 = select i1 %icmp_ln115_46, i13 %add_ln115_46, i13 %tmp_202" [firmware/nnet_utils/nnet_activation.h:115]   --->   Operation 1045 'select' 'select_ln115_46' <Predicate = true> <Delay = 0.00> <CoreInst = "Sel">   --->   Core 73 'Sel' <Latency = 0> <II = 1> <Delay = 0.69> <FuncUnit> <Opcode : 'select'> <InPorts = 3> <OutPorts = 1>
ST_2 : Operation 1046 [1/1] (0.00ns) (grouped into LUT with out node index_233)   --->   "%data_round_46 = select i1 %tmp_401, i13 %select_ln115_46, i13 %tmp_202" [firmware/nnet_utils/nnet_activation.h:115]   --->   Operation 1046 'select' 'data_round_46' <Predicate = true> <Delay = 0.00> <CoreInst = "Sel">   --->   Core 73 'Sel' <Latency = 0> <II = 1> <Delay = 0.69> <FuncUnit> <Opcode : 'select'> <InPorts = 3> <OutPorts = 1>
ST_2 : Operation 1047 [1/1] (0.00ns) (grouped into LUT with out node index_233)   --->   "%sext_ln112_46 = sext i13 %data_round_46" [firmware/nnet_utils/nnet_activation.h:112]   --->   Operation 1047 'sext' 'sext_ln112_46' <Predicate = true> <Delay = 0.00>
ST_2 : Operation 1048 [1/1] (2.13ns) (out node of the LUT)   --->   "%index_233 = add i14 %sext_ln112_46, i14 512" [firmware/nnet_utils/nnet_activation.h:116]   --->   Operation 1048 'add' 'index_233' <Predicate = true> <Delay = 2.13> <CoreInst = "Adder">   --->   Core 1 'Adder' <Latency = 0> <II = 1> <Delay = 2.13> <FuncUnit> <Opcode : 'add' 'sub'> <InPorts = 2> <OutPorts = 1>
ST_2 : Operation 1049 [1/1] (0.00ns)   --->   "%trunc_ln113_92 = trunc i14 %index_233" [firmware/nnet_utils/nnet_activation.h:113]   --->   Operation 1049 'trunc' 'trunc_ln113_92' <Predicate = true> <Delay = 0.00>
ST_2 : Operation 1050 [1/1] (0.00ns)   --->   "%tmp_403 = bitselect i1 @_ssdm_op_BitSelect.i1.i14.i32, i14 %index_233, i32 13" [firmware/nnet_utils/nnet_activation.h:117]   --->   Operation 1050 'bitselect' 'tmp_403' <Predicate = true> <Delay = 0.00>
ST_2 : Operation 1051 [1/1] (0.69ns)   --->   "%index_234 = select i1 %tmp_403, i13 0, i13 %trunc_ln113_92" [firmware/nnet_utils/nnet_activation.h:117]   --->   Operation 1051 'select' 'index_234' <Predicate = true> <Delay = 0.69> <CoreInst = "Sel">   --->   Core 73 'Sel' <Latency = 0> <II = 1> <Delay = 0.69> <FuncUnit> <Opcode : 'select'> <InPorts = 3> <OutPorts = 1>
ST_2 : Operation 1052 [1/1] (0.00ns)   --->   "%trunc_ln113_93 = trunc i13 %index_234" [firmware/nnet_utils/nnet_activation.h:113]   --->   Operation 1052 'trunc' 'trunc_ln113_93' <Predicate = true> <Delay = 0.00>
ST_2 : Operation 1053 [1/1] (0.00ns)   --->   "%tmp_405 = partselect i3 @_ssdm_op_PartSelect.i3.i13.i32.i32, i13 %index_234, i32 10, i32 12" [firmware/nnet_utils/nnet_activation.h:119]   --->   Operation 1053 'partselect' 'tmp_405' <Predicate = true> <Delay = 0.00>
ST_2 : Operation 1054 [1/1] (0.00ns) (grouped into LUT with out node index_236)   --->   "%tmp_408 = bitselect i1 @_ssdm_op_BitSelect.i1.i14.i32, i14 %data_47_val_read, i32 13" [firmware/nnet_utils/nnet_activation.h:115]   --->   Operation 1054 'bitselect' 'tmp_408' <Predicate = true> <Delay = 0.00>
ST_2 : Operation 1055 [1/1] (0.00ns) (grouped into LUT with out node index_236)   --->   "%select_ln115_47 = select i1 %icmp_ln115_47, i13 %add_ln115_47, i13 %tmp_209" [firmware/nnet_utils/nnet_activation.h:115]   --->   Operation 1055 'select' 'select_ln115_47' <Predicate = true> <Delay = 0.00> <CoreInst = "Sel">   --->   Core 73 'Sel' <Latency = 0> <II = 1> <Delay = 0.69> <FuncUnit> <Opcode : 'select'> <InPorts = 3> <OutPorts = 1>
ST_2 : Operation 1056 [1/1] (0.00ns) (grouped into LUT with out node index_236)   --->   "%data_round_47 = select i1 %tmp_408, i13 %select_ln115_47, i13 %tmp_209" [firmware/nnet_utils/nnet_activation.h:115]   --->   Operation 1056 'select' 'data_round_47' <Predicate = true> <Delay = 0.00> <CoreInst = "Sel">   --->   Core 73 'Sel' <Latency = 0> <II = 1> <Delay = 0.69> <FuncUnit> <Opcode : 'select'> <InPorts = 3> <OutPorts = 1>
ST_2 : Operation 1057 [1/1] (0.00ns) (grouped into LUT with out node index_236)   --->   "%sext_ln112_47 = sext i13 %data_round_47" [firmware/nnet_utils/nnet_activation.h:112]   --->   Operation 1057 'sext' 'sext_ln112_47' <Predicate = true> <Delay = 0.00>
ST_2 : Operation 1058 [1/1] (2.13ns) (out node of the LUT)   --->   "%index_236 = add i14 %sext_ln112_47, i14 512" [firmware/nnet_utils/nnet_activation.h:116]   --->   Operation 1058 'add' 'index_236' <Predicate = true> <Delay = 2.13> <CoreInst = "Adder">   --->   Core 1 'Adder' <Latency = 0> <II = 1> <Delay = 2.13> <FuncUnit> <Opcode : 'add' 'sub'> <InPorts = 2> <OutPorts = 1>
ST_2 : Operation 1059 [1/1] (0.00ns)   --->   "%trunc_ln113_94 = trunc i14 %index_236" [firmware/nnet_utils/nnet_activation.h:113]   --->   Operation 1059 'trunc' 'trunc_ln113_94' <Predicate = true> <Delay = 0.00>
ST_2 : Operation 1060 [1/1] (0.00ns)   --->   "%tmp_410 = bitselect i1 @_ssdm_op_BitSelect.i1.i14.i32, i14 %index_236, i32 13" [firmware/nnet_utils/nnet_activation.h:117]   --->   Operation 1060 'bitselect' 'tmp_410' <Predicate = true> <Delay = 0.00>
ST_2 : Operation 1061 [1/1] (0.69ns)   --->   "%index_237 = select i1 %tmp_410, i13 0, i13 %trunc_ln113_94" [firmware/nnet_utils/nnet_activation.h:117]   --->   Operation 1061 'select' 'index_237' <Predicate = true> <Delay = 0.69> <CoreInst = "Sel">   --->   Core 73 'Sel' <Latency = 0> <II = 1> <Delay = 0.69> <FuncUnit> <Opcode : 'select'> <InPorts = 3> <OutPorts = 1>
ST_2 : Operation 1062 [1/1] (0.00ns)   --->   "%trunc_ln113_95 = trunc i13 %index_237" [firmware/nnet_utils/nnet_activation.h:113]   --->   Operation 1062 'trunc' 'trunc_ln113_95' <Predicate = true> <Delay = 0.00>
ST_2 : Operation 1063 [1/1] (0.00ns)   --->   "%tmp_411 = partselect i3 @_ssdm_op_PartSelect.i3.i13.i32.i32, i13 %index_237, i32 10, i32 12" [firmware/nnet_utils/nnet_activation.h:119]   --->   Operation 1063 'partselect' 'tmp_411' <Predicate = true> <Delay = 0.00>
ST_2 : Operation 1064 [1/1] (0.00ns) (grouped into LUT with out node index_239)   --->   "%tmp_415 = bitselect i1 @_ssdm_op_BitSelect.i1.i14.i32, i14 %data_48_val_read, i32 13" [firmware/nnet_utils/nnet_activation.h:115]   --->   Operation 1064 'bitselect' 'tmp_415' <Predicate = true> <Delay = 0.00>
ST_2 : Operation 1065 [1/1] (0.00ns) (grouped into LUT with out node index_239)   --->   "%select_ln115_48 = select i1 %icmp_ln115_48, i13 %add_ln115_48, i13 %tmp_217" [firmware/nnet_utils/nnet_activation.h:115]   --->   Operation 1065 'select' 'select_ln115_48' <Predicate = true> <Delay = 0.00> <CoreInst = "Sel">   --->   Core 73 'Sel' <Latency = 0> <II = 1> <Delay = 0.69> <FuncUnit> <Opcode : 'select'> <InPorts = 3> <OutPorts = 1>
ST_2 : Operation 1066 [1/1] (0.00ns) (grouped into LUT with out node index_239)   --->   "%data_round_48 = select i1 %tmp_415, i13 %select_ln115_48, i13 %tmp_217" [firmware/nnet_utils/nnet_activation.h:115]   --->   Operation 1066 'select' 'data_round_48' <Predicate = true> <Delay = 0.00> <CoreInst = "Sel">   --->   Core 73 'Sel' <Latency = 0> <II = 1> <Delay = 0.69> <FuncUnit> <Opcode : 'select'> <InPorts = 3> <OutPorts = 1>
ST_2 : Operation 1067 [1/1] (0.00ns) (grouped into LUT with out node index_239)   --->   "%sext_ln112_48 = sext i13 %data_round_48" [firmware/nnet_utils/nnet_activation.h:112]   --->   Operation 1067 'sext' 'sext_ln112_48' <Predicate = true> <Delay = 0.00>
ST_2 : Operation 1068 [1/1] (2.13ns) (out node of the LUT)   --->   "%index_239 = add i14 %sext_ln112_48, i14 512" [firmware/nnet_utils/nnet_activation.h:116]   --->   Operation 1068 'add' 'index_239' <Predicate = true> <Delay = 2.13> <CoreInst = "Adder">   --->   Core 1 'Adder' <Latency = 0> <II = 1> <Delay = 2.13> <FuncUnit> <Opcode : 'add' 'sub'> <InPorts = 2> <OutPorts = 1>
ST_2 : Operation 1069 [1/1] (0.00ns)   --->   "%trunc_ln113_96 = trunc i14 %index_239" [firmware/nnet_utils/nnet_activation.h:113]   --->   Operation 1069 'trunc' 'trunc_ln113_96' <Predicate = true> <Delay = 0.00>
ST_2 : Operation 1070 [1/1] (0.00ns)   --->   "%tmp_416 = bitselect i1 @_ssdm_op_BitSelect.i1.i14.i32, i14 %index_239, i32 13" [firmware/nnet_utils/nnet_activation.h:117]   --->   Operation 1070 'bitselect' 'tmp_416' <Predicate = true> <Delay = 0.00>
ST_2 : Operation 1071 [1/1] (0.69ns)   --->   "%index_240 = select i1 %tmp_416, i13 0, i13 %trunc_ln113_96" [firmware/nnet_utils/nnet_activation.h:117]   --->   Operation 1071 'select' 'index_240' <Predicate = true> <Delay = 0.69> <CoreInst = "Sel">   --->   Core 73 'Sel' <Latency = 0> <II = 1> <Delay = 0.69> <FuncUnit> <Opcode : 'select'> <InPorts = 3> <OutPorts = 1>
ST_2 : Operation 1072 [1/1] (0.00ns)   --->   "%trunc_ln113_97 = trunc i13 %index_240" [firmware/nnet_utils/nnet_activation.h:113]   --->   Operation 1072 'trunc' 'trunc_ln113_97' <Predicate = true> <Delay = 0.00>
ST_2 : Operation 1073 [1/1] (0.00ns)   --->   "%tmp_418 = partselect i3 @_ssdm_op_PartSelect.i3.i13.i32.i32, i13 %index_240, i32 10, i32 12" [firmware/nnet_utils/nnet_activation.h:119]   --->   Operation 1073 'partselect' 'tmp_418' <Predicate = true> <Delay = 0.00>
ST_2 : Operation 1074 [1/1] (0.00ns) (grouped into LUT with out node index_242)   --->   "%tmp_421 = bitselect i1 @_ssdm_op_BitSelect.i1.i14.i32, i14 %data_49_val_read, i32 13" [firmware/nnet_utils/nnet_activation.h:115]   --->   Operation 1074 'bitselect' 'tmp_421' <Predicate = true> <Delay = 0.00>
ST_2 : Operation 1075 [1/1] (0.00ns) (grouped into LUT with out node index_242)   --->   "%select_ln115_49 = select i1 %icmp_ln115_49, i13 %add_ln115_49, i13 %tmp_224" [firmware/nnet_utils/nnet_activation.h:115]   --->   Operation 1075 'select' 'select_ln115_49' <Predicate = true> <Delay = 0.00> <CoreInst = "Sel">   --->   Core 73 'Sel' <Latency = 0> <II = 1> <Delay = 0.69> <FuncUnit> <Opcode : 'select'> <InPorts = 3> <OutPorts = 1>
ST_2 : Operation 1076 [1/1] (0.00ns) (grouped into LUT with out node index_242)   --->   "%data_round_49 = select i1 %tmp_421, i13 %select_ln115_49, i13 %tmp_224" [firmware/nnet_utils/nnet_activation.h:115]   --->   Operation 1076 'select' 'data_round_49' <Predicate = true> <Delay = 0.00> <CoreInst = "Sel">   --->   Core 73 'Sel' <Latency = 0> <II = 1> <Delay = 0.69> <FuncUnit> <Opcode : 'select'> <InPorts = 3> <OutPorts = 1>
ST_2 : Operation 1077 [1/1] (0.00ns) (grouped into LUT with out node index_242)   --->   "%sext_ln112_49 = sext i13 %data_round_49" [firmware/nnet_utils/nnet_activation.h:112]   --->   Operation 1077 'sext' 'sext_ln112_49' <Predicate = true> <Delay = 0.00>
ST_2 : Operation 1078 [1/1] (2.13ns) (out node of the LUT)   --->   "%index_242 = add i14 %sext_ln112_49, i14 512" [firmware/nnet_utils/nnet_activation.h:116]   --->   Operation 1078 'add' 'index_242' <Predicate = true> <Delay = 2.13> <CoreInst = "Adder">   --->   Core 1 'Adder' <Latency = 0> <II = 1> <Delay = 2.13> <FuncUnit> <Opcode : 'add' 'sub'> <InPorts = 2> <OutPorts = 1>
ST_2 : Operation 1079 [1/1] (0.00ns)   --->   "%trunc_ln113_98 = trunc i14 %index_242" [firmware/nnet_utils/nnet_activation.h:113]   --->   Operation 1079 'trunc' 'trunc_ln113_98' <Predicate = true> <Delay = 0.00>
ST_2 : Operation 1080 [1/1] (0.00ns)   --->   "%tmp_423 = bitselect i1 @_ssdm_op_BitSelect.i1.i14.i32, i14 %index_242, i32 13" [firmware/nnet_utils/nnet_activation.h:117]   --->   Operation 1080 'bitselect' 'tmp_423' <Predicate = true> <Delay = 0.00>
ST_2 : Operation 1081 [1/1] (0.69ns)   --->   "%index_243 = select i1 %tmp_423, i13 0, i13 %trunc_ln113_98" [firmware/nnet_utils/nnet_activation.h:117]   --->   Operation 1081 'select' 'index_243' <Predicate = true> <Delay = 0.69> <CoreInst = "Sel">   --->   Core 73 'Sel' <Latency = 0> <II = 1> <Delay = 0.69> <FuncUnit> <Opcode : 'select'> <InPorts = 3> <OutPorts = 1>
ST_2 : Operation 1082 [1/1] (0.00ns)   --->   "%trunc_ln113_99 = trunc i13 %index_243" [firmware/nnet_utils/nnet_activation.h:113]   --->   Operation 1082 'trunc' 'trunc_ln113_99' <Predicate = true> <Delay = 0.00>
ST_2 : Operation 1083 [1/1] (0.00ns)   --->   "%tmp_425 = partselect i3 @_ssdm_op_PartSelect.i3.i13.i32.i32, i13 %index_243, i32 10, i32 12" [firmware/nnet_utils/nnet_activation.h:119]   --->   Operation 1083 'partselect' 'tmp_425' <Predicate = true> <Delay = 0.00>
ST_2 : Operation 1084 [1/1] (0.00ns) (grouped into LUT with out node index_245)   --->   "%tmp_428 = bitselect i1 @_ssdm_op_BitSelect.i1.i14.i32, i14 %data_50_val_read, i32 13" [firmware/nnet_utils/nnet_activation.h:115]   --->   Operation 1084 'bitselect' 'tmp_428' <Predicate = true> <Delay = 0.00>
ST_2 : Operation 1085 [1/1] (0.00ns) (grouped into LUT with out node index_245)   --->   "%select_ln115_50 = select i1 %icmp_ln115_50, i13 %add_ln115_50, i13 %tmp_232" [firmware/nnet_utils/nnet_activation.h:115]   --->   Operation 1085 'select' 'select_ln115_50' <Predicate = true> <Delay = 0.00> <CoreInst = "Sel">   --->   Core 73 'Sel' <Latency = 0> <II = 1> <Delay = 0.69> <FuncUnit> <Opcode : 'select'> <InPorts = 3> <OutPorts = 1>
ST_2 : Operation 1086 [1/1] (0.00ns) (grouped into LUT with out node index_245)   --->   "%data_round_50 = select i1 %tmp_428, i13 %select_ln115_50, i13 %tmp_232" [firmware/nnet_utils/nnet_activation.h:115]   --->   Operation 1086 'select' 'data_round_50' <Predicate = true> <Delay = 0.00> <CoreInst = "Sel">   --->   Core 73 'Sel' <Latency = 0> <II = 1> <Delay = 0.69> <FuncUnit> <Opcode : 'select'> <InPorts = 3> <OutPorts = 1>
ST_2 : Operation 1087 [1/1] (0.00ns) (grouped into LUT with out node index_245)   --->   "%sext_ln112_50 = sext i13 %data_round_50" [firmware/nnet_utils/nnet_activation.h:112]   --->   Operation 1087 'sext' 'sext_ln112_50' <Predicate = true> <Delay = 0.00>
ST_2 : Operation 1088 [1/1] (2.13ns) (out node of the LUT)   --->   "%index_245 = add i14 %sext_ln112_50, i14 512" [firmware/nnet_utils/nnet_activation.h:116]   --->   Operation 1088 'add' 'index_245' <Predicate = true> <Delay = 2.13> <CoreInst = "Adder">   --->   Core 1 'Adder' <Latency = 0> <II = 1> <Delay = 2.13> <FuncUnit> <Opcode : 'add' 'sub'> <InPorts = 2> <OutPorts = 1>
ST_2 : Operation 1089 [1/1] (0.00ns)   --->   "%trunc_ln113_100 = trunc i14 %index_245" [firmware/nnet_utils/nnet_activation.h:113]   --->   Operation 1089 'trunc' 'trunc_ln113_100' <Predicate = true> <Delay = 0.00>
ST_2 : Operation 1090 [1/1] (0.00ns)   --->   "%tmp_430 = bitselect i1 @_ssdm_op_BitSelect.i1.i14.i32, i14 %index_245, i32 13" [firmware/nnet_utils/nnet_activation.h:117]   --->   Operation 1090 'bitselect' 'tmp_430' <Predicate = true> <Delay = 0.00>
ST_2 : Operation 1091 [1/1] (0.69ns)   --->   "%index_246 = select i1 %tmp_430, i13 0, i13 %trunc_ln113_100" [firmware/nnet_utils/nnet_activation.h:117]   --->   Operation 1091 'select' 'index_246' <Predicate = true> <Delay = 0.69> <CoreInst = "Sel">   --->   Core 73 'Sel' <Latency = 0> <II = 1> <Delay = 0.69> <FuncUnit> <Opcode : 'select'> <InPorts = 3> <OutPorts = 1>
ST_2 : Operation 1092 [1/1] (0.00ns)   --->   "%trunc_ln113_101 = trunc i13 %index_246" [firmware/nnet_utils/nnet_activation.h:113]   --->   Operation 1092 'trunc' 'trunc_ln113_101' <Predicate = true> <Delay = 0.00>
ST_2 : Operation 1093 [1/1] (0.00ns)   --->   "%tmp_431 = partselect i3 @_ssdm_op_PartSelect.i3.i13.i32.i32, i13 %index_246, i32 10, i32 12" [firmware/nnet_utils/nnet_activation.h:119]   --->   Operation 1093 'partselect' 'tmp_431' <Predicate = true> <Delay = 0.00>
ST_2 : Operation 1094 [1/1] (0.00ns) (grouped into LUT with out node index_248)   --->   "%tmp_435 = bitselect i1 @_ssdm_op_BitSelect.i1.i14.i32, i14 %data_51_val_read, i32 13" [firmware/nnet_utils/nnet_activation.h:115]   --->   Operation 1094 'bitselect' 'tmp_435' <Predicate = true> <Delay = 0.00>
ST_2 : Operation 1095 [1/1] (0.00ns) (grouped into LUT with out node index_248)   --->   "%select_ln115_51 = select i1 %icmp_ln115_51, i13 %add_ln115_51, i13 %tmp_239" [firmware/nnet_utils/nnet_activation.h:115]   --->   Operation 1095 'select' 'select_ln115_51' <Predicate = true> <Delay = 0.00> <CoreInst = "Sel">   --->   Core 73 'Sel' <Latency = 0> <II = 1> <Delay = 0.69> <FuncUnit> <Opcode : 'select'> <InPorts = 3> <OutPorts = 1>
ST_2 : Operation 1096 [1/1] (0.00ns) (grouped into LUT with out node index_248)   --->   "%data_round_51 = select i1 %tmp_435, i13 %select_ln115_51, i13 %tmp_239" [firmware/nnet_utils/nnet_activation.h:115]   --->   Operation 1096 'select' 'data_round_51' <Predicate = true> <Delay = 0.00> <CoreInst = "Sel">   --->   Core 73 'Sel' <Latency = 0> <II = 1> <Delay = 0.69> <FuncUnit> <Opcode : 'select'> <InPorts = 3> <OutPorts = 1>
ST_2 : Operation 1097 [1/1] (0.00ns) (grouped into LUT with out node index_248)   --->   "%sext_ln112_51 = sext i13 %data_round_51" [firmware/nnet_utils/nnet_activation.h:112]   --->   Operation 1097 'sext' 'sext_ln112_51' <Predicate = true> <Delay = 0.00>
ST_2 : Operation 1098 [1/1] (2.13ns) (out node of the LUT)   --->   "%index_248 = add i14 %sext_ln112_51, i14 512" [firmware/nnet_utils/nnet_activation.h:116]   --->   Operation 1098 'add' 'index_248' <Predicate = true> <Delay = 2.13> <CoreInst = "Adder">   --->   Core 1 'Adder' <Latency = 0> <II = 1> <Delay = 2.13> <FuncUnit> <Opcode : 'add' 'sub'> <InPorts = 2> <OutPorts = 1>
ST_2 : Operation 1099 [1/1] (0.00ns)   --->   "%trunc_ln113_102 = trunc i14 %index_248" [firmware/nnet_utils/nnet_activation.h:113]   --->   Operation 1099 'trunc' 'trunc_ln113_102' <Predicate = true> <Delay = 0.00>
ST_2 : Operation 1100 [1/1] (0.00ns)   --->   "%tmp_436 = bitselect i1 @_ssdm_op_BitSelect.i1.i14.i32, i14 %index_248, i32 13" [firmware/nnet_utils/nnet_activation.h:117]   --->   Operation 1100 'bitselect' 'tmp_436' <Predicate = true> <Delay = 0.00>
ST_2 : Operation 1101 [1/1] (0.69ns)   --->   "%index_249 = select i1 %tmp_436, i13 0, i13 %trunc_ln113_102" [firmware/nnet_utils/nnet_activation.h:117]   --->   Operation 1101 'select' 'index_249' <Predicate = true> <Delay = 0.69> <CoreInst = "Sel">   --->   Core 73 'Sel' <Latency = 0> <II = 1> <Delay = 0.69> <FuncUnit> <Opcode : 'select'> <InPorts = 3> <OutPorts = 1>
ST_2 : Operation 1102 [1/1] (0.00ns)   --->   "%trunc_ln113_103 = trunc i13 %index_249" [firmware/nnet_utils/nnet_activation.h:113]   --->   Operation 1102 'trunc' 'trunc_ln113_103' <Predicate = true> <Delay = 0.00>
ST_2 : Operation 1103 [1/1] (0.00ns)   --->   "%tmp_438 = partselect i3 @_ssdm_op_PartSelect.i3.i13.i32.i32, i13 %index_249, i32 10, i32 12" [firmware/nnet_utils/nnet_activation.h:119]   --->   Operation 1103 'partselect' 'tmp_438' <Predicate = true> <Delay = 0.00>
ST_2 : Operation 1104 [1/1] (0.00ns) (grouped into LUT with out node index_251)   --->   "%tmp_441 = bitselect i1 @_ssdm_op_BitSelect.i1.i14.i32, i14 %data_52_val_read, i32 13" [firmware/nnet_utils/nnet_activation.h:115]   --->   Operation 1104 'bitselect' 'tmp_441' <Predicate = true> <Delay = 0.00>
ST_2 : Operation 1105 [1/1] (0.00ns) (grouped into LUT with out node index_251)   --->   "%select_ln115_52 = select i1 %icmp_ln115_52, i13 %add_ln115_52, i13 %tmp_247" [firmware/nnet_utils/nnet_activation.h:115]   --->   Operation 1105 'select' 'select_ln115_52' <Predicate = true> <Delay = 0.00> <CoreInst = "Sel">   --->   Core 73 'Sel' <Latency = 0> <II = 1> <Delay = 0.69> <FuncUnit> <Opcode : 'select'> <InPorts = 3> <OutPorts = 1>
ST_2 : Operation 1106 [1/1] (0.00ns) (grouped into LUT with out node index_251)   --->   "%data_round_52 = select i1 %tmp_441, i13 %select_ln115_52, i13 %tmp_247" [firmware/nnet_utils/nnet_activation.h:115]   --->   Operation 1106 'select' 'data_round_52' <Predicate = true> <Delay = 0.00> <CoreInst = "Sel">   --->   Core 73 'Sel' <Latency = 0> <II = 1> <Delay = 0.69> <FuncUnit> <Opcode : 'select'> <InPorts = 3> <OutPorts = 1>
ST_2 : Operation 1107 [1/1] (0.00ns) (grouped into LUT with out node index_251)   --->   "%sext_ln112_52 = sext i13 %data_round_52" [firmware/nnet_utils/nnet_activation.h:112]   --->   Operation 1107 'sext' 'sext_ln112_52' <Predicate = true> <Delay = 0.00>
ST_2 : Operation 1108 [1/1] (2.13ns) (out node of the LUT)   --->   "%index_251 = add i14 %sext_ln112_52, i14 512" [firmware/nnet_utils/nnet_activation.h:116]   --->   Operation 1108 'add' 'index_251' <Predicate = true> <Delay = 2.13> <CoreInst = "Adder">   --->   Core 1 'Adder' <Latency = 0> <II = 1> <Delay = 2.13> <FuncUnit> <Opcode : 'add' 'sub'> <InPorts = 2> <OutPorts = 1>
ST_2 : Operation 1109 [1/1] (0.00ns)   --->   "%trunc_ln113_104 = trunc i14 %index_251" [firmware/nnet_utils/nnet_activation.h:113]   --->   Operation 1109 'trunc' 'trunc_ln113_104' <Predicate = true> <Delay = 0.00>
ST_2 : Operation 1110 [1/1] (0.00ns)   --->   "%tmp_443 = bitselect i1 @_ssdm_op_BitSelect.i1.i14.i32, i14 %index_251, i32 13" [firmware/nnet_utils/nnet_activation.h:117]   --->   Operation 1110 'bitselect' 'tmp_443' <Predicate = true> <Delay = 0.00>
ST_2 : Operation 1111 [1/1] (0.69ns)   --->   "%index_252 = select i1 %tmp_443, i13 0, i13 %trunc_ln113_104" [firmware/nnet_utils/nnet_activation.h:117]   --->   Operation 1111 'select' 'index_252' <Predicate = true> <Delay = 0.69> <CoreInst = "Sel">   --->   Core 73 'Sel' <Latency = 0> <II = 1> <Delay = 0.69> <FuncUnit> <Opcode : 'select'> <InPorts = 3> <OutPorts = 1>
ST_2 : Operation 1112 [1/1] (0.00ns)   --->   "%trunc_ln113_105 = trunc i13 %index_252" [firmware/nnet_utils/nnet_activation.h:113]   --->   Operation 1112 'trunc' 'trunc_ln113_105' <Predicate = true> <Delay = 0.00>
ST_2 : Operation 1113 [1/1] (0.00ns)   --->   "%tmp_445 = partselect i3 @_ssdm_op_PartSelect.i3.i13.i32.i32, i13 %index_252, i32 10, i32 12" [firmware/nnet_utils/nnet_activation.h:119]   --->   Operation 1113 'partselect' 'tmp_445' <Predicate = true> <Delay = 0.00>
ST_2 : Operation 1114 [1/1] (0.00ns) (grouped into LUT with out node index_254)   --->   "%tmp_448 = bitselect i1 @_ssdm_op_BitSelect.i1.i14.i32, i14 %data_53_val_read, i32 13" [firmware/nnet_utils/nnet_activation.h:115]   --->   Operation 1114 'bitselect' 'tmp_448' <Predicate = true> <Delay = 0.00>
ST_2 : Operation 1115 [1/1] (0.00ns) (grouped into LUT with out node index_254)   --->   "%select_ln115_53 = select i1 %icmp_ln115_53, i13 %add_ln115_53, i13 %tmp_254" [firmware/nnet_utils/nnet_activation.h:115]   --->   Operation 1115 'select' 'select_ln115_53' <Predicate = true> <Delay = 0.00> <CoreInst = "Sel">   --->   Core 73 'Sel' <Latency = 0> <II = 1> <Delay = 0.69> <FuncUnit> <Opcode : 'select'> <InPorts = 3> <OutPorts = 1>
ST_2 : Operation 1116 [1/1] (0.00ns) (grouped into LUT with out node index_254)   --->   "%data_round_53 = select i1 %tmp_448, i13 %select_ln115_53, i13 %tmp_254" [firmware/nnet_utils/nnet_activation.h:115]   --->   Operation 1116 'select' 'data_round_53' <Predicate = true> <Delay = 0.00> <CoreInst = "Sel">   --->   Core 73 'Sel' <Latency = 0> <II = 1> <Delay = 0.69> <FuncUnit> <Opcode : 'select'> <InPorts = 3> <OutPorts = 1>
ST_2 : Operation 1117 [1/1] (0.00ns) (grouped into LUT with out node index_254)   --->   "%sext_ln112_53 = sext i13 %data_round_53" [firmware/nnet_utils/nnet_activation.h:112]   --->   Operation 1117 'sext' 'sext_ln112_53' <Predicate = true> <Delay = 0.00>
ST_2 : Operation 1118 [1/1] (2.13ns) (out node of the LUT)   --->   "%index_254 = add i14 %sext_ln112_53, i14 512" [firmware/nnet_utils/nnet_activation.h:116]   --->   Operation 1118 'add' 'index_254' <Predicate = true> <Delay = 2.13> <CoreInst = "Adder">   --->   Core 1 'Adder' <Latency = 0> <II = 1> <Delay = 2.13> <FuncUnit> <Opcode : 'add' 'sub'> <InPorts = 2> <OutPorts = 1>
ST_2 : Operation 1119 [1/1] (0.00ns)   --->   "%trunc_ln113_106 = trunc i14 %index_254" [firmware/nnet_utils/nnet_activation.h:113]   --->   Operation 1119 'trunc' 'trunc_ln113_106' <Predicate = true> <Delay = 0.00>
ST_2 : Operation 1120 [1/1] (0.00ns)   --->   "%tmp_450 = bitselect i1 @_ssdm_op_BitSelect.i1.i14.i32, i14 %index_254, i32 13" [firmware/nnet_utils/nnet_activation.h:117]   --->   Operation 1120 'bitselect' 'tmp_450' <Predicate = true> <Delay = 0.00>
ST_2 : Operation 1121 [1/1] (0.69ns)   --->   "%index_255 = select i1 %tmp_450, i13 0, i13 %trunc_ln113_106" [firmware/nnet_utils/nnet_activation.h:117]   --->   Operation 1121 'select' 'index_255' <Predicate = true> <Delay = 0.69> <CoreInst = "Sel">   --->   Core 73 'Sel' <Latency = 0> <II = 1> <Delay = 0.69> <FuncUnit> <Opcode : 'select'> <InPorts = 3> <OutPorts = 1>
ST_2 : Operation 1122 [1/1] (0.00ns)   --->   "%trunc_ln113_107 = trunc i13 %index_255" [firmware/nnet_utils/nnet_activation.h:113]   --->   Operation 1122 'trunc' 'trunc_ln113_107' <Predicate = true> <Delay = 0.00>
ST_2 : Operation 1123 [1/1] (0.00ns)   --->   "%tmp_451 = partselect i3 @_ssdm_op_PartSelect.i3.i13.i32.i32, i13 %index_255, i32 10, i32 12" [firmware/nnet_utils/nnet_activation.h:119]   --->   Operation 1123 'partselect' 'tmp_451' <Predicate = true> <Delay = 0.00>
ST_2 : Operation 1124 [1/1] (0.00ns) (grouped into LUT with out node index_257)   --->   "%tmp_455 = bitselect i1 @_ssdm_op_BitSelect.i1.i14.i32, i14 %data_54_val_read, i32 13" [firmware/nnet_utils/nnet_activation.h:115]   --->   Operation 1124 'bitselect' 'tmp_455' <Predicate = true> <Delay = 0.00>
ST_2 : Operation 1125 [1/1] (0.00ns) (grouped into LUT with out node index_257)   --->   "%select_ln115_54 = select i1 %icmp_ln115_54, i13 %add_ln115_54, i13 %tmp_262" [firmware/nnet_utils/nnet_activation.h:115]   --->   Operation 1125 'select' 'select_ln115_54' <Predicate = true> <Delay = 0.00> <CoreInst = "Sel">   --->   Core 73 'Sel' <Latency = 0> <II = 1> <Delay = 0.69> <FuncUnit> <Opcode : 'select'> <InPorts = 3> <OutPorts = 1>
ST_2 : Operation 1126 [1/1] (0.00ns) (grouped into LUT with out node index_257)   --->   "%data_round_54 = select i1 %tmp_455, i13 %select_ln115_54, i13 %tmp_262" [firmware/nnet_utils/nnet_activation.h:115]   --->   Operation 1126 'select' 'data_round_54' <Predicate = true> <Delay = 0.00> <CoreInst = "Sel">   --->   Core 73 'Sel' <Latency = 0> <II = 1> <Delay = 0.69> <FuncUnit> <Opcode : 'select'> <InPorts = 3> <OutPorts = 1>
ST_2 : Operation 1127 [1/1] (0.00ns) (grouped into LUT with out node index_257)   --->   "%sext_ln112_54 = sext i13 %data_round_54" [firmware/nnet_utils/nnet_activation.h:112]   --->   Operation 1127 'sext' 'sext_ln112_54' <Predicate = true> <Delay = 0.00>
ST_2 : Operation 1128 [1/1] (2.13ns) (out node of the LUT)   --->   "%index_257 = add i14 %sext_ln112_54, i14 512" [firmware/nnet_utils/nnet_activation.h:116]   --->   Operation 1128 'add' 'index_257' <Predicate = true> <Delay = 2.13> <CoreInst = "Adder">   --->   Core 1 'Adder' <Latency = 0> <II = 1> <Delay = 2.13> <FuncUnit> <Opcode : 'add' 'sub'> <InPorts = 2> <OutPorts = 1>
ST_2 : Operation 1129 [1/1] (0.00ns)   --->   "%trunc_ln113_108 = trunc i14 %index_257" [firmware/nnet_utils/nnet_activation.h:113]   --->   Operation 1129 'trunc' 'trunc_ln113_108' <Predicate = true> <Delay = 0.00>
ST_2 : Operation 1130 [1/1] (0.00ns)   --->   "%tmp_456 = bitselect i1 @_ssdm_op_BitSelect.i1.i14.i32, i14 %index_257, i32 13" [firmware/nnet_utils/nnet_activation.h:117]   --->   Operation 1130 'bitselect' 'tmp_456' <Predicate = true> <Delay = 0.00>
ST_2 : Operation 1131 [1/1] (0.69ns)   --->   "%index_258 = select i1 %tmp_456, i13 0, i13 %trunc_ln113_108" [firmware/nnet_utils/nnet_activation.h:117]   --->   Operation 1131 'select' 'index_258' <Predicate = true> <Delay = 0.69> <CoreInst = "Sel">   --->   Core 73 'Sel' <Latency = 0> <II = 1> <Delay = 0.69> <FuncUnit> <Opcode : 'select'> <InPorts = 3> <OutPorts = 1>
ST_2 : Operation 1132 [1/1] (0.00ns)   --->   "%trunc_ln113_109 = trunc i13 %index_258" [firmware/nnet_utils/nnet_activation.h:113]   --->   Operation 1132 'trunc' 'trunc_ln113_109' <Predicate = true> <Delay = 0.00>
ST_2 : Operation 1133 [1/1] (0.00ns)   --->   "%tmp_458 = partselect i3 @_ssdm_op_PartSelect.i3.i13.i32.i32, i13 %index_258, i32 10, i32 12" [firmware/nnet_utils/nnet_activation.h:119]   --->   Operation 1133 'partselect' 'tmp_458' <Predicate = true> <Delay = 0.00>
ST_2 : Operation 1134 [1/1] (0.00ns) (grouped into LUT with out node index_260)   --->   "%tmp_461 = bitselect i1 @_ssdm_op_BitSelect.i1.i14.i32, i14 %data_55_val_read, i32 13" [firmware/nnet_utils/nnet_activation.h:115]   --->   Operation 1134 'bitselect' 'tmp_461' <Predicate = true> <Delay = 0.00>
ST_2 : Operation 1135 [1/1] (0.00ns) (grouped into LUT with out node index_260)   --->   "%select_ln115_55 = select i1 %icmp_ln115_55, i13 %add_ln115_55, i13 %tmp_269" [firmware/nnet_utils/nnet_activation.h:115]   --->   Operation 1135 'select' 'select_ln115_55' <Predicate = true> <Delay = 0.00> <CoreInst = "Sel">   --->   Core 73 'Sel' <Latency = 0> <II = 1> <Delay = 0.69> <FuncUnit> <Opcode : 'select'> <InPorts = 3> <OutPorts = 1>
ST_2 : Operation 1136 [1/1] (0.00ns) (grouped into LUT with out node index_260)   --->   "%data_round_55 = select i1 %tmp_461, i13 %select_ln115_55, i13 %tmp_269" [firmware/nnet_utils/nnet_activation.h:115]   --->   Operation 1136 'select' 'data_round_55' <Predicate = true> <Delay = 0.00> <CoreInst = "Sel">   --->   Core 73 'Sel' <Latency = 0> <II = 1> <Delay = 0.69> <FuncUnit> <Opcode : 'select'> <InPorts = 3> <OutPorts = 1>
ST_2 : Operation 1137 [1/1] (0.00ns) (grouped into LUT with out node index_260)   --->   "%sext_ln112_55 = sext i13 %data_round_55" [firmware/nnet_utils/nnet_activation.h:112]   --->   Operation 1137 'sext' 'sext_ln112_55' <Predicate = true> <Delay = 0.00>
ST_2 : Operation 1138 [1/1] (2.13ns) (out node of the LUT)   --->   "%index_260 = add i14 %sext_ln112_55, i14 512" [firmware/nnet_utils/nnet_activation.h:116]   --->   Operation 1138 'add' 'index_260' <Predicate = true> <Delay = 2.13> <CoreInst = "Adder">   --->   Core 1 'Adder' <Latency = 0> <II = 1> <Delay = 2.13> <FuncUnit> <Opcode : 'add' 'sub'> <InPorts = 2> <OutPorts = 1>
ST_2 : Operation 1139 [1/1] (0.00ns)   --->   "%trunc_ln113_110 = trunc i14 %index_260" [firmware/nnet_utils/nnet_activation.h:113]   --->   Operation 1139 'trunc' 'trunc_ln113_110' <Predicate = true> <Delay = 0.00>
ST_2 : Operation 1140 [1/1] (0.00ns)   --->   "%tmp_463 = bitselect i1 @_ssdm_op_BitSelect.i1.i14.i32, i14 %index_260, i32 13" [firmware/nnet_utils/nnet_activation.h:117]   --->   Operation 1140 'bitselect' 'tmp_463' <Predicate = true> <Delay = 0.00>
ST_2 : Operation 1141 [1/1] (0.69ns)   --->   "%index_261 = select i1 %tmp_463, i13 0, i13 %trunc_ln113_110" [firmware/nnet_utils/nnet_activation.h:117]   --->   Operation 1141 'select' 'index_261' <Predicate = true> <Delay = 0.69> <CoreInst = "Sel">   --->   Core 73 'Sel' <Latency = 0> <II = 1> <Delay = 0.69> <FuncUnit> <Opcode : 'select'> <InPorts = 3> <OutPorts = 1>
ST_2 : Operation 1142 [1/1] (0.00ns)   --->   "%trunc_ln113_111 = trunc i13 %index_261" [firmware/nnet_utils/nnet_activation.h:113]   --->   Operation 1142 'trunc' 'trunc_ln113_111' <Predicate = true> <Delay = 0.00>
ST_2 : Operation 1143 [1/1] (0.00ns)   --->   "%tmp_465 = partselect i3 @_ssdm_op_PartSelect.i3.i13.i32.i32, i13 %index_261, i32 10, i32 12" [firmware/nnet_utils/nnet_activation.h:119]   --->   Operation 1143 'partselect' 'tmp_465' <Predicate = true> <Delay = 0.00>
ST_2 : Operation 1144 [1/1] (0.00ns) (grouped into LUT with out node index_263)   --->   "%tmp_468 = bitselect i1 @_ssdm_op_BitSelect.i1.i14.i32, i14 %data_56_val_read, i32 13" [firmware/nnet_utils/nnet_activation.h:115]   --->   Operation 1144 'bitselect' 'tmp_468' <Predicate = true> <Delay = 0.00>
ST_2 : Operation 1145 [1/1] (0.00ns) (grouped into LUT with out node index_263)   --->   "%select_ln115_56 = select i1 %icmp_ln115_56, i13 %add_ln115_56, i13 %tmp_277" [firmware/nnet_utils/nnet_activation.h:115]   --->   Operation 1145 'select' 'select_ln115_56' <Predicate = true> <Delay = 0.00> <CoreInst = "Sel">   --->   Core 73 'Sel' <Latency = 0> <II = 1> <Delay = 0.69> <FuncUnit> <Opcode : 'select'> <InPorts = 3> <OutPorts = 1>
ST_2 : Operation 1146 [1/1] (0.00ns) (grouped into LUT with out node index_263)   --->   "%data_round_56 = select i1 %tmp_468, i13 %select_ln115_56, i13 %tmp_277" [firmware/nnet_utils/nnet_activation.h:115]   --->   Operation 1146 'select' 'data_round_56' <Predicate = true> <Delay = 0.00> <CoreInst = "Sel">   --->   Core 73 'Sel' <Latency = 0> <II = 1> <Delay = 0.69> <FuncUnit> <Opcode : 'select'> <InPorts = 3> <OutPorts = 1>
ST_2 : Operation 1147 [1/1] (0.00ns) (grouped into LUT with out node index_263)   --->   "%sext_ln112_56 = sext i13 %data_round_56" [firmware/nnet_utils/nnet_activation.h:112]   --->   Operation 1147 'sext' 'sext_ln112_56' <Predicate = true> <Delay = 0.00>
ST_2 : Operation 1148 [1/1] (2.13ns) (out node of the LUT)   --->   "%index_263 = add i14 %sext_ln112_56, i14 512" [firmware/nnet_utils/nnet_activation.h:116]   --->   Operation 1148 'add' 'index_263' <Predicate = true> <Delay = 2.13> <CoreInst = "Adder">   --->   Core 1 'Adder' <Latency = 0> <II = 1> <Delay = 2.13> <FuncUnit> <Opcode : 'add' 'sub'> <InPorts = 2> <OutPorts = 1>
ST_2 : Operation 1149 [1/1] (0.00ns)   --->   "%trunc_ln113_112 = trunc i14 %index_263" [firmware/nnet_utils/nnet_activation.h:113]   --->   Operation 1149 'trunc' 'trunc_ln113_112' <Predicate = true> <Delay = 0.00>
ST_2 : Operation 1150 [1/1] (0.00ns)   --->   "%tmp_470 = bitselect i1 @_ssdm_op_BitSelect.i1.i14.i32, i14 %index_263, i32 13" [firmware/nnet_utils/nnet_activation.h:117]   --->   Operation 1150 'bitselect' 'tmp_470' <Predicate = true> <Delay = 0.00>
ST_2 : Operation 1151 [1/1] (0.69ns)   --->   "%index_264 = select i1 %tmp_470, i13 0, i13 %trunc_ln113_112" [firmware/nnet_utils/nnet_activation.h:117]   --->   Operation 1151 'select' 'index_264' <Predicate = true> <Delay = 0.69> <CoreInst = "Sel">   --->   Core 73 'Sel' <Latency = 0> <II = 1> <Delay = 0.69> <FuncUnit> <Opcode : 'select'> <InPorts = 3> <OutPorts = 1>
ST_2 : Operation 1152 [1/1] (0.00ns)   --->   "%trunc_ln113_113 = trunc i13 %index_264" [firmware/nnet_utils/nnet_activation.h:113]   --->   Operation 1152 'trunc' 'trunc_ln113_113' <Predicate = true> <Delay = 0.00>
ST_2 : Operation 1153 [1/1] (0.00ns)   --->   "%tmp_471 = partselect i3 @_ssdm_op_PartSelect.i3.i13.i32.i32, i13 %index_264, i32 10, i32 12" [firmware/nnet_utils/nnet_activation.h:119]   --->   Operation 1153 'partselect' 'tmp_471' <Predicate = true> <Delay = 0.00>
ST_2 : Operation 1154 [1/1] (0.00ns) (grouped into LUT with out node index_266)   --->   "%tmp_475 = bitselect i1 @_ssdm_op_BitSelect.i1.i14.i32, i14 %data_57_val_read, i32 13" [firmware/nnet_utils/nnet_activation.h:115]   --->   Operation 1154 'bitselect' 'tmp_475' <Predicate = true> <Delay = 0.00>
ST_2 : Operation 1155 [1/1] (0.00ns) (grouped into LUT with out node index_266)   --->   "%select_ln115_57 = select i1 %icmp_ln115_57, i13 %add_ln115_57, i13 %tmp_284" [firmware/nnet_utils/nnet_activation.h:115]   --->   Operation 1155 'select' 'select_ln115_57' <Predicate = true> <Delay = 0.00> <CoreInst = "Sel">   --->   Core 73 'Sel' <Latency = 0> <II = 1> <Delay = 0.69> <FuncUnit> <Opcode : 'select'> <InPorts = 3> <OutPorts = 1>
ST_2 : Operation 1156 [1/1] (0.00ns) (grouped into LUT with out node index_266)   --->   "%data_round_57 = select i1 %tmp_475, i13 %select_ln115_57, i13 %tmp_284" [firmware/nnet_utils/nnet_activation.h:115]   --->   Operation 1156 'select' 'data_round_57' <Predicate = true> <Delay = 0.00> <CoreInst = "Sel">   --->   Core 73 'Sel' <Latency = 0> <II = 1> <Delay = 0.69> <FuncUnit> <Opcode : 'select'> <InPorts = 3> <OutPorts = 1>
ST_2 : Operation 1157 [1/1] (0.00ns) (grouped into LUT with out node index_266)   --->   "%sext_ln112_57 = sext i13 %data_round_57" [firmware/nnet_utils/nnet_activation.h:112]   --->   Operation 1157 'sext' 'sext_ln112_57' <Predicate = true> <Delay = 0.00>
ST_2 : Operation 1158 [1/1] (2.13ns) (out node of the LUT)   --->   "%index_266 = add i14 %sext_ln112_57, i14 512" [firmware/nnet_utils/nnet_activation.h:116]   --->   Operation 1158 'add' 'index_266' <Predicate = true> <Delay = 2.13> <CoreInst = "Adder">   --->   Core 1 'Adder' <Latency = 0> <II = 1> <Delay = 2.13> <FuncUnit> <Opcode : 'add' 'sub'> <InPorts = 2> <OutPorts = 1>
ST_2 : Operation 1159 [1/1] (0.00ns)   --->   "%trunc_ln113_114 = trunc i14 %index_266" [firmware/nnet_utils/nnet_activation.h:113]   --->   Operation 1159 'trunc' 'trunc_ln113_114' <Predicate = true> <Delay = 0.00>
ST_2 : Operation 1160 [1/1] (0.00ns)   --->   "%tmp_476 = bitselect i1 @_ssdm_op_BitSelect.i1.i14.i32, i14 %index_266, i32 13" [firmware/nnet_utils/nnet_activation.h:117]   --->   Operation 1160 'bitselect' 'tmp_476' <Predicate = true> <Delay = 0.00>
ST_2 : Operation 1161 [1/1] (0.69ns)   --->   "%index_267 = select i1 %tmp_476, i13 0, i13 %trunc_ln113_114" [firmware/nnet_utils/nnet_activation.h:117]   --->   Operation 1161 'select' 'index_267' <Predicate = true> <Delay = 0.69> <CoreInst = "Sel">   --->   Core 73 'Sel' <Latency = 0> <II = 1> <Delay = 0.69> <FuncUnit> <Opcode : 'select'> <InPorts = 3> <OutPorts = 1>
ST_2 : Operation 1162 [1/1] (0.00ns)   --->   "%trunc_ln113_115 = trunc i13 %index_267" [firmware/nnet_utils/nnet_activation.h:113]   --->   Operation 1162 'trunc' 'trunc_ln113_115' <Predicate = true> <Delay = 0.00>
ST_2 : Operation 1163 [1/1] (0.00ns)   --->   "%tmp_478 = partselect i3 @_ssdm_op_PartSelect.i3.i13.i32.i32, i13 %index_267, i32 10, i32 12" [firmware/nnet_utils/nnet_activation.h:119]   --->   Operation 1163 'partselect' 'tmp_478' <Predicate = true> <Delay = 0.00>
ST_2 : Operation 1164 [1/1] (0.00ns) (grouped into LUT with out node index_269)   --->   "%tmp_481 = bitselect i1 @_ssdm_op_BitSelect.i1.i14.i32, i14 %data_58_val_read, i32 13" [firmware/nnet_utils/nnet_activation.h:115]   --->   Operation 1164 'bitselect' 'tmp_481' <Predicate = true> <Delay = 0.00>
ST_2 : Operation 1165 [1/1] (0.00ns) (grouped into LUT with out node index_269)   --->   "%select_ln115_58 = select i1 %icmp_ln115_58, i13 %add_ln115_58, i13 %tmp_289" [firmware/nnet_utils/nnet_activation.h:115]   --->   Operation 1165 'select' 'select_ln115_58' <Predicate = true> <Delay = 0.00> <CoreInst = "Sel">   --->   Core 73 'Sel' <Latency = 0> <II = 1> <Delay = 0.69> <FuncUnit> <Opcode : 'select'> <InPorts = 3> <OutPorts = 1>
ST_2 : Operation 1166 [1/1] (0.00ns) (grouped into LUT with out node index_269)   --->   "%data_round_58 = select i1 %tmp_481, i13 %select_ln115_58, i13 %tmp_289" [firmware/nnet_utils/nnet_activation.h:115]   --->   Operation 1166 'select' 'data_round_58' <Predicate = true> <Delay = 0.00> <CoreInst = "Sel">   --->   Core 73 'Sel' <Latency = 0> <II = 1> <Delay = 0.69> <FuncUnit> <Opcode : 'select'> <InPorts = 3> <OutPorts = 1>
ST_2 : Operation 1167 [1/1] (0.00ns) (grouped into LUT with out node index_269)   --->   "%sext_ln112_58 = sext i13 %data_round_58" [firmware/nnet_utils/nnet_activation.h:112]   --->   Operation 1167 'sext' 'sext_ln112_58' <Predicate = true> <Delay = 0.00>
ST_2 : Operation 1168 [1/1] (2.13ns) (out node of the LUT)   --->   "%index_269 = add i14 %sext_ln112_58, i14 512" [firmware/nnet_utils/nnet_activation.h:116]   --->   Operation 1168 'add' 'index_269' <Predicate = true> <Delay = 2.13> <CoreInst = "Adder">   --->   Core 1 'Adder' <Latency = 0> <II = 1> <Delay = 2.13> <FuncUnit> <Opcode : 'add' 'sub'> <InPorts = 2> <OutPorts = 1>
ST_2 : Operation 1169 [1/1] (0.00ns)   --->   "%trunc_ln113_116 = trunc i14 %index_269" [firmware/nnet_utils/nnet_activation.h:113]   --->   Operation 1169 'trunc' 'trunc_ln113_116' <Predicate = true> <Delay = 0.00>
ST_2 : Operation 1170 [1/1] (0.00ns)   --->   "%tmp_482 = bitselect i1 @_ssdm_op_BitSelect.i1.i14.i32, i14 %index_269, i32 13" [firmware/nnet_utils/nnet_activation.h:117]   --->   Operation 1170 'bitselect' 'tmp_482' <Predicate = true> <Delay = 0.00>
ST_2 : Operation 1171 [1/1] (0.69ns)   --->   "%index_270 = select i1 %tmp_482, i13 0, i13 %trunc_ln113_116" [firmware/nnet_utils/nnet_activation.h:117]   --->   Operation 1171 'select' 'index_270' <Predicate = true> <Delay = 0.69> <CoreInst = "Sel">   --->   Core 73 'Sel' <Latency = 0> <II = 1> <Delay = 0.69> <FuncUnit> <Opcode : 'select'> <InPorts = 3> <OutPorts = 1>
ST_2 : Operation 1172 [1/1] (0.00ns)   --->   "%trunc_ln113_117 = trunc i13 %index_270" [firmware/nnet_utils/nnet_activation.h:113]   --->   Operation 1172 'trunc' 'trunc_ln113_117' <Predicate = true> <Delay = 0.00>
ST_2 : Operation 1173 [1/1] (0.00ns)   --->   "%tmp_483 = partselect i3 @_ssdm_op_PartSelect.i3.i13.i32.i32, i13 %index_270, i32 10, i32 12" [firmware/nnet_utils/nnet_activation.h:119]   --->   Operation 1173 'partselect' 'tmp_483' <Predicate = true> <Delay = 0.00>
ST_2 : Operation 1174 [1/1] (0.00ns) (grouped into LUT with out node index_272)   --->   "%tmp_486 = bitselect i1 @_ssdm_op_BitSelect.i1.i14.i32, i14 %data_59_val_read, i32 13" [firmware/nnet_utils/nnet_activation.h:115]   --->   Operation 1174 'bitselect' 'tmp_486' <Predicate = true> <Delay = 0.00>
ST_2 : Operation 1175 [1/1] (0.00ns) (grouped into LUT with out node index_272)   --->   "%select_ln115_59 = select i1 %icmp_ln115_59, i13 %add_ln115_59, i13 %tmp_294" [firmware/nnet_utils/nnet_activation.h:115]   --->   Operation 1175 'select' 'select_ln115_59' <Predicate = true> <Delay = 0.00> <CoreInst = "Sel">   --->   Core 73 'Sel' <Latency = 0> <II = 1> <Delay = 0.69> <FuncUnit> <Opcode : 'select'> <InPorts = 3> <OutPorts = 1>
ST_2 : Operation 1176 [1/1] (0.00ns) (grouped into LUT with out node index_272)   --->   "%data_round_59 = select i1 %tmp_486, i13 %select_ln115_59, i13 %tmp_294" [firmware/nnet_utils/nnet_activation.h:115]   --->   Operation 1176 'select' 'data_round_59' <Predicate = true> <Delay = 0.00> <CoreInst = "Sel">   --->   Core 73 'Sel' <Latency = 0> <II = 1> <Delay = 0.69> <FuncUnit> <Opcode : 'select'> <InPorts = 3> <OutPorts = 1>
ST_2 : Operation 1177 [1/1] (0.00ns) (grouped into LUT with out node index_272)   --->   "%sext_ln112_59 = sext i13 %data_round_59" [firmware/nnet_utils/nnet_activation.h:112]   --->   Operation 1177 'sext' 'sext_ln112_59' <Predicate = true> <Delay = 0.00>
ST_2 : Operation 1178 [1/1] (2.13ns) (out node of the LUT)   --->   "%index_272 = add i14 %sext_ln112_59, i14 512" [firmware/nnet_utils/nnet_activation.h:116]   --->   Operation 1178 'add' 'index_272' <Predicate = true> <Delay = 2.13> <CoreInst = "Adder">   --->   Core 1 'Adder' <Latency = 0> <II = 1> <Delay = 2.13> <FuncUnit> <Opcode : 'add' 'sub'> <InPorts = 2> <OutPorts = 1>
ST_2 : Operation 1179 [1/1] (0.00ns)   --->   "%trunc_ln113_118 = trunc i14 %index_272" [firmware/nnet_utils/nnet_activation.h:113]   --->   Operation 1179 'trunc' 'trunc_ln113_118' <Predicate = true> <Delay = 0.00>
ST_2 : Operation 1180 [1/1] (0.00ns)   --->   "%tmp_487 = bitselect i1 @_ssdm_op_BitSelect.i1.i14.i32, i14 %index_272, i32 13" [firmware/nnet_utils/nnet_activation.h:117]   --->   Operation 1180 'bitselect' 'tmp_487' <Predicate = true> <Delay = 0.00>
ST_2 : Operation 1181 [1/1] (0.69ns)   --->   "%index_273 = select i1 %tmp_487, i13 0, i13 %trunc_ln113_118" [firmware/nnet_utils/nnet_activation.h:117]   --->   Operation 1181 'select' 'index_273' <Predicate = true> <Delay = 0.69> <CoreInst = "Sel">   --->   Core 73 'Sel' <Latency = 0> <II = 1> <Delay = 0.69> <FuncUnit> <Opcode : 'select'> <InPorts = 3> <OutPorts = 1>
ST_2 : Operation 1182 [1/1] (0.00ns)   --->   "%trunc_ln113_119 = trunc i13 %index_273" [firmware/nnet_utils/nnet_activation.h:113]   --->   Operation 1182 'trunc' 'trunc_ln113_119' <Predicate = true> <Delay = 0.00>
ST_2 : Operation 1183 [1/1] (0.00ns)   --->   "%tmp_488 = partselect i3 @_ssdm_op_PartSelect.i3.i13.i32.i32, i13 %index_273, i32 10, i32 12" [firmware/nnet_utils/nnet_activation.h:119]   --->   Operation 1183 'partselect' 'tmp_488' <Predicate = true> <Delay = 0.00>
ST_2 : Operation 1184 [1/1] (0.00ns) (grouped into LUT with out node index_275)   --->   "%tmp_491 = bitselect i1 @_ssdm_op_BitSelect.i1.i14.i32, i14 %data_60_val_read, i32 13" [firmware/nnet_utils/nnet_activation.h:115]   --->   Operation 1184 'bitselect' 'tmp_491' <Predicate = true> <Delay = 0.00>
ST_2 : Operation 1185 [1/1] (0.00ns) (grouped into LUT with out node index_275)   --->   "%select_ln115_60 = select i1 %icmp_ln115_60, i13 %add_ln115_60, i13 %tmp_299" [firmware/nnet_utils/nnet_activation.h:115]   --->   Operation 1185 'select' 'select_ln115_60' <Predicate = true> <Delay = 0.00> <CoreInst = "Sel">   --->   Core 73 'Sel' <Latency = 0> <II = 1> <Delay = 0.69> <FuncUnit> <Opcode : 'select'> <InPorts = 3> <OutPorts = 1>
ST_2 : Operation 1186 [1/1] (0.00ns) (grouped into LUT with out node index_275)   --->   "%data_round_60 = select i1 %tmp_491, i13 %select_ln115_60, i13 %tmp_299" [firmware/nnet_utils/nnet_activation.h:115]   --->   Operation 1186 'select' 'data_round_60' <Predicate = true> <Delay = 0.00> <CoreInst = "Sel">   --->   Core 73 'Sel' <Latency = 0> <II = 1> <Delay = 0.69> <FuncUnit> <Opcode : 'select'> <InPorts = 3> <OutPorts = 1>
ST_2 : Operation 1187 [1/1] (0.00ns) (grouped into LUT with out node index_275)   --->   "%sext_ln112_60 = sext i13 %data_round_60" [firmware/nnet_utils/nnet_activation.h:112]   --->   Operation 1187 'sext' 'sext_ln112_60' <Predicate = true> <Delay = 0.00>
ST_2 : Operation 1188 [1/1] (2.13ns) (out node of the LUT)   --->   "%index_275 = add i14 %sext_ln112_60, i14 512" [firmware/nnet_utils/nnet_activation.h:116]   --->   Operation 1188 'add' 'index_275' <Predicate = true> <Delay = 2.13> <CoreInst = "Adder">   --->   Core 1 'Adder' <Latency = 0> <II = 1> <Delay = 2.13> <FuncUnit> <Opcode : 'add' 'sub'> <InPorts = 2> <OutPorts = 1>
ST_2 : Operation 1189 [1/1] (0.00ns)   --->   "%trunc_ln113_120 = trunc i14 %index_275" [firmware/nnet_utils/nnet_activation.h:113]   --->   Operation 1189 'trunc' 'trunc_ln113_120' <Predicate = true> <Delay = 0.00>
ST_2 : Operation 1190 [1/1] (0.00ns)   --->   "%tmp_492 = bitselect i1 @_ssdm_op_BitSelect.i1.i14.i32, i14 %index_275, i32 13" [firmware/nnet_utils/nnet_activation.h:117]   --->   Operation 1190 'bitselect' 'tmp_492' <Predicate = true> <Delay = 0.00>
ST_2 : Operation 1191 [1/1] (0.69ns)   --->   "%index_276 = select i1 %tmp_492, i13 0, i13 %trunc_ln113_120" [firmware/nnet_utils/nnet_activation.h:117]   --->   Operation 1191 'select' 'index_276' <Predicate = true> <Delay = 0.69> <CoreInst = "Sel">   --->   Core 73 'Sel' <Latency = 0> <II = 1> <Delay = 0.69> <FuncUnit> <Opcode : 'select'> <InPorts = 3> <OutPorts = 1>
ST_2 : Operation 1192 [1/1] (0.00ns)   --->   "%trunc_ln113_121 = trunc i13 %index_276" [firmware/nnet_utils/nnet_activation.h:113]   --->   Operation 1192 'trunc' 'trunc_ln113_121' <Predicate = true> <Delay = 0.00>
ST_2 : Operation 1193 [1/1] (0.00ns)   --->   "%tmp_493 = partselect i3 @_ssdm_op_PartSelect.i3.i13.i32.i32, i13 %index_276, i32 10, i32 12" [firmware/nnet_utils/nnet_activation.h:119]   --->   Operation 1193 'partselect' 'tmp_493' <Predicate = true> <Delay = 0.00>
ST_2 : Operation 1194 [1/1] (0.00ns) (grouped into LUT with out node index_278)   --->   "%tmp_496 = bitselect i1 @_ssdm_op_BitSelect.i1.i14.i32, i14 %data_61_val_read, i32 13" [firmware/nnet_utils/nnet_activation.h:115]   --->   Operation 1194 'bitselect' 'tmp_496' <Predicate = true> <Delay = 0.00>
ST_2 : Operation 1195 [1/1] (0.00ns) (grouped into LUT with out node index_278)   --->   "%select_ln115_61 = select i1 %icmp_ln115_61, i13 %add_ln115_61, i13 %tmp_304" [firmware/nnet_utils/nnet_activation.h:115]   --->   Operation 1195 'select' 'select_ln115_61' <Predicate = true> <Delay = 0.00> <CoreInst = "Sel">   --->   Core 73 'Sel' <Latency = 0> <II = 1> <Delay = 0.69> <FuncUnit> <Opcode : 'select'> <InPorts = 3> <OutPorts = 1>
ST_2 : Operation 1196 [1/1] (0.00ns) (grouped into LUT with out node index_278)   --->   "%data_round_61 = select i1 %tmp_496, i13 %select_ln115_61, i13 %tmp_304" [firmware/nnet_utils/nnet_activation.h:115]   --->   Operation 1196 'select' 'data_round_61' <Predicate = true> <Delay = 0.00> <CoreInst = "Sel">   --->   Core 73 'Sel' <Latency = 0> <II = 1> <Delay = 0.69> <FuncUnit> <Opcode : 'select'> <InPorts = 3> <OutPorts = 1>
ST_2 : Operation 1197 [1/1] (0.00ns) (grouped into LUT with out node index_278)   --->   "%sext_ln112_61 = sext i13 %data_round_61" [firmware/nnet_utils/nnet_activation.h:112]   --->   Operation 1197 'sext' 'sext_ln112_61' <Predicate = true> <Delay = 0.00>
ST_2 : Operation 1198 [1/1] (2.13ns) (out node of the LUT)   --->   "%index_278 = add i14 %sext_ln112_61, i14 512" [firmware/nnet_utils/nnet_activation.h:116]   --->   Operation 1198 'add' 'index_278' <Predicate = true> <Delay = 2.13> <CoreInst = "Adder">   --->   Core 1 'Adder' <Latency = 0> <II = 1> <Delay = 2.13> <FuncUnit> <Opcode : 'add' 'sub'> <InPorts = 2> <OutPorts = 1>
ST_2 : Operation 1199 [1/1] (0.00ns)   --->   "%trunc_ln113_122 = trunc i14 %index_278" [firmware/nnet_utils/nnet_activation.h:113]   --->   Operation 1199 'trunc' 'trunc_ln113_122' <Predicate = true> <Delay = 0.00>
ST_2 : Operation 1200 [1/1] (0.00ns)   --->   "%tmp_497 = bitselect i1 @_ssdm_op_BitSelect.i1.i14.i32, i14 %index_278, i32 13" [firmware/nnet_utils/nnet_activation.h:117]   --->   Operation 1200 'bitselect' 'tmp_497' <Predicate = true> <Delay = 0.00>
ST_2 : Operation 1201 [1/1] (0.69ns)   --->   "%index_279 = select i1 %tmp_497, i13 0, i13 %trunc_ln113_122" [firmware/nnet_utils/nnet_activation.h:117]   --->   Operation 1201 'select' 'index_279' <Predicate = true> <Delay = 0.69> <CoreInst = "Sel">   --->   Core 73 'Sel' <Latency = 0> <II = 1> <Delay = 0.69> <FuncUnit> <Opcode : 'select'> <InPorts = 3> <OutPorts = 1>
ST_2 : Operation 1202 [1/1] (0.00ns)   --->   "%trunc_ln113_123 = trunc i13 %index_279" [firmware/nnet_utils/nnet_activation.h:113]   --->   Operation 1202 'trunc' 'trunc_ln113_123' <Predicate = true> <Delay = 0.00>
ST_2 : Operation 1203 [1/1] (0.00ns)   --->   "%tmp_498 = partselect i3 @_ssdm_op_PartSelect.i3.i13.i32.i32, i13 %index_279, i32 10, i32 12" [firmware/nnet_utils/nnet_activation.h:119]   --->   Operation 1203 'partselect' 'tmp_498' <Predicate = true> <Delay = 0.00>
ST_2 : Operation 1204 [1/1] (0.00ns) (grouped into LUT with out node index_281)   --->   "%tmp_501 = bitselect i1 @_ssdm_op_BitSelect.i1.i14.i32, i14 %data_62_val_read, i32 13" [firmware/nnet_utils/nnet_activation.h:115]   --->   Operation 1204 'bitselect' 'tmp_501' <Predicate = true> <Delay = 0.00>
ST_2 : Operation 1205 [1/1] (0.00ns) (grouped into LUT with out node index_281)   --->   "%select_ln115_62 = select i1 %icmp_ln115_62, i13 %add_ln115_62, i13 %tmp_309" [firmware/nnet_utils/nnet_activation.h:115]   --->   Operation 1205 'select' 'select_ln115_62' <Predicate = true> <Delay = 0.00> <CoreInst = "Sel">   --->   Core 73 'Sel' <Latency = 0> <II = 1> <Delay = 0.69> <FuncUnit> <Opcode : 'select'> <InPorts = 3> <OutPorts = 1>
ST_2 : Operation 1206 [1/1] (0.00ns) (grouped into LUT with out node index_281)   --->   "%data_round_62 = select i1 %tmp_501, i13 %select_ln115_62, i13 %tmp_309" [firmware/nnet_utils/nnet_activation.h:115]   --->   Operation 1206 'select' 'data_round_62' <Predicate = true> <Delay = 0.00> <CoreInst = "Sel">   --->   Core 73 'Sel' <Latency = 0> <II = 1> <Delay = 0.69> <FuncUnit> <Opcode : 'select'> <InPorts = 3> <OutPorts = 1>
ST_2 : Operation 1207 [1/1] (0.00ns) (grouped into LUT with out node index_281)   --->   "%sext_ln112_62 = sext i13 %data_round_62" [firmware/nnet_utils/nnet_activation.h:112]   --->   Operation 1207 'sext' 'sext_ln112_62' <Predicate = true> <Delay = 0.00>
ST_2 : Operation 1208 [1/1] (2.13ns) (out node of the LUT)   --->   "%index_281 = add i14 %sext_ln112_62, i14 512" [firmware/nnet_utils/nnet_activation.h:116]   --->   Operation 1208 'add' 'index_281' <Predicate = true> <Delay = 2.13> <CoreInst = "Adder">   --->   Core 1 'Adder' <Latency = 0> <II = 1> <Delay = 2.13> <FuncUnit> <Opcode : 'add' 'sub'> <InPorts = 2> <OutPorts = 1>
ST_2 : Operation 1209 [1/1] (0.00ns)   --->   "%trunc_ln113_124 = trunc i14 %index_281" [firmware/nnet_utils/nnet_activation.h:113]   --->   Operation 1209 'trunc' 'trunc_ln113_124' <Predicate = true> <Delay = 0.00>
ST_2 : Operation 1210 [1/1] (0.00ns)   --->   "%tmp_502 = bitselect i1 @_ssdm_op_BitSelect.i1.i14.i32, i14 %index_281, i32 13" [firmware/nnet_utils/nnet_activation.h:117]   --->   Operation 1210 'bitselect' 'tmp_502' <Predicate = true> <Delay = 0.00>
ST_2 : Operation 1211 [1/1] (0.69ns)   --->   "%index_282 = select i1 %tmp_502, i13 0, i13 %trunc_ln113_124" [firmware/nnet_utils/nnet_activation.h:117]   --->   Operation 1211 'select' 'index_282' <Predicate = true> <Delay = 0.69> <CoreInst = "Sel">   --->   Core 73 'Sel' <Latency = 0> <II = 1> <Delay = 0.69> <FuncUnit> <Opcode : 'select'> <InPorts = 3> <OutPorts = 1>
ST_2 : Operation 1212 [1/1] (0.00ns)   --->   "%trunc_ln113_125 = trunc i13 %index_282" [firmware/nnet_utils/nnet_activation.h:113]   --->   Operation 1212 'trunc' 'trunc_ln113_125' <Predicate = true> <Delay = 0.00>
ST_2 : Operation 1213 [1/1] (0.00ns)   --->   "%tmp_503 = partselect i3 @_ssdm_op_PartSelect.i3.i13.i32.i32, i13 %index_282, i32 10, i32 12" [firmware/nnet_utils/nnet_activation.h:119]   --->   Operation 1213 'partselect' 'tmp_503' <Predicate = true> <Delay = 0.00>
ST_2 : Operation 1214 [1/1] (0.00ns) (grouped into LUT with out node index_284)   --->   "%tmp_506 = bitselect i1 @_ssdm_op_BitSelect.i1.i14.i32, i14 %data_63_val_read, i32 13" [firmware/nnet_utils/nnet_activation.h:115]   --->   Operation 1214 'bitselect' 'tmp_506' <Predicate = true> <Delay = 0.00>
ST_2 : Operation 1215 [1/1] (0.00ns) (grouped into LUT with out node index_284)   --->   "%select_ln115_63 = select i1 %icmp_ln115_63, i13 %add_ln115_63, i13 %tmp_314" [firmware/nnet_utils/nnet_activation.h:115]   --->   Operation 1215 'select' 'select_ln115_63' <Predicate = true> <Delay = 0.00> <CoreInst = "Sel">   --->   Core 73 'Sel' <Latency = 0> <II = 1> <Delay = 0.69> <FuncUnit> <Opcode : 'select'> <InPorts = 3> <OutPorts = 1>
ST_2 : Operation 1216 [1/1] (0.00ns) (grouped into LUT with out node index_284)   --->   "%data_round_63 = select i1 %tmp_506, i13 %select_ln115_63, i13 %tmp_314" [firmware/nnet_utils/nnet_activation.h:115]   --->   Operation 1216 'select' 'data_round_63' <Predicate = true> <Delay = 0.00> <CoreInst = "Sel">   --->   Core 73 'Sel' <Latency = 0> <II = 1> <Delay = 0.69> <FuncUnit> <Opcode : 'select'> <InPorts = 3> <OutPorts = 1>
ST_2 : Operation 1217 [1/1] (0.00ns) (grouped into LUT with out node index_284)   --->   "%sext_ln112_63 = sext i13 %data_round_63" [firmware/nnet_utils/nnet_activation.h:112]   --->   Operation 1217 'sext' 'sext_ln112_63' <Predicate = true> <Delay = 0.00>
ST_2 : Operation 1218 [1/1] (2.13ns) (out node of the LUT)   --->   "%index_284 = add i14 %sext_ln112_63, i14 512" [firmware/nnet_utils/nnet_activation.h:116]   --->   Operation 1218 'add' 'index_284' <Predicate = true> <Delay = 2.13> <CoreInst = "Adder">   --->   Core 1 'Adder' <Latency = 0> <II = 1> <Delay = 2.13> <FuncUnit> <Opcode : 'add' 'sub'> <InPorts = 2> <OutPorts = 1>
ST_2 : Operation 1219 [1/1] (0.00ns)   --->   "%trunc_ln113_126 = trunc i14 %index_284" [firmware/nnet_utils/nnet_activation.h:113]   --->   Operation 1219 'trunc' 'trunc_ln113_126' <Predicate = true> <Delay = 0.00>
ST_2 : Operation 1220 [1/1] (0.00ns)   --->   "%tmp_507 = bitselect i1 @_ssdm_op_BitSelect.i1.i14.i32, i14 %index_284, i32 13" [firmware/nnet_utils/nnet_activation.h:117]   --->   Operation 1220 'bitselect' 'tmp_507' <Predicate = true> <Delay = 0.00>
ST_2 : Operation 1221 [1/1] (0.69ns)   --->   "%index_285 = select i1 %tmp_507, i13 0, i13 %trunc_ln113_126" [firmware/nnet_utils/nnet_activation.h:117]   --->   Operation 1221 'select' 'index_285' <Predicate = true> <Delay = 0.69> <CoreInst = "Sel">   --->   Core 73 'Sel' <Latency = 0> <II = 1> <Delay = 0.69> <FuncUnit> <Opcode : 'select'> <InPorts = 3> <OutPorts = 1>
ST_2 : Operation 1222 [1/1] (0.00ns)   --->   "%trunc_ln113_127 = trunc i13 %index_285" [firmware/nnet_utils/nnet_activation.h:113]   --->   Operation 1222 'trunc' 'trunc_ln113_127' <Predicate = true> <Delay = 0.00>
ST_2 : Operation 1223 [1/1] (0.00ns)   --->   "%tmp_508 = partselect i3 @_ssdm_op_PartSelect.i3.i13.i32.i32, i13 %index_285, i32 10, i32 12" [firmware/nnet_utils/nnet_activation.h:119]   --->   Operation 1223 'partselect' 'tmp_508' <Predicate = true> <Delay = 0.00>
ST_2 : Operation 1224 [1/1] (0.00ns) (grouped into LUT with out node index_287)   --->   "%tmp_511 = bitselect i1 @_ssdm_op_BitSelect.i1.i14.i32, i14 %data_64_val_read, i32 13" [firmware/nnet_utils/nnet_activation.h:115]   --->   Operation 1224 'bitselect' 'tmp_511' <Predicate = true> <Delay = 0.00>
ST_2 : Operation 1225 [1/1] (0.00ns) (grouped into LUT with out node index_287)   --->   "%select_ln115_64 = select i1 %icmp_ln115_64, i13 %add_ln115_64, i13 %tmp_319" [firmware/nnet_utils/nnet_activation.h:115]   --->   Operation 1225 'select' 'select_ln115_64' <Predicate = true> <Delay = 0.00> <CoreInst = "Sel">   --->   Core 73 'Sel' <Latency = 0> <II = 1> <Delay = 0.69> <FuncUnit> <Opcode : 'select'> <InPorts = 3> <OutPorts = 1>
ST_2 : Operation 1226 [1/1] (0.00ns) (grouped into LUT with out node index_287)   --->   "%data_round_64 = select i1 %tmp_511, i13 %select_ln115_64, i13 %tmp_319" [firmware/nnet_utils/nnet_activation.h:115]   --->   Operation 1226 'select' 'data_round_64' <Predicate = true> <Delay = 0.00> <CoreInst = "Sel">   --->   Core 73 'Sel' <Latency = 0> <II = 1> <Delay = 0.69> <FuncUnit> <Opcode : 'select'> <InPorts = 3> <OutPorts = 1>
ST_2 : Operation 1227 [1/1] (0.00ns) (grouped into LUT with out node index_287)   --->   "%sext_ln112_64 = sext i13 %data_round_64" [firmware/nnet_utils/nnet_activation.h:112]   --->   Operation 1227 'sext' 'sext_ln112_64' <Predicate = true> <Delay = 0.00>
ST_2 : Operation 1228 [1/1] (2.13ns) (out node of the LUT)   --->   "%index_287 = add i14 %sext_ln112_64, i14 512" [firmware/nnet_utils/nnet_activation.h:116]   --->   Operation 1228 'add' 'index_287' <Predicate = true> <Delay = 2.13> <CoreInst = "Adder">   --->   Core 1 'Adder' <Latency = 0> <II = 1> <Delay = 2.13> <FuncUnit> <Opcode : 'add' 'sub'> <InPorts = 2> <OutPorts = 1>
ST_2 : Operation 1229 [1/1] (0.00ns)   --->   "%trunc_ln113_128 = trunc i14 %index_287" [firmware/nnet_utils/nnet_activation.h:113]   --->   Operation 1229 'trunc' 'trunc_ln113_128' <Predicate = true> <Delay = 0.00>
ST_2 : Operation 1230 [1/1] (0.00ns)   --->   "%tmp_512 = bitselect i1 @_ssdm_op_BitSelect.i1.i14.i32, i14 %index_287, i32 13" [firmware/nnet_utils/nnet_activation.h:117]   --->   Operation 1230 'bitselect' 'tmp_512' <Predicate = true> <Delay = 0.00>
ST_2 : Operation 1231 [1/1] (0.69ns)   --->   "%index_288 = select i1 %tmp_512, i13 0, i13 %trunc_ln113_128" [firmware/nnet_utils/nnet_activation.h:117]   --->   Operation 1231 'select' 'index_288' <Predicate = true> <Delay = 0.69> <CoreInst = "Sel">   --->   Core 73 'Sel' <Latency = 0> <II = 1> <Delay = 0.69> <FuncUnit> <Opcode : 'select'> <InPorts = 3> <OutPorts = 1>
ST_2 : Operation 1232 [1/1] (0.00ns)   --->   "%trunc_ln113_129 = trunc i13 %index_288" [firmware/nnet_utils/nnet_activation.h:113]   --->   Operation 1232 'trunc' 'trunc_ln113_129' <Predicate = true> <Delay = 0.00>
ST_2 : Operation 1233 [1/1] (0.00ns)   --->   "%tmp_513 = partselect i3 @_ssdm_op_PartSelect.i3.i13.i32.i32, i13 %index_288, i32 10, i32 12" [firmware/nnet_utils/nnet_activation.h:119]   --->   Operation 1233 'partselect' 'tmp_513' <Predicate = true> <Delay = 0.00>
ST_2 : Operation 1234 [1/1] (0.00ns) (grouped into LUT with out node index_290)   --->   "%tmp_516 = bitselect i1 @_ssdm_op_BitSelect.i1.i14.i32, i14 %data_65_val_read, i32 13" [firmware/nnet_utils/nnet_activation.h:115]   --->   Operation 1234 'bitselect' 'tmp_516' <Predicate = true> <Delay = 0.00>
ST_2 : Operation 1235 [1/1] (0.00ns) (grouped into LUT with out node index_290)   --->   "%select_ln115_65 = select i1 %icmp_ln115_65, i13 %add_ln115_65, i13 %tmp_324" [firmware/nnet_utils/nnet_activation.h:115]   --->   Operation 1235 'select' 'select_ln115_65' <Predicate = true> <Delay = 0.00> <CoreInst = "Sel">   --->   Core 73 'Sel' <Latency = 0> <II = 1> <Delay = 0.69> <FuncUnit> <Opcode : 'select'> <InPorts = 3> <OutPorts = 1>
ST_2 : Operation 1236 [1/1] (0.00ns) (grouped into LUT with out node index_290)   --->   "%data_round_65 = select i1 %tmp_516, i13 %select_ln115_65, i13 %tmp_324" [firmware/nnet_utils/nnet_activation.h:115]   --->   Operation 1236 'select' 'data_round_65' <Predicate = true> <Delay = 0.00> <CoreInst = "Sel">   --->   Core 73 'Sel' <Latency = 0> <II = 1> <Delay = 0.69> <FuncUnit> <Opcode : 'select'> <InPorts = 3> <OutPorts = 1>
ST_2 : Operation 1237 [1/1] (0.00ns) (grouped into LUT with out node index_290)   --->   "%sext_ln112_65 = sext i13 %data_round_65" [firmware/nnet_utils/nnet_activation.h:112]   --->   Operation 1237 'sext' 'sext_ln112_65' <Predicate = true> <Delay = 0.00>
ST_2 : Operation 1238 [1/1] (2.13ns) (out node of the LUT)   --->   "%index_290 = add i14 %sext_ln112_65, i14 512" [firmware/nnet_utils/nnet_activation.h:116]   --->   Operation 1238 'add' 'index_290' <Predicate = true> <Delay = 2.13> <CoreInst = "Adder">   --->   Core 1 'Adder' <Latency = 0> <II = 1> <Delay = 2.13> <FuncUnit> <Opcode : 'add' 'sub'> <InPorts = 2> <OutPorts = 1>
ST_2 : Operation 1239 [1/1] (0.00ns)   --->   "%trunc_ln113_130 = trunc i14 %index_290" [firmware/nnet_utils/nnet_activation.h:113]   --->   Operation 1239 'trunc' 'trunc_ln113_130' <Predicate = true> <Delay = 0.00>
ST_2 : Operation 1240 [1/1] (0.00ns)   --->   "%tmp_517 = bitselect i1 @_ssdm_op_BitSelect.i1.i14.i32, i14 %index_290, i32 13" [firmware/nnet_utils/nnet_activation.h:117]   --->   Operation 1240 'bitselect' 'tmp_517' <Predicate = true> <Delay = 0.00>
ST_2 : Operation 1241 [1/1] (0.69ns)   --->   "%index_291 = select i1 %tmp_517, i13 0, i13 %trunc_ln113_130" [firmware/nnet_utils/nnet_activation.h:117]   --->   Operation 1241 'select' 'index_291' <Predicate = true> <Delay = 0.69> <CoreInst = "Sel">   --->   Core 73 'Sel' <Latency = 0> <II = 1> <Delay = 0.69> <FuncUnit> <Opcode : 'select'> <InPorts = 3> <OutPorts = 1>
ST_2 : Operation 1242 [1/1] (0.00ns)   --->   "%trunc_ln113_131 = trunc i13 %index_291" [firmware/nnet_utils/nnet_activation.h:113]   --->   Operation 1242 'trunc' 'trunc_ln113_131' <Predicate = true> <Delay = 0.00>
ST_2 : Operation 1243 [1/1] (0.00ns)   --->   "%tmp_518 = partselect i3 @_ssdm_op_PartSelect.i3.i13.i32.i32, i13 %index_291, i32 10, i32 12" [firmware/nnet_utils/nnet_activation.h:119]   --->   Operation 1243 'partselect' 'tmp_518' <Predicate = true> <Delay = 0.00>
ST_2 : Operation 1244 [1/1] (0.00ns) (grouped into LUT with out node index_293)   --->   "%tmp_521 = bitselect i1 @_ssdm_op_BitSelect.i1.i14.i32, i14 %data_66_val_read, i32 13" [firmware/nnet_utils/nnet_activation.h:115]   --->   Operation 1244 'bitselect' 'tmp_521' <Predicate = true> <Delay = 0.00>
ST_2 : Operation 1245 [1/1] (0.00ns) (grouped into LUT with out node index_293)   --->   "%select_ln115_66 = select i1 %icmp_ln115_66, i13 %add_ln115_66, i13 %tmp_329" [firmware/nnet_utils/nnet_activation.h:115]   --->   Operation 1245 'select' 'select_ln115_66' <Predicate = true> <Delay = 0.00> <CoreInst = "Sel">   --->   Core 73 'Sel' <Latency = 0> <II = 1> <Delay = 0.69> <FuncUnit> <Opcode : 'select'> <InPorts = 3> <OutPorts = 1>
ST_2 : Operation 1246 [1/1] (0.00ns) (grouped into LUT with out node index_293)   --->   "%data_round_66 = select i1 %tmp_521, i13 %select_ln115_66, i13 %tmp_329" [firmware/nnet_utils/nnet_activation.h:115]   --->   Operation 1246 'select' 'data_round_66' <Predicate = true> <Delay = 0.00> <CoreInst = "Sel">   --->   Core 73 'Sel' <Latency = 0> <II = 1> <Delay = 0.69> <FuncUnit> <Opcode : 'select'> <InPorts = 3> <OutPorts = 1>
ST_2 : Operation 1247 [1/1] (0.00ns) (grouped into LUT with out node index_293)   --->   "%sext_ln112_66 = sext i13 %data_round_66" [firmware/nnet_utils/nnet_activation.h:112]   --->   Operation 1247 'sext' 'sext_ln112_66' <Predicate = true> <Delay = 0.00>
ST_2 : Operation 1248 [1/1] (2.13ns) (out node of the LUT)   --->   "%index_293 = add i14 %sext_ln112_66, i14 512" [firmware/nnet_utils/nnet_activation.h:116]   --->   Operation 1248 'add' 'index_293' <Predicate = true> <Delay = 2.13> <CoreInst = "Adder">   --->   Core 1 'Adder' <Latency = 0> <II = 1> <Delay = 2.13> <FuncUnit> <Opcode : 'add' 'sub'> <InPorts = 2> <OutPorts = 1>
ST_2 : Operation 1249 [1/1] (0.00ns)   --->   "%trunc_ln113_132 = trunc i14 %index_293" [firmware/nnet_utils/nnet_activation.h:113]   --->   Operation 1249 'trunc' 'trunc_ln113_132' <Predicate = true> <Delay = 0.00>
ST_2 : Operation 1250 [1/1] (0.00ns)   --->   "%tmp_522 = bitselect i1 @_ssdm_op_BitSelect.i1.i14.i32, i14 %index_293, i32 13" [firmware/nnet_utils/nnet_activation.h:117]   --->   Operation 1250 'bitselect' 'tmp_522' <Predicate = true> <Delay = 0.00>
ST_2 : Operation 1251 [1/1] (0.69ns)   --->   "%index_294 = select i1 %tmp_522, i13 0, i13 %trunc_ln113_132" [firmware/nnet_utils/nnet_activation.h:117]   --->   Operation 1251 'select' 'index_294' <Predicate = true> <Delay = 0.69> <CoreInst = "Sel">   --->   Core 73 'Sel' <Latency = 0> <II = 1> <Delay = 0.69> <FuncUnit> <Opcode : 'select'> <InPorts = 3> <OutPorts = 1>
ST_2 : Operation 1252 [1/1] (0.00ns)   --->   "%trunc_ln113_133 = trunc i13 %index_294" [firmware/nnet_utils/nnet_activation.h:113]   --->   Operation 1252 'trunc' 'trunc_ln113_133' <Predicate = true> <Delay = 0.00>
ST_2 : Operation 1253 [1/1] (0.00ns)   --->   "%tmp_523 = partselect i3 @_ssdm_op_PartSelect.i3.i13.i32.i32, i13 %index_294, i32 10, i32 12" [firmware/nnet_utils/nnet_activation.h:119]   --->   Operation 1253 'partselect' 'tmp_523' <Predicate = true> <Delay = 0.00>
ST_2 : Operation 1254 [1/1] (0.00ns) (grouped into LUT with out node index_296)   --->   "%tmp_526 = bitselect i1 @_ssdm_op_BitSelect.i1.i14.i32, i14 %data_67_val_read, i32 13" [firmware/nnet_utils/nnet_activation.h:115]   --->   Operation 1254 'bitselect' 'tmp_526' <Predicate = true> <Delay = 0.00>
ST_2 : Operation 1255 [1/1] (0.00ns) (grouped into LUT with out node index_296)   --->   "%select_ln115_67 = select i1 %icmp_ln115_67, i13 %add_ln115_67, i13 %tmp_334" [firmware/nnet_utils/nnet_activation.h:115]   --->   Operation 1255 'select' 'select_ln115_67' <Predicate = true> <Delay = 0.00> <CoreInst = "Sel">   --->   Core 73 'Sel' <Latency = 0> <II = 1> <Delay = 0.69> <FuncUnit> <Opcode : 'select'> <InPorts = 3> <OutPorts = 1>
ST_2 : Operation 1256 [1/1] (0.00ns) (grouped into LUT with out node index_296)   --->   "%data_round_67 = select i1 %tmp_526, i13 %select_ln115_67, i13 %tmp_334" [firmware/nnet_utils/nnet_activation.h:115]   --->   Operation 1256 'select' 'data_round_67' <Predicate = true> <Delay = 0.00> <CoreInst = "Sel">   --->   Core 73 'Sel' <Latency = 0> <II = 1> <Delay = 0.69> <FuncUnit> <Opcode : 'select'> <InPorts = 3> <OutPorts = 1>
ST_2 : Operation 1257 [1/1] (0.00ns) (grouped into LUT with out node index_296)   --->   "%sext_ln112_67 = sext i13 %data_round_67" [firmware/nnet_utils/nnet_activation.h:112]   --->   Operation 1257 'sext' 'sext_ln112_67' <Predicate = true> <Delay = 0.00>
ST_2 : Operation 1258 [1/1] (2.13ns) (out node of the LUT)   --->   "%index_296 = add i14 %sext_ln112_67, i14 512" [firmware/nnet_utils/nnet_activation.h:116]   --->   Operation 1258 'add' 'index_296' <Predicate = true> <Delay = 2.13> <CoreInst = "Adder">   --->   Core 1 'Adder' <Latency = 0> <II = 1> <Delay = 2.13> <FuncUnit> <Opcode : 'add' 'sub'> <InPorts = 2> <OutPorts = 1>
ST_2 : Operation 1259 [1/1] (0.00ns)   --->   "%trunc_ln113_134 = trunc i14 %index_296" [firmware/nnet_utils/nnet_activation.h:113]   --->   Operation 1259 'trunc' 'trunc_ln113_134' <Predicate = true> <Delay = 0.00>
ST_2 : Operation 1260 [1/1] (0.00ns)   --->   "%tmp_527 = bitselect i1 @_ssdm_op_BitSelect.i1.i14.i32, i14 %index_296, i32 13" [firmware/nnet_utils/nnet_activation.h:117]   --->   Operation 1260 'bitselect' 'tmp_527' <Predicate = true> <Delay = 0.00>
ST_2 : Operation 1261 [1/1] (0.69ns)   --->   "%index_297 = select i1 %tmp_527, i13 0, i13 %trunc_ln113_134" [firmware/nnet_utils/nnet_activation.h:117]   --->   Operation 1261 'select' 'index_297' <Predicate = true> <Delay = 0.69> <CoreInst = "Sel">   --->   Core 73 'Sel' <Latency = 0> <II = 1> <Delay = 0.69> <FuncUnit> <Opcode : 'select'> <InPorts = 3> <OutPorts = 1>
ST_2 : Operation 1262 [1/1] (0.00ns)   --->   "%trunc_ln113_135 = trunc i13 %index_297" [firmware/nnet_utils/nnet_activation.h:113]   --->   Operation 1262 'trunc' 'trunc_ln113_135' <Predicate = true> <Delay = 0.00>
ST_2 : Operation 1263 [1/1] (0.00ns)   --->   "%tmp_528 = partselect i3 @_ssdm_op_PartSelect.i3.i13.i32.i32, i13 %index_297, i32 10, i32 12" [firmware/nnet_utils/nnet_activation.h:119]   --->   Operation 1263 'partselect' 'tmp_528' <Predicate = true> <Delay = 0.00>
ST_2 : Operation 1264 [1/1] (0.00ns) (grouped into LUT with out node index_299)   --->   "%tmp_531 = bitselect i1 @_ssdm_op_BitSelect.i1.i14.i32, i14 %data_68_val_read, i32 13" [firmware/nnet_utils/nnet_activation.h:115]   --->   Operation 1264 'bitselect' 'tmp_531' <Predicate = true> <Delay = 0.00>
ST_2 : Operation 1265 [1/1] (0.00ns) (grouped into LUT with out node index_299)   --->   "%select_ln115_68 = select i1 %icmp_ln115_68, i13 %add_ln115_68, i13 %tmp_339" [firmware/nnet_utils/nnet_activation.h:115]   --->   Operation 1265 'select' 'select_ln115_68' <Predicate = true> <Delay = 0.00> <CoreInst = "Sel">   --->   Core 73 'Sel' <Latency = 0> <II = 1> <Delay = 0.69> <FuncUnit> <Opcode : 'select'> <InPorts = 3> <OutPorts = 1>
ST_2 : Operation 1266 [1/1] (0.00ns) (grouped into LUT with out node index_299)   --->   "%data_round_68 = select i1 %tmp_531, i13 %select_ln115_68, i13 %tmp_339" [firmware/nnet_utils/nnet_activation.h:115]   --->   Operation 1266 'select' 'data_round_68' <Predicate = true> <Delay = 0.00> <CoreInst = "Sel">   --->   Core 73 'Sel' <Latency = 0> <II = 1> <Delay = 0.69> <FuncUnit> <Opcode : 'select'> <InPorts = 3> <OutPorts = 1>
ST_2 : Operation 1267 [1/1] (0.00ns) (grouped into LUT with out node index_299)   --->   "%sext_ln112_68 = sext i13 %data_round_68" [firmware/nnet_utils/nnet_activation.h:112]   --->   Operation 1267 'sext' 'sext_ln112_68' <Predicate = true> <Delay = 0.00>
ST_2 : Operation 1268 [1/1] (2.13ns) (out node of the LUT)   --->   "%index_299 = add i14 %sext_ln112_68, i14 512" [firmware/nnet_utils/nnet_activation.h:116]   --->   Operation 1268 'add' 'index_299' <Predicate = true> <Delay = 2.13> <CoreInst = "Adder">   --->   Core 1 'Adder' <Latency = 0> <II = 1> <Delay = 2.13> <FuncUnit> <Opcode : 'add' 'sub'> <InPorts = 2> <OutPorts = 1>
ST_2 : Operation 1269 [1/1] (0.00ns)   --->   "%trunc_ln113_136 = trunc i14 %index_299" [firmware/nnet_utils/nnet_activation.h:113]   --->   Operation 1269 'trunc' 'trunc_ln113_136' <Predicate = true> <Delay = 0.00>
ST_2 : Operation 1270 [1/1] (0.00ns)   --->   "%tmp_532 = bitselect i1 @_ssdm_op_BitSelect.i1.i14.i32, i14 %index_299, i32 13" [firmware/nnet_utils/nnet_activation.h:117]   --->   Operation 1270 'bitselect' 'tmp_532' <Predicate = true> <Delay = 0.00>
ST_2 : Operation 1271 [1/1] (0.69ns)   --->   "%index_300 = select i1 %tmp_532, i13 0, i13 %trunc_ln113_136" [firmware/nnet_utils/nnet_activation.h:117]   --->   Operation 1271 'select' 'index_300' <Predicate = true> <Delay = 0.69> <CoreInst = "Sel">   --->   Core 73 'Sel' <Latency = 0> <II = 1> <Delay = 0.69> <FuncUnit> <Opcode : 'select'> <InPorts = 3> <OutPorts = 1>
ST_2 : Operation 1272 [1/1] (0.00ns)   --->   "%trunc_ln113_137 = trunc i13 %index_300" [firmware/nnet_utils/nnet_activation.h:113]   --->   Operation 1272 'trunc' 'trunc_ln113_137' <Predicate = true> <Delay = 0.00>
ST_2 : Operation 1273 [1/1] (0.00ns)   --->   "%tmp_533 = partselect i3 @_ssdm_op_PartSelect.i3.i13.i32.i32, i13 %index_300, i32 10, i32 12" [firmware/nnet_utils/nnet_activation.h:119]   --->   Operation 1273 'partselect' 'tmp_533' <Predicate = true> <Delay = 0.00>
ST_2 : Operation 1274 [1/1] (0.00ns) (grouped into LUT with out node index_302)   --->   "%tmp_536 = bitselect i1 @_ssdm_op_BitSelect.i1.i14.i32, i14 %data_69_val_read, i32 13" [firmware/nnet_utils/nnet_activation.h:115]   --->   Operation 1274 'bitselect' 'tmp_536' <Predicate = true> <Delay = 0.00>
ST_2 : Operation 1275 [1/1] (0.00ns) (grouped into LUT with out node index_302)   --->   "%select_ln115_69 = select i1 %icmp_ln115_69, i13 %add_ln115_69, i13 %tmp_344" [firmware/nnet_utils/nnet_activation.h:115]   --->   Operation 1275 'select' 'select_ln115_69' <Predicate = true> <Delay = 0.00> <CoreInst = "Sel">   --->   Core 73 'Sel' <Latency = 0> <II = 1> <Delay = 0.69> <FuncUnit> <Opcode : 'select'> <InPorts = 3> <OutPorts = 1>
ST_2 : Operation 1276 [1/1] (0.00ns) (grouped into LUT with out node index_302)   --->   "%data_round_69 = select i1 %tmp_536, i13 %select_ln115_69, i13 %tmp_344" [firmware/nnet_utils/nnet_activation.h:115]   --->   Operation 1276 'select' 'data_round_69' <Predicate = true> <Delay = 0.00> <CoreInst = "Sel">   --->   Core 73 'Sel' <Latency = 0> <II = 1> <Delay = 0.69> <FuncUnit> <Opcode : 'select'> <InPorts = 3> <OutPorts = 1>
ST_2 : Operation 1277 [1/1] (0.00ns) (grouped into LUT with out node index_302)   --->   "%sext_ln112_69 = sext i13 %data_round_69" [firmware/nnet_utils/nnet_activation.h:112]   --->   Operation 1277 'sext' 'sext_ln112_69' <Predicate = true> <Delay = 0.00>
ST_2 : Operation 1278 [1/1] (2.13ns) (out node of the LUT)   --->   "%index_302 = add i14 %sext_ln112_69, i14 512" [firmware/nnet_utils/nnet_activation.h:116]   --->   Operation 1278 'add' 'index_302' <Predicate = true> <Delay = 2.13> <CoreInst = "Adder">   --->   Core 1 'Adder' <Latency = 0> <II = 1> <Delay = 2.13> <FuncUnit> <Opcode : 'add' 'sub'> <InPorts = 2> <OutPorts = 1>
ST_2 : Operation 1279 [1/1] (0.00ns)   --->   "%trunc_ln113_138 = trunc i14 %index_302" [firmware/nnet_utils/nnet_activation.h:113]   --->   Operation 1279 'trunc' 'trunc_ln113_138' <Predicate = true> <Delay = 0.00>
ST_2 : Operation 1280 [1/1] (0.00ns)   --->   "%tmp_537 = bitselect i1 @_ssdm_op_BitSelect.i1.i14.i32, i14 %index_302, i32 13" [firmware/nnet_utils/nnet_activation.h:117]   --->   Operation 1280 'bitselect' 'tmp_537' <Predicate = true> <Delay = 0.00>
ST_2 : Operation 1281 [1/1] (0.69ns)   --->   "%index_303 = select i1 %tmp_537, i13 0, i13 %trunc_ln113_138" [firmware/nnet_utils/nnet_activation.h:117]   --->   Operation 1281 'select' 'index_303' <Predicate = true> <Delay = 0.69> <CoreInst = "Sel">   --->   Core 73 'Sel' <Latency = 0> <II = 1> <Delay = 0.69> <FuncUnit> <Opcode : 'select'> <InPorts = 3> <OutPorts = 1>
ST_2 : Operation 1282 [1/1] (0.00ns)   --->   "%trunc_ln113_139 = trunc i13 %index_303" [firmware/nnet_utils/nnet_activation.h:113]   --->   Operation 1282 'trunc' 'trunc_ln113_139' <Predicate = true> <Delay = 0.00>
ST_2 : Operation 1283 [1/1] (0.00ns)   --->   "%tmp_538 = partselect i3 @_ssdm_op_PartSelect.i3.i13.i32.i32, i13 %index_303, i32 10, i32 12" [firmware/nnet_utils/nnet_activation.h:119]   --->   Operation 1283 'partselect' 'tmp_538' <Predicate = true> <Delay = 0.00>
ST_2 : Operation 1284 [1/1] (0.00ns) (grouped into LUT with out node index_305)   --->   "%tmp_541 = bitselect i1 @_ssdm_op_BitSelect.i1.i14.i32, i14 %data_70_val_read, i32 13" [firmware/nnet_utils/nnet_activation.h:115]   --->   Operation 1284 'bitselect' 'tmp_541' <Predicate = true> <Delay = 0.00>
ST_2 : Operation 1285 [1/1] (0.00ns) (grouped into LUT with out node index_305)   --->   "%select_ln115_70 = select i1 %icmp_ln115_70, i13 %add_ln115_70, i13 %tmp_349" [firmware/nnet_utils/nnet_activation.h:115]   --->   Operation 1285 'select' 'select_ln115_70' <Predicate = true> <Delay = 0.00> <CoreInst = "Sel">   --->   Core 73 'Sel' <Latency = 0> <II = 1> <Delay = 0.69> <FuncUnit> <Opcode : 'select'> <InPorts = 3> <OutPorts = 1>
ST_2 : Operation 1286 [1/1] (0.00ns) (grouped into LUT with out node index_305)   --->   "%data_round_70 = select i1 %tmp_541, i13 %select_ln115_70, i13 %tmp_349" [firmware/nnet_utils/nnet_activation.h:115]   --->   Operation 1286 'select' 'data_round_70' <Predicate = true> <Delay = 0.00> <CoreInst = "Sel">   --->   Core 73 'Sel' <Latency = 0> <II = 1> <Delay = 0.69> <FuncUnit> <Opcode : 'select'> <InPorts = 3> <OutPorts = 1>
ST_2 : Operation 1287 [1/1] (0.00ns) (grouped into LUT with out node index_305)   --->   "%sext_ln112_70 = sext i13 %data_round_70" [firmware/nnet_utils/nnet_activation.h:112]   --->   Operation 1287 'sext' 'sext_ln112_70' <Predicate = true> <Delay = 0.00>
ST_2 : Operation 1288 [1/1] (2.13ns) (out node of the LUT)   --->   "%index_305 = add i14 %sext_ln112_70, i14 512" [firmware/nnet_utils/nnet_activation.h:116]   --->   Operation 1288 'add' 'index_305' <Predicate = true> <Delay = 2.13> <CoreInst = "Adder">   --->   Core 1 'Adder' <Latency = 0> <II = 1> <Delay = 2.13> <FuncUnit> <Opcode : 'add' 'sub'> <InPorts = 2> <OutPorts = 1>
ST_2 : Operation 1289 [1/1] (0.00ns)   --->   "%trunc_ln113_140 = trunc i14 %index_305" [firmware/nnet_utils/nnet_activation.h:113]   --->   Operation 1289 'trunc' 'trunc_ln113_140' <Predicate = true> <Delay = 0.00>
ST_2 : Operation 1290 [1/1] (0.00ns)   --->   "%tmp_542 = bitselect i1 @_ssdm_op_BitSelect.i1.i14.i32, i14 %index_305, i32 13" [firmware/nnet_utils/nnet_activation.h:117]   --->   Operation 1290 'bitselect' 'tmp_542' <Predicate = true> <Delay = 0.00>
ST_2 : Operation 1291 [1/1] (0.69ns)   --->   "%index_306 = select i1 %tmp_542, i13 0, i13 %trunc_ln113_140" [firmware/nnet_utils/nnet_activation.h:117]   --->   Operation 1291 'select' 'index_306' <Predicate = true> <Delay = 0.69> <CoreInst = "Sel">   --->   Core 73 'Sel' <Latency = 0> <II = 1> <Delay = 0.69> <FuncUnit> <Opcode : 'select'> <InPorts = 3> <OutPorts = 1>
ST_2 : Operation 1292 [1/1] (0.00ns)   --->   "%trunc_ln113_141 = trunc i13 %index_306" [firmware/nnet_utils/nnet_activation.h:113]   --->   Operation 1292 'trunc' 'trunc_ln113_141' <Predicate = true> <Delay = 0.00>
ST_2 : Operation 1293 [1/1] (0.00ns)   --->   "%tmp_543 = partselect i3 @_ssdm_op_PartSelect.i3.i13.i32.i32, i13 %index_306, i32 10, i32 12" [firmware/nnet_utils/nnet_activation.h:119]   --->   Operation 1293 'partselect' 'tmp_543' <Predicate = true> <Delay = 0.00>
ST_2 : Operation 1294 [1/1] (0.00ns) (grouped into LUT with out node index_308)   --->   "%tmp_546 = bitselect i1 @_ssdm_op_BitSelect.i1.i14.i32, i14 %data_71_val_read, i32 13" [firmware/nnet_utils/nnet_activation.h:115]   --->   Operation 1294 'bitselect' 'tmp_546' <Predicate = true> <Delay = 0.00>
ST_2 : Operation 1295 [1/1] (0.00ns) (grouped into LUT with out node index_308)   --->   "%select_ln115_71 = select i1 %icmp_ln115_71, i13 %add_ln115_71, i13 %tmp_354" [firmware/nnet_utils/nnet_activation.h:115]   --->   Operation 1295 'select' 'select_ln115_71' <Predicate = true> <Delay = 0.00> <CoreInst = "Sel">   --->   Core 73 'Sel' <Latency = 0> <II = 1> <Delay = 0.69> <FuncUnit> <Opcode : 'select'> <InPorts = 3> <OutPorts = 1>
ST_2 : Operation 1296 [1/1] (0.00ns) (grouped into LUT with out node index_308)   --->   "%data_round_71 = select i1 %tmp_546, i13 %select_ln115_71, i13 %tmp_354" [firmware/nnet_utils/nnet_activation.h:115]   --->   Operation 1296 'select' 'data_round_71' <Predicate = true> <Delay = 0.00> <CoreInst = "Sel">   --->   Core 73 'Sel' <Latency = 0> <II = 1> <Delay = 0.69> <FuncUnit> <Opcode : 'select'> <InPorts = 3> <OutPorts = 1>
ST_2 : Operation 1297 [1/1] (0.00ns) (grouped into LUT with out node index_308)   --->   "%sext_ln112_71 = sext i13 %data_round_71" [firmware/nnet_utils/nnet_activation.h:112]   --->   Operation 1297 'sext' 'sext_ln112_71' <Predicate = true> <Delay = 0.00>
ST_2 : Operation 1298 [1/1] (2.13ns) (out node of the LUT)   --->   "%index_308 = add i14 %sext_ln112_71, i14 512" [firmware/nnet_utils/nnet_activation.h:116]   --->   Operation 1298 'add' 'index_308' <Predicate = true> <Delay = 2.13> <CoreInst = "Adder">   --->   Core 1 'Adder' <Latency = 0> <II = 1> <Delay = 2.13> <FuncUnit> <Opcode : 'add' 'sub'> <InPorts = 2> <OutPorts = 1>
ST_2 : Operation 1299 [1/1] (0.00ns)   --->   "%trunc_ln113_142 = trunc i14 %index_308" [firmware/nnet_utils/nnet_activation.h:113]   --->   Operation 1299 'trunc' 'trunc_ln113_142' <Predicate = true> <Delay = 0.00>
ST_2 : Operation 1300 [1/1] (0.00ns)   --->   "%tmp_547 = bitselect i1 @_ssdm_op_BitSelect.i1.i14.i32, i14 %index_308, i32 13" [firmware/nnet_utils/nnet_activation.h:117]   --->   Operation 1300 'bitselect' 'tmp_547' <Predicate = true> <Delay = 0.00>
ST_2 : Operation 1301 [1/1] (0.69ns)   --->   "%index_309 = select i1 %tmp_547, i13 0, i13 %trunc_ln113_142" [firmware/nnet_utils/nnet_activation.h:117]   --->   Operation 1301 'select' 'index_309' <Predicate = true> <Delay = 0.69> <CoreInst = "Sel">   --->   Core 73 'Sel' <Latency = 0> <II = 1> <Delay = 0.69> <FuncUnit> <Opcode : 'select'> <InPorts = 3> <OutPorts = 1>
ST_2 : Operation 1302 [1/1] (0.00ns)   --->   "%trunc_ln113_143 = trunc i13 %index_309" [firmware/nnet_utils/nnet_activation.h:113]   --->   Operation 1302 'trunc' 'trunc_ln113_143' <Predicate = true> <Delay = 0.00>
ST_2 : Operation 1303 [1/1] (0.00ns)   --->   "%tmp_548 = partselect i3 @_ssdm_op_PartSelect.i3.i13.i32.i32, i13 %index_309, i32 10, i32 12" [firmware/nnet_utils/nnet_activation.h:119]   --->   Operation 1303 'partselect' 'tmp_548' <Predicate = true> <Delay = 0.00>
ST_2 : Operation 1304 [1/1] (0.00ns) (grouped into LUT with out node index_311)   --->   "%tmp_575 = bitselect i1 @_ssdm_op_BitSelect.i1.i14.i32, i14 %data_72_val_read, i32 13" [firmware/nnet_utils/nnet_activation.h:115]   --->   Operation 1304 'bitselect' 'tmp_575' <Predicate = true> <Delay = 0.00>
ST_2 : Operation 1305 [1/1] (0.00ns) (grouped into LUT with out node index_311)   --->   "%select_ln115_72 = select i1 %icmp_ln115_72, i13 %add_ln115_72, i13 %tmp_359" [firmware/nnet_utils/nnet_activation.h:115]   --->   Operation 1305 'select' 'select_ln115_72' <Predicate = true> <Delay = 0.00> <CoreInst = "Sel">   --->   Core 73 'Sel' <Latency = 0> <II = 1> <Delay = 0.69> <FuncUnit> <Opcode : 'select'> <InPorts = 3> <OutPorts = 1>
ST_2 : Operation 1306 [1/1] (0.00ns) (grouped into LUT with out node index_311)   --->   "%data_round_72 = select i1 %tmp_575, i13 %select_ln115_72, i13 %tmp_359" [firmware/nnet_utils/nnet_activation.h:115]   --->   Operation 1306 'select' 'data_round_72' <Predicate = true> <Delay = 0.00> <CoreInst = "Sel">   --->   Core 73 'Sel' <Latency = 0> <II = 1> <Delay = 0.69> <FuncUnit> <Opcode : 'select'> <InPorts = 3> <OutPorts = 1>
ST_2 : Operation 1307 [1/1] (0.00ns) (grouped into LUT with out node index_311)   --->   "%sext_ln112_72 = sext i13 %data_round_72" [firmware/nnet_utils/nnet_activation.h:112]   --->   Operation 1307 'sext' 'sext_ln112_72' <Predicate = true> <Delay = 0.00>
ST_2 : Operation 1308 [1/1] (2.13ns) (out node of the LUT)   --->   "%index_311 = add i14 %sext_ln112_72, i14 512" [firmware/nnet_utils/nnet_activation.h:116]   --->   Operation 1308 'add' 'index_311' <Predicate = true> <Delay = 2.13> <CoreInst = "Adder">   --->   Core 1 'Adder' <Latency = 0> <II = 1> <Delay = 2.13> <FuncUnit> <Opcode : 'add' 'sub'> <InPorts = 2> <OutPorts = 1>
ST_2 : Operation 1309 [1/1] (0.00ns)   --->   "%trunc_ln113_144 = trunc i14 %index_311" [firmware/nnet_utils/nnet_activation.h:113]   --->   Operation 1309 'trunc' 'trunc_ln113_144' <Predicate = true> <Delay = 0.00>
ST_2 : Operation 1310 [1/1] (0.00ns)   --->   "%tmp_576 = bitselect i1 @_ssdm_op_BitSelect.i1.i14.i32, i14 %index_311, i32 13" [firmware/nnet_utils/nnet_activation.h:117]   --->   Operation 1310 'bitselect' 'tmp_576' <Predicate = true> <Delay = 0.00>
ST_2 : Operation 1311 [1/1] (0.69ns)   --->   "%index_312 = select i1 %tmp_576, i13 0, i13 %trunc_ln113_144" [firmware/nnet_utils/nnet_activation.h:117]   --->   Operation 1311 'select' 'index_312' <Predicate = true> <Delay = 0.69> <CoreInst = "Sel">   --->   Core 73 'Sel' <Latency = 0> <II = 1> <Delay = 0.69> <FuncUnit> <Opcode : 'select'> <InPorts = 3> <OutPorts = 1>
ST_2 : Operation 1312 [1/1] (0.00ns)   --->   "%trunc_ln113_145 = trunc i13 %index_312" [firmware/nnet_utils/nnet_activation.h:113]   --->   Operation 1312 'trunc' 'trunc_ln113_145' <Predicate = true> <Delay = 0.00>
ST_2 : Operation 1313 [1/1] (0.00ns)   --->   "%tmp_577 = partselect i3 @_ssdm_op_PartSelect.i3.i13.i32.i32, i13 %index_312, i32 10, i32 12" [firmware/nnet_utils/nnet_activation.h:119]   --->   Operation 1313 'partselect' 'tmp_577' <Predicate = true> <Delay = 0.00>
ST_2 : Operation 1314 [1/1] (0.00ns) (grouped into LUT with out node index_314)   --->   "%tmp_579 = bitselect i1 @_ssdm_op_BitSelect.i1.i14.i32, i14 %data_73_val_read, i32 13" [firmware/nnet_utils/nnet_activation.h:115]   --->   Operation 1314 'bitselect' 'tmp_579' <Predicate = true> <Delay = 0.00>
ST_2 : Operation 1315 [1/1] (0.00ns) (grouped into LUT with out node index_314)   --->   "%select_ln115_73 = select i1 %icmp_ln115_73, i13 %add_ln115_73, i13 %tmp_364" [firmware/nnet_utils/nnet_activation.h:115]   --->   Operation 1315 'select' 'select_ln115_73' <Predicate = true> <Delay = 0.00> <CoreInst = "Sel">   --->   Core 73 'Sel' <Latency = 0> <II = 1> <Delay = 0.69> <FuncUnit> <Opcode : 'select'> <InPorts = 3> <OutPorts = 1>
ST_2 : Operation 1316 [1/1] (0.00ns) (grouped into LUT with out node index_314)   --->   "%data_round_73 = select i1 %tmp_579, i13 %select_ln115_73, i13 %tmp_364" [firmware/nnet_utils/nnet_activation.h:115]   --->   Operation 1316 'select' 'data_round_73' <Predicate = true> <Delay = 0.00> <CoreInst = "Sel">   --->   Core 73 'Sel' <Latency = 0> <II = 1> <Delay = 0.69> <FuncUnit> <Opcode : 'select'> <InPorts = 3> <OutPorts = 1>
ST_2 : Operation 1317 [1/1] (0.00ns) (grouped into LUT with out node index_314)   --->   "%sext_ln112_73 = sext i13 %data_round_73" [firmware/nnet_utils/nnet_activation.h:112]   --->   Operation 1317 'sext' 'sext_ln112_73' <Predicate = true> <Delay = 0.00>
ST_2 : Operation 1318 [1/1] (2.13ns) (out node of the LUT)   --->   "%index_314 = add i14 %sext_ln112_73, i14 512" [firmware/nnet_utils/nnet_activation.h:116]   --->   Operation 1318 'add' 'index_314' <Predicate = true> <Delay = 2.13> <CoreInst = "Adder">   --->   Core 1 'Adder' <Latency = 0> <II = 1> <Delay = 2.13> <FuncUnit> <Opcode : 'add' 'sub'> <InPorts = 2> <OutPorts = 1>
ST_2 : Operation 1319 [1/1] (0.00ns)   --->   "%trunc_ln113_146 = trunc i14 %index_314" [firmware/nnet_utils/nnet_activation.h:113]   --->   Operation 1319 'trunc' 'trunc_ln113_146' <Predicate = true> <Delay = 0.00>
ST_2 : Operation 1320 [1/1] (0.00ns)   --->   "%tmp_580 = bitselect i1 @_ssdm_op_BitSelect.i1.i14.i32, i14 %index_314, i32 13" [firmware/nnet_utils/nnet_activation.h:117]   --->   Operation 1320 'bitselect' 'tmp_580' <Predicate = true> <Delay = 0.00>
ST_2 : Operation 1321 [1/1] (0.69ns)   --->   "%index_315 = select i1 %tmp_580, i13 0, i13 %trunc_ln113_146" [firmware/nnet_utils/nnet_activation.h:117]   --->   Operation 1321 'select' 'index_315' <Predicate = true> <Delay = 0.69> <CoreInst = "Sel">   --->   Core 73 'Sel' <Latency = 0> <II = 1> <Delay = 0.69> <FuncUnit> <Opcode : 'select'> <InPorts = 3> <OutPorts = 1>
ST_2 : Operation 1322 [1/1] (0.00ns)   --->   "%trunc_ln113_147 = trunc i13 %index_315" [firmware/nnet_utils/nnet_activation.h:113]   --->   Operation 1322 'trunc' 'trunc_ln113_147' <Predicate = true> <Delay = 0.00>
ST_2 : Operation 1323 [1/1] (0.00ns)   --->   "%tmp_581 = partselect i3 @_ssdm_op_PartSelect.i3.i13.i32.i32, i13 %index_315, i32 10, i32 12" [firmware/nnet_utils/nnet_activation.h:119]   --->   Operation 1323 'partselect' 'tmp_581' <Predicate = true> <Delay = 0.00>
ST_2 : Operation 1324 [1/1] (0.00ns) (grouped into LUT with out node index_317)   --->   "%tmp_583 = bitselect i1 @_ssdm_op_BitSelect.i1.i14.i32, i14 %data_74_val_read, i32 13" [firmware/nnet_utils/nnet_activation.h:115]   --->   Operation 1324 'bitselect' 'tmp_583' <Predicate = true> <Delay = 0.00>
ST_2 : Operation 1325 [1/1] (0.00ns) (grouped into LUT with out node index_317)   --->   "%select_ln115_74 = select i1 %icmp_ln115_74, i13 %add_ln115_74, i13 %tmp_369" [firmware/nnet_utils/nnet_activation.h:115]   --->   Operation 1325 'select' 'select_ln115_74' <Predicate = true> <Delay = 0.00> <CoreInst = "Sel">   --->   Core 73 'Sel' <Latency = 0> <II = 1> <Delay = 0.69> <FuncUnit> <Opcode : 'select'> <InPorts = 3> <OutPorts = 1>
ST_2 : Operation 1326 [1/1] (0.00ns) (grouped into LUT with out node index_317)   --->   "%data_round_74 = select i1 %tmp_583, i13 %select_ln115_74, i13 %tmp_369" [firmware/nnet_utils/nnet_activation.h:115]   --->   Operation 1326 'select' 'data_round_74' <Predicate = true> <Delay = 0.00> <CoreInst = "Sel">   --->   Core 73 'Sel' <Latency = 0> <II = 1> <Delay = 0.69> <FuncUnit> <Opcode : 'select'> <InPorts = 3> <OutPorts = 1>
ST_2 : Operation 1327 [1/1] (0.00ns) (grouped into LUT with out node index_317)   --->   "%sext_ln112_74 = sext i13 %data_round_74" [firmware/nnet_utils/nnet_activation.h:112]   --->   Operation 1327 'sext' 'sext_ln112_74' <Predicate = true> <Delay = 0.00>
ST_2 : Operation 1328 [1/1] (2.13ns) (out node of the LUT)   --->   "%index_317 = add i14 %sext_ln112_74, i14 512" [firmware/nnet_utils/nnet_activation.h:116]   --->   Operation 1328 'add' 'index_317' <Predicate = true> <Delay = 2.13> <CoreInst = "Adder">   --->   Core 1 'Adder' <Latency = 0> <II = 1> <Delay = 2.13> <FuncUnit> <Opcode : 'add' 'sub'> <InPorts = 2> <OutPorts = 1>
ST_2 : Operation 1329 [1/1] (0.00ns)   --->   "%trunc_ln113_148 = trunc i14 %index_317" [firmware/nnet_utils/nnet_activation.h:113]   --->   Operation 1329 'trunc' 'trunc_ln113_148' <Predicate = true> <Delay = 0.00>
ST_2 : Operation 1330 [1/1] (0.00ns)   --->   "%tmp_584 = bitselect i1 @_ssdm_op_BitSelect.i1.i14.i32, i14 %index_317, i32 13" [firmware/nnet_utils/nnet_activation.h:117]   --->   Operation 1330 'bitselect' 'tmp_584' <Predicate = true> <Delay = 0.00>
ST_2 : Operation 1331 [1/1] (0.69ns)   --->   "%index_318 = select i1 %tmp_584, i13 0, i13 %trunc_ln113_148" [firmware/nnet_utils/nnet_activation.h:117]   --->   Operation 1331 'select' 'index_318' <Predicate = true> <Delay = 0.69> <CoreInst = "Sel">   --->   Core 73 'Sel' <Latency = 0> <II = 1> <Delay = 0.69> <FuncUnit> <Opcode : 'select'> <InPorts = 3> <OutPorts = 1>
ST_2 : Operation 1332 [1/1] (0.00ns)   --->   "%trunc_ln113_149 = trunc i13 %index_318" [firmware/nnet_utils/nnet_activation.h:113]   --->   Operation 1332 'trunc' 'trunc_ln113_149' <Predicate = true> <Delay = 0.00>
ST_2 : Operation 1333 [1/1] (0.00ns)   --->   "%tmp_585 = partselect i3 @_ssdm_op_PartSelect.i3.i13.i32.i32, i13 %index_318, i32 10, i32 12" [firmware/nnet_utils/nnet_activation.h:119]   --->   Operation 1333 'partselect' 'tmp_585' <Predicate = true> <Delay = 0.00>
ST_2 : Operation 1334 [1/1] (0.00ns) (grouped into LUT with out node index_320)   --->   "%tmp_587 = bitselect i1 @_ssdm_op_BitSelect.i1.i14.i32, i14 %data_75_val_read, i32 13" [firmware/nnet_utils/nnet_activation.h:115]   --->   Operation 1334 'bitselect' 'tmp_587' <Predicate = true> <Delay = 0.00>
ST_2 : Operation 1335 [1/1] (0.00ns) (grouped into LUT with out node index_320)   --->   "%select_ln115_75 = select i1 %icmp_ln115_75, i13 %add_ln115_75, i13 %tmp_374" [firmware/nnet_utils/nnet_activation.h:115]   --->   Operation 1335 'select' 'select_ln115_75' <Predicate = true> <Delay = 0.00> <CoreInst = "Sel">   --->   Core 73 'Sel' <Latency = 0> <II = 1> <Delay = 0.69> <FuncUnit> <Opcode : 'select'> <InPorts = 3> <OutPorts = 1>
ST_2 : Operation 1336 [1/1] (0.00ns) (grouped into LUT with out node index_320)   --->   "%data_round_75 = select i1 %tmp_587, i13 %select_ln115_75, i13 %tmp_374" [firmware/nnet_utils/nnet_activation.h:115]   --->   Operation 1336 'select' 'data_round_75' <Predicate = true> <Delay = 0.00> <CoreInst = "Sel">   --->   Core 73 'Sel' <Latency = 0> <II = 1> <Delay = 0.69> <FuncUnit> <Opcode : 'select'> <InPorts = 3> <OutPorts = 1>
ST_2 : Operation 1337 [1/1] (0.00ns) (grouped into LUT with out node index_320)   --->   "%sext_ln112_75 = sext i13 %data_round_75" [firmware/nnet_utils/nnet_activation.h:112]   --->   Operation 1337 'sext' 'sext_ln112_75' <Predicate = true> <Delay = 0.00>
ST_2 : Operation 1338 [1/1] (2.13ns) (out node of the LUT)   --->   "%index_320 = add i14 %sext_ln112_75, i14 512" [firmware/nnet_utils/nnet_activation.h:116]   --->   Operation 1338 'add' 'index_320' <Predicate = true> <Delay = 2.13> <CoreInst = "Adder">   --->   Core 1 'Adder' <Latency = 0> <II = 1> <Delay = 2.13> <FuncUnit> <Opcode : 'add' 'sub'> <InPorts = 2> <OutPorts = 1>
ST_2 : Operation 1339 [1/1] (0.00ns)   --->   "%trunc_ln113_150 = trunc i14 %index_320" [firmware/nnet_utils/nnet_activation.h:113]   --->   Operation 1339 'trunc' 'trunc_ln113_150' <Predicate = true> <Delay = 0.00>
ST_2 : Operation 1340 [1/1] (0.00ns)   --->   "%tmp_588 = bitselect i1 @_ssdm_op_BitSelect.i1.i14.i32, i14 %index_320, i32 13" [firmware/nnet_utils/nnet_activation.h:117]   --->   Operation 1340 'bitselect' 'tmp_588' <Predicate = true> <Delay = 0.00>
ST_2 : Operation 1341 [1/1] (0.69ns)   --->   "%index_321 = select i1 %tmp_588, i13 0, i13 %trunc_ln113_150" [firmware/nnet_utils/nnet_activation.h:117]   --->   Operation 1341 'select' 'index_321' <Predicate = true> <Delay = 0.69> <CoreInst = "Sel">   --->   Core 73 'Sel' <Latency = 0> <II = 1> <Delay = 0.69> <FuncUnit> <Opcode : 'select'> <InPorts = 3> <OutPorts = 1>
ST_2 : Operation 1342 [1/1] (0.00ns)   --->   "%trunc_ln113_151 = trunc i13 %index_321" [firmware/nnet_utils/nnet_activation.h:113]   --->   Operation 1342 'trunc' 'trunc_ln113_151' <Predicate = true> <Delay = 0.00>
ST_2 : Operation 1343 [1/1] (0.00ns)   --->   "%tmp_589 = partselect i3 @_ssdm_op_PartSelect.i3.i13.i32.i32, i13 %index_321, i32 10, i32 12" [firmware/nnet_utils/nnet_activation.h:119]   --->   Operation 1343 'partselect' 'tmp_589' <Predicate = true> <Delay = 0.00>
ST_2 : Operation 1344 [1/1] (0.00ns) (grouped into LUT with out node index_323)   --->   "%tmp_591 = bitselect i1 @_ssdm_op_BitSelect.i1.i14.i32, i14 %data_76_val_read, i32 13" [firmware/nnet_utils/nnet_activation.h:115]   --->   Operation 1344 'bitselect' 'tmp_591' <Predicate = true> <Delay = 0.00>
ST_2 : Operation 1345 [1/1] (0.00ns) (grouped into LUT with out node index_323)   --->   "%select_ln115_76 = select i1 %icmp_ln115_76, i13 %add_ln115_76, i13 %tmp_379" [firmware/nnet_utils/nnet_activation.h:115]   --->   Operation 1345 'select' 'select_ln115_76' <Predicate = true> <Delay = 0.00> <CoreInst = "Sel">   --->   Core 73 'Sel' <Latency = 0> <II = 1> <Delay = 0.69> <FuncUnit> <Opcode : 'select'> <InPorts = 3> <OutPorts = 1>
ST_2 : Operation 1346 [1/1] (0.00ns) (grouped into LUT with out node index_323)   --->   "%data_round_76 = select i1 %tmp_591, i13 %select_ln115_76, i13 %tmp_379" [firmware/nnet_utils/nnet_activation.h:115]   --->   Operation 1346 'select' 'data_round_76' <Predicate = true> <Delay = 0.00> <CoreInst = "Sel">   --->   Core 73 'Sel' <Latency = 0> <II = 1> <Delay = 0.69> <FuncUnit> <Opcode : 'select'> <InPorts = 3> <OutPorts = 1>
ST_2 : Operation 1347 [1/1] (0.00ns) (grouped into LUT with out node index_323)   --->   "%sext_ln112_76 = sext i13 %data_round_76" [firmware/nnet_utils/nnet_activation.h:112]   --->   Operation 1347 'sext' 'sext_ln112_76' <Predicate = true> <Delay = 0.00>
ST_2 : Operation 1348 [1/1] (2.13ns) (out node of the LUT)   --->   "%index_323 = add i14 %sext_ln112_76, i14 512" [firmware/nnet_utils/nnet_activation.h:116]   --->   Operation 1348 'add' 'index_323' <Predicate = true> <Delay = 2.13> <CoreInst = "Adder">   --->   Core 1 'Adder' <Latency = 0> <II = 1> <Delay = 2.13> <FuncUnit> <Opcode : 'add' 'sub'> <InPorts = 2> <OutPorts = 1>
ST_2 : Operation 1349 [1/1] (0.00ns)   --->   "%trunc_ln113_152 = trunc i14 %index_323" [firmware/nnet_utils/nnet_activation.h:113]   --->   Operation 1349 'trunc' 'trunc_ln113_152' <Predicate = true> <Delay = 0.00>
ST_2 : Operation 1350 [1/1] (0.00ns)   --->   "%tmp_592 = bitselect i1 @_ssdm_op_BitSelect.i1.i14.i32, i14 %index_323, i32 13" [firmware/nnet_utils/nnet_activation.h:117]   --->   Operation 1350 'bitselect' 'tmp_592' <Predicate = true> <Delay = 0.00>
ST_2 : Operation 1351 [1/1] (0.69ns)   --->   "%index_324 = select i1 %tmp_592, i13 0, i13 %trunc_ln113_152" [firmware/nnet_utils/nnet_activation.h:117]   --->   Operation 1351 'select' 'index_324' <Predicate = true> <Delay = 0.69> <CoreInst = "Sel">   --->   Core 73 'Sel' <Latency = 0> <II = 1> <Delay = 0.69> <FuncUnit> <Opcode : 'select'> <InPorts = 3> <OutPorts = 1>
ST_2 : Operation 1352 [1/1] (0.00ns)   --->   "%trunc_ln113_153 = trunc i13 %index_324" [firmware/nnet_utils/nnet_activation.h:113]   --->   Operation 1352 'trunc' 'trunc_ln113_153' <Predicate = true> <Delay = 0.00>
ST_2 : Operation 1353 [1/1] (0.00ns)   --->   "%tmp_593 = partselect i3 @_ssdm_op_PartSelect.i3.i13.i32.i32, i13 %index_324, i32 10, i32 12" [firmware/nnet_utils/nnet_activation.h:119]   --->   Operation 1353 'partselect' 'tmp_593' <Predicate = true> <Delay = 0.00>
ST_2 : Operation 1354 [1/1] (0.00ns) (grouped into LUT with out node index_326)   --->   "%tmp_595 = bitselect i1 @_ssdm_op_BitSelect.i1.i14.i32, i14 %data_77_val_read, i32 13" [firmware/nnet_utils/nnet_activation.h:115]   --->   Operation 1354 'bitselect' 'tmp_595' <Predicate = true> <Delay = 0.00>
ST_2 : Operation 1355 [1/1] (0.00ns) (grouped into LUT with out node index_326)   --->   "%select_ln115_77 = select i1 %icmp_ln115_77, i13 %add_ln115_77, i13 %tmp_384" [firmware/nnet_utils/nnet_activation.h:115]   --->   Operation 1355 'select' 'select_ln115_77' <Predicate = true> <Delay = 0.00> <CoreInst = "Sel">   --->   Core 73 'Sel' <Latency = 0> <II = 1> <Delay = 0.69> <FuncUnit> <Opcode : 'select'> <InPorts = 3> <OutPorts = 1>
ST_2 : Operation 1356 [1/1] (0.00ns) (grouped into LUT with out node index_326)   --->   "%data_round_77 = select i1 %tmp_595, i13 %select_ln115_77, i13 %tmp_384" [firmware/nnet_utils/nnet_activation.h:115]   --->   Operation 1356 'select' 'data_round_77' <Predicate = true> <Delay = 0.00> <CoreInst = "Sel">   --->   Core 73 'Sel' <Latency = 0> <II = 1> <Delay = 0.69> <FuncUnit> <Opcode : 'select'> <InPorts = 3> <OutPorts = 1>
ST_2 : Operation 1357 [1/1] (0.00ns) (grouped into LUT with out node index_326)   --->   "%sext_ln112_77 = sext i13 %data_round_77" [firmware/nnet_utils/nnet_activation.h:112]   --->   Operation 1357 'sext' 'sext_ln112_77' <Predicate = true> <Delay = 0.00>
ST_2 : Operation 1358 [1/1] (2.13ns) (out node of the LUT)   --->   "%index_326 = add i14 %sext_ln112_77, i14 512" [firmware/nnet_utils/nnet_activation.h:116]   --->   Operation 1358 'add' 'index_326' <Predicate = true> <Delay = 2.13> <CoreInst = "Adder">   --->   Core 1 'Adder' <Latency = 0> <II = 1> <Delay = 2.13> <FuncUnit> <Opcode : 'add' 'sub'> <InPorts = 2> <OutPorts = 1>
ST_2 : Operation 1359 [1/1] (0.00ns)   --->   "%trunc_ln113_154 = trunc i14 %index_326" [firmware/nnet_utils/nnet_activation.h:113]   --->   Operation 1359 'trunc' 'trunc_ln113_154' <Predicate = true> <Delay = 0.00>
ST_2 : Operation 1360 [1/1] (0.00ns)   --->   "%tmp_596 = bitselect i1 @_ssdm_op_BitSelect.i1.i14.i32, i14 %index_326, i32 13" [firmware/nnet_utils/nnet_activation.h:117]   --->   Operation 1360 'bitselect' 'tmp_596' <Predicate = true> <Delay = 0.00>
ST_2 : Operation 1361 [1/1] (0.69ns)   --->   "%index_327 = select i1 %tmp_596, i13 0, i13 %trunc_ln113_154" [firmware/nnet_utils/nnet_activation.h:117]   --->   Operation 1361 'select' 'index_327' <Predicate = true> <Delay = 0.69> <CoreInst = "Sel">   --->   Core 73 'Sel' <Latency = 0> <II = 1> <Delay = 0.69> <FuncUnit> <Opcode : 'select'> <InPorts = 3> <OutPorts = 1>
ST_2 : Operation 1362 [1/1] (0.00ns)   --->   "%trunc_ln113_155 = trunc i13 %index_327" [firmware/nnet_utils/nnet_activation.h:113]   --->   Operation 1362 'trunc' 'trunc_ln113_155' <Predicate = true> <Delay = 0.00>
ST_2 : Operation 1363 [1/1] (0.00ns)   --->   "%tmp_597 = partselect i3 @_ssdm_op_PartSelect.i3.i13.i32.i32, i13 %index_327, i32 10, i32 12" [firmware/nnet_utils/nnet_activation.h:119]   --->   Operation 1363 'partselect' 'tmp_597' <Predicate = true> <Delay = 0.00>
ST_2 : Operation 1364 [1/1] (0.00ns) (grouped into LUT with out node index_329)   --->   "%tmp_599 = bitselect i1 @_ssdm_op_BitSelect.i1.i14.i32, i14 %data_78_val_read, i32 13" [firmware/nnet_utils/nnet_activation.h:115]   --->   Operation 1364 'bitselect' 'tmp_599' <Predicate = true> <Delay = 0.00>
ST_2 : Operation 1365 [1/1] (0.00ns) (grouped into LUT with out node index_329)   --->   "%select_ln115_78 = select i1 %icmp_ln115_78, i13 %add_ln115_78, i13 %tmp_389" [firmware/nnet_utils/nnet_activation.h:115]   --->   Operation 1365 'select' 'select_ln115_78' <Predicate = true> <Delay = 0.00> <CoreInst = "Sel">   --->   Core 73 'Sel' <Latency = 0> <II = 1> <Delay = 0.69> <FuncUnit> <Opcode : 'select'> <InPorts = 3> <OutPorts = 1>
ST_2 : Operation 1366 [1/1] (0.00ns) (grouped into LUT with out node index_329)   --->   "%data_round_78 = select i1 %tmp_599, i13 %select_ln115_78, i13 %tmp_389" [firmware/nnet_utils/nnet_activation.h:115]   --->   Operation 1366 'select' 'data_round_78' <Predicate = true> <Delay = 0.00> <CoreInst = "Sel">   --->   Core 73 'Sel' <Latency = 0> <II = 1> <Delay = 0.69> <FuncUnit> <Opcode : 'select'> <InPorts = 3> <OutPorts = 1>
ST_2 : Operation 1367 [1/1] (0.00ns) (grouped into LUT with out node index_329)   --->   "%sext_ln112_78 = sext i13 %data_round_78" [firmware/nnet_utils/nnet_activation.h:112]   --->   Operation 1367 'sext' 'sext_ln112_78' <Predicate = true> <Delay = 0.00>
ST_2 : Operation 1368 [1/1] (2.13ns) (out node of the LUT)   --->   "%index_329 = add i14 %sext_ln112_78, i14 512" [firmware/nnet_utils/nnet_activation.h:116]   --->   Operation 1368 'add' 'index_329' <Predicate = true> <Delay = 2.13> <CoreInst = "Adder">   --->   Core 1 'Adder' <Latency = 0> <II = 1> <Delay = 2.13> <FuncUnit> <Opcode : 'add' 'sub'> <InPorts = 2> <OutPorts = 1>
ST_2 : Operation 1369 [1/1] (0.00ns)   --->   "%trunc_ln113_156 = trunc i14 %index_329" [firmware/nnet_utils/nnet_activation.h:113]   --->   Operation 1369 'trunc' 'trunc_ln113_156' <Predicate = true> <Delay = 0.00>
ST_2 : Operation 1370 [1/1] (0.00ns)   --->   "%tmp_600 = bitselect i1 @_ssdm_op_BitSelect.i1.i14.i32, i14 %index_329, i32 13" [firmware/nnet_utils/nnet_activation.h:117]   --->   Operation 1370 'bitselect' 'tmp_600' <Predicate = true> <Delay = 0.00>
ST_2 : Operation 1371 [1/1] (0.69ns)   --->   "%index_330 = select i1 %tmp_600, i13 0, i13 %trunc_ln113_156" [firmware/nnet_utils/nnet_activation.h:117]   --->   Operation 1371 'select' 'index_330' <Predicate = true> <Delay = 0.69> <CoreInst = "Sel">   --->   Core 73 'Sel' <Latency = 0> <II = 1> <Delay = 0.69> <FuncUnit> <Opcode : 'select'> <InPorts = 3> <OutPorts = 1>
ST_2 : Operation 1372 [1/1] (0.00ns)   --->   "%trunc_ln113_157 = trunc i13 %index_330" [firmware/nnet_utils/nnet_activation.h:113]   --->   Operation 1372 'trunc' 'trunc_ln113_157' <Predicate = true> <Delay = 0.00>
ST_2 : Operation 1373 [1/1] (0.00ns)   --->   "%tmp_601 = partselect i3 @_ssdm_op_PartSelect.i3.i13.i32.i32, i13 %index_330, i32 10, i32 12" [firmware/nnet_utils/nnet_activation.h:119]   --->   Operation 1373 'partselect' 'tmp_601' <Predicate = true> <Delay = 0.00>
ST_2 : Operation 1374 [1/1] (0.00ns) (grouped into LUT with out node index_332)   --->   "%tmp_603 = bitselect i1 @_ssdm_op_BitSelect.i1.i14.i32, i14 %data_79_val_read, i32 13" [firmware/nnet_utils/nnet_activation.h:115]   --->   Operation 1374 'bitselect' 'tmp_603' <Predicate = true> <Delay = 0.00>
ST_2 : Operation 1375 [1/1] (0.00ns) (grouped into LUT with out node index_332)   --->   "%select_ln115_79 = select i1 %icmp_ln115_79, i13 %add_ln115_79, i13 %tmp_394" [firmware/nnet_utils/nnet_activation.h:115]   --->   Operation 1375 'select' 'select_ln115_79' <Predicate = true> <Delay = 0.00> <CoreInst = "Sel">   --->   Core 73 'Sel' <Latency = 0> <II = 1> <Delay = 0.69> <FuncUnit> <Opcode : 'select'> <InPorts = 3> <OutPorts = 1>
ST_2 : Operation 1376 [1/1] (0.00ns) (grouped into LUT with out node index_332)   --->   "%data_round_79 = select i1 %tmp_603, i13 %select_ln115_79, i13 %tmp_394" [firmware/nnet_utils/nnet_activation.h:115]   --->   Operation 1376 'select' 'data_round_79' <Predicate = true> <Delay = 0.00> <CoreInst = "Sel">   --->   Core 73 'Sel' <Latency = 0> <II = 1> <Delay = 0.69> <FuncUnit> <Opcode : 'select'> <InPorts = 3> <OutPorts = 1>
ST_2 : Operation 1377 [1/1] (0.00ns) (grouped into LUT with out node index_332)   --->   "%sext_ln112_79 = sext i13 %data_round_79" [firmware/nnet_utils/nnet_activation.h:112]   --->   Operation 1377 'sext' 'sext_ln112_79' <Predicate = true> <Delay = 0.00>
ST_2 : Operation 1378 [1/1] (2.13ns) (out node of the LUT)   --->   "%index_332 = add i14 %sext_ln112_79, i14 512" [firmware/nnet_utils/nnet_activation.h:116]   --->   Operation 1378 'add' 'index_332' <Predicate = true> <Delay = 2.13> <CoreInst = "Adder">   --->   Core 1 'Adder' <Latency = 0> <II = 1> <Delay = 2.13> <FuncUnit> <Opcode : 'add' 'sub'> <InPorts = 2> <OutPorts = 1>
ST_2 : Operation 1379 [1/1] (0.00ns)   --->   "%trunc_ln113_158 = trunc i14 %index_332" [firmware/nnet_utils/nnet_activation.h:113]   --->   Operation 1379 'trunc' 'trunc_ln113_158' <Predicate = true> <Delay = 0.00>
ST_2 : Operation 1380 [1/1] (0.00ns)   --->   "%tmp_604 = bitselect i1 @_ssdm_op_BitSelect.i1.i14.i32, i14 %index_332, i32 13" [firmware/nnet_utils/nnet_activation.h:117]   --->   Operation 1380 'bitselect' 'tmp_604' <Predicate = true> <Delay = 0.00>
ST_2 : Operation 1381 [1/1] (0.69ns)   --->   "%index_333 = select i1 %tmp_604, i13 0, i13 %trunc_ln113_158" [firmware/nnet_utils/nnet_activation.h:117]   --->   Operation 1381 'select' 'index_333' <Predicate = true> <Delay = 0.69> <CoreInst = "Sel">   --->   Core 73 'Sel' <Latency = 0> <II = 1> <Delay = 0.69> <FuncUnit> <Opcode : 'select'> <InPorts = 3> <OutPorts = 1>
ST_2 : Operation 1382 [1/1] (0.00ns)   --->   "%trunc_ln113_159 = trunc i13 %index_333" [firmware/nnet_utils/nnet_activation.h:113]   --->   Operation 1382 'trunc' 'trunc_ln113_159' <Predicate = true> <Delay = 0.00>
ST_2 : Operation 1383 [1/1] (0.00ns)   --->   "%tmp_605 = partselect i3 @_ssdm_op_PartSelect.i3.i13.i32.i32, i13 %index_333, i32 10, i32 12" [firmware/nnet_utils/nnet_activation.h:119]   --->   Operation 1383 'partselect' 'tmp_605' <Predicate = true> <Delay = 0.00>
ST_2 : Operation 1384 [1/1] (0.00ns) (grouped into LUT with out node index_335)   --->   "%tmp_607 = bitselect i1 @_ssdm_op_BitSelect.i1.i14.i32, i14 %data_80_val_read, i32 13" [firmware/nnet_utils/nnet_activation.h:115]   --->   Operation 1384 'bitselect' 'tmp_607' <Predicate = true> <Delay = 0.00>
ST_2 : Operation 1385 [1/1] (0.00ns) (grouped into LUT with out node index_335)   --->   "%select_ln115_80 = select i1 %icmp_ln115_80, i13 %add_ln115_80, i13 %tmp_399" [firmware/nnet_utils/nnet_activation.h:115]   --->   Operation 1385 'select' 'select_ln115_80' <Predicate = true> <Delay = 0.00> <CoreInst = "Sel">   --->   Core 73 'Sel' <Latency = 0> <II = 1> <Delay = 0.69> <FuncUnit> <Opcode : 'select'> <InPorts = 3> <OutPorts = 1>
ST_2 : Operation 1386 [1/1] (0.00ns) (grouped into LUT with out node index_335)   --->   "%data_round_80 = select i1 %tmp_607, i13 %select_ln115_80, i13 %tmp_399" [firmware/nnet_utils/nnet_activation.h:115]   --->   Operation 1386 'select' 'data_round_80' <Predicate = true> <Delay = 0.00> <CoreInst = "Sel">   --->   Core 73 'Sel' <Latency = 0> <II = 1> <Delay = 0.69> <FuncUnit> <Opcode : 'select'> <InPorts = 3> <OutPorts = 1>
ST_2 : Operation 1387 [1/1] (0.00ns) (grouped into LUT with out node index_335)   --->   "%sext_ln112_80 = sext i13 %data_round_80" [firmware/nnet_utils/nnet_activation.h:112]   --->   Operation 1387 'sext' 'sext_ln112_80' <Predicate = true> <Delay = 0.00>
ST_2 : Operation 1388 [1/1] (2.13ns) (out node of the LUT)   --->   "%index_335 = add i14 %sext_ln112_80, i14 512" [firmware/nnet_utils/nnet_activation.h:116]   --->   Operation 1388 'add' 'index_335' <Predicate = true> <Delay = 2.13> <CoreInst = "Adder">   --->   Core 1 'Adder' <Latency = 0> <II = 1> <Delay = 2.13> <FuncUnit> <Opcode : 'add' 'sub'> <InPorts = 2> <OutPorts = 1>
ST_2 : Operation 1389 [1/1] (0.00ns)   --->   "%trunc_ln113_160 = trunc i14 %index_335" [firmware/nnet_utils/nnet_activation.h:113]   --->   Operation 1389 'trunc' 'trunc_ln113_160' <Predicate = true> <Delay = 0.00>
ST_2 : Operation 1390 [1/1] (0.00ns)   --->   "%tmp_608 = bitselect i1 @_ssdm_op_BitSelect.i1.i14.i32, i14 %index_335, i32 13" [firmware/nnet_utils/nnet_activation.h:117]   --->   Operation 1390 'bitselect' 'tmp_608' <Predicate = true> <Delay = 0.00>
ST_2 : Operation 1391 [1/1] (0.69ns)   --->   "%index_336 = select i1 %tmp_608, i13 0, i13 %trunc_ln113_160" [firmware/nnet_utils/nnet_activation.h:117]   --->   Operation 1391 'select' 'index_336' <Predicate = true> <Delay = 0.69> <CoreInst = "Sel">   --->   Core 73 'Sel' <Latency = 0> <II = 1> <Delay = 0.69> <FuncUnit> <Opcode : 'select'> <InPorts = 3> <OutPorts = 1>
ST_2 : Operation 1392 [1/1] (0.00ns)   --->   "%trunc_ln113_161 = trunc i13 %index_336" [firmware/nnet_utils/nnet_activation.h:113]   --->   Operation 1392 'trunc' 'trunc_ln113_161' <Predicate = true> <Delay = 0.00>
ST_2 : Operation 1393 [1/1] (0.00ns)   --->   "%tmp_609 = partselect i3 @_ssdm_op_PartSelect.i3.i13.i32.i32, i13 %index_336, i32 10, i32 12" [firmware/nnet_utils/nnet_activation.h:119]   --->   Operation 1393 'partselect' 'tmp_609' <Predicate = true> <Delay = 0.00>
ST_2 : Operation 1394 [1/1] (0.00ns) (grouped into LUT with out node index_338)   --->   "%tmp_611 = bitselect i1 @_ssdm_op_BitSelect.i1.i14.i32, i14 %data_81_val_read, i32 13" [firmware/nnet_utils/nnet_activation.h:115]   --->   Operation 1394 'bitselect' 'tmp_611' <Predicate = true> <Delay = 0.00>
ST_2 : Operation 1395 [1/1] (0.00ns) (grouped into LUT with out node index_338)   --->   "%select_ln115_81 = select i1 %icmp_ln115_81, i13 %add_ln115_81, i13 %tmp_404" [firmware/nnet_utils/nnet_activation.h:115]   --->   Operation 1395 'select' 'select_ln115_81' <Predicate = true> <Delay = 0.00> <CoreInst = "Sel">   --->   Core 73 'Sel' <Latency = 0> <II = 1> <Delay = 0.69> <FuncUnit> <Opcode : 'select'> <InPorts = 3> <OutPorts = 1>
ST_2 : Operation 1396 [1/1] (0.00ns) (grouped into LUT with out node index_338)   --->   "%data_round_81 = select i1 %tmp_611, i13 %select_ln115_81, i13 %tmp_404" [firmware/nnet_utils/nnet_activation.h:115]   --->   Operation 1396 'select' 'data_round_81' <Predicate = true> <Delay = 0.00> <CoreInst = "Sel">   --->   Core 73 'Sel' <Latency = 0> <II = 1> <Delay = 0.69> <FuncUnit> <Opcode : 'select'> <InPorts = 3> <OutPorts = 1>
ST_2 : Operation 1397 [1/1] (0.00ns) (grouped into LUT with out node index_338)   --->   "%sext_ln112_81 = sext i13 %data_round_81" [firmware/nnet_utils/nnet_activation.h:112]   --->   Operation 1397 'sext' 'sext_ln112_81' <Predicate = true> <Delay = 0.00>
ST_2 : Operation 1398 [1/1] (2.13ns) (out node of the LUT)   --->   "%index_338 = add i14 %sext_ln112_81, i14 512" [firmware/nnet_utils/nnet_activation.h:116]   --->   Operation 1398 'add' 'index_338' <Predicate = true> <Delay = 2.13> <CoreInst = "Adder">   --->   Core 1 'Adder' <Latency = 0> <II = 1> <Delay = 2.13> <FuncUnit> <Opcode : 'add' 'sub'> <InPorts = 2> <OutPorts = 1>
ST_2 : Operation 1399 [1/1] (0.00ns)   --->   "%trunc_ln113_162 = trunc i14 %index_338" [firmware/nnet_utils/nnet_activation.h:113]   --->   Operation 1399 'trunc' 'trunc_ln113_162' <Predicate = true> <Delay = 0.00>
ST_2 : Operation 1400 [1/1] (0.00ns)   --->   "%tmp_612 = bitselect i1 @_ssdm_op_BitSelect.i1.i14.i32, i14 %index_338, i32 13" [firmware/nnet_utils/nnet_activation.h:117]   --->   Operation 1400 'bitselect' 'tmp_612' <Predicate = true> <Delay = 0.00>
ST_2 : Operation 1401 [1/1] (0.69ns)   --->   "%index_339 = select i1 %tmp_612, i13 0, i13 %trunc_ln113_162" [firmware/nnet_utils/nnet_activation.h:117]   --->   Operation 1401 'select' 'index_339' <Predicate = true> <Delay = 0.69> <CoreInst = "Sel">   --->   Core 73 'Sel' <Latency = 0> <II = 1> <Delay = 0.69> <FuncUnit> <Opcode : 'select'> <InPorts = 3> <OutPorts = 1>
ST_2 : Operation 1402 [1/1] (0.00ns)   --->   "%trunc_ln113_163 = trunc i13 %index_339" [firmware/nnet_utils/nnet_activation.h:113]   --->   Operation 1402 'trunc' 'trunc_ln113_163' <Predicate = true> <Delay = 0.00>
ST_2 : Operation 1403 [1/1] (0.00ns)   --->   "%tmp_613 = partselect i3 @_ssdm_op_PartSelect.i3.i13.i32.i32, i13 %index_339, i32 10, i32 12" [firmware/nnet_utils/nnet_activation.h:119]   --->   Operation 1403 'partselect' 'tmp_613' <Predicate = true> <Delay = 0.00>
ST_2 : Operation 1404 [1/1] (0.00ns) (grouped into LUT with out node index_341)   --->   "%tmp_615 = bitselect i1 @_ssdm_op_BitSelect.i1.i14.i32, i14 %data_82_val_read, i32 13" [firmware/nnet_utils/nnet_activation.h:115]   --->   Operation 1404 'bitselect' 'tmp_615' <Predicate = true> <Delay = 0.00>
ST_2 : Operation 1405 [1/1] (0.00ns) (grouped into LUT with out node index_341)   --->   "%select_ln115_82 = select i1 %icmp_ln115_82, i13 %add_ln115_82, i13 %tmp_409" [firmware/nnet_utils/nnet_activation.h:115]   --->   Operation 1405 'select' 'select_ln115_82' <Predicate = true> <Delay = 0.00> <CoreInst = "Sel">   --->   Core 73 'Sel' <Latency = 0> <II = 1> <Delay = 0.69> <FuncUnit> <Opcode : 'select'> <InPorts = 3> <OutPorts = 1>
ST_2 : Operation 1406 [1/1] (0.00ns) (grouped into LUT with out node index_341)   --->   "%data_round_82 = select i1 %tmp_615, i13 %select_ln115_82, i13 %tmp_409" [firmware/nnet_utils/nnet_activation.h:115]   --->   Operation 1406 'select' 'data_round_82' <Predicate = true> <Delay = 0.00> <CoreInst = "Sel">   --->   Core 73 'Sel' <Latency = 0> <II = 1> <Delay = 0.69> <FuncUnit> <Opcode : 'select'> <InPorts = 3> <OutPorts = 1>
ST_2 : Operation 1407 [1/1] (0.00ns) (grouped into LUT with out node index_341)   --->   "%sext_ln112_82 = sext i13 %data_round_82" [firmware/nnet_utils/nnet_activation.h:112]   --->   Operation 1407 'sext' 'sext_ln112_82' <Predicate = true> <Delay = 0.00>
ST_2 : Operation 1408 [1/1] (2.13ns) (out node of the LUT)   --->   "%index_341 = add i14 %sext_ln112_82, i14 512" [firmware/nnet_utils/nnet_activation.h:116]   --->   Operation 1408 'add' 'index_341' <Predicate = true> <Delay = 2.13> <CoreInst = "Adder">   --->   Core 1 'Adder' <Latency = 0> <II = 1> <Delay = 2.13> <FuncUnit> <Opcode : 'add' 'sub'> <InPorts = 2> <OutPorts = 1>
ST_2 : Operation 1409 [1/1] (0.00ns)   --->   "%trunc_ln113_164 = trunc i14 %index_341" [firmware/nnet_utils/nnet_activation.h:113]   --->   Operation 1409 'trunc' 'trunc_ln113_164' <Predicate = true> <Delay = 0.00>
ST_2 : Operation 1410 [1/1] (0.00ns)   --->   "%tmp_616 = bitselect i1 @_ssdm_op_BitSelect.i1.i14.i32, i14 %index_341, i32 13" [firmware/nnet_utils/nnet_activation.h:117]   --->   Operation 1410 'bitselect' 'tmp_616' <Predicate = true> <Delay = 0.00>
ST_2 : Operation 1411 [1/1] (0.69ns)   --->   "%index_342 = select i1 %tmp_616, i13 0, i13 %trunc_ln113_164" [firmware/nnet_utils/nnet_activation.h:117]   --->   Operation 1411 'select' 'index_342' <Predicate = true> <Delay = 0.69> <CoreInst = "Sel">   --->   Core 73 'Sel' <Latency = 0> <II = 1> <Delay = 0.69> <FuncUnit> <Opcode : 'select'> <InPorts = 3> <OutPorts = 1>
ST_2 : Operation 1412 [1/1] (0.00ns)   --->   "%trunc_ln113_165 = trunc i13 %index_342" [firmware/nnet_utils/nnet_activation.h:113]   --->   Operation 1412 'trunc' 'trunc_ln113_165' <Predicate = true> <Delay = 0.00>
ST_2 : Operation 1413 [1/1] (0.00ns)   --->   "%tmp_617 = partselect i3 @_ssdm_op_PartSelect.i3.i13.i32.i32, i13 %index_342, i32 10, i32 12" [firmware/nnet_utils/nnet_activation.h:119]   --->   Operation 1413 'partselect' 'tmp_617' <Predicate = true> <Delay = 0.00>
ST_2 : Operation 1414 [1/1] (0.00ns) (grouped into LUT with out node index_344)   --->   "%tmp_619 = bitselect i1 @_ssdm_op_BitSelect.i1.i14.i32, i14 %data_83_val_read, i32 13" [firmware/nnet_utils/nnet_activation.h:115]   --->   Operation 1414 'bitselect' 'tmp_619' <Predicate = true> <Delay = 0.00>
ST_2 : Operation 1415 [1/1] (0.00ns) (grouped into LUT with out node index_344)   --->   "%select_ln115_83 = select i1 %icmp_ln115_83, i13 %add_ln115_83, i13 %tmp_414" [firmware/nnet_utils/nnet_activation.h:115]   --->   Operation 1415 'select' 'select_ln115_83' <Predicate = true> <Delay = 0.00> <CoreInst = "Sel">   --->   Core 73 'Sel' <Latency = 0> <II = 1> <Delay = 0.69> <FuncUnit> <Opcode : 'select'> <InPorts = 3> <OutPorts = 1>
ST_2 : Operation 1416 [1/1] (0.00ns) (grouped into LUT with out node index_344)   --->   "%data_round_83 = select i1 %tmp_619, i13 %select_ln115_83, i13 %tmp_414" [firmware/nnet_utils/nnet_activation.h:115]   --->   Operation 1416 'select' 'data_round_83' <Predicate = true> <Delay = 0.00> <CoreInst = "Sel">   --->   Core 73 'Sel' <Latency = 0> <II = 1> <Delay = 0.69> <FuncUnit> <Opcode : 'select'> <InPorts = 3> <OutPorts = 1>
ST_2 : Operation 1417 [1/1] (0.00ns) (grouped into LUT with out node index_344)   --->   "%sext_ln112_83 = sext i13 %data_round_83" [firmware/nnet_utils/nnet_activation.h:112]   --->   Operation 1417 'sext' 'sext_ln112_83' <Predicate = true> <Delay = 0.00>
ST_2 : Operation 1418 [1/1] (2.13ns) (out node of the LUT)   --->   "%index_344 = add i14 %sext_ln112_83, i14 512" [firmware/nnet_utils/nnet_activation.h:116]   --->   Operation 1418 'add' 'index_344' <Predicate = true> <Delay = 2.13> <CoreInst = "Adder">   --->   Core 1 'Adder' <Latency = 0> <II = 1> <Delay = 2.13> <FuncUnit> <Opcode : 'add' 'sub'> <InPorts = 2> <OutPorts = 1>
ST_2 : Operation 1419 [1/1] (0.00ns)   --->   "%trunc_ln113_166 = trunc i14 %index_344" [firmware/nnet_utils/nnet_activation.h:113]   --->   Operation 1419 'trunc' 'trunc_ln113_166' <Predicate = true> <Delay = 0.00>
ST_2 : Operation 1420 [1/1] (0.00ns)   --->   "%tmp_620 = bitselect i1 @_ssdm_op_BitSelect.i1.i14.i32, i14 %index_344, i32 13" [firmware/nnet_utils/nnet_activation.h:117]   --->   Operation 1420 'bitselect' 'tmp_620' <Predicate = true> <Delay = 0.00>
ST_2 : Operation 1421 [1/1] (0.69ns)   --->   "%index_345 = select i1 %tmp_620, i13 0, i13 %trunc_ln113_166" [firmware/nnet_utils/nnet_activation.h:117]   --->   Operation 1421 'select' 'index_345' <Predicate = true> <Delay = 0.69> <CoreInst = "Sel">   --->   Core 73 'Sel' <Latency = 0> <II = 1> <Delay = 0.69> <FuncUnit> <Opcode : 'select'> <InPorts = 3> <OutPorts = 1>
ST_2 : Operation 1422 [1/1] (0.00ns)   --->   "%trunc_ln113_167 = trunc i13 %index_345" [firmware/nnet_utils/nnet_activation.h:113]   --->   Operation 1422 'trunc' 'trunc_ln113_167' <Predicate = true> <Delay = 0.00>
ST_2 : Operation 1423 [1/1] (0.00ns)   --->   "%tmp_621 = partselect i3 @_ssdm_op_PartSelect.i3.i13.i32.i32, i13 %index_345, i32 10, i32 12" [firmware/nnet_utils/nnet_activation.h:119]   --->   Operation 1423 'partselect' 'tmp_621' <Predicate = true> <Delay = 0.00>
ST_2 : Operation 1424 [1/1] (0.00ns) (grouped into LUT with out node index_347)   --->   "%tmp_623 = bitselect i1 @_ssdm_op_BitSelect.i1.i14.i32, i14 %data_84_val_read, i32 13" [firmware/nnet_utils/nnet_activation.h:115]   --->   Operation 1424 'bitselect' 'tmp_623' <Predicate = true> <Delay = 0.00>
ST_2 : Operation 1425 [1/1] (0.00ns) (grouped into LUT with out node index_347)   --->   "%select_ln115_84 = select i1 %icmp_ln115_84, i13 %add_ln115_84, i13 %tmp_419" [firmware/nnet_utils/nnet_activation.h:115]   --->   Operation 1425 'select' 'select_ln115_84' <Predicate = true> <Delay = 0.00> <CoreInst = "Sel">   --->   Core 73 'Sel' <Latency = 0> <II = 1> <Delay = 0.69> <FuncUnit> <Opcode : 'select'> <InPorts = 3> <OutPorts = 1>
ST_2 : Operation 1426 [1/1] (0.00ns) (grouped into LUT with out node index_347)   --->   "%data_round_84 = select i1 %tmp_623, i13 %select_ln115_84, i13 %tmp_419" [firmware/nnet_utils/nnet_activation.h:115]   --->   Operation 1426 'select' 'data_round_84' <Predicate = true> <Delay = 0.00> <CoreInst = "Sel">   --->   Core 73 'Sel' <Latency = 0> <II = 1> <Delay = 0.69> <FuncUnit> <Opcode : 'select'> <InPorts = 3> <OutPorts = 1>
ST_2 : Operation 1427 [1/1] (0.00ns) (grouped into LUT with out node index_347)   --->   "%sext_ln112_84 = sext i13 %data_round_84" [firmware/nnet_utils/nnet_activation.h:112]   --->   Operation 1427 'sext' 'sext_ln112_84' <Predicate = true> <Delay = 0.00>
ST_2 : Operation 1428 [1/1] (2.13ns) (out node of the LUT)   --->   "%index_347 = add i14 %sext_ln112_84, i14 512" [firmware/nnet_utils/nnet_activation.h:116]   --->   Operation 1428 'add' 'index_347' <Predicate = true> <Delay = 2.13> <CoreInst = "Adder">   --->   Core 1 'Adder' <Latency = 0> <II = 1> <Delay = 2.13> <FuncUnit> <Opcode : 'add' 'sub'> <InPorts = 2> <OutPorts = 1>
ST_2 : Operation 1429 [1/1] (0.00ns)   --->   "%trunc_ln113_168 = trunc i14 %index_347" [firmware/nnet_utils/nnet_activation.h:113]   --->   Operation 1429 'trunc' 'trunc_ln113_168' <Predicate = true> <Delay = 0.00>
ST_2 : Operation 1430 [1/1] (0.00ns)   --->   "%tmp_624 = bitselect i1 @_ssdm_op_BitSelect.i1.i14.i32, i14 %index_347, i32 13" [firmware/nnet_utils/nnet_activation.h:117]   --->   Operation 1430 'bitselect' 'tmp_624' <Predicate = true> <Delay = 0.00>
ST_2 : Operation 1431 [1/1] (0.69ns)   --->   "%index_348 = select i1 %tmp_624, i13 0, i13 %trunc_ln113_168" [firmware/nnet_utils/nnet_activation.h:117]   --->   Operation 1431 'select' 'index_348' <Predicate = true> <Delay = 0.69> <CoreInst = "Sel">   --->   Core 73 'Sel' <Latency = 0> <II = 1> <Delay = 0.69> <FuncUnit> <Opcode : 'select'> <InPorts = 3> <OutPorts = 1>
ST_2 : Operation 1432 [1/1] (0.00ns)   --->   "%trunc_ln113_169 = trunc i13 %index_348" [firmware/nnet_utils/nnet_activation.h:113]   --->   Operation 1432 'trunc' 'trunc_ln113_169' <Predicate = true> <Delay = 0.00>
ST_2 : Operation 1433 [1/1] (0.00ns)   --->   "%tmp_625 = partselect i3 @_ssdm_op_PartSelect.i3.i13.i32.i32, i13 %index_348, i32 10, i32 12" [firmware/nnet_utils/nnet_activation.h:119]   --->   Operation 1433 'partselect' 'tmp_625' <Predicate = true> <Delay = 0.00>
ST_2 : Operation 1434 [1/1] (0.00ns) (grouped into LUT with out node index_350)   --->   "%tmp_627 = bitselect i1 @_ssdm_op_BitSelect.i1.i14.i32, i14 %data_85_val_read, i32 13" [firmware/nnet_utils/nnet_activation.h:115]   --->   Operation 1434 'bitselect' 'tmp_627' <Predicate = true> <Delay = 0.00>
ST_2 : Operation 1435 [1/1] (0.00ns) (grouped into LUT with out node index_350)   --->   "%select_ln115_85 = select i1 %icmp_ln115_85, i13 %add_ln115_85, i13 %tmp_424" [firmware/nnet_utils/nnet_activation.h:115]   --->   Operation 1435 'select' 'select_ln115_85' <Predicate = true> <Delay = 0.00> <CoreInst = "Sel">   --->   Core 73 'Sel' <Latency = 0> <II = 1> <Delay = 0.69> <FuncUnit> <Opcode : 'select'> <InPorts = 3> <OutPorts = 1>
ST_2 : Operation 1436 [1/1] (0.00ns) (grouped into LUT with out node index_350)   --->   "%data_round_85 = select i1 %tmp_627, i13 %select_ln115_85, i13 %tmp_424" [firmware/nnet_utils/nnet_activation.h:115]   --->   Operation 1436 'select' 'data_round_85' <Predicate = true> <Delay = 0.00> <CoreInst = "Sel">   --->   Core 73 'Sel' <Latency = 0> <II = 1> <Delay = 0.69> <FuncUnit> <Opcode : 'select'> <InPorts = 3> <OutPorts = 1>
ST_2 : Operation 1437 [1/1] (0.00ns) (grouped into LUT with out node index_350)   --->   "%sext_ln112_85 = sext i13 %data_round_85" [firmware/nnet_utils/nnet_activation.h:112]   --->   Operation 1437 'sext' 'sext_ln112_85' <Predicate = true> <Delay = 0.00>
ST_2 : Operation 1438 [1/1] (2.13ns) (out node of the LUT)   --->   "%index_350 = add i14 %sext_ln112_85, i14 512" [firmware/nnet_utils/nnet_activation.h:116]   --->   Operation 1438 'add' 'index_350' <Predicate = true> <Delay = 2.13> <CoreInst = "Adder">   --->   Core 1 'Adder' <Latency = 0> <II = 1> <Delay = 2.13> <FuncUnit> <Opcode : 'add' 'sub'> <InPorts = 2> <OutPorts = 1>
ST_2 : Operation 1439 [1/1] (0.00ns)   --->   "%trunc_ln113_170 = trunc i14 %index_350" [firmware/nnet_utils/nnet_activation.h:113]   --->   Operation 1439 'trunc' 'trunc_ln113_170' <Predicate = true> <Delay = 0.00>
ST_2 : Operation 1440 [1/1] (0.00ns)   --->   "%tmp_628 = bitselect i1 @_ssdm_op_BitSelect.i1.i14.i32, i14 %index_350, i32 13" [firmware/nnet_utils/nnet_activation.h:117]   --->   Operation 1440 'bitselect' 'tmp_628' <Predicate = true> <Delay = 0.00>
ST_2 : Operation 1441 [1/1] (0.69ns)   --->   "%index_351 = select i1 %tmp_628, i13 0, i13 %trunc_ln113_170" [firmware/nnet_utils/nnet_activation.h:117]   --->   Operation 1441 'select' 'index_351' <Predicate = true> <Delay = 0.69> <CoreInst = "Sel">   --->   Core 73 'Sel' <Latency = 0> <II = 1> <Delay = 0.69> <FuncUnit> <Opcode : 'select'> <InPorts = 3> <OutPorts = 1>
ST_2 : Operation 1442 [1/1] (0.00ns)   --->   "%trunc_ln113_171 = trunc i13 %index_351" [firmware/nnet_utils/nnet_activation.h:113]   --->   Operation 1442 'trunc' 'trunc_ln113_171' <Predicate = true> <Delay = 0.00>
ST_2 : Operation 1443 [1/1] (0.00ns)   --->   "%tmp_629 = partselect i3 @_ssdm_op_PartSelect.i3.i13.i32.i32, i13 %index_351, i32 10, i32 12" [firmware/nnet_utils/nnet_activation.h:119]   --->   Operation 1443 'partselect' 'tmp_629' <Predicate = true> <Delay = 0.00>
ST_2 : Operation 1444 [1/1] (0.00ns) (grouped into LUT with out node index_353)   --->   "%tmp_631 = bitselect i1 @_ssdm_op_BitSelect.i1.i14.i32, i14 %data_86_val_read, i32 13" [firmware/nnet_utils/nnet_activation.h:115]   --->   Operation 1444 'bitselect' 'tmp_631' <Predicate = true> <Delay = 0.00>
ST_2 : Operation 1445 [1/1] (0.00ns) (grouped into LUT with out node index_353)   --->   "%select_ln115_86 = select i1 %icmp_ln115_86, i13 %add_ln115_86, i13 %tmp_429" [firmware/nnet_utils/nnet_activation.h:115]   --->   Operation 1445 'select' 'select_ln115_86' <Predicate = true> <Delay = 0.00> <CoreInst = "Sel">   --->   Core 73 'Sel' <Latency = 0> <II = 1> <Delay = 0.69> <FuncUnit> <Opcode : 'select'> <InPorts = 3> <OutPorts = 1>
ST_2 : Operation 1446 [1/1] (0.00ns) (grouped into LUT with out node index_353)   --->   "%data_round_86 = select i1 %tmp_631, i13 %select_ln115_86, i13 %tmp_429" [firmware/nnet_utils/nnet_activation.h:115]   --->   Operation 1446 'select' 'data_round_86' <Predicate = true> <Delay = 0.00> <CoreInst = "Sel">   --->   Core 73 'Sel' <Latency = 0> <II = 1> <Delay = 0.69> <FuncUnit> <Opcode : 'select'> <InPorts = 3> <OutPorts = 1>
ST_2 : Operation 1447 [1/1] (0.00ns) (grouped into LUT with out node index_353)   --->   "%sext_ln112_86 = sext i13 %data_round_86" [firmware/nnet_utils/nnet_activation.h:112]   --->   Operation 1447 'sext' 'sext_ln112_86' <Predicate = true> <Delay = 0.00>
ST_2 : Operation 1448 [1/1] (2.13ns) (out node of the LUT)   --->   "%index_353 = add i14 %sext_ln112_86, i14 512" [firmware/nnet_utils/nnet_activation.h:116]   --->   Operation 1448 'add' 'index_353' <Predicate = true> <Delay = 2.13> <CoreInst = "Adder">   --->   Core 1 'Adder' <Latency = 0> <II = 1> <Delay = 2.13> <FuncUnit> <Opcode : 'add' 'sub'> <InPorts = 2> <OutPorts = 1>
ST_2 : Operation 1449 [1/1] (0.00ns)   --->   "%trunc_ln113_172 = trunc i14 %index_353" [firmware/nnet_utils/nnet_activation.h:113]   --->   Operation 1449 'trunc' 'trunc_ln113_172' <Predicate = true> <Delay = 0.00>
ST_2 : Operation 1450 [1/1] (0.00ns)   --->   "%tmp_632 = bitselect i1 @_ssdm_op_BitSelect.i1.i14.i32, i14 %index_353, i32 13" [firmware/nnet_utils/nnet_activation.h:117]   --->   Operation 1450 'bitselect' 'tmp_632' <Predicate = true> <Delay = 0.00>
ST_2 : Operation 1451 [1/1] (0.69ns)   --->   "%index_354 = select i1 %tmp_632, i13 0, i13 %trunc_ln113_172" [firmware/nnet_utils/nnet_activation.h:117]   --->   Operation 1451 'select' 'index_354' <Predicate = true> <Delay = 0.69> <CoreInst = "Sel">   --->   Core 73 'Sel' <Latency = 0> <II = 1> <Delay = 0.69> <FuncUnit> <Opcode : 'select'> <InPorts = 3> <OutPorts = 1>
ST_2 : Operation 1452 [1/1] (0.00ns)   --->   "%trunc_ln113_173 = trunc i13 %index_354" [firmware/nnet_utils/nnet_activation.h:113]   --->   Operation 1452 'trunc' 'trunc_ln113_173' <Predicate = true> <Delay = 0.00>
ST_2 : Operation 1453 [1/1] (0.00ns)   --->   "%tmp_633 = partselect i3 @_ssdm_op_PartSelect.i3.i13.i32.i32, i13 %index_354, i32 10, i32 12" [firmware/nnet_utils/nnet_activation.h:119]   --->   Operation 1453 'partselect' 'tmp_633' <Predicate = true> <Delay = 0.00>
ST_2 : Operation 1454 [1/1] (0.00ns) (grouped into LUT with out node index_356)   --->   "%tmp_635 = bitselect i1 @_ssdm_op_BitSelect.i1.i14.i32, i14 %data_87_val_read, i32 13" [firmware/nnet_utils/nnet_activation.h:115]   --->   Operation 1454 'bitselect' 'tmp_635' <Predicate = true> <Delay = 0.00>
ST_2 : Operation 1455 [1/1] (0.00ns) (grouped into LUT with out node index_356)   --->   "%select_ln115_87 = select i1 %icmp_ln115_87, i13 %add_ln115_87, i13 %tmp_434" [firmware/nnet_utils/nnet_activation.h:115]   --->   Operation 1455 'select' 'select_ln115_87' <Predicate = true> <Delay = 0.00> <CoreInst = "Sel">   --->   Core 73 'Sel' <Latency = 0> <II = 1> <Delay = 0.69> <FuncUnit> <Opcode : 'select'> <InPorts = 3> <OutPorts = 1>
ST_2 : Operation 1456 [1/1] (0.00ns) (grouped into LUT with out node index_356)   --->   "%data_round_87 = select i1 %tmp_635, i13 %select_ln115_87, i13 %tmp_434" [firmware/nnet_utils/nnet_activation.h:115]   --->   Operation 1456 'select' 'data_round_87' <Predicate = true> <Delay = 0.00> <CoreInst = "Sel">   --->   Core 73 'Sel' <Latency = 0> <II = 1> <Delay = 0.69> <FuncUnit> <Opcode : 'select'> <InPorts = 3> <OutPorts = 1>
ST_2 : Operation 1457 [1/1] (0.00ns) (grouped into LUT with out node index_356)   --->   "%sext_ln112_87 = sext i13 %data_round_87" [firmware/nnet_utils/nnet_activation.h:112]   --->   Operation 1457 'sext' 'sext_ln112_87' <Predicate = true> <Delay = 0.00>
ST_2 : Operation 1458 [1/1] (2.13ns) (out node of the LUT)   --->   "%index_356 = add i14 %sext_ln112_87, i14 512" [firmware/nnet_utils/nnet_activation.h:116]   --->   Operation 1458 'add' 'index_356' <Predicate = true> <Delay = 2.13> <CoreInst = "Adder">   --->   Core 1 'Adder' <Latency = 0> <II = 1> <Delay = 2.13> <FuncUnit> <Opcode : 'add' 'sub'> <InPorts = 2> <OutPorts = 1>
ST_2 : Operation 1459 [1/1] (0.00ns)   --->   "%trunc_ln113_174 = trunc i14 %index_356" [firmware/nnet_utils/nnet_activation.h:113]   --->   Operation 1459 'trunc' 'trunc_ln113_174' <Predicate = true> <Delay = 0.00>
ST_2 : Operation 1460 [1/1] (0.00ns)   --->   "%tmp_636 = bitselect i1 @_ssdm_op_BitSelect.i1.i14.i32, i14 %index_356, i32 13" [firmware/nnet_utils/nnet_activation.h:117]   --->   Operation 1460 'bitselect' 'tmp_636' <Predicate = true> <Delay = 0.00>
ST_2 : Operation 1461 [1/1] (0.69ns)   --->   "%index_357 = select i1 %tmp_636, i13 0, i13 %trunc_ln113_174" [firmware/nnet_utils/nnet_activation.h:117]   --->   Operation 1461 'select' 'index_357' <Predicate = true> <Delay = 0.69> <CoreInst = "Sel">   --->   Core 73 'Sel' <Latency = 0> <II = 1> <Delay = 0.69> <FuncUnit> <Opcode : 'select'> <InPorts = 3> <OutPorts = 1>
ST_2 : Operation 1462 [1/1] (0.00ns)   --->   "%trunc_ln113_175 = trunc i13 %index_357" [firmware/nnet_utils/nnet_activation.h:113]   --->   Operation 1462 'trunc' 'trunc_ln113_175' <Predicate = true> <Delay = 0.00>
ST_2 : Operation 1463 [1/1] (0.00ns)   --->   "%tmp_637 = partselect i3 @_ssdm_op_PartSelect.i3.i13.i32.i32, i13 %index_357, i32 10, i32 12" [firmware/nnet_utils/nnet_activation.h:119]   --->   Operation 1463 'partselect' 'tmp_637' <Predicate = true> <Delay = 0.00>
ST_2 : Operation 1464 [1/1] (0.00ns) (grouped into LUT with out node index_359)   --->   "%tmp_639 = bitselect i1 @_ssdm_op_BitSelect.i1.i14.i32, i14 %data_88_val_read, i32 13" [firmware/nnet_utils/nnet_activation.h:115]   --->   Operation 1464 'bitselect' 'tmp_639' <Predicate = true> <Delay = 0.00>
ST_2 : Operation 1465 [1/1] (0.00ns) (grouped into LUT with out node index_359)   --->   "%select_ln115_88 = select i1 %icmp_ln115_88, i13 %add_ln115_88, i13 %tmp_439" [firmware/nnet_utils/nnet_activation.h:115]   --->   Operation 1465 'select' 'select_ln115_88' <Predicate = true> <Delay = 0.00> <CoreInst = "Sel">   --->   Core 73 'Sel' <Latency = 0> <II = 1> <Delay = 0.69> <FuncUnit> <Opcode : 'select'> <InPorts = 3> <OutPorts = 1>
ST_2 : Operation 1466 [1/1] (0.00ns) (grouped into LUT with out node index_359)   --->   "%data_round_88 = select i1 %tmp_639, i13 %select_ln115_88, i13 %tmp_439" [firmware/nnet_utils/nnet_activation.h:115]   --->   Operation 1466 'select' 'data_round_88' <Predicate = true> <Delay = 0.00> <CoreInst = "Sel">   --->   Core 73 'Sel' <Latency = 0> <II = 1> <Delay = 0.69> <FuncUnit> <Opcode : 'select'> <InPorts = 3> <OutPorts = 1>
ST_2 : Operation 1467 [1/1] (0.00ns) (grouped into LUT with out node index_359)   --->   "%sext_ln112_88 = sext i13 %data_round_88" [firmware/nnet_utils/nnet_activation.h:112]   --->   Operation 1467 'sext' 'sext_ln112_88' <Predicate = true> <Delay = 0.00>
ST_2 : Operation 1468 [1/1] (2.13ns) (out node of the LUT)   --->   "%index_359 = add i14 %sext_ln112_88, i14 512" [firmware/nnet_utils/nnet_activation.h:116]   --->   Operation 1468 'add' 'index_359' <Predicate = true> <Delay = 2.13> <CoreInst = "Adder">   --->   Core 1 'Adder' <Latency = 0> <II = 1> <Delay = 2.13> <FuncUnit> <Opcode : 'add' 'sub'> <InPorts = 2> <OutPorts = 1>
ST_2 : Operation 1469 [1/1] (0.00ns)   --->   "%trunc_ln113_176 = trunc i14 %index_359" [firmware/nnet_utils/nnet_activation.h:113]   --->   Operation 1469 'trunc' 'trunc_ln113_176' <Predicate = true> <Delay = 0.00>
ST_2 : Operation 1470 [1/1] (0.00ns)   --->   "%tmp_640 = bitselect i1 @_ssdm_op_BitSelect.i1.i14.i32, i14 %index_359, i32 13" [firmware/nnet_utils/nnet_activation.h:117]   --->   Operation 1470 'bitselect' 'tmp_640' <Predicate = true> <Delay = 0.00>
ST_2 : Operation 1471 [1/1] (0.69ns)   --->   "%index_360 = select i1 %tmp_640, i13 0, i13 %trunc_ln113_176" [firmware/nnet_utils/nnet_activation.h:117]   --->   Operation 1471 'select' 'index_360' <Predicate = true> <Delay = 0.69> <CoreInst = "Sel">   --->   Core 73 'Sel' <Latency = 0> <II = 1> <Delay = 0.69> <FuncUnit> <Opcode : 'select'> <InPorts = 3> <OutPorts = 1>
ST_2 : Operation 1472 [1/1] (0.00ns)   --->   "%trunc_ln113_177 = trunc i13 %index_360" [firmware/nnet_utils/nnet_activation.h:113]   --->   Operation 1472 'trunc' 'trunc_ln113_177' <Predicate = true> <Delay = 0.00>
ST_2 : Operation 1473 [1/1] (0.00ns)   --->   "%tmp_641 = partselect i3 @_ssdm_op_PartSelect.i3.i13.i32.i32, i13 %index_360, i32 10, i32 12" [firmware/nnet_utils/nnet_activation.h:119]   --->   Operation 1473 'partselect' 'tmp_641' <Predicate = true> <Delay = 0.00>
ST_2 : Operation 1474 [1/1] (0.00ns) (grouped into LUT with out node index_362)   --->   "%tmp_643 = bitselect i1 @_ssdm_op_BitSelect.i1.i14.i32, i14 %data_89_val_read, i32 13" [firmware/nnet_utils/nnet_activation.h:115]   --->   Operation 1474 'bitselect' 'tmp_643' <Predicate = true> <Delay = 0.00>
ST_2 : Operation 1475 [1/1] (0.00ns) (grouped into LUT with out node index_362)   --->   "%select_ln115_89 = select i1 %icmp_ln115_89, i13 %add_ln115_89, i13 %tmp_444" [firmware/nnet_utils/nnet_activation.h:115]   --->   Operation 1475 'select' 'select_ln115_89' <Predicate = true> <Delay = 0.00> <CoreInst = "Sel">   --->   Core 73 'Sel' <Latency = 0> <II = 1> <Delay = 0.69> <FuncUnit> <Opcode : 'select'> <InPorts = 3> <OutPorts = 1>
ST_2 : Operation 1476 [1/1] (0.00ns) (grouped into LUT with out node index_362)   --->   "%data_round_89 = select i1 %tmp_643, i13 %select_ln115_89, i13 %tmp_444" [firmware/nnet_utils/nnet_activation.h:115]   --->   Operation 1476 'select' 'data_round_89' <Predicate = true> <Delay = 0.00> <CoreInst = "Sel">   --->   Core 73 'Sel' <Latency = 0> <II = 1> <Delay = 0.69> <FuncUnit> <Opcode : 'select'> <InPorts = 3> <OutPorts = 1>
ST_2 : Operation 1477 [1/1] (0.00ns) (grouped into LUT with out node index_362)   --->   "%sext_ln112_89 = sext i13 %data_round_89" [firmware/nnet_utils/nnet_activation.h:112]   --->   Operation 1477 'sext' 'sext_ln112_89' <Predicate = true> <Delay = 0.00>
ST_2 : Operation 1478 [1/1] (2.13ns) (out node of the LUT)   --->   "%index_362 = add i14 %sext_ln112_89, i14 512" [firmware/nnet_utils/nnet_activation.h:116]   --->   Operation 1478 'add' 'index_362' <Predicate = true> <Delay = 2.13> <CoreInst = "Adder">   --->   Core 1 'Adder' <Latency = 0> <II = 1> <Delay = 2.13> <FuncUnit> <Opcode : 'add' 'sub'> <InPorts = 2> <OutPorts = 1>
ST_2 : Operation 1479 [1/1] (0.00ns)   --->   "%trunc_ln113_178 = trunc i14 %index_362" [firmware/nnet_utils/nnet_activation.h:113]   --->   Operation 1479 'trunc' 'trunc_ln113_178' <Predicate = true> <Delay = 0.00>
ST_2 : Operation 1480 [1/1] (0.00ns)   --->   "%tmp_644 = bitselect i1 @_ssdm_op_BitSelect.i1.i14.i32, i14 %index_362, i32 13" [firmware/nnet_utils/nnet_activation.h:117]   --->   Operation 1480 'bitselect' 'tmp_644' <Predicate = true> <Delay = 0.00>
ST_2 : Operation 1481 [1/1] (0.69ns)   --->   "%index_363 = select i1 %tmp_644, i13 0, i13 %trunc_ln113_178" [firmware/nnet_utils/nnet_activation.h:117]   --->   Operation 1481 'select' 'index_363' <Predicate = true> <Delay = 0.69> <CoreInst = "Sel">   --->   Core 73 'Sel' <Latency = 0> <II = 1> <Delay = 0.69> <FuncUnit> <Opcode : 'select'> <InPorts = 3> <OutPorts = 1>
ST_2 : Operation 1482 [1/1] (0.00ns)   --->   "%trunc_ln113_179 = trunc i13 %index_363" [firmware/nnet_utils/nnet_activation.h:113]   --->   Operation 1482 'trunc' 'trunc_ln113_179' <Predicate = true> <Delay = 0.00>
ST_2 : Operation 1483 [1/1] (0.00ns)   --->   "%tmp_645 = partselect i3 @_ssdm_op_PartSelect.i3.i13.i32.i32, i13 %index_363, i32 10, i32 12" [firmware/nnet_utils/nnet_activation.h:119]   --->   Operation 1483 'partselect' 'tmp_645' <Predicate = true> <Delay = 0.00>
ST_2 : Operation 1484 [1/1] (0.00ns) (grouped into LUT with out node index_365)   --->   "%tmp_647 = bitselect i1 @_ssdm_op_BitSelect.i1.i14.i32, i14 %data_90_val_read, i32 13" [firmware/nnet_utils/nnet_activation.h:115]   --->   Operation 1484 'bitselect' 'tmp_647' <Predicate = true> <Delay = 0.00>
ST_2 : Operation 1485 [1/1] (0.00ns) (grouped into LUT with out node index_365)   --->   "%select_ln115_90 = select i1 %icmp_ln115_90, i13 %add_ln115_90, i13 %tmp_449" [firmware/nnet_utils/nnet_activation.h:115]   --->   Operation 1485 'select' 'select_ln115_90' <Predicate = true> <Delay = 0.00> <CoreInst = "Sel">   --->   Core 73 'Sel' <Latency = 0> <II = 1> <Delay = 0.69> <FuncUnit> <Opcode : 'select'> <InPorts = 3> <OutPorts = 1>
ST_2 : Operation 1486 [1/1] (0.00ns) (grouped into LUT with out node index_365)   --->   "%data_round_90 = select i1 %tmp_647, i13 %select_ln115_90, i13 %tmp_449" [firmware/nnet_utils/nnet_activation.h:115]   --->   Operation 1486 'select' 'data_round_90' <Predicate = true> <Delay = 0.00> <CoreInst = "Sel">   --->   Core 73 'Sel' <Latency = 0> <II = 1> <Delay = 0.69> <FuncUnit> <Opcode : 'select'> <InPorts = 3> <OutPorts = 1>
ST_2 : Operation 1487 [1/1] (0.00ns) (grouped into LUT with out node index_365)   --->   "%sext_ln112_90 = sext i13 %data_round_90" [firmware/nnet_utils/nnet_activation.h:112]   --->   Operation 1487 'sext' 'sext_ln112_90' <Predicate = true> <Delay = 0.00>
ST_2 : Operation 1488 [1/1] (2.13ns) (out node of the LUT)   --->   "%index_365 = add i14 %sext_ln112_90, i14 512" [firmware/nnet_utils/nnet_activation.h:116]   --->   Operation 1488 'add' 'index_365' <Predicate = true> <Delay = 2.13> <CoreInst = "Adder">   --->   Core 1 'Adder' <Latency = 0> <II = 1> <Delay = 2.13> <FuncUnit> <Opcode : 'add' 'sub'> <InPorts = 2> <OutPorts = 1>
ST_2 : Operation 1489 [1/1] (0.00ns)   --->   "%trunc_ln113_180 = trunc i14 %index_365" [firmware/nnet_utils/nnet_activation.h:113]   --->   Operation 1489 'trunc' 'trunc_ln113_180' <Predicate = true> <Delay = 0.00>
ST_2 : Operation 1490 [1/1] (0.00ns)   --->   "%tmp_648 = bitselect i1 @_ssdm_op_BitSelect.i1.i14.i32, i14 %index_365, i32 13" [firmware/nnet_utils/nnet_activation.h:117]   --->   Operation 1490 'bitselect' 'tmp_648' <Predicate = true> <Delay = 0.00>
ST_2 : Operation 1491 [1/1] (0.69ns)   --->   "%index_366 = select i1 %tmp_648, i13 0, i13 %trunc_ln113_180" [firmware/nnet_utils/nnet_activation.h:117]   --->   Operation 1491 'select' 'index_366' <Predicate = true> <Delay = 0.69> <CoreInst = "Sel">   --->   Core 73 'Sel' <Latency = 0> <II = 1> <Delay = 0.69> <FuncUnit> <Opcode : 'select'> <InPorts = 3> <OutPorts = 1>
ST_2 : Operation 1492 [1/1] (0.00ns)   --->   "%trunc_ln113_181 = trunc i13 %index_366" [firmware/nnet_utils/nnet_activation.h:113]   --->   Operation 1492 'trunc' 'trunc_ln113_181' <Predicate = true> <Delay = 0.00>
ST_2 : Operation 1493 [1/1] (0.00ns)   --->   "%tmp_649 = partselect i3 @_ssdm_op_PartSelect.i3.i13.i32.i32, i13 %index_366, i32 10, i32 12" [firmware/nnet_utils/nnet_activation.h:119]   --->   Operation 1493 'partselect' 'tmp_649' <Predicate = true> <Delay = 0.00>
ST_2 : Operation 1494 [1/1] (0.00ns) (grouped into LUT with out node index_368)   --->   "%tmp_651 = bitselect i1 @_ssdm_op_BitSelect.i1.i14.i32, i14 %data_91_val_read, i32 13" [firmware/nnet_utils/nnet_activation.h:115]   --->   Operation 1494 'bitselect' 'tmp_651' <Predicate = true> <Delay = 0.00>
ST_2 : Operation 1495 [1/1] (0.00ns) (grouped into LUT with out node index_368)   --->   "%select_ln115_91 = select i1 %icmp_ln115_91, i13 %add_ln115_91, i13 %tmp_454" [firmware/nnet_utils/nnet_activation.h:115]   --->   Operation 1495 'select' 'select_ln115_91' <Predicate = true> <Delay = 0.00> <CoreInst = "Sel">   --->   Core 73 'Sel' <Latency = 0> <II = 1> <Delay = 0.69> <FuncUnit> <Opcode : 'select'> <InPorts = 3> <OutPorts = 1>
ST_2 : Operation 1496 [1/1] (0.00ns) (grouped into LUT with out node index_368)   --->   "%data_round_91 = select i1 %tmp_651, i13 %select_ln115_91, i13 %tmp_454" [firmware/nnet_utils/nnet_activation.h:115]   --->   Operation 1496 'select' 'data_round_91' <Predicate = true> <Delay = 0.00> <CoreInst = "Sel">   --->   Core 73 'Sel' <Latency = 0> <II = 1> <Delay = 0.69> <FuncUnit> <Opcode : 'select'> <InPorts = 3> <OutPorts = 1>
ST_2 : Operation 1497 [1/1] (0.00ns) (grouped into LUT with out node index_368)   --->   "%sext_ln112_91 = sext i13 %data_round_91" [firmware/nnet_utils/nnet_activation.h:112]   --->   Operation 1497 'sext' 'sext_ln112_91' <Predicate = true> <Delay = 0.00>
ST_2 : Operation 1498 [1/1] (2.13ns) (out node of the LUT)   --->   "%index_368 = add i14 %sext_ln112_91, i14 512" [firmware/nnet_utils/nnet_activation.h:116]   --->   Operation 1498 'add' 'index_368' <Predicate = true> <Delay = 2.13> <CoreInst = "Adder">   --->   Core 1 'Adder' <Latency = 0> <II = 1> <Delay = 2.13> <FuncUnit> <Opcode : 'add' 'sub'> <InPorts = 2> <OutPorts = 1>
ST_2 : Operation 1499 [1/1] (0.00ns)   --->   "%trunc_ln113_182 = trunc i14 %index_368" [firmware/nnet_utils/nnet_activation.h:113]   --->   Operation 1499 'trunc' 'trunc_ln113_182' <Predicate = true> <Delay = 0.00>
ST_2 : Operation 1500 [1/1] (0.00ns)   --->   "%tmp_652 = bitselect i1 @_ssdm_op_BitSelect.i1.i14.i32, i14 %index_368, i32 13" [firmware/nnet_utils/nnet_activation.h:117]   --->   Operation 1500 'bitselect' 'tmp_652' <Predicate = true> <Delay = 0.00>
ST_2 : Operation 1501 [1/1] (0.69ns)   --->   "%index_369 = select i1 %tmp_652, i13 0, i13 %trunc_ln113_182" [firmware/nnet_utils/nnet_activation.h:117]   --->   Operation 1501 'select' 'index_369' <Predicate = true> <Delay = 0.69> <CoreInst = "Sel">   --->   Core 73 'Sel' <Latency = 0> <II = 1> <Delay = 0.69> <FuncUnit> <Opcode : 'select'> <InPorts = 3> <OutPorts = 1>
ST_2 : Operation 1502 [1/1] (0.00ns)   --->   "%trunc_ln113_183 = trunc i13 %index_369" [firmware/nnet_utils/nnet_activation.h:113]   --->   Operation 1502 'trunc' 'trunc_ln113_183' <Predicate = true> <Delay = 0.00>
ST_2 : Operation 1503 [1/1] (0.00ns)   --->   "%tmp_653 = partselect i3 @_ssdm_op_PartSelect.i3.i13.i32.i32, i13 %index_369, i32 10, i32 12" [firmware/nnet_utils/nnet_activation.h:119]   --->   Operation 1503 'partselect' 'tmp_653' <Predicate = true> <Delay = 0.00>
ST_2 : Operation 1504 [1/1] (0.00ns) (grouped into LUT with out node index_371)   --->   "%tmp_655 = bitselect i1 @_ssdm_op_BitSelect.i1.i14.i32, i14 %data_92_val_read, i32 13" [firmware/nnet_utils/nnet_activation.h:115]   --->   Operation 1504 'bitselect' 'tmp_655' <Predicate = true> <Delay = 0.00>
ST_2 : Operation 1505 [1/1] (0.00ns) (grouped into LUT with out node index_371)   --->   "%select_ln115_92 = select i1 %icmp_ln115_92, i13 %add_ln115_92, i13 %tmp_459" [firmware/nnet_utils/nnet_activation.h:115]   --->   Operation 1505 'select' 'select_ln115_92' <Predicate = true> <Delay = 0.00> <CoreInst = "Sel">   --->   Core 73 'Sel' <Latency = 0> <II = 1> <Delay = 0.69> <FuncUnit> <Opcode : 'select'> <InPorts = 3> <OutPorts = 1>
ST_2 : Operation 1506 [1/1] (0.00ns) (grouped into LUT with out node index_371)   --->   "%data_round_92 = select i1 %tmp_655, i13 %select_ln115_92, i13 %tmp_459" [firmware/nnet_utils/nnet_activation.h:115]   --->   Operation 1506 'select' 'data_round_92' <Predicate = true> <Delay = 0.00> <CoreInst = "Sel">   --->   Core 73 'Sel' <Latency = 0> <II = 1> <Delay = 0.69> <FuncUnit> <Opcode : 'select'> <InPorts = 3> <OutPorts = 1>
ST_2 : Operation 1507 [1/1] (0.00ns) (grouped into LUT with out node index_371)   --->   "%sext_ln112_92 = sext i13 %data_round_92" [firmware/nnet_utils/nnet_activation.h:112]   --->   Operation 1507 'sext' 'sext_ln112_92' <Predicate = true> <Delay = 0.00>
ST_2 : Operation 1508 [1/1] (2.13ns) (out node of the LUT)   --->   "%index_371 = add i14 %sext_ln112_92, i14 512" [firmware/nnet_utils/nnet_activation.h:116]   --->   Operation 1508 'add' 'index_371' <Predicate = true> <Delay = 2.13> <CoreInst = "Adder">   --->   Core 1 'Adder' <Latency = 0> <II = 1> <Delay = 2.13> <FuncUnit> <Opcode : 'add' 'sub'> <InPorts = 2> <OutPorts = 1>
ST_2 : Operation 1509 [1/1] (0.00ns)   --->   "%trunc_ln113_184 = trunc i14 %index_371" [firmware/nnet_utils/nnet_activation.h:113]   --->   Operation 1509 'trunc' 'trunc_ln113_184' <Predicate = true> <Delay = 0.00>
ST_2 : Operation 1510 [1/1] (0.00ns)   --->   "%tmp_656 = bitselect i1 @_ssdm_op_BitSelect.i1.i14.i32, i14 %index_371, i32 13" [firmware/nnet_utils/nnet_activation.h:117]   --->   Operation 1510 'bitselect' 'tmp_656' <Predicate = true> <Delay = 0.00>
ST_2 : Operation 1511 [1/1] (0.69ns)   --->   "%index_372 = select i1 %tmp_656, i13 0, i13 %trunc_ln113_184" [firmware/nnet_utils/nnet_activation.h:117]   --->   Operation 1511 'select' 'index_372' <Predicate = true> <Delay = 0.69> <CoreInst = "Sel">   --->   Core 73 'Sel' <Latency = 0> <II = 1> <Delay = 0.69> <FuncUnit> <Opcode : 'select'> <InPorts = 3> <OutPorts = 1>
ST_2 : Operation 1512 [1/1] (0.00ns)   --->   "%trunc_ln113_185 = trunc i13 %index_372" [firmware/nnet_utils/nnet_activation.h:113]   --->   Operation 1512 'trunc' 'trunc_ln113_185' <Predicate = true> <Delay = 0.00>
ST_2 : Operation 1513 [1/1] (0.00ns)   --->   "%tmp_657 = partselect i3 @_ssdm_op_PartSelect.i3.i13.i32.i32, i13 %index_372, i32 10, i32 12" [firmware/nnet_utils/nnet_activation.h:119]   --->   Operation 1513 'partselect' 'tmp_657' <Predicate = true> <Delay = 0.00>
ST_2 : Operation 1514 [1/1] (0.00ns) (grouped into LUT with out node index_374)   --->   "%tmp_659 = bitselect i1 @_ssdm_op_BitSelect.i1.i14.i32, i14 %data_93_val_read, i32 13" [firmware/nnet_utils/nnet_activation.h:115]   --->   Operation 1514 'bitselect' 'tmp_659' <Predicate = true> <Delay = 0.00>
ST_2 : Operation 1515 [1/1] (0.00ns) (grouped into LUT with out node index_374)   --->   "%select_ln115_93 = select i1 %icmp_ln115_93, i13 %add_ln115_93, i13 %tmp_464" [firmware/nnet_utils/nnet_activation.h:115]   --->   Operation 1515 'select' 'select_ln115_93' <Predicate = true> <Delay = 0.00> <CoreInst = "Sel">   --->   Core 73 'Sel' <Latency = 0> <II = 1> <Delay = 0.69> <FuncUnit> <Opcode : 'select'> <InPorts = 3> <OutPorts = 1>
ST_2 : Operation 1516 [1/1] (0.00ns) (grouped into LUT with out node index_374)   --->   "%data_round_93 = select i1 %tmp_659, i13 %select_ln115_93, i13 %tmp_464" [firmware/nnet_utils/nnet_activation.h:115]   --->   Operation 1516 'select' 'data_round_93' <Predicate = true> <Delay = 0.00> <CoreInst = "Sel">   --->   Core 73 'Sel' <Latency = 0> <II = 1> <Delay = 0.69> <FuncUnit> <Opcode : 'select'> <InPorts = 3> <OutPorts = 1>
ST_2 : Operation 1517 [1/1] (0.00ns) (grouped into LUT with out node index_374)   --->   "%sext_ln112_93 = sext i13 %data_round_93" [firmware/nnet_utils/nnet_activation.h:112]   --->   Operation 1517 'sext' 'sext_ln112_93' <Predicate = true> <Delay = 0.00>
ST_2 : Operation 1518 [1/1] (2.13ns) (out node of the LUT)   --->   "%index_374 = add i14 %sext_ln112_93, i14 512" [firmware/nnet_utils/nnet_activation.h:116]   --->   Operation 1518 'add' 'index_374' <Predicate = true> <Delay = 2.13> <CoreInst = "Adder">   --->   Core 1 'Adder' <Latency = 0> <II = 1> <Delay = 2.13> <FuncUnit> <Opcode : 'add' 'sub'> <InPorts = 2> <OutPorts = 1>
ST_2 : Operation 1519 [1/1] (0.00ns)   --->   "%trunc_ln113_186 = trunc i14 %index_374" [firmware/nnet_utils/nnet_activation.h:113]   --->   Operation 1519 'trunc' 'trunc_ln113_186' <Predicate = true> <Delay = 0.00>
ST_2 : Operation 1520 [1/1] (0.00ns)   --->   "%tmp_660 = bitselect i1 @_ssdm_op_BitSelect.i1.i14.i32, i14 %index_374, i32 13" [firmware/nnet_utils/nnet_activation.h:117]   --->   Operation 1520 'bitselect' 'tmp_660' <Predicate = true> <Delay = 0.00>
ST_2 : Operation 1521 [1/1] (0.69ns)   --->   "%index_375 = select i1 %tmp_660, i13 0, i13 %trunc_ln113_186" [firmware/nnet_utils/nnet_activation.h:117]   --->   Operation 1521 'select' 'index_375' <Predicate = true> <Delay = 0.69> <CoreInst = "Sel">   --->   Core 73 'Sel' <Latency = 0> <II = 1> <Delay = 0.69> <FuncUnit> <Opcode : 'select'> <InPorts = 3> <OutPorts = 1>
ST_2 : Operation 1522 [1/1] (0.00ns)   --->   "%trunc_ln113_187 = trunc i13 %index_375" [firmware/nnet_utils/nnet_activation.h:113]   --->   Operation 1522 'trunc' 'trunc_ln113_187' <Predicate = true> <Delay = 0.00>
ST_2 : Operation 1523 [1/1] (0.00ns)   --->   "%tmp_661 = partselect i3 @_ssdm_op_PartSelect.i3.i13.i32.i32, i13 %index_375, i32 10, i32 12" [firmware/nnet_utils/nnet_activation.h:119]   --->   Operation 1523 'partselect' 'tmp_661' <Predicate = true> <Delay = 0.00>
ST_2 : Operation 1524 [1/1] (0.00ns) (grouped into LUT with out node index_377)   --->   "%tmp_663 = bitselect i1 @_ssdm_op_BitSelect.i1.i14.i32, i14 %data_94_val_read, i32 13" [firmware/nnet_utils/nnet_activation.h:115]   --->   Operation 1524 'bitselect' 'tmp_663' <Predicate = true> <Delay = 0.00>
ST_2 : Operation 1525 [1/1] (0.00ns) (grouped into LUT with out node index_377)   --->   "%select_ln115_94 = select i1 %icmp_ln115_94, i13 %add_ln115_94, i13 %tmp_469" [firmware/nnet_utils/nnet_activation.h:115]   --->   Operation 1525 'select' 'select_ln115_94' <Predicate = true> <Delay = 0.00> <CoreInst = "Sel">   --->   Core 73 'Sel' <Latency = 0> <II = 1> <Delay = 0.69> <FuncUnit> <Opcode : 'select'> <InPorts = 3> <OutPorts = 1>
ST_2 : Operation 1526 [1/1] (0.00ns) (grouped into LUT with out node index_377)   --->   "%data_round_94 = select i1 %tmp_663, i13 %select_ln115_94, i13 %tmp_469" [firmware/nnet_utils/nnet_activation.h:115]   --->   Operation 1526 'select' 'data_round_94' <Predicate = true> <Delay = 0.00> <CoreInst = "Sel">   --->   Core 73 'Sel' <Latency = 0> <II = 1> <Delay = 0.69> <FuncUnit> <Opcode : 'select'> <InPorts = 3> <OutPorts = 1>
ST_2 : Operation 1527 [1/1] (0.00ns) (grouped into LUT with out node index_377)   --->   "%sext_ln112_94 = sext i13 %data_round_94" [firmware/nnet_utils/nnet_activation.h:112]   --->   Operation 1527 'sext' 'sext_ln112_94' <Predicate = true> <Delay = 0.00>
ST_2 : Operation 1528 [1/1] (2.13ns) (out node of the LUT)   --->   "%index_377 = add i14 %sext_ln112_94, i14 512" [firmware/nnet_utils/nnet_activation.h:116]   --->   Operation 1528 'add' 'index_377' <Predicate = true> <Delay = 2.13> <CoreInst = "Adder">   --->   Core 1 'Adder' <Latency = 0> <II = 1> <Delay = 2.13> <FuncUnit> <Opcode : 'add' 'sub'> <InPorts = 2> <OutPorts = 1>
ST_2 : Operation 1529 [1/1] (0.00ns)   --->   "%trunc_ln113_188 = trunc i14 %index_377" [firmware/nnet_utils/nnet_activation.h:113]   --->   Operation 1529 'trunc' 'trunc_ln113_188' <Predicate = true> <Delay = 0.00>
ST_2 : Operation 1530 [1/1] (0.00ns)   --->   "%tmp_664 = bitselect i1 @_ssdm_op_BitSelect.i1.i14.i32, i14 %index_377, i32 13" [firmware/nnet_utils/nnet_activation.h:117]   --->   Operation 1530 'bitselect' 'tmp_664' <Predicate = true> <Delay = 0.00>
ST_2 : Operation 1531 [1/1] (0.69ns)   --->   "%index_378 = select i1 %tmp_664, i13 0, i13 %trunc_ln113_188" [firmware/nnet_utils/nnet_activation.h:117]   --->   Operation 1531 'select' 'index_378' <Predicate = true> <Delay = 0.69> <CoreInst = "Sel">   --->   Core 73 'Sel' <Latency = 0> <II = 1> <Delay = 0.69> <FuncUnit> <Opcode : 'select'> <InPorts = 3> <OutPorts = 1>
ST_2 : Operation 1532 [1/1] (0.00ns)   --->   "%trunc_ln113_189 = trunc i13 %index_378" [firmware/nnet_utils/nnet_activation.h:113]   --->   Operation 1532 'trunc' 'trunc_ln113_189' <Predicate = true> <Delay = 0.00>
ST_2 : Operation 1533 [1/1] (0.00ns)   --->   "%tmp_665 = partselect i3 @_ssdm_op_PartSelect.i3.i13.i32.i32, i13 %index_378, i32 10, i32 12" [firmware/nnet_utils/nnet_activation.h:119]   --->   Operation 1533 'partselect' 'tmp_665' <Predicate = true> <Delay = 0.00>
ST_2 : Operation 1534 [1/1] (0.00ns) (grouped into LUT with out node index_380)   --->   "%tmp_667 = bitselect i1 @_ssdm_op_BitSelect.i1.i14.i32, i14 %data_95_val_read, i32 13" [firmware/nnet_utils/nnet_activation.h:115]   --->   Operation 1534 'bitselect' 'tmp_667' <Predicate = true> <Delay = 0.00>
ST_2 : Operation 1535 [1/1] (0.00ns) (grouped into LUT with out node index_380)   --->   "%select_ln115_95 = select i1 %icmp_ln115_95, i13 %add_ln115_95, i13 %tmp_474" [firmware/nnet_utils/nnet_activation.h:115]   --->   Operation 1535 'select' 'select_ln115_95' <Predicate = true> <Delay = 0.00> <CoreInst = "Sel">   --->   Core 73 'Sel' <Latency = 0> <II = 1> <Delay = 0.69> <FuncUnit> <Opcode : 'select'> <InPorts = 3> <OutPorts = 1>
ST_2 : Operation 1536 [1/1] (0.00ns) (grouped into LUT with out node index_380)   --->   "%data_round_95 = select i1 %tmp_667, i13 %select_ln115_95, i13 %tmp_474" [firmware/nnet_utils/nnet_activation.h:115]   --->   Operation 1536 'select' 'data_round_95' <Predicate = true> <Delay = 0.00> <CoreInst = "Sel">   --->   Core 73 'Sel' <Latency = 0> <II = 1> <Delay = 0.69> <FuncUnit> <Opcode : 'select'> <InPorts = 3> <OutPorts = 1>
ST_2 : Operation 1537 [1/1] (0.00ns) (grouped into LUT with out node index_380)   --->   "%sext_ln112_95 = sext i13 %data_round_95" [firmware/nnet_utils/nnet_activation.h:112]   --->   Operation 1537 'sext' 'sext_ln112_95' <Predicate = true> <Delay = 0.00>
ST_2 : Operation 1538 [1/1] (2.13ns) (out node of the LUT)   --->   "%index_380 = add i14 %sext_ln112_95, i14 512" [firmware/nnet_utils/nnet_activation.h:116]   --->   Operation 1538 'add' 'index_380' <Predicate = true> <Delay = 2.13> <CoreInst = "Adder">   --->   Core 1 'Adder' <Latency = 0> <II = 1> <Delay = 2.13> <FuncUnit> <Opcode : 'add' 'sub'> <InPorts = 2> <OutPorts = 1>
ST_2 : Operation 1539 [1/1] (0.00ns)   --->   "%trunc_ln113_190 = trunc i14 %index_380" [firmware/nnet_utils/nnet_activation.h:113]   --->   Operation 1539 'trunc' 'trunc_ln113_190' <Predicate = true> <Delay = 0.00>
ST_2 : Operation 1540 [1/1] (0.00ns)   --->   "%tmp_668 = bitselect i1 @_ssdm_op_BitSelect.i1.i14.i32, i14 %index_380, i32 13" [firmware/nnet_utils/nnet_activation.h:117]   --->   Operation 1540 'bitselect' 'tmp_668' <Predicate = true> <Delay = 0.00>
ST_2 : Operation 1541 [1/1] (0.69ns)   --->   "%index_381 = select i1 %tmp_668, i13 0, i13 %trunc_ln113_190" [firmware/nnet_utils/nnet_activation.h:117]   --->   Operation 1541 'select' 'index_381' <Predicate = true> <Delay = 0.69> <CoreInst = "Sel">   --->   Core 73 'Sel' <Latency = 0> <II = 1> <Delay = 0.69> <FuncUnit> <Opcode : 'select'> <InPorts = 3> <OutPorts = 1>
ST_2 : Operation 1542 [1/1] (0.00ns)   --->   "%trunc_ln113_191 = trunc i13 %index_381" [firmware/nnet_utils/nnet_activation.h:113]   --->   Operation 1542 'trunc' 'trunc_ln113_191' <Predicate = true> <Delay = 0.00>
ST_2 : Operation 1543 [1/1] (0.00ns)   --->   "%tmp_669 = partselect i3 @_ssdm_op_PartSelect.i3.i13.i32.i32, i13 %index_381, i32 10, i32 12" [firmware/nnet_utils/nnet_activation.h:119]   --->   Operation 1543 'partselect' 'tmp_669' <Predicate = true> <Delay = 0.00>

State 3 <SV = 2> <Delay = 2.80>
ST_3 : Operation 1544 [1/1] (1.68ns)   --->   "%icmp_ln119 = icmp_ne  i3 %tmp_98, i3 0" [firmware/nnet_utils/nnet_activation.h:119]   --->   Operation 1544 'icmp' 'icmp_ln119' <Predicate = true> <Delay = 1.68> <CoreInst = "Cmp">   --->   Core 9 'Cmp' <Latency = 0> <II = 1> <Delay = 1.68> <FuncUnit> <Opcode : 'seteq' 'setne' 'setle' 'setge' 'setlt' 'setgt'> <InPorts = 2> <OutPorts = 1>
ST_3 : Operation 1545 [1/1] (1.12ns)   --->   "%index_97 = select i1 %icmp_ln119, i10 1023, i10 %trunc_ln113_1" [firmware/nnet_utils/nnet_activation.h:119]   --->   Operation 1545 'select' 'index_97' <Predicate = true> <Delay = 1.12> <CoreInst = "Sel">   --->   Core 73 'Sel' <Latency = 0> <II = 1> <Delay = 1.12> <FuncUnit> <Opcode : 'select'> <InPorts = 3> <OutPorts = 1>
ST_3 : Operation 1546 [1/1] (1.68ns)   --->   "%icmp_ln119_1 = icmp_ne  i3 %tmp_105, i3 0" [firmware/nnet_utils/nnet_activation.h:119]   --->   Operation 1546 'icmp' 'icmp_ln119_1' <Predicate = true> <Delay = 1.68> <CoreInst = "Cmp">   --->   Core 9 'Cmp' <Latency = 0> <II = 1> <Delay = 1.68> <FuncUnit> <Opcode : 'seteq' 'setne' 'setle' 'setge' 'setlt' 'setgt'> <InPorts = 2> <OutPorts = 1>
ST_3 : Operation 1547 [1/1] (1.12ns)   --->   "%index_100 = select i1 %icmp_ln119_1, i10 1023, i10 %trunc_ln113_3" [firmware/nnet_utils/nnet_activation.h:119]   --->   Operation 1547 'select' 'index_100' <Predicate = true> <Delay = 1.12> <CoreInst = "Sel">   --->   Core 73 'Sel' <Latency = 0> <II = 1> <Delay = 1.12> <FuncUnit> <Opcode : 'select'> <InPorts = 3> <OutPorts = 1>
ST_3 : Operation 1548 [1/1] (1.68ns)   --->   "%icmp_ln119_2 = icmp_ne  i3 %tmp_111, i3 0" [firmware/nnet_utils/nnet_activation.h:119]   --->   Operation 1548 'icmp' 'icmp_ln119_2' <Predicate = true> <Delay = 1.68> <CoreInst = "Cmp">   --->   Core 9 'Cmp' <Latency = 0> <II = 1> <Delay = 1.68> <FuncUnit> <Opcode : 'seteq' 'setne' 'setle' 'setge' 'setlt' 'setgt'> <InPorts = 2> <OutPorts = 1>
ST_3 : Operation 1549 [1/1] (1.12ns)   --->   "%index_103 = select i1 %icmp_ln119_2, i10 1023, i10 %trunc_ln113_5" [firmware/nnet_utils/nnet_activation.h:119]   --->   Operation 1549 'select' 'index_103' <Predicate = true> <Delay = 1.12> <CoreInst = "Sel">   --->   Core 73 'Sel' <Latency = 0> <II = 1> <Delay = 1.12> <FuncUnit> <Opcode : 'select'> <InPorts = 3> <OutPorts = 1>
ST_3 : Operation 1550 [1/1] (1.68ns)   --->   "%icmp_ln119_3 = icmp_ne  i3 %tmp_118, i3 0" [firmware/nnet_utils/nnet_activation.h:119]   --->   Operation 1550 'icmp' 'icmp_ln119_3' <Predicate = true> <Delay = 1.68> <CoreInst = "Cmp">   --->   Core 9 'Cmp' <Latency = 0> <II = 1> <Delay = 1.68> <FuncUnit> <Opcode : 'seteq' 'setne' 'setle' 'setge' 'setlt' 'setgt'> <InPorts = 2> <OutPorts = 1>
ST_3 : Operation 1551 [1/1] (1.12ns)   --->   "%index_106 = select i1 %icmp_ln119_3, i10 1023, i10 %trunc_ln113_7" [firmware/nnet_utils/nnet_activation.h:119]   --->   Operation 1551 'select' 'index_106' <Predicate = true> <Delay = 1.12> <CoreInst = "Sel">   --->   Core 73 'Sel' <Latency = 0> <II = 1> <Delay = 1.12> <FuncUnit> <Opcode : 'select'> <InPorts = 3> <OutPorts = 1>
ST_3 : Operation 1552 [1/1] (1.68ns)   --->   "%icmp_ln119_4 = icmp_ne  i3 %tmp_125, i3 0" [firmware/nnet_utils/nnet_activation.h:119]   --->   Operation 1552 'icmp' 'icmp_ln119_4' <Predicate = true> <Delay = 1.68> <CoreInst = "Cmp">   --->   Core 9 'Cmp' <Latency = 0> <II = 1> <Delay = 1.68> <FuncUnit> <Opcode : 'seteq' 'setne' 'setle' 'setge' 'setlt' 'setgt'> <InPorts = 2> <OutPorts = 1>
ST_3 : Operation 1553 [1/1] (1.12ns)   --->   "%index_109 = select i1 %icmp_ln119_4, i10 1023, i10 %trunc_ln113_9" [firmware/nnet_utils/nnet_activation.h:119]   --->   Operation 1553 'select' 'index_109' <Predicate = true> <Delay = 1.12> <CoreInst = "Sel">   --->   Core 73 'Sel' <Latency = 0> <II = 1> <Delay = 1.12> <FuncUnit> <Opcode : 'select'> <InPorts = 3> <OutPorts = 1>
ST_3 : Operation 1554 [1/1] (1.68ns)   --->   "%icmp_ln119_5 = icmp_ne  i3 %tmp_131, i3 0" [firmware/nnet_utils/nnet_activation.h:119]   --->   Operation 1554 'icmp' 'icmp_ln119_5' <Predicate = true> <Delay = 1.68> <CoreInst = "Cmp">   --->   Core 9 'Cmp' <Latency = 0> <II = 1> <Delay = 1.68> <FuncUnit> <Opcode : 'seteq' 'setne' 'setle' 'setge' 'setlt' 'setgt'> <InPorts = 2> <OutPorts = 1>
ST_3 : Operation 1555 [1/1] (1.12ns)   --->   "%index_112 = select i1 %icmp_ln119_5, i10 1023, i10 %trunc_ln113_11" [firmware/nnet_utils/nnet_activation.h:119]   --->   Operation 1555 'select' 'index_112' <Predicate = true> <Delay = 1.12> <CoreInst = "Sel">   --->   Core 73 'Sel' <Latency = 0> <II = 1> <Delay = 1.12> <FuncUnit> <Opcode : 'select'> <InPorts = 3> <OutPorts = 1>
ST_3 : Operation 1556 [1/1] (1.68ns)   --->   "%icmp_ln119_6 = icmp_ne  i3 %tmp_138, i3 0" [firmware/nnet_utils/nnet_activation.h:119]   --->   Operation 1556 'icmp' 'icmp_ln119_6' <Predicate = true> <Delay = 1.68> <CoreInst = "Cmp">   --->   Core 9 'Cmp' <Latency = 0> <II = 1> <Delay = 1.68> <FuncUnit> <Opcode : 'seteq' 'setne' 'setle' 'setge' 'setlt' 'setgt'> <InPorts = 2> <OutPorts = 1>
ST_3 : Operation 1557 [1/1] (1.12ns)   --->   "%index_115 = select i1 %icmp_ln119_6, i10 1023, i10 %trunc_ln113_13" [firmware/nnet_utils/nnet_activation.h:119]   --->   Operation 1557 'select' 'index_115' <Predicate = true> <Delay = 1.12> <CoreInst = "Sel">   --->   Core 73 'Sel' <Latency = 0> <II = 1> <Delay = 1.12> <FuncUnit> <Opcode : 'select'> <InPorts = 3> <OutPorts = 1>
ST_3 : Operation 1558 [1/1] (1.68ns)   --->   "%icmp_ln119_7 = icmp_ne  i3 %tmp_145, i3 0" [firmware/nnet_utils/nnet_activation.h:119]   --->   Operation 1558 'icmp' 'icmp_ln119_7' <Predicate = true> <Delay = 1.68> <CoreInst = "Cmp">   --->   Core 9 'Cmp' <Latency = 0> <II = 1> <Delay = 1.68> <FuncUnit> <Opcode : 'seteq' 'setne' 'setle' 'setge' 'setlt' 'setgt'> <InPorts = 2> <OutPorts = 1>
ST_3 : Operation 1559 [1/1] (1.12ns)   --->   "%index_118 = select i1 %icmp_ln119_7, i10 1023, i10 %trunc_ln113_15" [firmware/nnet_utils/nnet_activation.h:119]   --->   Operation 1559 'select' 'index_118' <Predicate = true> <Delay = 1.12> <CoreInst = "Sel">   --->   Core 73 'Sel' <Latency = 0> <II = 1> <Delay = 1.12> <FuncUnit> <Opcode : 'select'> <InPorts = 3> <OutPorts = 1>
ST_3 : Operation 1560 [1/1] (1.68ns)   --->   "%icmp_ln119_8 = icmp_ne  i3 %tmp_151, i3 0" [firmware/nnet_utils/nnet_activation.h:119]   --->   Operation 1560 'icmp' 'icmp_ln119_8' <Predicate = true> <Delay = 1.68> <CoreInst = "Cmp">   --->   Core 9 'Cmp' <Latency = 0> <II = 1> <Delay = 1.68> <FuncUnit> <Opcode : 'seteq' 'setne' 'setle' 'setge' 'setlt' 'setgt'> <InPorts = 2> <OutPorts = 1>
ST_3 : Operation 1561 [1/1] (1.12ns)   --->   "%index_121 = select i1 %icmp_ln119_8, i10 1023, i10 %trunc_ln113_17" [firmware/nnet_utils/nnet_activation.h:119]   --->   Operation 1561 'select' 'index_121' <Predicate = true> <Delay = 1.12> <CoreInst = "Sel">   --->   Core 73 'Sel' <Latency = 0> <II = 1> <Delay = 1.12> <FuncUnit> <Opcode : 'select'> <InPorts = 3> <OutPorts = 1>
ST_3 : Operation 1562 [1/1] (1.68ns)   --->   "%icmp_ln119_9 = icmp_ne  i3 %tmp_158, i3 0" [firmware/nnet_utils/nnet_activation.h:119]   --->   Operation 1562 'icmp' 'icmp_ln119_9' <Predicate = true> <Delay = 1.68> <CoreInst = "Cmp">   --->   Core 9 'Cmp' <Latency = 0> <II = 1> <Delay = 1.68> <FuncUnit> <Opcode : 'seteq' 'setne' 'setle' 'setge' 'setlt' 'setgt'> <InPorts = 2> <OutPorts = 1>
ST_3 : Operation 1563 [1/1] (1.12ns)   --->   "%index_124 = select i1 %icmp_ln119_9, i10 1023, i10 %trunc_ln113_19" [firmware/nnet_utils/nnet_activation.h:119]   --->   Operation 1563 'select' 'index_124' <Predicate = true> <Delay = 1.12> <CoreInst = "Sel">   --->   Core 73 'Sel' <Latency = 0> <II = 1> <Delay = 1.12> <FuncUnit> <Opcode : 'select'> <InPorts = 3> <OutPorts = 1>
ST_3 : Operation 1564 [1/1] (1.68ns)   --->   "%icmp_ln119_10 = icmp_ne  i3 %tmp_165, i3 0" [firmware/nnet_utils/nnet_activation.h:119]   --->   Operation 1564 'icmp' 'icmp_ln119_10' <Predicate = true> <Delay = 1.68> <CoreInst = "Cmp">   --->   Core 9 'Cmp' <Latency = 0> <II = 1> <Delay = 1.68> <FuncUnit> <Opcode : 'seteq' 'setne' 'setle' 'setge' 'setlt' 'setgt'> <InPorts = 2> <OutPorts = 1>
ST_3 : Operation 1565 [1/1] (1.12ns)   --->   "%index_127 = select i1 %icmp_ln119_10, i10 1023, i10 %trunc_ln113_21" [firmware/nnet_utils/nnet_activation.h:119]   --->   Operation 1565 'select' 'index_127' <Predicate = true> <Delay = 1.12> <CoreInst = "Sel">   --->   Core 73 'Sel' <Latency = 0> <II = 1> <Delay = 1.12> <FuncUnit> <Opcode : 'select'> <InPorts = 3> <OutPorts = 1>
ST_3 : Operation 1566 [1/1] (1.68ns)   --->   "%icmp_ln119_11 = icmp_ne  i3 %tmp_171, i3 0" [firmware/nnet_utils/nnet_activation.h:119]   --->   Operation 1566 'icmp' 'icmp_ln119_11' <Predicate = true> <Delay = 1.68> <CoreInst = "Cmp">   --->   Core 9 'Cmp' <Latency = 0> <II = 1> <Delay = 1.68> <FuncUnit> <Opcode : 'seteq' 'setne' 'setle' 'setge' 'setlt' 'setgt'> <InPorts = 2> <OutPorts = 1>
ST_3 : Operation 1567 [1/1] (1.12ns)   --->   "%index_130 = select i1 %icmp_ln119_11, i10 1023, i10 %trunc_ln113_23" [firmware/nnet_utils/nnet_activation.h:119]   --->   Operation 1567 'select' 'index_130' <Predicate = true> <Delay = 1.12> <CoreInst = "Sel">   --->   Core 73 'Sel' <Latency = 0> <II = 1> <Delay = 1.12> <FuncUnit> <Opcode : 'select'> <InPorts = 3> <OutPorts = 1>
ST_3 : Operation 1568 [1/1] (1.68ns)   --->   "%icmp_ln119_12 = icmp_ne  i3 %tmp_178, i3 0" [firmware/nnet_utils/nnet_activation.h:119]   --->   Operation 1568 'icmp' 'icmp_ln119_12' <Predicate = true> <Delay = 1.68> <CoreInst = "Cmp">   --->   Core 9 'Cmp' <Latency = 0> <II = 1> <Delay = 1.68> <FuncUnit> <Opcode : 'seteq' 'setne' 'setle' 'setge' 'setlt' 'setgt'> <InPorts = 2> <OutPorts = 1>
ST_3 : Operation 1569 [1/1] (1.12ns)   --->   "%index_133 = select i1 %icmp_ln119_12, i10 1023, i10 %trunc_ln113_25" [firmware/nnet_utils/nnet_activation.h:119]   --->   Operation 1569 'select' 'index_133' <Predicate = true> <Delay = 1.12> <CoreInst = "Sel">   --->   Core 73 'Sel' <Latency = 0> <II = 1> <Delay = 1.12> <FuncUnit> <Opcode : 'select'> <InPorts = 3> <OutPorts = 1>
ST_3 : Operation 1570 [1/1] (1.68ns)   --->   "%icmp_ln119_13 = icmp_ne  i3 %tmp_185, i3 0" [firmware/nnet_utils/nnet_activation.h:119]   --->   Operation 1570 'icmp' 'icmp_ln119_13' <Predicate = true> <Delay = 1.68> <CoreInst = "Cmp">   --->   Core 9 'Cmp' <Latency = 0> <II = 1> <Delay = 1.68> <FuncUnit> <Opcode : 'seteq' 'setne' 'setle' 'setge' 'setlt' 'setgt'> <InPorts = 2> <OutPorts = 1>
ST_3 : Operation 1571 [1/1] (1.12ns)   --->   "%index_136 = select i1 %icmp_ln119_13, i10 1023, i10 %trunc_ln113_27" [firmware/nnet_utils/nnet_activation.h:119]   --->   Operation 1571 'select' 'index_136' <Predicate = true> <Delay = 1.12> <CoreInst = "Sel">   --->   Core 73 'Sel' <Latency = 0> <II = 1> <Delay = 1.12> <FuncUnit> <Opcode : 'select'> <InPorts = 3> <OutPorts = 1>
ST_3 : Operation 1572 [1/1] (1.68ns)   --->   "%icmp_ln119_14 = icmp_ne  i3 %tmp_191, i3 0" [firmware/nnet_utils/nnet_activation.h:119]   --->   Operation 1572 'icmp' 'icmp_ln119_14' <Predicate = true> <Delay = 1.68> <CoreInst = "Cmp">   --->   Core 9 'Cmp' <Latency = 0> <II = 1> <Delay = 1.68> <FuncUnit> <Opcode : 'seteq' 'setne' 'setle' 'setge' 'setlt' 'setgt'> <InPorts = 2> <OutPorts = 1>
ST_3 : Operation 1573 [1/1] (1.12ns)   --->   "%index_139 = select i1 %icmp_ln119_14, i10 1023, i10 %trunc_ln113_29" [firmware/nnet_utils/nnet_activation.h:119]   --->   Operation 1573 'select' 'index_139' <Predicate = true> <Delay = 1.12> <CoreInst = "Sel">   --->   Core 73 'Sel' <Latency = 0> <II = 1> <Delay = 1.12> <FuncUnit> <Opcode : 'select'> <InPorts = 3> <OutPorts = 1>
ST_3 : Operation 1574 [1/1] (1.68ns)   --->   "%icmp_ln119_15 = icmp_ne  i3 %tmp_198, i3 0" [firmware/nnet_utils/nnet_activation.h:119]   --->   Operation 1574 'icmp' 'icmp_ln119_15' <Predicate = true> <Delay = 1.68> <CoreInst = "Cmp">   --->   Core 9 'Cmp' <Latency = 0> <II = 1> <Delay = 1.68> <FuncUnit> <Opcode : 'seteq' 'setne' 'setle' 'setge' 'setlt' 'setgt'> <InPorts = 2> <OutPorts = 1>
ST_3 : Operation 1575 [1/1] (1.12ns)   --->   "%index_142 = select i1 %icmp_ln119_15, i10 1023, i10 %trunc_ln113_31" [firmware/nnet_utils/nnet_activation.h:119]   --->   Operation 1575 'select' 'index_142' <Predicate = true> <Delay = 1.12> <CoreInst = "Sel">   --->   Core 73 'Sel' <Latency = 0> <II = 1> <Delay = 1.12> <FuncUnit> <Opcode : 'select'> <InPorts = 3> <OutPorts = 1>
ST_3 : Operation 1576 [1/1] (1.68ns)   --->   "%icmp_ln119_16 = icmp_ne  i3 %tmp_205, i3 0" [firmware/nnet_utils/nnet_activation.h:119]   --->   Operation 1576 'icmp' 'icmp_ln119_16' <Predicate = true> <Delay = 1.68> <CoreInst = "Cmp">   --->   Core 9 'Cmp' <Latency = 0> <II = 1> <Delay = 1.68> <FuncUnit> <Opcode : 'seteq' 'setne' 'setle' 'setge' 'setlt' 'setgt'> <InPorts = 2> <OutPorts = 1>
ST_3 : Operation 1577 [1/1] (1.12ns)   --->   "%index_145 = select i1 %icmp_ln119_16, i10 1023, i10 %trunc_ln113_33" [firmware/nnet_utils/nnet_activation.h:119]   --->   Operation 1577 'select' 'index_145' <Predicate = true> <Delay = 1.12> <CoreInst = "Sel">   --->   Core 73 'Sel' <Latency = 0> <II = 1> <Delay = 1.12> <FuncUnit> <Opcode : 'select'> <InPorts = 3> <OutPorts = 1>
ST_3 : Operation 1578 [1/1] (1.68ns)   --->   "%icmp_ln119_17 = icmp_ne  i3 %tmp_211, i3 0" [firmware/nnet_utils/nnet_activation.h:119]   --->   Operation 1578 'icmp' 'icmp_ln119_17' <Predicate = true> <Delay = 1.68> <CoreInst = "Cmp">   --->   Core 9 'Cmp' <Latency = 0> <II = 1> <Delay = 1.68> <FuncUnit> <Opcode : 'seteq' 'setne' 'setle' 'setge' 'setlt' 'setgt'> <InPorts = 2> <OutPorts = 1>
ST_3 : Operation 1579 [1/1] (1.12ns)   --->   "%index_148 = select i1 %icmp_ln119_17, i10 1023, i10 %trunc_ln113_35" [firmware/nnet_utils/nnet_activation.h:119]   --->   Operation 1579 'select' 'index_148' <Predicate = true> <Delay = 1.12> <CoreInst = "Sel">   --->   Core 73 'Sel' <Latency = 0> <II = 1> <Delay = 1.12> <FuncUnit> <Opcode : 'select'> <InPorts = 3> <OutPorts = 1>
ST_3 : Operation 1580 [1/1] (1.68ns)   --->   "%icmp_ln119_18 = icmp_ne  i3 %tmp_218, i3 0" [firmware/nnet_utils/nnet_activation.h:119]   --->   Operation 1580 'icmp' 'icmp_ln119_18' <Predicate = true> <Delay = 1.68> <CoreInst = "Cmp">   --->   Core 9 'Cmp' <Latency = 0> <II = 1> <Delay = 1.68> <FuncUnit> <Opcode : 'seteq' 'setne' 'setle' 'setge' 'setlt' 'setgt'> <InPorts = 2> <OutPorts = 1>
ST_3 : Operation 1581 [1/1] (1.12ns)   --->   "%index_151 = select i1 %icmp_ln119_18, i10 1023, i10 %trunc_ln113_37" [firmware/nnet_utils/nnet_activation.h:119]   --->   Operation 1581 'select' 'index_151' <Predicate = true> <Delay = 1.12> <CoreInst = "Sel">   --->   Core 73 'Sel' <Latency = 0> <II = 1> <Delay = 1.12> <FuncUnit> <Opcode : 'select'> <InPorts = 3> <OutPorts = 1>
ST_3 : Operation 1582 [1/1] (1.68ns)   --->   "%icmp_ln119_19 = icmp_ne  i3 %tmp_225, i3 0" [firmware/nnet_utils/nnet_activation.h:119]   --->   Operation 1582 'icmp' 'icmp_ln119_19' <Predicate = true> <Delay = 1.68> <CoreInst = "Cmp">   --->   Core 9 'Cmp' <Latency = 0> <II = 1> <Delay = 1.68> <FuncUnit> <Opcode : 'seteq' 'setne' 'setle' 'setge' 'setlt' 'setgt'> <InPorts = 2> <OutPorts = 1>
ST_3 : Operation 1583 [1/1] (1.12ns)   --->   "%index_154 = select i1 %icmp_ln119_19, i10 1023, i10 %trunc_ln113_39" [firmware/nnet_utils/nnet_activation.h:119]   --->   Operation 1583 'select' 'index_154' <Predicate = true> <Delay = 1.12> <CoreInst = "Sel">   --->   Core 73 'Sel' <Latency = 0> <II = 1> <Delay = 1.12> <FuncUnit> <Opcode : 'select'> <InPorts = 3> <OutPorts = 1>
ST_3 : Operation 1584 [1/1] (1.68ns)   --->   "%icmp_ln119_20 = icmp_ne  i3 %tmp_231, i3 0" [firmware/nnet_utils/nnet_activation.h:119]   --->   Operation 1584 'icmp' 'icmp_ln119_20' <Predicate = true> <Delay = 1.68> <CoreInst = "Cmp">   --->   Core 9 'Cmp' <Latency = 0> <II = 1> <Delay = 1.68> <FuncUnit> <Opcode : 'seteq' 'setne' 'setle' 'setge' 'setlt' 'setgt'> <InPorts = 2> <OutPorts = 1>
ST_3 : Operation 1585 [1/1] (1.12ns)   --->   "%index_157 = select i1 %icmp_ln119_20, i10 1023, i10 %trunc_ln113_41" [firmware/nnet_utils/nnet_activation.h:119]   --->   Operation 1585 'select' 'index_157' <Predicate = true> <Delay = 1.12> <CoreInst = "Sel">   --->   Core 73 'Sel' <Latency = 0> <II = 1> <Delay = 1.12> <FuncUnit> <Opcode : 'select'> <InPorts = 3> <OutPorts = 1>
ST_3 : Operation 1586 [1/1] (1.68ns)   --->   "%icmp_ln119_21 = icmp_ne  i3 %tmp_238, i3 0" [firmware/nnet_utils/nnet_activation.h:119]   --->   Operation 1586 'icmp' 'icmp_ln119_21' <Predicate = true> <Delay = 1.68> <CoreInst = "Cmp">   --->   Core 9 'Cmp' <Latency = 0> <II = 1> <Delay = 1.68> <FuncUnit> <Opcode : 'seteq' 'setne' 'setle' 'setge' 'setlt' 'setgt'> <InPorts = 2> <OutPorts = 1>
ST_3 : Operation 1587 [1/1] (1.12ns)   --->   "%index_160 = select i1 %icmp_ln119_21, i10 1023, i10 %trunc_ln113_43" [firmware/nnet_utils/nnet_activation.h:119]   --->   Operation 1587 'select' 'index_160' <Predicate = true> <Delay = 1.12> <CoreInst = "Sel">   --->   Core 73 'Sel' <Latency = 0> <II = 1> <Delay = 1.12> <FuncUnit> <Opcode : 'select'> <InPorts = 3> <OutPorts = 1>
ST_3 : Operation 1588 [1/1] (1.68ns)   --->   "%icmp_ln119_22 = icmp_ne  i3 %tmp_245, i3 0" [firmware/nnet_utils/nnet_activation.h:119]   --->   Operation 1588 'icmp' 'icmp_ln119_22' <Predicate = true> <Delay = 1.68> <CoreInst = "Cmp">   --->   Core 9 'Cmp' <Latency = 0> <II = 1> <Delay = 1.68> <FuncUnit> <Opcode : 'seteq' 'setne' 'setle' 'setge' 'setlt' 'setgt'> <InPorts = 2> <OutPorts = 1>
ST_3 : Operation 1589 [1/1] (1.12ns)   --->   "%index_163 = select i1 %icmp_ln119_22, i10 1023, i10 %trunc_ln113_45" [firmware/nnet_utils/nnet_activation.h:119]   --->   Operation 1589 'select' 'index_163' <Predicate = true> <Delay = 1.12> <CoreInst = "Sel">   --->   Core 73 'Sel' <Latency = 0> <II = 1> <Delay = 1.12> <FuncUnit> <Opcode : 'select'> <InPorts = 3> <OutPorts = 1>
ST_3 : Operation 1590 [1/1] (1.68ns)   --->   "%icmp_ln119_23 = icmp_ne  i3 %tmp_251, i3 0" [firmware/nnet_utils/nnet_activation.h:119]   --->   Operation 1590 'icmp' 'icmp_ln119_23' <Predicate = true> <Delay = 1.68> <CoreInst = "Cmp">   --->   Core 9 'Cmp' <Latency = 0> <II = 1> <Delay = 1.68> <FuncUnit> <Opcode : 'seteq' 'setne' 'setle' 'setge' 'setlt' 'setgt'> <InPorts = 2> <OutPorts = 1>
ST_3 : Operation 1591 [1/1] (1.12ns)   --->   "%index_166 = select i1 %icmp_ln119_23, i10 1023, i10 %trunc_ln113_47" [firmware/nnet_utils/nnet_activation.h:119]   --->   Operation 1591 'select' 'index_166' <Predicate = true> <Delay = 1.12> <CoreInst = "Sel">   --->   Core 73 'Sel' <Latency = 0> <II = 1> <Delay = 1.12> <FuncUnit> <Opcode : 'select'> <InPorts = 3> <OutPorts = 1>
ST_3 : Operation 1592 [1/1] (1.68ns)   --->   "%icmp_ln119_24 = icmp_ne  i3 %tmp_258, i3 0" [firmware/nnet_utils/nnet_activation.h:119]   --->   Operation 1592 'icmp' 'icmp_ln119_24' <Predicate = true> <Delay = 1.68> <CoreInst = "Cmp">   --->   Core 9 'Cmp' <Latency = 0> <II = 1> <Delay = 1.68> <FuncUnit> <Opcode : 'seteq' 'setne' 'setle' 'setge' 'setlt' 'setgt'> <InPorts = 2> <OutPorts = 1>
ST_3 : Operation 1593 [1/1] (1.12ns)   --->   "%index_169 = select i1 %icmp_ln119_24, i10 1023, i10 %trunc_ln113_49" [firmware/nnet_utils/nnet_activation.h:119]   --->   Operation 1593 'select' 'index_169' <Predicate = true> <Delay = 1.12> <CoreInst = "Sel">   --->   Core 73 'Sel' <Latency = 0> <II = 1> <Delay = 1.12> <FuncUnit> <Opcode : 'select'> <InPorts = 3> <OutPorts = 1>
ST_3 : Operation 1594 [1/1] (1.68ns)   --->   "%icmp_ln119_25 = icmp_ne  i3 %tmp_265, i3 0" [firmware/nnet_utils/nnet_activation.h:119]   --->   Operation 1594 'icmp' 'icmp_ln119_25' <Predicate = true> <Delay = 1.68> <CoreInst = "Cmp">   --->   Core 9 'Cmp' <Latency = 0> <II = 1> <Delay = 1.68> <FuncUnit> <Opcode : 'seteq' 'setne' 'setle' 'setge' 'setlt' 'setgt'> <InPorts = 2> <OutPorts = 1>
ST_3 : Operation 1595 [1/1] (1.12ns)   --->   "%index_172 = select i1 %icmp_ln119_25, i10 1023, i10 %trunc_ln113_51" [firmware/nnet_utils/nnet_activation.h:119]   --->   Operation 1595 'select' 'index_172' <Predicate = true> <Delay = 1.12> <CoreInst = "Sel">   --->   Core 73 'Sel' <Latency = 0> <II = 1> <Delay = 1.12> <FuncUnit> <Opcode : 'select'> <InPorts = 3> <OutPorts = 1>
ST_3 : Operation 1596 [1/1] (1.68ns)   --->   "%icmp_ln119_26 = icmp_ne  i3 %tmp_271, i3 0" [firmware/nnet_utils/nnet_activation.h:119]   --->   Operation 1596 'icmp' 'icmp_ln119_26' <Predicate = true> <Delay = 1.68> <CoreInst = "Cmp">   --->   Core 9 'Cmp' <Latency = 0> <II = 1> <Delay = 1.68> <FuncUnit> <Opcode : 'seteq' 'setne' 'setle' 'setge' 'setlt' 'setgt'> <InPorts = 2> <OutPorts = 1>
ST_3 : Operation 1597 [1/1] (1.12ns)   --->   "%index_175 = select i1 %icmp_ln119_26, i10 1023, i10 %trunc_ln113_53" [firmware/nnet_utils/nnet_activation.h:119]   --->   Operation 1597 'select' 'index_175' <Predicate = true> <Delay = 1.12> <CoreInst = "Sel">   --->   Core 73 'Sel' <Latency = 0> <II = 1> <Delay = 1.12> <FuncUnit> <Opcode : 'select'> <InPorts = 3> <OutPorts = 1>
ST_3 : Operation 1598 [1/1] (1.68ns)   --->   "%icmp_ln119_27 = icmp_ne  i3 %tmp_278, i3 0" [firmware/nnet_utils/nnet_activation.h:119]   --->   Operation 1598 'icmp' 'icmp_ln119_27' <Predicate = true> <Delay = 1.68> <CoreInst = "Cmp">   --->   Core 9 'Cmp' <Latency = 0> <II = 1> <Delay = 1.68> <FuncUnit> <Opcode : 'seteq' 'setne' 'setle' 'setge' 'setlt' 'setgt'> <InPorts = 2> <OutPorts = 1>
ST_3 : Operation 1599 [1/1] (1.12ns)   --->   "%index_178 = select i1 %icmp_ln119_27, i10 1023, i10 %trunc_ln113_55" [firmware/nnet_utils/nnet_activation.h:119]   --->   Operation 1599 'select' 'index_178' <Predicate = true> <Delay = 1.12> <CoreInst = "Sel">   --->   Core 73 'Sel' <Latency = 0> <II = 1> <Delay = 1.12> <FuncUnit> <Opcode : 'select'> <InPorts = 3> <OutPorts = 1>
ST_3 : Operation 1600 [1/1] (1.68ns)   --->   "%icmp_ln119_28 = icmp_ne  i3 %tmp_285, i3 0" [firmware/nnet_utils/nnet_activation.h:119]   --->   Operation 1600 'icmp' 'icmp_ln119_28' <Predicate = true> <Delay = 1.68> <CoreInst = "Cmp">   --->   Core 9 'Cmp' <Latency = 0> <II = 1> <Delay = 1.68> <FuncUnit> <Opcode : 'seteq' 'setne' 'setle' 'setge' 'setlt' 'setgt'> <InPorts = 2> <OutPorts = 1>
ST_3 : Operation 1601 [1/1] (1.12ns)   --->   "%index_181 = select i1 %icmp_ln119_28, i10 1023, i10 %trunc_ln113_57" [firmware/nnet_utils/nnet_activation.h:119]   --->   Operation 1601 'select' 'index_181' <Predicate = true> <Delay = 1.12> <CoreInst = "Sel">   --->   Core 73 'Sel' <Latency = 0> <II = 1> <Delay = 1.12> <FuncUnit> <Opcode : 'select'> <InPorts = 3> <OutPorts = 1>
ST_3 : Operation 1602 [1/1] (1.68ns)   --->   "%icmp_ln119_29 = icmp_ne  i3 %tmp_291, i3 0" [firmware/nnet_utils/nnet_activation.h:119]   --->   Operation 1602 'icmp' 'icmp_ln119_29' <Predicate = true> <Delay = 1.68> <CoreInst = "Cmp">   --->   Core 9 'Cmp' <Latency = 0> <II = 1> <Delay = 1.68> <FuncUnit> <Opcode : 'seteq' 'setne' 'setle' 'setge' 'setlt' 'setgt'> <InPorts = 2> <OutPorts = 1>
ST_3 : Operation 1603 [1/1] (1.12ns)   --->   "%index_184 = select i1 %icmp_ln119_29, i10 1023, i10 %trunc_ln113_59" [firmware/nnet_utils/nnet_activation.h:119]   --->   Operation 1603 'select' 'index_184' <Predicate = true> <Delay = 1.12> <CoreInst = "Sel">   --->   Core 73 'Sel' <Latency = 0> <II = 1> <Delay = 1.12> <FuncUnit> <Opcode : 'select'> <InPorts = 3> <OutPorts = 1>
ST_3 : Operation 1604 [1/1] (1.68ns)   --->   "%icmp_ln119_30 = icmp_ne  i3 %tmp_298, i3 0" [firmware/nnet_utils/nnet_activation.h:119]   --->   Operation 1604 'icmp' 'icmp_ln119_30' <Predicate = true> <Delay = 1.68> <CoreInst = "Cmp">   --->   Core 9 'Cmp' <Latency = 0> <II = 1> <Delay = 1.68> <FuncUnit> <Opcode : 'seteq' 'setne' 'setle' 'setge' 'setlt' 'setgt'> <InPorts = 2> <OutPorts = 1>
ST_3 : Operation 1605 [1/1] (1.12ns)   --->   "%index_187 = select i1 %icmp_ln119_30, i10 1023, i10 %trunc_ln113_61" [firmware/nnet_utils/nnet_activation.h:119]   --->   Operation 1605 'select' 'index_187' <Predicate = true> <Delay = 1.12> <CoreInst = "Sel">   --->   Core 73 'Sel' <Latency = 0> <II = 1> <Delay = 1.12> <FuncUnit> <Opcode : 'select'> <InPorts = 3> <OutPorts = 1>
ST_3 : Operation 1606 [1/1] (1.68ns)   --->   "%icmp_ln119_31 = icmp_ne  i3 %tmp_305, i3 0" [firmware/nnet_utils/nnet_activation.h:119]   --->   Operation 1606 'icmp' 'icmp_ln119_31' <Predicate = true> <Delay = 1.68> <CoreInst = "Cmp">   --->   Core 9 'Cmp' <Latency = 0> <II = 1> <Delay = 1.68> <FuncUnit> <Opcode : 'seteq' 'setne' 'setle' 'setge' 'setlt' 'setgt'> <InPorts = 2> <OutPorts = 1>
ST_3 : Operation 1607 [1/1] (1.12ns)   --->   "%index_190 = select i1 %icmp_ln119_31, i10 1023, i10 %trunc_ln113_63" [firmware/nnet_utils/nnet_activation.h:119]   --->   Operation 1607 'select' 'index_190' <Predicate = true> <Delay = 1.12> <CoreInst = "Sel">   --->   Core 73 'Sel' <Latency = 0> <II = 1> <Delay = 1.12> <FuncUnit> <Opcode : 'select'> <InPorts = 3> <OutPorts = 1>
ST_3 : Operation 1608 [1/1] (1.68ns)   --->   "%icmp_ln119_32 = icmp_ne  i3 %tmp_311, i3 0" [firmware/nnet_utils/nnet_activation.h:119]   --->   Operation 1608 'icmp' 'icmp_ln119_32' <Predicate = true> <Delay = 1.68> <CoreInst = "Cmp">   --->   Core 9 'Cmp' <Latency = 0> <II = 1> <Delay = 1.68> <FuncUnit> <Opcode : 'seteq' 'setne' 'setle' 'setge' 'setlt' 'setgt'> <InPorts = 2> <OutPorts = 1>
ST_3 : Operation 1609 [1/1] (1.12ns)   --->   "%index_193 = select i1 %icmp_ln119_32, i10 1023, i10 %trunc_ln113_65" [firmware/nnet_utils/nnet_activation.h:119]   --->   Operation 1609 'select' 'index_193' <Predicate = true> <Delay = 1.12> <CoreInst = "Sel">   --->   Core 73 'Sel' <Latency = 0> <II = 1> <Delay = 1.12> <FuncUnit> <Opcode : 'select'> <InPorts = 3> <OutPorts = 1>
ST_3 : Operation 1610 [1/1] (1.68ns)   --->   "%icmp_ln119_33 = icmp_ne  i3 %tmp_318, i3 0" [firmware/nnet_utils/nnet_activation.h:119]   --->   Operation 1610 'icmp' 'icmp_ln119_33' <Predicate = true> <Delay = 1.68> <CoreInst = "Cmp">   --->   Core 9 'Cmp' <Latency = 0> <II = 1> <Delay = 1.68> <FuncUnit> <Opcode : 'seteq' 'setne' 'setle' 'setge' 'setlt' 'setgt'> <InPorts = 2> <OutPorts = 1>
ST_3 : Operation 1611 [1/1] (1.12ns)   --->   "%index_196 = select i1 %icmp_ln119_33, i10 1023, i10 %trunc_ln113_67" [firmware/nnet_utils/nnet_activation.h:119]   --->   Operation 1611 'select' 'index_196' <Predicate = true> <Delay = 1.12> <CoreInst = "Sel">   --->   Core 73 'Sel' <Latency = 0> <II = 1> <Delay = 1.12> <FuncUnit> <Opcode : 'select'> <InPorts = 3> <OutPorts = 1>
ST_3 : Operation 1612 [1/1] (1.68ns)   --->   "%icmp_ln119_34 = icmp_ne  i3 %tmp_325, i3 0" [firmware/nnet_utils/nnet_activation.h:119]   --->   Operation 1612 'icmp' 'icmp_ln119_34' <Predicate = true> <Delay = 1.68> <CoreInst = "Cmp">   --->   Core 9 'Cmp' <Latency = 0> <II = 1> <Delay = 1.68> <FuncUnit> <Opcode : 'seteq' 'setne' 'setle' 'setge' 'setlt' 'setgt'> <InPorts = 2> <OutPorts = 1>
ST_3 : Operation 1613 [1/1] (1.12ns)   --->   "%index_199 = select i1 %icmp_ln119_34, i10 1023, i10 %trunc_ln113_69" [firmware/nnet_utils/nnet_activation.h:119]   --->   Operation 1613 'select' 'index_199' <Predicate = true> <Delay = 1.12> <CoreInst = "Sel">   --->   Core 73 'Sel' <Latency = 0> <II = 1> <Delay = 1.12> <FuncUnit> <Opcode : 'select'> <InPorts = 3> <OutPorts = 1>
ST_3 : Operation 1614 [1/1] (1.68ns)   --->   "%icmp_ln119_35 = icmp_ne  i3 %tmp_331, i3 0" [firmware/nnet_utils/nnet_activation.h:119]   --->   Operation 1614 'icmp' 'icmp_ln119_35' <Predicate = true> <Delay = 1.68> <CoreInst = "Cmp">   --->   Core 9 'Cmp' <Latency = 0> <II = 1> <Delay = 1.68> <FuncUnit> <Opcode : 'seteq' 'setne' 'setle' 'setge' 'setlt' 'setgt'> <InPorts = 2> <OutPorts = 1>
ST_3 : Operation 1615 [1/1] (1.12ns)   --->   "%index_202 = select i1 %icmp_ln119_35, i10 1023, i10 %trunc_ln113_71" [firmware/nnet_utils/nnet_activation.h:119]   --->   Operation 1615 'select' 'index_202' <Predicate = true> <Delay = 1.12> <CoreInst = "Sel">   --->   Core 73 'Sel' <Latency = 0> <II = 1> <Delay = 1.12> <FuncUnit> <Opcode : 'select'> <InPorts = 3> <OutPorts = 1>
ST_3 : Operation 1616 [1/1] (1.68ns)   --->   "%icmp_ln119_36 = icmp_ne  i3 %tmp_338, i3 0" [firmware/nnet_utils/nnet_activation.h:119]   --->   Operation 1616 'icmp' 'icmp_ln119_36' <Predicate = true> <Delay = 1.68> <CoreInst = "Cmp">   --->   Core 9 'Cmp' <Latency = 0> <II = 1> <Delay = 1.68> <FuncUnit> <Opcode : 'seteq' 'setne' 'setle' 'setge' 'setlt' 'setgt'> <InPorts = 2> <OutPorts = 1>
ST_3 : Operation 1617 [1/1] (1.12ns)   --->   "%index_205 = select i1 %icmp_ln119_36, i10 1023, i10 %trunc_ln113_73" [firmware/nnet_utils/nnet_activation.h:119]   --->   Operation 1617 'select' 'index_205' <Predicate = true> <Delay = 1.12> <CoreInst = "Sel">   --->   Core 73 'Sel' <Latency = 0> <II = 1> <Delay = 1.12> <FuncUnit> <Opcode : 'select'> <InPorts = 3> <OutPorts = 1>
ST_3 : Operation 1618 [1/1] (1.68ns)   --->   "%icmp_ln119_37 = icmp_ne  i3 %tmp_345, i3 0" [firmware/nnet_utils/nnet_activation.h:119]   --->   Operation 1618 'icmp' 'icmp_ln119_37' <Predicate = true> <Delay = 1.68> <CoreInst = "Cmp">   --->   Core 9 'Cmp' <Latency = 0> <II = 1> <Delay = 1.68> <FuncUnit> <Opcode : 'seteq' 'setne' 'setle' 'setge' 'setlt' 'setgt'> <InPorts = 2> <OutPorts = 1>
ST_3 : Operation 1619 [1/1] (1.12ns)   --->   "%index_208 = select i1 %icmp_ln119_37, i10 1023, i10 %trunc_ln113_75" [firmware/nnet_utils/nnet_activation.h:119]   --->   Operation 1619 'select' 'index_208' <Predicate = true> <Delay = 1.12> <CoreInst = "Sel">   --->   Core 73 'Sel' <Latency = 0> <II = 1> <Delay = 1.12> <FuncUnit> <Opcode : 'select'> <InPorts = 3> <OutPorts = 1>
ST_3 : Operation 1620 [1/1] (1.68ns)   --->   "%icmp_ln119_38 = icmp_ne  i3 %tmp_351, i3 0" [firmware/nnet_utils/nnet_activation.h:119]   --->   Operation 1620 'icmp' 'icmp_ln119_38' <Predicate = true> <Delay = 1.68> <CoreInst = "Cmp">   --->   Core 9 'Cmp' <Latency = 0> <II = 1> <Delay = 1.68> <FuncUnit> <Opcode : 'seteq' 'setne' 'setle' 'setge' 'setlt' 'setgt'> <InPorts = 2> <OutPorts = 1>
ST_3 : Operation 1621 [1/1] (1.12ns)   --->   "%index_211 = select i1 %icmp_ln119_38, i10 1023, i10 %trunc_ln113_77" [firmware/nnet_utils/nnet_activation.h:119]   --->   Operation 1621 'select' 'index_211' <Predicate = true> <Delay = 1.12> <CoreInst = "Sel">   --->   Core 73 'Sel' <Latency = 0> <II = 1> <Delay = 1.12> <FuncUnit> <Opcode : 'select'> <InPorts = 3> <OutPorts = 1>
ST_3 : Operation 1622 [1/1] (1.68ns)   --->   "%icmp_ln119_39 = icmp_ne  i3 %tmp_358, i3 0" [firmware/nnet_utils/nnet_activation.h:119]   --->   Operation 1622 'icmp' 'icmp_ln119_39' <Predicate = true> <Delay = 1.68> <CoreInst = "Cmp">   --->   Core 9 'Cmp' <Latency = 0> <II = 1> <Delay = 1.68> <FuncUnit> <Opcode : 'seteq' 'setne' 'setle' 'setge' 'setlt' 'setgt'> <InPorts = 2> <OutPorts = 1>
ST_3 : Operation 1623 [1/1] (1.12ns)   --->   "%index_214 = select i1 %icmp_ln119_39, i10 1023, i10 %trunc_ln113_79" [firmware/nnet_utils/nnet_activation.h:119]   --->   Operation 1623 'select' 'index_214' <Predicate = true> <Delay = 1.12> <CoreInst = "Sel">   --->   Core 73 'Sel' <Latency = 0> <II = 1> <Delay = 1.12> <FuncUnit> <Opcode : 'select'> <InPorts = 3> <OutPorts = 1>
ST_3 : Operation 1624 [1/1] (1.68ns)   --->   "%icmp_ln119_40 = icmp_ne  i3 %tmp_365, i3 0" [firmware/nnet_utils/nnet_activation.h:119]   --->   Operation 1624 'icmp' 'icmp_ln119_40' <Predicate = true> <Delay = 1.68> <CoreInst = "Cmp">   --->   Core 9 'Cmp' <Latency = 0> <II = 1> <Delay = 1.68> <FuncUnit> <Opcode : 'seteq' 'setne' 'setle' 'setge' 'setlt' 'setgt'> <InPorts = 2> <OutPorts = 1>
ST_3 : Operation 1625 [1/1] (1.12ns)   --->   "%index_217 = select i1 %icmp_ln119_40, i10 1023, i10 %trunc_ln113_81" [firmware/nnet_utils/nnet_activation.h:119]   --->   Operation 1625 'select' 'index_217' <Predicate = true> <Delay = 1.12> <CoreInst = "Sel">   --->   Core 73 'Sel' <Latency = 0> <II = 1> <Delay = 1.12> <FuncUnit> <Opcode : 'select'> <InPorts = 3> <OutPorts = 1>
ST_3 : Operation 1626 [1/1] (1.68ns)   --->   "%icmp_ln119_41 = icmp_ne  i3 %tmp_371, i3 0" [firmware/nnet_utils/nnet_activation.h:119]   --->   Operation 1626 'icmp' 'icmp_ln119_41' <Predicate = true> <Delay = 1.68> <CoreInst = "Cmp">   --->   Core 9 'Cmp' <Latency = 0> <II = 1> <Delay = 1.68> <FuncUnit> <Opcode : 'seteq' 'setne' 'setle' 'setge' 'setlt' 'setgt'> <InPorts = 2> <OutPorts = 1>
ST_3 : Operation 1627 [1/1] (1.12ns)   --->   "%index_220 = select i1 %icmp_ln119_41, i10 1023, i10 %trunc_ln113_83" [firmware/nnet_utils/nnet_activation.h:119]   --->   Operation 1627 'select' 'index_220' <Predicate = true> <Delay = 1.12> <CoreInst = "Sel">   --->   Core 73 'Sel' <Latency = 0> <II = 1> <Delay = 1.12> <FuncUnit> <Opcode : 'select'> <InPorts = 3> <OutPorts = 1>
ST_3 : Operation 1628 [1/1] (1.68ns)   --->   "%icmp_ln119_42 = icmp_ne  i3 %tmp_378, i3 0" [firmware/nnet_utils/nnet_activation.h:119]   --->   Operation 1628 'icmp' 'icmp_ln119_42' <Predicate = true> <Delay = 1.68> <CoreInst = "Cmp">   --->   Core 9 'Cmp' <Latency = 0> <II = 1> <Delay = 1.68> <FuncUnit> <Opcode : 'seteq' 'setne' 'setle' 'setge' 'setlt' 'setgt'> <InPorts = 2> <OutPorts = 1>
ST_3 : Operation 1629 [1/1] (1.12ns)   --->   "%index_223 = select i1 %icmp_ln119_42, i10 1023, i10 %trunc_ln113_85" [firmware/nnet_utils/nnet_activation.h:119]   --->   Operation 1629 'select' 'index_223' <Predicate = true> <Delay = 1.12> <CoreInst = "Sel">   --->   Core 73 'Sel' <Latency = 0> <II = 1> <Delay = 1.12> <FuncUnit> <Opcode : 'select'> <InPorts = 3> <OutPorts = 1>
ST_3 : Operation 1630 [1/1] (1.68ns)   --->   "%icmp_ln119_43 = icmp_ne  i3 %tmp_385, i3 0" [firmware/nnet_utils/nnet_activation.h:119]   --->   Operation 1630 'icmp' 'icmp_ln119_43' <Predicate = true> <Delay = 1.68> <CoreInst = "Cmp">   --->   Core 9 'Cmp' <Latency = 0> <II = 1> <Delay = 1.68> <FuncUnit> <Opcode : 'seteq' 'setne' 'setle' 'setge' 'setlt' 'setgt'> <InPorts = 2> <OutPorts = 1>
ST_3 : Operation 1631 [1/1] (1.12ns)   --->   "%index_226 = select i1 %icmp_ln119_43, i10 1023, i10 %trunc_ln113_87" [firmware/nnet_utils/nnet_activation.h:119]   --->   Operation 1631 'select' 'index_226' <Predicate = true> <Delay = 1.12> <CoreInst = "Sel">   --->   Core 73 'Sel' <Latency = 0> <II = 1> <Delay = 1.12> <FuncUnit> <Opcode : 'select'> <InPorts = 3> <OutPorts = 1>
ST_3 : Operation 1632 [1/1] (1.68ns)   --->   "%icmp_ln119_44 = icmp_ne  i3 %tmp_391, i3 0" [firmware/nnet_utils/nnet_activation.h:119]   --->   Operation 1632 'icmp' 'icmp_ln119_44' <Predicate = true> <Delay = 1.68> <CoreInst = "Cmp">   --->   Core 9 'Cmp' <Latency = 0> <II = 1> <Delay = 1.68> <FuncUnit> <Opcode : 'seteq' 'setne' 'setle' 'setge' 'setlt' 'setgt'> <InPorts = 2> <OutPorts = 1>
ST_3 : Operation 1633 [1/1] (1.12ns)   --->   "%index_229 = select i1 %icmp_ln119_44, i10 1023, i10 %trunc_ln113_89" [firmware/nnet_utils/nnet_activation.h:119]   --->   Operation 1633 'select' 'index_229' <Predicate = true> <Delay = 1.12> <CoreInst = "Sel">   --->   Core 73 'Sel' <Latency = 0> <II = 1> <Delay = 1.12> <FuncUnit> <Opcode : 'select'> <InPorts = 3> <OutPorts = 1>
ST_3 : Operation 1634 [1/1] (1.68ns)   --->   "%icmp_ln119_45 = icmp_ne  i3 %tmp_398, i3 0" [firmware/nnet_utils/nnet_activation.h:119]   --->   Operation 1634 'icmp' 'icmp_ln119_45' <Predicate = true> <Delay = 1.68> <CoreInst = "Cmp">   --->   Core 9 'Cmp' <Latency = 0> <II = 1> <Delay = 1.68> <FuncUnit> <Opcode : 'seteq' 'setne' 'setle' 'setge' 'setlt' 'setgt'> <InPorts = 2> <OutPorts = 1>
ST_3 : Operation 1635 [1/1] (1.12ns)   --->   "%index_232 = select i1 %icmp_ln119_45, i10 1023, i10 %trunc_ln113_91" [firmware/nnet_utils/nnet_activation.h:119]   --->   Operation 1635 'select' 'index_232' <Predicate = true> <Delay = 1.12> <CoreInst = "Sel">   --->   Core 73 'Sel' <Latency = 0> <II = 1> <Delay = 1.12> <FuncUnit> <Opcode : 'select'> <InPorts = 3> <OutPorts = 1>
ST_3 : Operation 1636 [1/1] (1.68ns)   --->   "%icmp_ln119_46 = icmp_ne  i3 %tmp_405, i3 0" [firmware/nnet_utils/nnet_activation.h:119]   --->   Operation 1636 'icmp' 'icmp_ln119_46' <Predicate = true> <Delay = 1.68> <CoreInst = "Cmp">   --->   Core 9 'Cmp' <Latency = 0> <II = 1> <Delay = 1.68> <FuncUnit> <Opcode : 'seteq' 'setne' 'setle' 'setge' 'setlt' 'setgt'> <InPorts = 2> <OutPorts = 1>
ST_3 : Operation 1637 [1/1] (1.12ns)   --->   "%index_235 = select i1 %icmp_ln119_46, i10 1023, i10 %trunc_ln113_93" [firmware/nnet_utils/nnet_activation.h:119]   --->   Operation 1637 'select' 'index_235' <Predicate = true> <Delay = 1.12> <CoreInst = "Sel">   --->   Core 73 'Sel' <Latency = 0> <II = 1> <Delay = 1.12> <FuncUnit> <Opcode : 'select'> <InPorts = 3> <OutPorts = 1>
ST_3 : Operation 1638 [1/1] (1.68ns)   --->   "%icmp_ln119_47 = icmp_ne  i3 %tmp_411, i3 0" [firmware/nnet_utils/nnet_activation.h:119]   --->   Operation 1638 'icmp' 'icmp_ln119_47' <Predicate = true> <Delay = 1.68> <CoreInst = "Cmp">   --->   Core 9 'Cmp' <Latency = 0> <II = 1> <Delay = 1.68> <FuncUnit> <Opcode : 'seteq' 'setne' 'setle' 'setge' 'setlt' 'setgt'> <InPorts = 2> <OutPorts = 1>
ST_3 : Operation 1639 [1/1] (1.12ns)   --->   "%index_238 = select i1 %icmp_ln119_47, i10 1023, i10 %trunc_ln113_95" [firmware/nnet_utils/nnet_activation.h:119]   --->   Operation 1639 'select' 'index_238' <Predicate = true> <Delay = 1.12> <CoreInst = "Sel">   --->   Core 73 'Sel' <Latency = 0> <II = 1> <Delay = 1.12> <FuncUnit> <Opcode : 'select'> <InPorts = 3> <OutPorts = 1>
ST_3 : Operation 1640 [1/1] (1.68ns)   --->   "%icmp_ln119_48 = icmp_ne  i3 %tmp_418, i3 0" [firmware/nnet_utils/nnet_activation.h:119]   --->   Operation 1640 'icmp' 'icmp_ln119_48' <Predicate = true> <Delay = 1.68> <CoreInst = "Cmp">   --->   Core 9 'Cmp' <Latency = 0> <II = 1> <Delay = 1.68> <FuncUnit> <Opcode : 'seteq' 'setne' 'setle' 'setge' 'setlt' 'setgt'> <InPorts = 2> <OutPorts = 1>
ST_3 : Operation 1641 [1/1] (1.12ns)   --->   "%index_241 = select i1 %icmp_ln119_48, i10 1023, i10 %trunc_ln113_97" [firmware/nnet_utils/nnet_activation.h:119]   --->   Operation 1641 'select' 'index_241' <Predicate = true> <Delay = 1.12> <CoreInst = "Sel">   --->   Core 73 'Sel' <Latency = 0> <II = 1> <Delay = 1.12> <FuncUnit> <Opcode : 'select'> <InPorts = 3> <OutPorts = 1>
ST_3 : Operation 1642 [1/1] (1.68ns)   --->   "%icmp_ln119_49 = icmp_ne  i3 %tmp_425, i3 0" [firmware/nnet_utils/nnet_activation.h:119]   --->   Operation 1642 'icmp' 'icmp_ln119_49' <Predicate = true> <Delay = 1.68> <CoreInst = "Cmp">   --->   Core 9 'Cmp' <Latency = 0> <II = 1> <Delay = 1.68> <FuncUnit> <Opcode : 'seteq' 'setne' 'setle' 'setge' 'setlt' 'setgt'> <InPorts = 2> <OutPorts = 1>
ST_3 : Operation 1643 [1/1] (1.12ns)   --->   "%index_244 = select i1 %icmp_ln119_49, i10 1023, i10 %trunc_ln113_99" [firmware/nnet_utils/nnet_activation.h:119]   --->   Operation 1643 'select' 'index_244' <Predicate = true> <Delay = 1.12> <CoreInst = "Sel">   --->   Core 73 'Sel' <Latency = 0> <II = 1> <Delay = 1.12> <FuncUnit> <Opcode : 'select'> <InPorts = 3> <OutPorts = 1>
ST_3 : Operation 1644 [1/1] (1.68ns)   --->   "%icmp_ln119_50 = icmp_ne  i3 %tmp_431, i3 0" [firmware/nnet_utils/nnet_activation.h:119]   --->   Operation 1644 'icmp' 'icmp_ln119_50' <Predicate = true> <Delay = 1.68> <CoreInst = "Cmp">   --->   Core 9 'Cmp' <Latency = 0> <II = 1> <Delay = 1.68> <FuncUnit> <Opcode : 'seteq' 'setne' 'setle' 'setge' 'setlt' 'setgt'> <InPorts = 2> <OutPorts = 1>
ST_3 : Operation 1645 [1/1] (1.12ns)   --->   "%index_247 = select i1 %icmp_ln119_50, i10 1023, i10 %trunc_ln113_101" [firmware/nnet_utils/nnet_activation.h:119]   --->   Operation 1645 'select' 'index_247' <Predicate = true> <Delay = 1.12> <CoreInst = "Sel">   --->   Core 73 'Sel' <Latency = 0> <II = 1> <Delay = 1.12> <FuncUnit> <Opcode : 'select'> <InPorts = 3> <OutPorts = 1>
ST_3 : Operation 1646 [1/1] (1.68ns)   --->   "%icmp_ln119_51 = icmp_ne  i3 %tmp_438, i3 0" [firmware/nnet_utils/nnet_activation.h:119]   --->   Operation 1646 'icmp' 'icmp_ln119_51' <Predicate = true> <Delay = 1.68> <CoreInst = "Cmp">   --->   Core 9 'Cmp' <Latency = 0> <II = 1> <Delay = 1.68> <FuncUnit> <Opcode : 'seteq' 'setne' 'setle' 'setge' 'setlt' 'setgt'> <InPorts = 2> <OutPorts = 1>
ST_3 : Operation 1647 [1/1] (1.12ns)   --->   "%index_250 = select i1 %icmp_ln119_51, i10 1023, i10 %trunc_ln113_103" [firmware/nnet_utils/nnet_activation.h:119]   --->   Operation 1647 'select' 'index_250' <Predicate = true> <Delay = 1.12> <CoreInst = "Sel">   --->   Core 73 'Sel' <Latency = 0> <II = 1> <Delay = 1.12> <FuncUnit> <Opcode : 'select'> <InPorts = 3> <OutPorts = 1>
ST_3 : Operation 1648 [1/1] (1.68ns)   --->   "%icmp_ln119_52 = icmp_ne  i3 %tmp_445, i3 0" [firmware/nnet_utils/nnet_activation.h:119]   --->   Operation 1648 'icmp' 'icmp_ln119_52' <Predicate = true> <Delay = 1.68> <CoreInst = "Cmp">   --->   Core 9 'Cmp' <Latency = 0> <II = 1> <Delay = 1.68> <FuncUnit> <Opcode : 'seteq' 'setne' 'setle' 'setge' 'setlt' 'setgt'> <InPorts = 2> <OutPorts = 1>
ST_3 : Operation 1649 [1/1] (1.12ns)   --->   "%index_253 = select i1 %icmp_ln119_52, i10 1023, i10 %trunc_ln113_105" [firmware/nnet_utils/nnet_activation.h:119]   --->   Operation 1649 'select' 'index_253' <Predicate = true> <Delay = 1.12> <CoreInst = "Sel">   --->   Core 73 'Sel' <Latency = 0> <II = 1> <Delay = 1.12> <FuncUnit> <Opcode : 'select'> <InPorts = 3> <OutPorts = 1>
ST_3 : Operation 1650 [1/1] (1.68ns)   --->   "%icmp_ln119_53 = icmp_ne  i3 %tmp_451, i3 0" [firmware/nnet_utils/nnet_activation.h:119]   --->   Operation 1650 'icmp' 'icmp_ln119_53' <Predicate = true> <Delay = 1.68> <CoreInst = "Cmp">   --->   Core 9 'Cmp' <Latency = 0> <II = 1> <Delay = 1.68> <FuncUnit> <Opcode : 'seteq' 'setne' 'setle' 'setge' 'setlt' 'setgt'> <InPorts = 2> <OutPorts = 1>
ST_3 : Operation 1651 [1/1] (1.12ns)   --->   "%index_256 = select i1 %icmp_ln119_53, i10 1023, i10 %trunc_ln113_107" [firmware/nnet_utils/nnet_activation.h:119]   --->   Operation 1651 'select' 'index_256' <Predicate = true> <Delay = 1.12> <CoreInst = "Sel">   --->   Core 73 'Sel' <Latency = 0> <II = 1> <Delay = 1.12> <FuncUnit> <Opcode : 'select'> <InPorts = 3> <OutPorts = 1>
ST_3 : Operation 1652 [1/1] (1.68ns)   --->   "%icmp_ln119_54 = icmp_ne  i3 %tmp_458, i3 0" [firmware/nnet_utils/nnet_activation.h:119]   --->   Operation 1652 'icmp' 'icmp_ln119_54' <Predicate = true> <Delay = 1.68> <CoreInst = "Cmp">   --->   Core 9 'Cmp' <Latency = 0> <II = 1> <Delay = 1.68> <FuncUnit> <Opcode : 'seteq' 'setne' 'setle' 'setge' 'setlt' 'setgt'> <InPorts = 2> <OutPorts = 1>
ST_3 : Operation 1653 [1/1] (1.12ns)   --->   "%index_259 = select i1 %icmp_ln119_54, i10 1023, i10 %trunc_ln113_109" [firmware/nnet_utils/nnet_activation.h:119]   --->   Operation 1653 'select' 'index_259' <Predicate = true> <Delay = 1.12> <CoreInst = "Sel">   --->   Core 73 'Sel' <Latency = 0> <II = 1> <Delay = 1.12> <FuncUnit> <Opcode : 'select'> <InPorts = 3> <OutPorts = 1>
ST_3 : Operation 1654 [1/1] (1.68ns)   --->   "%icmp_ln119_55 = icmp_ne  i3 %tmp_465, i3 0" [firmware/nnet_utils/nnet_activation.h:119]   --->   Operation 1654 'icmp' 'icmp_ln119_55' <Predicate = true> <Delay = 1.68> <CoreInst = "Cmp">   --->   Core 9 'Cmp' <Latency = 0> <II = 1> <Delay = 1.68> <FuncUnit> <Opcode : 'seteq' 'setne' 'setle' 'setge' 'setlt' 'setgt'> <InPorts = 2> <OutPorts = 1>
ST_3 : Operation 1655 [1/1] (1.12ns)   --->   "%index_262 = select i1 %icmp_ln119_55, i10 1023, i10 %trunc_ln113_111" [firmware/nnet_utils/nnet_activation.h:119]   --->   Operation 1655 'select' 'index_262' <Predicate = true> <Delay = 1.12> <CoreInst = "Sel">   --->   Core 73 'Sel' <Latency = 0> <II = 1> <Delay = 1.12> <FuncUnit> <Opcode : 'select'> <InPorts = 3> <OutPorts = 1>
ST_3 : Operation 1656 [1/1] (1.68ns)   --->   "%icmp_ln119_56 = icmp_ne  i3 %tmp_471, i3 0" [firmware/nnet_utils/nnet_activation.h:119]   --->   Operation 1656 'icmp' 'icmp_ln119_56' <Predicate = true> <Delay = 1.68> <CoreInst = "Cmp">   --->   Core 9 'Cmp' <Latency = 0> <II = 1> <Delay = 1.68> <FuncUnit> <Opcode : 'seteq' 'setne' 'setle' 'setge' 'setlt' 'setgt'> <InPorts = 2> <OutPorts = 1>
ST_3 : Operation 1657 [1/1] (1.12ns)   --->   "%index_265 = select i1 %icmp_ln119_56, i10 1023, i10 %trunc_ln113_113" [firmware/nnet_utils/nnet_activation.h:119]   --->   Operation 1657 'select' 'index_265' <Predicate = true> <Delay = 1.12> <CoreInst = "Sel">   --->   Core 73 'Sel' <Latency = 0> <II = 1> <Delay = 1.12> <FuncUnit> <Opcode : 'select'> <InPorts = 3> <OutPorts = 1>
ST_3 : Operation 1658 [1/1] (1.68ns)   --->   "%icmp_ln119_57 = icmp_ne  i3 %tmp_478, i3 0" [firmware/nnet_utils/nnet_activation.h:119]   --->   Operation 1658 'icmp' 'icmp_ln119_57' <Predicate = true> <Delay = 1.68> <CoreInst = "Cmp">   --->   Core 9 'Cmp' <Latency = 0> <II = 1> <Delay = 1.68> <FuncUnit> <Opcode : 'seteq' 'setne' 'setle' 'setge' 'setlt' 'setgt'> <InPorts = 2> <OutPorts = 1>
ST_3 : Operation 1659 [1/1] (1.12ns)   --->   "%index_268 = select i1 %icmp_ln119_57, i10 1023, i10 %trunc_ln113_115" [firmware/nnet_utils/nnet_activation.h:119]   --->   Operation 1659 'select' 'index_268' <Predicate = true> <Delay = 1.12> <CoreInst = "Sel">   --->   Core 73 'Sel' <Latency = 0> <II = 1> <Delay = 1.12> <FuncUnit> <Opcode : 'select'> <InPorts = 3> <OutPorts = 1>
ST_3 : Operation 1660 [1/1] (1.68ns)   --->   "%icmp_ln119_58 = icmp_ne  i3 %tmp_483, i3 0" [firmware/nnet_utils/nnet_activation.h:119]   --->   Operation 1660 'icmp' 'icmp_ln119_58' <Predicate = true> <Delay = 1.68> <CoreInst = "Cmp">   --->   Core 9 'Cmp' <Latency = 0> <II = 1> <Delay = 1.68> <FuncUnit> <Opcode : 'seteq' 'setne' 'setle' 'setge' 'setlt' 'setgt'> <InPorts = 2> <OutPorts = 1>
ST_3 : Operation 1661 [1/1] (1.12ns)   --->   "%index_271 = select i1 %icmp_ln119_58, i10 1023, i10 %trunc_ln113_117" [firmware/nnet_utils/nnet_activation.h:119]   --->   Operation 1661 'select' 'index_271' <Predicate = true> <Delay = 1.12> <CoreInst = "Sel">   --->   Core 73 'Sel' <Latency = 0> <II = 1> <Delay = 1.12> <FuncUnit> <Opcode : 'select'> <InPorts = 3> <OutPorts = 1>
ST_3 : Operation 1662 [1/1] (1.68ns)   --->   "%icmp_ln119_59 = icmp_ne  i3 %tmp_488, i3 0" [firmware/nnet_utils/nnet_activation.h:119]   --->   Operation 1662 'icmp' 'icmp_ln119_59' <Predicate = true> <Delay = 1.68> <CoreInst = "Cmp">   --->   Core 9 'Cmp' <Latency = 0> <II = 1> <Delay = 1.68> <FuncUnit> <Opcode : 'seteq' 'setne' 'setle' 'setge' 'setlt' 'setgt'> <InPorts = 2> <OutPorts = 1>
ST_3 : Operation 1663 [1/1] (1.12ns)   --->   "%index_274 = select i1 %icmp_ln119_59, i10 1023, i10 %trunc_ln113_119" [firmware/nnet_utils/nnet_activation.h:119]   --->   Operation 1663 'select' 'index_274' <Predicate = true> <Delay = 1.12> <CoreInst = "Sel">   --->   Core 73 'Sel' <Latency = 0> <II = 1> <Delay = 1.12> <FuncUnit> <Opcode : 'select'> <InPorts = 3> <OutPorts = 1>
ST_3 : Operation 1664 [1/1] (1.68ns)   --->   "%icmp_ln119_60 = icmp_ne  i3 %tmp_493, i3 0" [firmware/nnet_utils/nnet_activation.h:119]   --->   Operation 1664 'icmp' 'icmp_ln119_60' <Predicate = true> <Delay = 1.68> <CoreInst = "Cmp">   --->   Core 9 'Cmp' <Latency = 0> <II = 1> <Delay = 1.68> <FuncUnit> <Opcode : 'seteq' 'setne' 'setle' 'setge' 'setlt' 'setgt'> <InPorts = 2> <OutPorts = 1>
ST_3 : Operation 1665 [1/1] (1.12ns)   --->   "%index_277 = select i1 %icmp_ln119_60, i10 1023, i10 %trunc_ln113_121" [firmware/nnet_utils/nnet_activation.h:119]   --->   Operation 1665 'select' 'index_277' <Predicate = true> <Delay = 1.12> <CoreInst = "Sel">   --->   Core 73 'Sel' <Latency = 0> <II = 1> <Delay = 1.12> <FuncUnit> <Opcode : 'select'> <InPorts = 3> <OutPorts = 1>
ST_3 : Operation 1666 [1/1] (1.68ns)   --->   "%icmp_ln119_61 = icmp_ne  i3 %tmp_498, i3 0" [firmware/nnet_utils/nnet_activation.h:119]   --->   Operation 1666 'icmp' 'icmp_ln119_61' <Predicate = true> <Delay = 1.68> <CoreInst = "Cmp">   --->   Core 9 'Cmp' <Latency = 0> <II = 1> <Delay = 1.68> <FuncUnit> <Opcode : 'seteq' 'setne' 'setle' 'setge' 'setlt' 'setgt'> <InPorts = 2> <OutPorts = 1>
ST_3 : Operation 1667 [1/1] (1.12ns)   --->   "%index_280 = select i1 %icmp_ln119_61, i10 1023, i10 %trunc_ln113_123" [firmware/nnet_utils/nnet_activation.h:119]   --->   Operation 1667 'select' 'index_280' <Predicate = true> <Delay = 1.12> <CoreInst = "Sel">   --->   Core 73 'Sel' <Latency = 0> <II = 1> <Delay = 1.12> <FuncUnit> <Opcode : 'select'> <InPorts = 3> <OutPorts = 1>
ST_3 : Operation 1668 [1/1] (1.68ns)   --->   "%icmp_ln119_62 = icmp_ne  i3 %tmp_503, i3 0" [firmware/nnet_utils/nnet_activation.h:119]   --->   Operation 1668 'icmp' 'icmp_ln119_62' <Predicate = true> <Delay = 1.68> <CoreInst = "Cmp">   --->   Core 9 'Cmp' <Latency = 0> <II = 1> <Delay = 1.68> <FuncUnit> <Opcode : 'seteq' 'setne' 'setle' 'setge' 'setlt' 'setgt'> <InPorts = 2> <OutPorts = 1>
ST_3 : Operation 1669 [1/1] (1.12ns)   --->   "%index_283 = select i1 %icmp_ln119_62, i10 1023, i10 %trunc_ln113_125" [firmware/nnet_utils/nnet_activation.h:119]   --->   Operation 1669 'select' 'index_283' <Predicate = true> <Delay = 1.12> <CoreInst = "Sel">   --->   Core 73 'Sel' <Latency = 0> <II = 1> <Delay = 1.12> <FuncUnit> <Opcode : 'select'> <InPorts = 3> <OutPorts = 1>
ST_3 : Operation 1670 [1/1] (1.68ns)   --->   "%icmp_ln119_63 = icmp_ne  i3 %tmp_508, i3 0" [firmware/nnet_utils/nnet_activation.h:119]   --->   Operation 1670 'icmp' 'icmp_ln119_63' <Predicate = true> <Delay = 1.68> <CoreInst = "Cmp">   --->   Core 9 'Cmp' <Latency = 0> <II = 1> <Delay = 1.68> <FuncUnit> <Opcode : 'seteq' 'setne' 'setle' 'setge' 'setlt' 'setgt'> <InPorts = 2> <OutPorts = 1>
ST_3 : Operation 1671 [1/1] (1.12ns)   --->   "%index_286 = select i1 %icmp_ln119_63, i10 1023, i10 %trunc_ln113_127" [firmware/nnet_utils/nnet_activation.h:119]   --->   Operation 1671 'select' 'index_286' <Predicate = true> <Delay = 1.12> <CoreInst = "Sel">   --->   Core 73 'Sel' <Latency = 0> <II = 1> <Delay = 1.12> <FuncUnit> <Opcode : 'select'> <InPorts = 3> <OutPorts = 1>
ST_3 : Operation 1672 [1/1] (1.68ns)   --->   "%icmp_ln119_64 = icmp_ne  i3 %tmp_513, i3 0" [firmware/nnet_utils/nnet_activation.h:119]   --->   Operation 1672 'icmp' 'icmp_ln119_64' <Predicate = true> <Delay = 1.68> <CoreInst = "Cmp">   --->   Core 9 'Cmp' <Latency = 0> <II = 1> <Delay = 1.68> <FuncUnit> <Opcode : 'seteq' 'setne' 'setle' 'setge' 'setlt' 'setgt'> <InPorts = 2> <OutPorts = 1>
ST_3 : Operation 1673 [1/1] (1.12ns)   --->   "%index_289 = select i1 %icmp_ln119_64, i10 1023, i10 %trunc_ln113_129" [firmware/nnet_utils/nnet_activation.h:119]   --->   Operation 1673 'select' 'index_289' <Predicate = true> <Delay = 1.12> <CoreInst = "Sel">   --->   Core 73 'Sel' <Latency = 0> <II = 1> <Delay = 1.12> <FuncUnit> <Opcode : 'select'> <InPorts = 3> <OutPorts = 1>
ST_3 : Operation 1674 [1/1] (1.68ns)   --->   "%icmp_ln119_65 = icmp_ne  i3 %tmp_518, i3 0" [firmware/nnet_utils/nnet_activation.h:119]   --->   Operation 1674 'icmp' 'icmp_ln119_65' <Predicate = true> <Delay = 1.68> <CoreInst = "Cmp">   --->   Core 9 'Cmp' <Latency = 0> <II = 1> <Delay = 1.68> <FuncUnit> <Opcode : 'seteq' 'setne' 'setle' 'setge' 'setlt' 'setgt'> <InPorts = 2> <OutPorts = 1>
ST_3 : Operation 1675 [1/1] (1.12ns)   --->   "%index_292 = select i1 %icmp_ln119_65, i10 1023, i10 %trunc_ln113_131" [firmware/nnet_utils/nnet_activation.h:119]   --->   Operation 1675 'select' 'index_292' <Predicate = true> <Delay = 1.12> <CoreInst = "Sel">   --->   Core 73 'Sel' <Latency = 0> <II = 1> <Delay = 1.12> <FuncUnit> <Opcode : 'select'> <InPorts = 3> <OutPorts = 1>
ST_3 : Operation 1676 [1/1] (1.68ns)   --->   "%icmp_ln119_66 = icmp_ne  i3 %tmp_523, i3 0" [firmware/nnet_utils/nnet_activation.h:119]   --->   Operation 1676 'icmp' 'icmp_ln119_66' <Predicate = true> <Delay = 1.68> <CoreInst = "Cmp">   --->   Core 9 'Cmp' <Latency = 0> <II = 1> <Delay = 1.68> <FuncUnit> <Opcode : 'seteq' 'setne' 'setle' 'setge' 'setlt' 'setgt'> <InPorts = 2> <OutPorts = 1>
ST_3 : Operation 1677 [1/1] (1.12ns)   --->   "%index_295 = select i1 %icmp_ln119_66, i10 1023, i10 %trunc_ln113_133" [firmware/nnet_utils/nnet_activation.h:119]   --->   Operation 1677 'select' 'index_295' <Predicate = true> <Delay = 1.12> <CoreInst = "Sel">   --->   Core 73 'Sel' <Latency = 0> <II = 1> <Delay = 1.12> <FuncUnit> <Opcode : 'select'> <InPorts = 3> <OutPorts = 1>
ST_3 : Operation 1678 [1/1] (1.68ns)   --->   "%icmp_ln119_67 = icmp_ne  i3 %tmp_528, i3 0" [firmware/nnet_utils/nnet_activation.h:119]   --->   Operation 1678 'icmp' 'icmp_ln119_67' <Predicate = true> <Delay = 1.68> <CoreInst = "Cmp">   --->   Core 9 'Cmp' <Latency = 0> <II = 1> <Delay = 1.68> <FuncUnit> <Opcode : 'seteq' 'setne' 'setle' 'setge' 'setlt' 'setgt'> <InPorts = 2> <OutPorts = 1>
ST_3 : Operation 1679 [1/1] (1.12ns)   --->   "%index_298 = select i1 %icmp_ln119_67, i10 1023, i10 %trunc_ln113_135" [firmware/nnet_utils/nnet_activation.h:119]   --->   Operation 1679 'select' 'index_298' <Predicate = true> <Delay = 1.12> <CoreInst = "Sel">   --->   Core 73 'Sel' <Latency = 0> <II = 1> <Delay = 1.12> <FuncUnit> <Opcode : 'select'> <InPorts = 3> <OutPorts = 1>
ST_3 : Operation 1680 [1/1] (1.68ns)   --->   "%icmp_ln119_68 = icmp_ne  i3 %tmp_533, i3 0" [firmware/nnet_utils/nnet_activation.h:119]   --->   Operation 1680 'icmp' 'icmp_ln119_68' <Predicate = true> <Delay = 1.68> <CoreInst = "Cmp">   --->   Core 9 'Cmp' <Latency = 0> <II = 1> <Delay = 1.68> <FuncUnit> <Opcode : 'seteq' 'setne' 'setle' 'setge' 'setlt' 'setgt'> <InPorts = 2> <OutPorts = 1>
ST_3 : Operation 1681 [1/1] (1.12ns)   --->   "%index_301 = select i1 %icmp_ln119_68, i10 1023, i10 %trunc_ln113_137" [firmware/nnet_utils/nnet_activation.h:119]   --->   Operation 1681 'select' 'index_301' <Predicate = true> <Delay = 1.12> <CoreInst = "Sel">   --->   Core 73 'Sel' <Latency = 0> <II = 1> <Delay = 1.12> <FuncUnit> <Opcode : 'select'> <InPorts = 3> <OutPorts = 1>
ST_3 : Operation 1682 [1/1] (1.68ns)   --->   "%icmp_ln119_69 = icmp_ne  i3 %tmp_538, i3 0" [firmware/nnet_utils/nnet_activation.h:119]   --->   Operation 1682 'icmp' 'icmp_ln119_69' <Predicate = true> <Delay = 1.68> <CoreInst = "Cmp">   --->   Core 9 'Cmp' <Latency = 0> <II = 1> <Delay = 1.68> <FuncUnit> <Opcode : 'seteq' 'setne' 'setle' 'setge' 'setlt' 'setgt'> <InPorts = 2> <OutPorts = 1>
ST_3 : Operation 1683 [1/1] (1.12ns)   --->   "%index_304 = select i1 %icmp_ln119_69, i10 1023, i10 %trunc_ln113_139" [firmware/nnet_utils/nnet_activation.h:119]   --->   Operation 1683 'select' 'index_304' <Predicate = true> <Delay = 1.12> <CoreInst = "Sel">   --->   Core 73 'Sel' <Latency = 0> <II = 1> <Delay = 1.12> <FuncUnit> <Opcode : 'select'> <InPorts = 3> <OutPorts = 1>
ST_3 : Operation 1684 [1/1] (1.68ns)   --->   "%icmp_ln119_70 = icmp_ne  i3 %tmp_543, i3 0" [firmware/nnet_utils/nnet_activation.h:119]   --->   Operation 1684 'icmp' 'icmp_ln119_70' <Predicate = true> <Delay = 1.68> <CoreInst = "Cmp">   --->   Core 9 'Cmp' <Latency = 0> <II = 1> <Delay = 1.68> <FuncUnit> <Opcode : 'seteq' 'setne' 'setle' 'setge' 'setlt' 'setgt'> <InPorts = 2> <OutPorts = 1>
ST_3 : Operation 1685 [1/1] (1.12ns)   --->   "%index_307 = select i1 %icmp_ln119_70, i10 1023, i10 %trunc_ln113_141" [firmware/nnet_utils/nnet_activation.h:119]   --->   Operation 1685 'select' 'index_307' <Predicate = true> <Delay = 1.12> <CoreInst = "Sel">   --->   Core 73 'Sel' <Latency = 0> <II = 1> <Delay = 1.12> <FuncUnit> <Opcode : 'select'> <InPorts = 3> <OutPorts = 1>
ST_3 : Operation 1686 [1/1] (1.68ns)   --->   "%icmp_ln119_71 = icmp_ne  i3 %tmp_548, i3 0" [firmware/nnet_utils/nnet_activation.h:119]   --->   Operation 1686 'icmp' 'icmp_ln119_71' <Predicate = true> <Delay = 1.68> <CoreInst = "Cmp">   --->   Core 9 'Cmp' <Latency = 0> <II = 1> <Delay = 1.68> <FuncUnit> <Opcode : 'seteq' 'setne' 'setle' 'setge' 'setlt' 'setgt'> <InPorts = 2> <OutPorts = 1>
ST_3 : Operation 1687 [1/1] (1.12ns)   --->   "%index_310 = select i1 %icmp_ln119_71, i10 1023, i10 %trunc_ln113_143" [firmware/nnet_utils/nnet_activation.h:119]   --->   Operation 1687 'select' 'index_310' <Predicate = true> <Delay = 1.12> <CoreInst = "Sel">   --->   Core 73 'Sel' <Latency = 0> <II = 1> <Delay = 1.12> <FuncUnit> <Opcode : 'select'> <InPorts = 3> <OutPorts = 1>
ST_3 : Operation 1688 [1/1] (1.68ns)   --->   "%icmp_ln119_72 = icmp_ne  i3 %tmp_577, i3 0" [firmware/nnet_utils/nnet_activation.h:119]   --->   Operation 1688 'icmp' 'icmp_ln119_72' <Predicate = true> <Delay = 1.68> <CoreInst = "Cmp">   --->   Core 9 'Cmp' <Latency = 0> <II = 1> <Delay = 1.68> <FuncUnit> <Opcode : 'seteq' 'setne' 'setle' 'setge' 'setlt' 'setgt'> <InPorts = 2> <OutPorts = 1>
ST_3 : Operation 1689 [1/1] (1.12ns)   --->   "%index_313 = select i1 %icmp_ln119_72, i10 1023, i10 %trunc_ln113_145" [firmware/nnet_utils/nnet_activation.h:119]   --->   Operation 1689 'select' 'index_313' <Predicate = true> <Delay = 1.12> <CoreInst = "Sel">   --->   Core 73 'Sel' <Latency = 0> <II = 1> <Delay = 1.12> <FuncUnit> <Opcode : 'select'> <InPorts = 3> <OutPorts = 1>
ST_3 : Operation 1690 [1/1] (1.68ns)   --->   "%icmp_ln119_73 = icmp_ne  i3 %tmp_581, i3 0" [firmware/nnet_utils/nnet_activation.h:119]   --->   Operation 1690 'icmp' 'icmp_ln119_73' <Predicate = true> <Delay = 1.68> <CoreInst = "Cmp">   --->   Core 9 'Cmp' <Latency = 0> <II = 1> <Delay = 1.68> <FuncUnit> <Opcode : 'seteq' 'setne' 'setle' 'setge' 'setlt' 'setgt'> <InPorts = 2> <OutPorts = 1>
ST_3 : Operation 1691 [1/1] (1.12ns)   --->   "%index_316 = select i1 %icmp_ln119_73, i10 1023, i10 %trunc_ln113_147" [firmware/nnet_utils/nnet_activation.h:119]   --->   Operation 1691 'select' 'index_316' <Predicate = true> <Delay = 1.12> <CoreInst = "Sel">   --->   Core 73 'Sel' <Latency = 0> <II = 1> <Delay = 1.12> <FuncUnit> <Opcode : 'select'> <InPorts = 3> <OutPorts = 1>
ST_3 : Operation 1692 [1/1] (1.68ns)   --->   "%icmp_ln119_74 = icmp_ne  i3 %tmp_585, i3 0" [firmware/nnet_utils/nnet_activation.h:119]   --->   Operation 1692 'icmp' 'icmp_ln119_74' <Predicate = true> <Delay = 1.68> <CoreInst = "Cmp">   --->   Core 9 'Cmp' <Latency = 0> <II = 1> <Delay = 1.68> <FuncUnit> <Opcode : 'seteq' 'setne' 'setle' 'setge' 'setlt' 'setgt'> <InPorts = 2> <OutPorts = 1>
ST_3 : Operation 1693 [1/1] (1.12ns)   --->   "%index_319 = select i1 %icmp_ln119_74, i10 1023, i10 %trunc_ln113_149" [firmware/nnet_utils/nnet_activation.h:119]   --->   Operation 1693 'select' 'index_319' <Predicate = true> <Delay = 1.12> <CoreInst = "Sel">   --->   Core 73 'Sel' <Latency = 0> <II = 1> <Delay = 1.12> <FuncUnit> <Opcode : 'select'> <InPorts = 3> <OutPorts = 1>
ST_3 : Operation 1694 [1/1] (1.68ns)   --->   "%icmp_ln119_75 = icmp_ne  i3 %tmp_589, i3 0" [firmware/nnet_utils/nnet_activation.h:119]   --->   Operation 1694 'icmp' 'icmp_ln119_75' <Predicate = true> <Delay = 1.68> <CoreInst = "Cmp">   --->   Core 9 'Cmp' <Latency = 0> <II = 1> <Delay = 1.68> <FuncUnit> <Opcode : 'seteq' 'setne' 'setle' 'setge' 'setlt' 'setgt'> <InPorts = 2> <OutPorts = 1>
ST_3 : Operation 1695 [1/1] (1.12ns)   --->   "%index_322 = select i1 %icmp_ln119_75, i10 1023, i10 %trunc_ln113_151" [firmware/nnet_utils/nnet_activation.h:119]   --->   Operation 1695 'select' 'index_322' <Predicate = true> <Delay = 1.12> <CoreInst = "Sel">   --->   Core 73 'Sel' <Latency = 0> <II = 1> <Delay = 1.12> <FuncUnit> <Opcode : 'select'> <InPorts = 3> <OutPorts = 1>
ST_3 : Operation 1696 [1/1] (1.68ns)   --->   "%icmp_ln119_76 = icmp_ne  i3 %tmp_593, i3 0" [firmware/nnet_utils/nnet_activation.h:119]   --->   Operation 1696 'icmp' 'icmp_ln119_76' <Predicate = true> <Delay = 1.68> <CoreInst = "Cmp">   --->   Core 9 'Cmp' <Latency = 0> <II = 1> <Delay = 1.68> <FuncUnit> <Opcode : 'seteq' 'setne' 'setle' 'setge' 'setlt' 'setgt'> <InPorts = 2> <OutPorts = 1>
ST_3 : Operation 1697 [1/1] (1.12ns)   --->   "%index_325 = select i1 %icmp_ln119_76, i10 1023, i10 %trunc_ln113_153" [firmware/nnet_utils/nnet_activation.h:119]   --->   Operation 1697 'select' 'index_325' <Predicate = true> <Delay = 1.12> <CoreInst = "Sel">   --->   Core 73 'Sel' <Latency = 0> <II = 1> <Delay = 1.12> <FuncUnit> <Opcode : 'select'> <InPorts = 3> <OutPorts = 1>
ST_3 : Operation 1698 [1/1] (1.68ns)   --->   "%icmp_ln119_77 = icmp_ne  i3 %tmp_597, i3 0" [firmware/nnet_utils/nnet_activation.h:119]   --->   Operation 1698 'icmp' 'icmp_ln119_77' <Predicate = true> <Delay = 1.68> <CoreInst = "Cmp">   --->   Core 9 'Cmp' <Latency = 0> <II = 1> <Delay = 1.68> <FuncUnit> <Opcode : 'seteq' 'setne' 'setle' 'setge' 'setlt' 'setgt'> <InPorts = 2> <OutPorts = 1>
ST_3 : Operation 1699 [1/1] (1.12ns)   --->   "%index_328 = select i1 %icmp_ln119_77, i10 1023, i10 %trunc_ln113_155" [firmware/nnet_utils/nnet_activation.h:119]   --->   Operation 1699 'select' 'index_328' <Predicate = true> <Delay = 1.12> <CoreInst = "Sel">   --->   Core 73 'Sel' <Latency = 0> <II = 1> <Delay = 1.12> <FuncUnit> <Opcode : 'select'> <InPorts = 3> <OutPorts = 1>
ST_3 : Operation 1700 [1/1] (1.68ns)   --->   "%icmp_ln119_78 = icmp_ne  i3 %tmp_601, i3 0" [firmware/nnet_utils/nnet_activation.h:119]   --->   Operation 1700 'icmp' 'icmp_ln119_78' <Predicate = true> <Delay = 1.68> <CoreInst = "Cmp">   --->   Core 9 'Cmp' <Latency = 0> <II = 1> <Delay = 1.68> <FuncUnit> <Opcode : 'seteq' 'setne' 'setle' 'setge' 'setlt' 'setgt'> <InPorts = 2> <OutPorts = 1>
ST_3 : Operation 1701 [1/1] (1.12ns)   --->   "%index_331 = select i1 %icmp_ln119_78, i10 1023, i10 %trunc_ln113_157" [firmware/nnet_utils/nnet_activation.h:119]   --->   Operation 1701 'select' 'index_331' <Predicate = true> <Delay = 1.12> <CoreInst = "Sel">   --->   Core 73 'Sel' <Latency = 0> <II = 1> <Delay = 1.12> <FuncUnit> <Opcode : 'select'> <InPorts = 3> <OutPorts = 1>
ST_3 : Operation 1702 [1/1] (1.68ns)   --->   "%icmp_ln119_79 = icmp_ne  i3 %tmp_605, i3 0" [firmware/nnet_utils/nnet_activation.h:119]   --->   Operation 1702 'icmp' 'icmp_ln119_79' <Predicate = true> <Delay = 1.68> <CoreInst = "Cmp">   --->   Core 9 'Cmp' <Latency = 0> <II = 1> <Delay = 1.68> <FuncUnit> <Opcode : 'seteq' 'setne' 'setle' 'setge' 'setlt' 'setgt'> <InPorts = 2> <OutPorts = 1>
ST_3 : Operation 1703 [1/1] (1.12ns)   --->   "%index_334 = select i1 %icmp_ln119_79, i10 1023, i10 %trunc_ln113_159" [firmware/nnet_utils/nnet_activation.h:119]   --->   Operation 1703 'select' 'index_334' <Predicate = true> <Delay = 1.12> <CoreInst = "Sel">   --->   Core 73 'Sel' <Latency = 0> <II = 1> <Delay = 1.12> <FuncUnit> <Opcode : 'select'> <InPorts = 3> <OutPorts = 1>
ST_3 : Operation 1704 [1/1] (1.68ns)   --->   "%icmp_ln119_80 = icmp_ne  i3 %tmp_609, i3 0" [firmware/nnet_utils/nnet_activation.h:119]   --->   Operation 1704 'icmp' 'icmp_ln119_80' <Predicate = true> <Delay = 1.68> <CoreInst = "Cmp">   --->   Core 9 'Cmp' <Latency = 0> <II = 1> <Delay = 1.68> <FuncUnit> <Opcode : 'seteq' 'setne' 'setle' 'setge' 'setlt' 'setgt'> <InPorts = 2> <OutPorts = 1>
ST_3 : Operation 1705 [1/1] (1.12ns)   --->   "%index_337 = select i1 %icmp_ln119_80, i10 1023, i10 %trunc_ln113_161" [firmware/nnet_utils/nnet_activation.h:119]   --->   Operation 1705 'select' 'index_337' <Predicate = true> <Delay = 1.12> <CoreInst = "Sel">   --->   Core 73 'Sel' <Latency = 0> <II = 1> <Delay = 1.12> <FuncUnit> <Opcode : 'select'> <InPorts = 3> <OutPorts = 1>
ST_3 : Operation 1706 [1/1] (1.68ns)   --->   "%icmp_ln119_81 = icmp_ne  i3 %tmp_613, i3 0" [firmware/nnet_utils/nnet_activation.h:119]   --->   Operation 1706 'icmp' 'icmp_ln119_81' <Predicate = true> <Delay = 1.68> <CoreInst = "Cmp">   --->   Core 9 'Cmp' <Latency = 0> <II = 1> <Delay = 1.68> <FuncUnit> <Opcode : 'seteq' 'setne' 'setle' 'setge' 'setlt' 'setgt'> <InPorts = 2> <OutPorts = 1>
ST_3 : Operation 1707 [1/1] (1.12ns)   --->   "%index_340 = select i1 %icmp_ln119_81, i10 1023, i10 %trunc_ln113_163" [firmware/nnet_utils/nnet_activation.h:119]   --->   Operation 1707 'select' 'index_340' <Predicate = true> <Delay = 1.12> <CoreInst = "Sel">   --->   Core 73 'Sel' <Latency = 0> <II = 1> <Delay = 1.12> <FuncUnit> <Opcode : 'select'> <InPorts = 3> <OutPorts = 1>
ST_3 : Operation 1708 [1/1] (1.68ns)   --->   "%icmp_ln119_82 = icmp_ne  i3 %tmp_617, i3 0" [firmware/nnet_utils/nnet_activation.h:119]   --->   Operation 1708 'icmp' 'icmp_ln119_82' <Predicate = true> <Delay = 1.68> <CoreInst = "Cmp">   --->   Core 9 'Cmp' <Latency = 0> <II = 1> <Delay = 1.68> <FuncUnit> <Opcode : 'seteq' 'setne' 'setle' 'setge' 'setlt' 'setgt'> <InPorts = 2> <OutPorts = 1>
ST_3 : Operation 1709 [1/1] (1.12ns)   --->   "%index_343 = select i1 %icmp_ln119_82, i10 1023, i10 %trunc_ln113_165" [firmware/nnet_utils/nnet_activation.h:119]   --->   Operation 1709 'select' 'index_343' <Predicate = true> <Delay = 1.12> <CoreInst = "Sel">   --->   Core 73 'Sel' <Latency = 0> <II = 1> <Delay = 1.12> <FuncUnit> <Opcode : 'select'> <InPorts = 3> <OutPorts = 1>
ST_3 : Operation 1710 [1/1] (1.68ns)   --->   "%icmp_ln119_83 = icmp_ne  i3 %tmp_621, i3 0" [firmware/nnet_utils/nnet_activation.h:119]   --->   Operation 1710 'icmp' 'icmp_ln119_83' <Predicate = true> <Delay = 1.68> <CoreInst = "Cmp">   --->   Core 9 'Cmp' <Latency = 0> <II = 1> <Delay = 1.68> <FuncUnit> <Opcode : 'seteq' 'setne' 'setle' 'setge' 'setlt' 'setgt'> <InPorts = 2> <OutPorts = 1>
ST_3 : Operation 1711 [1/1] (1.12ns)   --->   "%index_346 = select i1 %icmp_ln119_83, i10 1023, i10 %trunc_ln113_167" [firmware/nnet_utils/nnet_activation.h:119]   --->   Operation 1711 'select' 'index_346' <Predicate = true> <Delay = 1.12> <CoreInst = "Sel">   --->   Core 73 'Sel' <Latency = 0> <II = 1> <Delay = 1.12> <FuncUnit> <Opcode : 'select'> <InPorts = 3> <OutPorts = 1>
ST_3 : Operation 1712 [1/1] (1.68ns)   --->   "%icmp_ln119_84 = icmp_ne  i3 %tmp_625, i3 0" [firmware/nnet_utils/nnet_activation.h:119]   --->   Operation 1712 'icmp' 'icmp_ln119_84' <Predicate = true> <Delay = 1.68> <CoreInst = "Cmp">   --->   Core 9 'Cmp' <Latency = 0> <II = 1> <Delay = 1.68> <FuncUnit> <Opcode : 'seteq' 'setne' 'setle' 'setge' 'setlt' 'setgt'> <InPorts = 2> <OutPorts = 1>
ST_3 : Operation 1713 [1/1] (1.12ns)   --->   "%index_349 = select i1 %icmp_ln119_84, i10 1023, i10 %trunc_ln113_169" [firmware/nnet_utils/nnet_activation.h:119]   --->   Operation 1713 'select' 'index_349' <Predicate = true> <Delay = 1.12> <CoreInst = "Sel">   --->   Core 73 'Sel' <Latency = 0> <II = 1> <Delay = 1.12> <FuncUnit> <Opcode : 'select'> <InPorts = 3> <OutPorts = 1>
ST_3 : Operation 1714 [1/1] (1.68ns)   --->   "%icmp_ln119_85 = icmp_ne  i3 %tmp_629, i3 0" [firmware/nnet_utils/nnet_activation.h:119]   --->   Operation 1714 'icmp' 'icmp_ln119_85' <Predicate = true> <Delay = 1.68> <CoreInst = "Cmp">   --->   Core 9 'Cmp' <Latency = 0> <II = 1> <Delay = 1.68> <FuncUnit> <Opcode : 'seteq' 'setne' 'setle' 'setge' 'setlt' 'setgt'> <InPorts = 2> <OutPorts = 1>
ST_3 : Operation 1715 [1/1] (1.12ns)   --->   "%index_352 = select i1 %icmp_ln119_85, i10 1023, i10 %trunc_ln113_171" [firmware/nnet_utils/nnet_activation.h:119]   --->   Operation 1715 'select' 'index_352' <Predicate = true> <Delay = 1.12> <CoreInst = "Sel">   --->   Core 73 'Sel' <Latency = 0> <II = 1> <Delay = 1.12> <FuncUnit> <Opcode : 'select'> <InPorts = 3> <OutPorts = 1>
ST_3 : Operation 1716 [1/1] (1.68ns)   --->   "%icmp_ln119_86 = icmp_ne  i3 %tmp_633, i3 0" [firmware/nnet_utils/nnet_activation.h:119]   --->   Operation 1716 'icmp' 'icmp_ln119_86' <Predicate = true> <Delay = 1.68> <CoreInst = "Cmp">   --->   Core 9 'Cmp' <Latency = 0> <II = 1> <Delay = 1.68> <FuncUnit> <Opcode : 'seteq' 'setne' 'setle' 'setge' 'setlt' 'setgt'> <InPorts = 2> <OutPorts = 1>
ST_3 : Operation 1717 [1/1] (1.12ns)   --->   "%index_355 = select i1 %icmp_ln119_86, i10 1023, i10 %trunc_ln113_173" [firmware/nnet_utils/nnet_activation.h:119]   --->   Operation 1717 'select' 'index_355' <Predicate = true> <Delay = 1.12> <CoreInst = "Sel">   --->   Core 73 'Sel' <Latency = 0> <II = 1> <Delay = 1.12> <FuncUnit> <Opcode : 'select'> <InPorts = 3> <OutPorts = 1>
ST_3 : Operation 1718 [1/1] (1.68ns)   --->   "%icmp_ln119_87 = icmp_ne  i3 %tmp_637, i3 0" [firmware/nnet_utils/nnet_activation.h:119]   --->   Operation 1718 'icmp' 'icmp_ln119_87' <Predicate = true> <Delay = 1.68> <CoreInst = "Cmp">   --->   Core 9 'Cmp' <Latency = 0> <II = 1> <Delay = 1.68> <FuncUnit> <Opcode : 'seteq' 'setne' 'setle' 'setge' 'setlt' 'setgt'> <InPorts = 2> <OutPorts = 1>
ST_3 : Operation 1719 [1/1] (1.12ns)   --->   "%index_358 = select i1 %icmp_ln119_87, i10 1023, i10 %trunc_ln113_175" [firmware/nnet_utils/nnet_activation.h:119]   --->   Operation 1719 'select' 'index_358' <Predicate = true> <Delay = 1.12> <CoreInst = "Sel">   --->   Core 73 'Sel' <Latency = 0> <II = 1> <Delay = 1.12> <FuncUnit> <Opcode : 'select'> <InPorts = 3> <OutPorts = 1>
ST_3 : Operation 1720 [1/1] (1.68ns)   --->   "%icmp_ln119_88 = icmp_ne  i3 %tmp_641, i3 0" [firmware/nnet_utils/nnet_activation.h:119]   --->   Operation 1720 'icmp' 'icmp_ln119_88' <Predicate = true> <Delay = 1.68> <CoreInst = "Cmp">   --->   Core 9 'Cmp' <Latency = 0> <II = 1> <Delay = 1.68> <FuncUnit> <Opcode : 'seteq' 'setne' 'setle' 'setge' 'setlt' 'setgt'> <InPorts = 2> <OutPorts = 1>
ST_3 : Operation 1721 [1/1] (1.12ns)   --->   "%index_361 = select i1 %icmp_ln119_88, i10 1023, i10 %trunc_ln113_177" [firmware/nnet_utils/nnet_activation.h:119]   --->   Operation 1721 'select' 'index_361' <Predicate = true> <Delay = 1.12> <CoreInst = "Sel">   --->   Core 73 'Sel' <Latency = 0> <II = 1> <Delay = 1.12> <FuncUnit> <Opcode : 'select'> <InPorts = 3> <OutPorts = 1>
ST_3 : Operation 1722 [1/1] (1.68ns)   --->   "%icmp_ln119_89 = icmp_ne  i3 %tmp_645, i3 0" [firmware/nnet_utils/nnet_activation.h:119]   --->   Operation 1722 'icmp' 'icmp_ln119_89' <Predicate = true> <Delay = 1.68> <CoreInst = "Cmp">   --->   Core 9 'Cmp' <Latency = 0> <II = 1> <Delay = 1.68> <FuncUnit> <Opcode : 'seteq' 'setne' 'setle' 'setge' 'setlt' 'setgt'> <InPorts = 2> <OutPorts = 1>
ST_3 : Operation 1723 [1/1] (1.12ns)   --->   "%index_364 = select i1 %icmp_ln119_89, i10 1023, i10 %trunc_ln113_179" [firmware/nnet_utils/nnet_activation.h:119]   --->   Operation 1723 'select' 'index_364' <Predicate = true> <Delay = 1.12> <CoreInst = "Sel">   --->   Core 73 'Sel' <Latency = 0> <II = 1> <Delay = 1.12> <FuncUnit> <Opcode : 'select'> <InPorts = 3> <OutPorts = 1>
ST_3 : Operation 1724 [1/1] (1.68ns)   --->   "%icmp_ln119_90 = icmp_ne  i3 %tmp_649, i3 0" [firmware/nnet_utils/nnet_activation.h:119]   --->   Operation 1724 'icmp' 'icmp_ln119_90' <Predicate = true> <Delay = 1.68> <CoreInst = "Cmp">   --->   Core 9 'Cmp' <Latency = 0> <II = 1> <Delay = 1.68> <FuncUnit> <Opcode : 'seteq' 'setne' 'setle' 'setge' 'setlt' 'setgt'> <InPorts = 2> <OutPorts = 1>
ST_3 : Operation 1725 [1/1] (1.12ns)   --->   "%index_367 = select i1 %icmp_ln119_90, i10 1023, i10 %trunc_ln113_181" [firmware/nnet_utils/nnet_activation.h:119]   --->   Operation 1725 'select' 'index_367' <Predicate = true> <Delay = 1.12> <CoreInst = "Sel">   --->   Core 73 'Sel' <Latency = 0> <II = 1> <Delay = 1.12> <FuncUnit> <Opcode : 'select'> <InPorts = 3> <OutPorts = 1>
ST_3 : Operation 1726 [1/1] (1.68ns)   --->   "%icmp_ln119_91 = icmp_ne  i3 %tmp_653, i3 0" [firmware/nnet_utils/nnet_activation.h:119]   --->   Operation 1726 'icmp' 'icmp_ln119_91' <Predicate = true> <Delay = 1.68> <CoreInst = "Cmp">   --->   Core 9 'Cmp' <Latency = 0> <II = 1> <Delay = 1.68> <FuncUnit> <Opcode : 'seteq' 'setne' 'setle' 'setge' 'setlt' 'setgt'> <InPorts = 2> <OutPorts = 1>
ST_3 : Operation 1727 [1/1] (1.12ns)   --->   "%index_370 = select i1 %icmp_ln119_91, i10 1023, i10 %trunc_ln113_183" [firmware/nnet_utils/nnet_activation.h:119]   --->   Operation 1727 'select' 'index_370' <Predicate = true> <Delay = 1.12> <CoreInst = "Sel">   --->   Core 73 'Sel' <Latency = 0> <II = 1> <Delay = 1.12> <FuncUnit> <Opcode : 'select'> <InPorts = 3> <OutPorts = 1>
ST_3 : Operation 1728 [1/1] (1.68ns)   --->   "%icmp_ln119_92 = icmp_ne  i3 %tmp_657, i3 0" [firmware/nnet_utils/nnet_activation.h:119]   --->   Operation 1728 'icmp' 'icmp_ln119_92' <Predicate = true> <Delay = 1.68> <CoreInst = "Cmp">   --->   Core 9 'Cmp' <Latency = 0> <II = 1> <Delay = 1.68> <FuncUnit> <Opcode : 'seteq' 'setne' 'setle' 'setge' 'setlt' 'setgt'> <InPorts = 2> <OutPorts = 1>
ST_3 : Operation 1729 [1/1] (1.12ns)   --->   "%index_373 = select i1 %icmp_ln119_92, i10 1023, i10 %trunc_ln113_185" [firmware/nnet_utils/nnet_activation.h:119]   --->   Operation 1729 'select' 'index_373' <Predicate = true> <Delay = 1.12> <CoreInst = "Sel">   --->   Core 73 'Sel' <Latency = 0> <II = 1> <Delay = 1.12> <FuncUnit> <Opcode : 'select'> <InPorts = 3> <OutPorts = 1>
ST_3 : Operation 1730 [1/1] (1.68ns)   --->   "%icmp_ln119_93 = icmp_ne  i3 %tmp_661, i3 0" [firmware/nnet_utils/nnet_activation.h:119]   --->   Operation 1730 'icmp' 'icmp_ln119_93' <Predicate = true> <Delay = 1.68> <CoreInst = "Cmp">   --->   Core 9 'Cmp' <Latency = 0> <II = 1> <Delay = 1.68> <FuncUnit> <Opcode : 'seteq' 'setne' 'setle' 'setge' 'setlt' 'setgt'> <InPorts = 2> <OutPorts = 1>
ST_3 : Operation 1731 [1/1] (1.12ns)   --->   "%index_376 = select i1 %icmp_ln119_93, i10 1023, i10 %trunc_ln113_187" [firmware/nnet_utils/nnet_activation.h:119]   --->   Operation 1731 'select' 'index_376' <Predicate = true> <Delay = 1.12> <CoreInst = "Sel">   --->   Core 73 'Sel' <Latency = 0> <II = 1> <Delay = 1.12> <FuncUnit> <Opcode : 'select'> <InPorts = 3> <OutPorts = 1>
ST_3 : Operation 1732 [1/1] (1.68ns)   --->   "%icmp_ln119_94 = icmp_ne  i3 %tmp_665, i3 0" [firmware/nnet_utils/nnet_activation.h:119]   --->   Operation 1732 'icmp' 'icmp_ln119_94' <Predicate = true> <Delay = 1.68> <CoreInst = "Cmp">   --->   Core 9 'Cmp' <Latency = 0> <II = 1> <Delay = 1.68> <FuncUnit> <Opcode : 'seteq' 'setne' 'setle' 'setge' 'setlt' 'setgt'> <InPorts = 2> <OutPorts = 1>
ST_3 : Operation 1733 [1/1] (1.12ns)   --->   "%index_379 = select i1 %icmp_ln119_94, i10 1023, i10 %trunc_ln113_189" [firmware/nnet_utils/nnet_activation.h:119]   --->   Operation 1733 'select' 'index_379' <Predicate = true> <Delay = 1.12> <CoreInst = "Sel">   --->   Core 73 'Sel' <Latency = 0> <II = 1> <Delay = 1.12> <FuncUnit> <Opcode : 'select'> <InPorts = 3> <OutPorts = 1>
ST_3 : Operation 1734 [1/1] (1.68ns)   --->   "%icmp_ln119_95 = icmp_ne  i3 %tmp_669, i3 0" [firmware/nnet_utils/nnet_activation.h:119]   --->   Operation 1734 'icmp' 'icmp_ln119_95' <Predicate = true> <Delay = 1.68> <CoreInst = "Cmp">   --->   Core 9 'Cmp' <Latency = 0> <II = 1> <Delay = 1.68> <FuncUnit> <Opcode : 'seteq' 'setne' 'setle' 'setge' 'setlt' 'setgt'> <InPorts = 2> <OutPorts = 1>
ST_3 : Operation 1735 [1/1] (1.12ns)   --->   "%index_382 = select i1 %icmp_ln119_95, i10 1023, i10 %trunc_ln113_191" [firmware/nnet_utils/nnet_activation.h:119]   --->   Operation 1735 'select' 'index_382' <Predicate = true> <Delay = 1.12> <CoreInst = "Sel">   --->   Core 73 'Sel' <Latency = 0> <II = 1> <Delay = 1.12> <FuncUnit> <Opcode : 'select'> <InPorts = 3> <OutPorts = 1>

State 4 <SV = 3> <Delay = 1.68>
ST_4 : Operation 1736 [1/1] (0.00ns)   --->   "%zext_ln121 = zext i10 %index_97" [firmware/nnet_utils/nnet_activation.h:121]   --->   Operation 1736 'zext' 'zext_ln121' <Predicate = true> <Delay = 0.00>
ST_4 : Operation 1737 [1/1] (0.00ns)   --->   "%sigmoid_table_addr = getelementptr i10 %sigmoid_table, i64 0, i64 %zext_ln121" [firmware/nnet_utils/nnet_activation.h:121]   --->   Operation 1737 'getelementptr' 'sigmoid_table_addr' <Predicate = true> <Delay = 0.00>
ST_4 : Operation 1738 [3/3] (1.68ns)   --->   "%sigmoid_table_load = load i10 %sigmoid_table_addr" [firmware/nnet_utils/nnet_activation.h:121]   --->   Operation 1738 'load' 'sigmoid_table_load' <Predicate = true> <Delay = 1.68> <CoreInst = "ROM">   --->   Core 94 'ROM' <Latency = 2> <II = 1> <Delay = 1.68> <Storage> <Opcode : 'load'> <Ports = 0> <Width = 10> <Depth = 1024> <ROM>
ST_4 : Operation 1739 [1/1] (0.00ns)   --->   "%zext_ln121_2 = zext i10 %index_100" [firmware/nnet_utils/nnet_activation.h:121]   --->   Operation 1739 'zext' 'zext_ln121_2' <Predicate = true> <Delay = 0.00>
ST_4 : Operation 1740 [1/1] (0.00ns)   --->   "%sigmoid_table_addr_1 = getelementptr i10 %sigmoid_table, i64 0, i64 %zext_ln121_2" [firmware/nnet_utils/nnet_activation.h:121]   --->   Operation 1740 'getelementptr' 'sigmoid_table_addr_1' <Predicate = true> <Delay = 0.00>
ST_4 : Operation 1741 [3/3] (1.68ns)   --->   "%sigmoid_table_load_1 = load i10 %sigmoid_table_addr_1" [firmware/nnet_utils/nnet_activation.h:121]   --->   Operation 1741 'load' 'sigmoid_table_load_1' <Predicate = true> <Delay = 1.68> <CoreInst = "ROM">   --->   Core 94 'ROM' <Latency = 2> <II = 1> <Delay = 1.68> <Storage> <Opcode : 'load'> <Ports = 0> <Width = 10> <Depth = 1024> <ROM>
ST_4 : Operation 1742 [1/1] (0.00ns)   --->   "%zext_ln121_4 = zext i10 %index_103" [firmware/nnet_utils/nnet_activation.h:121]   --->   Operation 1742 'zext' 'zext_ln121_4' <Predicate = true> <Delay = 0.00>
ST_4 : Operation 1743 [1/1] (0.00ns)   --->   "%sigmoid_table_addr_2 = getelementptr i10 %sigmoid_table, i64 0, i64 %zext_ln121_4" [firmware/nnet_utils/nnet_activation.h:121]   --->   Operation 1743 'getelementptr' 'sigmoid_table_addr_2' <Predicate = true> <Delay = 0.00>
ST_4 : Operation 1744 [3/3] (1.68ns)   --->   "%sigmoid_table_load_2 = load i10 %sigmoid_table_addr_2" [firmware/nnet_utils/nnet_activation.h:121]   --->   Operation 1744 'load' 'sigmoid_table_load_2' <Predicate = true> <Delay = 1.68> <CoreInst = "ROM">   --->   Core 94 'ROM' <Latency = 2> <II = 1> <Delay = 1.68> <Storage> <Opcode : 'load'> <Ports = 0> <Width = 10> <Depth = 1024> <ROM>
ST_4 : Operation 1745 [1/1] (0.00ns)   --->   "%zext_ln121_6 = zext i10 %index_106" [firmware/nnet_utils/nnet_activation.h:121]   --->   Operation 1745 'zext' 'zext_ln121_6' <Predicate = true> <Delay = 0.00>
ST_4 : Operation 1746 [1/1] (0.00ns)   --->   "%sigmoid_table_addr_3 = getelementptr i10 %sigmoid_table, i64 0, i64 %zext_ln121_6" [firmware/nnet_utils/nnet_activation.h:121]   --->   Operation 1746 'getelementptr' 'sigmoid_table_addr_3' <Predicate = true> <Delay = 0.00>
ST_4 : Operation 1747 [3/3] (1.68ns)   --->   "%sigmoid_table_load_3 = load i10 %sigmoid_table_addr_3" [firmware/nnet_utils/nnet_activation.h:121]   --->   Operation 1747 'load' 'sigmoid_table_load_3' <Predicate = true> <Delay = 1.68> <CoreInst = "ROM">   --->   Core 94 'ROM' <Latency = 2> <II = 1> <Delay = 1.68> <Storage> <Opcode : 'load'> <Ports = 0> <Width = 10> <Depth = 1024> <ROM>
ST_4 : Operation 1748 [1/1] (0.00ns)   --->   "%zext_ln121_8 = zext i10 %index_109" [firmware/nnet_utils/nnet_activation.h:121]   --->   Operation 1748 'zext' 'zext_ln121_8' <Predicate = true> <Delay = 0.00>
ST_4 : Operation 1749 [1/1] (0.00ns)   --->   "%sigmoid_table_addr_4 = getelementptr i10 %sigmoid_table, i64 0, i64 %zext_ln121_8" [firmware/nnet_utils/nnet_activation.h:121]   --->   Operation 1749 'getelementptr' 'sigmoid_table_addr_4' <Predicate = true> <Delay = 0.00>
ST_4 : Operation 1750 [3/3] (1.68ns)   --->   "%sigmoid_table_load_4 = load i10 %sigmoid_table_addr_4" [firmware/nnet_utils/nnet_activation.h:121]   --->   Operation 1750 'load' 'sigmoid_table_load_4' <Predicate = true> <Delay = 1.68> <CoreInst = "ROM">   --->   Core 94 'ROM' <Latency = 2> <II = 1> <Delay = 1.68> <Storage> <Opcode : 'load'> <Ports = 0> <Width = 10> <Depth = 1024> <ROM>
ST_4 : Operation 1751 [1/1] (0.00ns)   --->   "%zext_ln121_10 = zext i10 %index_112" [firmware/nnet_utils/nnet_activation.h:121]   --->   Operation 1751 'zext' 'zext_ln121_10' <Predicate = true> <Delay = 0.00>
ST_4 : Operation 1752 [1/1] (0.00ns)   --->   "%sigmoid_table_addr_5 = getelementptr i10 %sigmoid_table, i64 0, i64 %zext_ln121_10" [firmware/nnet_utils/nnet_activation.h:121]   --->   Operation 1752 'getelementptr' 'sigmoid_table_addr_5' <Predicate = true> <Delay = 0.00>
ST_4 : Operation 1753 [3/3] (1.68ns)   --->   "%sigmoid_table_load_5 = load i10 %sigmoid_table_addr_5" [firmware/nnet_utils/nnet_activation.h:121]   --->   Operation 1753 'load' 'sigmoid_table_load_5' <Predicate = true> <Delay = 1.68> <CoreInst = "ROM">   --->   Core 94 'ROM' <Latency = 2> <II = 1> <Delay = 1.68> <Storage> <Opcode : 'load'> <Ports = 0> <Width = 10> <Depth = 1024> <ROM>
ST_4 : Operation 1754 [1/1] (0.00ns)   --->   "%zext_ln121_12 = zext i10 %index_115" [firmware/nnet_utils/nnet_activation.h:121]   --->   Operation 1754 'zext' 'zext_ln121_12' <Predicate = true> <Delay = 0.00>
ST_4 : Operation 1755 [1/1] (0.00ns)   --->   "%sigmoid_table_addr_6 = getelementptr i10 %sigmoid_table, i64 0, i64 %zext_ln121_12" [firmware/nnet_utils/nnet_activation.h:121]   --->   Operation 1755 'getelementptr' 'sigmoid_table_addr_6' <Predicate = true> <Delay = 0.00>
ST_4 : Operation 1756 [3/3] (1.68ns)   --->   "%sigmoid_table_load_6 = load i10 %sigmoid_table_addr_6" [firmware/nnet_utils/nnet_activation.h:121]   --->   Operation 1756 'load' 'sigmoid_table_load_6' <Predicate = true> <Delay = 1.68> <CoreInst = "ROM">   --->   Core 94 'ROM' <Latency = 2> <II = 1> <Delay = 1.68> <Storage> <Opcode : 'load'> <Ports = 0> <Width = 10> <Depth = 1024> <ROM>
ST_4 : Operation 1757 [1/1] (0.00ns)   --->   "%zext_ln121_14 = zext i10 %index_118" [firmware/nnet_utils/nnet_activation.h:121]   --->   Operation 1757 'zext' 'zext_ln121_14' <Predicate = true> <Delay = 0.00>
ST_4 : Operation 1758 [1/1] (0.00ns)   --->   "%sigmoid_table_addr_7 = getelementptr i10 %sigmoid_table, i64 0, i64 %zext_ln121_14" [firmware/nnet_utils/nnet_activation.h:121]   --->   Operation 1758 'getelementptr' 'sigmoid_table_addr_7' <Predicate = true> <Delay = 0.00>
ST_4 : Operation 1759 [3/3] (1.68ns)   --->   "%sigmoid_table_load_7 = load i10 %sigmoid_table_addr_7" [firmware/nnet_utils/nnet_activation.h:121]   --->   Operation 1759 'load' 'sigmoid_table_load_7' <Predicate = true> <Delay = 1.68> <CoreInst = "ROM">   --->   Core 94 'ROM' <Latency = 2> <II = 1> <Delay = 1.68> <Storage> <Opcode : 'load'> <Ports = 0> <Width = 10> <Depth = 1024> <ROM>
ST_4 : Operation 1760 [1/1] (0.00ns)   --->   "%zext_ln121_16 = zext i10 %index_121" [firmware/nnet_utils/nnet_activation.h:121]   --->   Operation 1760 'zext' 'zext_ln121_16' <Predicate = true> <Delay = 0.00>
ST_4 : Operation 1761 [1/1] (0.00ns)   --->   "%sigmoid_table_addr_8 = getelementptr i10 %sigmoid_table, i64 0, i64 %zext_ln121_16" [firmware/nnet_utils/nnet_activation.h:121]   --->   Operation 1761 'getelementptr' 'sigmoid_table_addr_8' <Predicate = true> <Delay = 0.00>
ST_4 : Operation 1762 [3/3] (1.68ns)   --->   "%sigmoid_table_load_8 = load i10 %sigmoid_table_addr_8" [firmware/nnet_utils/nnet_activation.h:121]   --->   Operation 1762 'load' 'sigmoid_table_load_8' <Predicate = true> <Delay = 1.68> <CoreInst = "ROM">   --->   Core 94 'ROM' <Latency = 2> <II = 1> <Delay = 1.68> <Storage> <Opcode : 'load'> <Ports = 0> <Width = 10> <Depth = 1024> <ROM>
ST_4 : Operation 1763 [1/1] (0.00ns)   --->   "%zext_ln121_18 = zext i10 %index_124" [firmware/nnet_utils/nnet_activation.h:121]   --->   Operation 1763 'zext' 'zext_ln121_18' <Predicate = true> <Delay = 0.00>
ST_4 : Operation 1764 [1/1] (0.00ns)   --->   "%sigmoid_table_addr_9 = getelementptr i10 %sigmoid_table, i64 0, i64 %zext_ln121_18" [firmware/nnet_utils/nnet_activation.h:121]   --->   Operation 1764 'getelementptr' 'sigmoid_table_addr_9' <Predicate = true> <Delay = 0.00>
ST_4 : Operation 1765 [3/3] (1.68ns)   --->   "%sigmoid_table_load_9 = load i10 %sigmoid_table_addr_9" [firmware/nnet_utils/nnet_activation.h:121]   --->   Operation 1765 'load' 'sigmoid_table_load_9' <Predicate = true> <Delay = 1.68> <CoreInst = "ROM">   --->   Core 94 'ROM' <Latency = 2> <II = 1> <Delay = 1.68> <Storage> <Opcode : 'load'> <Ports = 0> <Width = 10> <Depth = 1024> <ROM>
ST_4 : Operation 1766 [1/1] (0.00ns)   --->   "%zext_ln121_20 = zext i10 %index_127" [firmware/nnet_utils/nnet_activation.h:121]   --->   Operation 1766 'zext' 'zext_ln121_20' <Predicate = true> <Delay = 0.00>
ST_4 : Operation 1767 [1/1] (0.00ns)   --->   "%sigmoid_table_addr_10 = getelementptr i10 %sigmoid_table, i64 0, i64 %zext_ln121_20" [firmware/nnet_utils/nnet_activation.h:121]   --->   Operation 1767 'getelementptr' 'sigmoid_table_addr_10' <Predicate = true> <Delay = 0.00>
ST_4 : Operation 1768 [3/3] (1.68ns)   --->   "%sigmoid_table_load_10 = load i10 %sigmoid_table_addr_10" [firmware/nnet_utils/nnet_activation.h:121]   --->   Operation 1768 'load' 'sigmoid_table_load_10' <Predicate = true> <Delay = 1.68> <CoreInst = "ROM">   --->   Core 94 'ROM' <Latency = 2> <II = 1> <Delay = 1.68> <Storage> <Opcode : 'load'> <Ports = 0> <Width = 10> <Depth = 1024> <ROM>
ST_4 : Operation 1769 [1/1] (0.00ns)   --->   "%zext_ln121_22 = zext i10 %index_130" [firmware/nnet_utils/nnet_activation.h:121]   --->   Operation 1769 'zext' 'zext_ln121_22' <Predicate = true> <Delay = 0.00>
ST_4 : Operation 1770 [1/1] (0.00ns)   --->   "%sigmoid_table_addr_11 = getelementptr i10 %sigmoid_table, i64 0, i64 %zext_ln121_22" [firmware/nnet_utils/nnet_activation.h:121]   --->   Operation 1770 'getelementptr' 'sigmoid_table_addr_11' <Predicate = true> <Delay = 0.00>
ST_4 : Operation 1771 [3/3] (1.68ns)   --->   "%sigmoid_table_load_11 = load i10 %sigmoid_table_addr_11" [firmware/nnet_utils/nnet_activation.h:121]   --->   Operation 1771 'load' 'sigmoid_table_load_11' <Predicate = true> <Delay = 1.68> <CoreInst = "ROM">   --->   Core 94 'ROM' <Latency = 2> <II = 1> <Delay = 1.68> <Storage> <Opcode : 'load'> <Ports = 0> <Width = 10> <Depth = 1024> <ROM>
ST_4 : Operation 1772 [1/1] (0.00ns)   --->   "%zext_ln121_24 = zext i10 %index_133" [firmware/nnet_utils/nnet_activation.h:121]   --->   Operation 1772 'zext' 'zext_ln121_24' <Predicate = true> <Delay = 0.00>
ST_4 : Operation 1773 [1/1] (0.00ns)   --->   "%sigmoid_table_addr_12 = getelementptr i10 %sigmoid_table, i64 0, i64 %zext_ln121_24" [firmware/nnet_utils/nnet_activation.h:121]   --->   Operation 1773 'getelementptr' 'sigmoid_table_addr_12' <Predicate = true> <Delay = 0.00>
ST_4 : Operation 1774 [3/3] (1.68ns)   --->   "%sigmoid_table_load_12 = load i10 %sigmoid_table_addr_12" [firmware/nnet_utils/nnet_activation.h:121]   --->   Operation 1774 'load' 'sigmoid_table_load_12' <Predicate = true> <Delay = 1.68> <CoreInst = "ROM">   --->   Core 94 'ROM' <Latency = 2> <II = 1> <Delay = 1.68> <Storage> <Opcode : 'load'> <Ports = 0> <Width = 10> <Depth = 1024> <ROM>
ST_4 : Operation 1775 [1/1] (0.00ns)   --->   "%zext_ln121_26 = zext i10 %index_136" [firmware/nnet_utils/nnet_activation.h:121]   --->   Operation 1775 'zext' 'zext_ln121_26' <Predicate = true> <Delay = 0.00>
ST_4 : Operation 1776 [1/1] (0.00ns)   --->   "%sigmoid_table_addr_13 = getelementptr i10 %sigmoid_table, i64 0, i64 %zext_ln121_26" [firmware/nnet_utils/nnet_activation.h:121]   --->   Operation 1776 'getelementptr' 'sigmoid_table_addr_13' <Predicate = true> <Delay = 0.00>
ST_4 : Operation 1777 [3/3] (1.68ns)   --->   "%sigmoid_table_load_13 = load i10 %sigmoid_table_addr_13" [firmware/nnet_utils/nnet_activation.h:121]   --->   Operation 1777 'load' 'sigmoid_table_load_13' <Predicate = true> <Delay = 1.68> <CoreInst = "ROM">   --->   Core 94 'ROM' <Latency = 2> <II = 1> <Delay = 1.68> <Storage> <Opcode : 'load'> <Ports = 0> <Width = 10> <Depth = 1024> <ROM>
ST_4 : Operation 1778 [1/1] (0.00ns)   --->   "%zext_ln121_28 = zext i10 %index_139" [firmware/nnet_utils/nnet_activation.h:121]   --->   Operation 1778 'zext' 'zext_ln121_28' <Predicate = true> <Delay = 0.00>
ST_4 : Operation 1779 [1/1] (0.00ns)   --->   "%sigmoid_table_addr_14 = getelementptr i10 %sigmoid_table, i64 0, i64 %zext_ln121_28" [firmware/nnet_utils/nnet_activation.h:121]   --->   Operation 1779 'getelementptr' 'sigmoid_table_addr_14' <Predicate = true> <Delay = 0.00>
ST_4 : Operation 1780 [3/3] (1.68ns)   --->   "%sigmoid_table_load_14 = load i10 %sigmoid_table_addr_14" [firmware/nnet_utils/nnet_activation.h:121]   --->   Operation 1780 'load' 'sigmoid_table_load_14' <Predicate = true> <Delay = 1.68> <CoreInst = "ROM">   --->   Core 94 'ROM' <Latency = 2> <II = 1> <Delay = 1.68> <Storage> <Opcode : 'load'> <Ports = 0> <Width = 10> <Depth = 1024> <ROM>
ST_4 : Operation 1781 [1/1] (0.00ns)   --->   "%zext_ln121_30 = zext i10 %index_142" [firmware/nnet_utils/nnet_activation.h:121]   --->   Operation 1781 'zext' 'zext_ln121_30' <Predicate = true> <Delay = 0.00>
ST_4 : Operation 1782 [1/1] (0.00ns)   --->   "%sigmoid_table_addr_15 = getelementptr i10 %sigmoid_table, i64 0, i64 %zext_ln121_30" [firmware/nnet_utils/nnet_activation.h:121]   --->   Operation 1782 'getelementptr' 'sigmoid_table_addr_15' <Predicate = true> <Delay = 0.00>
ST_4 : Operation 1783 [3/3] (1.68ns)   --->   "%sigmoid_table_load_15 = load i10 %sigmoid_table_addr_15" [firmware/nnet_utils/nnet_activation.h:121]   --->   Operation 1783 'load' 'sigmoid_table_load_15' <Predicate = true> <Delay = 1.68> <CoreInst = "ROM">   --->   Core 94 'ROM' <Latency = 2> <II = 1> <Delay = 1.68> <Storage> <Opcode : 'load'> <Ports = 0> <Width = 10> <Depth = 1024> <ROM>
ST_4 : Operation 1784 [1/1] (0.00ns)   --->   "%zext_ln121_32 = zext i10 %index_145" [firmware/nnet_utils/nnet_activation.h:121]   --->   Operation 1784 'zext' 'zext_ln121_32' <Predicate = true> <Delay = 0.00>
ST_4 : Operation 1785 [1/1] (0.00ns)   --->   "%sigmoid_table_addr_16 = getelementptr i10 %sigmoid_table, i64 0, i64 %zext_ln121_32" [firmware/nnet_utils/nnet_activation.h:121]   --->   Operation 1785 'getelementptr' 'sigmoid_table_addr_16' <Predicate = true> <Delay = 0.00>
ST_4 : Operation 1786 [3/3] (1.68ns)   --->   "%sigmoid_table_load_16 = load i10 %sigmoid_table_addr_16" [firmware/nnet_utils/nnet_activation.h:121]   --->   Operation 1786 'load' 'sigmoid_table_load_16' <Predicate = true> <Delay = 1.68> <CoreInst = "ROM">   --->   Core 94 'ROM' <Latency = 2> <II = 1> <Delay = 1.68> <Storage> <Opcode : 'load'> <Ports = 0> <Width = 10> <Depth = 1024> <ROM>
ST_4 : Operation 1787 [1/1] (0.00ns)   --->   "%zext_ln121_34 = zext i10 %index_148" [firmware/nnet_utils/nnet_activation.h:121]   --->   Operation 1787 'zext' 'zext_ln121_34' <Predicate = true> <Delay = 0.00>
ST_4 : Operation 1788 [1/1] (0.00ns)   --->   "%sigmoid_table_addr_17 = getelementptr i10 %sigmoid_table, i64 0, i64 %zext_ln121_34" [firmware/nnet_utils/nnet_activation.h:121]   --->   Operation 1788 'getelementptr' 'sigmoid_table_addr_17' <Predicate = true> <Delay = 0.00>
ST_4 : Operation 1789 [3/3] (1.68ns)   --->   "%sigmoid_table_load_17 = load i10 %sigmoid_table_addr_17" [firmware/nnet_utils/nnet_activation.h:121]   --->   Operation 1789 'load' 'sigmoid_table_load_17' <Predicate = true> <Delay = 1.68> <CoreInst = "ROM">   --->   Core 94 'ROM' <Latency = 2> <II = 1> <Delay = 1.68> <Storage> <Opcode : 'load'> <Ports = 0> <Width = 10> <Depth = 1024> <ROM>
ST_4 : Operation 1790 [1/1] (0.00ns)   --->   "%zext_ln121_36 = zext i10 %index_151" [firmware/nnet_utils/nnet_activation.h:121]   --->   Operation 1790 'zext' 'zext_ln121_36' <Predicate = true> <Delay = 0.00>
ST_4 : Operation 1791 [1/1] (0.00ns)   --->   "%sigmoid_table_addr_18 = getelementptr i10 %sigmoid_table, i64 0, i64 %zext_ln121_36" [firmware/nnet_utils/nnet_activation.h:121]   --->   Operation 1791 'getelementptr' 'sigmoid_table_addr_18' <Predicate = true> <Delay = 0.00>
ST_4 : Operation 1792 [3/3] (1.68ns)   --->   "%sigmoid_table_load_18 = load i10 %sigmoid_table_addr_18" [firmware/nnet_utils/nnet_activation.h:121]   --->   Operation 1792 'load' 'sigmoid_table_load_18' <Predicate = true> <Delay = 1.68> <CoreInst = "ROM">   --->   Core 94 'ROM' <Latency = 2> <II = 1> <Delay = 1.68> <Storage> <Opcode : 'load'> <Ports = 0> <Width = 10> <Depth = 1024> <ROM>
ST_4 : Operation 1793 [1/1] (0.00ns)   --->   "%zext_ln121_38 = zext i10 %index_154" [firmware/nnet_utils/nnet_activation.h:121]   --->   Operation 1793 'zext' 'zext_ln121_38' <Predicate = true> <Delay = 0.00>
ST_4 : Operation 1794 [1/1] (0.00ns)   --->   "%sigmoid_table_addr_19 = getelementptr i10 %sigmoid_table, i64 0, i64 %zext_ln121_38" [firmware/nnet_utils/nnet_activation.h:121]   --->   Operation 1794 'getelementptr' 'sigmoid_table_addr_19' <Predicate = true> <Delay = 0.00>
ST_4 : Operation 1795 [3/3] (1.68ns)   --->   "%sigmoid_table_load_19 = load i10 %sigmoid_table_addr_19" [firmware/nnet_utils/nnet_activation.h:121]   --->   Operation 1795 'load' 'sigmoid_table_load_19' <Predicate = true> <Delay = 1.68> <CoreInst = "ROM">   --->   Core 94 'ROM' <Latency = 2> <II = 1> <Delay = 1.68> <Storage> <Opcode : 'load'> <Ports = 0> <Width = 10> <Depth = 1024> <ROM>
ST_4 : Operation 1796 [1/1] (0.00ns)   --->   "%zext_ln121_40 = zext i10 %index_157" [firmware/nnet_utils/nnet_activation.h:121]   --->   Operation 1796 'zext' 'zext_ln121_40' <Predicate = true> <Delay = 0.00>
ST_4 : Operation 1797 [1/1] (0.00ns)   --->   "%sigmoid_table_addr_20 = getelementptr i10 %sigmoid_table, i64 0, i64 %zext_ln121_40" [firmware/nnet_utils/nnet_activation.h:121]   --->   Operation 1797 'getelementptr' 'sigmoid_table_addr_20' <Predicate = true> <Delay = 0.00>
ST_4 : Operation 1798 [3/3] (1.68ns)   --->   "%sigmoid_table_load_20 = load i10 %sigmoid_table_addr_20" [firmware/nnet_utils/nnet_activation.h:121]   --->   Operation 1798 'load' 'sigmoid_table_load_20' <Predicate = true> <Delay = 1.68> <CoreInst = "ROM">   --->   Core 94 'ROM' <Latency = 2> <II = 1> <Delay = 1.68> <Storage> <Opcode : 'load'> <Ports = 0> <Width = 10> <Depth = 1024> <ROM>
ST_4 : Operation 1799 [1/1] (0.00ns)   --->   "%zext_ln121_42 = zext i10 %index_160" [firmware/nnet_utils/nnet_activation.h:121]   --->   Operation 1799 'zext' 'zext_ln121_42' <Predicate = true> <Delay = 0.00>
ST_4 : Operation 1800 [1/1] (0.00ns)   --->   "%sigmoid_table_addr_21 = getelementptr i10 %sigmoid_table, i64 0, i64 %zext_ln121_42" [firmware/nnet_utils/nnet_activation.h:121]   --->   Operation 1800 'getelementptr' 'sigmoid_table_addr_21' <Predicate = true> <Delay = 0.00>
ST_4 : Operation 1801 [3/3] (1.68ns)   --->   "%sigmoid_table_load_21 = load i10 %sigmoid_table_addr_21" [firmware/nnet_utils/nnet_activation.h:121]   --->   Operation 1801 'load' 'sigmoid_table_load_21' <Predicate = true> <Delay = 1.68> <CoreInst = "ROM">   --->   Core 94 'ROM' <Latency = 2> <II = 1> <Delay = 1.68> <Storage> <Opcode : 'load'> <Ports = 0> <Width = 10> <Depth = 1024> <ROM>
ST_4 : Operation 1802 [1/1] (0.00ns)   --->   "%zext_ln121_44 = zext i10 %index_163" [firmware/nnet_utils/nnet_activation.h:121]   --->   Operation 1802 'zext' 'zext_ln121_44' <Predicate = true> <Delay = 0.00>
ST_4 : Operation 1803 [1/1] (0.00ns)   --->   "%sigmoid_table_addr_22 = getelementptr i10 %sigmoid_table, i64 0, i64 %zext_ln121_44" [firmware/nnet_utils/nnet_activation.h:121]   --->   Operation 1803 'getelementptr' 'sigmoid_table_addr_22' <Predicate = true> <Delay = 0.00>
ST_4 : Operation 1804 [3/3] (1.68ns)   --->   "%sigmoid_table_load_22 = load i10 %sigmoid_table_addr_22" [firmware/nnet_utils/nnet_activation.h:121]   --->   Operation 1804 'load' 'sigmoid_table_load_22' <Predicate = true> <Delay = 1.68> <CoreInst = "ROM">   --->   Core 94 'ROM' <Latency = 2> <II = 1> <Delay = 1.68> <Storage> <Opcode : 'load'> <Ports = 0> <Width = 10> <Depth = 1024> <ROM>
ST_4 : Operation 1805 [1/1] (0.00ns)   --->   "%zext_ln121_46 = zext i10 %index_166" [firmware/nnet_utils/nnet_activation.h:121]   --->   Operation 1805 'zext' 'zext_ln121_46' <Predicate = true> <Delay = 0.00>
ST_4 : Operation 1806 [1/1] (0.00ns)   --->   "%sigmoid_table_addr_23 = getelementptr i10 %sigmoid_table, i64 0, i64 %zext_ln121_46" [firmware/nnet_utils/nnet_activation.h:121]   --->   Operation 1806 'getelementptr' 'sigmoid_table_addr_23' <Predicate = true> <Delay = 0.00>
ST_4 : Operation 1807 [3/3] (1.68ns)   --->   "%sigmoid_table_load_23 = load i10 %sigmoid_table_addr_23" [firmware/nnet_utils/nnet_activation.h:121]   --->   Operation 1807 'load' 'sigmoid_table_load_23' <Predicate = true> <Delay = 1.68> <CoreInst = "ROM">   --->   Core 94 'ROM' <Latency = 2> <II = 1> <Delay = 1.68> <Storage> <Opcode : 'load'> <Ports = 0> <Width = 10> <Depth = 1024> <ROM>
ST_4 : Operation 1808 [1/1] (0.00ns)   --->   "%zext_ln121_48 = zext i10 %index_169" [firmware/nnet_utils/nnet_activation.h:121]   --->   Operation 1808 'zext' 'zext_ln121_48' <Predicate = true> <Delay = 0.00>
ST_4 : Operation 1809 [1/1] (0.00ns)   --->   "%sigmoid_table_addr_24 = getelementptr i10 %sigmoid_table, i64 0, i64 %zext_ln121_48" [firmware/nnet_utils/nnet_activation.h:121]   --->   Operation 1809 'getelementptr' 'sigmoid_table_addr_24' <Predicate = true> <Delay = 0.00>
ST_4 : Operation 1810 [3/3] (1.68ns)   --->   "%sigmoid_table_load_24 = load i10 %sigmoid_table_addr_24" [firmware/nnet_utils/nnet_activation.h:121]   --->   Operation 1810 'load' 'sigmoid_table_load_24' <Predicate = true> <Delay = 1.68> <CoreInst = "ROM">   --->   Core 94 'ROM' <Latency = 2> <II = 1> <Delay = 1.68> <Storage> <Opcode : 'load'> <Ports = 0> <Width = 10> <Depth = 1024> <ROM>
ST_4 : Operation 1811 [1/1] (0.00ns)   --->   "%zext_ln121_50 = zext i10 %index_172" [firmware/nnet_utils/nnet_activation.h:121]   --->   Operation 1811 'zext' 'zext_ln121_50' <Predicate = true> <Delay = 0.00>
ST_4 : Operation 1812 [1/1] (0.00ns)   --->   "%sigmoid_table_addr_25 = getelementptr i10 %sigmoid_table, i64 0, i64 %zext_ln121_50" [firmware/nnet_utils/nnet_activation.h:121]   --->   Operation 1812 'getelementptr' 'sigmoid_table_addr_25' <Predicate = true> <Delay = 0.00>
ST_4 : Operation 1813 [3/3] (1.68ns)   --->   "%sigmoid_table_load_25 = load i10 %sigmoid_table_addr_25" [firmware/nnet_utils/nnet_activation.h:121]   --->   Operation 1813 'load' 'sigmoid_table_load_25' <Predicate = true> <Delay = 1.68> <CoreInst = "ROM">   --->   Core 94 'ROM' <Latency = 2> <II = 1> <Delay = 1.68> <Storage> <Opcode : 'load'> <Ports = 0> <Width = 10> <Depth = 1024> <ROM>
ST_4 : Operation 1814 [1/1] (0.00ns)   --->   "%zext_ln121_52 = zext i10 %index_175" [firmware/nnet_utils/nnet_activation.h:121]   --->   Operation 1814 'zext' 'zext_ln121_52' <Predicate = true> <Delay = 0.00>
ST_4 : Operation 1815 [1/1] (0.00ns)   --->   "%sigmoid_table_addr_26 = getelementptr i10 %sigmoid_table, i64 0, i64 %zext_ln121_52" [firmware/nnet_utils/nnet_activation.h:121]   --->   Operation 1815 'getelementptr' 'sigmoid_table_addr_26' <Predicate = true> <Delay = 0.00>
ST_4 : Operation 1816 [3/3] (1.68ns)   --->   "%sigmoid_table_load_26 = load i10 %sigmoid_table_addr_26" [firmware/nnet_utils/nnet_activation.h:121]   --->   Operation 1816 'load' 'sigmoid_table_load_26' <Predicate = true> <Delay = 1.68> <CoreInst = "ROM">   --->   Core 94 'ROM' <Latency = 2> <II = 1> <Delay = 1.68> <Storage> <Opcode : 'load'> <Ports = 0> <Width = 10> <Depth = 1024> <ROM>
ST_4 : Operation 1817 [1/1] (0.00ns)   --->   "%zext_ln121_54 = zext i10 %index_178" [firmware/nnet_utils/nnet_activation.h:121]   --->   Operation 1817 'zext' 'zext_ln121_54' <Predicate = true> <Delay = 0.00>
ST_4 : Operation 1818 [1/1] (0.00ns)   --->   "%sigmoid_table_addr_27 = getelementptr i10 %sigmoid_table, i64 0, i64 %zext_ln121_54" [firmware/nnet_utils/nnet_activation.h:121]   --->   Operation 1818 'getelementptr' 'sigmoid_table_addr_27' <Predicate = true> <Delay = 0.00>
ST_4 : Operation 1819 [3/3] (1.68ns)   --->   "%sigmoid_table_load_27 = load i10 %sigmoid_table_addr_27" [firmware/nnet_utils/nnet_activation.h:121]   --->   Operation 1819 'load' 'sigmoid_table_load_27' <Predicate = true> <Delay = 1.68> <CoreInst = "ROM">   --->   Core 94 'ROM' <Latency = 2> <II = 1> <Delay = 1.68> <Storage> <Opcode : 'load'> <Ports = 0> <Width = 10> <Depth = 1024> <ROM>
ST_4 : Operation 1820 [1/1] (0.00ns)   --->   "%zext_ln121_56 = zext i10 %index_181" [firmware/nnet_utils/nnet_activation.h:121]   --->   Operation 1820 'zext' 'zext_ln121_56' <Predicate = true> <Delay = 0.00>
ST_4 : Operation 1821 [1/1] (0.00ns)   --->   "%sigmoid_table_addr_28 = getelementptr i10 %sigmoid_table, i64 0, i64 %zext_ln121_56" [firmware/nnet_utils/nnet_activation.h:121]   --->   Operation 1821 'getelementptr' 'sigmoid_table_addr_28' <Predicate = true> <Delay = 0.00>
ST_4 : Operation 1822 [3/3] (1.68ns)   --->   "%sigmoid_table_load_28 = load i10 %sigmoid_table_addr_28" [firmware/nnet_utils/nnet_activation.h:121]   --->   Operation 1822 'load' 'sigmoid_table_load_28' <Predicate = true> <Delay = 1.68> <CoreInst = "ROM">   --->   Core 94 'ROM' <Latency = 2> <II = 1> <Delay = 1.68> <Storage> <Opcode : 'load'> <Ports = 0> <Width = 10> <Depth = 1024> <ROM>
ST_4 : Operation 1823 [1/1] (0.00ns)   --->   "%zext_ln121_58 = zext i10 %index_184" [firmware/nnet_utils/nnet_activation.h:121]   --->   Operation 1823 'zext' 'zext_ln121_58' <Predicate = true> <Delay = 0.00>
ST_4 : Operation 1824 [1/1] (0.00ns)   --->   "%sigmoid_table_addr_29 = getelementptr i10 %sigmoid_table, i64 0, i64 %zext_ln121_58" [firmware/nnet_utils/nnet_activation.h:121]   --->   Operation 1824 'getelementptr' 'sigmoid_table_addr_29' <Predicate = true> <Delay = 0.00>
ST_4 : Operation 1825 [3/3] (1.68ns)   --->   "%sigmoid_table_load_29 = load i10 %sigmoid_table_addr_29" [firmware/nnet_utils/nnet_activation.h:121]   --->   Operation 1825 'load' 'sigmoid_table_load_29' <Predicate = true> <Delay = 1.68> <CoreInst = "ROM">   --->   Core 94 'ROM' <Latency = 2> <II = 1> <Delay = 1.68> <Storage> <Opcode : 'load'> <Ports = 0> <Width = 10> <Depth = 1024> <ROM>
ST_4 : Operation 1826 [1/1] (0.00ns)   --->   "%zext_ln121_60 = zext i10 %index_187" [firmware/nnet_utils/nnet_activation.h:121]   --->   Operation 1826 'zext' 'zext_ln121_60' <Predicate = true> <Delay = 0.00>
ST_4 : Operation 1827 [1/1] (0.00ns)   --->   "%sigmoid_table_addr_30 = getelementptr i10 %sigmoid_table, i64 0, i64 %zext_ln121_60" [firmware/nnet_utils/nnet_activation.h:121]   --->   Operation 1827 'getelementptr' 'sigmoid_table_addr_30' <Predicate = true> <Delay = 0.00>
ST_4 : Operation 1828 [3/3] (1.68ns)   --->   "%sigmoid_table_load_30 = load i10 %sigmoid_table_addr_30" [firmware/nnet_utils/nnet_activation.h:121]   --->   Operation 1828 'load' 'sigmoid_table_load_30' <Predicate = true> <Delay = 1.68> <CoreInst = "ROM">   --->   Core 94 'ROM' <Latency = 2> <II = 1> <Delay = 1.68> <Storage> <Opcode : 'load'> <Ports = 0> <Width = 10> <Depth = 1024> <ROM>
ST_4 : Operation 1829 [1/1] (0.00ns)   --->   "%zext_ln121_62 = zext i10 %index_190" [firmware/nnet_utils/nnet_activation.h:121]   --->   Operation 1829 'zext' 'zext_ln121_62' <Predicate = true> <Delay = 0.00>
ST_4 : Operation 1830 [1/1] (0.00ns)   --->   "%sigmoid_table_addr_31 = getelementptr i10 %sigmoid_table, i64 0, i64 %zext_ln121_62" [firmware/nnet_utils/nnet_activation.h:121]   --->   Operation 1830 'getelementptr' 'sigmoid_table_addr_31' <Predicate = true> <Delay = 0.00>
ST_4 : Operation 1831 [3/3] (1.68ns)   --->   "%sigmoid_table_load_31 = load i10 %sigmoid_table_addr_31" [firmware/nnet_utils/nnet_activation.h:121]   --->   Operation 1831 'load' 'sigmoid_table_load_31' <Predicate = true> <Delay = 1.68> <CoreInst = "ROM">   --->   Core 94 'ROM' <Latency = 2> <II = 1> <Delay = 1.68> <Storage> <Opcode : 'load'> <Ports = 0> <Width = 10> <Depth = 1024> <ROM>
ST_4 : Operation 1832 [1/1] (0.00ns)   --->   "%zext_ln121_64 = zext i10 %index_193" [firmware/nnet_utils/nnet_activation.h:121]   --->   Operation 1832 'zext' 'zext_ln121_64' <Predicate = true> <Delay = 0.00>
ST_4 : Operation 1833 [1/1] (0.00ns)   --->   "%sigmoid_table_addr_32 = getelementptr i10 %sigmoid_table, i64 0, i64 %zext_ln121_64" [firmware/nnet_utils/nnet_activation.h:121]   --->   Operation 1833 'getelementptr' 'sigmoid_table_addr_32' <Predicate = true> <Delay = 0.00>
ST_4 : Operation 1834 [3/3] (1.68ns)   --->   "%sigmoid_table_load_32 = load i10 %sigmoid_table_addr_32" [firmware/nnet_utils/nnet_activation.h:121]   --->   Operation 1834 'load' 'sigmoid_table_load_32' <Predicate = true> <Delay = 1.68> <CoreInst = "ROM">   --->   Core 94 'ROM' <Latency = 2> <II = 1> <Delay = 1.68> <Storage> <Opcode : 'load'> <Ports = 0> <Width = 10> <Depth = 1024> <ROM>
ST_4 : Operation 1835 [1/1] (0.00ns)   --->   "%zext_ln121_66 = zext i10 %index_196" [firmware/nnet_utils/nnet_activation.h:121]   --->   Operation 1835 'zext' 'zext_ln121_66' <Predicate = true> <Delay = 0.00>
ST_4 : Operation 1836 [1/1] (0.00ns)   --->   "%sigmoid_table_addr_33 = getelementptr i10 %sigmoid_table, i64 0, i64 %zext_ln121_66" [firmware/nnet_utils/nnet_activation.h:121]   --->   Operation 1836 'getelementptr' 'sigmoid_table_addr_33' <Predicate = true> <Delay = 0.00>
ST_4 : Operation 1837 [3/3] (1.68ns)   --->   "%sigmoid_table_load_33 = load i10 %sigmoid_table_addr_33" [firmware/nnet_utils/nnet_activation.h:121]   --->   Operation 1837 'load' 'sigmoid_table_load_33' <Predicate = true> <Delay = 1.68> <CoreInst = "ROM">   --->   Core 94 'ROM' <Latency = 2> <II = 1> <Delay = 1.68> <Storage> <Opcode : 'load'> <Ports = 0> <Width = 10> <Depth = 1024> <ROM>
ST_4 : Operation 1838 [1/1] (0.00ns)   --->   "%zext_ln121_68 = zext i10 %index_199" [firmware/nnet_utils/nnet_activation.h:121]   --->   Operation 1838 'zext' 'zext_ln121_68' <Predicate = true> <Delay = 0.00>
ST_4 : Operation 1839 [1/1] (0.00ns)   --->   "%sigmoid_table_addr_34 = getelementptr i10 %sigmoid_table, i64 0, i64 %zext_ln121_68" [firmware/nnet_utils/nnet_activation.h:121]   --->   Operation 1839 'getelementptr' 'sigmoid_table_addr_34' <Predicate = true> <Delay = 0.00>
ST_4 : Operation 1840 [3/3] (1.68ns)   --->   "%sigmoid_table_load_34 = load i10 %sigmoid_table_addr_34" [firmware/nnet_utils/nnet_activation.h:121]   --->   Operation 1840 'load' 'sigmoid_table_load_34' <Predicate = true> <Delay = 1.68> <CoreInst = "ROM">   --->   Core 94 'ROM' <Latency = 2> <II = 1> <Delay = 1.68> <Storage> <Opcode : 'load'> <Ports = 0> <Width = 10> <Depth = 1024> <ROM>
ST_4 : Operation 1841 [1/1] (0.00ns)   --->   "%zext_ln121_70 = zext i10 %index_202" [firmware/nnet_utils/nnet_activation.h:121]   --->   Operation 1841 'zext' 'zext_ln121_70' <Predicate = true> <Delay = 0.00>
ST_4 : Operation 1842 [1/1] (0.00ns)   --->   "%sigmoid_table_addr_35 = getelementptr i10 %sigmoid_table, i64 0, i64 %zext_ln121_70" [firmware/nnet_utils/nnet_activation.h:121]   --->   Operation 1842 'getelementptr' 'sigmoid_table_addr_35' <Predicate = true> <Delay = 0.00>
ST_4 : Operation 1843 [3/3] (1.68ns)   --->   "%sigmoid_table_load_35 = load i10 %sigmoid_table_addr_35" [firmware/nnet_utils/nnet_activation.h:121]   --->   Operation 1843 'load' 'sigmoid_table_load_35' <Predicate = true> <Delay = 1.68> <CoreInst = "ROM">   --->   Core 94 'ROM' <Latency = 2> <II = 1> <Delay = 1.68> <Storage> <Opcode : 'load'> <Ports = 0> <Width = 10> <Depth = 1024> <ROM>
ST_4 : Operation 1844 [1/1] (0.00ns)   --->   "%zext_ln121_72 = zext i10 %index_205" [firmware/nnet_utils/nnet_activation.h:121]   --->   Operation 1844 'zext' 'zext_ln121_72' <Predicate = true> <Delay = 0.00>
ST_4 : Operation 1845 [1/1] (0.00ns)   --->   "%sigmoid_table_addr_36 = getelementptr i10 %sigmoid_table, i64 0, i64 %zext_ln121_72" [firmware/nnet_utils/nnet_activation.h:121]   --->   Operation 1845 'getelementptr' 'sigmoid_table_addr_36' <Predicate = true> <Delay = 0.00>
ST_4 : Operation 1846 [3/3] (1.68ns)   --->   "%sigmoid_table_load_36 = load i10 %sigmoid_table_addr_36" [firmware/nnet_utils/nnet_activation.h:121]   --->   Operation 1846 'load' 'sigmoid_table_load_36' <Predicate = true> <Delay = 1.68> <CoreInst = "ROM">   --->   Core 94 'ROM' <Latency = 2> <II = 1> <Delay = 1.68> <Storage> <Opcode : 'load'> <Ports = 0> <Width = 10> <Depth = 1024> <ROM>
ST_4 : Operation 1847 [1/1] (0.00ns)   --->   "%zext_ln121_74 = zext i10 %index_208" [firmware/nnet_utils/nnet_activation.h:121]   --->   Operation 1847 'zext' 'zext_ln121_74' <Predicate = true> <Delay = 0.00>
ST_4 : Operation 1848 [1/1] (0.00ns)   --->   "%sigmoid_table_addr_37 = getelementptr i10 %sigmoid_table, i64 0, i64 %zext_ln121_74" [firmware/nnet_utils/nnet_activation.h:121]   --->   Operation 1848 'getelementptr' 'sigmoid_table_addr_37' <Predicate = true> <Delay = 0.00>
ST_4 : Operation 1849 [3/3] (1.68ns)   --->   "%sigmoid_table_load_37 = load i10 %sigmoid_table_addr_37" [firmware/nnet_utils/nnet_activation.h:121]   --->   Operation 1849 'load' 'sigmoid_table_load_37' <Predicate = true> <Delay = 1.68> <CoreInst = "ROM">   --->   Core 94 'ROM' <Latency = 2> <II = 1> <Delay = 1.68> <Storage> <Opcode : 'load'> <Ports = 0> <Width = 10> <Depth = 1024> <ROM>
ST_4 : Operation 1850 [1/1] (0.00ns)   --->   "%zext_ln121_76 = zext i10 %index_211" [firmware/nnet_utils/nnet_activation.h:121]   --->   Operation 1850 'zext' 'zext_ln121_76' <Predicate = true> <Delay = 0.00>
ST_4 : Operation 1851 [1/1] (0.00ns)   --->   "%sigmoid_table_addr_38 = getelementptr i10 %sigmoid_table, i64 0, i64 %zext_ln121_76" [firmware/nnet_utils/nnet_activation.h:121]   --->   Operation 1851 'getelementptr' 'sigmoid_table_addr_38' <Predicate = true> <Delay = 0.00>
ST_4 : Operation 1852 [3/3] (1.68ns)   --->   "%sigmoid_table_load_38 = load i10 %sigmoid_table_addr_38" [firmware/nnet_utils/nnet_activation.h:121]   --->   Operation 1852 'load' 'sigmoid_table_load_38' <Predicate = true> <Delay = 1.68> <CoreInst = "ROM">   --->   Core 94 'ROM' <Latency = 2> <II = 1> <Delay = 1.68> <Storage> <Opcode : 'load'> <Ports = 0> <Width = 10> <Depth = 1024> <ROM>
ST_4 : Operation 1853 [1/1] (0.00ns)   --->   "%zext_ln121_78 = zext i10 %index_214" [firmware/nnet_utils/nnet_activation.h:121]   --->   Operation 1853 'zext' 'zext_ln121_78' <Predicate = true> <Delay = 0.00>
ST_4 : Operation 1854 [1/1] (0.00ns)   --->   "%sigmoid_table_addr_39 = getelementptr i10 %sigmoid_table, i64 0, i64 %zext_ln121_78" [firmware/nnet_utils/nnet_activation.h:121]   --->   Operation 1854 'getelementptr' 'sigmoid_table_addr_39' <Predicate = true> <Delay = 0.00>
ST_4 : Operation 1855 [3/3] (1.68ns)   --->   "%sigmoid_table_load_39 = load i10 %sigmoid_table_addr_39" [firmware/nnet_utils/nnet_activation.h:121]   --->   Operation 1855 'load' 'sigmoid_table_load_39' <Predicate = true> <Delay = 1.68> <CoreInst = "ROM">   --->   Core 94 'ROM' <Latency = 2> <II = 1> <Delay = 1.68> <Storage> <Opcode : 'load'> <Ports = 0> <Width = 10> <Depth = 1024> <ROM>
ST_4 : Operation 1856 [1/1] (0.00ns)   --->   "%zext_ln121_80 = zext i10 %index_217" [firmware/nnet_utils/nnet_activation.h:121]   --->   Operation 1856 'zext' 'zext_ln121_80' <Predicate = true> <Delay = 0.00>
ST_4 : Operation 1857 [1/1] (0.00ns)   --->   "%sigmoid_table_addr_40 = getelementptr i10 %sigmoid_table, i64 0, i64 %zext_ln121_80" [firmware/nnet_utils/nnet_activation.h:121]   --->   Operation 1857 'getelementptr' 'sigmoid_table_addr_40' <Predicate = true> <Delay = 0.00>
ST_4 : Operation 1858 [3/3] (1.68ns)   --->   "%sigmoid_table_load_40 = load i10 %sigmoid_table_addr_40" [firmware/nnet_utils/nnet_activation.h:121]   --->   Operation 1858 'load' 'sigmoid_table_load_40' <Predicate = true> <Delay = 1.68> <CoreInst = "ROM">   --->   Core 94 'ROM' <Latency = 2> <II = 1> <Delay = 1.68> <Storage> <Opcode : 'load'> <Ports = 0> <Width = 10> <Depth = 1024> <ROM>
ST_4 : Operation 1859 [1/1] (0.00ns)   --->   "%zext_ln121_82 = zext i10 %index_220" [firmware/nnet_utils/nnet_activation.h:121]   --->   Operation 1859 'zext' 'zext_ln121_82' <Predicate = true> <Delay = 0.00>
ST_4 : Operation 1860 [1/1] (0.00ns)   --->   "%sigmoid_table_addr_41 = getelementptr i10 %sigmoid_table, i64 0, i64 %zext_ln121_82" [firmware/nnet_utils/nnet_activation.h:121]   --->   Operation 1860 'getelementptr' 'sigmoid_table_addr_41' <Predicate = true> <Delay = 0.00>
ST_4 : Operation 1861 [3/3] (1.68ns)   --->   "%sigmoid_table_load_41 = load i10 %sigmoid_table_addr_41" [firmware/nnet_utils/nnet_activation.h:121]   --->   Operation 1861 'load' 'sigmoid_table_load_41' <Predicate = true> <Delay = 1.68> <CoreInst = "ROM">   --->   Core 94 'ROM' <Latency = 2> <II = 1> <Delay = 1.68> <Storage> <Opcode : 'load'> <Ports = 0> <Width = 10> <Depth = 1024> <ROM>
ST_4 : Operation 1862 [1/1] (0.00ns)   --->   "%zext_ln121_84 = zext i10 %index_223" [firmware/nnet_utils/nnet_activation.h:121]   --->   Operation 1862 'zext' 'zext_ln121_84' <Predicate = true> <Delay = 0.00>
ST_4 : Operation 1863 [1/1] (0.00ns)   --->   "%sigmoid_table_addr_42 = getelementptr i10 %sigmoid_table, i64 0, i64 %zext_ln121_84" [firmware/nnet_utils/nnet_activation.h:121]   --->   Operation 1863 'getelementptr' 'sigmoid_table_addr_42' <Predicate = true> <Delay = 0.00>
ST_4 : Operation 1864 [3/3] (1.68ns)   --->   "%sigmoid_table_load_42 = load i10 %sigmoid_table_addr_42" [firmware/nnet_utils/nnet_activation.h:121]   --->   Operation 1864 'load' 'sigmoid_table_load_42' <Predicate = true> <Delay = 1.68> <CoreInst = "ROM">   --->   Core 94 'ROM' <Latency = 2> <II = 1> <Delay = 1.68> <Storage> <Opcode : 'load'> <Ports = 0> <Width = 10> <Depth = 1024> <ROM>
ST_4 : Operation 1865 [1/1] (0.00ns)   --->   "%zext_ln121_86 = zext i10 %index_226" [firmware/nnet_utils/nnet_activation.h:121]   --->   Operation 1865 'zext' 'zext_ln121_86' <Predicate = true> <Delay = 0.00>
ST_4 : Operation 1866 [1/1] (0.00ns)   --->   "%sigmoid_table_addr_43 = getelementptr i10 %sigmoid_table, i64 0, i64 %zext_ln121_86" [firmware/nnet_utils/nnet_activation.h:121]   --->   Operation 1866 'getelementptr' 'sigmoid_table_addr_43' <Predicate = true> <Delay = 0.00>
ST_4 : Operation 1867 [3/3] (1.68ns)   --->   "%sigmoid_table_load_43 = load i10 %sigmoid_table_addr_43" [firmware/nnet_utils/nnet_activation.h:121]   --->   Operation 1867 'load' 'sigmoid_table_load_43' <Predicate = true> <Delay = 1.68> <CoreInst = "ROM">   --->   Core 94 'ROM' <Latency = 2> <II = 1> <Delay = 1.68> <Storage> <Opcode : 'load'> <Ports = 0> <Width = 10> <Depth = 1024> <ROM>
ST_4 : Operation 1868 [1/1] (0.00ns)   --->   "%zext_ln121_88 = zext i10 %index_229" [firmware/nnet_utils/nnet_activation.h:121]   --->   Operation 1868 'zext' 'zext_ln121_88' <Predicate = true> <Delay = 0.00>
ST_4 : Operation 1869 [1/1] (0.00ns)   --->   "%sigmoid_table_addr_44 = getelementptr i10 %sigmoid_table, i64 0, i64 %zext_ln121_88" [firmware/nnet_utils/nnet_activation.h:121]   --->   Operation 1869 'getelementptr' 'sigmoid_table_addr_44' <Predicate = true> <Delay = 0.00>
ST_4 : Operation 1870 [3/3] (1.68ns)   --->   "%sigmoid_table_load_44 = load i10 %sigmoid_table_addr_44" [firmware/nnet_utils/nnet_activation.h:121]   --->   Operation 1870 'load' 'sigmoid_table_load_44' <Predicate = true> <Delay = 1.68> <CoreInst = "ROM">   --->   Core 94 'ROM' <Latency = 2> <II = 1> <Delay = 1.68> <Storage> <Opcode : 'load'> <Ports = 0> <Width = 10> <Depth = 1024> <ROM>
ST_4 : Operation 1871 [1/1] (0.00ns)   --->   "%zext_ln121_90 = zext i10 %index_232" [firmware/nnet_utils/nnet_activation.h:121]   --->   Operation 1871 'zext' 'zext_ln121_90' <Predicate = true> <Delay = 0.00>
ST_4 : Operation 1872 [1/1] (0.00ns)   --->   "%sigmoid_table_addr_45 = getelementptr i10 %sigmoid_table, i64 0, i64 %zext_ln121_90" [firmware/nnet_utils/nnet_activation.h:121]   --->   Operation 1872 'getelementptr' 'sigmoid_table_addr_45' <Predicate = true> <Delay = 0.00>
ST_4 : Operation 1873 [3/3] (1.68ns)   --->   "%sigmoid_table_load_45 = load i10 %sigmoid_table_addr_45" [firmware/nnet_utils/nnet_activation.h:121]   --->   Operation 1873 'load' 'sigmoid_table_load_45' <Predicate = true> <Delay = 1.68> <CoreInst = "ROM">   --->   Core 94 'ROM' <Latency = 2> <II = 1> <Delay = 1.68> <Storage> <Opcode : 'load'> <Ports = 0> <Width = 10> <Depth = 1024> <ROM>
ST_4 : Operation 1874 [1/1] (0.00ns)   --->   "%zext_ln121_92 = zext i10 %index_235" [firmware/nnet_utils/nnet_activation.h:121]   --->   Operation 1874 'zext' 'zext_ln121_92' <Predicate = true> <Delay = 0.00>
ST_4 : Operation 1875 [1/1] (0.00ns)   --->   "%sigmoid_table_addr_46 = getelementptr i10 %sigmoid_table, i64 0, i64 %zext_ln121_92" [firmware/nnet_utils/nnet_activation.h:121]   --->   Operation 1875 'getelementptr' 'sigmoid_table_addr_46' <Predicate = true> <Delay = 0.00>
ST_4 : Operation 1876 [3/3] (1.68ns)   --->   "%sigmoid_table_load_46 = load i10 %sigmoid_table_addr_46" [firmware/nnet_utils/nnet_activation.h:121]   --->   Operation 1876 'load' 'sigmoid_table_load_46' <Predicate = true> <Delay = 1.68> <CoreInst = "ROM">   --->   Core 94 'ROM' <Latency = 2> <II = 1> <Delay = 1.68> <Storage> <Opcode : 'load'> <Ports = 0> <Width = 10> <Depth = 1024> <ROM>
ST_4 : Operation 1877 [1/1] (0.00ns)   --->   "%zext_ln121_94 = zext i10 %index_238" [firmware/nnet_utils/nnet_activation.h:121]   --->   Operation 1877 'zext' 'zext_ln121_94' <Predicate = true> <Delay = 0.00>
ST_4 : Operation 1878 [1/1] (0.00ns)   --->   "%sigmoid_table_addr_47 = getelementptr i10 %sigmoid_table, i64 0, i64 %zext_ln121_94" [firmware/nnet_utils/nnet_activation.h:121]   --->   Operation 1878 'getelementptr' 'sigmoid_table_addr_47' <Predicate = true> <Delay = 0.00>
ST_4 : Operation 1879 [3/3] (1.68ns)   --->   "%sigmoid_table_load_47 = load i10 %sigmoid_table_addr_47" [firmware/nnet_utils/nnet_activation.h:121]   --->   Operation 1879 'load' 'sigmoid_table_load_47' <Predicate = true> <Delay = 1.68> <CoreInst = "ROM">   --->   Core 94 'ROM' <Latency = 2> <II = 1> <Delay = 1.68> <Storage> <Opcode : 'load'> <Ports = 0> <Width = 10> <Depth = 1024> <ROM>
ST_4 : Operation 1880 [1/1] (0.00ns)   --->   "%zext_ln121_96 = zext i10 %index_241" [firmware/nnet_utils/nnet_activation.h:121]   --->   Operation 1880 'zext' 'zext_ln121_96' <Predicate = true> <Delay = 0.00>
ST_4 : Operation 1881 [1/1] (0.00ns)   --->   "%sigmoid_table_addr_48 = getelementptr i10 %sigmoid_table, i64 0, i64 %zext_ln121_96" [firmware/nnet_utils/nnet_activation.h:121]   --->   Operation 1881 'getelementptr' 'sigmoid_table_addr_48' <Predicate = true> <Delay = 0.00>
ST_4 : Operation 1882 [3/3] (1.68ns)   --->   "%sigmoid_table_load_48 = load i10 %sigmoid_table_addr_48" [firmware/nnet_utils/nnet_activation.h:121]   --->   Operation 1882 'load' 'sigmoid_table_load_48' <Predicate = true> <Delay = 1.68> <CoreInst = "ROM">   --->   Core 94 'ROM' <Latency = 2> <II = 1> <Delay = 1.68> <Storage> <Opcode : 'load'> <Ports = 0> <Width = 10> <Depth = 1024> <ROM>
ST_4 : Operation 1883 [1/1] (0.00ns)   --->   "%zext_ln121_98 = zext i10 %index_244" [firmware/nnet_utils/nnet_activation.h:121]   --->   Operation 1883 'zext' 'zext_ln121_98' <Predicate = true> <Delay = 0.00>
ST_4 : Operation 1884 [1/1] (0.00ns)   --->   "%sigmoid_table_addr_49 = getelementptr i10 %sigmoid_table, i64 0, i64 %zext_ln121_98" [firmware/nnet_utils/nnet_activation.h:121]   --->   Operation 1884 'getelementptr' 'sigmoid_table_addr_49' <Predicate = true> <Delay = 0.00>
ST_4 : Operation 1885 [3/3] (1.68ns)   --->   "%sigmoid_table_load_49 = load i10 %sigmoid_table_addr_49" [firmware/nnet_utils/nnet_activation.h:121]   --->   Operation 1885 'load' 'sigmoid_table_load_49' <Predicate = true> <Delay = 1.68> <CoreInst = "ROM">   --->   Core 94 'ROM' <Latency = 2> <II = 1> <Delay = 1.68> <Storage> <Opcode : 'load'> <Ports = 0> <Width = 10> <Depth = 1024> <ROM>
ST_4 : Operation 1886 [1/1] (0.00ns)   --->   "%zext_ln121_100 = zext i10 %index_247" [firmware/nnet_utils/nnet_activation.h:121]   --->   Operation 1886 'zext' 'zext_ln121_100' <Predicate = true> <Delay = 0.00>
ST_4 : Operation 1887 [1/1] (0.00ns)   --->   "%sigmoid_table_addr_50 = getelementptr i10 %sigmoid_table, i64 0, i64 %zext_ln121_100" [firmware/nnet_utils/nnet_activation.h:121]   --->   Operation 1887 'getelementptr' 'sigmoid_table_addr_50' <Predicate = true> <Delay = 0.00>
ST_4 : Operation 1888 [3/3] (1.68ns)   --->   "%sigmoid_table_load_50 = load i10 %sigmoid_table_addr_50" [firmware/nnet_utils/nnet_activation.h:121]   --->   Operation 1888 'load' 'sigmoid_table_load_50' <Predicate = true> <Delay = 1.68> <CoreInst = "ROM">   --->   Core 94 'ROM' <Latency = 2> <II = 1> <Delay = 1.68> <Storage> <Opcode : 'load'> <Ports = 0> <Width = 10> <Depth = 1024> <ROM>
ST_4 : Operation 1889 [1/1] (0.00ns)   --->   "%zext_ln121_102 = zext i10 %index_250" [firmware/nnet_utils/nnet_activation.h:121]   --->   Operation 1889 'zext' 'zext_ln121_102' <Predicate = true> <Delay = 0.00>
ST_4 : Operation 1890 [1/1] (0.00ns)   --->   "%sigmoid_table_addr_51 = getelementptr i10 %sigmoid_table, i64 0, i64 %zext_ln121_102" [firmware/nnet_utils/nnet_activation.h:121]   --->   Operation 1890 'getelementptr' 'sigmoid_table_addr_51' <Predicate = true> <Delay = 0.00>
ST_4 : Operation 1891 [3/3] (1.68ns)   --->   "%sigmoid_table_load_51 = load i10 %sigmoid_table_addr_51" [firmware/nnet_utils/nnet_activation.h:121]   --->   Operation 1891 'load' 'sigmoid_table_load_51' <Predicate = true> <Delay = 1.68> <CoreInst = "ROM">   --->   Core 94 'ROM' <Latency = 2> <II = 1> <Delay = 1.68> <Storage> <Opcode : 'load'> <Ports = 0> <Width = 10> <Depth = 1024> <ROM>
ST_4 : Operation 1892 [1/1] (0.00ns)   --->   "%zext_ln121_104 = zext i10 %index_253" [firmware/nnet_utils/nnet_activation.h:121]   --->   Operation 1892 'zext' 'zext_ln121_104' <Predicate = true> <Delay = 0.00>
ST_4 : Operation 1893 [1/1] (0.00ns)   --->   "%sigmoid_table_addr_52 = getelementptr i10 %sigmoid_table, i64 0, i64 %zext_ln121_104" [firmware/nnet_utils/nnet_activation.h:121]   --->   Operation 1893 'getelementptr' 'sigmoid_table_addr_52' <Predicate = true> <Delay = 0.00>
ST_4 : Operation 1894 [3/3] (1.68ns)   --->   "%sigmoid_table_load_52 = load i10 %sigmoid_table_addr_52" [firmware/nnet_utils/nnet_activation.h:121]   --->   Operation 1894 'load' 'sigmoid_table_load_52' <Predicate = true> <Delay = 1.68> <CoreInst = "ROM">   --->   Core 94 'ROM' <Latency = 2> <II = 1> <Delay = 1.68> <Storage> <Opcode : 'load'> <Ports = 0> <Width = 10> <Depth = 1024> <ROM>
ST_4 : Operation 1895 [1/1] (0.00ns)   --->   "%zext_ln121_106 = zext i10 %index_256" [firmware/nnet_utils/nnet_activation.h:121]   --->   Operation 1895 'zext' 'zext_ln121_106' <Predicate = true> <Delay = 0.00>
ST_4 : Operation 1896 [1/1] (0.00ns)   --->   "%sigmoid_table_addr_53 = getelementptr i10 %sigmoid_table, i64 0, i64 %zext_ln121_106" [firmware/nnet_utils/nnet_activation.h:121]   --->   Operation 1896 'getelementptr' 'sigmoid_table_addr_53' <Predicate = true> <Delay = 0.00>
ST_4 : Operation 1897 [3/3] (1.68ns)   --->   "%sigmoid_table_load_53 = load i10 %sigmoid_table_addr_53" [firmware/nnet_utils/nnet_activation.h:121]   --->   Operation 1897 'load' 'sigmoid_table_load_53' <Predicate = true> <Delay = 1.68> <CoreInst = "ROM">   --->   Core 94 'ROM' <Latency = 2> <II = 1> <Delay = 1.68> <Storage> <Opcode : 'load'> <Ports = 0> <Width = 10> <Depth = 1024> <ROM>
ST_4 : Operation 1898 [1/1] (0.00ns)   --->   "%zext_ln121_108 = zext i10 %index_259" [firmware/nnet_utils/nnet_activation.h:121]   --->   Operation 1898 'zext' 'zext_ln121_108' <Predicate = true> <Delay = 0.00>
ST_4 : Operation 1899 [1/1] (0.00ns)   --->   "%sigmoid_table_addr_54 = getelementptr i10 %sigmoid_table, i64 0, i64 %zext_ln121_108" [firmware/nnet_utils/nnet_activation.h:121]   --->   Operation 1899 'getelementptr' 'sigmoid_table_addr_54' <Predicate = true> <Delay = 0.00>
ST_4 : Operation 1900 [3/3] (1.68ns)   --->   "%sigmoid_table_load_54 = load i10 %sigmoid_table_addr_54" [firmware/nnet_utils/nnet_activation.h:121]   --->   Operation 1900 'load' 'sigmoid_table_load_54' <Predicate = true> <Delay = 1.68> <CoreInst = "ROM">   --->   Core 94 'ROM' <Latency = 2> <II = 1> <Delay = 1.68> <Storage> <Opcode : 'load'> <Ports = 0> <Width = 10> <Depth = 1024> <ROM>
ST_4 : Operation 1901 [1/1] (0.00ns)   --->   "%zext_ln121_110 = zext i10 %index_262" [firmware/nnet_utils/nnet_activation.h:121]   --->   Operation 1901 'zext' 'zext_ln121_110' <Predicate = true> <Delay = 0.00>
ST_4 : Operation 1902 [1/1] (0.00ns)   --->   "%sigmoid_table_addr_55 = getelementptr i10 %sigmoid_table, i64 0, i64 %zext_ln121_110" [firmware/nnet_utils/nnet_activation.h:121]   --->   Operation 1902 'getelementptr' 'sigmoid_table_addr_55' <Predicate = true> <Delay = 0.00>
ST_4 : Operation 1903 [3/3] (1.68ns)   --->   "%sigmoid_table_load_55 = load i10 %sigmoid_table_addr_55" [firmware/nnet_utils/nnet_activation.h:121]   --->   Operation 1903 'load' 'sigmoid_table_load_55' <Predicate = true> <Delay = 1.68> <CoreInst = "ROM">   --->   Core 94 'ROM' <Latency = 2> <II = 1> <Delay = 1.68> <Storage> <Opcode : 'load'> <Ports = 0> <Width = 10> <Depth = 1024> <ROM>
ST_4 : Operation 1904 [1/1] (0.00ns)   --->   "%zext_ln121_112 = zext i10 %index_265" [firmware/nnet_utils/nnet_activation.h:121]   --->   Operation 1904 'zext' 'zext_ln121_112' <Predicate = true> <Delay = 0.00>
ST_4 : Operation 1905 [1/1] (0.00ns)   --->   "%sigmoid_table_addr_56 = getelementptr i10 %sigmoid_table, i64 0, i64 %zext_ln121_112" [firmware/nnet_utils/nnet_activation.h:121]   --->   Operation 1905 'getelementptr' 'sigmoid_table_addr_56' <Predicate = true> <Delay = 0.00>
ST_4 : Operation 1906 [3/3] (1.68ns)   --->   "%sigmoid_table_load_56 = load i10 %sigmoid_table_addr_56" [firmware/nnet_utils/nnet_activation.h:121]   --->   Operation 1906 'load' 'sigmoid_table_load_56' <Predicate = true> <Delay = 1.68> <CoreInst = "ROM">   --->   Core 94 'ROM' <Latency = 2> <II = 1> <Delay = 1.68> <Storage> <Opcode : 'load'> <Ports = 0> <Width = 10> <Depth = 1024> <ROM>
ST_4 : Operation 1907 [1/1] (0.00ns)   --->   "%zext_ln121_114 = zext i10 %index_268" [firmware/nnet_utils/nnet_activation.h:121]   --->   Operation 1907 'zext' 'zext_ln121_114' <Predicate = true> <Delay = 0.00>
ST_4 : Operation 1908 [1/1] (0.00ns)   --->   "%sigmoid_table_addr_57 = getelementptr i10 %sigmoid_table, i64 0, i64 %zext_ln121_114" [firmware/nnet_utils/nnet_activation.h:121]   --->   Operation 1908 'getelementptr' 'sigmoid_table_addr_57' <Predicate = true> <Delay = 0.00>
ST_4 : Operation 1909 [3/3] (1.68ns)   --->   "%sigmoid_table_load_57 = load i10 %sigmoid_table_addr_57" [firmware/nnet_utils/nnet_activation.h:121]   --->   Operation 1909 'load' 'sigmoid_table_load_57' <Predicate = true> <Delay = 1.68> <CoreInst = "ROM">   --->   Core 94 'ROM' <Latency = 2> <II = 1> <Delay = 1.68> <Storage> <Opcode : 'load'> <Ports = 0> <Width = 10> <Depth = 1024> <ROM>
ST_4 : Operation 1910 [1/1] (0.00ns)   --->   "%zext_ln121_116 = zext i10 %index_271" [firmware/nnet_utils/nnet_activation.h:121]   --->   Operation 1910 'zext' 'zext_ln121_116' <Predicate = true> <Delay = 0.00>
ST_4 : Operation 1911 [1/1] (0.00ns)   --->   "%sigmoid_table_addr_58 = getelementptr i10 %sigmoid_table, i64 0, i64 %zext_ln121_116" [firmware/nnet_utils/nnet_activation.h:121]   --->   Operation 1911 'getelementptr' 'sigmoid_table_addr_58' <Predicate = true> <Delay = 0.00>
ST_4 : Operation 1912 [3/3] (1.68ns)   --->   "%sigmoid_table_load_58 = load i10 %sigmoid_table_addr_58" [firmware/nnet_utils/nnet_activation.h:121]   --->   Operation 1912 'load' 'sigmoid_table_load_58' <Predicate = true> <Delay = 1.68> <CoreInst = "ROM">   --->   Core 94 'ROM' <Latency = 2> <II = 1> <Delay = 1.68> <Storage> <Opcode : 'load'> <Ports = 0> <Width = 10> <Depth = 1024> <ROM>
ST_4 : Operation 1913 [1/1] (0.00ns)   --->   "%zext_ln121_118 = zext i10 %index_274" [firmware/nnet_utils/nnet_activation.h:121]   --->   Operation 1913 'zext' 'zext_ln121_118' <Predicate = true> <Delay = 0.00>
ST_4 : Operation 1914 [1/1] (0.00ns)   --->   "%sigmoid_table_addr_59 = getelementptr i10 %sigmoid_table, i64 0, i64 %zext_ln121_118" [firmware/nnet_utils/nnet_activation.h:121]   --->   Operation 1914 'getelementptr' 'sigmoid_table_addr_59' <Predicate = true> <Delay = 0.00>
ST_4 : Operation 1915 [3/3] (1.68ns)   --->   "%sigmoid_table_load_59 = load i10 %sigmoid_table_addr_59" [firmware/nnet_utils/nnet_activation.h:121]   --->   Operation 1915 'load' 'sigmoid_table_load_59' <Predicate = true> <Delay = 1.68> <CoreInst = "ROM">   --->   Core 94 'ROM' <Latency = 2> <II = 1> <Delay = 1.68> <Storage> <Opcode : 'load'> <Ports = 0> <Width = 10> <Depth = 1024> <ROM>
ST_4 : Operation 1916 [1/1] (0.00ns)   --->   "%zext_ln121_120 = zext i10 %index_277" [firmware/nnet_utils/nnet_activation.h:121]   --->   Operation 1916 'zext' 'zext_ln121_120' <Predicate = true> <Delay = 0.00>
ST_4 : Operation 1917 [1/1] (0.00ns)   --->   "%sigmoid_table_addr_60 = getelementptr i10 %sigmoid_table, i64 0, i64 %zext_ln121_120" [firmware/nnet_utils/nnet_activation.h:121]   --->   Operation 1917 'getelementptr' 'sigmoid_table_addr_60' <Predicate = true> <Delay = 0.00>
ST_4 : Operation 1918 [3/3] (1.68ns)   --->   "%sigmoid_table_load_60 = load i10 %sigmoid_table_addr_60" [firmware/nnet_utils/nnet_activation.h:121]   --->   Operation 1918 'load' 'sigmoid_table_load_60' <Predicate = true> <Delay = 1.68> <CoreInst = "ROM">   --->   Core 94 'ROM' <Latency = 2> <II = 1> <Delay = 1.68> <Storage> <Opcode : 'load'> <Ports = 0> <Width = 10> <Depth = 1024> <ROM>
ST_4 : Operation 1919 [1/1] (0.00ns)   --->   "%zext_ln121_122 = zext i10 %index_280" [firmware/nnet_utils/nnet_activation.h:121]   --->   Operation 1919 'zext' 'zext_ln121_122' <Predicate = true> <Delay = 0.00>
ST_4 : Operation 1920 [1/1] (0.00ns)   --->   "%sigmoid_table_addr_61 = getelementptr i10 %sigmoid_table, i64 0, i64 %zext_ln121_122" [firmware/nnet_utils/nnet_activation.h:121]   --->   Operation 1920 'getelementptr' 'sigmoid_table_addr_61' <Predicate = true> <Delay = 0.00>
ST_4 : Operation 1921 [3/3] (1.68ns)   --->   "%sigmoid_table_load_61 = load i10 %sigmoid_table_addr_61" [firmware/nnet_utils/nnet_activation.h:121]   --->   Operation 1921 'load' 'sigmoid_table_load_61' <Predicate = true> <Delay = 1.68> <CoreInst = "ROM">   --->   Core 94 'ROM' <Latency = 2> <II = 1> <Delay = 1.68> <Storage> <Opcode : 'load'> <Ports = 0> <Width = 10> <Depth = 1024> <ROM>
ST_4 : Operation 1922 [1/1] (0.00ns)   --->   "%zext_ln121_124 = zext i10 %index_283" [firmware/nnet_utils/nnet_activation.h:121]   --->   Operation 1922 'zext' 'zext_ln121_124' <Predicate = true> <Delay = 0.00>
ST_4 : Operation 1923 [1/1] (0.00ns)   --->   "%sigmoid_table_addr_62 = getelementptr i10 %sigmoid_table, i64 0, i64 %zext_ln121_124" [firmware/nnet_utils/nnet_activation.h:121]   --->   Operation 1923 'getelementptr' 'sigmoid_table_addr_62' <Predicate = true> <Delay = 0.00>
ST_4 : Operation 1924 [3/3] (1.68ns)   --->   "%sigmoid_table_load_62 = load i10 %sigmoid_table_addr_62" [firmware/nnet_utils/nnet_activation.h:121]   --->   Operation 1924 'load' 'sigmoid_table_load_62' <Predicate = true> <Delay = 1.68> <CoreInst = "ROM">   --->   Core 94 'ROM' <Latency = 2> <II = 1> <Delay = 1.68> <Storage> <Opcode : 'load'> <Ports = 0> <Width = 10> <Depth = 1024> <ROM>
ST_4 : Operation 1925 [1/1] (0.00ns)   --->   "%zext_ln121_126 = zext i10 %index_286" [firmware/nnet_utils/nnet_activation.h:121]   --->   Operation 1925 'zext' 'zext_ln121_126' <Predicate = true> <Delay = 0.00>
ST_4 : Operation 1926 [1/1] (0.00ns)   --->   "%sigmoid_table_addr_63 = getelementptr i10 %sigmoid_table, i64 0, i64 %zext_ln121_126" [firmware/nnet_utils/nnet_activation.h:121]   --->   Operation 1926 'getelementptr' 'sigmoid_table_addr_63' <Predicate = true> <Delay = 0.00>
ST_4 : Operation 1927 [3/3] (1.68ns)   --->   "%sigmoid_table_load_63 = load i10 %sigmoid_table_addr_63" [firmware/nnet_utils/nnet_activation.h:121]   --->   Operation 1927 'load' 'sigmoid_table_load_63' <Predicate = true> <Delay = 1.68> <CoreInst = "ROM">   --->   Core 94 'ROM' <Latency = 2> <II = 1> <Delay = 1.68> <Storage> <Opcode : 'load'> <Ports = 0> <Width = 10> <Depth = 1024> <ROM>
ST_4 : Operation 1928 [1/1] (0.00ns)   --->   "%zext_ln121_128 = zext i10 %index_289" [firmware/nnet_utils/nnet_activation.h:121]   --->   Operation 1928 'zext' 'zext_ln121_128' <Predicate = true> <Delay = 0.00>
ST_4 : Operation 1929 [1/1] (0.00ns)   --->   "%sigmoid_table_addr_64 = getelementptr i10 %sigmoid_table, i64 0, i64 %zext_ln121_128" [firmware/nnet_utils/nnet_activation.h:121]   --->   Operation 1929 'getelementptr' 'sigmoid_table_addr_64' <Predicate = true> <Delay = 0.00>
ST_4 : Operation 1930 [3/3] (1.68ns)   --->   "%sigmoid_table_load_64 = load i10 %sigmoid_table_addr_64" [firmware/nnet_utils/nnet_activation.h:121]   --->   Operation 1930 'load' 'sigmoid_table_load_64' <Predicate = true> <Delay = 1.68> <CoreInst = "ROM">   --->   Core 94 'ROM' <Latency = 2> <II = 1> <Delay = 1.68> <Storage> <Opcode : 'load'> <Ports = 0> <Width = 10> <Depth = 1024> <ROM>
ST_4 : Operation 1931 [1/1] (0.00ns)   --->   "%zext_ln121_130 = zext i10 %index_292" [firmware/nnet_utils/nnet_activation.h:121]   --->   Operation 1931 'zext' 'zext_ln121_130' <Predicate = true> <Delay = 0.00>
ST_4 : Operation 1932 [1/1] (0.00ns)   --->   "%sigmoid_table_addr_65 = getelementptr i10 %sigmoid_table, i64 0, i64 %zext_ln121_130" [firmware/nnet_utils/nnet_activation.h:121]   --->   Operation 1932 'getelementptr' 'sigmoid_table_addr_65' <Predicate = true> <Delay = 0.00>
ST_4 : Operation 1933 [3/3] (1.68ns)   --->   "%sigmoid_table_load_65 = load i10 %sigmoid_table_addr_65" [firmware/nnet_utils/nnet_activation.h:121]   --->   Operation 1933 'load' 'sigmoid_table_load_65' <Predicate = true> <Delay = 1.68> <CoreInst = "ROM">   --->   Core 94 'ROM' <Latency = 2> <II = 1> <Delay = 1.68> <Storage> <Opcode : 'load'> <Ports = 0> <Width = 10> <Depth = 1024> <ROM>
ST_4 : Operation 1934 [1/1] (0.00ns)   --->   "%zext_ln121_132 = zext i10 %index_295" [firmware/nnet_utils/nnet_activation.h:121]   --->   Operation 1934 'zext' 'zext_ln121_132' <Predicate = true> <Delay = 0.00>
ST_4 : Operation 1935 [1/1] (0.00ns)   --->   "%sigmoid_table_addr_66 = getelementptr i10 %sigmoid_table, i64 0, i64 %zext_ln121_132" [firmware/nnet_utils/nnet_activation.h:121]   --->   Operation 1935 'getelementptr' 'sigmoid_table_addr_66' <Predicate = true> <Delay = 0.00>
ST_4 : Operation 1936 [3/3] (1.68ns)   --->   "%sigmoid_table_load_66 = load i10 %sigmoid_table_addr_66" [firmware/nnet_utils/nnet_activation.h:121]   --->   Operation 1936 'load' 'sigmoid_table_load_66' <Predicate = true> <Delay = 1.68> <CoreInst = "ROM">   --->   Core 94 'ROM' <Latency = 2> <II = 1> <Delay = 1.68> <Storage> <Opcode : 'load'> <Ports = 0> <Width = 10> <Depth = 1024> <ROM>
ST_4 : Operation 1937 [1/1] (0.00ns)   --->   "%zext_ln121_134 = zext i10 %index_298" [firmware/nnet_utils/nnet_activation.h:121]   --->   Operation 1937 'zext' 'zext_ln121_134' <Predicate = true> <Delay = 0.00>
ST_4 : Operation 1938 [1/1] (0.00ns)   --->   "%sigmoid_table_addr_67 = getelementptr i10 %sigmoid_table, i64 0, i64 %zext_ln121_134" [firmware/nnet_utils/nnet_activation.h:121]   --->   Operation 1938 'getelementptr' 'sigmoid_table_addr_67' <Predicate = true> <Delay = 0.00>
ST_4 : Operation 1939 [3/3] (1.68ns)   --->   "%sigmoid_table_load_67 = load i10 %sigmoid_table_addr_67" [firmware/nnet_utils/nnet_activation.h:121]   --->   Operation 1939 'load' 'sigmoid_table_load_67' <Predicate = true> <Delay = 1.68> <CoreInst = "ROM">   --->   Core 94 'ROM' <Latency = 2> <II = 1> <Delay = 1.68> <Storage> <Opcode : 'load'> <Ports = 0> <Width = 10> <Depth = 1024> <ROM>
ST_4 : Operation 1940 [1/1] (0.00ns)   --->   "%zext_ln121_136 = zext i10 %index_301" [firmware/nnet_utils/nnet_activation.h:121]   --->   Operation 1940 'zext' 'zext_ln121_136' <Predicate = true> <Delay = 0.00>
ST_4 : Operation 1941 [1/1] (0.00ns)   --->   "%sigmoid_table_addr_68 = getelementptr i10 %sigmoid_table, i64 0, i64 %zext_ln121_136" [firmware/nnet_utils/nnet_activation.h:121]   --->   Operation 1941 'getelementptr' 'sigmoid_table_addr_68' <Predicate = true> <Delay = 0.00>
ST_4 : Operation 1942 [3/3] (1.68ns)   --->   "%sigmoid_table_load_68 = load i10 %sigmoid_table_addr_68" [firmware/nnet_utils/nnet_activation.h:121]   --->   Operation 1942 'load' 'sigmoid_table_load_68' <Predicate = true> <Delay = 1.68> <CoreInst = "ROM">   --->   Core 94 'ROM' <Latency = 2> <II = 1> <Delay = 1.68> <Storage> <Opcode : 'load'> <Ports = 0> <Width = 10> <Depth = 1024> <ROM>
ST_4 : Operation 1943 [1/1] (0.00ns)   --->   "%zext_ln121_138 = zext i10 %index_304" [firmware/nnet_utils/nnet_activation.h:121]   --->   Operation 1943 'zext' 'zext_ln121_138' <Predicate = true> <Delay = 0.00>
ST_4 : Operation 1944 [1/1] (0.00ns)   --->   "%sigmoid_table_addr_69 = getelementptr i10 %sigmoid_table, i64 0, i64 %zext_ln121_138" [firmware/nnet_utils/nnet_activation.h:121]   --->   Operation 1944 'getelementptr' 'sigmoid_table_addr_69' <Predicate = true> <Delay = 0.00>
ST_4 : Operation 1945 [3/3] (1.68ns)   --->   "%sigmoid_table_load_69 = load i10 %sigmoid_table_addr_69" [firmware/nnet_utils/nnet_activation.h:121]   --->   Operation 1945 'load' 'sigmoid_table_load_69' <Predicate = true> <Delay = 1.68> <CoreInst = "ROM">   --->   Core 94 'ROM' <Latency = 2> <II = 1> <Delay = 1.68> <Storage> <Opcode : 'load'> <Ports = 0> <Width = 10> <Depth = 1024> <ROM>
ST_4 : Operation 1946 [1/1] (0.00ns)   --->   "%zext_ln121_140 = zext i10 %index_307" [firmware/nnet_utils/nnet_activation.h:121]   --->   Operation 1946 'zext' 'zext_ln121_140' <Predicate = true> <Delay = 0.00>
ST_4 : Operation 1947 [1/1] (0.00ns)   --->   "%sigmoid_table_addr_70 = getelementptr i10 %sigmoid_table, i64 0, i64 %zext_ln121_140" [firmware/nnet_utils/nnet_activation.h:121]   --->   Operation 1947 'getelementptr' 'sigmoid_table_addr_70' <Predicate = true> <Delay = 0.00>
ST_4 : Operation 1948 [3/3] (1.68ns)   --->   "%sigmoid_table_load_70 = load i10 %sigmoid_table_addr_70" [firmware/nnet_utils/nnet_activation.h:121]   --->   Operation 1948 'load' 'sigmoid_table_load_70' <Predicate = true> <Delay = 1.68> <CoreInst = "ROM">   --->   Core 94 'ROM' <Latency = 2> <II = 1> <Delay = 1.68> <Storage> <Opcode : 'load'> <Ports = 0> <Width = 10> <Depth = 1024> <ROM>
ST_4 : Operation 1949 [1/1] (0.00ns)   --->   "%zext_ln121_142 = zext i10 %index_310" [firmware/nnet_utils/nnet_activation.h:121]   --->   Operation 1949 'zext' 'zext_ln121_142' <Predicate = true> <Delay = 0.00>
ST_4 : Operation 1950 [1/1] (0.00ns)   --->   "%sigmoid_table_addr_71 = getelementptr i10 %sigmoid_table, i64 0, i64 %zext_ln121_142" [firmware/nnet_utils/nnet_activation.h:121]   --->   Operation 1950 'getelementptr' 'sigmoid_table_addr_71' <Predicate = true> <Delay = 0.00>
ST_4 : Operation 1951 [3/3] (1.68ns)   --->   "%sigmoid_table_load_71 = load i10 %sigmoid_table_addr_71" [firmware/nnet_utils/nnet_activation.h:121]   --->   Operation 1951 'load' 'sigmoid_table_load_71' <Predicate = true> <Delay = 1.68> <CoreInst = "ROM">   --->   Core 94 'ROM' <Latency = 2> <II = 1> <Delay = 1.68> <Storage> <Opcode : 'load'> <Ports = 0> <Width = 10> <Depth = 1024> <ROM>
ST_4 : Operation 1952 [1/1] (0.00ns)   --->   "%zext_ln121_144 = zext i10 %index_313" [firmware/nnet_utils/nnet_activation.h:121]   --->   Operation 1952 'zext' 'zext_ln121_144' <Predicate = true> <Delay = 0.00>
ST_4 : Operation 1953 [1/1] (0.00ns)   --->   "%sigmoid_table_addr_72 = getelementptr i10 %sigmoid_table, i64 0, i64 %zext_ln121_144" [firmware/nnet_utils/nnet_activation.h:121]   --->   Operation 1953 'getelementptr' 'sigmoid_table_addr_72' <Predicate = true> <Delay = 0.00>
ST_4 : Operation 1954 [3/3] (1.68ns)   --->   "%sigmoid_table_load_72 = load i10 %sigmoid_table_addr_72" [firmware/nnet_utils/nnet_activation.h:121]   --->   Operation 1954 'load' 'sigmoid_table_load_72' <Predicate = true> <Delay = 1.68> <CoreInst = "ROM">   --->   Core 94 'ROM' <Latency = 2> <II = 1> <Delay = 1.68> <Storage> <Opcode : 'load'> <Ports = 0> <Width = 10> <Depth = 1024> <ROM>
ST_4 : Operation 1955 [1/1] (0.00ns)   --->   "%zext_ln121_146 = zext i10 %index_316" [firmware/nnet_utils/nnet_activation.h:121]   --->   Operation 1955 'zext' 'zext_ln121_146' <Predicate = true> <Delay = 0.00>
ST_4 : Operation 1956 [1/1] (0.00ns)   --->   "%sigmoid_table_addr_73 = getelementptr i10 %sigmoid_table, i64 0, i64 %zext_ln121_146" [firmware/nnet_utils/nnet_activation.h:121]   --->   Operation 1956 'getelementptr' 'sigmoid_table_addr_73' <Predicate = true> <Delay = 0.00>
ST_4 : Operation 1957 [3/3] (1.68ns)   --->   "%sigmoid_table_load_73 = load i10 %sigmoid_table_addr_73" [firmware/nnet_utils/nnet_activation.h:121]   --->   Operation 1957 'load' 'sigmoid_table_load_73' <Predicate = true> <Delay = 1.68> <CoreInst = "ROM">   --->   Core 94 'ROM' <Latency = 2> <II = 1> <Delay = 1.68> <Storage> <Opcode : 'load'> <Ports = 0> <Width = 10> <Depth = 1024> <ROM>
ST_4 : Operation 1958 [1/1] (0.00ns)   --->   "%zext_ln121_148 = zext i10 %index_319" [firmware/nnet_utils/nnet_activation.h:121]   --->   Operation 1958 'zext' 'zext_ln121_148' <Predicate = true> <Delay = 0.00>
ST_4 : Operation 1959 [1/1] (0.00ns)   --->   "%sigmoid_table_addr_74 = getelementptr i10 %sigmoid_table, i64 0, i64 %zext_ln121_148" [firmware/nnet_utils/nnet_activation.h:121]   --->   Operation 1959 'getelementptr' 'sigmoid_table_addr_74' <Predicate = true> <Delay = 0.00>
ST_4 : Operation 1960 [3/3] (1.68ns)   --->   "%sigmoid_table_load_74 = load i10 %sigmoid_table_addr_74" [firmware/nnet_utils/nnet_activation.h:121]   --->   Operation 1960 'load' 'sigmoid_table_load_74' <Predicate = true> <Delay = 1.68> <CoreInst = "ROM">   --->   Core 94 'ROM' <Latency = 2> <II = 1> <Delay = 1.68> <Storage> <Opcode : 'load'> <Ports = 0> <Width = 10> <Depth = 1024> <ROM>
ST_4 : Operation 1961 [1/1] (0.00ns)   --->   "%zext_ln121_150 = zext i10 %index_322" [firmware/nnet_utils/nnet_activation.h:121]   --->   Operation 1961 'zext' 'zext_ln121_150' <Predicate = true> <Delay = 0.00>
ST_4 : Operation 1962 [1/1] (0.00ns)   --->   "%sigmoid_table_addr_75 = getelementptr i10 %sigmoid_table, i64 0, i64 %zext_ln121_150" [firmware/nnet_utils/nnet_activation.h:121]   --->   Operation 1962 'getelementptr' 'sigmoid_table_addr_75' <Predicate = true> <Delay = 0.00>
ST_4 : Operation 1963 [3/3] (1.68ns)   --->   "%sigmoid_table_load_75 = load i10 %sigmoid_table_addr_75" [firmware/nnet_utils/nnet_activation.h:121]   --->   Operation 1963 'load' 'sigmoid_table_load_75' <Predicate = true> <Delay = 1.68> <CoreInst = "ROM">   --->   Core 94 'ROM' <Latency = 2> <II = 1> <Delay = 1.68> <Storage> <Opcode : 'load'> <Ports = 0> <Width = 10> <Depth = 1024> <ROM>
ST_4 : Operation 1964 [1/1] (0.00ns)   --->   "%zext_ln121_152 = zext i10 %index_325" [firmware/nnet_utils/nnet_activation.h:121]   --->   Operation 1964 'zext' 'zext_ln121_152' <Predicate = true> <Delay = 0.00>
ST_4 : Operation 1965 [1/1] (0.00ns)   --->   "%sigmoid_table_addr_76 = getelementptr i10 %sigmoid_table, i64 0, i64 %zext_ln121_152" [firmware/nnet_utils/nnet_activation.h:121]   --->   Operation 1965 'getelementptr' 'sigmoid_table_addr_76' <Predicate = true> <Delay = 0.00>
ST_4 : Operation 1966 [3/3] (1.68ns)   --->   "%sigmoid_table_load_76 = load i10 %sigmoid_table_addr_76" [firmware/nnet_utils/nnet_activation.h:121]   --->   Operation 1966 'load' 'sigmoid_table_load_76' <Predicate = true> <Delay = 1.68> <CoreInst = "ROM">   --->   Core 94 'ROM' <Latency = 2> <II = 1> <Delay = 1.68> <Storage> <Opcode : 'load'> <Ports = 0> <Width = 10> <Depth = 1024> <ROM>
ST_4 : Operation 1967 [1/1] (0.00ns)   --->   "%zext_ln121_154 = zext i10 %index_328" [firmware/nnet_utils/nnet_activation.h:121]   --->   Operation 1967 'zext' 'zext_ln121_154' <Predicate = true> <Delay = 0.00>
ST_4 : Operation 1968 [1/1] (0.00ns)   --->   "%sigmoid_table_addr_77 = getelementptr i10 %sigmoid_table, i64 0, i64 %zext_ln121_154" [firmware/nnet_utils/nnet_activation.h:121]   --->   Operation 1968 'getelementptr' 'sigmoid_table_addr_77' <Predicate = true> <Delay = 0.00>
ST_4 : Operation 1969 [3/3] (1.68ns)   --->   "%sigmoid_table_load_77 = load i10 %sigmoid_table_addr_77" [firmware/nnet_utils/nnet_activation.h:121]   --->   Operation 1969 'load' 'sigmoid_table_load_77' <Predicate = true> <Delay = 1.68> <CoreInst = "ROM">   --->   Core 94 'ROM' <Latency = 2> <II = 1> <Delay = 1.68> <Storage> <Opcode : 'load'> <Ports = 0> <Width = 10> <Depth = 1024> <ROM>
ST_4 : Operation 1970 [1/1] (0.00ns)   --->   "%zext_ln121_156 = zext i10 %index_331" [firmware/nnet_utils/nnet_activation.h:121]   --->   Operation 1970 'zext' 'zext_ln121_156' <Predicate = true> <Delay = 0.00>
ST_4 : Operation 1971 [1/1] (0.00ns)   --->   "%sigmoid_table_addr_78 = getelementptr i10 %sigmoid_table, i64 0, i64 %zext_ln121_156" [firmware/nnet_utils/nnet_activation.h:121]   --->   Operation 1971 'getelementptr' 'sigmoid_table_addr_78' <Predicate = true> <Delay = 0.00>
ST_4 : Operation 1972 [3/3] (1.68ns)   --->   "%sigmoid_table_load_78 = load i10 %sigmoid_table_addr_78" [firmware/nnet_utils/nnet_activation.h:121]   --->   Operation 1972 'load' 'sigmoid_table_load_78' <Predicate = true> <Delay = 1.68> <CoreInst = "ROM">   --->   Core 94 'ROM' <Latency = 2> <II = 1> <Delay = 1.68> <Storage> <Opcode : 'load'> <Ports = 0> <Width = 10> <Depth = 1024> <ROM>
ST_4 : Operation 1973 [1/1] (0.00ns)   --->   "%zext_ln121_158 = zext i10 %index_334" [firmware/nnet_utils/nnet_activation.h:121]   --->   Operation 1973 'zext' 'zext_ln121_158' <Predicate = true> <Delay = 0.00>
ST_4 : Operation 1974 [1/1] (0.00ns)   --->   "%sigmoid_table_addr_79 = getelementptr i10 %sigmoid_table, i64 0, i64 %zext_ln121_158" [firmware/nnet_utils/nnet_activation.h:121]   --->   Operation 1974 'getelementptr' 'sigmoid_table_addr_79' <Predicate = true> <Delay = 0.00>
ST_4 : Operation 1975 [3/3] (1.68ns)   --->   "%sigmoid_table_load_79 = load i10 %sigmoid_table_addr_79" [firmware/nnet_utils/nnet_activation.h:121]   --->   Operation 1975 'load' 'sigmoid_table_load_79' <Predicate = true> <Delay = 1.68> <CoreInst = "ROM">   --->   Core 94 'ROM' <Latency = 2> <II = 1> <Delay = 1.68> <Storage> <Opcode : 'load'> <Ports = 0> <Width = 10> <Depth = 1024> <ROM>
ST_4 : Operation 1976 [1/1] (0.00ns)   --->   "%zext_ln121_160 = zext i10 %index_337" [firmware/nnet_utils/nnet_activation.h:121]   --->   Operation 1976 'zext' 'zext_ln121_160' <Predicate = true> <Delay = 0.00>
ST_4 : Operation 1977 [1/1] (0.00ns)   --->   "%sigmoid_table_addr_80 = getelementptr i10 %sigmoid_table, i64 0, i64 %zext_ln121_160" [firmware/nnet_utils/nnet_activation.h:121]   --->   Operation 1977 'getelementptr' 'sigmoid_table_addr_80' <Predicate = true> <Delay = 0.00>
ST_4 : Operation 1978 [3/3] (1.68ns)   --->   "%sigmoid_table_load_80 = load i10 %sigmoid_table_addr_80" [firmware/nnet_utils/nnet_activation.h:121]   --->   Operation 1978 'load' 'sigmoid_table_load_80' <Predicate = true> <Delay = 1.68> <CoreInst = "ROM">   --->   Core 94 'ROM' <Latency = 2> <II = 1> <Delay = 1.68> <Storage> <Opcode : 'load'> <Ports = 0> <Width = 10> <Depth = 1024> <ROM>
ST_4 : Operation 1979 [1/1] (0.00ns)   --->   "%zext_ln121_162 = zext i10 %index_340" [firmware/nnet_utils/nnet_activation.h:121]   --->   Operation 1979 'zext' 'zext_ln121_162' <Predicate = true> <Delay = 0.00>
ST_4 : Operation 1980 [1/1] (0.00ns)   --->   "%sigmoid_table_addr_81 = getelementptr i10 %sigmoid_table, i64 0, i64 %zext_ln121_162" [firmware/nnet_utils/nnet_activation.h:121]   --->   Operation 1980 'getelementptr' 'sigmoid_table_addr_81' <Predicate = true> <Delay = 0.00>
ST_4 : Operation 1981 [3/3] (1.68ns)   --->   "%sigmoid_table_load_81 = load i10 %sigmoid_table_addr_81" [firmware/nnet_utils/nnet_activation.h:121]   --->   Operation 1981 'load' 'sigmoid_table_load_81' <Predicate = true> <Delay = 1.68> <CoreInst = "ROM">   --->   Core 94 'ROM' <Latency = 2> <II = 1> <Delay = 1.68> <Storage> <Opcode : 'load'> <Ports = 0> <Width = 10> <Depth = 1024> <ROM>
ST_4 : Operation 1982 [1/1] (0.00ns)   --->   "%zext_ln121_164 = zext i10 %index_343" [firmware/nnet_utils/nnet_activation.h:121]   --->   Operation 1982 'zext' 'zext_ln121_164' <Predicate = true> <Delay = 0.00>
ST_4 : Operation 1983 [1/1] (0.00ns)   --->   "%sigmoid_table_addr_82 = getelementptr i10 %sigmoid_table, i64 0, i64 %zext_ln121_164" [firmware/nnet_utils/nnet_activation.h:121]   --->   Operation 1983 'getelementptr' 'sigmoid_table_addr_82' <Predicate = true> <Delay = 0.00>
ST_4 : Operation 1984 [3/3] (1.68ns)   --->   "%sigmoid_table_load_82 = load i10 %sigmoid_table_addr_82" [firmware/nnet_utils/nnet_activation.h:121]   --->   Operation 1984 'load' 'sigmoid_table_load_82' <Predicate = true> <Delay = 1.68> <CoreInst = "ROM">   --->   Core 94 'ROM' <Latency = 2> <II = 1> <Delay = 1.68> <Storage> <Opcode : 'load'> <Ports = 0> <Width = 10> <Depth = 1024> <ROM>
ST_4 : Operation 1985 [1/1] (0.00ns)   --->   "%zext_ln121_166 = zext i10 %index_346" [firmware/nnet_utils/nnet_activation.h:121]   --->   Operation 1985 'zext' 'zext_ln121_166' <Predicate = true> <Delay = 0.00>
ST_4 : Operation 1986 [1/1] (0.00ns)   --->   "%sigmoid_table_addr_83 = getelementptr i10 %sigmoid_table, i64 0, i64 %zext_ln121_166" [firmware/nnet_utils/nnet_activation.h:121]   --->   Operation 1986 'getelementptr' 'sigmoid_table_addr_83' <Predicate = true> <Delay = 0.00>
ST_4 : Operation 1987 [3/3] (1.68ns)   --->   "%sigmoid_table_load_83 = load i10 %sigmoid_table_addr_83" [firmware/nnet_utils/nnet_activation.h:121]   --->   Operation 1987 'load' 'sigmoid_table_load_83' <Predicate = true> <Delay = 1.68> <CoreInst = "ROM">   --->   Core 94 'ROM' <Latency = 2> <II = 1> <Delay = 1.68> <Storage> <Opcode : 'load'> <Ports = 0> <Width = 10> <Depth = 1024> <ROM>
ST_4 : Operation 1988 [1/1] (0.00ns)   --->   "%zext_ln121_168 = zext i10 %index_349" [firmware/nnet_utils/nnet_activation.h:121]   --->   Operation 1988 'zext' 'zext_ln121_168' <Predicate = true> <Delay = 0.00>
ST_4 : Operation 1989 [1/1] (0.00ns)   --->   "%sigmoid_table_addr_84 = getelementptr i10 %sigmoid_table, i64 0, i64 %zext_ln121_168" [firmware/nnet_utils/nnet_activation.h:121]   --->   Operation 1989 'getelementptr' 'sigmoid_table_addr_84' <Predicate = true> <Delay = 0.00>
ST_4 : Operation 1990 [3/3] (1.68ns)   --->   "%sigmoid_table_load_84 = load i10 %sigmoid_table_addr_84" [firmware/nnet_utils/nnet_activation.h:121]   --->   Operation 1990 'load' 'sigmoid_table_load_84' <Predicate = true> <Delay = 1.68> <CoreInst = "ROM">   --->   Core 94 'ROM' <Latency = 2> <II = 1> <Delay = 1.68> <Storage> <Opcode : 'load'> <Ports = 0> <Width = 10> <Depth = 1024> <ROM>
ST_4 : Operation 1991 [1/1] (0.00ns)   --->   "%zext_ln121_170 = zext i10 %index_352" [firmware/nnet_utils/nnet_activation.h:121]   --->   Operation 1991 'zext' 'zext_ln121_170' <Predicate = true> <Delay = 0.00>
ST_4 : Operation 1992 [1/1] (0.00ns)   --->   "%sigmoid_table_addr_85 = getelementptr i10 %sigmoid_table, i64 0, i64 %zext_ln121_170" [firmware/nnet_utils/nnet_activation.h:121]   --->   Operation 1992 'getelementptr' 'sigmoid_table_addr_85' <Predicate = true> <Delay = 0.00>
ST_4 : Operation 1993 [3/3] (1.68ns)   --->   "%sigmoid_table_load_85 = load i10 %sigmoid_table_addr_85" [firmware/nnet_utils/nnet_activation.h:121]   --->   Operation 1993 'load' 'sigmoid_table_load_85' <Predicate = true> <Delay = 1.68> <CoreInst = "ROM">   --->   Core 94 'ROM' <Latency = 2> <II = 1> <Delay = 1.68> <Storage> <Opcode : 'load'> <Ports = 0> <Width = 10> <Depth = 1024> <ROM>
ST_4 : Operation 1994 [1/1] (0.00ns)   --->   "%zext_ln121_172 = zext i10 %index_355" [firmware/nnet_utils/nnet_activation.h:121]   --->   Operation 1994 'zext' 'zext_ln121_172' <Predicate = true> <Delay = 0.00>
ST_4 : Operation 1995 [1/1] (0.00ns)   --->   "%sigmoid_table_addr_86 = getelementptr i10 %sigmoid_table, i64 0, i64 %zext_ln121_172" [firmware/nnet_utils/nnet_activation.h:121]   --->   Operation 1995 'getelementptr' 'sigmoid_table_addr_86' <Predicate = true> <Delay = 0.00>
ST_4 : Operation 1996 [3/3] (1.68ns)   --->   "%sigmoid_table_load_86 = load i10 %sigmoid_table_addr_86" [firmware/nnet_utils/nnet_activation.h:121]   --->   Operation 1996 'load' 'sigmoid_table_load_86' <Predicate = true> <Delay = 1.68> <CoreInst = "ROM">   --->   Core 94 'ROM' <Latency = 2> <II = 1> <Delay = 1.68> <Storage> <Opcode : 'load'> <Ports = 0> <Width = 10> <Depth = 1024> <ROM>
ST_4 : Operation 1997 [1/1] (0.00ns)   --->   "%zext_ln121_174 = zext i10 %index_358" [firmware/nnet_utils/nnet_activation.h:121]   --->   Operation 1997 'zext' 'zext_ln121_174' <Predicate = true> <Delay = 0.00>
ST_4 : Operation 1998 [1/1] (0.00ns)   --->   "%sigmoid_table_addr_87 = getelementptr i10 %sigmoid_table, i64 0, i64 %zext_ln121_174" [firmware/nnet_utils/nnet_activation.h:121]   --->   Operation 1998 'getelementptr' 'sigmoid_table_addr_87' <Predicate = true> <Delay = 0.00>
ST_4 : Operation 1999 [3/3] (1.68ns)   --->   "%sigmoid_table_load_87 = load i10 %sigmoid_table_addr_87" [firmware/nnet_utils/nnet_activation.h:121]   --->   Operation 1999 'load' 'sigmoid_table_load_87' <Predicate = true> <Delay = 1.68> <CoreInst = "ROM">   --->   Core 94 'ROM' <Latency = 2> <II = 1> <Delay = 1.68> <Storage> <Opcode : 'load'> <Ports = 0> <Width = 10> <Depth = 1024> <ROM>
ST_4 : Operation 2000 [1/1] (0.00ns)   --->   "%zext_ln121_176 = zext i10 %index_361" [firmware/nnet_utils/nnet_activation.h:121]   --->   Operation 2000 'zext' 'zext_ln121_176' <Predicate = true> <Delay = 0.00>
ST_4 : Operation 2001 [1/1] (0.00ns)   --->   "%sigmoid_table_addr_88 = getelementptr i10 %sigmoid_table, i64 0, i64 %zext_ln121_176" [firmware/nnet_utils/nnet_activation.h:121]   --->   Operation 2001 'getelementptr' 'sigmoid_table_addr_88' <Predicate = true> <Delay = 0.00>
ST_4 : Operation 2002 [3/3] (1.68ns)   --->   "%sigmoid_table_load_88 = load i10 %sigmoid_table_addr_88" [firmware/nnet_utils/nnet_activation.h:121]   --->   Operation 2002 'load' 'sigmoid_table_load_88' <Predicate = true> <Delay = 1.68> <CoreInst = "ROM">   --->   Core 94 'ROM' <Latency = 2> <II = 1> <Delay = 1.68> <Storage> <Opcode : 'load'> <Ports = 0> <Width = 10> <Depth = 1024> <ROM>
ST_4 : Operation 2003 [1/1] (0.00ns)   --->   "%zext_ln121_178 = zext i10 %index_364" [firmware/nnet_utils/nnet_activation.h:121]   --->   Operation 2003 'zext' 'zext_ln121_178' <Predicate = true> <Delay = 0.00>
ST_4 : Operation 2004 [1/1] (0.00ns)   --->   "%sigmoid_table_addr_89 = getelementptr i10 %sigmoid_table, i64 0, i64 %zext_ln121_178" [firmware/nnet_utils/nnet_activation.h:121]   --->   Operation 2004 'getelementptr' 'sigmoid_table_addr_89' <Predicate = true> <Delay = 0.00>
ST_4 : Operation 2005 [3/3] (1.68ns)   --->   "%sigmoid_table_load_89 = load i10 %sigmoid_table_addr_89" [firmware/nnet_utils/nnet_activation.h:121]   --->   Operation 2005 'load' 'sigmoid_table_load_89' <Predicate = true> <Delay = 1.68> <CoreInst = "ROM">   --->   Core 94 'ROM' <Latency = 2> <II = 1> <Delay = 1.68> <Storage> <Opcode : 'load'> <Ports = 0> <Width = 10> <Depth = 1024> <ROM>
ST_4 : Operation 2006 [1/1] (0.00ns)   --->   "%zext_ln121_180 = zext i10 %index_367" [firmware/nnet_utils/nnet_activation.h:121]   --->   Operation 2006 'zext' 'zext_ln121_180' <Predicate = true> <Delay = 0.00>
ST_4 : Operation 2007 [1/1] (0.00ns)   --->   "%sigmoid_table_addr_90 = getelementptr i10 %sigmoid_table, i64 0, i64 %zext_ln121_180" [firmware/nnet_utils/nnet_activation.h:121]   --->   Operation 2007 'getelementptr' 'sigmoid_table_addr_90' <Predicate = true> <Delay = 0.00>
ST_4 : Operation 2008 [3/3] (1.68ns)   --->   "%sigmoid_table_load_90 = load i10 %sigmoid_table_addr_90" [firmware/nnet_utils/nnet_activation.h:121]   --->   Operation 2008 'load' 'sigmoid_table_load_90' <Predicate = true> <Delay = 1.68> <CoreInst = "ROM">   --->   Core 94 'ROM' <Latency = 2> <II = 1> <Delay = 1.68> <Storage> <Opcode : 'load'> <Ports = 0> <Width = 10> <Depth = 1024> <ROM>
ST_4 : Operation 2009 [1/1] (0.00ns)   --->   "%zext_ln121_182 = zext i10 %index_370" [firmware/nnet_utils/nnet_activation.h:121]   --->   Operation 2009 'zext' 'zext_ln121_182' <Predicate = true> <Delay = 0.00>
ST_4 : Operation 2010 [1/1] (0.00ns)   --->   "%sigmoid_table_addr_91 = getelementptr i10 %sigmoid_table, i64 0, i64 %zext_ln121_182" [firmware/nnet_utils/nnet_activation.h:121]   --->   Operation 2010 'getelementptr' 'sigmoid_table_addr_91' <Predicate = true> <Delay = 0.00>
ST_4 : Operation 2011 [3/3] (1.68ns)   --->   "%sigmoid_table_load_91 = load i10 %sigmoid_table_addr_91" [firmware/nnet_utils/nnet_activation.h:121]   --->   Operation 2011 'load' 'sigmoid_table_load_91' <Predicate = true> <Delay = 1.68> <CoreInst = "ROM">   --->   Core 94 'ROM' <Latency = 2> <II = 1> <Delay = 1.68> <Storage> <Opcode : 'load'> <Ports = 0> <Width = 10> <Depth = 1024> <ROM>
ST_4 : Operation 2012 [1/1] (0.00ns)   --->   "%zext_ln121_184 = zext i10 %index_373" [firmware/nnet_utils/nnet_activation.h:121]   --->   Operation 2012 'zext' 'zext_ln121_184' <Predicate = true> <Delay = 0.00>
ST_4 : Operation 2013 [1/1] (0.00ns)   --->   "%sigmoid_table_addr_92 = getelementptr i10 %sigmoid_table, i64 0, i64 %zext_ln121_184" [firmware/nnet_utils/nnet_activation.h:121]   --->   Operation 2013 'getelementptr' 'sigmoid_table_addr_92' <Predicate = true> <Delay = 0.00>
ST_4 : Operation 2014 [3/3] (1.68ns)   --->   "%sigmoid_table_load_92 = load i10 %sigmoid_table_addr_92" [firmware/nnet_utils/nnet_activation.h:121]   --->   Operation 2014 'load' 'sigmoid_table_load_92' <Predicate = true> <Delay = 1.68> <CoreInst = "ROM">   --->   Core 94 'ROM' <Latency = 2> <II = 1> <Delay = 1.68> <Storage> <Opcode : 'load'> <Ports = 0> <Width = 10> <Depth = 1024> <ROM>
ST_4 : Operation 2015 [1/1] (0.00ns)   --->   "%zext_ln121_186 = zext i10 %index_376" [firmware/nnet_utils/nnet_activation.h:121]   --->   Operation 2015 'zext' 'zext_ln121_186' <Predicate = true> <Delay = 0.00>
ST_4 : Operation 2016 [1/1] (0.00ns)   --->   "%sigmoid_table_addr_93 = getelementptr i10 %sigmoid_table, i64 0, i64 %zext_ln121_186" [firmware/nnet_utils/nnet_activation.h:121]   --->   Operation 2016 'getelementptr' 'sigmoid_table_addr_93' <Predicate = true> <Delay = 0.00>
ST_4 : Operation 2017 [3/3] (1.68ns)   --->   "%sigmoid_table_load_93 = load i10 %sigmoid_table_addr_93" [firmware/nnet_utils/nnet_activation.h:121]   --->   Operation 2017 'load' 'sigmoid_table_load_93' <Predicate = true> <Delay = 1.68> <CoreInst = "ROM">   --->   Core 94 'ROM' <Latency = 2> <II = 1> <Delay = 1.68> <Storage> <Opcode : 'load'> <Ports = 0> <Width = 10> <Depth = 1024> <ROM>
ST_4 : Operation 2018 [1/1] (0.00ns)   --->   "%zext_ln121_188 = zext i10 %index_379" [firmware/nnet_utils/nnet_activation.h:121]   --->   Operation 2018 'zext' 'zext_ln121_188' <Predicate = true> <Delay = 0.00>
ST_4 : Operation 2019 [1/1] (0.00ns)   --->   "%sigmoid_table_addr_94 = getelementptr i10 %sigmoid_table, i64 0, i64 %zext_ln121_188" [firmware/nnet_utils/nnet_activation.h:121]   --->   Operation 2019 'getelementptr' 'sigmoid_table_addr_94' <Predicate = true> <Delay = 0.00>
ST_4 : Operation 2020 [3/3] (1.68ns)   --->   "%sigmoid_table_load_94 = load i10 %sigmoid_table_addr_94" [firmware/nnet_utils/nnet_activation.h:121]   --->   Operation 2020 'load' 'sigmoid_table_load_94' <Predicate = true> <Delay = 1.68> <CoreInst = "ROM">   --->   Core 94 'ROM' <Latency = 2> <II = 1> <Delay = 1.68> <Storage> <Opcode : 'load'> <Ports = 0> <Width = 10> <Depth = 1024> <ROM>
ST_4 : Operation 2021 [1/1] (0.00ns)   --->   "%zext_ln121_190 = zext i10 %index_382" [firmware/nnet_utils/nnet_activation.h:121]   --->   Operation 2021 'zext' 'zext_ln121_190' <Predicate = true> <Delay = 0.00>
ST_4 : Operation 2022 [1/1] (0.00ns)   --->   "%sigmoid_table_addr_95 = getelementptr i10 %sigmoid_table, i64 0, i64 %zext_ln121_190" [firmware/nnet_utils/nnet_activation.h:121]   --->   Operation 2022 'getelementptr' 'sigmoid_table_addr_95' <Predicate = true> <Delay = 0.00>
ST_4 : Operation 2023 [3/3] (1.68ns)   --->   "%sigmoid_table_load_95 = load i10 %sigmoid_table_addr_95" [firmware/nnet_utils/nnet_activation.h:121]   --->   Operation 2023 'load' 'sigmoid_table_load_95' <Predicate = true> <Delay = 1.68> <CoreInst = "ROM">   --->   Core 94 'ROM' <Latency = 2> <II = 1> <Delay = 1.68> <Storage> <Opcode : 'load'> <Ports = 0> <Width = 10> <Depth = 1024> <ROM>

State 5 <SV = 4> <Delay = 0.00>
ST_5 : Operation 2024 [2/3] (1.68ns)   --->   "%sigmoid_table_load = load i10 %sigmoid_table_addr" [firmware/nnet_utils/nnet_activation.h:121]   --->   Operation 2024 'load' 'sigmoid_table_load' <Predicate = true> <Delay = 1.68> <CoreInst = "ROM">   --->   Core 94 'ROM' <Latency = 2> <II = 1> <Delay = 1.68> <Storage> <Opcode : 'load'> <Ports = 0> <Width = 10> <Depth = 1024> <ROM>
ST_5 : Operation 2025 [2/3] (1.68ns)   --->   "%sigmoid_table_load_1 = load i10 %sigmoid_table_addr_1" [firmware/nnet_utils/nnet_activation.h:121]   --->   Operation 2025 'load' 'sigmoid_table_load_1' <Predicate = true> <Delay = 1.68> <CoreInst = "ROM">   --->   Core 94 'ROM' <Latency = 2> <II = 1> <Delay = 1.68> <Storage> <Opcode : 'load'> <Ports = 0> <Width = 10> <Depth = 1024> <ROM>
ST_5 : Operation 2026 [2/3] (1.68ns)   --->   "%sigmoid_table_load_2 = load i10 %sigmoid_table_addr_2" [firmware/nnet_utils/nnet_activation.h:121]   --->   Operation 2026 'load' 'sigmoid_table_load_2' <Predicate = true> <Delay = 1.68> <CoreInst = "ROM">   --->   Core 94 'ROM' <Latency = 2> <II = 1> <Delay = 1.68> <Storage> <Opcode : 'load'> <Ports = 0> <Width = 10> <Depth = 1024> <ROM>
ST_5 : Operation 2027 [2/3] (1.68ns)   --->   "%sigmoid_table_load_3 = load i10 %sigmoid_table_addr_3" [firmware/nnet_utils/nnet_activation.h:121]   --->   Operation 2027 'load' 'sigmoid_table_load_3' <Predicate = true> <Delay = 1.68> <CoreInst = "ROM">   --->   Core 94 'ROM' <Latency = 2> <II = 1> <Delay = 1.68> <Storage> <Opcode : 'load'> <Ports = 0> <Width = 10> <Depth = 1024> <ROM>
ST_5 : Operation 2028 [2/3] (1.68ns)   --->   "%sigmoid_table_load_4 = load i10 %sigmoid_table_addr_4" [firmware/nnet_utils/nnet_activation.h:121]   --->   Operation 2028 'load' 'sigmoid_table_load_4' <Predicate = true> <Delay = 1.68> <CoreInst = "ROM">   --->   Core 94 'ROM' <Latency = 2> <II = 1> <Delay = 1.68> <Storage> <Opcode : 'load'> <Ports = 0> <Width = 10> <Depth = 1024> <ROM>
ST_5 : Operation 2029 [2/3] (1.68ns)   --->   "%sigmoid_table_load_5 = load i10 %sigmoid_table_addr_5" [firmware/nnet_utils/nnet_activation.h:121]   --->   Operation 2029 'load' 'sigmoid_table_load_5' <Predicate = true> <Delay = 1.68> <CoreInst = "ROM">   --->   Core 94 'ROM' <Latency = 2> <II = 1> <Delay = 1.68> <Storage> <Opcode : 'load'> <Ports = 0> <Width = 10> <Depth = 1024> <ROM>
ST_5 : Operation 2030 [2/3] (1.68ns)   --->   "%sigmoid_table_load_6 = load i10 %sigmoid_table_addr_6" [firmware/nnet_utils/nnet_activation.h:121]   --->   Operation 2030 'load' 'sigmoid_table_load_6' <Predicate = true> <Delay = 1.68> <CoreInst = "ROM">   --->   Core 94 'ROM' <Latency = 2> <II = 1> <Delay = 1.68> <Storage> <Opcode : 'load'> <Ports = 0> <Width = 10> <Depth = 1024> <ROM>
ST_5 : Operation 2031 [2/3] (1.68ns)   --->   "%sigmoid_table_load_7 = load i10 %sigmoid_table_addr_7" [firmware/nnet_utils/nnet_activation.h:121]   --->   Operation 2031 'load' 'sigmoid_table_load_7' <Predicate = true> <Delay = 1.68> <CoreInst = "ROM">   --->   Core 94 'ROM' <Latency = 2> <II = 1> <Delay = 1.68> <Storage> <Opcode : 'load'> <Ports = 0> <Width = 10> <Depth = 1024> <ROM>
ST_5 : Operation 2032 [2/3] (1.68ns)   --->   "%sigmoid_table_load_8 = load i10 %sigmoid_table_addr_8" [firmware/nnet_utils/nnet_activation.h:121]   --->   Operation 2032 'load' 'sigmoid_table_load_8' <Predicate = true> <Delay = 1.68> <CoreInst = "ROM">   --->   Core 94 'ROM' <Latency = 2> <II = 1> <Delay = 1.68> <Storage> <Opcode : 'load'> <Ports = 0> <Width = 10> <Depth = 1024> <ROM>
ST_5 : Operation 2033 [2/3] (1.68ns)   --->   "%sigmoid_table_load_9 = load i10 %sigmoid_table_addr_9" [firmware/nnet_utils/nnet_activation.h:121]   --->   Operation 2033 'load' 'sigmoid_table_load_9' <Predicate = true> <Delay = 1.68> <CoreInst = "ROM">   --->   Core 94 'ROM' <Latency = 2> <II = 1> <Delay = 1.68> <Storage> <Opcode : 'load'> <Ports = 0> <Width = 10> <Depth = 1024> <ROM>
ST_5 : Operation 2034 [2/3] (1.68ns)   --->   "%sigmoid_table_load_10 = load i10 %sigmoid_table_addr_10" [firmware/nnet_utils/nnet_activation.h:121]   --->   Operation 2034 'load' 'sigmoid_table_load_10' <Predicate = true> <Delay = 1.68> <CoreInst = "ROM">   --->   Core 94 'ROM' <Latency = 2> <II = 1> <Delay = 1.68> <Storage> <Opcode : 'load'> <Ports = 0> <Width = 10> <Depth = 1024> <ROM>
ST_5 : Operation 2035 [2/3] (1.68ns)   --->   "%sigmoid_table_load_11 = load i10 %sigmoid_table_addr_11" [firmware/nnet_utils/nnet_activation.h:121]   --->   Operation 2035 'load' 'sigmoid_table_load_11' <Predicate = true> <Delay = 1.68> <CoreInst = "ROM">   --->   Core 94 'ROM' <Latency = 2> <II = 1> <Delay = 1.68> <Storage> <Opcode : 'load'> <Ports = 0> <Width = 10> <Depth = 1024> <ROM>
ST_5 : Operation 2036 [2/3] (1.68ns)   --->   "%sigmoid_table_load_12 = load i10 %sigmoid_table_addr_12" [firmware/nnet_utils/nnet_activation.h:121]   --->   Operation 2036 'load' 'sigmoid_table_load_12' <Predicate = true> <Delay = 1.68> <CoreInst = "ROM">   --->   Core 94 'ROM' <Latency = 2> <II = 1> <Delay = 1.68> <Storage> <Opcode : 'load'> <Ports = 0> <Width = 10> <Depth = 1024> <ROM>
ST_5 : Operation 2037 [2/3] (1.68ns)   --->   "%sigmoid_table_load_13 = load i10 %sigmoid_table_addr_13" [firmware/nnet_utils/nnet_activation.h:121]   --->   Operation 2037 'load' 'sigmoid_table_load_13' <Predicate = true> <Delay = 1.68> <CoreInst = "ROM">   --->   Core 94 'ROM' <Latency = 2> <II = 1> <Delay = 1.68> <Storage> <Opcode : 'load'> <Ports = 0> <Width = 10> <Depth = 1024> <ROM>
ST_5 : Operation 2038 [2/3] (1.68ns)   --->   "%sigmoid_table_load_14 = load i10 %sigmoid_table_addr_14" [firmware/nnet_utils/nnet_activation.h:121]   --->   Operation 2038 'load' 'sigmoid_table_load_14' <Predicate = true> <Delay = 1.68> <CoreInst = "ROM">   --->   Core 94 'ROM' <Latency = 2> <II = 1> <Delay = 1.68> <Storage> <Opcode : 'load'> <Ports = 0> <Width = 10> <Depth = 1024> <ROM>
ST_5 : Operation 2039 [2/3] (1.68ns)   --->   "%sigmoid_table_load_15 = load i10 %sigmoid_table_addr_15" [firmware/nnet_utils/nnet_activation.h:121]   --->   Operation 2039 'load' 'sigmoid_table_load_15' <Predicate = true> <Delay = 1.68> <CoreInst = "ROM">   --->   Core 94 'ROM' <Latency = 2> <II = 1> <Delay = 1.68> <Storage> <Opcode : 'load'> <Ports = 0> <Width = 10> <Depth = 1024> <ROM>
ST_5 : Operation 2040 [2/3] (1.68ns)   --->   "%sigmoid_table_load_16 = load i10 %sigmoid_table_addr_16" [firmware/nnet_utils/nnet_activation.h:121]   --->   Operation 2040 'load' 'sigmoid_table_load_16' <Predicate = true> <Delay = 1.68> <CoreInst = "ROM">   --->   Core 94 'ROM' <Latency = 2> <II = 1> <Delay = 1.68> <Storage> <Opcode : 'load'> <Ports = 0> <Width = 10> <Depth = 1024> <ROM>
ST_5 : Operation 2041 [2/3] (1.68ns)   --->   "%sigmoid_table_load_17 = load i10 %sigmoid_table_addr_17" [firmware/nnet_utils/nnet_activation.h:121]   --->   Operation 2041 'load' 'sigmoid_table_load_17' <Predicate = true> <Delay = 1.68> <CoreInst = "ROM">   --->   Core 94 'ROM' <Latency = 2> <II = 1> <Delay = 1.68> <Storage> <Opcode : 'load'> <Ports = 0> <Width = 10> <Depth = 1024> <ROM>
ST_5 : Operation 2042 [2/3] (1.68ns)   --->   "%sigmoid_table_load_18 = load i10 %sigmoid_table_addr_18" [firmware/nnet_utils/nnet_activation.h:121]   --->   Operation 2042 'load' 'sigmoid_table_load_18' <Predicate = true> <Delay = 1.68> <CoreInst = "ROM">   --->   Core 94 'ROM' <Latency = 2> <II = 1> <Delay = 1.68> <Storage> <Opcode : 'load'> <Ports = 0> <Width = 10> <Depth = 1024> <ROM>
ST_5 : Operation 2043 [2/3] (1.68ns)   --->   "%sigmoid_table_load_19 = load i10 %sigmoid_table_addr_19" [firmware/nnet_utils/nnet_activation.h:121]   --->   Operation 2043 'load' 'sigmoid_table_load_19' <Predicate = true> <Delay = 1.68> <CoreInst = "ROM">   --->   Core 94 'ROM' <Latency = 2> <II = 1> <Delay = 1.68> <Storage> <Opcode : 'load'> <Ports = 0> <Width = 10> <Depth = 1024> <ROM>
ST_5 : Operation 2044 [2/3] (1.68ns)   --->   "%sigmoid_table_load_20 = load i10 %sigmoid_table_addr_20" [firmware/nnet_utils/nnet_activation.h:121]   --->   Operation 2044 'load' 'sigmoid_table_load_20' <Predicate = true> <Delay = 1.68> <CoreInst = "ROM">   --->   Core 94 'ROM' <Latency = 2> <II = 1> <Delay = 1.68> <Storage> <Opcode : 'load'> <Ports = 0> <Width = 10> <Depth = 1024> <ROM>
ST_5 : Operation 2045 [2/3] (1.68ns)   --->   "%sigmoid_table_load_21 = load i10 %sigmoid_table_addr_21" [firmware/nnet_utils/nnet_activation.h:121]   --->   Operation 2045 'load' 'sigmoid_table_load_21' <Predicate = true> <Delay = 1.68> <CoreInst = "ROM">   --->   Core 94 'ROM' <Latency = 2> <II = 1> <Delay = 1.68> <Storage> <Opcode : 'load'> <Ports = 0> <Width = 10> <Depth = 1024> <ROM>
ST_5 : Operation 2046 [2/3] (1.68ns)   --->   "%sigmoid_table_load_22 = load i10 %sigmoid_table_addr_22" [firmware/nnet_utils/nnet_activation.h:121]   --->   Operation 2046 'load' 'sigmoid_table_load_22' <Predicate = true> <Delay = 1.68> <CoreInst = "ROM">   --->   Core 94 'ROM' <Latency = 2> <II = 1> <Delay = 1.68> <Storage> <Opcode : 'load'> <Ports = 0> <Width = 10> <Depth = 1024> <ROM>
ST_5 : Operation 2047 [2/3] (1.68ns)   --->   "%sigmoid_table_load_23 = load i10 %sigmoid_table_addr_23" [firmware/nnet_utils/nnet_activation.h:121]   --->   Operation 2047 'load' 'sigmoid_table_load_23' <Predicate = true> <Delay = 1.68> <CoreInst = "ROM">   --->   Core 94 'ROM' <Latency = 2> <II = 1> <Delay = 1.68> <Storage> <Opcode : 'load'> <Ports = 0> <Width = 10> <Depth = 1024> <ROM>
ST_5 : Operation 2048 [2/3] (1.68ns)   --->   "%sigmoid_table_load_24 = load i10 %sigmoid_table_addr_24" [firmware/nnet_utils/nnet_activation.h:121]   --->   Operation 2048 'load' 'sigmoid_table_load_24' <Predicate = true> <Delay = 1.68> <CoreInst = "ROM">   --->   Core 94 'ROM' <Latency = 2> <II = 1> <Delay = 1.68> <Storage> <Opcode : 'load'> <Ports = 0> <Width = 10> <Depth = 1024> <ROM>
ST_5 : Operation 2049 [2/3] (1.68ns)   --->   "%sigmoid_table_load_25 = load i10 %sigmoid_table_addr_25" [firmware/nnet_utils/nnet_activation.h:121]   --->   Operation 2049 'load' 'sigmoid_table_load_25' <Predicate = true> <Delay = 1.68> <CoreInst = "ROM">   --->   Core 94 'ROM' <Latency = 2> <II = 1> <Delay = 1.68> <Storage> <Opcode : 'load'> <Ports = 0> <Width = 10> <Depth = 1024> <ROM>
ST_5 : Operation 2050 [2/3] (1.68ns)   --->   "%sigmoid_table_load_26 = load i10 %sigmoid_table_addr_26" [firmware/nnet_utils/nnet_activation.h:121]   --->   Operation 2050 'load' 'sigmoid_table_load_26' <Predicate = true> <Delay = 1.68> <CoreInst = "ROM">   --->   Core 94 'ROM' <Latency = 2> <II = 1> <Delay = 1.68> <Storage> <Opcode : 'load'> <Ports = 0> <Width = 10> <Depth = 1024> <ROM>
ST_5 : Operation 2051 [2/3] (1.68ns)   --->   "%sigmoid_table_load_27 = load i10 %sigmoid_table_addr_27" [firmware/nnet_utils/nnet_activation.h:121]   --->   Operation 2051 'load' 'sigmoid_table_load_27' <Predicate = true> <Delay = 1.68> <CoreInst = "ROM">   --->   Core 94 'ROM' <Latency = 2> <II = 1> <Delay = 1.68> <Storage> <Opcode : 'load'> <Ports = 0> <Width = 10> <Depth = 1024> <ROM>
ST_5 : Operation 2052 [2/3] (1.68ns)   --->   "%sigmoid_table_load_28 = load i10 %sigmoid_table_addr_28" [firmware/nnet_utils/nnet_activation.h:121]   --->   Operation 2052 'load' 'sigmoid_table_load_28' <Predicate = true> <Delay = 1.68> <CoreInst = "ROM">   --->   Core 94 'ROM' <Latency = 2> <II = 1> <Delay = 1.68> <Storage> <Opcode : 'load'> <Ports = 0> <Width = 10> <Depth = 1024> <ROM>
ST_5 : Operation 2053 [2/3] (1.68ns)   --->   "%sigmoid_table_load_29 = load i10 %sigmoid_table_addr_29" [firmware/nnet_utils/nnet_activation.h:121]   --->   Operation 2053 'load' 'sigmoid_table_load_29' <Predicate = true> <Delay = 1.68> <CoreInst = "ROM">   --->   Core 94 'ROM' <Latency = 2> <II = 1> <Delay = 1.68> <Storage> <Opcode : 'load'> <Ports = 0> <Width = 10> <Depth = 1024> <ROM>
ST_5 : Operation 2054 [2/3] (1.68ns)   --->   "%sigmoid_table_load_30 = load i10 %sigmoid_table_addr_30" [firmware/nnet_utils/nnet_activation.h:121]   --->   Operation 2054 'load' 'sigmoid_table_load_30' <Predicate = true> <Delay = 1.68> <CoreInst = "ROM">   --->   Core 94 'ROM' <Latency = 2> <II = 1> <Delay = 1.68> <Storage> <Opcode : 'load'> <Ports = 0> <Width = 10> <Depth = 1024> <ROM>
ST_5 : Operation 2055 [2/3] (1.68ns)   --->   "%sigmoid_table_load_31 = load i10 %sigmoid_table_addr_31" [firmware/nnet_utils/nnet_activation.h:121]   --->   Operation 2055 'load' 'sigmoid_table_load_31' <Predicate = true> <Delay = 1.68> <CoreInst = "ROM">   --->   Core 94 'ROM' <Latency = 2> <II = 1> <Delay = 1.68> <Storage> <Opcode : 'load'> <Ports = 0> <Width = 10> <Depth = 1024> <ROM>
ST_5 : Operation 2056 [2/3] (1.68ns)   --->   "%sigmoid_table_load_32 = load i10 %sigmoid_table_addr_32" [firmware/nnet_utils/nnet_activation.h:121]   --->   Operation 2056 'load' 'sigmoid_table_load_32' <Predicate = true> <Delay = 1.68> <CoreInst = "ROM">   --->   Core 94 'ROM' <Latency = 2> <II = 1> <Delay = 1.68> <Storage> <Opcode : 'load'> <Ports = 0> <Width = 10> <Depth = 1024> <ROM>
ST_5 : Operation 2057 [2/3] (1.68ns)   --->   "%sigmoid_table_load_33 = load i10 %sigmoid_table_addr_33" [firmware/nnet_utils/nnet_activation.h:121]   --->   Operation 2057 'load' 'sigmoid_table_load_33' <Predicate = true> <Delay = 1.68> <CoreInst = "ROM">   --->   Core 94 'ROM' <Latency = 2> <II = 1> <Delay = 1.68> <Storage> <Opcode : 'load'> <Ports = 0> <Width = 10> <Depth = 1024> <ROM>
ST_5 : Operation 2058 [2/3] (1.68ns)   --->   "%sigmoid_table_load_34 = load i10 %sigmoid_table_addr_34" [firmware/nnet_utils/nnet_activation.h:121]   --->   Operation 2058 'load' 'sigmoid_table_load_34' <Predicate = true> <Delay = 1.68> <CoreInst = "ROM">   --->   Core 94 'ROM' <Latency = 2> <II = 1> <Delay = 1.68> <Storage> <Opcode : 'load'> <Ports = 0> <Width = 10> <Depth = 1024> <ROM>
ST_5 : Operation 2059 [2/3] (1.68ns)   --->   "%sigmoid_table_load_35 = load i10 %sigmoid_table_addr_35" [firmware/nnet_utils/nnet_activation.h:121]   --->   Operation 2059 'load' 'sigmoid_table_load_35' <Predicate = true> <Delay = 1.68> <CoreInst = "ROM">   --->   Core 94 'ROM' <Latency = 2> <II = 1> <Delay = 1.68> <Storage> <Opcode : 'load'> <Ports = 0> <Width = 10> <Depth = 1024> <ROM>
ST_5 : Operation 2060 [2/3] (1.68ns)   --->   "%sigmoid_table_load_36 = load i10 %sigmoid_table_addr_36" [firmware/nnet_utils/nnet_activation.h:121]   --->   Operation 2060 'load' 'sigmoid_table_load_36' <Predicate = true> <Delay = 1.68> <CoreInst = "ROM">   --->   Core 94 'ROM' <Latency = 2> <II = 1> <Delay = 1.68> <Storage> <Opcode : 'load'> <Ports = 0> <Width = 10> <Depth = 1024> <ROM>
ST_5 : Operation 2061 [2/3] (1.68ns)   --->   "%sigmoid_table_load_37 = load i10 %sigmoid_table_addr_37" [firmware/nnet_utils/nnet_activation.h:121]   --->   Operation 2061 'load' 'sigmoid_table_load_37' <Predicate = true> <Delay = 1.68> <CoreInst = "ROM">   --->   Core 94 'ROM' <Latency = 2> <II = 1> <Delay = 1.68> <Storage> <Opcode : 'load'> <Ports = 0> <Width = 10> <Depth = 1024> <ROM>
ST_5 : Operation 2062 [2/3] (1.68ns)   --->   "%sigmoid_table_load_38 = load i10 %sigmoid_table_addr_38" [firmware/nnet_utils/nnet_activation.h:121]   --->   Operation 2062 'load' 'sigmoid_table_load_38' <Predicate = true> <Delay = 1.68> <CoreInst = "ROM">   --->   Core 94 'ROM' <Latency = 2> <II = 1> <Delay = 1.68> <Storage> <Opcode : 'load'> <Ports = 0> <Width = 10> <Depth = 1024> <ROM>
ST_5 : Operation 2063 [2/3] (1.68ns)   --->   "%sigmoid_table_load_39 = load i10 %sigmoid_table_addr_39" [firmware/nnet_utils/nnet_activation.h:121]   --->   Operation 2063 'load' 'sigmoid_table_load_39' <Predicate = true> <Delay = 1.68> <CoreInst = "ROM">   --->   Core 94 'ROM' <Latency = 2> <II = 1> <Delay = 1.68> <Storage> <Opcode : 'load'> <Ports = 0> <Width = 10> <Depth = 1024> <ROM>
ST_5 : Operation 2064 [2/3] (1.68ns)   --->   "%sigmoid_table_load_40 = load i10 %sigmoid_table_addr_40" [firmware/nnet_utils/nnet_activation.h:121]   --->   Operation 2064 'load' 'sigmoid_table_load_40' <Predicate = true> <Delay = 1.68> <CoreInst = "ROM">   --->   Core 94 'ROM' <Latency = 2> <II = 1> <Delay = 1.68> <Storage> <Opcode : 'load'> <Ports = 0> <Width = 10> <Depth = 1024> <ROM>
ST_5 : Operation 2065 [2/3] (1.68ns)   --->   "%sigmoid_table_load_41 = load i10 %sigmoid_table_addr_41" [firmware/nnet_utils/nnet_activation.h:121]   --->   Operation 2065 'load' 'sigmoid_table_load_41' <Predicate = true> <Delay = 1.68> <CoreInst = "ROM">   --->   Core 94 'ROM' <Latency = 2> <II = 1> <Delay = 1.68> <Storage> <Opcode : 'load'> <Ports = 0> <Width = 10> <Depth = 1024> <ROM>
ST_5 : Operation 2066 [2/3] (1.68ns)   --->   "%sigmoid_table_load_42 = load i10 %sigmoid_table_addr_42" [firmware/nnet_utils/nnet_activation.h:121]   --->   Operation 2066 'load' 'sigmoid_table_load_42' <Predicate = true> <Delay = 1.68> <CoreInst = "ROM">   --->   Core 94 'ROM' <Latency = 2> <II = 1> <Delay = 1.68> <Storage> <Opcode : 'load'> <Ports = 0> <Width = 10> <Depth = 1024> <ROM>
ST_5 : Operation 2067 [2/3] (1.68ns)   --->   "%sigmoid_table_load_43 = load i10 %sigmoid_table_addr_43" [firmware/nnet_utils/nnet_activation.h:121]   --->   Operation 2067 'load' 'sigmoid_table_load_43' <Predicate = true> <Delay = 1.68> <CoreInst = "ROM">   --->   Core 94 'ROM' <Latency = 2> <II = 1> <Delay = 1.68> <Storage> <Opcode : 'load'> <Ports = 0> <Width = 10> <Depth = 1024> <ROM>
ST_5 : Operation 2068 [2/3] (1.68ns)   --->   "%sigmoid_table_load_44 = load i10 %sigmoid_table_addr_44" [firmware/nnet_utils/nnet_activation.h:121]   --->   Operation 2068 'load' 'sigmoid_table_load_44' <Predicate = true> <Delay = 1.68> <CoreInst = "ROM">   --->   Core 94 'ROM' <Latency = 2> <II = 1> <Delay = 1.68> <Storage> <Opcode : 'load'> <Ports = 0> <Width = 10> <Depth = 1024> <ROM>
ST_5 : Operation 2069 [2/3] (1.68ns)   --->   "%sigmoid_table_load_45 = load i10 %sigmoid_table_addr_45" [firmware/nnet_utils/nnet_activation.h:121]   --->   Operation 2069 'load' 'sigmoid_table_load_45' <Predicate = true> <Delay = 1.68> <CoreInst = "ROM">   --->   Core 94 'ROM' <Latency = 2> <II = 1> <Delay = 1.68> <Storage> <Opcode : 'load'> <Ports = 0> <Width = 10> <Depth = 1024> <ROM>
ST_5 : Operation 2070 [2/3] (1.68ns)   --->   "%sigmoid_table_load_46 = load i10 %sigmoid_table_addr_46" [firmware/nnet_utils/nnet_activation.h:121]   --->   Operation 2070 'load' 'sigmoid_table_load_46' <Predicate = true> <Delay = 1.68> <CoreInst = "ROM">   --->   Core 94 'ROM' <Latency = 2> <II = 1> <Delay = 1.68> <Storage> <Opcode : 'load'> <Ports = 0> <Width = 10> <Depth = 1024> <ROM>
ST_5 : Operation 2071 [2/3] (1.68ns)   --->   "%sigmoid_table_load_47 = load i10 %sigmoid_table_addr_47" [firmware/nnet_utils/nnet_activation.h:121]   --->   Operation 2071 'load' 'sigmoid_table_load_47' <Predicate = true> <Delay = 1.68> <CoreInst = "ROM">   --->   Core 94 'ROM' <Latency = 2> <II = 1> <Delay = 1.68> <Storage> <Opcode : 'load'> <Ports = 0> <Width = 10> <Depth = 1024> <ROM>
ST_5 : Operation 2072 [2/3] (1.68ns)   --->   "%sigmoid_table_load_48 = load i10 %sigmoid_table_addr_48" [firmware/nnet_utils/nnet_activation.h:121]   --->   Operation 2072 'load' 'sigmoid_table_load_48' <Predicate = true> <Delay = 1.68> <CoreInst = "ROM">   --->   Core 94 'ROM' <Latency = 2> <II = 1> <Delay = 1.68> <Storage> <Opcode : 'load'> <Ports = 0> <Width = 10> <Depth = 1024> <ROM>
ST_5 : Operation 2073 [2/3] (1.68ns)   --->   "%sigmoid_table_load_49 = load i10 %sigmoid_table_addr_49" [firmware/nnet_utils/nnet_activation.h:121]   --->   Operation 2073 'load' 'sigmoid_table_load_49' <Predicate = true> <Delay = 1.68> <CoreInst = "ROM">   --->   Core 94 'ROM' <Latency = 2> <II = 1> <Delay = 1.68> <Storage> <Opcode : 'load'> <Ports = 0> <Width = 10> <Depth = 1024> <ROM>
ST_5 : Operation 2074 [2/3] (1.68ns)   --->   "%sigmoid_table_load_50 = load i10 %sigmoid_table_addr_50" [firmware/nnet_utils/nnet_activation.h:121]   --->   Operation 2074 'load' 'sigmoid_table_load_50' <Predicate = true> <Delay = 1.68> <CoreInst = "ROM">   --->   Core 94 'ROM' <Latency = 2> <II = 1> <Delay = 1.68> <Storage> <Opcode : 'load'> <Ports = 0> <Width = 10> <Depth = 1024> <ROM>
ST_5 : Operation 2075 [2/3] (1.68ns)   --->   "%sigmoid_table_load_51 = load i10 %sigmoid_table_addr_51" [firmware/nnet_utils/nnet_activation.h:121]   --->   Operation 2075 'load' 'sigmoid_table_load_51' <Predicate = true> <Delay = 1.68> <CoreInst = "ROM">   --->   Core 94 'ROM' <Latency = 2> <II = 1> <Delay = 1.68> <Storage> <Opcode : 'load'> <Ports = 0> <Width = 10> <Depth = 1024> <ROM>
ST_5 : Operation 2076 [2/3] (1.68ns)   --->   "%sigmoid_table_load_52 = load i10 %sigmoid_table_addr_52" [firmware/nnet_utils/nnet_activation.h:121]   --->   Operation 2076 'load' 'sigmoid_table_load_52' <Predicate = true> <Delay = 1.68> <CoreInst = "ROM">   --->   Core 94 'ROM' <Latency = 2> <II = 1> <Delay = 1.68> <Storage> <Opcode : 'load'> <Ports = 0> <Width = 10> <Depth = 1024> <ROM>
ST_5 : Operation 2077 [2/3] (1.68ns)   --->   "%sigmoid_table_load_53 = load i10 %sigmoid_table_addr_53" [firmware/nnet_utils/nnet_activation.h:121]   --->   Operation 2077 'load' 'sigmoid_table_load_53' <Predicate = true> <Delay = 1.68> <CoreInst = "ROM">   --->   Core 94 'ROM' <Latency = 2> <II = 1> <Delay = 1.68> <Storage> <Opcode : 'load'> <Ports = 0> <Width = 10> <Depth = 1024> <ROM>
ST_5 : Operation 2078 [2/3] (1.68ns)   --->   "%sigmoid_table_load_54 = load i10 %sigmoid_table_addr_54" [firmware/nnet_utils/nnet_activation.h:121]   --->   Operation 2078 'load' 'sigmoid_table_load_54' <Predicate = true> <Delay = 1.68> <CoreInst = "ROM">   --->   Core 94 'ROM' <Latency = 2> <II = 1> <Delay = 1.68> <Storage> <Opcode : 'load'> <Ports = 0> <Width = 10> <Depth = 1024> <ROM>
ST_5 : Operation 2079 [2/3] (1.68ns)   --->   "%sigmoid_table_load_55 = load i10 %sigmoid_table_addr_55" [firmware/nnet_utils/nnet_activation.h:121]   --->   Operation 2079 'load' 'sigmoid_table_load_55' <Predicate = true> <Delay = 1.68> <CoreInst = "ROM">   --->   Core 94 'ROM' <Latency = 2> <II = 1> <Delay = 1.68> <Storage> <Opcode : 'load'> <Ports = 0> <Width = 10> <Depth = 1024> <ROM>
ST_5 : Operation 2080 [2/3] (1.68ns)   --->   "%sigmoid_table_load_56 = load i10 %sigmoid_table_addr_56" [firmware/nnet_utils/nnet_activation.h:121]   --->   Operation 2080 'load' 'sigmoid_table_load_56' <Predicate = true> <Delay = 1.68> <CoreInst = "ROM">   --->   Core 94 'ROM' <Latency = 2> <II = 1> <Delay = 1.68> <Storage> <Opcode : 'load'> <Ports = 0> <Width = 10> <Depth = 1024> <ROM>
ST_5 : Operation 2081 [2/3] (1.68ns)   --->   "%sigmoid_table_load_57 = load i10 %sigmoid_table_addr_57" [firmware/nnet_utils/nnet_activation.h:121]   --->   Operation 2081 'load' 'sigmoid_table_load_57' <Predicate = true> <Delay = 1.68> <CoreInst = "ROM">   --->   Core 94 'ROM' <Latency = 2> <II = 1> <Delay = 1.68> <Storage> <Opcode : 'load'> <Ports = 0> <Width = 10> <Depth = 1024> <ROM>
ST_5 : Operation 2082 [2/3] (1.68ns)   --->   "%sigmoid_table_load_58 = load i10 %sigmoid_table_addr_58" [firmware/nnet_utils/nnet_activation.h:121]   --->   Operation 2082 'load' 'sigmoid_table_load_58' <Predicate = true> <Delay = 1.68> <CoreInst = "ROM">   --->   Core 94 'ROM' <Latency = 2> <II = 1> <Delay = 1.68> <Storage> <Opcode : 'load'> <Ports = 0> <Width = 10> <Depth = 1024> <ROM>
ST_5 : Operation 2083 [2/3] (1.68ns)   --->   "%sigmoid_table_load_59 = load i10 %sigmoid_table_addr_59" [firmware/nnet_utils/nnet_activation.h:121]   --->   Operation 2083 'load' 'sigmoid_table_load_59' <Predicate = true> <Delay = 1.68> <CoreInst = "ROM">   --->   Core 94 'ROM' <Latency = 2> <II = 1> <Delay = 1.68> <Storage> <Opcode : 'load'> <Ports = 0> <Width = 10> <Depth = 1024> <ROM>
ST_5 : Operation 2084 [2/3] (1.68ns)   --->   "%sigmoid_table_load_60 = load i10 %sigmoid_table_addr_60" [firmware/nnet_utils/nnet_activation.h:121]   --->   Operation 2084 'load' 'sigmoid_table_load_60' <Predicate = true> <Delay = 1.68> <CoreInst = "ROM">   --->   Core 94 'ROM' <Latency = 2> <II = 1> <Delay = 1.68> <Storage> <Opcode : 'load'> <Ports = 0> <Width = 10> <Depth = 1024> <ROM>
ST_5 : Operation 2085 [2/3] (1.68ns)   --->   "%sigmoid_table_load_61 = load i10 %sigmoid_table_addr_61" [firmware/nnet_utils/nnet_activation.h:121]   --->   Operation 2085 'load' 'sigmoid_table_load_61' <Predicate = true> <Delay = 1.68> <CoreInst = "ROM">   --->   Core 94 'ROM' <Latency = 2> <II = 1> <Delay = 1.68> <Storage> <Opcode : 'load'> <Ports = 0> <Width = 10> <Depth = 1024> <ROM>
ST_5 : Operation 2086 [2/3] (1.68ns)   --->   "%sigmoid_table_load_62 = load i10 %sigmoid_table_addr_62" [firmware/nnet_utils/nnet_activation.h:121]   --->   Operation 2086 'load' 'sigmoid_table_load_62' <Predicate = true> <Delay = 1.68> <CoreInst = "ROM">   --->   Core 94 'ROM' <Latency = 2> <II = 1> <Delay = 1.68> <Storage> <Opcode : 'load'> <Ports = 0> <Width = 10> <Depth = 1024> <ROM>
ST_5 : Operation 2087 [2/3] (1.68ns)   --->   "%sigmoid_table_load_63 = load i10 %sigmoid_table_addr_63" [firmware/nnet_utils/nnet_activation.h:121]   --->   Operation 2087 'load' 'sigmoid_table_load_63' <Predicate = true> <Delay = 1.68> <CoreInst = "ROM">   --->   Core 94 'ROM' <Latency = 2> <II = 1> <Delay = 1.68> <Storage> <Opcode : 'load'> <Ports = 0> <Width = 10> <Depth = 1024> <ROM>
ST_5 : Operation 2088 [2/3] (1.68ns)   --->   "%sigmoid_table_load_64 = load i10 %sigmoid_table_addr_64" [firmware/nnet_utils/nnet_activation.h:121]   --->   Operation 2088 'load' 'sigmoid_table_load_64' <Predicate = true> <Delay = 1.68> <CoreInst = "ROM">   --->   Core 94 'ROM' <Latency = 2> <II = 1> <Delay = 1.68> <Storage> <Opcode : 'load'> <Ports = 0> <Width = 10> <Depth = 1024> <ROM>
ST_5 : Operation 2089 [2/3] (1.68ns)   --->   "%sigmoid_table_load_65 = load i10 %sigmoid_table_addr_65" [firmware/nnet_utils/nnet_activation.h:121]   --->   Operation 2089 'load' 'sigmoid_table_load_65' <Predicate = true> <Delay = 1.68> <CoreInst = "ROM">   --->   Core 94 'ROM' <Latency = 2> <II = 1> <Delay = 1.68> <Storage> <Opcode : 'load'> <Ports = 0> <Width = 10> <Depth = 1024> <ROM>
ST_5 : Operation 2090 [2/3] (1.68ns)   --->   "%sigmoid_table_load_66 = load i10 %sigmoid_table_addr_66" [firmware/nnet_utils/nnet_activation.h:121]   --->   Operation 2090 'load' 'sigmoid_table_load_66' <Predicate = true> <Delay = 1.68> <CoreInst = "ROM">   --->   Core 94 'ROM' <Latency = 2> <II = 1> <Delay = 1.68> <Storage> <Opcode : 'load'> <Ports = 0> <Width = 10> <Depth = 1024> <ROM>
ST_5 : Operation 2091 [2/3] (1.68ns)   --->   "%sigmoid_table_load_67 = load i10 %sigmoid_table_addr_67" [firmware/nnet_utils/nnet_activation.h:121]   --->   Operation 2091 'load' 'sigmoid_table_load_67' <Predicate = true> <Delay = 1.68> <CoreInst = "ROM">   --->   Core 94 'ROM' <Latency = 2> <II = 1> <Delay = 1.68> <Storage> <Opcode : 'load'> <Ports = 0> <Width = 10> <Depth = 1024> <ROM>
ST_5 : Operation 2092 [2/3] (1.68ns)   --->   "%sigmoid_table_load_68 = load i10 %sigmoid_table_addr_68" [firmware/nnet_utils/nnet_activation.h:121]   --->   Operation 2092 'load' 'sigmoid_table_load_68' <Predicate = true> <Delay = 1.68> <CoreInst = "ROM">   --->   Core 94 'ROM' <Latency = 2> <II = 1> <Delay = 1.68> <Storage> <Opcode : 'load'> <Ports = 0> <Width = 10> <Depth = 1024> <ROM>
ST_5 : Operation 2093 [2/3] (1.68ns)   --->   "%sigmoid_table_load_69 = load i10 %sigmoid_table_addr_69" [firmware/nnet_utils/nnet_activation.h:121]   --->   Operation 2093 'load' 'sigmoid_table_load_69' <Predicate = true> <Delay = 1.68> <CoreInst = "ROM">   --->   Core 94 'ROM' <Latency = 2> <II = 1> <Delay = 1.68> <Storage> <Opcode : 'load'> <Ports = 0> <Width = 10> <Depth = 1024> <ROM>
ST_5 : Operation 2094 [2/3] (1.68ns)   --->   "%sigmoid_table_load_70 = load i10 %sigmoid_table_addr_70" [firmware/nnet_utils/nnet_activation.h:121]   --->   Operation 2094 'load' 'sigmoid_table_load_70' <Predicate = true> <Delay = 1.68> <CoreInst = "ROM">   --->   Core 94 'ROM' <Latency = 2> <II = 1> <Delay = 1.68> <Storage> <Opcode : 'load'> <Ports = 0> <Width = 10> <Depth = 1024> <ROM>
ST_5 : Operation 2095 [2/3] (1.68ns)   --->   "%sigmoid_table_load_71 = load i10 %sigmoid_table_addr_71" [firmware/nnet_utils/nnet_activation.h:121]   --->   Operation 2095 'load' 'sigmoid_table_load_71' <Predicate = true> <Delay = 1.68> <CoreInst = "ROM">   --->   Core 94 'ROM' <Latency = 2> <II = 1> <Delay = 1.68> <Storage> <Opcode : 'load'> <Ports = 0> <Width = 10> <Depth = 1024> <ROM>
ST_5 : Operation 2096 [2/3] (1.68ns)   --->   "%sigmoid_table_load_72 = load i10 %sigmoid_table_addr_72" [firmware/nnet_utils/nnet_activation.h:121]   --->   Operation 2096 'load' 'sigmoid_table_load_72' <Predicate = true> <Delay = 1.68> <CoreInst = "ROM">   --->   Core 94 'ROM' <Latency = 2> <II = 1> <Delay = 1.68> <Storage> <Opcode : 'load'> <Ports = 0> <Width = 10> <Depth = 1024> <ROM>
ST_5 : Operation 2097 [2/3] (1.68ns)   --->   "%sigmoid_table_load_73 = load i10 %sigmoid_table_addr_73" [firmware/nnet_utils/nnet_activation.h:121]   --->   Operation 2097 'load' 'sigmoid_table_load_73' <Predicate = true> <Delay = 1.68> <CoreInst = "ROM">   --->   Core 94 'ROM' <Latency = 2> <II = 1> <Delay = 1.68> <Storage> <Opcode : 'load'> <Ports = 0> <Width = 10> <Depth = 1024> <ROM>
ST_5 : Operation 2098 [2/3] (1.68ns)   --->   "%sigmoid_table_load_74 = load i10 %sigmoid_table_addr_74" [firmware/nnet_utils/nnet_activation.h:121]   --->   Operation 2098 'load' 'sigmoid_table_load_74' <Predicate = true> <Delay = 1.68> <CoreInst = "ROM">   --->   Core 94 'ROM' <Latency = 2> <II = 1> <Delay = 1.68> <Storage> <Opcode : 'load'> <Ports = 0> <Width = 10> <Depth = 1024> <ROM>
ST_5 : Operation 2099 [2/3] (1.68ns)   --->   "%sigmoid_table_load_75 = load i10 %sigmoid_table_addr_75" [firmware/nnet_utils/nnet_activation.h:121]   --->   Operation 2099 'load' 'sigmoid_table_load_75' <Predicate = true> <Delay = 1.68> <CoreInst = "ROM">   --->   Core 94 'ROM' <Latency = 2> <II = 1> <Delay = 1.68> <Storage> <Opcode : 'load'> <Ports = 0> <Width = 10> <Depth = 1024> <ROM>
ST_5 : Operation 2100 [2/3] (1.68ns)   --->   "%sigmoid_table_load_76 = load i10 %sigmoid_table_addr_76" [firmware/nnet_utils/nnet_activation.h:121]   --->   Operation 2100 'load' 'sigmoid_table_load_76' <Predicate = true> <Delay = 1.68> <CoreInst = "ROM">   --->   Core 94 'ROM' <Latency = 2> <II = 1> <Delay = 1.68> <Storage> <Opcode : 'load'> <Ports = 0> <Width = 10> <Depth = 1024> <ROM>
ST_5 : Operation 2101 [2/3] (1.68ns)   --->   "%sigmoid_table_load_77 = load i10 %sigmoid_table_addr_77" [firmware/nnet_utils/nnet_activation.h:121]   --->   Operation 2101 'load' 'sigmoid_table_load_77' <Predicate = true> <Delay = 1.68> <CoreInst = "ROM">   --->   Core 94 'ROM' <Latency = 2> <II = 1> <Delay = 1.68> <Storage> <Opcode : 'load'> <Ports = 0> <Width = 10> <Depth = 1024> <ROM>
ST_5 : Operation 2102 [2/3] (1.68ns)   --->   "%sigmoid_table_load_78 = load i10 %sigmoid_table_addr_78" [firmware/nnet_utils/nnet_activation.h:121]   --->   Operation 2102 'load' 'sigmoid_table_load_78' <Predicate = true> <Delay = 1.68> <CoreInst = "ROM">   --->   Core 94 'ROM' <Latency = 2> <II = 1> <Delay = 1.68> <Storage> <Opcode : 'load'> <Ports = 0> <Width = 10> <Depth = 1024> <ROM>
ST_5 : Operation 2103 [2/3] (1.68ns)   --->   "%sigmoid_table_load_79 = load i10 %sigmoid_table_addr_79" [firmware/nnet_utils/nnet_activation.h:121]   --->   Operation 2103 'load' 'sigmoid_table_load_79' <Predicate = true> <Delay = 1.68> <CoreInst = "ROM">   --->   Core 94 'ROM' <Latency = 2> <II = 1> <Delay = 1.68> <Storage> <Opcode : 'load'> <Ports = 0> <Width = 10> <Depth = 1024> <ROM>
ST_5 : Operation 2104 [2/3] (1.68ns)   --->   "%sigmoid_table_load_80 = load i10 %sigmoid_table_addr_80" [firmware/nnet_utils/nnet_activation.h:121]   --->   Operation 2104 'load' 'sigmoid_table_load_80' <Predicate = true> <Delay = 1.68> <CoreInst = "ROM">   --->   Core 94 'ROM' <Latency = 2> <II = 1> <Delay = 1.68> <Storage> <Opcode : 'load'> <Ports = 0> <Width = 10> <Depth = 1024> <ROM>
ST_5 : Operation 2105 [2/3] (1.68ns)   --->   "%sigmoid_table_load_81 = load i10 %sigmoid_table_addr_81" [firmware/nnet_utils/nnet_activation.h:121]   --->   Operation 2105 'load' 'sigmoid_table_load_81' <Predicate = true> <Delay = 1.68> <CoreInst = "ROM">   --->   Core 94 'ROM' <Latency = 2> <II = 1> <Delay = 1.68> <Storage> <Opcode : 'load'> <Ports = 0> <Width = 10> <Depth = 1024> <ROM>
ST_5 : Operation 2106 [2/3] (1.68ns)   --->   "%sigmoid_table_load_82 = load i10 %sigmoid_table_addr_82" [firmware/nnet_utils/nnet_activation.h:121]   --->   Operation 2106 'load' 'sigmoid_table_load_82' <Predicate = true> <Delay = 1.68> <CoreInst = "ROM">   --->   Core 94 'ROM' <Latency = 2> <II = 1> <Delay = 1.68> <Storage> <Opcode : 'load'> <Ports = 0> <Width = 10> <Depth = 1024> <ROM>
ST_5 : Operation 2107 [2/3] (1.68ns)   --->   "%sigmoid_table_load_83 = load i10 %sigmoid_table_addr_83" [firmware/nnet_utils/nnet_activation.h:121]   --->   Operation 2107 'load' 'sigmoid_table_load_83' <Predicate = true> <Delay = 1.68> <CoreInst = "ROM">   --->   Core 94 'ROM' <Latency = 2> <II = 1> <Delay = 1.68> <Storage> <Opcode : 'load'> <Ports = 0> <Width = 10> <Depth = 1024> <ROM>
ST_5 : Operation 2108 [2/3] (1.68ns)   --->   "%sigmoid_table_load_84 = load i10 %sigmoid_table_addr_84" [firmware/nnet_utils/nnet_activation.h:121]   --->   Operation 2108 'load' 'sigmoid_table_load_84' <Predicate = true> <Delay = 1.68> <CoreInst = "ROM">   --->   Core 94 'ROM' <Latency = 2> <II = 1> <Delay = 1.68> <Storage> <Opcode : 'load'> <Ports = 0> <Width = 10> <Depth = 1024> <ROM>
ST_5 : Operation 2109 [2/3] (1.68ns)   --->   "%sigmoid_table_load_85 = load i10 %sigmoid_table_addr_85" [firmware/nnet_utils/nnet_activation.h:121]   --->   Operation 2109 'load' 'sigmoid_table_load_85' <Predicate = true> <Delay = 1.68> <CoreInst = "ROM">   --->   Core 94 'ROM' <Latency = 2> <II = 1> <Delay = 1.68> <Storage> <Opcode : 'load'> <Ports = 0> <Width = 10> <Depth = 1024> <ROM>
ST_5 : Operation 2110 [2/3] (1.68ns)   --->   "%sigmoid_table_load_86 = load i10 %sigmoid_table_addr_86" [firmware/nnet_utils/nnet_activation.h:121]   --->   Operation 2110 'load' 'sigmoid_table_load_86' <Predicate = true> <Delay = 1.68> <CoreInst = "ROM">   --->   Core 94 'ROM' <Latency = 2> <II = 1> <Delay = 1.68> <Storage> <Opcode : 'load'> <Ports = 0> <Width = 10> <Depth = 1024> <ROM>
ST_5 : Operation 2111 [2/3] (1.68ns)   --->   "%sigmoid_table_load_87 = load i10 %sigmoid_table_addr_87" [firmware/nnet_utils/nnet_activation.h:121]   --->   Operation 2111 'load' 'sigmoid_table_load_87' <Predicate = true> <Delay = 1.68> <CoreInst = "ROM">   --->   Core 94 'ROM' <Latency = 2> <II = 1> <Delay = 1.68> <Storage> <Opcode : 'load'> <Ports = 0> <Width = 10> <Depth = 1024> <ROM>
ST_5 : Operation 2112 [2/3] (1.68ns)   --->   "%sigmoid_table_load_88 = load i10 %sigmoid_table_addr_88" [firmware/nnet_utils/nnet_activation.h:121]   --->   Operation 2112 'load' 'sigmoid_table_load_88' <Predicate = true> <Delay = 1.68> <CoreInst = "ROM">   --->   Core 94 'ROM' <Latency = 2> <II = 1> <Delay = 1.68> <Storage> <Opcode : 'load'> <Ports = 0> <Width = 10> <Depth = 1024> <ROM>
ST_5 : Operation 2113 [2/3] (1.68ns)   --->   "%sigmoid_table_load_89 = load i10 %sigmoid_table_addr_89" [firmware/nnet_utils/nnet_activation.h:121]   --->   Operation 2113 'load' 'sigmoid_table_load_89' <Predicate = true> <Delay = 1.68> <CoreInst = "ROM">   --->   Core 94 'ROM' <Latency = 2> <II = 1> <Delay = 1.68> <Storage> <Opcode : 'load'> <Ports = 0> <Width = 10> <Depth = 1024> <ROM>
ST_5 : Operation 2114 [2/3] (1.68ns)   --->   "%sigmoid_table_load_90 = load i10 %sigmoid_table_addr_90" [firmware/nnet_utils/nnet_activation.h:121]   --->   Operation 2114 'load' 'sigmoid_table_load_90' <Predicate = true> <Delay = 1.68> <CoreInst = "ROM">   --->   Core 94 'ROM' <Latency = 2> <II = 1> <Delay = 1.68> <Storage> <Opcode : 'load'> <Ports = 0> <Width = 10> <Depth = 1024> <ROM>
ST_5 : Operation 2115 [2/3] (1.68ns)   --->   "%sigmoid_table_load_91 = load i10 %sigmoid_table_addr_91" [firmware/nnet_utils/nnet_activation.h:121]   --->   Operation 2115 'load' 'sigmoid_table_load_91' <Predicate = true> <Delay = 1.68> <CoreInst = "ROM">   --->   Core 94 'ROM' <Latency = 2> <II = 1> <Delay = 1.68> <Storage> <Opcode : 'load'> <Ports = 0> <Width = 10> <Depth = 1024> <ROM>
ST_5 : Operation 2116 [2/3] (1.68ns)   --->   "%sigmoid_table_load_92 = load i10 %sigmoid_table_addr_92" [firmware/nnet_utils/nnet_activation.h:121]   --->   Operation 2116 'load' 'sigmoid_table_load_92' <Predicate = true> <Delay = 1.68> <CoreInst = "ROM">   --->   Core 94 'ROM' <Latency = 2> <II = 1> <Delay = 1.68> <Storage> <Opcode : 'load'> <Ports = 0> <Width = 10> <Depth = 1024> <ROM>
ST_5 : Operation 2117 [2/3] (1.68ns)   --->   "%sigmoid_table_load_93 = load i10 %sigmoid_table_addr_93" [firmware/nnet_utils/nnet_activation.h:121]   --->   Operation 2117 'load' 'sigmoid_table_load_93' <Predicate = true> <Delay = 1.68> <CoreInst = "ROM">   --->   Core 94 'ROM' <Latency = 2> <II = 1> <Delay = 1.68> <Storage> <Opcode : 'load'> <Ports = 0> <Width = 10> <Depth = 1024> <ROM>
ST_5 : Operation 2118 [2/3] (1.68ns)   --->   "%sigmoid_table_load_94 = load i10 %sigmoid_table_addr_94" [firmware/nnet_utils/nnet_activation.h:121]   --->   Operation 2118 'load' 'sigmoid_table_load_94' <Predicate = true> <Delay = 1.68> <CoreInst = "ROM">   --->   Core 94 'ROM' <Latency = 2> <II = 1> <Delay = 1.68> <Storage> <Opcode : 'load'> <Ports = 0> <Width = 10> <Depth = 1024> <ROM>
ST_5 : Operation 2119 [2/3] (1.68ns)   --->   "%sigmoid_table_load_95 = load i10 %sigmoid_table_addr_95" [firmware/nnet_utils/nnet_activation.h:121]   --->   Operation 2119 'load' 'sigmoid_table_load_95' <Predicate = true> <Delay = 1.68> <CoreInst = "ROM">   --->   Core 94 'ROM' <Latency = 2> <II = 1> <Delay = 1.68> <Storage> <Opcode : 'load'> <Ports = 0> <Width = 10> <Depth = 1024> <ROM>

State 6 <SV = 5> <Delay = 1.68>
ST_6 : Operation 2120 [1/3] ( I:1.68ns O:1.68ns )   --->   "%sigmoid_table_load = load i10 %sigmoid_table_addr" [firmware/nnet_utils/nnet_activation.h:121]   --->   Operation 2120 'load' 'sigmoid_table_load' <Predicate = true> <Delay = 1.68> <CoreInst = "ROM">   --->   Core 94 'ROM' <Latency = 2> <II = 1> <Delay = 1.68> <Storage> <Opcode : 'load'> <Ports = 0> <Width = 10> <Depth = 1024> <ROM>
ST_6 : Operation 2121 [1/1] (0.00ns)   --->   "%tmp_3 = partselect i7 @_ssdm_op_PartSelect.i7.i10.i32.i32, i10 %sigmoid_table_load, i32 3, i32 9" [firmware/nnet_utils/nnet_activation.h:121]   --->   Operation 2121 'partselect' 'tmp_3' <Predicate = true> <Delay = 0.00>
ST_6 : Operation 2122 [1/1] (0.00ns)   --->   "%tmp_100 = bitselect i1 @_ssdm_op_BitSelect.i1.i10.i32, i10 %sigmoid_table_load, i32 2" [firmware/nnet_utils/nnet_activation.h:121]   --->   Operation 2122 'bitselect' 'tmp_100' <Predicate = true> <Delay = 0.00>
ST_6 : Operation 2123 [1/3] ( I:1.68ns O:1.68ns )   --->   "%sigmoid_table_load_1 = load i10 %sigmoid_table_addr_1" [firmware/nnet_utils/nnet_activation.h:121]   --->   Operation 2123 'load' 'sigmoid_table_load_1' <Predicate = true> <Delay = 1.68> <CoreInst = "ROM">   --->   Core 94 'ROM' <Latency = 2> <II = 1> <Delay = 1.68> <Storage> <Opcode : 'load'> <Ports = 0> <Width = 10> <Depth = 1024> <ROM>
ST_6 : Operation 2124 [1/1] (0.00ns)   --->   "%tmp_7 = partselect i7 @_ssdm_op_PartSelect.i7.i10.i32.i32, i10 %sigmoid_table_load_1, i32 3, i32 9" [firmware/nnet_utils/nnet_activation.h:121]   --->   Operation 2124 'partselect' 'tmp_7' <Predicate = true> <Delay = 0.00>
ST_6 : Operation 2125 [1/1] (0.00ns)   --->   "%tmp_106 = bitselect i1 @_ssdm_op_BitSelect.i1.i10.i32, i10 %sigmoid_table_load_1, i32 2" [firmware/nnet_utils/nnet_activation.h:121]   --->   Operation 2125 'bitselect' 'tmp_106' <Predicate = true> <Delay = 0.00>
ST_6 : Operation 2126 [1/3] ( I:1.68ns O:1.68ns )   --->   "%sigmoid_table_load_2 = load i10 %sigmoid_table_addr_2" [firmware/nnet_utils/nnet_activation.h:121]   --->   Operation 2126 'load' 'sigmoid_table_load_2' <Predicate = true> <Delay = 1.68> <CoreInst = "ROM">   --->   Core 94 'ROM' <Latency = 2> <II = 1> <Delay = 1.68> <Storage> <Opcode : 'load'> <Ports = 0> <Width = 10> <Depth = 1024> <ROM>
ST_6 : Operation 2127 [1/1] (0.00ns)   --->   "%tmp_11 = partselect i7 @_ssdm_op_PartSelect.i7.i10.i32.i32, i10 %sigmoid_table_load_2, i32 3, i32 9" [firmware/nnet_utils/nnet_activation.h:121]   --->   Operation 2127 'partselect' 'tmp_11' <Predicate = true> <Delay = 0.00>
ST_6 : Operation 2128 [1/1] (0.00ns)   --->   "%tmp_113 = bitselect i1 @_ssdm_op_BitSelect.i1.i10.i32, i10 %sigmoid_table_load_2, i32 2" [firmware/nnet_utils/nnet_activation.h:121]   --->   Operation 2128 'bitselect' 'tmp_113' <Predicate = true> <Delay = 0.00>
ST_6 : Operation 2129 [1/3] ( I:1.68ns O:1.68ns )   --->   "%sigmoid_table_load_3 = load i10 %sigmoid_table_addr_3" [firmware/nnet_utils/nnet_activation.h:121]   --->   Operation 2129 'load' 'sigmoid_table_load_3' <Predicate = true> <Delay = 1.68> <CoreInst = "ROM">   --->   Core 94 'ROM' <Latency = 2> <II = 1> <Delay = 1.68> <Storage> <Opcode : 'load'> <Ports = 0> <Width = 10> <Depth = 1024> <ROM>
ST_6 : Operation 2130 [1/1] (0.00ns)   --->   "%tmp_15 = partselect i7 @_ssdm_op_PartSelect.i7.i10.i32.i32, i10 %sigmoid_table_load_3, i32 3, i32 9" [firmware/nnet_utils/nnet_activation.h:121]   --->   Operation 2130 'partselect' 'tmp_15' <Predicate = true> <Delay = 0.00>
ST_6 : Operation 2131 [1/1] (0.00ns)   --->   "%tmp_120 = bitselect i1 @_ssdm_op_BitSelect.i1.i10.i32, i10 %sigmoid_table_load_3, i32 2" [firmware/nnet_utils/nnet_activation.h:121]   --->   Operation 2131 'bitselect' 'tmp_120' <Predicate = true> <Delay = 0.00>
ST_6 : Operation 2132 [1/3] ( I:1.68ns O:1.68ns )   --->   "%sigmoid_table_load_4 = load i10 %sigmoid_table_addr_4" [firmware/nnet_utils/nnet_activation.h:121]   --->   Operation 2132 'load' 'sigmoid_table_load_4' <Predicate = true> <Delay = 1.68> <CoreInst = "ROM">   --->   Core 94 'ROM' <Latency = 2> <II = 1> <Delay = 1.68> <Storage> <Opcode : 'load'> <Ports = 0> <Width = 10> <Depth = 1024> <ROM>
ST_6 : Operation 2133 [1/1] (0.00ns)   --->   "%tmp_19 = partselect i7 @_ssdm_op_PartSelect.i7.i10.i32.i32, i10 %sigmoid_table_load_4, i32 3, i32 9" [firmware/nnet_utils/nnet_activation.h:121]   --->   Operation 2133 'partselect' 'tmp_19' <Predicate = true> <Delay = 0.00>
ST_6 : Operation 2134 [1/1] (0.00ns)   --->   "%tmp_126 = bitselect i1 @_ssdm_op_BitSelect.i1.i10.i32, i10 %sigmoid_table_load_4, i32 2" [firmware/nnet_utils/nnet_activation.h:121]   --->   Operation 2134 'bitselect' 'tmp_126' <Predicate = true> <Delay = 0.00>
ST_6 : Operation 2135 [1/3] ( I:1.68ns O:1.68ns )   --->   "%sigmoid_table_load_5 = load i10 %sigmoid_table_addr_5" [firmware/nnet_utils/nnet_activation.h:121]   --->   Operation 2135 'load' 'sigmoid_table_load_5' <Predicate = true> <Delay = 1.68> <CoreInst = "ROM">   --->   Core 94 'ROM' <Latency = 2> <II = 1> <Delay = 1.68> <Storage> <Opcode : 'load'> <Ports = 0> <Width = 10> <Depth = 1024> <ROM>
ST_6 : Operation 2136 [1/1] (0.00ns)   --->   "%tmp_23 = partselect i7 @_ssdm_op_PartSelect.i7.i10.i32.i32, i10 %sigmoid_table_load_5, i32 3, i32 9" [firmware/nnet_utils/nnet_activation.h:121]   --->   Operation 2136 'partselect' 'tmp_23' <Predicate = true> <Delay = 0.00>
ST_6 : Operation 2137 [1/1] (0.00ns)   --->   "%tmp_133 = bitselect i1 @_ssdm_op_BitSelect.i1.i10.i32, i10 %sigmoid_table_load_5, i32 2" [firmware/nnet_utils/nnet_activation.h:121]   --->   Operation 2137 'bitselect' 'tmp_133' <Predicate = true> <Delay = 0.00>
ST_6 : Operation 2138 [1/3] ( I:1.68ns O:1.68ns )   --->   "%sigmoid_table_load_6 = load i10 %sigmoid_table_addr_6" [firmware/nnet_utils/nnet_activation.h:121]   --->   Operation 2138 'load' 'sigmoid_table_load_6' <Predicate = true> <Delay = 1.68> <CoreInst = "ROM">   --->   Core 94 'ROM' <Latency = 2> <II = 1> <Delay = 1.68> <Storage> <Opcode : 'load'> <Ports = 0> <Width = 10> <Depth = 1024> <ROM>
ST_6 : Operation 2139 [1/1] (0.00ns)   --->   "%tmp_27 = partselect i7 @_ssdm_op_PartSelect.i7.i10.i32.i32, i10 %sigmoid_table_load_6, i32 3, i32 9" [firmware/nnet_utils/nnet_activation.h:121]   --->   Operation 2139 'partselect' 'tmp_27' <Predicate = true> <Delay = 0.00>
ST_6 : Operation 2140 [1/1] (0.00ns)   --->   "%tmp_140 = bitselect i1 @_ssdm_op_BitSelect.i1.i10.i32, i10 %sigmoid_table_load_6, i32 2" [firmware/nnet_utils/nnet_activation.h:121]   --->   Operation 2140 'bitselect' 'tmp_140' <Predicate = true> <Delay = 0.00>
ST_6 : Operation 2141 [1/3] ( I:1.68ns O:1.68ns )   --->   "%sigmoid_table_load_7 = load i10 %sigmoid_table_addr_7" [firmware/nnet_utils/nnet_activation.h:121]   --->   Operation 2141 'load' 'sigmoid_table_load_7' <Predicate = true> <Delay = 1.68> <CoreInst = "ROM">   --->   Core 94 'ROM' <Latency = 2> <II = 1> <Delay = 1.68> <Storage> <Opcode : 'load'> <Ports = 0> <Width = 10> <Depth = 1024> <ROM>
ST_6 : Operation 2142 [1/1] (0.00ns)   --->   "%tmp_31 = partselect i7 @_ssdm_op_PartSelect.i7.i10.i32.i32, i10 %sigmoid_table_load_7, i32 3, i32 9" [firmware/nnet_utils/nnet_activation.h:121]   --->   Operation 2142 'partselect' 'tmp_31' <Predicate = true> <Delay = 0.00>
ST_6 : Operation 2143 [1/1] (0.00ns)   --->   "%tmp_146 = bitselect i1 @_ssdm_op_BitSelect.i1.i10.i32, i10 %sigmoid_table_load_7, i32 2" [firmware/nnet_utils/nnet_activation.h:121]   --->   Operation 2143 'bitselect' 'tmp_146' <Predicate = true> <Delay = 0.00>
ST_6 : Operation 2144 [1/3] ( I:1.68ns O:1.68ns )   --->   "%sigmoid_table_load_8 = load i10 %sigmoid_table_addr_8" [firmware/nnet_utils/nnet_activation.h:121]   --->   Operation 2144 'load' 'sigmoid_table_load_8' <Predicate = true> <Delay = 1.68> <CoreInst = "ROM">   --->   Core 94 'ROM' <Latency = 2> <II = 1> <Delay = 1.68> <Storage> <Opcode : 'load'> <Ports = 0> <Width = 10> <Depth = 1024> <ROM>
ST_6 : Operation 2145 [1/1] (0.00ns)   --->   "%tmp_33 = partselect i7 @_ssdm_op_PartSelect.i7.i10.i32.i32, i10 %sigmoid_table_load_8, i32 3, i32 9" [firmware/nnet_utils/nnet_activation.h:121]   --->   Operation 2145 'partselect' 'tmp_33' <Predicate = true> <Delay = 0.00>
ST_6 : Operation 2146 [1/1] (0.00ns)   --->   "%tmp_153 = bitselect i1 @_ssdm_op_BitSelect.i1.i10.i32, i10 %sigmoid_table_load_8, i32 2" [firmware/nnet_utils/nnet_activation.h:121]   --->   Operation 2146 'bitselect' 'tmp_153' <Predicate = true> <Delay = 0.00>
ST_6 : Operation 2147 [1/3] ( I:1.68ns O:1.68ns )   --->   "%sigmoid_table_load_9 = load i10 %sigmoid_table_addr_9" [firmware/nnet_utils/nnet_activation.h:121]   --->   Operation 2147 'load' 'sigmoid_table_load_9' <Predicate = true> <Delay = 1.68> <CoreInst = "ROM">   --->   Core 94 'ROM' <Latency = 2> <II = 1> <Delay = 1.68> <Storage> <Opcode : 'load'> <Ports = 0> <Width = 10> <Depth = 1024> <ROM>
ST_6 : Operation 2148 [1/1] (0.00ns)   --->   "%tmp_35 = partselect i7 @_ssdm_op_PartSelect.i7.i10.i32.i32, i10 %sigmoid_table_load_9, i32 3, i32 9" [firmware/nnet_utils/nnet_activation.h:121]   --->   Operation 2148 'partselect' 'tmp_35' <Predicate = true> <Delay = 0.00>
ST_6 : Operation 2149 [1/1] (0.00ns)   --->   "%tmp_160 = bitselect i1 @_ssdm_op_BitSelect.i1.i10.i32, i10 %sigmoid_table_load_9, i32 2" [firmware/nnet_utils/nnet_activation.h:121]   --->   Operation 2149 'bitselect' 'tmp_160' <Predicate = true> <Delay = 0.00>
ST_6 : Operation 2150 [1/3] ( I:1.68ns O:1.68ns )   --->   "%sigmoid_table_load_10 = load i10 %sigmoid_table_addr_10" [firmware/nnet_utils/nnet_activation.h:121]   --->   Operation 2150 'load' 'sigmoid_table_load_10' <Predicate = true> <Delay = 1.68> <CoreInst = "ROM">   --->   Core 94 'ROM' <Latency = 2> <II = 1> <Delay = 1.68> <Storage> <Opcode : 'load'> <Ports = 0> <Width = 10> <Depth = 1024> <ROM>
ST_6 : Operation 2151 [1/1] (0.00ns)   --->   "%tmp_37 = partselect i7 @_ssdm_op_PartSelect.i7.i10.i32.i32, i10 %sigmoid_table_load_10, i32 3, i32 9" [firmware/nnet_utils/nnet_activation.h:121]   --->   Operation 2151 'partselect' 'tmp_37' <Predicate = true> <Delay = 0.00>
ST_6 : Operation 2152 [1/1] (0.00ns)   --->   "%tmp_166 = bitselect i1 @_ssdm_op_BitSelect.i1.i10.i32, i10 %sigmoid_table_load_10, i32 2" [firmware/nnet_utils/nnet_activation.h:121]   --->   Operation 2152 'bitselect' 'tmp_166' <Predicate = true> <Delay = 0.00>
ST_6 : Operation 2153 [1/3] ( I:1.68ns O:1.68ns )   --->   "%sigmoid_table_load_11 = load i10 %sigmoid_table_addr_11" [firmware/nnet_utils/nnet_activation.h:121]   --->   Operation 2153 'load' 'sigmoid_table_load_11' <Predicate = true> <Delay = 1.68> <CoreInst = "ROM">   --->   Core 94 'ROM' <Latency = 2> <II = 1> <Delay = 1.68> <Storage> <Opcode : 'load'> <Ports = 0> <Width = 10> <Depth = 1024> <ROM>
ST_6 : Operation 2154 [1/1] (0.00ns)   --->   "%tmp_39 = partselect i7 @_ssdm_op_PartSelect.i7.i10.i32.i32, i10 %sigmoid_table_load_11, i32 3, i32 9" [firmware/nnet_utils/nnet_activation.h:121]   --->   Operation 2154 'partselect' 'tmp_39' <Predicate = true> <Delay = 0.00>
ST_6 : Operation 2155 [1/1] (0.00ns)   --->   "%tmp_173 = bitselect i1 @_ssdm_op_BitSelect.i1.i10.i32, i10 %sigmoid_table_load_11, i32 2" [firmware/nnet_utils/nnet_activation.h:121]   --->   Operation 2155 'bitselect' 'tmp_173' <Predicate = true> <Delay = 0.00>
ST_6 : Operation 2156 [1/3] ( I:1.68ns O:1.68ns )   --->   "%sigmoid_table_load_12 = load i10 %sigmoid_table_addr_12" [firmware/nnet_utils/nnet_activation.h:121]   --->   Operation 2156 'load' 'sigmoid_table_load_12' <Predicate = true> <Delay = 1.68> <CoreInst = "ROM">   --->   Core 94 'ROM' <Latency = 2> <II = 1> <Delay = 1.68> <Storage> <Opcode : 'load'> <Ports = 0> <Width = 10> <Depth = 1024> <ROM>
ST_6 : Operation 2157 [1/1] (0.00ns)   --->   "%tmp_41 = partselect i7 @_ssdm_op_PartSelect.i7.i10.i32.i32, i10 %sigmoid_table_load_12, i32 3, i32 9" [firmware/nnet_utils/nnet_activation.h:121]   --->   Operation 2157 'partselect' 'tmp_41' <Predicate = true> <Delay = 0.00>
ST_6 : Operation 2158 [1/1] (0.00ns)   --->   "%tmp_180 = bitselect i1 @_ssdm_op_BitSelect.i1.i10.i32, i10 %sigmoid_table_load_12, i32 2" [firmware/nnet_utils/nnet_activation.h:121]   --->   Operation 2158 'bitselect' 'tmp_180' <Predicate = true> <Delay = 0.00>
ST_6 : Operation 2159 [1/3] ( I:1.68ns O:1.68ns )   --->   "%sigmoid_table_load_13 = load i10 %sigmoid_table_addr_13" [firmware/nnet_utils/nnet_activation.h:121]   --->   Operation 2159 'load' 'sigmoid_table_load_13' <Predicate = true> <Delay = 1.68> <CoreInst = "ROM">   --->   Core 94 'ROM' <Latency = 2> <II = 1> <Delay = 1.68> <Storage> <Opcode : 'load'> <Ports = 0> <Width = 10> <Depth = 1024> <ROM>
ST_6 : Operation 2160 [1/1] (0.00ns)   --->   "%tmp_43 = partselect i7 @_ssdm_op_PartSelect.i7.i10.i32.i32, i10 %sigmoid_table_load_13, i32 3, i32 9" [firmware/nnet_utils/nnet_activation.h:121]   --->   Operation 2160 'partselect' 'tmp_43' <Predicate = true> <Delay = 0.00>
ST_6 : Operation 2161 [1/1] (0.00ns)   --->   "%tmp_186 = bitselect i1 @_ssdm_op_BitSelect.i1.i10.i32, i10 %sigmoid_table_load_13, i32 2" [firmware/nnet_utils/nnet_activation.h:121]   --->   Operation 2161 'bitselect' 'tmp_186' <Predicate = true> <Delay = 0.00>
ST_6 : Operation 2162 [1/3] ( I:1.68ns O:1.68ns )   --->   "%sigmoid_table_load_14 = load i10 %sigmoid_table_addr_14" [firmware/nnet_utils/nnet_activation.h:121]   --->   Operation 2162 'load' 'sigmoid_table_load_14' <Predicate = true> <Delay = 1.68> <CoreInst = "ROM">   --->   Core 94 'ROM' <Latency = 2> <II = 1> <Delay = 1.68> <Storage> <Opcode : 'load'> <Ports = 0> <Width = 10> <Depth = 1024> <ROM>
ST_6 : Operation 2163 [1/1] (0.00ns)   --->   "%tmp_45 = partselect i7 @_ssdm_op_PartSelect.i7.i10.i32.i32, i10 %sigmoid_table_load_14, i32 3, i32 9" [firmware/nnet_utils/nnet_activation.h:121]   --->   Operation 2163 'partselect' 'tmp_45' <Predicate = true> <Delay = 0.00>
ST_6 : Operation 2164 [1/1] (0.00ns)   --->   "%tmp_193 = bitselect i1 @_ssdm_op_BitSelect.i1.i10.i32, i10 %sigmoid_table_load_14, i32 2" [firmware/nnet_utils/nnet_activation.h:121]   --->   Operation 2164 'bitselect' 'tmp_193' <Predicate = true> <Delay = 0.00>
ST_6 : Operation 2165 [1/3] ( I:1.68ns O:1.68ns )   --->   "%sigmoid_table_load_15 = load i10 %sigmoid_table_addr_15" [firmware/nnet_utils/nnet_activation.h:121]   --->   Operation 2165 'load' 'sigmoid_table_load_15' <Predicate = true> <Delay = 1.68> <CoreInst = "ROM">   --->   Core 94 'ROM' <Latency = 2> <II = 1> <Delay = 1.68> <Storage> <Opcode : 'load'> <Ports = 0> <Width = 10> <Depth = 1024> <ROM>
ST_6 : Operation 2166 [1/1] (0.00ns)   --->   "%tmp_47 = partselect i7 @_ssdm_op_PartSelect.i7.i10.i32.i32, i10 %sigmoid_table_load_15, i32 3, i32 9" [firmware/nnet_utils/nnet_activation.h:121]   --->   Operation 2166 'partselect' 'tmp_47' <Predicate = true> <Delay = 0.00>
ST_6 : Operation 2167 [1/1] (0.00ns)   --->   "%tmp_200 = bitselect i1 @_ssdm_op_BitSelect.i1.i10.i32, i10 %sigmoid_table_load_15, i32 2" [firmware/nnet_utils/nnet_activation.h:121]   --->   Operation 2167 'bitselect' 'tmp_200' <Predicate = true> <Delay = 0.00>
ST_6 : Operation 2168 [1/3] ( I:1.68ns O:1.68ns )   --->   "%sigmoid_table_load_16 = load i10 %sigmoid_table_addr_16" [firmware/nnet_utils/nnet_activation.h:121]   --->   Operation 2168 'load' 'sigmoid_table_load_16' <Predicate = true> <Delay = 1.68> <CoreInst = "ROM">   --->   Core 94 'ROM' <Latency = 2> <II = 1> <Delay = 1.68> <Storage> <Opcode : 'load'> <Ports = 0> <Width = 10> <Depth = 1024> <ROM>
ST_6 : Operation 2169 [1/1] (0.00ns)   --->   "%tmp_50 = partselect i7 @_ssdm_op_PartSelect.i7.i10.i32.i32, i10 %sigmoid_table_load_16, i32 3, i32 9" [firmware/nnet_utils/nnet_activation.h:121]   --->   Operation 2169 'partselect' 'tmp_50' <Predicate = true> <Delay = 0.00>
ST_6 : Operation 2170 [1/1] (0.00ns)   --->   "%tmp_206 = bitselect i1 @_ssdm_op_BitSelect.i1.i10.i32, i10 %sigmoid_table_load_16, i32 2" [firmware/nnet_utils/nnet_activation.h:121]   --->   Operation 2170 'bitselect' 'tmp_206' <Predicate = true> <Delay = 0.00>
ST_6 : Operation 2171 [1/3] ( I:1.68ns O:1.68ns )   --->   "%sigmoid_table_load_17 = load i10 %sigmoid_table_addr_17" [firmware/nnet_utils/nnet_activation.h:121]   --->   Operation 2171 'load' 'sigmoid_table_load_17' <Predicate = true> <Delay = 1.68> <CoreInst = "ROM">   --->   Core 94 'ROM' <Latency = 2> <II = 1> <Delay = 1.68> <Storage> <Opcode : 'load'> <Ports = 0> <Width = 10> <Depth = 1024> <ROM>
ST_6 : Operation 2172 [1/1] (0.00ns)   --->   "%tmp_53 = partselect i7 @_ssdm_op_PartSelect.i7.i10.i32.i32, i10 %sigmoid_table_load_17, i32 3, i32 9" [firmware/nnet_utils/nnet_activation.h:121]   --->   Operation 2172 'partselect' 'tmp_53' <Predicate = true> <Delay = 0.00>
ST_6 : Operation 2173 [1/1] (0.00ns)   --->   "%tmp_213 = bitselect i1 @_ssdm_op_BitSelect.i1.i10.i32, i10 %sigmoid_table_load_17, i32 2" [firmware/nnet_utils/nnet_activation.h:121]   --->   Operation 2173 'bitselect' 'tmp_213' <Predicate = true> <Delay = 0.00>
ST_6 : Operation 2174 [1/3] ( I:1.68ns O:1.68ns )   --->   "%sigmoid_table_load_18 = load i10 %sigmoid_table_addr_18" [firmware/nnet_utils/nnet_activation.h:121]   --->   Operation 2174 'load' 'sigmoid_table_load_18' <Predicate = true> <Delay = 1.68> <CoreInst = "ROM">   --->   Core 94 'ROM' <Latency = 2> <II = 1> <Delay = 1.68> <Storage> <Opcode : 'load'> <Ports = 0> <Width = 10> <Depth = 1024> <ROM>
ST_6 : Operation 2175 [1/1] (0.00ns)   --->   "%tmp_56 = partselect i7 @_ssdm_op_PartSelect.i7.i10.i32.i32, i10 %sigmoid_table_load_18, i32 3, i32 9" [firmware/nnet_utils/nnet_activation.h:121]   --->   Operation 2175 'partselect' 'tmp_56' <Predicate = true> <Delay = 0.00>
ST_6 : Operation 2176 [1/1] (0.00ns)   --->   "%tmp_220 = bitselect i1 @_ssdm_op_BitSelect.i1.i10.i32, i10 %sigmoid_table_load_18, i32 2" [firmware/nnet_utils/nnet_activation.h:121]   --->   Operation 2176 'bitselect' 'tmp_220' <Predicate = true> <Delay = 0.00>
ST_6 : Operation 2177 [1/3] ( I:1.68ns O:1.68ns )   --->   "%sigmoid_table_load_19 = load i10 %sigmoid_table_addr_19" [firmware/nnet_utils/nnet_activation.h:121]   --->   Operation 2177 'load' 'sigmoid_table_load_19' <Predicate = true> <Delay = 1.68> <CoreInst = "ROM">   --->   Core 94 'ROM' <Latency = 2> <II = 1> <Delay = 1.68> <Storage> <Opcode : 'load'> <Ports = 0> <Width = 10> <Depth = 1024> <ROM>
ST_6 : Operation 2178 [1/1] (0.00ns)   --->   "%tmp_59 = partselect i7 @_ssdm_op_PartSelect.i7.i10.i32.i32, i10 %sigmoid_table_load_19, i32 3, i32 9" [firmware/nnet_utils/nnet_activation.h:121]   --->   Operation 2178 'partselect' 'tmp_59' <Predicate = true> <Delay = 0.00>
ST_6 : Operation 2179 [1/1] (0.00ns)   --->   "%tmp_226 = bitselect i1 @_ssdm_op_BitSelect.i1.i10.i32, i10 %sigmoid_table_load_19, i32 2" [firmware/nnet_utils/nnet_activation.h:121]   --->   Operation 2179 'bitselect' 'tmp_226' <Predicate = true> <Delay = 0.00>
ST_6 : Operation 2180 [1/3] ( I:1.68ns O:1.68ns )   --->   "%sigmoid_table_load_20 = load i10 %sigmoid_table_addr_20" [firmware/nnet_utils/nnet_activation.h:121]   --->   Operation 2180 'load' 'sigmoid_table_load_20' <Predicate = true> <Delay = 1.68> <CoreInst = "ROM">   --->   Core 94 'ROM' <Latency = 2> <II = 1> <Delay = 1.68> <Storage> <Opcode : 'load'> <Ports = 0> <Width = 10> <Depth = 1024> <ROM>
ST_6 : Operation 2181 [1/1] (0.00ns)   --->   "%tmp_62 = partselect i7 @_ssdm_op_PartSelect.i7.i10.i32.i32, i10 %sigmoid_table_load_20, i32 3, i32 9" [firmware/nnet_utils/nnet_activation.h:121]   --->   Operation 2181 'partselect' 'tmp_62' <Predicate = true> <Delay = 0.00>
ST_6 : Operation 2182 [1/1] (0.00ns)   --->   "%tmp_233 = bitselect i1 @_ssdm_op_BitSelect.i1.i10.i32, i10 %sigmoid_table_load_20, i32 2" [firmware/nnet_utils/nnet_activation.h:121]   --->   Operation 2182 'bitselect' 'tmp_233' <Predicate = true> <Delay = 0.00>
ST_6 : Operation 2183 [1/3] ( I:1.68ns O:1.68ns )   --->   "%sigmoid_table_load_21 = load i10 %sigmoid_table_addr_21" [firmware/nnet_utils/nnet_activation.h:121]   --->   Operation 2183 'load' 'sigmoid_table_load_21' <Predicate = true> <Delay = 1.68> <CoreInst = "ROM">   --->   Core 94 'ROM' <Latency = 2> <II = 1> <Delay = 1.68> <Storage> <Opcode : 'load'> <Ports = 0> <Width = 10> <Depth = 1024> <ROM>
ST_6 : Operation 2184 [1/1] (0.00ns)   --->   "%tmp_65 = partselect i7 @_ssdm_op_PartSelect.i7.i10.i32.i32, i10 %sigmoid_table_load_21, i32 3, i32 9" [firmware/nnet_utils/nnet_activation.h:121]   --->   Operation 2184 'partselect' 'tmp_65' <Predicate = true> <Delay = 0.00>
ST_6 : Operation 2185 [1/1] (0.00ns)   --->   "%tmp_240 = bitselect i1 @_ssdm_op_BitSelect.i1.i10.i32, i10 %sigmoid_table_load_21, i32 2" [firmware/nnet_utils/nnet_activation.h:121]   --->   Operation 2185 'bitselect' 'tmp_240' <Predicate = true> <Delay = 0.00>
ST_6 : Operation 2186 [1/3] ( I:1.68ns O:1.68ns )   --->   "%sigmoid_table_load_22 = load i10 %sigmoid_table_addr_22" [firmware/nnet_utils/nnet_activation.h:121]   --->   Operation 2186 'load' 'sigmoid_table_load_22' <Predicate = true> <Delay = 1.68> <CoreInst = "ROM">   --->   Core 94 'ROM' <Latency = 2> <II = 1> <Delay = 1.68> <Storage> <Opcode : 'load'> <Ports = 0> <Width = 10> <Depth = 1024> <ROM>
ST_6 : Operation 2187 [1/1] (0.00ns)   --->   "%tmp_68 = partselect i7 @_ssdm_op_PartSelect.i7.i10.i32.i32, i10 %sigmoid_table_load_22, i32 3, i32 9" [firmware/nnet_utils/nnet_activation.h:121]   --->   Operation 2187 'partselect' 'tmp_68' <Predicate = true> <Delay = 0.00>
ST_6 : Operation 2188 [1/1] (0.00ns)   --->   "%tmp_246 = bitselect i1 @_ssdm_op_BitSelect.i1.i10.i32, i10 %sigmoid_table_load_22, i32 2" [firmware/nnet_utils/nnet_activation.h:121]   --->   Operation 2188 'bitselect' 'tmp_246' <Predicate = true> <Delay = 0.00>
ST_6 : Operation 2189 [1/3] ( I:1.68ns O:1.68ns )   --->   "%sigmoid_table_load_23 = load i10 %sigmoid_table_addr_23" [firmware/nnet_utils/nnet_activation.h:121]   --->   Operation 2189 'load' 'sigmoid_table_load_23' <Predicate = true> <Delay = 1.68> <CoreInst = "ROM">   --->   Core 94 'ROM' <Latency = 2> <II = 1> <Delay = 1.68> <Storage> <Opcode : 'load'> <Ports = 0> <Width = 10> <Depth = 1024> <ROM>
ST_6 : Operation 2190 [1/1] (0.00ns)   --->   "%tmp_71 = partselect i7 @_ssdm_op_PartSelect.i7.i10.i32.i32, i10 %sigmoid_table_load_23, i32 3, i32 9" [firmware/nnet_utils/nnet_activation.h:121]   --->   Operation 2190 'partselect' 'tmp_71' <Predicate = true> <Delay = 0.00>
ST_6 : Operation 2191 [1/1] (0.00ns)   --->   "%tmp_253 = bitselect i1 @_ssdm_op_BitSelect.i1.i10.i32, i10 %sigmoid_table_load_23, i32 2" [firmware/nnet_utils/nnet_activation.h:121]   --->   Operation 2191 'bitselect' 'tmp_253' <Predicate = true> <Delay = 0.00>
ST_6 : Operation 2192 [1/3] ( I:1.68ns O:1.68ns )   --->   "%sigmoid_table_load_24 = load i10 %sigmoid_table_addr_24" [firmware/nnet_utils/nnet_activation.h:121]   --->   Operation 2192 'load' 'sigmoid_table_load_24' <Predicate = true> <Delay = 1.68> <CoreInst = "ROM">   --->   Core 94 'ROM' <Latency = 2> <II = 1> <Delay = 1.68> <Storage> <Opcode : 'load'> <Ports = 0> <Width = 10> <Depth = 1024> <ROM>
ST_6 : Operation 2193 [1/1] (0.00ns)   --->   "%tmp_74 = partselect i7 @_ssdm_op_PartSelect.i7.i10.i32.i32, i10 %sigmoid_table_load_24, i32 3, i32 9" [firmware/nnet_utils/nnet_activation.h:121]   --->   Operation 2193 'partselect' 'tmp_74' <Predicate = true> <Delay = 0.00>
ST_6 : Operation 2194 [1/1] (0.00ns)   --->   "%tmp_260 = bitselect i1 @_ssdm_op_BitSelect.i1.i10.i32, i10 %sigmoid_table_load_24, i32 2" [firmware/nnet_utils/nnet_activation.h:121]   --->   Operation 2194 'bitselect' 'tmp_260' <Predicate = true> <Delay = 0.00>
ST_6 : Operation 2195 [1/3] ( I:1.68ns O:1.68ns )   --->   "%sigmoid_table_load_25 = load i10 %sigmoid_table_addr_25" [firmware/nnet_utils/nnet_activation.h:121]   --->   Operation 2195 'load' 'sigmoid_table_load_25' <Predicate = true> <Delay = 1.68> <CoreInst = "ROM">   --->   Core 94 'ROM' <Latency = 2> <II = 1> <Delay = 1.68> <Storage> <Opcode : 'load'> <Ports = 0> <Width = 10> <Depth = 1024> <ROM>
ST_6 : Operation 2196 [1/1] (0.00ns)   --->   "%tmp_77 = partselect i7 @_ssdm_op_PartSelect.i7.i10.i32.i32, i10 %sigmoid_table_load_25, i32 3, i32 9" [firmware/nnet_utils/nnet_activation.h:121]   --->   Operation 2196 'partselect' 'tmp_77' <Predicate = true> <Delay = 0.00>
ST_6 : Operation 2197 [1/1] (0.00ns)   --->   "%tmp_266 = bitselect i1 @_ssdm_op_BitSelect.i1.i10.i32, i10 %sigmoid_table_load_25, i32 2" [firmware/nnet_utils/nnet_activation.h:121]   --->   Operation 2197 'bitselect' 'tmp_266' <Predicate = true> <Delay = 0.00>
ST_6 : Operation 2198 [1/3] ( I:1.68ns O:1.68ns )   --->   "%sigmoid_table_load_26 = load i10 %sigmoid_table_addr_26" [firmware/nnet_utils/nnet_activation.h:121]   --->   Operation 2198 'load' 'sigmoid_table_load_26' <Predicate = true> <Delay = 1.68> <CoreInst = "ROM">   --->   Core 94 'ROM' <Latency = 2> <II = 1> <Delay = 1.68> <Storage> <Opcode : 'load'> <Ports = 0> <Width = 10> <Depth = 1024> <ROM>
ST_6 : Operation 2199 [1/1] (0.00ns)   --->   "%tmp_80 = partselect i7 @_ssdm_op_PartSelect.i7.i10.i32.i32, i10 %sigmoid_table_load_26, i32 3, i32 9" [firmware/nnet_utils/nnet_activation.h:121]   --->   Operation 2199 'partselect' 'tmp_80' <Predicate = true> <Delay = 0.00>
ST_6 : Operation 2200 [1/1] (0.00ns)   --->   "%tmp_273 = bitselect i1 @_ssdm_op_BitSelect.i1.i10.i32, i10 %sigmoid_table_load_26, i32 2" [firmware/nnet_utils/nnet_activation.h:121]   --->   Operation 2200 'bitselect' 'tmp_273' <Predicate = true> <Delay = 0.00>
ST_6 : Operation 2201 [1/3] ( I:1.68ns O:1.68ns )   --->   "%sigmoid_table_load_27 = load i10 %sigmoid_table_addr_27" [firmware/nnet_utils/nnet_activation.h:121]   --->   Operation 2201 'load' 'sigmoid_table_load_27' <Predicate = true> <Delay = 1.68> <CoreInst = "ROM">   --->   Core 94 'ROM' <Latency = 2> <II = 1> <Delay = 1.68> <Storage> <Opcode : 'load'> <Ports = 0> <Width = 10> <Depth = 1024> <ROM>
ST_6 : Operation 2202 [1/1] (0.00ns)   --->   "%tmp_83 = partselect i7 @_ssdm_op_PartSelect.i7.i10.i32.i32, i10 %sigmoid_table_load_27, i32 3, i32 9" [firmware/nnet_utils/nnet_activation.h:121]   --->   Operation 2202 'partselect' 'tmp_83' <Predicate = true> <Delay = 0.00>
ST_6 : Operation 2203 [1/1] (0.00ns)   --->   "%tmp_280 = bitselect i1 @_ssdm_op_BitSelect.i1.i10.i32, i10 %sigmoid_table_load_27, i32 2" [firmware/nnet_utils/nnet_activation.h:121]   --->   Operation 2203 'bitselect' 'tmp_280' <Predicate = true> <Delay = 0.00>
ST_6 : Operation 2204 [1/3] ( I:1.68ns O:1.68ns )   --->   "%sigmoid_table_load_28 = load i10 %sigmoid_table_addr_28" [firmware/nnet_utils/nnet_activation.h:121]   --->   Operation 2204 'load' 'sigmoid_table_load_28' <Predicate = true> <Delay = 1.68> <CoreInst = "ROM">   --->   Core 94 'ROM' <Latency = 2> <II = 1> <Delay = 1.68> <Storage> <Opcode : 'load'> <Ports = 0> <Width = 10> <Depth = 1024> <ROM>
ST_6 : Operation 2205 [1/1] (0.00ns)   --->   "%tmp_86 = partselect i7 @_ssdm_op_PartSelect.i7.i10.i32.i32, i10 %sigmoid_table_load_28, i32 3, i32 9" [firmware/nnet_utils/nnet_activation.h:121]   --->   Operation 2205 'partselect' 'tmp_86' <Predicate = true> <Delay = 0.00>
ST_6 : Operation 2206 [1/1] (0.00ns)   --->   "%tmp_286 = bitselect i1 @_ssdm_op_BitSelect.i1.i10.i32, i10 %sigmoid_table_load_28, i32 2" [firmware/nnet_utils/nnet_activation.h:121]   --->   Operation 2206 'bitselect' 'tmp_286' <Predicate = true> <Delay = 0.00>
ST_6 : Operation 2207 [1/3] ( I:1.68ns O:1.68ns )   --->   "%sigmoid_table_load_29 = load i10 %sigmoid_table_addr_29" [firmware/nnet_utils/nnet_activation.h:121]   --->   Operation 2207 'load' 'sigmoid_table_load_29' <Predicate = true> <Delay = 1.68> <CoreInst = "ROM">   --->   Core 94 'ROM' <Latency = 2> <II = 1> <Delay = 1.68> <Storage> <Opcode : 'load'> <Ports = 0> <Width = 10> <Depth = 1024> <ROM>
ST_6 : Operation 2208 [1/1] (0.00ns)   --->   "%tmp_89 = partselect i7 @_ssdm_op_PartSelect.i7.i10.i32.i32, i10 %sigmoid_table_load_29, i32 3, i32 9" [firmware/nnet_utils/nnet_activation.h:121]   --->   Operation 2208 'partselect' 'tmp_89' <Predicate = true> <Delay = 0.00>
ST_6 : Operation 2209 [1/1] (0.00ns)   --->   "%tmp_293 = bitselect i1 @_ssdm_op_BitSelect.i1.i10.i32, i10 %sigmoid_table_load_29, i32 2" [firmware/nnet_utils/nnet_activation.h:121]   --->   Operation 2209 'bitselect' 'tmp_293' <Predicate = true> <Delay = 0.00>
ST_6 : Operation 2210 [1/3] ( I:1.68ns O:1.68ns )   --->   "%sigmoid_table_load_30 = load i10 %sigmoid_table_addr_30" [firmware/nnet_utils/nnet_activation.h:121]   --->   Operation 2210 'load' 'sigmoid_table_load_30' <Predicate = true> <Delay = 1.68> <CoreInst = "ROM">   --->   Core 94 'ROM' <Latency = 2> <II = 1> <Delay = 1.68> <Storage> <Opcode : 'load'> <Ports = 0> <Width = 10> <Depth = 1024> <ROM>
ST_6 : Operation 2211 [1/1] (0.00ns)   --->   "%tmp_92 = partselect i7 @_ssdm_op_PartSelect.i7.i10.i32.i32, i10 %sigmoid_table_load_30, i32 3, i32 9" [firmware/nnet_utils/nnet_activation.h:121]   --->   Operation 2211 'partselect' 'tmp_92' <Predicate = true> <Delay = 0.00>
ST_6 : Operation 2212 [1/1] (0.00ns)   --->   "%tmp_300 = bitselect i1 @_ssdm_op_BitSelect.i1.i10.i32, i10 %sigmoid_table_load_30, i32 2" [firmware/nnet_utils/nnet_activation.h:121]   --->   Operation 2212 'bitselect' 'tmp_300' <Predicate = true> <Delay = 0.00>
ST_6 : Operation 2213 [1/3] ( I:1.68ns O:1.68ns )   --->   "%sigmoid_table_load_31 = load i10 %sigmoid_table_addr_31" [firmware/nnet_utils/nnet_activation.h:121]   --->   Operation 2213 'load' 'sigmoid_table_load_31' <Predicate = true> <Delay = 1.68> <CoreInst = "ROM">   --->   Core 94 'ROM' <Latency = 2> <II = 1> <Delay = 1.68> <Storage> <Opcode : 'load'> <Ports = 0> <Width = 10> <Depth = 1024> <ROM>
ST_6 : Operation 2214 [1/1] (0.00ns)   --->   "%tmp_95 = partselect i7 @_ssdm_op_PartSelect.i7.i10.i32.i32, i10 %sigmoid_table_load_31, i32 3, i32 9" [firmware/nnet_utils/nnet_activation.h:121]   --->   Operation 2214 'partselect' 'tmp_95' <Predicate = true> <Delay = 0.00>
ST_6 : Operation 2215 [1/1] (0.00ns)   --->   "%tmp_306 = bitselect i1 @_ssdm_op_BitSelect.i1.i10.i32, i10 %sigmoid_table_load_31, i32 2" [firmware/nnet_utils/nnet_activation.h:121]   --->   Operation 2215 'bitselect' 'tmp_306' <Predicate = true> <Delay = 0.00>
ST_6 : Operation 2216 [1/3] ( I:1.68ns O:1.68ns )   --->   "%sigmoid_table_load_32 = load i10 %sigmoid_table_addr_32" [firmware/nnet_utils/nnet_activation.h:121]   --->   Operation 2216 'load' 'sigmoid_table_load_32' <Predicate = true> <Delay = 1.68> <CoreInst = "ROM">   --->   Core 94 'ROM' <Latency = 2> <II = 1> <Delay = 1.68> <Storage> <Opcode : 'load'> <Ports = 0> <Width = 10> <Depth = 1024> <ROM>
ST_6 : Operation 2217 [1/1] (0.00ns)   --->   "%tmp_102 = partselect i7 @_ssdm_op_PartSelect.i7.i10.i32.i32, i10 %sigmoid_table_load_32, i32 3, i32 9" [firmware/nnet_utils/nnet_activation.h:121]   --->   Operation 2217 'partselect' 'tmp_102' <Predicate = true> <Delay = 0.00>
ST_6 : Operation 2218 [1/1] (0.00ns)   --->   "%tmp_313 = bitselect i1 @_ssdm_op_BitSelect.i1.i10.i32, i10 %sigmoid_table_load_32, i32 2" [firmware/nnet_utils/nnet_activation.h:121]   --->   Operation 2218 'bitselect' 'tmp_313' <Predicate = true> <Delay = 0.00>
ST_6 : Operation 2219 [1/3] ( I:1.68ns O:1.68ns )   --->   "%sigmoid_table_load_33 = load i10 %sigmoid_table_addr_33" [firmware/nnet_utils/nnet_activation.h:121]   --->   Operation 2219 'load' 'sigmoid_table_load_33' <Predicate = true> <Delay = 1.68> <CoreInst = "ROM">   --->   Core 94 'ROM' <Latency = 2> <II = 1> <Delay = 1.68> <Storage> <Opcode : 'load'> <Ports = 0> <Width = 10> <Depth = 1024> <ROM>
ST_6 : Operation 2220 [1/1] (0.00ns)   --->   "%tmp_109 = partselect i7 @_ssdm_op_PartSelect.i7.i10.i32.i32, i10 %sigmoid_table_load_33, i32 3, i32 9" [firmware/nnet_utils/nnet_activation.h:121]   --->   Operation 2220 'partselect' 'tmp_109' <Predicate = true> <Delay = 0.00>
ST_6 : Operation 2221 [1/1] (0.00ns)   --->   "%tmp_320 = bitselect i1 @_ssdm_op_BitSelect.i1.i10.i32, i10 %sigmoid_table_load_33, i32 2" [firmware/nnet_utils/nnet_activation.h:121]   --->   Operation 2221 'bitselect' 'tmp_320' <Predicate = true> <Delay = 0.00>
ST_6 : Operation 2222 [1/3] ( I:1.68ns O:1.68ns )   --->   "%sigmoid_table_load_34 = load i10 %sigmoid_table_addr_34" [firmware/nnet_utils/nnet_activation.h:121]   --->   Operation 2222 'load' 'sigmoid_table_load_34' <Predicate = true> <Delay = 1.68> <CoreInst = "ROM">   --->   Core 94 'ROM' <Latency = 2> <II = 1> <Delay = 1.68> <Storage> <Opcode : 'load'> <Ports = 0> <Width = 10> <Depth = 1024> <ROM>
ST_6 : Operation 2223 [1/1] (0.00ns)   --->   "%tmp_117 = partselect i7 @_ssdm_op_PartSelect.i7.i10.i32.i32, i10 %sigmoid_table_load_34, i32 3, i32 9" [firmware/nnet_utils/nnet_activation.h:121]   --->   Operation 2223 'partselect' 'tmp_117' <Predicate = true> <Delay = 0.00>
ST_6 : Operation 2224 [1/1] (0.00ns)   --->   "%tmp_326 = bitselect i1 @_ssdm_op_BitSelect.i1.i10.i32, i10 %sigmoid_table_load_34, i32 2" [firmware/nnet_utils/nnet_activation.h:121]   --->   Operation 2224 'bitselect' 'tmp_326' <Predicate = true> <Delay = 0.00>
ST_6 : Operation 2225 [1/3] ( I:1.68ns O:1.68ns )   --->   "%sigmoid_table_load_35 = load i10 %sigmoid_table_addr_35" [firmware/nnet_utils/nnet_activation.h:121]   --->   Operation 2225 'load' 'sigmoid_table_load_35' <Predicate = true> <Delay = 1.68> <CoreInst = "ROM">   --->   Core 94 'ROM' <Latency = 2> <II = 1> <Delay = 1.68> <Storage> <Opcode : 'load'> <Ports = 0> <Width = 10> <Depth = 1024> <ROM>
ST_6 : Operation 2226 [1/1] (0.00ns)   --->   "%tmp_124 = partselect i7 @_ssdm_op_PartSelect.i7.i10.i32.i32, i10 %sigmoid_table_load_35, i32 3, i32 9" [firmware/nnet_utils/nnet_activation.h:121]   --->   Operation 2226 'partselect' 'tmp_124' <Predicate = true> <Delay = 0.00>
ST_6 : Operation 2227 [1/1] (0.00ns)   --->   "%tmp_333 = bitselect i1 @_ssdm_op_BitSelect.i1.i10.i32, i10 %sigmoid_table_load_35, i32 2" [firmware/nnet_utils/nnet_activation.h:121]   --->   Operation 2227 'bitselect' 'tmp_333' <Predicate = true> <Delay = 0.00>
ST_6 : Operation 2228 [1/3] ( I:1.68ns O:1.68ns )   --->   "%sigmoid_table_load_36 = load i10 %sigmoid_table_addr_36" [firmware/nnet_utils/nnet_activation.h:121]   --->   Operation 2228 'load' 'sigmoid_table_load_36' <Predicate = true> <Delay = 1.68> <CoreInst = "ROM">   --->   Core 94 'ROM' <Latency = 2> <II = 1> <Delay = 1.68> <Storage> <Opcode : 'load'> <Ports = 0> <Width = 10> <Depth = 1024> <ROM>
ST_6 : Operation 2229 [1/1] (0.00ns)   --->   "%tmp_132 = partselect i7 @_ssdm_op_PartSelect.i7.i10.i32.i32, i10 %sigmoid_table_load_36, i32 3, i32 9" [firmware/nnet_utils/nnet_activation.h:121]   --->   Operation 2229 'partselect' 'tmp_132' <Predicate = true> <Delay = 0.00>
ST_6 : Operation 2230 [1/1] (0.00ns)   --->   "%tmp_340 = bitselect i1 @_ssdm_op_BitSelect.i1.i10.i32, i10 %sigmoid_table_load_36, i32 2" [firmware/nnet_utils/nnet_activation.h:121]   --->   Operation 2230 'bitselect' 'tmp_340' <Predicate = true> <Delay = 0.00>
ST_6 : Operation 2231 [1/3] ( I:1.68ns O:1.68ns )   --->   "%sigmoid_table_load_37 = load i10 %sigmoid_table_addr_37" [firmware/nnet_utils/nnet_activation.h:121]   --->   Operation 2231 'load' 'sigmoid_table_load_37' <Predicate = true> <Delay = 1.68> <CoreInst = "ROM">   --->   Core 94 'ROM' <Latency = 2> <II = 1> <Delay = 1.68> <Storage> <Opcode : 'load'> <Ports = 0> <Width = 10> <Depth = 1024> <ROM>
ST_6 : Operation 2232 [1/1] (0.00ns)   --->   "%tmp_139 = partselect i7 @_ssdm_op_PartSelect.i7.i10.i32.i32, i10 %sigmoid_table_load_37, i32 3, i32 9" [firmware/nnet_utils/nnet_activation.h:121]   --->   Operation 2232 'partselect' 'tmp_139' <Predicate = true> <Delay = 0.00>
ST_6 : Operation 2233 [1/1] (0.00ns)   --->   "%tmp_346 = bitselect i1 @_ssdm_op_BitSelect.i1.i10.i32, i10 %sigmoid_table_load_37, i32 2" [firmware/nnet_utils/nnet_activation.h:121]   --->   Operation 2233 'bitselect' 'tmp_346' <Predicate = true> <Delay = 0.00>
ST_6 : Operation 2234 [1/3] ( I:1.68ns O:1.68ns )   --->   "%sigmoid_table_load_38 = load i10 %sigmoid_table_addr_38" [firmware/nnet_utils/nnet_activation.h:121]   --->   Operation 2234 'load' 'sigmoid_table_load_38' <Predicate = true> <Delay = 1.68> <CoreInst = "ROM">   --->   Core 94 'ROM' <Latency = 2> <II = 1> <Delay = 1.68> <Storage> <Opcode : 'load'> <Ports = 0> <Width = 10> <Depth = 1024> <ROM>
ST_6 : Operation 2235 [1/1] (0.00ns)   --->   "%tmp_147 = partselect i7 @_ssdm_op_PartSelect.i7.i10.i32.i32, i10 %sigmoid_table_load_38, i32 3, i32 9" [firmware/nnet_utils/nnet_activation.h:121]   --->   Operation 2235 'partselect' 'tmp_147' <Predicate = true> <Delay = 0.00>
ST_6 : Operation 2236 [1/1] (0.00ns)   --->   "%tmp_353 = bitselect i1 @_ssdm_op_BitSelect.i1.i10.i32, i10 %sigmoid_table_load_38, i32 2" [firmware/nnet_utils/nnet_activation.h:121]   --->   Operation 2236 'bitselect' 'tmp_353' <Predicate = true> <Delay = 0.00>
ST_6 : Operation 2237 [1/3] ( I:1.68ns O:1.68ns )   --->   "%sigmoid_table_load_39 = load i10 %sigmoid_table_addr_39" [firmware/nnet_utils/nnet_activation.h:121]   --->   Operation 2237 'load' 'sigmoid_table_load_39' <Predicate = true> <Delay = 1.68> <CoreInst = "ROM">   --->   Core 94 'ROM' <Latency = 2> <II = 1> <Delay = 1.68> <Storage> <Opcode : 'load'> <Ports = 0> <Width = 10> <Depth = 1024> <ROM>
ST_6 : Operation 2238 [1/1] (0.00ns)   --->   "%tmp_154 = partselect i7 @_ssdm_op_PartSelect.i7.i10.i32.i32, i10 %sigmoid_table_load_39, i32 3, i32 9" [firmware/nnet_utils/nnet_activation.h:121]   --->   Operation 2238 'partselect' 'tmp_154' <Predicate = true> <Delay = 0.00>
ST_6 : Operation 2239 [1/1] (0.00ns)   --->   "%tmp_360 = bitselect i1 @_ssdm_op_BitSelect.i1.i10.i32, i10 %sigmoid_table_load_39, i32 2" [firmware/nnet_utils/nnet_activation.h:121]   --->   Operation 2239 'bitselect' 'tmp_360' <Predicate = true> <Delay = 0.00>
ST_6 : Operation 2240 [1/3] ( I:1.68ns O:1.68ns )   --->   "%sigmoid_table_load_40 = load i10 %sigmoid_table_addr_40" [firmware/nnet_utils/nnet_activation.h:121]   --->   Operation 2240 'load' 'sigmoid_table_load_40' <Predicate = true> <Delay = 1.68> <CoreInst = "ROM">   --->   Core 94 'ROM' <Latency = 2> <II = 1> <Delay = 1.68> <Storage> <Opcode : 'load'> <Ports = 0> <Width = 10> <Depth = 1024> <ROM>
ST_6 : Operation 2241 [1/1] (0.00ns)   --->   "%tmp_162 = partselect i7 @_ssdm_op_PartSelect.i7.i10.i32.i32, i10 %sigmoid_table_load_40, i32 3, i32 9" [firmware/nnet_utils/nnet_activation.h:121]   --->   Operation 2241 'partselect' 'tmp_162' <Predicate = true> <Delay = 0.00>
ST_6 : Operation 2242 [1/1] (0.00ns)   --->   "%tmp_366 = bitselect i1 @_ssdm_op_BitSelect.i1.i10.i32, i10 %sigmoid_table_load_40, i32 2" [firmware/nnet_utils/nnet_activation.h:121]   --->   Operation 2242 'bitselect' 'tmp_366' <Predicate = true> <Delay = 0.00>
ST_6 : Operation 2243 [1/3] ( I:1.68ns O:1.68ns )   --->   "%sigmoid_table_load_41 = load i10 %sigmoid_table_addr_41" [firmware/nnet_utils/nnet_activation.h:121]   --->   Operation 2243 'load' 'sigmoid_table_load_41' <Predicate = true> <Delay = 1.68> <CoreInst = "ROM">   --->   Core 94 'ROM' <Latency = 2> <II = 1> <Delay = 1.68> <Storage> <Opcode : 'load'> <Ports = 0> <Width = 10> <Depth = 1024> <ROM>
ST_6 : Operation 2244 [1/1] (0.00ns)   --->   "%tmp_169 = partselect i7 @_ssdm_op_PartSelect.i7.i10.i32.i32, i10 %sigmoid_table_load_41, i32 3, i32 9" [firmware/nnet_utils/nnet_activation.h:121]   --->   Operation 2244 'partselect' 'tmp_169' <Predicate = true> <Delay = 0.00>
ST_6 : Operation 2245 [1/1] (0.00ns)   --->   "%tmp_373 = bitselect i1 @_ssdm_op_BitSelect.i1.i10.i32, i10 %sigmoid_table_load_41, i32 2" [firmware/nnet_utils/nnet_activation.h:121]   --->   Operation 2245 'bitselect' 'tmp_373' <Predicate = true> <Delay = 0.00>
ST_6 : Operation 2246 [1/3] ( I:1.68ns O:1.68ns )   --->   "%sigmoid_table_load_42 = load i10 %sigmoid_table_addr_42" [firmware/nnet_utils/nnet_activation.h:121]   --->   Operation 2246 'load' 'sigmoid_table_load_42' <Predicate = true> <Delay = 1.68> <CoreInst = "ROM">   --->   Core 94 'ROM' <Latency = 2> <II = 1> <Delay = 1.68> <Storage> <Opcode : 'load'> <Ports = 0> <Width = 10> <Depth = 1024> <ROM>
ST_6 : Operation 2247 [1/1] (0.00ns)   --->   "%tmp_177 = partselect i7 @_ssdm_op_PartSelect.i7.i10.i32.i32, i10 %sigmoid_table_load_42, i32 3, i32 9" [firmware/nnet_utils/nnet_activation.h:121]   --->   Operation 2247 'partselect' 'tmp_177' <Predicate = true> <Delay = 0.00>
ST_6 : Operation 2248 [1/1] (0.00ns)   --->   "%tmp_380 = bitselect i1 @_ssdm_op_BitSelect.i1.i10.i32, i10 %sigmoid_table_load_42, i32 2" [firmware/nnet_utils/nnet_activation.h:121]   --->   Operation 2248 'bitselect' 'tmp_380' <Predicate = true> <Delay = 0.00>
ST_6 : Operation 2249 [1/3] ( I:1.68ns O:1.68ns )   --->   "%sigmoid_table_load_43 = load i10 %sigmoid_table_addr_43" [firmware/nnet_utils/nnet_activation.h:121]   --->   Operation 2249 'load' 'sigmoid_table_load_43' <Predicate = true> <Delay = 1.68> <CoreInst = "ROM">   --->   Core 94 'ROM' <Latency = 2> <II = 1> <Delay = 1.68> <Storage> <Opcode : 'load'> <Ports = 0> <Width = 10> <Depth = 1024> <ROM>
ST_6 : Operation 2250 [1/1] (0.00ns)   --->   "%tmp_184 = partselect i7 @_ssdm_op_PartSelect.i7.i10.i32.i32, i10 %sigmoid_table_load_43, i32 3, i32 9" [firmware/nnet_utils/nnet_activation.h:121]   --->   Operation 2250 'partselect' 'tmp_184' <Predicate = true> <Delay = 0.00>
ST_6 : Operation 2251 [1/1] (0.00ns)   --->   "%tmp_386 = bitselect i1 @_ssdm_op_BitSelect.i1.i10.i32, i10 %sigmoid_table_load_43, i32 2" [firmware/nnet_utils/nnet_activation.h:121]   --->   Operation 2251 'bitselect' 'tmp_386' <Predicate = true> <Delay = 0.00>
ST_6 : Operation 2252 [1/3] ( I:1.68ns O:1.68ns )   --->   "%sigmoid_table_load_44 = load i10 %sigmoid_table_addr_44" [firmware/nnet_utils/nnet_activation.h:121]   --->   Operation 2252 'load' 'sigmoid_table_load_44' <Predicate = true> <Delay = 1.68> <CoreInst = "ROM">   --->   Core 94 'ROM' <Latency = 2> <II = 1> <Delay = 1.68> <Storage> <Opcode : 'load'> <Ports = 0> <Width = 10> <Depth = 1024> <ROM>
ST_6 : Operation 2253 [1/1] (0.00ns)   --->   "%tmp_192 = partselect i7 @_ssdm_op_PartSelect.i7.i10.i32.i32, i10 %sigmoid_table_load_44, i32 3, i32 9" [firmware/nnet_utils/nnet_activation.h:121]   --->   Operation 2253 'partselect' 'tmp_192' <Predicate = true> <Delay = 0.00>
ST_6 : Operation 2254 [1/1] (0.00ns)   --->   "%tmp_393 = bitselect i1 @_ssdm_op_BitSelect.i1.i10.i32, i10 %sigmoid_table_load_44, i32 2" [firmware/nnet_utils/nnet_activation.h:121]   --->   Operation 2254 'bitselect' 'tmp_393' <Predicate = true> <Delay = 0.00>
ST_6 : Operation 2255 [1/3] ( I:1.68ns O:1.68ns )   --->   "%sigmoid_table_load_45 = load i10 %sigmoid_table_addr_45" [firmware/nnet_utils/nnet_activation.h:121]   --->   Operation 2255 'load' 'sigmoid_table_load_45' <Predicate = true> <Delay = 1.68> <CoreInst = "ROM">   --->   Core 94 'ROM' <Latency = 2> <II = 1> <Delay = 1.68> <Storage> <Opcode : 'load'> <Ports = 0> <Width = 10> <Depth = 1024> <ROM>
ST_6 : Operation 2256 [1/1] (0.00ns)   --->   "%tmp_199 = partselect i7 @_ssdm_op_PartSelect.i7.i10.i32.i32, i10 %sigmoid_table_load_45, i32 3, i32 9" [firmware/nnet_utils/nnet_activation.h:121]   --->   Operation 2256 'partselect' 'tmp_199' <Predicate = true> <Delay = 0.00>
ST_6 : Operation 2257 [1/1] (0.00ns)   --->   "%tmp_400 = bitselect i1 @_ssdm_op_BitSelect.i1.i10.i32, i10 %sigmoid_table_load_45, i32 2" [firmware/nnet_utils/nnet_activation.h:121]   --->   Operation 2257 'bitselect' 'tmp_400' <Predicate = true> <Delay = 0.00>
ST_6 : Operation 2258 [1/3] ( I:1.68ns O:1.68ns )   --->   "%sigmoid_table_load_46 = load i10 %sigmoid_table_addr_46" [firmware/nnet_utils/nnet_activation.h:121]   --->   Operation 2258 'load' 'sigmoid_table_load_46' <Predicate = true> <Delay = 1.68> <CoreInst = "ROM">   --->   Core 94 'ROM' <Latency = 2> <II = 1> <Delay = 1.68> <Storage> <Opcode : 'load'> <Ports = 0> <Width = 10> <Depth = 1024> <ROM>
ST_6 : Operation 2259 [1/1] (0.00ns)   --->   "%tmp_207 = partselect i7 @_ssdm_op_PartSelect.i7.i10.i32.i32, i10 %sigmoid_table_load_46, i32 3, i32 9" [firmware/nnet_utils/nnet_activation.h:121]   --->   Operation 2259 'partselect' 'tmp_207' <Predicate = true> <Delay = 0.00>
ST_6 : Operation 2260 [1/1] (0.00ns)   --->   "%tmp_406 = bitselect i1 @_ssdm_op_BitSelect.i1.i10.i32, i10 %sigmoid_table_load_46, i32 2" [firmware/nnet_utils/nnet_activation.h:121]   --->   Operation 2260 'bitselect' 'tmp_406' <Predicate = true> <Delay = 0.00>
ST_6 : Operation 2261 [1/3] ( I:1.68ns O:1.68ns )   --->   "%sigmoid_table_load_47 = load i10 %sigmoid_table_addr_47" [firmware/nnet_utils/nnet_activation.h:121]   --->   Operation 2261 'load' 'sigmoid_table_load_47' <Predicate = true> <Delay = 1.68> <CoreInst = "ROM">   --->   Core 94 'ROM' <Latency = 2> <II = 1> <Delay = 1.68> <Storage> <Opcode : 'load'> <Ports = 0> <Width = 10> <Depth = 1024> <ROM>
ST_6 : Operation 2262 [1/1] (0.00ns)   --->   "%tmp_214 = partselect i7 @_ssdm_op_PartSelect.i7.i10.i32.i32, i10 %sigmoid_table_load_47, i32 3, i32 9" [firmware/nnet_utils/nnet_activation.h:121]   --->   Operation 2262 'partselect' 'tmp_214' <Predicate = true> <Delay = 0.00>
ST_6 : Operation 2263 [1/1] (0.00ns)   --->   "%tmp_413 = bitselect i1 @_ssdm_op_BitSelect.i1.i10.i32, i10 %sigmoid_table_load_47, i32 2" [firmware/nnet_utils/nnet_activation.h:121]   --->   Operation 2263 'bitselect' 'tmp_413' <Predicate = true> <Delay = 0.00>
ST_6 : Operation 2264 [1/3] ( I:1.68ns O:1.68ns )   --->   "%sigmoid_table_load_48 = load i10 %sigmoid_table_addr_48" [firmware/nnet_utils/nnet_activation.h:121]   --->   Operation 2264 'load' 'sigmoid_table_load_48' <Predicate = true> <Delay = 1.68> <CoreInst = "ROM">   --->   Core 94 'ROM' <Latency = 2> <II = 1> <Delay = 1.68> <Storage> <Opcode : 'load'> <Ports = 0> <Width = 10> <Depth = 1024> <ROM>
ST_6 : Operation 2265 [1/1] (0.00ns)   --->   "%tmp_222 = partselect i7 @_ssdm_op_PartSelect.i7.i10.i32.i32, i10 %sigmoid_table_load_48, i32 3, i32 9" [firmware/nnet_utils/nnet_activation.h:121]   --->   Operation 2265 'partselect' 'tmp_222' <Predicate = true> <Delay = 0.00>
ST_6 : Operation 2266 [1/1] (0.00ns)   --->   "%tmp_420 = bitselect i1 @_ssdm_op_BitSelect.i1.i10.i32, i10 %sigmoid_table_load_48, i32 2" [firmware/nnet_utils/nnet_activation.h:121]   --->   Operation 2266 'bitselect' 'tmp_420' <Predicate = true> <Delay = 0.00>
ST_6 : Operation 2267 [1/3] ( I:1.68ns O:1.68ns )   --->   "%sigmoid_table_load_49 = load i10 %sigmoid_table_addr_49" [firmware/nnet_utils/nnet_activation.h:121]   --->   Operation 2267 'load' 'sigmoid_table_load_49' <Predicate = true> <Delay = 1.68> <CoreInst = "ROM">   --->   Core 94 'ROM' <Latency = 2> <II = 1> <Delay = 1.68> <Storage> <Opcode : 'load'> <Ports = 0> <Width = 10> <Depth = 1024> <ROM>
ST_6 : Operation 2268 [1/1] (0.00ns)   --->   "%tmp_229 = partselect i7 @_ssdm_op_PartSelect.i7.i10.i32.i32, i10 %sigmoid_table_load_49, i32 3, i32 9" [firmware/nnet_utils/nnet_activation.h:121]   --->   Operation 2268 'partselect' 'tmp_229' <Predicate = true> <Delay = 0.00>
ST_6 : Operation 2269 [1/1] (0.00ns)   --->   "%tmp_426 = bitselect i1 @_ssdm_op_BitSelect.i1.i10.i32, i10 %sigmoid_table_load_49, i32 2" [firmware/nnet_utils/nnet_activation.h:121]   --->   Operation 2269 'bitselect' 'tmp_426' <Predicate = true> <Delay = 0.00>
ST_6 : Operation 2270 [1/3] ( I:1.68ns O:1.68ns )   --->   "%sigmoid_table_load_50 = load i10 %sigmoid_table_addr_50" [firmware/nnet_utils/nnet_activation.h:121]   --->   Operation 2270 'load' 'sigmoid_table_load_50' <Predicate = true> <Delay = 1.68> <CoreInst = "ROM">   --->   Core 94 'ROM' <Latency = 2> <II = 1> <Delay = 1.68> <Storage> <Opcode : 'load'> <Ports = 0> <Width = 10> <Depth = 1024> <ROM>
ST_6 : Operation 2271 [1/1] (0.00ns)   --->   "%tmp_237 = partselect i7 @_ssdm_op_PartSelect.i7.i10.i32.i32, i10 %sigmoid_table_load_50, i32 3, i32 9" [firmware/nnet_utils/nnet_activation.h:121]   --->   Operation 2271 'partselect' 'tmp_237' <Predicate = true> <Delay = 0.00>
ST_6 : Operation 2272 [1/1] (0.00ns)   --->   "%tmp_433 = bitselect i1 @_ssdm_op_BitSelect.i1.i10.i32, i10 %sigmoid_table_load_50, i32 2" [firmware/nnet_utils/nnet_activation.h:121]   --->   Operation 2272 'bitselect' 'tmp_433' <Predicate = true> <Delay = 0.00>
ST_6 : Operation 2273 [1/3] ( I:1.68ns O:1.68ns )   --->   "%sigmoid_table_load_51 = load i10 %sigmoid_table_addr_51" [firmware/nnet_utils/nnet_activation.h:121]   --->   Operation 2273 'load' 'sigmoid_table_load_51' <Predicate = true> <Delay = 1.68> <CoreInst = "ROM">   --->   Core 94 'ROM' <Latency = 2> <II = 1> <Delay = 1.68> <Storage> <Opcode : 'load'> <Ports = 0> <Width = 10> <Depth = 1024> <ROM>
ST_6 : Operation 2274 [1/1] (0.00ns)   --->   "%tmp_244 = partselect i7 @_ssdm_op_PartSelect.i7.i10.i32.i32, i10 %sigmoid_table_load_51, i32 3, i32 9" [firmware/nnet_utils/nnet_activation.h:121]   --->   Operation 2274 'partselect' 'tmp_244' <Predicate = true> <Delay = 0.00>
ST_6 : Operation 2275 [1/1] (0.00ns)   --->   "%tmp_440 = bitselect i1 @_ssdm_op_BitSelect.i1.i10.i32, i10 %sigmoid_table_load_51, i32 2" [firmware/nnet_utils/nnet_activation.h:121]   --->   Operation 2275 'bitselect' 'tmp_440' <Predicate = true> <Delay = 0.00>
ST_6 : Operation 2276 [1/3] ( I:1.68ns O:1.68ns )   --->   "%sigmoid_table_load_52 = load i10 %sigmoid_table_addr_52" [firmware/nnet_utils/nnet_activation.h:121]   --->   Operation 2276 'load' 'sigmoid_table_load_52' <Predicate = true> <Delay = 1.68> <CoreInst = "ROM">   --->   Core 94 'ROM' <Latency = 2> <II = 1> <Delay = 1.68> <Storage> <Opcode : 'load'> <Ports = 0> <Width = 10> <Depth = 1024> <ROM>
ST_6 : Operation 2277 [1/1] (0.00ns)   --->   "%tmp_252 = partselect i7 @_ssdm_op_PartSelect.i7.i10.i32.i32, i10 %sigmoid_table_load_52, i32 3, i32 9" [firmware/nnet_utils/nnet_activation.h:121]   --->   Operation 2277 'partselect' 'tmp_252' <Predicate = true> <Delay = 0.00>
ST_6 : Operation 2278 [1/1] (0.00ns)   --->   "%tmp_446 = bitselect i1 @_ssdm_op_BitSelect.i1.i10.i32, i10 %sigmoid_table_load_52, i32 2" [firmware/nnet_utils/nnet_activation.h:121]   --->   Operation 2278 'bitselect' 'tmp_446' <Predicate = true> <Delay = 0.00>
ST_6 : Operation 2279 [1/3] ( I:1.68ns O:1.68ns )   --->   "%sigmoid_table_load_53 = load i10 %sigmoid_table_addr_53" [firmware/nnet_utils/nnet_activation.h:121]   --->   Operation 2279 'load' 'sigmoid_table_load_53' <Predicate = true> <Delay = 1.68> <CoreInst = "ROM">   --->   Core 94 'ROM' <Latency = 2> <II = 1> <Delay = 1.68> <Storage> <Opcode : 'load'> <Ports = 0> <Width = 10> <Depth = 1024> <ROM>
ST_6 : Operation 2280 [1/1] (0.00ns)   --->   "%tmp_259 = partselect i7 @_ssdm_op_PartSelect.i7.i10.i32.i32, i10 %sigmoid_table_load_53, i32 3, i32 9" [firmware/nnet_utils/nnet_activation.h:121]   --->   Operation 2280 'partselect' 'tmp_259' <Predicate = true> <Delay = 0.00>
ST_6 : Operation 2281 [1/1] (0.00ns)   --->   "%tmp_453 = bitselect i1 @_ssdm_op_BitSelect.i1.i10.i32, i10 %sigmoid_table_load_53, i32 2" [firmware/nnet_utils/nnet_activation.h:121]   --->   Operation 2281 'bitselect' 'tmp_453' <Predicate = true> <Delay = 0.00>
ST_6 : Operation 2282 [1/3] ( I:1.68ns O:1.68ns )   --->   "%sigmoid_table_load_54 = load i10 %sigmoid_table_addr_54" [firmware/nnet_utils/nnet_activation.h:121]   --->   Operation 2282 'load' 'sigmoid_table_load_54' <Predicate = true> <Delay = 1.68> <CoreInst = "ROM">   --->   Core 94 'ROM' <Latency = 2> <II = 1> <Delay = 1.68> <Storage> <Opcode : 'load'> <Ports = 0> <Width = 10> <Depth = 1024> <ROM>
ST_6 : Operation 2283 [1/1] (0.00ns)   --->   "%tmp_267 = partselect i7 @_ssdm_op_PartSelect.i7.i10.i32.i32, i10 %sigmoid_table_load_54, i32 3, i32 9" [firmware/nnet_utils/nnet_activation.h:121]   --->   Operation 2283 'partselect' 'tmp_267' <Predicate = true> <Delay = 0.00>
ST_6 : Operation 2284 [1/1] (0.00ns)   --->   "%tmp_460 = bitselect i1 @_ssdm_op_BitSelect.i1.i10.i32, i10 %sigmoid_table_load_54, i32 2" [firmware/nnet_utils/nnet_activation.h:121]   --->   Operation 2284 'bitselect' 'tmp_460' <Predicate = true> <Delay = 0.00>
ST_6 : Operation 2285 [1/3] ( I:1.68ns O:1.68ns )   --->   "%sigmoid_table_load_55 = load i10 %sigmoid_table_addr_55" [firmware/nnet_utils/nnet_activation.h:121]   --->   Operation 2285 'load' 'sigmoid_table_load_55' <Predicate = true> <Delay = 1.68> <CoreInst = "ROM">   --->   Core 94 'ROM' <Latency = 2> <II = 1> <Delay = 1.68> <Storage> <Opcode : 'load'> <Ports = 0> <Width = 10> <Depth = 1024> <ROM>
ST_6 : Operation 2286 [1/1] (0.00ns)   --->   "%tmp_274 = partselect i7 @_ssdm_op_PartSelect.i7.i10.i32.i32, i10 %sigmoid_table_load_55, i32 3, i32 9" [firmware/nnet_utils/nnet_activation.h:121]   --->   Operation 2286 'partselect' 'tmp_274' <Predicate = true> <Delay = 0.00>
ST_6 : Operation 2287 [1/1] (0.00ns)   --->   "%tmp_466 = bitselect i1 @_ssdm_op_BitSelect.i1.i10.i32, i10 %sigmoid_table_load_55, i32 2" [firmware/nnet_utils/nnet_activation.h:121]   --->   Operation 2287 'bitselect' 'tmp_466' <Predicate = true> <Delay = 0.00>
ST_6 : Operation 2288 [1/3] ( I:1.68ns O:1.68ns )   --->   "%sigmoid_table_load_56 = load i10 %sigmoid_table_addr_56" [firmware/nnet_utils/nnet_activation.h:121]   --->   Operation 2288 'load' 'sigmoid_table_load_56' <Predicate = true> <Delay = 1.68> <CoreInst = "ROM">   --->   Core 94 'ROM' <Latency = 2> <II = 1> <Delay = 1.68> <Storage> <Opcode : 'load'> <Ports = 0> <Width = 10> <Depth = 1024> <ROM>
ST_6 : Operation 2289 [1/1] (0.00ns)   --->   "%tmp_282 = partselect i7 @_ssdm_op_PartSelect.i7.i10.i32.i32, i10 %sigmoid_table_load_56, i32 3, i32 9" [firmware/nnet_utils/nnet_activation.h:121]   --->   Operation 2289 'partselect' 'tmp_282' <Predicate = true> <Delay = 0.00>
ST_6 : Operation 2290 [1/1] (0.00ns)   --->   "%tmp_473 = bitselect i1 @_ssdm_op_BitSelect.i1.i10.i32, i10 %sigmoid_table_load_56, i32 2" [firmware/nnet_utils/nnet_activation.h:121]   --->   Operation 2290 'bitselect' 'tmp_473' <Predicate = true> <Delay = 0.00>
ST_6 : Operation 2291 [1/3] ( I:1.68ns O:1.68ns )   --->   "%sigmoid_table_load_57 = load i10 %sigmoid_table_addr_57" [firmware/nnet_utils/nnet_activation.h:121]   --->   Operation 2291 'load' 'sigmoid_table_load_57' <Predicate = true> <Delay = 1.68> <CoreInst = "ROM">   --->   Core 94 'ROM' <Latency = 2> <II = 1> <Delay = 1.68> <Storage> <Opcode : 'load'> <Ports = 0> <Width = 10> <Depth = 1024> <ROM>
ST_6 : Operation 2292 [1/1] (0.00ns)   --->   "%tmp_479 = partselect i7 @_ssdm_op_PartSelect.i7.i10.i32.i32, i10 %sigmoid_table_load_57, i32 3, i32 9" [firmware/nnet_utils/nnet_activation.h:121]   --->   Operation 2292 'partselect' 'tmp_479' <Predicate = true> <Delay = 0.00>
ST_6 : Operation 2293 [1/1] (0.00ns)   --->   "%tmp_480 = bitselect i1 @_ssdm_op_BitSelect.i1.i10.i32, i10 %sigmoid_table_load_57, i32 2" [firmware/nnet_utils/nnet_activation.h:121]   --->   Operation 2293 'bitselect' 'tmp_480' <Predicate = true> <Delay = 0.00>
ST_6 : Operation 2294 [1/3] ( I:1.68ns O:1.68ns )   --->   "%sigmoid_table_load_58 = load i10 %sigmoid_table_addr_58" [firmware/nnet_utils/nnet_activation.h:121]   --->   Operation 2294 'load' 'sigmoid_table_load_58' <Predicate = true> <Delay = 1.68> <CoreInst = "ROM">   --->   Core 94 'ROM' <Latency = 2> <II = 1> <Delay = 1.68> <Storage> <Opcode : 'load'> <Ports = 0> <Width = 10> <Depth = 1024> <ROM>
ST_6 : Operation 2295 [1/1] (0.00ns)   --->   "%tmp_484 = partselect i7 @_ssdm_op_PartSelect.i7.i10.i32.i32, i10 %sigmoid_table_load_58, i32 3, i32 9" [firmware/nnet_utils/nnet_activation.h:121]   --->   Operation 2295 'partselect' 'tmp_484' <Predicate = true> <Delay = 0.00>
ST_6 : Operation 2296 [1/1] (0.00ns)   --->   "%tmp_485 = bitselect i1 @_ssdm_op_BitSelect.i1.i10.i32, i10 %sigmoid_table_load_58, i32 2" [firmware/nnet_utils/nnet_activation.h:121]   --->   Operation 2296 'bitselect' 'tmp_485' <Predicate = true> <Delay = 0.00>
ST_6 : Operation 2297 [1/3] ( I:1.68ns O:1.68ns )   --->   "%sigmoid_table_load_59 = load i10 %sigmoid_table_addr_59" [firmware/nnet_utils/nnet_activation.h:121]   --->   Operation 2297 'load' 'sigmoid_table_load_59' <Predicate = true> <Delay = 1.68> <CoreInst = "ROM">   --->   Core 94 'ROM' <Latency = 2> <II = 1> <Delay = 1.68> <Storage> <Opcode : 'load'> <Ports = 0> <Width = 10> <Depth = 1024> <ROM>
ST_6 : Operation 2298 [1/1] (0.00ns)   --->   "%tmp_489 = partselect i7 @_ssdm_op_PartSelect.i7.i10.i32.i32, i10 %sigmoid_table_load_59, i32 3, i32 9" [firmware/nnet_utils/nnet_activation.h:121]   --->   Operation 2298 'partselect' 'tmp_489' <Predicate = true> <Delay = 0.00>
ST_6 : Operation 2299 [1/1] (0.00ns)   --->   "%tmp_490 = bitselect i1 @_ssdm_op_BitSelect.i1.i10.i32, i10 %sigmoid_table_load_59, i32 2" [firmware/nnet_utils/nnet_activation.h:121]   --->   Operation 2299 'bitselect' 'tmp_490' <Predicate = true> <Delay = 0.00>
ST_6 : Operation 2300 [1/3] ( I:1.68ns O:1.68ns )   --->   "%sigmoid_table_load_60 = load i10 %sigmoid_table_addr_60" [firmware/nnet_utils/nnet_activation.h:121]   --->   Operation 2300 'load' 'sigmoid_table_load_60' <Predicate = true> <Delay = 1.68> <CoreInst = "ROM">   --->   Core 94 'ROM' <Latency = 2> <II = 1> <Delay = 1.68> <Storage> <Opcode : 'load'> <Ports = 0> <Width = 10> <Depth = 1024> <ROM>
ST_6 : Operation 2301 [1/1] (0.00ns)   --->   "%tmp_494 = partselect i7 @_ssdm_op_PartSelect.i7.i10.i32.i32, i10 %sigmoid_table_load_60, i32 3, i32 9" [firmware/nnet_utils/nnet_activation.h:121]   --->   Operation 2301 'partselect' 'tmp_494' <Predicate = true> <Delay = 0.00>
ST_6 : Operation 2302 [1/1] (0.00ns)   --->   "%tmp_495 = bitselect i1 @_ssdm_op_BitSelect.i1.i10.i32, i10 %sigmoid_table_load_60, i32 2" [firmware/nnet_utils/nnet_activation.h:121]   --->   Operation 2302 'bitselect' 'tmp_495' <Predicate = true> <Delay = 0.00>
ST_6 : Operation 2303 [1/3] ( I:1.68ns O:1.68ns )   --->   "%sigmoid_table_load_61 = load i10 %sigmoid_table_addr_61" [firmware/nnet_utils/nnet_activation.h:121]   --->   Operation 2303 'load' 'sigmoid_table_load_61' <Predicate = true> <Delay = 1.68> <CoreInst = "ROM">   --->   Core 94 'ROM' <Latency = 2> <II = 1> <Delay = 1.68> <Storage> <Opcode : 'load'> <Ports = 0> <Width = 10> <Depth = 1024> <ROM>
ST_6 : Operation 2304 [1/1] (0.00ns)   --->   "%tmp_499 = partselect i7 @_ssdm_op_PartSelect.i7.i10.i32.i32, i10 %sigmoid_table_load_61, i32 3, i32 9" [firmware/nnet_utils/nnet_activation.h:121]   --->   Operation 2304 'partselect' 'tmp_499' <Predicate = true> <Delay = 0.00>
ST_6 : Operation 2305 [1/1] (0.00ns)   --->   "%tmp_500 = bitselect i1 @_ssdm_op_BitSelect.i1.i10.i32, i10 %sigmoid_table_load_61, i32 2" [firmware/nnet_utils/nnet_activation.h:121]   --->   Operation 2305 'bitselect' 'tmp_500' <Predicate = true> <Delay = 0.00>
ST_6 : Operation 2306 [1/3] ( I:1.68ns O:1.68ns )   --->   "%sigmoid_table_load_62 = load i10 %sigmoid_table_addr_62" [firmware/nnet_utils/nnet_activation.h:121]   --->   Operation 2306 'load' 'sigmoid_table_load_62' <Predicate = true> <Delay = 1.68> <CoreInst = "ROM">   --->   Core 94 'ROM' <Latency = 2> <II = 1> <Delay = 1.68> <Storage> <Opcode : 'load'> <Ports = 0> <Width = 10> <Depth = 1024> <ROM>
ST_6 : Operation 2307 [1/1] (0.00ns)   --->   "%tmp_504 = partselect i7 @_ssdm_op_PartSelect.i7.i10.i32.i32, i10 %sigmoid_table_load_62, i32 3, i32 9" [firmware/nnet_utils/nnet_activation.h:121]   --->   Operation 2307 'partselect' 'tmp_504' <Predicate = true> <Delay = 0.00>
ST_6 : Operation 2308 [1/1] (0.00ns)   --->   "%tmp_505 = bitselect i1 @_ssdm_op_BitSelect.i1.i10.i32, i10 %sigmoid_table_load_62, i32 2" [firmware/nnet_utils/nnet_activation.h:121]   --->   Operation 2308 'bitselect' 'tmp_505' <Predicate = true> <Delay = 0.00>
ST_6 : Operation 2309 [1/3] ( I:1.68ns O:1.68ns )   --->   "%sigmoid_table_load_63 = load i10 %sigmoid_table_addr_63" [firmware/nnet_utils/nnet_activation.h:121]   --->   Operation 2309 'load' 'sigmoid_table_load_63' <Predicate = true> <Delay = 1.68> <CoreInst = "ROM">   --->   Core 94 'ROM' <Latency = 2> <II = 1> <Delay = 1.68> <Storage> <Opcode : 'load'> <Ports = 0> <Width = 10> <Depth = 1024> <ROM>
ST_6 : Operation 2310 [1/1] (0.00ns)   --->   "%tmp_509 = partselect i7 @_ssdm_op_PartSelect.i7.i10.i32.i32, i10 %sigmoid_table_load_63, i32 3, i32 9" [firmware/nnet_utils/nnet_activation.h:121]   --->   Operation 2310 'partselect' 'tmp_509' <Predicate = true> <Delay = 0.00>
ST_6 : Operation 2311 [1/1] (0.00ns)   --->   "%tmp_510 = bitselect i1 @_ssdm_op_BitSelect.i1.i10.i32, i10 %sigmoid_table_load_63, i32 2" [firmware/nnet_utils/nnet_activation.h:121]   --->   Operation 2311 'bitselect' 'tmp_510' <Predicate = true> <Delay = 0.00>
ST_6 : Operation 2312 [1/3] ( I:1.68ns O:1.68ns )   --->   "%sigmoid_table_load_64 = load i10 %sigmoid_table_addr_64" [firmware/nnet_utils/nnet_activation.h:121]   --->   Operation 2312 'load' 'sigmoid_table_load_64' <Predicate = true> <Delay = 1.68> <CoreInst = "ROM">   --->   Core 94 'ROM' <Latency = 2> <II = 1> <Delay = 1.68> <Storage> <Opcode : 'load'> <Ports = 0> <Width = 10> <Depth = 1024> <ROM>
ST_6 : Operation 2313 [1/1] (0.00ns)   --->   "%tmp_514 = partselect i7 @_ssdm_op_PartSelect.i7.i10.i32.i32, i10 %sigmoid_table_load_64, i32 3, i32 9" [firmware/nnet_utils/nnet_activation.h:121]   --->   Operation 2313 'partselect' 'tmp_514' <Predicate = true> <Delay = 0.00>
ST_6 : Operation 2314 [1/1] (0.00ns)   --->   "%tmp_515 = bitselect i1 @_ssdm_op_BitSelect.i1.i10.i32, i10 %sigmoid_table_load_64, i32 2" [firmware/nnet_utils/nnet_activation.h:121]   --->   Operation 2314 'bitselect' 'tmp_515' <Predicate = true> <Delay = 0.00>
ST_6 : Operation 2315 [1/3] ( I:1.68ns O:1.68ns )   --->   "%sigmoid_table_load_65 = load i10 %sigmoid_table_addr_65" [firmware/nnet_utils/nnet_activation.h:121]   --->   Operation 2315 'load' 'sigmoid_table_load_65' <Predicate = true> <Delay = 1.68> <CoreInst = "ROM">   --->   Core 94 'ROM' <Latency = 2> <II = 1> <Delay = 1.68> <Storage> <Opcode : 'load'> <Ports = 0> <Width = 10> <Depth = 1024> <ROM>
ST_6 : Operation 2316 [1/1] (0.00ns)   --->   "%tmp_519 = partselect i7 @_ssdm_op_PartSelect.i7.i10.i32.i32, i10 %sigmoid_table_load_65, i32 3, i32 9" [firmware/nnet_utils/nnet_activation.h:121]   --->   Operation 2316 'partselect' 'tmp_519' <Predicate = true> <Delay = 0.00>
ST_6 : Operation 2317 [1/1] (0.00ns)   --->   "%tmp_520 = bitselect i1 @_ssdm_op_BitSelect.i1.i10.i32, i10 %sigmoid_table_load_65, i32 2" [firmware/nnet_utils/nnet_activation.h:121]   --->   Operation 2317 'bitselect' 'tmp_520' <Predicate = true> <Delay = 0.00>
ST_6 : Operation 2318 [1/3] ( I:1.68ns O:1.68ns )   --->   "%sigmoid_table_load_66 = load i10 %sigmoid_table_addr_66" [firmware/nnet_utils/nnet_activation.h:121]   --->   Operation 2318 'load' 'sigmoid_table_load_66' <Predicate = true> <Delay = 1.68> <CoreInst = "ROM">   --->   Core 94 'ROM' <Latency = 2> <II = 1> <Delay = 1.68> <Storage> <Opcode : 'load'> <Ports = 0> <Width = 10> <Depth = 1024> <ROM>
ST_6 : Operation 2319 [1/1] (0.00ns)   --->   "%tmp_524 = partselect i7 @_ssdm_op_PartSelect.i7.i10.i32.i32, i10 %sigmoid_table_load_66, i32 3, i32 9" [firmware/nnet_utils/nnet_activation.h:121]   --->   Operation 2319 'partselect' 'tmp_524' <Predicate = true> <Delay = 0.00>
ST_6 : Operation 2320 [1/1] (0.00ns)   --->   "%tmp_525 = bitselect i1 @_ssdm_op_BitSelect.i1.i10.i32, i10 %sigmoid_table_load_66, i32 2" [firmware/nnet_utils/nnet_activation.h:121]   --->   Operation 2320 'bitselect' 'tmp_525' <Predicate = true> <Delay = 0.00>
ST_6 : Operation 2321 [1/3] ( I:1.68ns O:1.68ns )   --->   "%sigmoid_table_load_67 = load i10 %sigmoid_table_addr_67" [firmware/nnet_utils/nnet_activation.h:121]   --->   Operation 2321 'load' 'sigmoid_table_load_67' <Predicate = true> <Delay = 1.68> <CoreInst = "ROM">   --->   Core 94 'ROM' <Latency = 2> <II = 1> <Delay = 1.68> <Storage> <Opcode : 'load'> <Ports = 0> <Width = 10> <Depth = 1024> <ROM>
ST_6 : Operation 2322 [1/1] (0.00ns)   --->   "%tmp_529 = partselect i7 @_ssdm_op_PartSelect.i7.i10.i32.i32, i10 %sigmoid_table_load_67, i32 3, i32 9" [firmware/nnet_utils/nnet_activation.h:121]   --->   Operation 2322 'partselect' 'tmp_529' <Predicate = true> <Delay = 0.00>
ST_6 : Operation 2323 [1/1] (0.00ns)   --->   "%tmp_530 = bitselect i1 @_ssdm_op_BitSelect.i1.i10.i32, i10 %sigmoid_table_load_67, i32 2" [firmware/nnet_utils/nnet_activation.h:121]   --->   Operation 2323 'bitselect' 'tmp_530' <Predicate = true> <Delay = 0.00>
ST_6 : Operation 2324 [1/3] ( I:1.68ns O:1.68ns )   --->   "%sigmoid_table_load_68 = load i10 %sigmoid_table_addr_68" [firmware/nnet_utils/nnet_activation.h:121]   --->   Operation 2324 'load' 'sigmoid_table_load_68' <Predicate = true> <Delay = 1.68> <CoreInst = "ROM">   --->   Core 94 'ROM' <Latency = 2> <II = 1> <Delay = 1.68> <Storage> <Opcode : 'load'> <Ports = 0> <Width = 10> <Depth = 1024> <ROM>
ST_6 : Operation 2325 [1/1] (0.00ns)   --->   "%tmp_534 = partselect i7 @_ssdm_op_PartSelect.i7.i10.i32.i32, i10 %sigmoid_table_load_68, i32 3, i32 9" [firmware/nnet_utils/nnet_activation.h:121]   --->   Operation 2325 'partselect' 'tmp_534' <Predicate = true> <Delay = 0.00>
ST_6 : Operation 2326 [1/1] (0.00ns)   --->   "%tmp_535 = bitselect i1 @_ssdm_op_BitSelect.i1.i10.i32, i10 %sigmoid_table_load_68, i32 2" [firmware/nnet_utils/nnet_activation.h:121]   --->   Operation 2326 'bitselect' 'tmp_535' <Predicate = true> <Delay = 0.00>
ST_6 : Operation 2327 [1/3] ( I:1.68ns O:1.68ns )   --->   "%sigmoid_table_load_69 = load i10 %sigmoid_table_addr_69" [firmware/nnet_utils/nnet_activation.h:121]   --->   Operation 2327 'load' 'sigmoid_table_load_69' <Predicate = true> <Delay = 1.68> <CoreInst = "ROM">   --->   Core 94 'ROM' <Latency = 2> <II = 1> <Delay = 1.68> <Storage> <Opcode : 'load'> <Ports = 0> <Width = 10> <Depth = 1024> <ROM>
ST_6 : Operation 2328 [1/1] (0.00ns)   --->   "%tmp_539 = partselect i7 @_ssdm_op_PartSelect.i7.i10.i32.i32, i10 %sigmoid_table_load_69, i32 3, i32 9" [firmware/nnet_utils/nnet_activation.h:121]   --->   Operation 2328 'partselect' 'tmp_539' <Predicate = true> <Delay = 0.00>
ST_6 : Operation 2329 [1/1] (0.00ns)   --->   "%tmp_540 = bitselect i1 @_ssdm_op_BitSelect.i1.i10.i32, i10 %sigmoid_table_load_69, i32 2" [firmware/nnet_utils/nnet_activation.h:121]   --->   Operation 2329 'bitselect' 'tmp_540' <Predicate = true> <Delay = 0.00>
ST_6 : Operation 2330 [1/3] ( I:1.68ns O:1.68ns )   --->   "%sigmoid_table_load_70 = load i10 %sigmoid_table_addr_70" [firmware/nnet_utils/nnet_activation.h:121]   --->   Operation 2330 'load' 'sigmoid_table_load_70' <Predicate = true> <Delay = 1.68> <CoreInst = "ROM">   --->   Core 94 'ROM' <Latency = 2> <II = 1> <Delay = 1.68> <Storage> <Opcode : 'load'> <Ports = 0> <Width = 10> <Depth = 1024> <ROM>
ST_6 : Operation 2331 [1/1] (0.00ns)   --->   "%tmp_544 = partselect i7 @_ssdm_op_PartSelect.i7.i10.i32.i32, i10 %sigmoid_table_load_70, i32 3, i32 9" [firmware/nnet_utils/nnet_activation.h:121]   --->   Operation 2331 'partselect' 'tmp_544' <Predicate = true> <Delay = 0.00>
ST_6 : Operation 2332 [1/1] (0.00ns)   --->   "%tmp_545 = bitselect i1 @_ssdm_op_BitSelect.i1.i10.i32, i10 %sigmoid_table_load_70, i32 2" [firmware/nnet_utils/nnet_activation.h:121]   --->   Operation 2332 'bitselect' 'tmp_545' <Predicate = true> <Delay = 0.00>
ST_6 : Operation 2333 [1/3] ( I:1.68ns O:1.68ns )   --->   "%sigmoid_table_load_71 = load i10 %sigmoid_table_addr_71" [firmware/nnet_utils/nnet_activation.h:121]   --->   Operation 2333 'load' 'sigmoid_table_load_71' <Predicate = true> <Delay = 1.68> <CoreInst = "ROM">   --->   Core 94 'ROM' <Latency = 2> <II = 1> <Delay = 1.68> <Storage> <Opcode : 'load'> <Ports = 0> <Width = 10> <Depth = 1024> <ROM>
ST_6 : Operation 2334 [1/1] (0.00ns)   --->   "%tmp_549 = partselect i7 @_ssdm_op_PartSelect.i7.i10.i32.i32, i10 %sigmoid_table_load_71, i32 3, i32 9" [firmware/nnet_utils/nnet_activation.h:121]   --->   Operation 2334 'partselect' 'tmp_549' <Predicate = true> <Delay = 0.00>
ST_6 : Operation 2335 [1/1] (0.00ns)   --->   "%tmp_550 = bitselect i1 @_ssdm_op_BitSelect.i1.i10.i32, i10 %sigmoid_table_load_71, i32 2" [firmware/nnet_utils/nnet_activation.h:121]   --->   Operation 2335 'bitselect' 'tmp_550' <Predicate = true> <Delay = 0.00>
ST_6 : Operation 2336 [1/3] ( I:1.68ns O:1.68ns )   --->   "%sigmoid_table_load_72 = load i10 %sigmoid_table_addr_72" [firmware/nnet_utils/nnet_activation.h:121]   --->   Operation 2336 'load' 'sigmoid_table_load_72' <Predicate = true> <Delay = 1.68> <CoreInst = "ROM">   --->   Core 94 'ROM' <Latency = 2> <II = 1> <Delay = 1.68> <Storage> <Opcode : 'load'> <Ports = 0> <Width = 10> <Depth = 1024> <ROM>
ST_6 : Operation 2337 [1/1] (0.00ns)   --->   "%tmp_551 = partselect i7 @_ssdm_op_PartSelect.i7.i10.i32.i32, i10 %sigmoid_table_load_72, i32 3, i32 9" [firmware/nnet_utils/nnet_activation.h:121]   --->   Operation 2337 'partselect' 'tmp_551' <Predicate = true> <Delay = 0.00>
ST_6 : Operation 2338 [1/1] (0.00ns)   --->   "%tmp_578 = bitselect i1 @_ssdm_op_BitSelect.i1.i10.i32, i10 %sigmoid_table_load_72, i32 2" [firmware/nnet_utils/nnet_activation.h:121]   --->   Operation 2338 'bitselect' 'tmp_578' <Predicate = true> <Delay = 0.00>
ST_6 : Operation 2339 [1/3] ( I:1.68ns O:1.68ns )   --->   "%sigmoid_table_load_73 = load i10 %sigmoid_table_addr_73" [firmware/nnet_utils/nnet_activation.h:121]   --->   Operation 2339 'load' 'sigmoid_table_load_73' <Predicate = true> <Delay = 1.68> <CoreInst = "ROM">   --->   Core 94 'ROM' <Latency = 2> <II = 1> <Delay = 1.68> <Storage> <Opcode : 'load'> <Ports = 0> <Width = 10> <Depth = 1024> <ROM>
ST_6 : Operation 2340 [1/1] (0.00ns)   --->   "%tmp_552 = partselect i7 @_ssdm_op_PartSelect.i7.i10.i32.i32, i10 %sigmoid_table_load_73, i32 3, i32 9" [firmware/nnet_utils/nnet_activation.h:121]   --->   Operation 2340 'partselect' 'tmp_552' <Predicate = true> <Delay = 0.00>
ST_6 : Operation 2341 [1/1] (0.00ns)   --->   "%tmp_582 = bitselect i1 @_ssdm_op_BitSelect.i1.i10.i32, i10 %sigmoid_table_load_73, i32 2" [firmware/nnet_utils/nnet_activation.h:121]   --->   Operation 2341 'bitselect' 'tmp_582' <Predicate = true> <Delay = 0.00>
ST_6 : Operation 2342 [1/3] ( I:1.68ns O:1.68ns )   --->   "%sigmoid_table_load_74 = load i10 %sigmoid_table_addr_74" [firmware/nnet_utils/nnet_activation.h:121]   --->   Operation 2342 'load' 'sigmoid_table_load_74' <Predicate = true> <Delay = 1.68> <CoreInst = "ROM">   --->   Core 94 'ROM' <Latency = 2> <II = 1> <Delay = 1.68> <Storage> <Opcode : 'load'> <Ports = 0> <Width = 10> <Depth = 1024> <ROM>
ST_6 : Operation 2343 [1/1] (0.00ns)   --->   "%tmp_553 = partselect i7 @_ssdm_op_PartSelect.i7.i10.i32.i32, i10 %sigmoid_table_load_74, i32 3, i32 9" [firmware/nnet_utils/nnet_activation.h:121]   --->   Operation 2343 'partselect' 'tmp_553' <Predicate = true> <Delay = 0.00>
ST_6 : Operation 2344 [1/1] (0.00ns)   --->   "%tmp_586 = bitselect i1 @_ssdm_op_BitSelect.i1.i10.i32, i10 %sigmoid_table_load_74, i32 2" [firmware/nnet_utils/nnet_activation.h:121]   --->   Operation 2344 'bitselect' 'tmp_586' <Predicate = true> <Delay = 0.00>
ST_6 : Operation 2345 [1/3] ( I:1.68ns O:1.68ns )   --->   "%sigmoid_table_load_75 = load i10 %sigmoid_table_addr_75" [firmware/nnet_utils/nnet_activation.h:121]   --->   Operation 2345 'load' 'sigmoid_table_load_75' <Predicate = true> <Delay = 1.68> <CoreInst = "ROM">   --->   Core 94 'ROM' <Latency = 2> <II = 1> <Delay = 1.68> <Storage> <Opcode : 'load'> <Ports = 0> <Width = 10> <Depth = 1024> <ROM>
ST_6 : Operation 2346 [1/1] (0.00ns)   --->   "%tmp_554 = partselect i7 @_ssdm_op_PartSelect.i7.i10.i32.i32, i10 %sigmoid_table_load_75, i32 3, i32 9" [firmware/nnet_utils/nnet_activation.h:121]   --->   Operation 2346 'partselect' 'tmp_554' <Predicate = true> <Delay = 0.00>
ST_6 : Operation 2347 [1/1] (0.00ns)   --->   "%tmp_590 = bitselect i1 @_ssdm_op_BitSelect.i1.i10.i32, i10 %sigmoid_table_load_75, i32 2" [firmware/nnet_utils/nnet_activation.h:121]   --->   Operation 2347 'bitselect' 'tmp_590' <Predicate = true> <Delay = 0.00>
ST_6 : Operation 2348 [1/3] ( I:1.68ns O:1.68ns )   --->   "%sigmoid_table_load_76 = load i10 %sigmoid_table_addr_76" [firmware/nnet_utils/nnet_activation.h:121]   --->   Operation 2348 'load' 'sigmoid_table_load_76' <Predicate = true> <Delay = 1.68> <CoreInst = "ROM">   --->   Core 94 'ROM' <Latency = 2> <II = 1> <Delay = 1.68> <Storage> <Opcode : 'load'> <Ports = 0> <Width = 10> <Depth = 1024> <ROM>
ST_6 : Operation 2349 [1/1] (0.00ns)   --->   "%tmp_555 = partselect i7 @_ssdm_op_PartSelect.i7.i10.i32.i32, i10 %sigmoid_table_load_76, i32 3, i32 9" [firmware/nnet_utils/nnet_activation.h:121]   --->   Operation 2349 'partselect' 'tmp_555' <Predicate = true> <Delay = 0.00>
ST_6 : Operation 2350 [1/1] (0.00ns)   --->   "%tmp_594 = bitselect i1 @_ssdm_op_BitSelect.i1.i10.i32, i10 %sigmoid_table_load_76, i32 2" [firmware/nnet_utils/nnet_activation.h:121]   --->   Operation 2350 'bitselect' 'tmp_594' <Predicate = true> <Delay = 0.00>
ST_6 : Operation 2351 [1/3] ( I:1.68ns O:1.68ns )   --->   "%sigmoid_table_load_77 = load i10 %sigmoid_table_addr_77" [firmware/nnet_utils/nnet_activation.h:121]   --->   Operation 2351 'load' 'sigmoid_table_load_77' <Predicate = true> <Delay = 1.68> <CoreInst = "ROM">   --->   Core 94 'ROM' <Latency = 2> <II = 1> <Delay = 1.68> <Storage> <Opcode : 'load'> <Ports = 0> <Width = 10> <Depth = 1024> <ROM>
ST_6 : Operation 2352 [1/1] (0.00ns)   --->   "%tmp_556 = partselect i7 @_ssdm_op_PartSelect.i7.i10.i32.i32, i10 %sigmoid_table_load_77, i32 3, i32 9" [firmware/nnet_utils/nnet_activation.h:121]   --->   Operation 2352 'partselect' 'tmp_556' <Predicate = true> <Delay = 0.00>
ST_6 : Operation 2353 [1/1] (0.00ns)   --->   "%tmp_598 = bitselect i1 @_ssdm_op_BitSelect.i1.i10.i32, i10 %sigmoid_table_load_77, i32 2" [firmware/nnet_utils/nnet_activation.h:121]   --->   Operation 2353 'bitselect' 'tmp_598' <Predicate = true> <Delay = 0.00>
ST_6 : Operation 2354 [1/3] ( I:1.68ns O:1.68ns )   --->   "%sigmoid_table_load_78 = load i10 %sigmoid_table_addr_78" [firmware/nnet_utils/nnet_activation.h:121]   --->   Operation 2354 'load' 'sigmoid_table_load_78' <Predicate = true> <Delay = 1.68> <CoreInst = "ROM">   --->   Core 94 'ROM' <Latency = 2> <II = 1> <Delay = 1.68> <Storage> <Opcode : 'load'> <Ports = 0> <Width = 10> <Depth = 1024> <ROM>
ST_6 : Operation 2355 [1/1] (0.00ns)   --->   "%tmp_557 = partselect i7 @_ssdm_op_PartSelect.i7.i10.i32.i32, i10 %sigmoid_table_load_78, i32 3, i32 9" [firmware/nnet_utils/nnet_activation.h:121]   --->   Operation 2355 'partselect' 'tmp_557' <Predicate = true> <Delay = 0.00>
ST_6 : Operation 2356 [1/1] (0.00ns)   --->   "%tmp_602 = bitselect i1 @_ssdm_op_BitSelect.i1.i10.i32, i10 %sigmoid_table_load_78, i32 2" [firmware/nnet_utils/nnet_activation.h:121]   --->   Operation 2356 'bitselect' 'tmp_602' <Predicate = true> <Delay = 0.00>
ST_6 : Operation 2357 [1/3] ( I:1.68ns O:1.68ns )   --->   "%sigmoid_table_load_79 = load i10 %sigmoid_table_addr_79" [firmware/nnet_utils/nnet_activation.h:121]   --->   Operation 2357 'load' 'sigmoid_table_load_79' <Predicate = true> <Delay = 1.68> <CoreInst = "ROM">   --->   Core 94 'ROM' <Latency = 2> <II = 1> <Delay = 1.68> <Storage> <Opcode : 'load'> <Ports = 0> <Width = 10> <Depth = 1024> <ROM>
ST_6 : Operation 2358 [1/1] (0.00ns)   --->   "%tmp_558 = partselect i7 @_ssdm_op_PartSelect.i7.i10.i32.i32, i10 %sigmoid_table_load_79, i32 3, i32 9" [firmware/nnet_utils/nnet_activation.h:121]   --->   Operation 2358 'partselect' 'tmp_558' <Predicate = true> <Delay = 0.00>
ST_6 : Operation 2359 [1/1] (0.00ns)   --->   "%tmp_606 = bitselect i1 @_ssdm_op_BitSelect.i1.i10.i32, i10 %sigmoid_table_load_79, i32 2" [firmware/nnet_utils/nnet_activation.h:121]   --->   Operation 2359 'bitselect' 'tmp_606' <Predicate = true> <Delay = 0.00>
ST_6 : Operation 2360 [1/3] ( I:1.68ns O:1.68ns )   --->   "%sigmoid_table_load_80 = load i10 %sigmoid_table_addr_80" [firmware/nnet_utils/nnet_activation.h:121]   --->   Operation 2360 'load' 'sigmoid_table_load_80' <Predicate = true> <Delay = 1.68> <CoreInst = "ROM">   --->   Core 94 'ROM' <Latency = 2> <II = 1> <Delay = 1.68> <Storage> <Opcode : 'load'> <Ports = 0> <Width = 10> <Depth = 1024> <ROM>
ST_6 : Operation 2361 [1/1] (0.00ns)   --->   "%tmp_559 = partselect i7 @_ssdm_op_PartSelect.i7.i10.i32.i32, i10 %sigmoid_table_load_80, i32 3, i32 9" [firmware/nnet_utils/nnet_activation.h:121]   --->   Operation 2361 'partselect' 'tmp_559' <Predicate = true> <Delay = 0.00>
ST_6 : Operation 2362 [1/1] (0.00ns)   --->   "%tmp_610 = bitselect i1 @_ssdm_op_BitSelect.i1.i10.i32, i10 %sigmoid_table_load_80, i32 2" [firmware/nnet_utils/nnet_activation.h:121]   --->   Operation 2362 'bitselect' 'tmp_610' <Predicate = true> <Delay = 0.00>
ST_6 : Operation 2363 [1/3] ( I:1.68ns O:1.68ns )   --->   "%sigmoid_table_load_81 = load i10 %sigmoid_table_addr_81" [firmware/nnet_utils/nnet_activation.h:121]   --->   Operation 2363 'load' 'sigmoid_table_load_81' <Predicate = true> <Delay = 1.68> <CoreInst = "ROM">   --->   Core 94 'ROM' <Latency = 2> <II = 1> <Delay = 1.68> <Storage> <Opcode : 'load'> <Ports = 0> <Width = 10> <Depth = 1024> <ROM>
ST_6 : Operation 2364 [1/1] (0.00ns)   --->   "%tmp_560 = partselect i7 @_ssdm_op_PartSelect.i7.i10.i32.i32, i10 %sigmoid_table_load_81, i32 3, i32 9" [firmware/nnet_utils/nnet_activation.h:121]   --->   Operation 2364 'partselect' 'tmp_560' <Predicate = true> <Delay = 0.00>
ST_6 : Operation 2365 [1/1] (0.00ns)   --->   "%tmp_614 = bitselect i1 @_ssdm_op_BitSelect.i1.i10.i32, i10 %sigmoid_table_load_81, i32 2" [firmware/nnet_utils/nnet_activation.h:121]   --->   Operation 2365 'bitselect' 'tmp_614' <Predicate = true> <Delay = 0.00>
ST_6 : Operation 2366 [1/3] ( I:1.68ns O:1.68ns )   --->   "%sigmoid_table_load_82 = load i10 %sigmoid_table_addr_82" [firmware/nnet_utils/nnet_activation.h:121]   --->   Operation 2366 'load' 'sigmoid_table_load_82' <Predicate = true> <Delay = 1.68> <CoreInst = "ROM">   --->   Core 94 'ROM' <Latency = 2> <II = 1> <Delay = 1.68> <Storage> <Opcode : 'load'> <Ports = 0> <Width = 10> <Depth = 1024> <ROM>
ST_6 : Operation 2367 [1/1] (0.00ns)   --->   "%tmp_561 = partselect i7 @_ssdm_op_PartSelect.i7.i10.i32.i32, i10 %sigmoid_table_load_82, i32 3, i32 9" [firmware/nnet_utils/nnet_activation.h:121]   --->   Operation 2367 'partselect' 'tmp_561' <Predicate = true> <Delay = 0.00>
ST_6 : Operation 2368 [1/1] (0.00ns)   --->   "%tmp_618 = bitselect i1 @_ssdm_op_BitSelect.i1.i10.i32, i10 %sigmoid_table_load_82, i32 2" [firmware/nnet_utils/nnet_activation.h:121]   --->   Operation 2368 'bitselect' 'tmp_618' <Predicate = true> <Delay = 0.00>
ST_6 : Operation 2369 [1/3] ( I:1.68ns O:1.68ns )   --->   "%sigmoid_table_load_83 = load i10 %sigmoid_table_addr_83" [firmware/nnet_utils/nnet_activation.h:121]   --->   Operation 2369 'load' 'sigmoid_table_load_83' <Predicate = true> <Delay = 1.68> <CoreInst = "ROM">   --->   Core 94 'ROM' <Latency = 2> <II = 1> <Delay = 1.68> <Storage> <Opcode : 'load'> <Ports = 0> <Width = 10> <Depth = 1024> <ROM>
ST_6 : Operation 2370 [1/1] (0.00ns)   --->   "%tmp_562 = partselect i7 @_ssdm_op_PartSelect.i7.i10.i32.i32, i10 %sigmoid_table_load_83, i32 3, i32 9" [firmware/nnet_utils/nnet_activation.h:121]   --->   Operation 2370 'partselect' 'tmp_562' <Predicate = true> <Delay = 0.00>
ST_6 : Operation 2371 [1/1] (0.00ns)   --->   "%tmp_622 = bitselect i1 @_ssdm_op_BitSelect.i1.i10.i32, i10 %sigmoid_table_load_83, i32 2" [firmware/nnet_utils/nnet_activation.h:121]   --->   Operation 2371 'bitselect' 'tmp_622' <Predicate = true> <Delay = 0.00>
ST_6 : Operation 2372 [1/3] ( I:1.68ns O:1.68ns )   --->   "%sigmoid_table_load_84 = load i10 %sigmoid_table_addr_84" [firmware/nnet_utils/nnet_activation.h:121]   --->   Operation 2372 'load' 'sigmoid_table_load_84' <Predicate = true> <Delay = 1.68> <CoreInst = "ROM">   --->   Core 94 'ROM' <Latency = 2> <II = 1> <Delay = 1.68> <Storage> <Opcode : 'load'> <Ports = 0> <Width = 10> <Depth = 1024> <ROM>
ST_6 : Operation 2373 [1/1] (0.00ns)   --->   "%tmp_563 = partselect i7 @_ssdm_op_PartSelect.i7.i10.i32.i32, i10 %sigmoid_table_load_84, i32 3, i32 9" [firmware/nnet_utils/nnet_activation.h:121]   --->   Operation 2373 'partselect' 'tmp_563' <Predicate = true> <Delay = 0.00>
ST_6 : Operation 2374 [1/1] (0.00ns)   --->   "%tmp_626 = bitselect i1 @_ssdm_op_BitSelect.i1.i10.i32, i10 %sigmoid_table_load_84, i32 2" [firmware/nnet_utils/nnet_activation.h:121]   --->   Operation 2374 'bitselect' 'tmp_626' <Predicate = true> <Delay = 0.00>
ST_6 : Operation 2375 [1/3] ( I:1.68ns O:1.68ns )   --->   "%sigmoid_table_load_85 = load i10 %sigmoid_table_addr_85" [firmware/nnet_utils/nnet_activation.h:121]   --->   Operation 2375 'load' 'sigmoid_table_load_85' <Predicate = true> <Delay = 1.68> <CoreInst = "ROM">   --->   Core 94 'ROM' <Latency = 2> <II = 1> <Delay = 1.68> <Storage> <Opcode : 'load'> <Ports = 0> <Width = 10> <Depth = 1024> <ROM>
ST_6 : Operation 2376 [1/1] (0.00ns)   --->   "%tmp_564 = partselect i7 @_ssdm_op_PartSelect.i7.i10.i32.i32, i10 %sigmoid_table_load_85, i32 3, i32 9" [firmware/nnet_utils/nnet_activation.h:121]   --->   Operation 2376 'partselect' 'tmp_564' <Predicate = true> <Delay = 0.00>
ST_6 : Operation 2377 [1/1] (0.00ns)   --->   "%tmp_630 = bitselect i1 @_ssdm_op_BitSelect.i1.i10.i32, i10 %sigmoid_table_load_85, i32 2" [firmware/nnet_utils/nnet_activation.h:121]   --->   Operation 2377 'bitselect' 'tmp_630' <Predicate = true> <Delay = 0.00>
ST_6 : Operation 2378 [1/3] ( I:1.68ns O:1.68ns )   --->   "%sigmoid_table_load_86 = load i10 %sigmoid_table_addr_86" [firmware/nnet_utils/nnet_activation.h:121]   --->   Operation 2378 'load' 'sigmoid_table_load_86' <Predicate = true> <Delay = 1.68> <CoreInst = "ROM">   --->   Core 94 'ROM' <Latency = 2> <II = 1> <Delay = 1.68> <Storage> <Opcode : 'load'> <Ports = 0> <Width = 10> <Depth = 1024> <ROM>
ST_6 : Operation 2379 [1/1] (0.00ns)   --->   "%tmp_565 = partselect i7 @_ssdm_op_PartSelect.i7.i10.i32.i32, i10 %sigmoid_table_load_86, i32 3, i32 9" [firmware/nnet_utils/nnet_activation.h:121]   --->   Operation 2379 'partselect' 'tmp_565' <Predicate = true> <Delay = 0.00>
ST_6 : Operation 2380 [1/1] (0.00ns)   --->   "%tmp_634 = bitselect i1 @_ssdm_op_BitSelect.i1.i10.i32, i10 %sigmoid_table_load_86, i32 2" [firmware/nnet_utils/nnet_activation.h:121]   --->   Operation 2380 'bitselect' 'tmp_634' <Predicate = true> <Delay = 0.00>
ST_6 : Operation 2381 [1/3] ( I:1.68ns O:1.68ns )   --->   "%sigmoid_table_load_87 = load i10 %sigmoid_table_addr_87" [firmware/nnet_utils/nnet_activation.h:121]   --->   Operation 2381 'load' 'sigmoid_table_load_87' <Predicate = true> <Delay = 1.68> <CoreInst = "ROM">   --->   Core 94 'ROM' <Latency = 2> <II = 1> <Delay = 1.68> <Storage> <Opcode : 'load'> <Ports = 0> <Width = 10> <Depth = 1024> <ROM>
ST_6 : Operation 2382 [1/1] (0.00ns)   --->   "%tmp_566 = partselect i7 @_ssdm_op_PartSelect.i7.i10.i32.i32, i10 %sigmoid_table_load_87, i32 3, i32 9" [firmware/nnet_utils/nnet_activation.h:121]   --->   Operation 2382 'partselect' 'tmp_566' <Predicate = true> <Delay = 0.00>
ST_6 : Operation 2383 [1/1] (0.00ns)   --->   "%tmp_638 = bitselect i1 @_ssdm_op_BitSelect.i1.i10.i32, i10 %sigmoid_table_load_87, i32 2" [firmware/nnet_utils/nnet_activation.h:121]   --->   Operation 2383 'bitselect' 'tmp_638' <Predicate = true> <Delay = 0.00>
ST_6 : Operation 2384 [1/3] ( I:1.68ns O:1.68ns )   --->   "%sigmoid_table_load_88 = load i10 %sigmoid_table_addr_88" [firmware/nnet_utils/nnet_activation.h:121]   --->   Operation 2384 'load' 'sigmoid_table_load_88' <Predicate = true> <Delay = 1.68> <CoreInst = "ROM">   --->   Core 94 'ROM' <Latency = 2> <II = 1> <Delay = 1.68> <Storage> <Opcode : 'load'> <Ports = 0> <Width = 10> <Depth = 1024> <ROM>
ST_6 : Operation 2385 [1/1] (0.00ns)   --->   "%tmp_567 = partselect i7 @_ssdm_op_PartSelect.i7.i10.i32.i32, i10 %sigmoid_table_load_88, i32 3, i32 9" [firmware/nnet_utils/nnet_activation.h:121]   --->   Operation 2385 'partselect' 'tmp_567' <Predicate = true> <Delay = 0.00>
ST_6 : Operation 2386 [1/1] (0.00ns)   --->   "%tmp_642 = bitselect i1 @_ssdm_op_BitSelect.i1.i10.i32, i10 %sigmoid_table_load_88, i32 2" [firmware/nnet_utils/nnet_activation.h:121]   --->   Operation 2386 'bitselect' 'tmp_642' <Predicate = true> <Delay = 0.00>
ST_6 : Operation 2387 [1/3] ( I:1.68ns O:1.68ns )   --->   "%sigmoid_table_load_89 = load i10 %sigmoid_table_addr_89" [firmware/nnet_utils/nnet_activation.h:121]   --->   Operation 2387 'load' 'sigmoid_table_load_89' <Predicate = true> <Delay = 1.68> <CoreInst = "ROM">   --->   Core 94 'ROM' <Latency = 2> <II = 1> <Delay = 1.68> <Storage> <Opcode : 'load'> <Ports = 0> <Width = 10> <Depth = 1024> <ROM>
ST_6 : Operation 2388 [1/1] (0.00ns)   --->   "%tmp_568 = partselect i7 @_ssdm_op_PartSelect.i7.i10.i32.i32, i10 %sigmoid_table_load_89, i32 3, i32 9" [firmware/nnet_utils/nnet_activation.h:121]   --->   Operation 2388 'partselect' 'tmp_568' <Predicate = true> <Delay = 0.00>
ST_6 : Operation 2389 [1/1] (0.00ns)   --->   "%tmp_646 = bitselect i1 @_ssdm_op_BitSelect.i1.i10.i32, i10 %sigmoid_table_load_89, i32 2" [firmware/nnet_utils/nnet_activation.h:121]   --->   Operation 2389 'bitselect' 'tmp_646' <Predicate = true> <Delay = 0.00>
ST_6 : Operation 2390 [1/3] ( I:1.68ns O:1.68ns )   --->   "%sigmoid_table_load_90 = load i10 %sigmoid_table_addr_90" [firmware/nnet_utils/nnet_activation.h:121]   --->   Operation 2390 'load' 'sigmoid_table_load_90' <Predicate = true> <Delay = 1.68> <CoreInst = "ROM">   --->   Core 94 'ROM' <Latency = 2> <II = 1> <Delay = 1.68> <Storage> <Opcode : 'load'> <Ports = 0> <Width = 10> <Depth = 1024> <ROM>
ST_6 : Operation 2391 [1/1] (0.00ns)   --->   "%tmp_569 = partselect i7 @_ssdm_op_PartSelect.i7.i10.i32.i32, i10 %sigmoid_table_load_90, i32 3, i32 9" [firmware/nnet_utils/nnet_activation.h:121]   --->   Operation 2391 'partselect' 'tmp_569' <Predicate = true> <Delay = 0.00>
ST_6 : Operation 2392 [1/1] (0.00ns)   --->   "%tmp_650 = bitselect i1 @_ssdm_op_BitSelect.i1.i10.i32, i10 %sigmoid_table_load_90, i32 2" [firmware/nnet_utils/nnet_activation.h:121]   --->   Operation 2392 'bitselect' 'tmp_650' <Predicate = true> <Delay = 0.00>
ST_6 : Operation 2393 [1/3] ( I:1.68ns O:1.68ns )   --->   "%sigmoid_table_load_91 = load i10 %sigmoid_table_addr_91" [firmware/nnet_utils/nnet_activation.h:121]   --->   Operation 2393 'load' 'sigmoid_table_load_91' <Predicate = true> <Delay = 1.68> <CoreInst = "ROM">   --->   Core 94 'ROM' <Latency = 2> <II = 1> <Delay = 1.68> <Storage> <Opcode : 'load'> <Ports = 0> <Width = 10> <Depth = 1024> <ROM>
ST_6 : Operation 2394 [1/1] (0.00ns)   --->   "%tmp_570 = partselect i7 @_ssdm_op_PartSelect.i7.i10.i32.i32, i10 %sigmoid_table_load_91, i32 3, i32 9" [firmware/nnet_utils/nnet_activation.h:121]   --->   Operation 2394 'partselect' 'tmp_570' <Predicate = true> <Delay = 0.00>
ST_6 : Operation 2395 [1/1] (0.00ns)   --->   "%tmp_654 = bitselect i1 @_ssdm_op_BitSelect.i1.i10.i32, i10 %sigmoid_table_load_91, i32 2" [firmware/nnet_utils/nnet_activation.h:121]   --->   Operation 2395 'bitselect' 'tmp_654' <Predicate = true> <Delay = 0.00>
ST_6 : Operation 2396 [1/3] ( I:1.68ns O:1.68ns )   --->   "%sigmoid_table_load_92 = load i10 %sigmoid_table_addr_92" [firmware/nnet_utils/nnet_activation.h:121]   --->   Operation 2396 'load' 'sigmoid_table_load_92' <Predicate = true> <Delay = 1.68> <CoreInst = "ROM">   --->   Core 94 'ROM' <Latency = 2> <II = 1> <Delay = 1.68> <Storage> <Opcode : 'load'> <Ports = 0> <Width = 10> <Depth = 1024> <ROM>
ST_6 : Operation 2397 [1/1] (0.00ns)   --->   "%tmp_571 = partselect i7 @_ssdm_op_PartSelect.i7.i10.i32.i32, i10 %sigmoid_table_load_92, i32 3, i32 9" [firmware/nnet_utils/nnet_activation.h:121]   --->   Operation 2397 'partselect' 'tmp_571' <Predicate = true> <Delay = 0.00>
ST_6 : Operation 2398 [1/1] (0.00ns)   --->   "%tmp_658 = bitselect i1 @_ssdm_op_BitSelect.i1.i10.i32, i10 %sigmoid_table_load_92, i32 2" [firmware/nnet_utils/nnet_activation.h:121]   --->   Operation 2398 'bitselect' 'tmp_658' <Predicate = true> <Delay = 0.00>
ST_6 : Operation 2399 [1/3] ( I:1.68ns O:1.68ns )   --->   "%sigmoid_table_load_93 = load i10 %sigmoid_table_addr_93" [firmware/nnet_utils/nnet_activation.h:121]   --->   Operation 2399 'load' 'sigmoid_table_load_93' <Predicate = true> <Delay = 1.68> <CoreInst = "ROM">   --->   Core 94 'ROM' <Latency = 2> <II = 1> <Delay = 1.68> <Storage> <Opcode : 'load'> <Ports = 0> <Width = 10> <Depth = 1024> <ROM>
ST_6 : Operation 2400 [1/1] (0.00ns)   --->   "%tmp_572 = partselect i7 @_ssdm_op_PartSelect.i7.i10.i32.i32, i10 %sigmoid_table_load_93, i32 3, i32 9" [firmware/nnet_utils/nnet_activation.h:121]   --->   Operation 2400 'partselect' 'tmp_572' <Predicate = true> <Delay = 0.00>
ST_6 : Operation 2401 [1/1] (0.00ns)   --->   "%tmp_662 = bitselect i1 @_ssdm_op_BitSelect.i1.i10.i32, i10 %sigmoid_table_load_93, i32 2" [firmware/nnet_utils/nnet_activation.h:121]   --->   Operation 2401 'bitselect' 'tmp_662' <Predicate = true> <Delay = 0.00>
ST_6 : Operation 2402 [1/3] ( I:1.68ns O:1.68ns )   --->   "%sigmoid_table_load_94 = load i10 %sigmoid_table_addr_94" [firmware/nnet_utils/nnet_activation.h:121]   --->   Operation 2402 'load' 'sigmoid_table_load_94' <Predicate = true> <Delay = 1.68> <CoreInst = "ROM">   --->   Core 94 'ROM' <Latency = 2> <II = 1> <Delay = 1.68> <Storage> <Opcode : 'load'> <Ports = 0> <Width = 10> <Depth = 1024> <ROM>
ST_6 : Operation 2403 [1/1] (0.00ns)   --->   "%tmp_573 = partselect i7 @_ssdm_op_PartSelect.i7.i10.i32.i32, i10 %sigmoid_table_load_94, i32 3, i32 9" [firmware/nnet_utils/nnet_activation.h:121]   --->   Operation 2403 'partselect' 'tmp_573' <Predicate = true> <Delay = 0.00>
ST_6 : Operation 2404 [1/1] (0.00ns)   --->   "%tmp_666 = bitselect i1 @_ssdm_op_BitSelect.i1.i10.i32, i10 %sigmoid_table_load_94, i32 2" [firmware/nnet_utils/nnet_activation.h:121]   --->   Operation 2404 'bitselect' 'tmp_666' <Predicate = true> <Delay = 0.00>
ST_6 : Operation 2405 [1/3] ( I:1.68ns O:1.68ns )   --->   "%sigmoid_table_load_95 = load i10 %sigmoid_table_addr_95" [firmware/nnet_utils/nnet_activation.h:121]   --->   Operation 2405 'load' 'sigmoid_table_load_95' <Predicate = true> <Delay = 1.68> <CoreInst = "ROM">   --->   Core 94 'ROM' <Latency = 2> <II = 1> <Delay = 1.68> <Storage> <Opcode : 'load'> <Ports = 0> <Width = 10> <Depth = 1024> <ROM>
ST_6 : Operation 2406 [1/1] (0.00ns)   --->   "%tmp_574 = partselect i7 @_ssdm_op_PartSelect.i7.i10.i32.i32, i10 %sigmoid_table_load_95, i32 3, i32 9" [firmware/nnet_utils/nnet_activation.h:121]   --->   Operation 2406 'partselect' 'tmp_574' <Predicate = true> <Delay = 0.00>
ST_6 : Operation 2407 [1/1] (0.00ns)   --->   "%tmp_670 = bitselect i1 @_ssdm_op_BitSelect.i1.i10.i32, i10 %sigmoid_table_load_95, i32 2" [firmware/nnet_utils/nnet_activation.h:121]   --->   Operation 2407 'bitselect' 'tmp_670' <Predicate = true> <Delay = 0.00>

State 7 <SV = 6> <Delay = 2.03>
ST_7 : Operation 2408 [1/1] (0.00ns)   --->   "%specpipeline_ln109 = specpipeline void @_ssdm_op_SpecPipeline, i32 4294967295, i32 0, i32 0, i32 0, i32 4294967295, void @empty_2" [firmware/nnet_utils/nnet_activation.h:109]   --->   Operation 2408 'specpipeline' 'specpipeline_ln109' <Predicate = true> <Delay = 0.00>
ST_7 : Operation 2409 [1/1] (0.00ns)   --->   "%zext_ln121_192 = zext i7 %tmp_3" [firmware/nnet_utils/nnet_activation.h:121]   --->   Operation 2409 'zext' 'zext_ln121_192' <Predicate = true> <Delay = 0.00>
ST_7 : Operation 2410 [1/1] (0.00ns)   --->   "%zext_ln121_1 = zext i1 %tmp_100" [firmware/nnet_utils/nnet_activation.h:121]   --->   Operation 2410 'zext' 'zext_ln121_1' <Predicate = true> <Delay = 0.00>
ST_7 : Operation 2411 [1/1] (2.03ns)   --->   "%add_ln121 = add i8 %zext_ln121_192, i8 %zext_ln121_1" [firmware/nnet_utils/nnet_activation.h:121]   --->   Operation 2411 'add' 'add_ln121' <Predicate = true> <Delay = 2.03> <CoreInst = "Adder">   --->   Core 1 'Adder' <Latency = 0> <II = 1> <Delay = 2.03> <FuncUnit> <Opcode : 'add' 'sub'> <InPorts = 2> <OutPorts = 1>
ST_7 : Operation 2412 [1/1] (0.00ns)   --->   "%zext_ln115 = zext i8 %add_ln121" [firmware/nnet_utils/nnet_activation.h:115]   --->   Operation 2412 'zext' 'zext_ln115' <Predicate = true> <Delay = 0.00>
ST_7 : Operation 2413 [1/1] (0.00ns)   --->   "%zext_ln121_193 = zext i7 %tmp_7" [firmware/nnet_utils/nnet_activation.h:121]   --->   Operation 2413 'zext' 'zext_ln121_193' <Predicate = true> <Delay = 0.00>
ST_7 : Operation 2414 [1/1] (0.00ns)   --->   "%zext_ln121_3 = zext i1 %tmp_106" [firmware/nnet_utils/nnet_activation.h:121]   --->   Operation 2414 'zext' 'zext_ln121_3' <Predicate = true> <Delay = 0.00>
ST_7 : Operation 2415 [1/1] (2.03ns)   --->   "%add_ln121_1 = add i8 %zext_ln121_193, i8 %zext_ln121_3" [firmware/nnet_utils/nnet_activation.h:121]   --->   Operation 2415 'add' 'add_ln121_1' <Predicate = true> <Delay = 2.03> <CoreInst = "Adder">   --->   Core 1 'Adder' <Latency = 0> <II = 1> <Delay = 2.03> <FuncUnit> <Opcode : 'add' 'sub'> <InPorts = 2> <OutPorts = 1>
ST_7 : Operation 2416 [1/1] (0.00ns)   --->   "%zext_ln115_1 = zext i8 %add_ln121_1" [firmware/nnet_utils/nnet_activation.h:115]   --->   Operation 2416 'zext' 'zext_ln115_1' <Predicate = true> <Delay = 0.00>
ST_7 : Operation 2417 [1/1] (0.00ns)   --->   "%zext_ln121_194 = zext i7 %tmp_11" [firmware/nnet_utils/nnet_activation.h:121]   --->   Operation 2417 'zext' 'zext_ln121_194' <Predicate = true> <Delay = 0.00>
ST_7 : Operation 2418 [1/1] (0.00ns)   --->   "%zext_ln121_5 = zext i1 %tmp_113" [firmware/nnet_utils/nnet_activation.h:121]   --->   Operation 2418 'zext' 'zext_ln121_5' <Predicate = true> <Delay = 0.00>
ST_7 : Operation 2419 [1/1] (2.03ns)   --->   "%add_ln121_2 = add i8 %zext_ln121_194, i8 %zext_ln121_5" [firmware/nnet_utils/nnet_activation.h:121]   --->   Operation 2419 'add' 'add_ln121_2' <Predicate = true> <Delay = 2.03> <CoreInst = "Adder">   --->   Core 1 'Adder' <Latency = 0> <II = 1> <Delay = 2.03> <FuncUnit> <Opcode : 'add' 'sub'> <InPorts = 2> <OutPorts = 1>
ST_7 : Operation 2420 [1/1] (0.00ns)   --->   "%zext_ln115_2 = zext i8 %add_ln121_2" [firmware/nnet_utils/nnet_activation.h:115]   --->   Operation 2420 'zext' 'zext_ln115_2' <Predicate = true> <Delay = 0.00>
ST_7 : Operation 2421 [1/1] (0.00ns)   --->   "%zext_ln121_195 = zext i7 %tmp_15" [firmware/nnet_utils/nnet_activation.h:121]   --->   Operation 2421 'zext' 'zext_ln121_195' <Predicate = true> <Delay = 0.00>
ST_7 : Operation 2422 [1/1] (0.00ns)   --->   "%zext_ln121_7 = zext i1 %tmp_120" [firmware/nnet_utils/nnet_activation.h:121]   --->   Operation 2422 'zext' 'zext_ln121_7' <Predicate = true> <Delay = 0.00>
ST_7 : Operation 2423 [1/1] (2.03ns)   --->   "%add_ln121_3 = add i8 %zext_ln121_195, i8 %zext_ln121_7" [firmware/nnet_utils/nnet_activation.h:121]   --->   Operation 2423 'add' 'add_ln121_3' <Predicate = true> <Delay = 2.03> <CoreInst = "Adder">   --->   Core 1 'Adder' <Latency = 0> <II = 1> <Delay = 2.03> <FuncUnit> <Opcode : 'add' 'sub'> <InPorts = 2> <OutPorts = 1>
ST_7 : Operation 2424 [1/1] (0.00ns)   --->   "%zext_ln115_3 = zext i8 %add_ln121_3" [firmware/nnet_utils/nnet_activation.h:115]   --->   Operation 2424 'zext' 'zext_ln115_3' <Predicate = true> <Delay = 0.00>
ST_7 : Operation 2425 [1/1] (0.00ns)   --->   "%zext_ln121_196 = zext i7 %tmp_19" [firmware/nnet_utils/nnet_activation.h:121]   --->   Operation 2425 'zext' 'zext_ln121_196' <Predicate = true> <Delay = 0.00>
ST_7 : Operation 2426 [1/1] (0.00ns)   --->   "%zext_ln121_9 = zext i1 %tmp_126" [firmware/nnet_utils/nnet_activation.h:121]   --->   Operation 2426 'zext' 'zext_ln121_9' <Predicate = true> <Delay = 0.00>
ST_7 : Operation 2427 [1/1] (2.03ns)   --->   "%add_ln121_4 = add i8 %zext_ln121_196, i8 %zext_ln121_9" [firmware/nnet_utils/nnet_activation.h:121]   --->   Operation 2427 'add' 'add_ln121_4' <Predicate = true> <Delay = 2.03> <CoreInst = "Adder">   --->   Core 1 'Adder' <Latency = 0> <II = 1> <Delay = 2.03> <FuncUnit> <Opcode : 'add' 'sub'> <InPorts = 2> <OutPorts = 1>
ST_7 : Operation 2428 [1/1] (0.00ns)   --->   "%zext_ln115_4 = zext i8 %add_ln121_4" [firmware/nnet_utils/nnet_activation.h:115]   --->   Operation 2428 'zext' 'zext_ln115_4' <Predicate = true> <Delay = 0.00>
ST_7 : Operation 2429 [1/1] (0.00ns)   --->   "%zext_ln121_197 = zext i7 %tmp_23" [firmware/nnet_utils/nnet_activation.h:121]   --->   Operation 2429 'zext' 'zext_ln121_197' <Predicate = true> <Delay = 0.00>
ST_7 : Operation 2430 [1/1] (0.00ns)   --->   "%zext_ln121_11 = zext i1 %tmp_133" [firmware/nnet_utils/nnet_activation.h:121]   --->   Operation 2430 'zext' 'zext_ln121_11' <Predicate = true> <Delay = 0.00>
ST_7 : Operation 2431 [1/1] (2.03ns)   --->   "%add_ln121_5 = add i8 %zext_ln121_197, i8 %zext_ln121_11" [firmware/nnet_utils/nnet_activation.h:121]   --->   Operation 2431 'add' 'add_ln121_5' <Predicate = true> <Delay = 2.03> <CoreInst = "Adder">   --->   Core 1 'Adder' <Latency = 0> <II = 1> <Delay = 2.03> <FuncUnit> <Opcode : 'add' 'sub'> <InPorts = 2> <OutPorts = 1>
ST_7 : Operation 2432 [1/1] (0.00ns)   --->   "%zext_ln115_5 = zext i8 %add_ln121_5" [firmware/nnet_utils/nnet_activation.h:115]   --->   Operation 2432 'zext' 'zext_ln115_5' <Predicate = true> <Delay = 0.00>
ST_7 : Operation 2433 [1/1] (0.00ns)   --->   "%zext_ln121_198 = zext i7 %tmp_27" [firmware/nnet_utils/nnet_activation.h:121]   --->   Operation 2433 'zext' 'zext_ln121_198' <Predicate = true> <Delay = 0.00>
ST_7 : Operation 2434 [1/1] (0.00ns)   --->   "%zext_ln121_13 = zext i1 %tmp_140" [firmware/nnet_utils/nnet_activation.h:121]   --->   Operation 2434 'zext' 'zext_ln121_13' <Predicate = true> <Delay = 0.00>
ST_7 : Operation 2435 [1/1] (2.03ns)   --->   "%add_ln121_6 = add i8 %zext_ln121_198, i8 %zext_ln121_13" [firmware/nnet_utils/nnet_activation.h:121]   --->   Operation 2435 'add' 'add_ln121_6' <Predicate = true> <Delay = 2.03> <CoreInst = "Adder">   --->   Core 1 'Adder' <Latency = 0> <II = 1> <Delay = 2.03> <FuncUnit> <Opcode : 'add' 'sub'> <InPorts = 2> <OutPorts = 1>
ST_7 : Operation 2436 [1/1] (0.00ns)   --->   "%zext_ln115_6 = zext i8 %add_ln121_6" [firmware/nnet_utils/nnet_activation.h:115]   --->   Operation 2436 'zext' 'zext_ln115_6' <Predicate = true> <Delay = 0.00>
ST_7 : Operation 2437 [1/1] (0.00ns)   --->   "%zext_ln121_199 = zext i7 %tmp_31" [firmware/nnet_utils/nnet_activation.h:121]   --->   Operation 2437 'zext' 'zext_ln121_199' <Predicate = true> <Delay = 0.00>
ST_7 : Operation 2438 [1/1] (0.00ns)   --->   "%zext_ln121_15 = zext i1 %tmp_146" [firmware/nnet_utils/nnet_activation.h:121]   --->   Operation 2438 'zext' 'zext_ln121_15' <Predicate = true> <Delay = 0.00>
ST_7 : Operation 2439 [1/1] (2.03ns)   --->   "%add_ln121_7 = add i8 %zext_ln121_199, i8 %zext_ln121_15" [firmware/nnet_utils/nnet_activation.h:121]   --->   Operation 2439 'add' 'add_ln121_7' <Predicate = true> <Delay = 2.03> <CoreInst = "Adder">   --->   Core 1 'Adder' <Latency = 0> <II = 1> <Delay = 2.03> <FuncUnit> <Opcode : 'add' 'sub'> <InPorts = 2> <OutPorts = 1>
ST_7 : Operation 2440 [1/1] (0.00ns)   --->   "%zext_ln115_7 = zext i8 %add_ln121_7" [firmware/nnet_utils/nnet_activation.h:115]   --->   Operation 2440 'zext' 'zext_ln115_7' <Predicate = true> <Delay = 0.00>
ST_7 : Operation 2441 [1/1] (0.00ns)   --->   "%zext_ln121_200 = zext i7 %tmp_33" [firmware/nnet_utils/nnet_activation.h:121]   --->   Operation 2441 'zext' 'zext_ln121_200' <Predicate = true> <Delay = 0.00>
ST_7 : Operation 2442 [1/1] (0.00ns)   --->   "%zext_ln121_17 = zext i1 %tmp_153" [firmware/nnet_utils/nnet_activation.h:121]   --->   Operation 2442 'zext' 'zext_ln121_17' <Predicate = true> <Delay = 0.00>
ST_7 : Operation 2443 [1/1] (2.03ns)   --->   "%add_ln121_8 = add i8 %zext_ln121_200, i8 %zext_ln121_17" [firmware/nnet_utils/nnet_activation.h:121]   --->   Operation 2443 'add' 'add_ln121_8' <Predicate = true> <Delay = 2.03> <CoreInst = "Adder">   --->   Core 1 'Adder' <Latency = 0> <II = 1> <Delay = 2.03> <FuncUnit> <Opcode : 'add' 'sub'> <InPorts = 2> <OutPorts = 1>
ST_7 : Operation 2444 [1/1] (0.00ns)   --->   "%zext_ln115_8 = zext i8 %add_ln121_8" [firmware/nnet_utils/nnet_activation.h:115]   --->   Operation 2444 'zext' 'zext_ln115_8' <Predicate = true> <Delay = 0.00>
ST_7 : Operation 2445 [1/1] (0.00ns)   --->   "%zext_ln121_201 = zext i7 %tmp_35" [firmware/nnet_utils/nnet_activation.h:121]   --->   Operation 2445 'zext' 'zext_ln121_201' <Predicate = true> <Delay = 0.00>
ST_7 : Operation 2446 [1/1] (0.00ns)   --->   "%zext_ln121_19 = zext i1 %tmp_160" [firmware/nnet_utils/nnet_activation.h:121]   --->   Operation 2446 'zext' 'zext_ln121_19' <Predicate = true> <Delay = 0.00>
ST_7 : Operation 2447 [1/1] (2.03ns)   --->   "%add_ln121_9 = add i8 %zext_ln121_201, i8 %zext_ln121_19" [firmware/nnet_utils/nnet_activation.h:121]   --->   Operation 2447 'add' 'add_ln121_9' <Predicate = true> <Delay = 2.03> <CoreInst = "Adder">   --->   Core 1 'Adder' <Latency = 0> <II = 1> <Delay = 2.03> <FuncUnit> <Opcode : 'add' 'sub'> <InPorts = 2> <OutPorts = 1>
ST_7 : Operation 2448 [1/1] (0.00ns)   --->   "%zext_ln115_9 = zext i8 %add_ln121_9" [firmware/nnet_utils/nnet_activation.h:115]   --->   Operation 2448 'zext' 'zext_ln115_9' <Predicate = true> <Delay = 0.00>
ST_7 : Operation 2449 [1/1] (0.00ns)   --->   "%zext_ln121_202 = zext i7 %tmp_37" [firmware/nnet_utils/nnet_activation.h:121]   --->   Operation 2449 'zext' 'zext_ln121_202' <Predicate = true> <Delay = 0.00>
ST_7 : Operation 2450 [1/1] (0.00ns)   --->   "%zext_ln121_21 = zext i1 %tmp_166" [firmware/nnet_utils/nnet_activation.h:121]   --->   Operation 2450 'zext' 'zext_ln121_21' <Predicate = true> <Delay = 0.00>
ST_7 : Operation 2451 [1/1] (2.03ns)   --->   "%add_ln121_10 = add i8 %zext_ln121_202, i8 %zext_ln121_21" [firmware/nnet_utils/nnet_activation.h:121]   --->   Operation 2451 'add' 'add_ln121_10' <Predicate = true> <Delay = 2.03> <CoreInst = "Adder">   --->   Core 1 'Adder' <Latency = 0> <II = 1> <Delay = 2.03> <FuncUnit> <Opcode : 'add' 'sub'> <InPorts = 2> <OutPorts = 1>
ST_7 : Operation 2452 [1/1] (0.00ns)   --->   "%zext_ln115_10 = zext i8 %add_ln121_10" [firmware/nnet_utils/nnet_activation.h:115]   --->   Operation 2452 'zext' 'zext_ln115_10' <Predicate = true> <Delay = 0.00>
ST_7 : Operation 2453 [1/1] (0.00ns)   --->   "%zext_ln121_203 = zext i7 %tmp_39" [firmware/nnet_utils/nnet_activation.h:121]   --->   Operation 2453 'zext' 'zext_ln121_203' <Predicate = true> <Delay = 0.00>
ST_7 : Operation 2454 [1/1] (0.00ns)   --->   "%zext_ln121_23 = zext i1 %tmp_173" [firmware/nnet_utils/nnet_activation.h:121]   --->   Operation 2454 'zext' 'zext_ln121_23' <Predicate = true> <Delay = 0.00>
ST_7 : Operation 2455 [1/1] (2.03ns)   --->   "%add_ln121_11 = add i8 %zext_ln121_203, i8 %zext_ln121_23" [firmware/nnet_utils/nnet_activation.h:121]   --->   Operation 2455 'add' 'add_ln121_11' <Predicate = true> <Delay = 2.03> <CoreInst = "Adder">   --->   Core 1 'Adder' <Latency = 0> <II = 1> <Delay = 2.03> <FuncUnit> <Opcode : 'add' 'sub'> <InPorts = 2> <OutPorts = 1>
ST_7 : Operation 2456 [1/1] (0.00ns)   --->   "%zext_ln115_11 = zext i8 %add_ln121_11" [firmware/nnet_utils/nnet_activation.h:115]   --->   Operation 2456 'zext' 'zext_ln115_11' <Predicate = true> <Delay = 0.00>
ST_7 : Operation 2457 [1/1] (0.00ns)   --->   "%zext_ln121_204 = zext i7 %tmp_41" [firmware/nnet_utils/nnet_activation.h:121]   --->   Operation 2457 'zext' 'zext_ln121_204' <Predicate = true> <Delay = 0.00>
ST_7 : Operation 2458 [1/1] (0.00ns)   --->   "%zext_ln121_25 = zext i1 %tmp_180" [firmware/nnet_utils/nnet_activation.h:121]   --->   Operation 2458 'zext' 'zext_ln121_25' <Predicate = true> <Delay = 0.00>
ST_7 : Operation 2459 [1/1] (2.03ns)   --->   "%add_ln121_12 = add i8 %zext_ln121_204, i8 %zext_ln121_25" [firmware/nnet_utils/nnet_activation.h:121]   --->   Operation 2459 'add' 'add_ln121_12' <Predicate = true> <Delay = 2.03> <CoreInst = "Adder">   --->   Core 1 'Adder' <Latency = 0> <II = 1> <Delay = 2.03> <FuncUnit> <Opcode : 'add' 'sub'> <InPorts = 2> <OutPorts = 1>
ST_7 : Operation 2460 [1/1] (0.00ns)   --->   "%zext_ln115_12 = zext i8 %add_ln121_12" [firmware/nnet_utils/nnet_activation.h:115]   --->   Operation 2460 'zext' 'zext_ln115_12' <Predicate = true> <Delay = 0.00>
ST_7 : Operation 2461 [1/1] (0.00ns)   --->   "%zext_ln121_205 = zext i7 %tmp_43" [firmware/nnet_utils/nnet_activation.h:121]   --->   Operation 2461 'zext' 'zext_ln121_205' <Predicate = true> <Delay = 0.00>
ST_7 : Operation 2462 [1/1] (0.00ns)   --->   "%zext_ln121_27 = zext i1 %tmp_186" [firmware/nnet_utils/nnet_activation.h:121]   --->   Operation 2462 'zext' 'zext_ln121_27' <Predicate = true> <Delay = 0.00>
ST_7 : Operation 2463 [1/1] (2.03ns)   --->   "%add_ln121_13 = add i8 %zext_ln121_205, i8 %zext_ln121_27" [firmware/nnet_utils/nnet_activation.h:121]   --->   Operation 2463 'add' 'add_ln121_13' <Predicate = true> <Delay = 2.03> <CoreInst = "Adder">   --->   Core 1 'Adder' <Latency = 0> <II = 1> <Delay = 2.03> <FuncUnit> <Opcode : 'add' 'sub'> <InPorts = 2> <OutPorts = 1>
ST_7 : Operation 2464 [1/1] (0.00ns)   --->   "%zext_ln115_13 = zext i8 %add_ln121_13" [firmware/nnet_utils/nnet_activation.h:115]   --->   Operation 2464 'zext' 'zext_ln115_13' <Predicate = true> <Delay = 0.00>
ST_7 : Operation 2465 [1/1] (0.00ns)   --->   "%zext_ln121_206 = zext i7 %tmp_45" [firmware/nnet_utils/nnet_activation.h:121]   --->   Operation 2465 'zext' 'zext_ln121_206' <Predicate = true> <Delay = 0.00>
ST_7 : Operation 2466 [1/1] (0.00ns)   --->   "%zext_ln121_29 = zext i1 %tmp_193" [firmware/nnet_utils/nnet_activation.h:121]   --->   Operation 2466 'zext' 'zext_ln121_29' <Predicate = true> <Delay = 0.00>
ST_7 : Operation 2467 [1/1] (2.03ns)   --->   "%add_ln121_14 = add i8 %zext_ln121_206, i8 %zext_ln121_29" [firmware/nnet_utils/nnet_activation.h:121]   --->   Operation 2467 'add' 'add_ln121_14' <Predicate = true> <Delay = 2.03> <CoreInst = "Adder">   --->   Core 1 'Adder' <Latency = 0> <II = 1> <Delay = 2.03> <FuncUnit> <Opcode : 'add' 'sub'> <InPorts = 2> <OutPorts = 1>
ST_7 : Operation 2468 [1/1] (0.00ns)   --->   "%zext_ln115_14 = zext i8 %add_ln121_14" [firmware/nnet_utils/nnet_activation.h:115]   --->   Operation 2468 'zext' 'zext_ln115_14' <Predicate = true> <Delay = 0.00>
ST_7 : Operation 2469 [1/1] (0.00ns)   --->   "%zext_ln121_207 = zext i7 %tmp_47" [firmware/nnet_utils/nnet_activation.h:121]   --->   Operation 2469 'zext' 'zext_ln121_207' <Predicate = true> <Delay = 0.00>
ST_7 : Operation 2470 [1/1] (0.00ns)   --->   "%zext_ln121_31 = zext i1 %tmp_200" [firmware/nnet_utils/nnet_activation.h:121]   --->   Operation 2470 'zext' 'zext_ln121_31' <Predicate = true> <Delay = 0.00>
ST_7 : Operation 2471 [1/1] (2.03ns)   --->   "%add_ln121_15 = add i8 %zext_ln121_207, i8 %zext_ln121_31" [firmware/nnet_utils/nnet_activation.h:121]   --->   Operation 2471 'add' 'add_ln121_15' <Predicate = true> <Delay = 2.03> <CoreInst = "Adder">   --->   Core 1 'Adder' <Latency = 0> <II = 1> <Delay = 2.03> <FuncUnit> <Opcode : 'add' 'sub'> <InPorts = 2> <OutPorts = 1>
ST_7 : Operation 2472 [1/1] (0.00ns)   --->   "%zext_ln115_15 = zext i8 %add_ln121_15" [firmware/nnet_utils/nnet_activation.h:115]   --->   Operation 2472 'zext' 'zext_ln115_15' <Predicate = true> <Delay = 0.00>
ST_7 : Operation 2473 [1/1] (0.00ns)   --->   "%zext_ln121_208 = zext i7 %tmp_50" [firmware/nnet_utils/nnet_activation.h:121]   --->   Operation 2473 'zext' 'zext_ln121_208' <Predicate = true> <Delay = 0.00>
ST_7 : Operation 2474 [1/1] (0.00ns)   --->   "%zext_ln121_33 = zext i1 %tmp_206" [firmware/nnet_utils/nnet_activation.h:121]   --->   Operation 2474 'zext' 'zext_ln121_33' <Predicate = true> <Delay = 0.00>
ST_7 : Operation 2475 [1/1] (2.03ns)   --->   "%add_ln121_16 = add i8 %zext_ln121_208, i8 %zext_ln121_33" [firmware/nnet_utils/nnet_activation.h:121]   --->   Operation 2475 'add' 'add_ln121_16' <Predicate = true> <Delay = 2.03> <CoreInst = "Adder">   --->   Core 1 'Adder' <Latency = 0> <II = 1> <Delay = 2.03> <FuncUnit> <Opcode : 'add' 'sub'> <InPorts = 2> <OutPorts = 1>
ST_7 : Operation 2476 [1/1] (0.00ns)   --->   "%zext_ln115_16 = zext i8 %add_ln121_16" [firmware/nnet_utils/nnet_activation.h:115]   --->   Operation 2476 'zext' 'zext_ln115_16' <Predicate = true> <Delay = 0.00>
ST_7 : Operation 2477 [1/1] (0.00ns)   --->   "%zext_ln121_209 = zext i7 %tmp_53" [firmware/nnet_utils/nnet_activation.h:121]   --->   Operation 2477 'zext' 'zext_ln121_209' <Predicate = true> <Delay = 0.00>
ST_7 : Operation 2478 [1/1] (0.00ns)   --->   "%zext_ln121_35 = zext i1 %tmp_213" [firmware/nnet_utils/nnet_activation.h:121]   --->   Operation 2478 'zext' 'zext_ln121_35' <Predicate = true> <Delay = 0.00>
ST_7 : Operation 2479 [1/1] (2.03ns)   --->   "%add_ln121_17 = add i8 %zext_ln121_209, i8 %zext_ln121_35" [firmware/nnet_utils/nnet_activation.h:121]   --->   Operation 2479 'add' 'add_ln121_17' <Predicate = true> <Delay = 2.03> <CoreInst = "Adder">   --->   Core 1 'Adder' <Latency = 0> <II = 1> <Delay = 2.03> <FuncUnit> <Opcode : 'add' 'sub'> <InPorts = 2> <OutPorts = 1>
ST_7 : Operation 2480 [1/1] (0.00ns)   --->   "%zext_ln115_17 = zext i8 %add_ln121_17" [firmware/nnet_utils/nnet_activation.h:115]   --->   Operation 2480 'zext' 'zext_ln115_17' <Predicate = true> <Delay = 0.00>
ST_7 : Operation 2481 [1/1] (0.00ns)   --->   "%zext_ln121_210 = zext i7 %tmp_56" [firmware/nnet_utils/nnet_activation.h:121]   --->   Operation 2481 'zext' 'zext_ln121_210' <Predicate = true> <Delay = 0.00>
ST_7 : Operation 2482 [1/1] (0.00ns)   --->   "%zext_ln121_37 = zext i1 %tmp_220" [firmware/nnet_utils/nnet_activation.h:121]   --->   Operation 2482 'zext' 'zext_ln121_37' <Predicate = true> <Delay = 0.00>
ST_7 : Operation 2483 [1/1] (2.03ns)   --->   "%add_ln121_18 = add i8 %zext_ln121_210, i8 %zext_ln121_37" [firmware/nnet_utils/nnet_activation.h:121]   --->   Operation 2483 'add' 'add_ln121_18' <Predicate = true> <Delay = 2.03> <CoreInst = "Adder">   --->   Core 1 'Adder' <Latency = 0> <II = 1> <Delay = 2.03> <FuncUnit> <Opcode : 'add' 'sub'> <InPorts = 2> <OutPorts = 1>
ST_7 : Operation 2484 [1/1] (0.00ns)   --->   "%zext_ln115_18 = zext i8 %add_ln121_18" [firmware/nnet_utils/nnet_activation.h:115]   --->   Operation 2484 'zext' 'zext_ln115_18' <Predicate = true> <Delay = 0.00>
ST_7 : Operation 2485 [1/1] (0.00ns)   --->   "%zext_ln121_211 = zext i7 %tmp_59" [firmware/nnet_utils/nnet_activation.h:121]   --->   Operation 2485 'zext' 'zext_ln121_211' <Predicate = true> <Delay = 0.00>
ST_7 : Operation 2486 [1/1] (0.00ns)   --->   "%zext_ln121_39 = zext i1 %tmp_226" [firmware/nnet_utils/nnet_activation.h:121]   --->   Operation 2486 'zext' 'zext_ln121_39' <Predicate = true> <Delay = 0.00>
ST_7 : Operation 2487 [1/1] (2.03ns)   --->   "%add_ln121_19 = add i8 %zext_ln121_211, i8 %zext_ln121_39" [firmware/nnet_utils/nnet_activation.h:121]   --->   Operation 2487 'add' 'add_ln121_19' <Predicate = true> <Delay = 2.03> <CoreInst = "Adder">   --->   Core 1 'Adder' <Latency = 0> <II = 1> <Delay = 2.03> <FuncUnit> <Opcode : 'add' 'sub'> <InPorts = 2> <OutPorts = 1>
ST_7 : Operation 2488 [1/1] (0.00ns)   --->   "%zext_ln115_19 = zext i8 %add_ln121_19" [firmware/nnet_utils/nnet_activation.h:115]   --->   Operation 2488 'zext' 'zext_ln115_19' <Predicate = true> <Delay = 0.00>
ST_7 : Operation 2489 [1/1] (0.00ns)   --->   "%zext_ln121_212 = zext i7 %tmp_62" [firmware/nnet_utils/nnet_activation.h:121]   --->   Operation 2489 'zext' 'zext_ln121_212' <Predicate = true> <Delay = 0.00>
ST_7 : Operation 2490 [1/1] (0.00ns)   --->   "%zext_ln121_41 = zext i1 %tmp_233" [firmware/nnet_utils/nnet_activation.h:121]   --->   Operation 2490 'zext' 'zext_ln121_41' <Predicate = true> <Delay = 0.00>
ST_7 : Operation 2491 [1/1] (2.03ns)   --->   "%add_ln121_20 = add i8 %zext_ln121_212, i8 %zext_ln121_41" [firmware/nnet_utils/nnet_activation.h:121]   --->   Operation 2491 'add' 'add_ln121_20' <Predicate = true> <Delay = 2.03> <CoreInst = "Adder">   --->   Core 1 'Adder' <Latency = 0> <II = 1> <Delay = 2.03> <FuncUnit> <Opcode : 'add' 'sub'> <InPorts = 2> <OutPorts = 1>
ST_7 : Operation 2492 [1/1] (0.00ns)   --->   "%zext_ln115_20 = zext i8 %add_ln121_20" [firmware/nnet_utils/nnet_activation.h:115]   --->   Operation 2492 'zext' 'zext_ln115_20' <Predicate = true> <Delay = 0.00>
ST_7 : Operation 2493 [1/1] (0.00ns)   --->   "%zext_ln121_213 = zext i7 %tmp_65" [firmware/nnet_utils/nnet_activation.h:121]   --->   Operation 2493 'zext' 'zext_ln121_213' <Predicate = true> <Delay = 0.00>
ST_7 : Operation 2494 [1/1] (0.00ns)   --->   "%zext_ln121_43 = zext i1 %tmp_240" [firmware/nnet_utils/nnet_activation.h:121]   --->   Operation 2494 'zext' 'zext_ln121_43' <Predicate = true> <Delay = 0.00>
ST_7 : Operation 2495 [1/1] (2.03ns)   --->   "%add_ln121_21 = add i8 %zext_ln121_213, i8 %zext_ln121_43" [firmware/nnet_utils/nnet_activation.h:121]   --->   Operation 2495 'add' 'add_ln121_21' <Predicate = true> <Delay = 2.03> <CoreInst = "Adder">   --->   Core 1 'Adder' <Latency = 0> <II = 1> <Delay = 2.03> <FuncUnit> <Opcode : 'add' 'sub'> <InPorts = 2> <OutPorts = 1>
ST_7 : Operation 2496 [1/1] (0.00ns)   --->   "%zext_ln115_21 = zext i8 %add_ln121_21" [firmware/nnet_utils/nnet_activation.h:115]   --->   Operation 2496 'zext' 'zext_ln115_21' <Predicate = true> <Delay = 0.00>
ST_7 : Operation 2497 [1/1] (0.00ns)   --->   "%zext_ln121_214 = zext i7 %tmp_68" [firmware/nnet_utils/nnet_activation.h:121]   --->   Operation 2497 'zext' 'zext_ln121_214' <Predicate = true> <Delay = 0.00>
ST_7 : Operation 2498 [1/1] (0.00ns)   --->   "%zext_ln121_45 = zext i1 %tmp_246" [firmware/nnet_utils/nnet_activation.h:121]   --->   Operation 2498 'zext' 'zext_ln121_45' <Predicate = true> <Delay = 0.00>
ST_7 : Operation 2499 [1/1] (2.03ns)   --->   "%add_ln121_22 = add i8 %zext_ln121_214, i8 %zext_ln121_45" [firmware/nnet_utils/nnet_activation.h:121]   --->   Operation 2499 'add' 'add_ln121_22' <Predicate = true> <Delay = 2.03> <CoreInst = "Adder">   --->   Core 1 'Adder' <Latency = 0> <II = 1> <Delay = 2.03> <FuncUnit> <Opcode : 'add' 'sub'> <InPorts = 2> <OutPorts = 1>
ST_7 : Operation 2500 [1/1] (0.00ns)   --->   "%zext_ln115_22 = zext i8 %add_ln121_22" [firmware/nnet_utils/nnet_activation.h:115]   --->   Operation 2500 'zext' 'zext_ln115_22' <Predicate = true> <Delay = 0.00>
ST_7 : Operation 2501 [1/1] (0.00ns)   --->   "%zext_ln121_215 = zext i7 %tmp_71" [firmware/nnet_utils/nnet_activation.h:121]   --->   Operation 2501 'zext' 'zext_ln121_215' <Predicate = true> <Delay = 0.00>
ST_7 : Operation 2502 [1/1] (0.00ns)   --->   "%zext_ln121_47 = zext i1 %tmp_253" [firmware/nnet_utils/nnet_activation.h:121]   --->   Operation 2502 'zext' 'zext_ln121_47' <Predicate = true> <Delay = 0.00>
ST_7 : Operation 2503 [1/1] (2.03ns)   --->   "%add_ln121_23 = add i8 %zext_ln121_215, i8 %zext_ln121_47" [firmware/nnet_utils/nnet_activation.h:121]   --->   Operation 2503 'add' 'add_ln121_23' <Predicate = true> <Delay = 2.03> <CoreInst = "Adder">   --->   Core 1 'Adder' <Latency = 0> <II = 1> <Delay = 2.03> <FuncUnit> <Opcode : 'add' 'sub'> <InPorts = 2> <OutPorts = 1>
ST_7 : Operation 2504 [1/1] (0.00ns)   --->   "%zext_ln115_23 = zext i8 %add_ln121_23" [firmware/nnet_utils/nnet_activation.h:115]   --->   Operation 2504 'zext' 'zext_ln115_23' <Predicate = true> <Delay = 0.00>
ST_7 : Operation 2505 [1/1] (0.00ns)   --->   "%zext_ln121_216 = zext i7 %tmp_74" [firmware/nnet_utils/nnet_activation.h:121]   --->   Operation 2505 'zext' 'zext_ln121_216' <Predicate = true> <Delay = 0.00>
ST_7 : Operation 2506 [1/1] (0.00ns)   --->   "%zext_ln121_49 = zext i1 %tmp_260" [firmware/nnet_utils/nnet_activation.h:121]   --->   Operation 2506 'zext' 'zext_ln121_49' <Predicate = true> <Delay = 0.00>
ST_7 : Operation 2507 [1/1] (2.03ns)   --->   "%add_ln121_24 = add i8 %zext_ln121_216, i8 %zext_ln121_49" [firmware/nnet_utils/nnet_activation.h:121]   --->   Operation 2507 'add' 'add_ln121_24' <Predicate = true> <Delay = 2.03> <CoreInst = "Adder">   --->   Core 1 'Adder' <Latency = 0> <II = 1> <Delay = 2.03> <FuncUnit> <Opcode : 'add' 'sub'> <InPorts = 2> <OutPorts = 1>
ST_7 : Operation 2508 [1/1] (0.00ns)   --->   "%zext_ln115_24 = zext i8 %add_ln121_24" [firmware/nnet_utils/nnet_activation.h:115]   --->   Operation 2508 'zext' 'zext_ln115_24' <Predicate = true> <Delay = 0.00>
ST_7 : Operation 2509 [1/1] (0.00ns)   --->   "%zext_ln121_217 = zext i7 %tmp_77" [firmware/nnet_utils/nnet_activation.h:121]   --->   Operation 2509 'zext' 'zext_ln121_217' <Predicate = true> <Delay = 0.00>
ST_7 : Operation 2510 [1/1] (0.00ns)   --->   "%zext_ln121_51 = zext i1 %tmp_266" [firmware/nnet_utils/nnet_activation.h:121]   --->   Operation 2510 'zext' 'zext_ln121_51' <Predicate = true> <Delay = 0.00>
ST_7 : Operation 2511 [1/1] (2.03ns)   --->   "%add_ln121_25 = add i8 %zext_ln121_217, i8 %zext_ln121_51" [firmware/nnet_utils/nnet_activation.h:121]   --->   Operation 2511 'add' 'add_ln121_25' <Predicate = true> <Delay = 2.03> <CoreInst = "Adder">   --->   Core 1 'Adder' <Latency = 0> <II = 1> <Delay = 2.03> <FuncUnit> <Opcode : 'add' 'sub'> <InPorts = 2> <OutPorts = 1>
ST_7 : Operation 2512 [1/1] (0.00ns)   --->   "%zext_ln115_25 = zext i8 %add_ln121_25" [firmware/nnet_utils/nnet_activation.h:115]   --->   Operation 2512 'zext' 'zext_ln115_25' <Predicate = true> <Delay = 0.00>
ST_7 : Operation 2513 [1/1] (0.00ns)   --->   "%zext_ln121_218 = zext i7 %tmp_80" [firmware/nnet_utils/nnet_activation.h:121]   --->   Operation 2513 'zext' 'zext_ln121_218' <Predicate = true> <Delay = 0.00>
ST_7 : Operation 2514 [1/1] (0.00ns)   --->   "%zext_ln121_53 = zext i1 %tmp_273" [firmware/nnet_utils/nnet_activation.h:121]   --->   Operation 2514 'zext' 'zext_ln121_53' <Predicate = true> <Delay = 0.00>
ST_7 : Operation 2515 [1/1] (2.03ns)   --->   "%add_ln121_26 = add i8 %zext_ln121_218, i8 %zext_ln121_53" [firmware/nnet_utils/nnet_activation.h:121]   --->   Operation 2515 'add' 'add_ln121_26' <Predicate = true> <Delay = 2.03> <CoreInst = "Adder">   --->   Core 1 'Adder' <Latency = 0> <II = 1> <Delay = 2.03> <FuncUnit> <Opcode : 'add' 'sub'> <InPorts = 2> <OutPorts = 1>
ST_7 : Operation 2516 [1/1] (0.00ns)   --->   "%zext_ln115_26 = zext i8 %add_ln121_26" [firmware/nnet_utils/nnet_activation.h:115]   --->   Operation 2516 'zext' 'zext_ln115_26' <Predicate = true> <Delay = 0.00>
ST_7 : Operation 2517 [1/1] (0.00ns)   --->   "%zext_ln121_219 = zext i7 %tmp_83" [firmware/nnet_utils/nnet_activation.h:121]   --->   Operation 2517 'zext' 'zext_ln121_219' <Predicate = true> <Delay = 0.00>
ST_7 : Operation 2518 [1/1] (0.00ns)   --->   "%zext_ln121_55 = zext i1 %tmp_280" [firmware/nnet_utils/nnet_activation.h:121]   --->   Operation 2518 'zext' 'zext_ln121_55' <Predicate = true> <Delay = 0.00>
ST_7 : Operation 2519 [1/1] (2.03ns)   --->   "%add_ln121_27 = add i8 %zext_ln121_219, i8 %zext_ln121_55" [firmware/nnet_utils/nnet_activation.h:121]   --->   Operation 2519 'add' 'add_ln121_27' <Predicate = true> <Delay = 2.03> <CoreInst = "Adder">   --->   Core 1 'Adder' <Latency = 0> <II = 1> <Delay = 2.03> <FuncUnit> <Opcode : 'add' 'sub'> <InPorts = 2> <OutPorts = 1>
ST_7 : Operation 2520 [1/1] (0.00ns)   --->   "%zext_ln115_27 = zext i8 %add_ln121_27" [firmware/nnet_utils/nnet_activation.h:115]   --->   Operation 2520 'zext' 'zext_ln115_27' <Predicate = true> <Delay = 0.00>
ST_7 : Operation 2521 [1/1] (0.00ns)   --->   "%zext_ln121_220 = zext i7 %tmp_86" [firmware/nnet_utils/nnet_activation.h:121]   --->   Operation 2521 'zext' 'zext_ln121_220' <Predicate = true> <Delay = 0.00>
ST_7 : Operation 2522 [1/1] (0.00ns)   --->   "%zext_ln121_57 = zext i1 %tmp_286" [firmware/nnet_utils/nnet_activation.h:121]   --->   Operation 2522 'zext' 'zext_ln121_57' <Predicate = true> <Delay = 0.00>
ST_7 : Operation 2523 [1/1] (2.03ns)   --->   "%add_ln121_28 = add i8 %zext_ln121_220, i8 %zext_ln121_57" [firmware/nnet_utils/nnet_activation.h:121]   --->   Operation 2523 'add' 'add_ln121_28' <Predicate = true> <Delay = 2.03> <CoreInst = "Adder">   --->   Core 1 'Adder' <Latency = 0> <II = 1> <Delay = 2.03> <FuncUnit> <Opcode : 'add' 'sub'> <InPorts = 2> <OutPorts = 1>
ST_7 : Operation 2524 [1/1] (0.00ns)   --->   "%zext_ln115_28 = zext i8 %add_ln121_28" [firmware/nnet_utils/nnet_activation.h:115]   --->   Operation 2524 'zext' 'zext_ln115_28' <Predicate = true> <Delay = 0.00>
ST_7 : Operation 2525 [1/1] (0.00ns)   --->   "%zext_ln121_221 = zext i7 %tmp_89" [firmware/nnet_utils/nnet_activation.h:121]   --->   Operation 2525 'zext' 'zext_ln121_221' <Predicate = true> <Delay = 0.00>
ST_7 : Operation 2526 [1/1] (0.00ns)   --->   "%zext_ln121_59 = zext i1 %tmp_293" [firmware/nnet_utils/nnet_activation.h:121]   --->   Operation 2526 'zext' 'zext_ln121_59' <Predicate = true> <Delay = 0.00>
ST_7 : Operation 2527 [1/1] (2.03ns)   --->   "%add_ln121_29 = add i8 %zext_ln121_221, i8 %zext_ln121_59" [firmware/nnet_utils/nnet_activation.h:121]   --->   Operation 2527 'add' 'add_ln121_29' <Predicate = true> <Delay = 2.03> <CoreInst = "Adder">   --->   Core 1 'Adder' <Latency = 0> <II = 1> <Delay = 2.03> <FuncUnit> <Opcode : 'add' 'sub'> <InPorts = 2> <OutPorts = 1>
ST_7 : Operation 2528 [1/1] (0.00ns)   --->   "%zext_ln115_29 = zext i8 %add_ln121_29" [firmware/nnet_utils/nnet_activation.h:115]   --->   Operation 2528 'zext' 'zext_ln115_29' <Predicate = true> <Delay = 0.00>
ST_7 : Operation 2529 [1/1] (0.00ns)   --->   "%zext_ln121_222 = zext i7 %tmp_92" [firmware/nnet_utils/nnet_activation.h:121]   --->   Operation 2529 'zext' 'zext_ln121_222' <Predicate = true> <Delay = 0.00>
ST_7 : Operation 2530 [1/1] (0.00ns)   --->   "%zext_ln121_61 = zext i1 %tmp_300" [firmware/nnet_utils/nnet_activation.h:121]   --->   Operation 2530 'zext' 'zext_ln121_61' <Predicate = true> <Delay = 0.00>
ST_7 : Operation 2531 [1/1] (2.03ns)   --->   "%add_ln121_30 = add i8 %zext_ln121_222, i8 %zext_ln121_61" [firmware/nnet_utils/nnet_activation.h:121]   --->   Operation 2531 'add' 'add_ln121_30' <Predicate = true> <Delay = 2.03> <CoreInst = "Adder">   --->   Core 1 'Adder' <Latency = 0> <II = 1> <Delay = 2.03> <FuncUnit> <Opcode : 'add' 'sub'> <InPorts = 2> <OutPorts = 1>
ST_7 : Operation 2532 [1/1] (0.00ns)   --->   "%zext_ln115_30 = zext i8 %add_ln121_30" [firmware/nnet_utils/nnet_activation.h:115]   --->   Operation 2532 'zext' 'zext_ln115_30' <Predicate = true> <Delay = 0.00>
ST_7 : Operation 2533 [1/1] (0.00ns)   --->   "%zext_ln121_223 = zext i7 %tmp_95" [firmware/nnet_utils/nnet_activation.h:121]   --->   Operation 2533 'zext' 'zext_ln121_223' <Predicate = true> <Delay = 0.00>
ST_7 : Operation 2534 [1/1] (0.00ns)   --->   "%zext_ln121_63 = zext i1 %tmp_306" [firmware/nnet_utils/nnet_activation.h:121]   --->   Operation 2534 'zext' 'zext_ln121_63' <Predicate = true> <Delay = 0.00>
ST_7 : Operation 2535 [1/1] (2.03ns)   --->   "%add_ln121_31 = add i8 %zext_ln121_223, i8 %zext_ln121_63" [firmware/nnet_utils/nnet_activation.h:121]   --->   Operation 2535 'add' 'add_ln121_31' <Predicate = true> <Delay = 2.03> <CoreInst = "Adder">   --->   Core 1 'Adder' <Latency = 0> <II = 1> <Delay = 2.03> <FuncUnit> <Opcode : 'add' 'sub'> <InPorts = 2> <OutPorts = 1>
ST_7 : Operation 2536 [1/1] (0.00ns)   --->   "%zext_ln115_31 = zext i8 %add_ln121_31" [firmware/nnet_utils/nnet_activation.h:115]   --->   Operation 2536 'zext' 'zext_ln115_31' <Predicate = true> <Delay = 0.00>
ST_7 : Operation 2537 [1/1] (0.00ns)   --->   "%zext_ln121_224 = zext i7 %tmp_102" [firmware/nnet_utils/nnet_activation.h:121]   --->   Operation 2537 'zext' 'zext_ln121_224' <Predicate = true> <Delay = 0.00>
ST_7 : Operation 2538 [1/1] (0.00ns)   --->   "%zext_ln121_65 = zext i1 %tmp_313" [firmware/nnet_utils/nnet_activation.h:121]   --->   Operation 2538 'zext' 'zext_ln121_65' <Predicate = true> <Delay = 0.00>
ST_7 : Operation 2539 [1/1] (2.03ns)   --->   "%add_ln121_32 = add i8 %zext_ln121_224, i8 %zext_ln121_65" [firmware/nnet_utils/nnet_activation.h:121]   --->   Operation 2539 'add' 'add_ln121_32' <Predicate = true> <Delay = 2.03> <CoreInst = "Adder">   --->   Core 1 'Adder' <Latency = 0> <II = 1> <Delay = 2.03> <FuncUnit> <Opcode : 'add' 'sub'> <InPorts = 2> <OutPorts = 1>
ST_7 : Operation 2540 [1/1] (0.00ns)   --->   "%zext_ln115_32 = zext i8 %add_ln121_32" [firmware/nnet_utils/nnet_activation.h:115]   --->   Operation 2540 'zext' 'zext_ln115_32' <Predicate = true> <Delay = 0.00>
ST_7 : Operation 2541 [1/1] (0.00ns)   --->   "%zext_ln121_225 = zext i7 %tmp_109" [firmware/nnet_utils/nnet_activation.h:121]   --->   Operation 2541 'zext' 'zext_ln121_225' <Predicate = true> <Delay = 0.00>
ST_7 : Operation 2542 [1/1] (0.00ns)   --->   "%zext_ln121_67 = zext i1 %tmp_320" [firmware/nnet_utils/nnet_activation.h:121]   --->   Operation 2542 'zext' 'zext_ln121_67' <Predicate = true> <Delay = 0.00>
ST_7 : Operation 2543 [1/1] (2.03ns)   --->   "%add_ln121_33 = add i8 %zext_ln121_225, i8 %zext_ln121_67" [firmware/nnet_utils/nnet_activation.h:121]   --->   Operation 2543 'add' 'add_ln121_33' <Predicate = true> <Delay = 2.03> <CoreInst = "Adder">   --->   Core 1 'Adder' <Latency = 0> <II = 1> <Delay = 2.03> <FuncUnit> <Opcode : 'add' 'sub'> <InPorts = 2> <OutPorts = 1>
ST_7 : Operation 2544 [1/1] (0.00ns)   --->   "%zext_ln115_33 = zext i8 %add_ln121_33" [firmware/nnet_utils/nnet_activation.h:115]   --->   Operation 2544 'zext' 'zext_ln115_33' <Predicate = true> <Delay = 0.00>
ST_7 : Operation 2545 [1/1] (0.00ns)   --->   "%zext_ln121_226 = zext i7 %tmp_117" [firmware/nnet_utils/nnet_activation.h:121]   --->   Operation 2545 'zext' 'zext_ln121_226' <Predicate = true> <Delay = 0.00>
ST_7 : Operation 2546 [1/1] (0.00ns)   --->   "%zext_ln121_69 = zext i1 %tmp_326" [firmware/nnet_utils/nnet_activation.h:121]   --->   Operation 2546 'zext' 'zext_ln121_69' <Predicate = true> <Delay = 0.00>
ST_7 : Operation 2547 [1/1] (2.03ns)   --->   "%add_ln121_34 = add i8 %zext_ln121_226, i8 %zext_ln121_69" [firmware/nnet_utils/nnet_activation.h:121]   --->   Operation 2547 'add' 'add_ln121_34' <Predicate = true> <Delay = 2.03> <CoreInst = "Adder">   --->   Core 1 'Adder' <Latency = 0> <II = 1> <Delay = 2.03> <FuncUnit> <Opcode : 'add' 'sub'> <InPorts = 2> <OutPorts = 1>
ST_7 : Operation 2548 [1/1] (0.00ns)   --->   "%zext_ln115_34 = zext i8 %add_ln121_34" [firmware/nnet_utils/nnet_activation.h:115]   --->   Operation 2548 'zext' 'zext_ln115_34' <Predicate = true> <Delay = 0.00>
ST_7 : Operation 2549 [1/1] (0.00ns)   --->   "%zext_ln121_227 = zext i7 %tmp_124" [firmware/nnet_utils/nnet_activation.h:121]   --->   Operation 2549 'zext' 'zext_ln121_227' <Predicate = true> <Delay = 0.00>
ST_7 : Operation 2550 [1/1] (0.00ns)   --->   "%zext_ln121_71 = zext i1 %tmp_333" [firmware/nnet_utils/nnet_activation.h:121]   --->   Operation 2550 'zext' 'zext_ln121_71' <Predicate = true> <Delay = 0.00>
ST_7 : Operation 2551 [1/1] (2.03ns)   --->   "%add_ln121_35 = add i8 %zext_ln121_227, i8 %zext_ln121_71" [firmware/nnet_utils/nnet_activation.h:121]   --->   Operation 2551 'add' 'add_ln121_35' <Predicate = true> <Delay = 2.03> <CoreInst = "Adder">   --->   Core 1 'Adder' <Latency = 0> <II = 1> <Delay = 2.03> <FuncUnit> <Opcode : 'add' 'sub'> <InPorts = 2> <OutPorts = 1>
ST_7 : Operation 2552 [1/1] (0.00ns)   --->   "%zext_ln115_35 = zext i8 %add_ln121_35" [firmware/nnet_utils/nnet_activation.h:115]   --->   Operation 2552 'zext' 'zext_ln115_35' <Predicate = true> <Delay = 0.00>
ST_7 : Operation 2553 [1/1] (0.00ns)   --->   "%zext_ln121_228 = zext i7 %tmp_132" [firmware/nnet_utils/nnet_activation.h:121]   --->   Operation 2553 'zext' 'zext_ln121_228' <Predicate = true> <Delay = 0.00>
ST_7 : Operation 2554 [1/1] (0.00ns)   --->   "%zext_ln121_73 = zext i1 %tmp_340" [firmware/nnet_utils/nnet_activation.h:121]   --->   Operation 2554 'zext' 'zext_ln121_73' <Predicate = true> <Delay = 0.00>
ST_7 : Operation 2555 [1/1] (2.03ns)   --->   "%add_ln121_36 = add i8 %zext_ln121_228, i8 %zext_ln121_73" [firmware/nnet_utils/nnet_activation.h:121]   --->   Operation 2555 'add' 'add_ln121_36' <Predicate = true> <Delay = 2.03> <CoreInst = "Adder">   --->   Core 1 'Adder' <Latency = 0> <II = 1> <Delay = 2.03> <FuncUnit> <Opcode : 'add' 'sub'> <InPorts = 2> <OutPorts = 1>
ST_7 : Operation 2556 [1/1] (0.00ns)   --->   "%zext_ln115_36 = zext i8 %add_ln121_36" [firmware/nnet_utils/nnet_activation.h:115]   --->   Operation 2556 'zext' 'zext_ln115_36' <Predicate = true> <Delay = 0.00>
ST_7 : Operation 2557 [1/1] (0.00ns)   --->   "%zext_ln121_229 = zext i7 %tmp_139" [firmware/nnet_utils/nnet_activation.h:121]   --->   Operation 2557 'zext' 'zext_ln121_229' <Predicate = true> <Delay = 0.00>
ST_7 : Operation 2558 [1/1] (0.00ns)   --->   "%zext_ln121_75 = zext i1 %tmp_346" [firmware/nnet_utils/nnet_activation.h:121]   --->   Operation 2558 'zext' 'zext_ln121_75' <Predicate = true> <Delay = 0.00>
ST_7 : Operation 2559 [1/1] (2.03ns)   --->   "%add_ln121_37 = add i8 %zext_ln121_229, i8 %zext_ln121_75" [firmware/nnet_utils/nnet_activation.h:121]   --->   Operation 2559 'add' 'add_ln121_37' <Predicate = true> <Delay = 2.03> <CoreInst = "Adder">   --->   Core 1 'Adder' <Latency = 0> <II = 1> <Delay = 2.03> <FuncUnit> <Opcode : 'add' 'sub'> <InPorts = 2> <OutPorts = 1>
ST_7 : Operation 2560 [1/1] (0.00ns)   --->   "%zext_ln115_37 = zext i8 %add_ln121_37" [firmware/nnet_utils/nnet_activation.h:115]   --->   Operation 2560 'zext' 'zext_ln115_37' <Predicate = true> <Delay = 0.00>
ST_7 : Operation 2561 [1/1] (0.00ns)   --->   "%zext_ln121_230 = zext i7 %tmp_147" [firmware/nnet_utils/nnet_activation.h:121]   --->   Operation 2561 'zext' 'zext_ln121_230' <Predicate = true> <Delay = 0.00>
ST_7 : Operation 2562 [1/1] (0.00ns)   --->   "%zext_ln121_77 = zext i1 %tmp_353" [firmware/nnet_utils/nnet_activation.h:121]   --->   Operation 2562 'zext' 'zext_ln121_77' <Predicate = true> <Delay = 0.00>
ST_7 : Operation 2563 [1/1] (2.03ns)   --->   "%add_ln121_38 = add i8 %zext_ln121_230, i8 %zext_ln121_77" [firmware/nnet_utils/nnet_activation.h:121]   --->   Operation 2563 'add' 'add_ln121_38' <Predicate = true> <Delay = 2.03> <CoreInst = "Adder">   --->   Core 1 'Adder' <Latency = 0> <II = 1> <Delay = 2.03> <FuncUnit> <Opcode : 'add' 'sub'> <InPorts = 2> <OutPorts = 1>
ST_7 : Operation 2564 [1/1] (0.00ns)   --->   "%zext_ln115_38 = zext i8 %add_ln121_38" [firmware/nnet_utils/nnet_activation.h:115]   --->   Operation 2564 'zext' 'zext_ln115_38' <Predicate = true> <Delay = 0.00>
ST_7 : Operation 2565 [1/1] (0.00ns)   --->   "%zext_ln121_231 = zext i7 %tmp_154" [firmware/nnet_utils/nnet_activation.h:121]   --->   Operation 2565 'zext' 'zext_ln121_231' <Predicate = true> <Delay = 0.00>
ST_7 : Operation 2566 [1/1] (0.00ns)   --->   "%zext_ln121_79 = zext i1 %tmp_360" [firmware/nnet_utils/nnet_activation.h:121]   --->   Operation 2566 'zext' 'zext_ln121_79' <Predicate = true> <Delay = 0.00>
ST_7 : Operation 2567 [1/1] (2.03ns)   --->   "%add_ln121_39 = add i8 %zext_ln121_231, i8 %zext_ln121_79" [firmware/nnet_utils/nnet_activation.h:121]   --->   Operation 2567 'add' 'add_ln121_39' <Predicate = true> <Delay = 2.03> <CoreInst = "Adder">   --->   Core 1 'Adder' <Latency = 0> <II = 1> <Delay = 2.03> <FuncUnit> <Opcode : 'add' 'sub'> <InPorts = 2> <OutPorts = 1>
ST_7 : Operation 2568 [1/1] (0.00ns)   --->   "%zext_ln115_39 = zext i8 %add_ln121_39" [firmware/nnet_utils/nnet_activation.h:115]   --->   Operation 2568 'zext' 'zext_ln115_39' <Predicate = true> <Delay = 0.00>
ST_7 : Operation 2569 [1/1] (0.00ns)   --->   "%zext_ln121_232 = zext i7 %tmp_162" [firmware/nnet_utils/nnet_activation.h:121]   --->   Operation 2569 'zext' 'zext_ln121_232' <Predicate = true> <Delay = 0.00>
ST_7 : Operation 2570 [1/1] (0.00ns)   --->   "%zext_ln121_81 = zext i1 %tmp_366" [firmware/nnet_utils/nnet_activation.h:121]   --->   Operation 2570 'zext' 'zext_ln121_81' <Predicate = true> <Delay = 0.00>
ST_7 : Operation 2571 [1/1] (2.03ns)   --->   "%add_ln121_40 = add i8 %zext_ln121_232, i8 %zext_ln121_81" [firmware/nnet_utils/nnet_activation.h:121]   --->   Operation 2571 'add' 'add_ln121_40' <Predicate = true> <Delay = 2.03> <CoreInst = "Adder">   --->   Core 1 'Adder' <Latency = 0> <II = 1> <Delay = 2.03> <FuncUnit> <Opcode : 'add' 'sub'> <InPorts = 2> <OutPorts = 1>
ST_7 : Operation 2572 [1/1] (0.00ns)   --->   "%zext_ln115_40 = zext i8 %add_ln121_40" [firmware/nnet_utils/nnet_activation.h:115]   --->   Operation 2572 'zext' 'zext_ln115_40' <Predicate = true> <Delay = 0.00>
ST_7 : Operation 2573 [1/1] (0.00ns)   --->   "%zext_ln121_233 = zext i7 %tmp_169" [firmware/nnet_utils/nnet_activation.h:121]   --->   Operation 2573 'zext' 'zext_ln121_233' <Predicate = true> <Delay = 0.00>
ST_7 : Operation 2574 [1/1] (0.00ns)   --->   "%zext_ln121_83 = zext i1 %tmp_373" [firmware/nnet_utils/nnet_activation.h:121]   --->   Operation 2574 'zext' 'zext_ln121_83' <Predicate = true> <Delay = 0.00>
ST_7 : Operation 2575 [1/1] (2.03ns)   --->   "%add_ln121_41 = add i8 %zext_ln121_233, i8 %zext_ln121_83" [firmware/nnet_utils/nnet_activation.h:121]   --->   Operation 2575 'add' 'add_ln121_41' <Predicate = true> <Delay = 2.03> <CoreInst = "Adder">   --->   Core 1 'Adder' <Latency = 0> <II = 1> <Delay = 2.03> <FuncUnit> <Opcode : 'add' 'sub'> <InPorts = 2> <OutPorts = 1>
ST_7 : Operation 2576 [1/1] (0.00ns)   --->   "%zext_ln115_41 = zext i8 %add_ln121_41" [firmware/nnet_utils/nnet_activation.h:115]   --->   Operation 2576 'zext' 'zext_ln115_41' <Predicate = true> <Delay = 0.00>
ST_7 : Operation 2577 [1/1] (0.00ns)   --->   "%zext_ln121_234 = zext i7 %tmp_177" [firmware/nnet_utils/nnet_activation.h:121]   --->   Operation 2577 'zext' 'zext_ln121_234' <Predicate = true> <Delay = 0.00>
ST_7 : Operation 2578 [1/1] (0.00ns)   --->   "%zext_ln121_85 = zext i1 %tmp_380" [firmware/nnet_utils/nnet_activation.h:121]   --->   Operation 2578 'zext' 'zext_ln121_85' <Predicate = true> <Delay = 0.00>
ST_7 : Operation 2579 [1/1] (2.03ns)   --->   "%add_ln121_42 = add i8 %zext_ln121_234, i8 %zext_ln121_85" [firmware/nnet_utils/nnet_activation.h:121]   --->   Operation 2579 'add' 'add_ln121_42' <Predicate = true> <Delay = 2.03> <CoreInst = "Adder">   --->   Core 1 'Adder' <Latency = 0> <II = 1> <Delay = 2.03> <FuncUnit> <Opcode : 'add' 'sub'> <InPorts = 2> <OutPorts = 1>
ST_7 : Operation 2580 [1/1] (0.00ns)   --->   "%zext_ln115_42 = zext i8 %add_ln121_42" [firmware/nnet_utils/nnet_activation.h:115]   --->   Operation 2580 'zext' 'zext_ln115_42' <Predicate = true> <Delay = 0.00>
ST_7 : Operation 2581 [1/1] (0.00ns)   --->   "%zext_ln121_235 = zext i7 %tmp_184" [firmware/nnet_utils/nnet_activation.h:121]   --->   Operation 2581 'zext' 'zext_ln121_235' <Predicate = true> <Delay = 0.00>
ST_7 : Operation 2582 [1/1] (0.00ns)   --->   "%zext_ln121_87 = zext i1 %tmp_386" [firmware/nnet_utils/nnet_activation.h:121]   --->   Operation 2582 'zext' 'zext_ln121_87' <Predicate = true> <Delay = 0.00>
ST_7 : Operation 2583 [1/1] (2.03ns)   --->   "%add_ln121_43 = add i8 %zext_ln121_235, i8 %zext_ln121_87" [firmware/nnet_utils/nnet_activation.h:121]   --->   Operation 2583 'add' 'add_ln121_43' <Predicate = true> <Delay = 2.03> <CoreInst = "Adder">   --->   Core 1 'Adder' <Latency = 0> <II = 1> <Delay = 2.03> <FuncUnit> <Opcode : 'add' 'sub'> <InPorts = 2> <OutPorts = 1>
ST_7 : Operation 2584 [1/1] (0.00ns)   --->   "%zext_ln115_43 = zext i8 %add_ln121_43" [firmware/nnet_utils/nnet_activation.h:115]   --->   Operation 2584 'zext' 'zext_ln115_43' <Predicate = true> <Delay = 0.00>
ST_7 : Operation 2585 [1/1] (0.00ns)   --->   "%zext_ln121_236 = zext i7 %tmp_192" [firmware/nnet_utils/nnet_activation.h:121]   --->   Operation 2585 'zext' 'zext_ln121_236' <Predicate = true> <Delay = 0.00>
ST_7 : Operation 2586 [1/1] (0.00ns)   --->   "%zext_ln121_89 = zext i1 %tmp_393" [firmware/nnet_utils/nnet_activation.h:121]   --->   Operation 2586 'zext' 'zext_ln121_89' <Predicate = true> <Delay = 0.00>
ST_7 : Operation 2587 [1/1] (2.03ns)   --->   "%add_ln121_44 = add i8 %zext_ln121_236, i8 %zext_ln121_89" [firmware/nnet_utils/nnet_activation.h:121]   --->   Operation 2587 'add' 'add_ln121_44' <Predicate = true> <Delay = 2.03> <CoreInst = "Adder">   --->   Core 1 'Adder' <Latency = 0> <II = 1> <Delay = 2.03> <FuncUnit> <Opcode : 'add' 'sub'> <InPorts = 2> <OutPorts = 1>
ST_7 : Operation 2588 [1/1] (0.00ns)   --->   "%zext_ln115_44 = zext i8 %add_ln121_44" [firmware/nnet_utils/nnet_activation.h:115]   --->   Operation 2588 'zext' 'zext_ln115_44' <Predicate = true> <Delay = 0.00>
ST_7 : Operation 2589 [1/1] (0.00ns)   --->   "%zext_ln121_237 = zext i7 %tmp_199" [firmware/nnet_utils/nnet_activation.h:121]   --->   Operation 2589 'zext' 'zext_ln121_237' <Predicate = true> <Delay = 0.00>
ST_7 : Operation 2590 [1/1] (0.00ns)   --->   "%zext_ln121_91 = zext i1 %tmp_400" [firmware/nnet_utils/nnet_activation.h:121]   --->   Operation 2590 'zext' 'zext_ln121_91' <Predicate = true> <Delay = 0.00>
ST_7 : Operation 2591 [1/1] (2.03ns)   --->   "%add_ln121_45 = add i8 %zext_ln121_237, i8 %zext_ln121_91" [firmware/nnet_utils/nnet_activation.h:121]   --->   Operation 2591 'add' 'add_ln121_45' <Predicate = true> <Delay = 2.03> <CoreInst = "Adder">   --->   Core 1 'Adder' <Latency = 0> <II = 1> <Delay = 2.03> <FuncUnit> <Opcode : 'add' 'sub'> <InPorts = 2> <OutPorts = 1>
ST_7 : Operation 2592 [1/1] (0.00ns)   --->   "%zext_ln115_45 = zext i8 %add_ln121_45" [firmware/nnet_utils/nnet_activation.h:115]   --->   Operation 2592 'zext' 'zext_ln115_45' <Predicate = true> <Delay = 0.00>
ST_7 : Operation 2593 [1/1] (0.00ns)   --->   "%zext_ln121_238 = zext i7 %tmp_207" [firmware/nnet_utils/nnet_activation.h:121]   --->   Operation 2593 'zext' 'zext_ln121_238' <Predicate = true> <Delay = 0.00>
ST_7 : Operation 2594 [1/1] (0.00ns)   --->   "%zext_ln121_93 = zext i1 %tmp_406" [firmware/nnet_utils/nnet_activation.h:121]   --->   Operation 2594 'zext' 'zext_ln121_93' <Predicate = true> <Delay = 0.00>
ST_7 : Operation 2595 [1/1] (2.03ns)   --->   "%add_ln121_46 = add i8 %zext_ln121_238, i8 %zext_ln121_93" [firmware/nnet_utils/nnet_activation.h:121]   --->   Operation 2595 'add' 'add_ln121_46' <Predicate = true> <Delay = 2.03> <CoreInst = "Adder">   --->   Core 1 'Adder' <Latency = 0> <II = 1> <Delay = 2.03> <FuncUnit> <Opcode : 'add' 'sub'> <InPorts = 2> <OutPorts = 1>
ST_7 : Operation 2596 [1/1] (0.00ns)   --->   "%zext_ln115_46 = zext i8 %add_ln121_46" [firmware/nnet_utils/nnet_activation.h:115]   --->   Operation 2596 'zext' 'zext_ln115_46' <Predicate = true> <Delay = 0.00>
ST_7 : Operation 2597 [1/1] (0.00ns)   --->   "%zext_ln121_239 = zext i7 %tmp_214" [firmware/nnet_utils/nnet_activation.h:121]   --->   Operation 2597 'zext' 'zext_ln121_239' <Predicate = true> <Delay = 0.00>
ST_7 : Operation 2598 [1/1] (0.00ns)   --->   "%zext_ln121_95 = zext i1 %tmp_413" [firmware/nnet_utils/nnet_activation.h:121]   --->   Operation 2598 'zext' 'zext_ln121_95' <Predicate = true> <Delay = 0.00>
ST_7 : Operation 2599 [1/1] (2.03ns)   --->   "%add_ln121_47 = add i8 %zext_ln121_239, i8 %zext_ln121_95" [firmware/nnet_utils/nnet_activation.h:121]   --->   Operation 2599 'add' 'add_ln121_47' <Predicate = true> <Delay = 2.03> <CoreInst = "Adder">   --->   Core 1 'Adder' <Latency = 0> <II = 1> <Delay = 2.03> <FuncUnit> <Opcode : 'add' 'sub'> <InPorts = 2> <OutPorts = 1>
ST_7 : Operation 2600 [1/1] (0.00ns)   --->   "%zext_ln115_47 = zext i8 %add_ln121_47" [firmware/nnet_utils/nnet_activation.h:115]   --->   Operation 2600 'zext' 'zext_ln115_47' <Predicate = true> <Delay = 0.00>
ST_7 : Operation 2601 [1/1] (0.00ns)   --->   "%zext_ln121_240 = zext i7 %tmp_222" [firmware/nnet_utils/nnet_activation.h:121]   --->   Operation 2601 'zext' 'zext_ln121_240' <Predicate = true> <Delay = 0.00>
ST_7 : Operation 2602 [1/1] (0.00ns)   --->   "%zext_ln121_97 = zext i1 %tmp_420" [firmware/nnet_utils/nnet_activation.h:121]   --->   Operation 2602 'zext' 'zext_ln121_97' <Predicate = true> <Delay = 0.00>
ST_7 : Operation 2603 [1/1] (2.03ns)   --->   "%add_ln121_48 = add i8 %zext_ln121_240, i8 %zext_ln121_97" [firmware/nnet_utils/nnet_activation.h:121]   --->   Operation 2603 'add' 'add_ln121_48' <Predicate = true> <Delay = 2.03> <CoreInst = "Adder">   --->   Core 1 'Adder' <Latency = 0> <II = 1> <Delay = 2.03> <FuncUnit> <Opcode : 'add' 'sub'> <InPorts = 2> <OutPorts = 1>
ST_7 : Operation 2604 [1/1] (0.00ns)   --->   "%zext_ln115_48 = zext i8 %add_ln121_48" [firmware/nnet_utils/nnet_activation.h:115]   --->   Operation 2604 'zext' 'zext_ln115_48' <Predicate = true> <Delay = 0.00>
ST_7 : Operation 2605 [1/1] (0.00ns)   --->   "%zext_ln121_241 = zext i7 %tmp_229" [firmware/nnet_utils/nnet_activation.h:121]   --->   Operation 2605 'zext' 'zext_ln121_241' <Predicate = true> <Delay = 0.00>
ST_7 : Operation 2606 [1/1] (0.00ns)   --->   "%zext_ln121_99 = zext i1 %tmp_426" [firmware/nnet_utils/nnet_activation.h:121]   --->   Operation 2606 'zext' 'zext_ln121_99' <Predicate = true> <Delay = 0.00>
ST_7 : Operation 2607 [1/1] (2.03ns)   --->   "%add_ln121_49 = add i8 %zext_ln121_241, i8 %zext_ln121_99" [firmware/nnet_utils/nnet_activation.h:121]   --->   Operation 2607 'add' 'add_ln121_49' <Predicate = true> <Delay = 2.03> <CoreInst = "Adder">   --->   Core 1 'Adder' <Latency = 0> <II = 1> <Delay = 2.03> <FuncUnit> <Opcode : 'add' 'sub'> <InPorts = 2> <OutPorts = 1>
ST_7 : Operation 2608 [1/1] (0.00ns)   --->   "%zext_ln115_49 = zext i8 %add_ln121_49" [firmware/nnet_utils/nnet_activation.h:115]   --->   Operation 2608 'zext' 'zext_ln115_49' <Predicate = true> <Delay = 0.00>
ST_7 : Operation 2609 [1/1] (0.00ns)   --->   "%zext_ln121_242 = zext i7 %tmp_237" [firmware/nnet_utils/nnet_activation.h:121]   --->   Operation 2609 'zext' 'zext_ln121_242' <Predicate = true> <Delay = 0.00>
ST_7 : Operation 2610 [1/1] (0.00ns)   --->   "%zext_ln121_101 = zext i1 %tmp_433" [firmware/nnet_utils/nnet_activation.h:121]   --->   Operation 2610 'zext' 'zext_ln121_101' <Predicate = true> <Delay = 0.00>
ST_7 : Operation 2611 [1/1] (2.03ns)   --->   "%add_ln121_50 = add i8 %zext_ln121_242, i8 %zext_ln121_101" [firmware/nnet_utils/nnet_activation.h:121]   --->   Operation 2611 'add' 'add_ln121_50' <Predicate = true> <Delay = 2.03> <CoreInst = "Adder">   --->   Core 1 'Adder' <Latency = 0> <II = 1> <Delay = 2.03> <FuncUnit> <Opcode : 'add' 'sub'> <InPorts = 2> <OutPorts = 1>
ST_7 : Operation 2612 [1/1] (0.00ns)   --->   "%zext_ln115_50 = zext i8 %add_ln121_50" [firmware/nnet_utils/nnet_activation.h:115]   --->   Operation 2612 'zext' 'zext_ln115_50' <Predicate = true> <Delay = 0.00>
ST_7 : Operation 2613 [1/1] (0.00ns)   --->   "%zext_ln121_243 = zext i7 %tmp_244" [firmware/nnet_utils/nnet_activation.h:121]   --->   Operation 2613 'zext' 'zext_ln121_243' <Predicate = true> <Delay = 0.00>
ST_7 : Operation 2614 [1/1] (0.00ns)   --->   "%zext_ln121_103 = zext i1 %tmp_440" [firmware/nnet_utils/nnet_activation.h:121]   --->   Operation 2614 'zext' 'zext_ln121_103' <Predicate = true> <Delay = 0.00>
ST_7 : Operation 2615 [1/1] (2.03ns)   --->   "%add_ln121_51 = add i8 %zext_ln121_243, i8 %zext_ln121_103" [firmware/nnet_utils/nnet_activation.h:121]   --->   Operation 2615 'add' 'add_ln121_51' <Predicate = true> <Delay = 2.03> <CoreInst = "Adder">   --->   Core 1 'Adder' <Latency = 0> <II = 1> <Delay = 2.03> <FuncUnit> <Opcode : 'add' 'sub'> <InPorts = 2> <OutPorts = 1>
ST_7 : Operation 2616 [1/1] (0.00ns)   --->   "%zext_ln115_51 = zext i8 %add_ln121_51" [firmware/nnet_utils/nnet_activation.h:115]   --->   Operation 2616 'zext' 'zext_ln115_51' <Predicate = true> <Delay = 0.00>
ST_7 : Operation 2617 [1/1] (0.00ns)   --->   "%zext_ln121_244 = zext i7 %tmp_252" [firmware/nnet_utils/nnet_activation.h:121]   --->   Operation 2617 'zext' 'zext_ln121_244' <Predicate = true> <Delay = 0.00>
ST_7 : Operation 2618 [1/1] (0.00ns)   --->   "%zext_ln121_105 = zext i1 %tmp_446" [firmware/nnet_utils/nnet_activation.h:121]   --->   Operation 2618 'zext' 'zext_ln121_105' <Predicate = true> <Delay = 0.00>
ST_7 : Operation 2619 [1/1] (2.03ns)   --->   "%add_ln121_52 = add i8 %zext_ln121_244, i8 %zext_ln121_105" [firmware/nnet_utils/nnet_activation.h:121]   --->   Operation 2619 'add' 'add_ln121_52' <Predicate = true> <Delay = 2.03> <CoreInst = "Adder">   --->   Core 1 'Adder' <Latency = 0> <II = 1> <Delay = 2.03> <FuncUnit> <Opcode : 'add' 'sub'> <InPorts = 2> <OutPorts = 1>
ST_7 : Operation 2620 [1/1] (0.00ns)   --->   "%zext_ln115_52 = zext i8 %add_ln121_52" [firmware/nnet_utils/nnet_activation.h:115]   --->   Operation 2620 'zext' 'zext_ln115_52' <Predicate = true> <Delay = 0.00>
ST_7 : Operation 2621 [1/1] (0.00ns)   --->   "%zext_ln121_245 = zext i7 %tmp_259" [firmware/nnet_utils/nnet_activation.h:121]   --->   Operation 2621 'zext' 'zext_ln121_245' <Predicate = true> <Delay = 0.00>
ST_7 : Operation 2622 [1/1] (0.00ns)   --->   "%zext_ln121_107 = zext i1 %tmp_453" [firmware/nnet_utils/nnet_activation.h:121]   --->   Operation 2622 'zext' 'zext_ln121_107' <Predicate = true> <Delay = 0.00>
ST_7 : Operation 2623 [1/1] (2.03ns)   --->   "%add_ln121_53 = add i8 %zext_ln121_245, i8 %zext_ln121_107" [firmware/nnet_utils/nnet_activation.h:121]   --->   Operation 2623 'add' 'add_ln121_53' <Predicate = true> <Delay = 2.03> <CoreInst = "Adder">   --->   Core 1 'Adder' <Latency = 0> <II = 1> <Delay = 2.03> <FuncUnit> <Opcode : 'add' 'sub'> <InPorts = 2> <OutPorts = 1>
ST_7 : Operation 2624 [1/1] (0.00ns)   --->   "%zext_ln115_53 = zext i8 %add_ln121_53" [firmware/nnet_utils/nnet_activation.h:115]   --->   Operation 2624 'zext' 'zext_ln115_53' <Predicate = true> <Delay = 0.00>
ST_7 : Operation 2625 [1/1] (0.00ns)   --->   "%zext_ln121_246 = zext i7 %tmp_267" [firmware/nnet_utils/nnet_activation.h:121]   --->   Operation 2625 'zext' 'zext_ln121_246' <Predicate = true> <Delay = 0.00>
ST_7 : Operation 2626 [1/1] (0.00ns)   --->   "%zext_ln121_109 = zext i1 %tmp_460" [firmware/nnet_utils/nnet_activation.h:121]   --->   Operation 2626 'zext' 'zext_ln121_109' <Predicate = true> <Delay = 0.00>
ST_7 : Operation 2627 [1/1] (2.03ns)   --->   "%add_ln121_54 = add i8 %zext_ln121_246, i8 %zext_ln121_109" [firmware/nnet_utils/nnet_activation.h:121]   --->   Operation 2627 'add' 'add_ln121_54' <Predicate = true> <Delay = 2.03> <CoreInst = "Adder">   --->   Core 1 'Adder' <Latency = 0> <II = 1> <Delay = 2.03> <FuncUnit> <Opcode : 'add' 'sub'> <InPorts = 2> <OutPorts = 1>
ST_7 : Operation 2628 [1/1] (0.00ns)   --->   "%zext_ln115_54 = zext i8 %add_ln121_54" [firmware/nnet_utils/nnet_activation.h:115]   --->   Operation 2628 'zext' 'zext_ln115_54' <Predicate = true> <Delay = 0.00>
ST_7 : Operation 2629 [1/1] (0.00ns)   --->   "%zext_ln121_247 = zext i7 %tmp_274" [firmware/nnet_utils/nnet_activation.h:121]   --->   Operation 2629 'zext' 'zext_ln121_247' <Predicate = true> <Delay = 0.00>
ST_7 : Operation 2630 [1/1] (0.00ns)   --->   "%zext_ln121_111 = zext i1 %tmp_466" [firmware/nnet_utils/nnet_activation.h:121]   --->   Operation 2630 'zext' 'zext_ln121_111' <Predicate = true> <Delay = 0.00>
ST_7 : Operation 2631 [1/1] (2.03ns)   --->   "%add_ln121_55 = add i8 %zext_ln121_247, i8 %zext_ln121_111" [firmware/nnet_utils/nnet_activation.h:121]   --->   Operation 2631 'add' 'add_ln121_55' <Predicate = true> <Delay = 2.03> <CoreInst = "Adder">   --->   Core 1 'Adder' <Latency = 0> <II = 1> <Delay = 2.03> <FuncUnit> <Opcode : 'add' 'sub'> <InPorts = 2> <OutPorts = 1>
ST_7 : Operation 2632 [1/1] (0.00ns)   --->   "%zext_ln115_55 = zext i8 %add_ln121_55" [firmware/nnet_utils/nnet_activation.h:115]   --->   Operation 2632 'zext' 'zext_ln115_55' <Predicate = true> <Delay = 0.00>
ST_7 : Operation 2633 [1/1] (0.00ns)   --->   "%zext_ln121_248 = zext i7 %tmp_282" [firmware/nnet_utils/nnet_activation.h:121]   --->   Operation 2633 'zext' 'zext_ln121_248' <Predicate = true> <Delay = 0.00>
ST_7 : Operation 2634 [1/1] (0.00ns)   --->   "%zext_ln121_113 = zext i1 %tmp_473" [firmware/nnet_utils/nnet_activation.h:121]   --->   Operation 2634 'zext' 'zext_ln121_113' <Predicate = true> <Delay = 0.00>
ST_7 : Operation 2635 [1/1] (2.03ns)   --->   "%add_ln121_56 = add i8 %zext_ln121_248, i8 %zext_ln121_113" [firmware/nnet_utils/nnet_activation.h:121]   --->   Operation 2635 'add' 'add_ln121_56' <Predicate = true> <Delay = 2.03> <CoreInst = "Adder">   --->   Core 1 'Adder' <Latency = 0> <II = 1> <Delay = 2.03> <FuncUnit> <Opcode : 'add' 'sub'> <InPorts = 2> <OutPorts = 1>
ST_7 : Operation 2636 [1/1] (0.00ns)   --->   "%zext_ln115_56 = zext i8 %add_ln121_56" [firmware/nnet_utils/nnet_activation.h:115]   --->   Operation 2636 'zext' 'zext_ln115_56' <Predicate = true> <Delay = 0.00>
ST_7 : Operation 2637 [1/1] (0.00ns)   --->   "%zext_ln121_249 = zext i7 %tmp_479" [firmware/nnet_utils/nnet_activation.h:121]   --->   Operation 2637 'zext' 'zext_ln121_249' <Predicate = true> <Delay = 0.00>
ST_7 : Operation 2638 [1/1] (0.00ns)   --->   "%zext_ln121_115 = zext i1 %tmp_480" [firmware/nnet_utils/nnet_activation.h:121]   --->   Operation 2638 'zext' 'zext_ln121_115' <Predicate = true> <Delay = 0.00>
ST_7 : Operation 2639 [1/1] (2.03ns)   --->   "%add_ln121_57 = add i8 %zext_ln121_249, i8 %zext_ln121_115" [firmware/nnet_utils/nnet_activation.h:121]   --->   Operation 2639 'add' 'add_ln121_57' <Predicate = true> <Delay = 2.03> <CoreInst = "Adder">   --->   Core 1 'Adder' <Latency = 0> <II = 1> <Delay = 2.03> <FuncUnit> <Opcode : 'add' 'sub'> <InPorts = 2> <OutPorts = 1>
ST_7 : Operation 2640 [1/1] (0.00ns)   --->   "%zext_ln115_57 = zext i8 %add_ln121_57" [firmware/nnet_utils/nnet_activation.h:115]   --->   Operation 2640 'zext' 'zext_ln115_57' <Predicate = true> <Delay = 0.00>
ST_7 : Operation 2641 [1/1] (0.00ns)   --->   "%zext_ln121_250 = zext i7 %tmp_484" [firmware/nnet_utils/nnet_activation.h:121]   --->   Operation 2641 'zext' 'zext_ln121_250' <Predicate = true> <Delay = 0.00>
ST_7 : Operation 2642 [1/1] (0.00ns)   --->   "%zext_ln121_117 = zext i1 %tmp_485" [firmware/nnet_utils/nnet_activation.h:121]   --->   Operation 2642 'zext' 'zext_ln121_117' <Predicate = true> <Delay = 0.00>
ST_7 : Operation 2643 [1/1] (2.03ns)   --->   "%add_ln121_58 = add i8 %zext_ln121_250, i8 %zext_ln121_117" [firmware/nnet_utils/nnet_activation.h:121]   --->   Operation 2643 'add' 'add_ln121_58' <Predicate = true> <Delay = 2.03> <CoreInst = "Adder">   --->   Core 1 'Adder' <Latency = 0> <II = 1> <Delay = 2.03> <FuncUnit> <Opcode : 'add' 'sub'> <InPorts = 2> <OutPorts = 1>
ST_7 : Operation 2644 [1/1] (0.00ns)   --->   "%zext_ln115_58 = zext i8 %add_ln121_58" [firmware/nnet_utils/nnet_activation.h:115]   --->   Operation 2644 'zext' 'zext_ln115_58' <Predicate = true> <Delay = 0.00>
ST_7 : Operation 2645 [1/1] (0.00ns)   --->   "%zext_ln121_251 = zext i7 %tmp_489" [firmware/nnet_utils/nnet_activation.h:121]   --->   Operation 2645 'zext' 'zext_ln121_251' <Predicate = true> <Delay = 0.00>
ST_7 : Operation 2646 [1/1] (0.00ns)   --->   "%zext_ln121_119 = zext i1 %tmp_490" [firmware/nnet_utils/nnet_activation.h:121]   --->   Operation 2646 'zext' 'zext_ln121_119' <Predicate = true> <Delay = 0.00>
ST_7 : Operation 2647 [1/1] (2.03ns)   --->   "%add_ln121_59 = add i8 %zext_ln121_251, i8 %zext_ln121_119" [firmware/nnet_utils/nnet_activation.h:121]   --->   Operation 2647 'add' 'add_ln121_59' <Predicate = true> <Delay = 2.03> <CoreInst = "Adder">   --->   Core 1 'Adder' <Latency = 0> <II = 1> <Delay = 2.03> <FuncUnit> <Opcode : 'add' 'sub'> <InPorts = 2> <OutPorts = 1>
ST_7 : Operation 2648 [1/1] (0.00ns)   --->   "%zext_ln115_59 = zext i8 %add_ln121_59" [firmware/nnet_utils/nnet_activation.h:115]   --->   Operation 2648 'zext' 'zext_ln115_59' <Predicate = true> <Delay = 0.00>
ST_7 : Operation 2649 [1/1] (0.00ns)   --->   "%zext_ln121_252 = zext i7 %tmp_494" [firmware/nnet_utils/nnet_activation.h:121]   --->   Operation 2649 'zext' 'zext_ln121_252' <Predicate = true> <Delay = 0.00>
ST_7 : Operation 2650 [1/1] (0.00ns)   --->   "%zext_ln121_121 = zext i1 %tmp_495" [firmware/nnet_utils/nnet_activation.h:121]   --->   Operation 2650 'zext' 'zext_ln121_121' <Predicate = true> <Delay = 0.00>
ST_7 : Operation 2651 [1/1] (2.03ns)   --->   "%add_ln121_60 = add i8 %zext_ln121_252, i8 %zext_ln121_121" [firmware/nnet_utils/nnet_activation.h:121]   --->   Operation 2651 'add' 'add_ln121_60' <Predicate = true> <Delay = 2.03> <CoreInst = "Adder">   --->   Core 1 'Adder' <Latency = 0> <II = 1> <Delay = 2.03> <FuncUnit> <Opcode : 'add' 'sub'> <InPorts = 2> <OutPorts = 1>
ST_7 : Operation 2652 [1/1] (0.00ns)   --->   "%zext_ln115_60 = zext i8 %add_ln121_60" [firmware/nnet_utils/nnet_activation.h:115]   --->   Operation 2652 'zext' 'zext_ln115_60' <Predicate = true> <Delay = 0.00>
ST_7 : Operation 2653 [1/1] (0.00ns)   --->   "%zext_ln121_253 = zext i7 %tmp_499" [firmware/nnet_utils/nnet_activation.h:121]   --->   Operation 2653 'zext' 'zext_ln121_253' <Predicate = true> <Delay = 0.00>
ST_7 : Operation 2654 [1/1] (0.00ns)   --->   "%zext_ln121_123 = zext i1 %tmp_500" [firmware/nnet_utils/nnet_activation.h:121]   --->   Operation 2654 'zext' 'zext_ln121_123' <Predicate = true> <Delay = 0.00>
ST_7 : Operation 2655 [1/1] (2.03ns)   --->   "%add_ln121_61 = add i8 %zext_ln121_253, i8 %zext_ln121_123" [firmware/nnet_utils/nnet_activation.h:121]   --->   Operation 2655 'add' 'add_ln121_61' <Predicate = true> <Delay = 2.03> <CoreInst = "Adder">   --->   Core 1 'Adder' <Latency = 0> <II = 1> <Delay = 2.03> <FuncUnit> <Opcode : 'add' 'sub'> <InPorts = 2> <OutPorts = 1>
ST_7 : Operation 2656 [1/1] (0.00ns)   --->   "%zext_ln115_61 = zext i8 %add_ln121_61" [firmware/nnet_utils/nnet_activation.h:115]   --->   Operation 2656 'zext' 'zext_ln115_61' <Predicate = true> <Delay = 0.00>
ST_7 : Operation 2657 [1/1] (0.00ns)   --->   "%zext_ln121_254 = zext i7 %tmp_504" [firmware/nnet_utils/nnet_activation.h:121]   --->   Operation 2657 'zext' 'zext_ln121_254' <Predicate = true> <Delay = 0.00>
ST_7 : Operation 2658 [1/1] (0.00ns)   --->   "%zext_ln121_125 = zext i1 %tmp_505" [firmware/nnet_utils/nnet_activation.h:121]   --->   Operation 2658 'zext' 'zext_ln121_125' <Predicate = true> <Delay = 0.00>
ST_7 : Operation 2659 [1/1] (2.03ns)   --->   "%add_ln121_62 = add i8 %zext_ln121_254, i8 %zext_ln121_125" [firmware/nnet_utils/nnet_activation.h:121]   --->   Operation 2659 'add' 'add_ln121_62' <Predicate = true> <Delay = 2.03> <CoreInst = "Adder">   --->   Core 1 'Adder' <Latency = 0> <II = 1> <Delay = 2.03> <FuncUnit> <Opcode : 'add' 'sub'> <InPorts = 2> <OutPorts = 1>
ST_7 : Operation 2660 [1/1] (0.00ns)   --->   "%zext_ln115_62 = zext i8 %add_ln121_62" [firmware/nnet_utils/nnet_activation.h:115]   --->   Operation 2660 'zext' 'zext_ln115_62' <Predicate = true> <Delay = 0.00>
ST_7 : Operation 2661 [1/1] (0.00ns)   --->   "%zext_ln121_255 = zext i7 %tmp_509" [firmware/nnet_utils/nnet_activation.h:121]   --->   Operation 2661 'zext' 'zext_ln121_255' <Predicate = true> <Delay = 0.00>
ST_7 : Operation 2662 [1/1] (0.00ns)   --->   "%zext_ln121_127 = zext i1 %tmp_510" [firmware/nnet_utils/nnet_activation.h:121]   --->   Operation 2662 'zext' 'zext_ln121_127' <Predicate = true> <Delay = 0.00>
ST_7 : Operation 2663 [1/1] (2.03ns)   --->   "%add_ln121_63 = add i8 %zext_ln121_255, i8 %zext_ln121_127" [firmware/nnet_utils/nnet_activation.h:121]   --->   Operation 2663 'add' 'add_ln121_63' <Predicate = true> <Delay = 2.03> <CoreInst = "Adder">   --->   Core 1 'Adder' <Latency = 0> <II = 1> <Delay = 2.03> <FuncUnit> <Opcode : 'add' 'sub'> <InPorts = 2> <OutPorts = 1>
ST_7 : Operation 2664 [1/1] (0.00ns)   --->   "%zext_ln115_63 = zext i8 %add_ln121_63" [firmware/nnet_utils/nnet_activation.h:115]   --->   Operation 2664 'zext' 'zext_ln115_63' <Predicate = true> <Delay = 0.00>
ST_7 : Operation 2665 [1/1] (0.00ns)   --->   "%zext_ln121_256 = zext i7 %tmp_514" [firmware/nnet_utils/nnet_activation.h:121]   --->   Operation 2665 'zext' 'zext_ln121_256' <Predicate = true> <Delay = 0.00>
ST_7 : Operation 2666 [1/1] (0.00ns)   --->   "%zext_ln121_129 = zext i1 %tmp_515" [firmware/nnet_utils/nnet_activation.h:121]   --->   Operation 2666 'zext' 'zext_ln121_129' <Predicate = true> <Delay = 0.00>
ST_7 : Operation 2667 [1/1] (2.03ns)   --->   "%add_ln121_64 = add i8 %zext_ln121_256, i8 %zext_ln121_129" [firmware/nnet_utils/nnet_activation.h:121]   --->   Operation 2667 'add' 'add_ln121_64' <Predicate = true> <Delay = 2.03> <CoreInst = "Adder">   --->   Core 1 'Adder' <Latency = 0> <II = 1> <Delay = 2.03> <FuncUnit> <Opcode : 'add' 'sub'> <InPorts = 2> <OutPorts = 1>
ST_7 : Operation 2668 [1/1] (0.00ns)   --->   "%zext_ln115_64 = zext i8 %add_ln121_64" [firmware/nnet_utils/nnet_activation.h:115]   --->   Operation 2668 'zext' 'zext_ln115_64' <Predicate = true> <Delay = 0.00>
ST_7 : Operation 2669 [1/1] (0.00ns)   --->   "%zext_ln121_257 = zext i7 %tmp_519" [firmware/nnet_utils/nnet_activation.h:121]   --->   Operation 2669 'zext' 'zext_ln121_257' <Predicate = true> <Delay = 0.00>
ST_7 : Operation 2670 [1/1] (0.00ns)   --->   "%zext_ln121_131 = zext i1 %tmp_520" [firmware/nnet_utils/nnet_activation.h:121]   --->   Operation 2670 'zext' 'zext_ln121_131' <Predicate = true> <Delay = 0.00>
ST_7 : Operation 2671 [1/1] (2.03ns)   --->   "%add_ln121_65 = add i8 %zext_ln121_257, i8 %zext_ln121_131" [firmware/nnet_utils/nnet_activation.h:121]   --->   Operation 2671 'add' 'add_ln121_65' <Predicate = true> <Delay = 2.03> <CoreInst = "Adder">   --->   Core 1 'Adder' <Latency = 0> <II = 1> <Delay = 2.03> <FuncUnit> <Opcode : 'add' 'sub'> <InPorts = 2> <OutPorts = 1>
ST_7 : Operation 2672 [1/1] (0.00ns)   --->   "%zext_ln115_65 = zext i8 %add_ln121_65" [firmware/nnet_utils/nnet_activation.h:115]   --->   Operation 2672 'zext' 'zext_ln115_65' <Predicate = true> <Delay = 0.00>
ST_7 : Operation 2673 [1/1] (0.00ns)   --->   "%zext_ln121_258 = zext i7 %tmp_524" [firmware/nnet_utils/nnet_activation.h:121]   --->   Operation 2673 'zext' 'zext_ln121_258' <Predicate = true> <Delay = 0.00>
ST_7 : Operation 2674 [1/1] (0.00ns)   --->   "%zext_ln121_133 = zext i1 %tmp_525" [firmware/nnet_utils/nnet_activation.h:121]   --->   Operation 2674 'zext' 'zext_ln121_133' <Predicate = true> <Delay = 0.00>
ST_7 : Operation 2675 [1/1] (2.03ns)   --->   "%add_ln121_66 = add i8 %zext_ln121_258, i8 %zext_ln121_133" [firmware/nnet_utils/nnet_activation.h:121]   --->   Operation 2675 'add' 'add_ln121_66' <Predicate = true> <Delay = 2.03> <CoreInst = "Adder">   --->   Core 1 'Adder' <Latency = 0> <II = 1> <Delay = 2.03> <FuncUnit> <Opcode : 'add' 'sub'> <InPorts = 2> <OutPorts = 1>
ST_7 : Operation 2676 [1/1] (0.00ns)   --->   "%zext_ln115_66 = zext i8 %add_ln121_66" [firmware/nnet_utils/nnet_activation.h:115]   --->   Operation 2676 'zext' 'zext_ln115_66' <Predicate = true> <Delay = 0.00>
ST_7 : Operation 2677 [1/1] (0.00ns)   --->   "%zext_ln121_259 = zext i7 %tmp_529" [firmware/nnet_utils/nnet_activation.h:121]   --->   Operation 2677 'zext' 'zext_ln121_259' <Predicate = true> <Delay = 0.00>
ST_7 : Operation 2678 [1/1] (0.00ns)   --->   "%zext_ln121_135 = zext i1 %tmp_530" [firmware/nnet_utils/nnet_activation.h:121]   --->   Operation 2678 'zext' 'zext_ln121_135' <Predicate = true> <Delay = 0.00>
ST_7 : Operation 2679 [1/1] (2.03ns)   --->   "%add_ln121_67 = add i8 %zext_ln121_259, i8 %zext_ln121_135" [firmware/nnet_utils/nnet_activation.h:121]   --->   Operation 2679 'add' 'add_ln121_67' <Predicate = true> <Delay = 2.03> <CoreInst = "Adder">   --->   Core 1 'Adder' <Latency = 0> <II = 1> <Delay = 2.03> <FuncUnit> <Opcode : 'add' 'sub'> <InPorts = 2> <OutPorts = 1>
ST_7 : Operation 2680 [1/1] (0.00ns)   --->   "%zext_ln115_67 = zext i8 %add_ln121_67" [firmware/nnet_utils/nnet_activation.h:115]   --->   Operation 2680 'zext' 'zext_ln115_67' <Predicate = true> <Delay = 0.00>
ST_7 : Operation 2681 [1/1] (0.00ns)   --->   "%zext_ln121_260 = zext i7 %tmp_534" [firmware/nnet_utils/nnet_activation.h:121]   --->   Operation 2681 'zext' 'zext_ln121_260' <Predicate = true> <Delay = 0.00>
ST_7 : Operation 2682 [1/1] (0.00ns)   --->   "%zext_ln121_137 = zext i1 %tmp_535" [firmware/nnet_utils/nnet_activation.h:121]   --->   Operation 2682 'zext' 'zext_ln121_137' <Predicate = true> <Delay = 0.00>
ST_7 : Operation 2683 [1/1] (2.03ns)   --->   "%add_ln121_68 = add i8 %zext_ln121_260, i8 %zext_ln121_137" [firmware/nnet_utils/nnet_activation.h:121]   --->   Operation 2683 'add' 'add_ln121_68' <Predicate = true> <Delay = 2.03> <CoreInst = "Adder">   --->   Core 1 'Adder' <Latency = 0> <II = 1> <Delay = 2.03> <FuncUnit> <Opcode : 'add' 'sub'> <InPorts = 2> <OutPorts = 1>
ST_7 : Operation 2684 [1/1] (0.00ns)   --->   "%zext_ln115_68 = zext i8 %add_ln121_68" [firmware/nnet_utils/nnet_activation.h:115]   --->   Operation 2684 'zext' 'zext_ln115_68' <Predicate = true> <Delay = 0.00>
ST_7 : Operation 2685 [1/1] (0.00ns)   --->   "%zext_ln121_261 = zext i7 %tmp_539" [firmware/nnet_utils/nnet_activation.h:121]   --->   Operation 2685 'zext' 'zext_ln121_261' <Predicate = true> <Delay = 0.00>
ST_7 : Operation 2686 [1/1] (0.00ns)   --->   "%zext_ln121_139 = zext i1 %tmp_540" [firmware/nnet_utils/nnet_activation.h:121]   --->   Operation 2686 'zext' 'zext_ln121_139' <Predicate = true> <Delay = 0.00>
ST_7 : Operation 2687 [1/1] (2.03ns)   --->   "%add_ln121_69 = add i8 %zext_ln121_261, i8 %zext_ln121_139" [firmware/nnet_utils/nnet_activation.h:121]   --->   Operation 2687 'add' 'add_ln121_69' <Predicate = true> <Delay = 2.03> <CoreInst = "Adder">   --->   Core 1 'Adder' <Latency = 0> <II = 1> <Delay = 2.03> <FuncUnit> <Opcode : 'add' 'sub'> <InPorts = 2> <OutPorts = 1>
ST_7 : Operation 2688 [1/1] (0.00ns)   --->   "%zext_ln115_69 = zext i8 %add_ln121_69" [firmware/nnet_utils/nnet_activation.h:115]   --->   Operation 2688 'zext' 'zext_ln115_69' <Predicate = true> <Delay = 0.00>
ST_7 : Operation 2689 [1/1] (0.00ns)   --->   "%zext_ln121_262 = zext i7 %tmp_544" [firmware/nnet_utils/nnet_activation.h:121]   --->   Operation 2689 'zext' 'zext_ln121_262' <Predicate = true> <Delay = 0.00>
ST_7 : Operation 2690 [1/1] (0.00ns)   --->   "%zext_ln121_141 = zext i1 %tmp_545" [firmware/nnet_utils/nnet_activation.h:121]   --->   Operation 2690 'zext' 'zext_ln121_141' <Predicate = true> <Delay = 0.00>
ST_7 : Operation 2691 [1/1] (2.03ns)   --->   "%add_ln121_70 = add i8 %zext_ln121_262, i8 %zext_ln121_141" [firmware/nnet_utils/nnet_activation.h:121]   --->   Operation 2691 'add' 'add_ln121_70' <Predicate = true> <Delay = 2.03> <CoreInst = "Adder">   --->   Core 1 'Adder' <Latency = 0> <II = 1> <Delay = 2.03> <FuncUnit> <Opcode : 'add' 'sub'> <InPorts = 2> <OutPorts = 1>
ST_7 : Operation 2692 [1/1] (0.00ns)   --->   "%zext_ln115_70 = zext i8 %add_ln121_70" [firmware/nnet_utils/nnet_activation.h:115]   --->   Operation 2692 'zext' 'zext_ln115_70' <Predicate = true> <Delay = 0.00>
ST_7 : Operation 2693 [1/1] (0.00ns)   --->   "%zext_ln121_263 = zext i7 %tmp_549" [firmware/nnet_utils/nnet_activation.h:121]   --->   Operation 2693 'zext' 'zext_ln121_263' <Predicate = true> <Delay = 0.00>
ST_7 : Operation 2694 [1/1] (0.00ns)   --->   "%zext_ln121_143 = zext i1 %tmp_550" [firmware/nnet_utils/nnet_activation.h:121]   --->   Operation 2694 'zext' 'zext_ln121_143' <Predicate = true> <Delay = 0.00>
ST_7 : Operation 2695 [1/1] (2.03ns)   --->   "%add_ln121_71 = add i8 %zext_ln121_263, i8 %zext_ln121_143" [firmware/nnet_utils/nnet_activation.h:121]   --->   Operation 2695 'add' 'add_ln121_71' <Predicate = true> <Delay = 2.03> <CoreInst = "Adder">   --->   Core 1 'Adder' <Latency = 0> <II = 1> <Delay = 2.03> <FuncUnit> <Opcode : 'add' 'sub'> <InPorts = 2> <OutPorts = 1>
ST_7 : Operation 2696 [1/1] (0.00ns)   --->   "%zext_ln115_71 = zext i8 %add_ln121_71" [firmware/nnet_utils/nnet_activation.h:115]   --->   Operation 2696 'zext' 'zext_ln115_71' <Predicate = true> <Delay = 0.00>
ST_7 : Operation 2697 [1/1] (0.00ns)   --->   "%zext_ln121_264 = zext i7 %tmp_551" [firmware/nnet_utils/nnet_activation.h:121]   --->   Operation 2697 'zext' 'zext_ln121_264' <Predicate = true> <Delay = 0.00>
ST_7 : Operation 2698 [1/1] (0.00ns)   --->   "%zext_ln121_145 = zext i1 %tmp_578" [firmware/nnet_utils/nnet_activation.h:121]   --->   Operation 2698 'zext' 'zext_ln121_145' <Predicate = true> <Delay = 0.00>
ST_7 : Operation 2699 [1/1] (2.03ns)   --->   "%add_ln121_72 = add i8 %zext_ln121_264, i8 %zext_ln121_145" [firmware/nnet_utils/nnet_activation.h:121]   --->   Operation 2699 'add' 'add_ln121_72' <Predicate = true> <Delay = 2.03> <CoreInst = "Adder">   --->   Core 1 'Adder' <Latency = 0> <II = 1> <Delay = 2.03> <FuncUnit> <Opcode : 'add' 'sub'> <InPorts = 2> <OutPorts = 1>
ST_7 : Operation 2700 [1/1] (0.00ns)   --->   "%zext_ln115_72 = zext i8 %add_ln121_72" [firmware/nnet_utils/nnet_activation.h:115]   --->   Operation 2700 'zext' 'zext_ln115_72' <Predicate = true> <Delay = 0.00>
ST_7 : Operation 2701 [1/1] (0.00ns)   --->   "%zext_ln121_265 = zext i7 %tmp_552" [firmware/nnet_utils/nnet_activation.h:121]   --->   Operation 2701 'zext' 'zext_ln121_265' <Predicate = true> <Delay = 0.00>
ST_7 : Operation 2702 [1/1] (0.00ns)   --->   "%zext_ln121_147 = zext i1 %tmp_582" [firmware/nnet_utils/nnet_activation.h:121]   --->   Operation 2702 'zext' 'zext_ln121_147' <Predicate = true> <Delay = 0.00>
ST_7 : Operation 2703 [1/1] (2.03ns)   --->   "%add_ln121_73 = add i8 %zext_ln121_265, i8 %zext_ln121_147" [firmware/nnet_utils/nnet_activation.h:121]   --->   Operation 2703 'add' 'add_ln121_73' <Predicate = true> <Delay = 2.03> <CoreInst = "Adder">   --->   Core 1 'Adder' <Latency = 0> <II = 1> <Delay = 2.03> <FuncUnit> <Opcode : 'add' 'sub'> <InPorts = 2> <OutPorts = 1>
ST_7 : Operation 2704 [1/1] (0.00ns)   --->   "%zext_ln115_73 = zext i8 %add_ln121_73" [firmware/nnet_utils/nnet_activation.h:115]   --->   Operation 2704 'zext' 'zext_ln115_73' <Predicate = true> <Delay = 0.00>
ST_7 : Operation 2705 [1/1] (0.00ns)   --->   "%zext_ln121_266 = zext i7 %tmp_553" [firmware/nnet_utils/nnet_activation.h:121]   --->   Operation 2705 'zext' 'zext_ln121_266' <Predicate = true> <Delay = 0.00>
ST_7 : Operation 2706 [1/1] (0.00ns)   --->   "%zext_ln121_149 = zext i1 %tmp_586" [firmware/nnet_utils/nnet_activation.h:121]   --->   Operation 2706 'zext' 'zext_ln121_149' <Predicate = true> <Delay = 0.00>
ST_7 : Operation 2707 [1/1] (2.03ns)   --->   "%add_ln121_74 = add i8 %zext_ln121_266, i8 %zext_ln121_149" [firmware/nnet_utils/nnet_activation.h:121]   --->   Operation 2707 'add' 'add_ln121_74' <Predicate = true> <Delay = 2.03> <CoreInst = "Adder">   --->   Core 1 'Adder' <Latency = 0> <II = 1> <Delay = 2.03> <FuncUnit> <Opcode : 'add' 'sub'> <InPorts = 2> <OutPorts = 1>
ST_7 : Operation 2708 [1/1] (0.00ns)   --->   "%zext_ln115_74 = zext i8 %add_ln121_74" [firmware/nnet_utils/nnet_activation.h:115]   --->   Operation 2708 'zext' 'zext_ln115_74' <Predicate = true> <Delay = 0.00>
ST_7 : Operation 2709 [1/1] (0.00ns)   --->   "%zext_ln121_267 = zext i7 %tmp_554" [firmware/nnet_utils/nnet_activation.h:121]   --->   Operation 2709 'zext' 'zext_ln121_267' <Predicate = true> <Delay = 0.00>
ST_7 : Operation 2710 [1/1] (0.00ns)   --->   "%zext_ln121_151 = zext i1 %tmp_590" [firmware/nnet_utils/nnet_activation.h:121]   --->   Operation 2710 'zext' 'zext_ln121_151' <Predicate = true> <Delay = 0.00>
ST_7 : Operation 2711 [1/1] (2.03ns)   --->   "%add_ln121_75 = add i8 %zext_ln121_267, i8 %zext_ln121_151" [firmware/nnet_utils/nnet_activation.h:121]   --->   Operation 2711 'add' 'add_ln121_75' <Predicate = true> <Delay = 2.03> <CoreInst = "Adder">   --->   Core 1 'Adder' <Latency = 0> <II = 1> <Delay = 2.03> <FuncUnit> <Opcode : 'add' 'sub'> <InPorts = 2> <OutPorts = 1>
ST_7 : Operation 2712 [1/1] (0.00ns)   --->   "%zext_ln115_75 = zext i8 %add_ln121_75" [firmware/nnet_utils/nnet_activation.h:115]   --->   Operation 2712 'zext' 'zext_ln115_75' <Predicate = true> <Delay = 0.00>
ST_7 : Operation 2713 [1/1] (0.00ns)   --->   "%zext_ln121_268 = zext i7 %tmp_555" [firmware/nnet_utils/nnet_activation.h:121]   --->   Operation 2713 'zext' 'zext_ln121_268' <Predicate = true> <Delay = 0.00>
ST_7 : Operation 2714 [1/1] (0.00ns)   --->   "%zext_ln121_153 = zext i1 %tmp_594" [firmware/nnet_utils/nnet_activation.h:121]   --->   Operation 2714 'zext' 'zext_ln121_153' <Predicate = true> <Delay = 0.00>
ST_7 : Operation 2715 [1/1] (2.03ns)   --->   "%add_ln121_76 = add i8 %zext_ln121_268, i8 %zext_ln121_153" [firmware/nnet_utils/nnet_activation.h:121]   --->   Operation 2715 'add' 'add_ln121_76' <Predicate = true> <Delay = 2.03> <CoreInst = "Adder">   --->   Core 1 'Adder' <Latency = 0> <II = 1> <Delay = 2.03> <FuncUnit> <Opcode : 'add' 'sub'> <InPorts = 2> <OutPorts = 1>
ST_7 : Operation 2716 [1/1] (0.00ns)   --->   "%zext_ln115_76 = zext i8 %add_ln121_76" [firmware/nnet_utils/nnet_activation.h:115]   --->   Operation 2716 'zext' 'zext_ln115_76' <Predicate = true> <Delay = 0.00>
ST_7 : Operation 2717 [1/1] (0.00ns)   --->   "%zext_ln121_269 = zext i7 %tmp_556" [firmware/nnet_utils/nnet_activation.h:121]   --->   Operation 2717 'zext' 'zext_ln121_269' <Predicate = true> <Delay = 0.00>
ST_7 : Operation 2718 [1/1] (0.00ns)   --->   "%zext_ln121_155 = zext i1 %tmp_598" [firmware/nnet_utils/nnet_activation.h:121]   --->   Operation 2718 'zext' 'zext_ln121_155' <Predicate = true> <Delay = 0.00>
ST_7 : Operation 2719 [1/1] (2.03ns)   --->   "%add_ln121_77 = add i8 %zext_ln121_269, i8 %zext_ln121_155" [firmware/nnet_utils/nnet_activation.h:121]   --->   Operation 2719 'add' 'add_ln121_77' <Predicate = true> <Delay = 2.03> <CoreInst = "Adder">   --->   Core 1 'Adder' <Latency = 0> <II = 1> <Delay = 2.03> <FuncUnit> <Opcode : 'add' 'sub'> <InPorts = 2> <OutPorts = 1>
ST_7 : Operation 2720 [1/1] (0.00ns)   --->   "%zext_ln115_77 = zext i8 %add_ln121_77" [firmware/nnet_utils/nnet_activation.h:115]   --->   Operation 2720 'zext' 'zext_ln115_77' <Predicate = true> <Delay = 0.00>
ST_7 : Operation 2721 [1/1] (0.00ns)   --->   "%zext_ln121_270 = zext i7 %tmp_557" [firmware/nnet_utils/nnet_activation.h:121]   --->   Operation 2721 'zext' 'zext_ln121_270' <Predicate = true> <Delay = 0.00>
ST_7 : Operation 2722 [1/1] (0.00ns)   --->   "%zext_ln121_157 = zext i1 %tmp_602" [firmware/nnet_utils/nnet_activation.h:121]   --->   Operation 2722 'zext' 'zext_ln121_157' <Predicate = true> <Delay = 0.00>
ST_7 : Operation 2723 [1/1] (2.03ns)   --->   "%add_ln121_78 = add i8 %zext_ln121_270, i8 %zext_ln121_157" [firmware/nnet_utils/nnet_activation.h:121]   --->   Operation 2723 'add' 'add_ln121_78' <Predicate = true> <Delay = 2.03> <CoreInst = "Adder">   --->   Core 1 'Adder' <Latency = 0> <II = 1> <Delay = 2.03> <FuncUnit> <Opcode : 'add' 'sub'> <InPorts = 2> <OutPorts = 1>
ST_7 : Operation 2724 [1/1] (0.00ns)   --->   "%zext_ln115_78 = zext i8 %add_ln121_78" [firmware/nnet_utils/nnet_activation.h:115]   --->   Operation 2724 'zext' 'zext_ln115_78' <Predicate = true> <Delay = 0.00>
ST_7 : Operation 2725 [1/1] (0.00ns)   --->   "%zext_ln121_271 = zext i7 %tmp_558" [firmware/nnet_utils/nnet_activation.h:121]   --->   Operation 2725 'zext' 'zext_ln121_271' <Predicate = true> <Delay = 0.00>
ST_7 : Operation 2726 [1/1] (0.00ns)   --->   "%zext_ln121_159 = zext i1 %tmp_606" [firmware/nnet_utils/nnet_activation.h:121]   --->   Operation 2726 'zext' 'zext_ln121_159' <Predicate = true> <Delay = 0.00>
ST_7 : Operation 2727 [1/1] (2.03ns)   --->   "%add_ln121_79 = add i8 %zext_ln121_271, i8 %zext_ln121_159" [firmware/nnet_utils/nnet_activation.h:121]   --->   Operation 2727 'add' 'add_ln121_79' <Predicate = true> <Delay = 2.03> <CoreInst = "Adder">   --->   Core 1 'Adder' <Latency = 0> <II = 1> <Delay = 2.03> <FuncUnit> <Opcode : 'add' 'sub'> <InPorts = 2> <OutPorts = 1>
ST_7 : Operation 2728 [1/1] (0.00ns)   --->   "%zext_ln115_79 = zext i8 %add_ln121_79" [firmware/nnet_utils/nnet_activation.h:115]   --->   Operation 2728 'zext' 'zext_ln115_79' <Predicate = true> <Delay = 0.00>
ST_7 : Operation 2729 [1/1] (0.00ns)   --->   "%zext_ln121_272 = zext i7 %tmp_559" [firmware/nnet_utils/nnet_activation.h:121]   --->   Operation 2729 'zext' 'zext_ln121_272' <Predicate = true> <Delay = 0.00>
ST_7 : Operation 2730 [1/1] (0.00ns)   --->   "%zext_ln121_161 = zext i1 %tmp_610" [firmware/nnet_utils/nnet_activation.h:121]   --->   Operation 2730 'zext' 'zext_ln121_161' <Predicate = true> <Delay = 0.00>
ST_7 : Operation 2731 [1/1] (2.03ns)   --->   "%add_ln121_80 = add i8 %zext_ln121_272, i8 %zext_ln121_161" [firmware/nnet_utils/nnet_activation.h:121]   --->   Operation 2731 'add' 'add_ln121_80' <Predicate = true> <Delay = 2.03> <CoreInst = "Adder">   --->   Core 1 'Adder' <Latency = 0> <II = 1> <Delay = 2.03> <FuncUnit> <Opcode : 'add' 'sub'> <InPorts = 2> <OutPorts = 1>
ST_7 : Operation 2732 [1/1] (0.00ns)   --->   "%zext_ln115_80 = zext i8 %add_ln121_80" [firmware/nnet_utils/nnet_activation.h:115]   --->   Operation 2732 'zext' 'zext_ln115_80' <Predicate = true> <Delay = 0.00>
ST_7 : Operation 2733 [1/1] (0.00ns)   --->   "%zext_ln121_273 = zext i7 %tmp_560" [firmware/nnet_utils/nnet_activation.h:121]   --->   Operation 2733 'zext' 'zext_ln121_273' <Predicate = true> <Delay = 0.00>
ST_7 : Operation 2734 [1/1] (0.00ns)   --->   "%zext_ln121_163 = zext i1 %tmp_614" [firmware/nnet_utils/nnet_activation.h:121]   --->   Operation 2734 'zext' 'zext_ln121_163' <Predicate = true> <Delay = 0.00>
ST_7 : Operation 2735 [1/1] (2.03ns)   --->   "%add_ln121_81 = add i8 %zext_ln121_273, i8 %zext_ln121_163" [firmware/nnet_utils/nnet_activation.h:121]   --->   Operation 2735 'add' 'add_ln121_81' <Predicate = true> <Delay = 2.03> <CoreInst = "Adder">   --->   Core 1 'Adder' <Latency = 0> <II = 1> <Delay = 2.03> <FuncUnit> <Opcode : 'add' 'sub'> <InPorts = 2> <OutPorts = 1>
ST_7 : Operation 2736 [1/1] (0.00ns)   --->   "%zext_ln115_81 = zext i8 %add_ln121_81" [firmware/nnet_utils/nnet_activation.h:115]   --->   Operation 2736 'zext' 'zext_ln115_81' <Predicate = true> <Delay = 0.00>
ST_7 : Operation 2737 [1/1] (0.00ns)   --->   "%zext_ln121_274 = zext i7 %tmp_561" [firmware/nnet_utils/nnet_activation.h:121]   --->   Operation 2737 'zext' 'zext_ln121_274' <Predicate = true> <Delay = 0.00>
ST_7 : Operation 2738 [1/1] (0.00ns)   --->   "%zext_ln121_165 = zext i1 %tmp_618" [firmware/nnet_utils/nnet_activation.h:121]   --->   Operation 2738 'zext' 'zext_ln121_165' <Predicate = true> <Delay = 0.00>
ST_7 : Operation 2739 [1/1] (2.03ns)   --->   "%add_ln121_82 = add i8 %zext_ln121_274, i8 %zext_ln121_165" [firmware/nnet_utils/nnet_activation.h:121]   --->   Operation 2739 'add' 'add_ln121_82' <Predicate = true> <Delay = 2.03> <CoreInst = "Adder">   --->   Core 1 'Adder' <Latency = 0> <II = 1> <Delay = 2.03> <FuncUnit> <Opcode : 'add' 'sub'> <InPorts = 2> <OutPorts = 1>
ST_7 : Operation 2740 [1/1] (0.00ns)   --->   "%zext_ln115_82 = zext i8 %add_ln121_82" [firmware/nnet_utils/nnet_activation.h:115]   --->   Operation 2740 'zext' 'zext_ln115_82' <Predicate = true> <Delay = 0.00>
ST_7 : Operation 2741 [1/1] (0.00ns)   --->   "%zext_ln121_275 = zext i7 %tmp_562" [firmware/nnet_utils/nnet_activation.h:121]   --->   Operation 2741 'zext' 'zext_ln121_275' <Predicate = true> <Delay = 0.00>
ST_7 : Operation 2742 [1/1] (0.00ns)   --->   "%zext_ln121_167 = zext i1 %tmp_622" [firmware/nnet_utils/nnet_activation.h:121]   --->   Operation 2742 'zext' 'zext_ln121_167' <Predicate = true> <Delay = 0.00>
ST_7 : Operation 2743 [1/1] (2.03ns)   --->   "%add_ln121_83 = add i8 %zext_ln121_275, i8 %zext_ln121_167" [firmware/nnet_utils/nnet_activation.h:121]   --->   Operation 2743 'add' 'add_ln121_83' <Predicate = true> <Delay = 2.03> <CoreInst = "Adder">   --->   Core 1 'Adder' <Latency = 0> <II = 1> <Delay = 2.03> <FuncUnit> <Opcode : 'add' 'sub'> <InPorts = 2> <OutPorts = 1>
ST_7 : Operation 2744 [1/1] (0.00ns)   --->   "%zext_ln115_83 = zext i8 %add_ln121_83" [firmware/nnet_utils/nnet_activation.h:115]   --->   Operation 2744 'zext' 'zext_ln115_83' <Predicate = true> <Delay = 0.00>
ST_7 : Operation 2745 [1/1] (0.00ns)   --->   "%zext_ln121_276 = zext i7 %tmp_563" [firmware/nnet_utils/nnet_activation.h:121]   --->   Operation 2745 'zext' 'zext_ln121_276' <Predicate = true> <Delay = 0.00>
ST_7 : Operation 2746 [1/1] (0.00ns)   --->   "%zext_ln121_169 = zext i1 %tmp_626" [firmware/nnet_utils/nnet_activation.h:121]   --->   Operation 2746 'zext' 'zext_ln121_169' <Predicate = true> <Delay = 0.00>
ST_7 : Operation 2747 [1/1] (2.03ns)   --->   "%add_ln121_84 = add i8 %zext_ln121_276, i8 %zext_ln121_169" [firmware/nnet_utils/nnet_activation.h:121]   --->   Operation 2747 'add' 'add_ln121_84' <Predicate = true> <Delay = 2.03> <CoreInst = "Adder">   --->   Core 1 'Adder' <Latency = 0> <II = 1> <Delay = 2.03> <FuncUnit> <Opcode : 'add' 'sub'> <InPorts = 2> <OutPorts = 1>
ST_7 : Operation 2748 [1/1] (0.00ns)   --->   "%zext_ln115_84 = zext i8 %add_ln121_84" [firmware/nnet_utils/nnet_activation.h:115]   --->   Operation 2748 'zext' 'zext_ln115_84' <Predicate = true> <Delay = 0.00>
ST_7 : Operation 2749 [1/1] (0.00ns)   --->   "%zext_ln121_277 = zext i7 %tmp_564" [firmware/nnet_utils/nnet_activation.h:121]   --->   Operation 2749 'zext' 'zext_ln121_277' <Predicate = true> <Delay = 0.00>
ST_7 : Operation 2750 [1/1] (0.00ns)   --->   "%zext_ln121_171 = zext i1 %tmp_630" [firmware/nnet_utils/nnet_activation.h:121]   --->   Operation 2750 'zext' 'zext_ln121_171' <Predicate = true> <Delay = 0.00>
ST_7 : Operation 2751 [1/1] (2.03ns)   --->   "%add_ln121_85 = add i8 %zext_ln121_277, i8 %zext_ln121_171" [firmware/nnet_utils/nnet_activation.h:121]   --->   Operation 2751 'add' 'add_ln121_85' <Predicate = true> <Delay = 2.03> <CoreInst = "Adder">   --->   Core 1 'Adder' <Latency = 0> <II = 1> <Delay = 2.03> <FuncUnit> <Opcode : 'add' 'sub'> <InPorts = 2> <OutPorts = 1>
ST_7 : Operation 2752 [1/1] (0.00ns)   --->   "%zext_ln115_85 = zext i8 %add_ln121_85" [firmware/nnet_utils/nnet_activation.h:115]   --->   Operation 2752 'zext' 'zext_ln115_85' <Predicate = true> <Delay = 0.00>
ST_7 : Operation 2753 [1/1] (0.00ns)   --->   "%zext_ln121_278 = zext i7 %tmp_565" [firmware/nnet_utils/nnet_activation.h:121]   --->   Operation 2753 'zext' 'zext_ln121_278' <Predicate = true> <Delay = 0.00>
ST_7 : Operation 2754 [1/1] (0.00ns)   --->   "%zext_ln121_173 = zext i1 %tmp_634" [firmware/nnet_utils/nnet_activation.h:121]   --->   Operation 2754 'zext' 'zext_ln121_173' <Predicate = true> <Delay = 0.00>
ST_7 : Operation 2755 [1/1] (2.03ns)   --->   "%add_ln121_86 = add i8 %zext_ln121_278, i8 %zext_ln121_173" [firmware/nnet_utils/nnet_activation.h:121]   --->   Operation 2755 'add' 'add_ln121_86' <Predicate = true> <Delay = 2.03> <CoreInst = "Adder">   --->   Core 1 'Adder' <Latency = 0> <II = 1> <Delay = 2.03> <FuncUnit> <Opcode : 'add' 'sub'> <InPorts = 2> <OutPorts = 1>
ST_7 : Operation 2756 [1/1] (0.00ns)   --->   "%zext_ln115_86 = zext i8 %add_ln121_86" [firmware/nnet_utils/nnet_activation.h:115]   --->   Operation 2756 'zext' 'zext_ln115_86' <Predicate = true> <Delay = 0.00>
ST_7 : Operation 2757 [1/1] (0.00ns)   --->   "%zext_ln121_279 = zext i7 %tmp_566" [firmware/nnet_utils/nnet_activation.h:121]   --->   Operation 2757 'zext' 'zext_ln121_279' <Predicate = true> <Delay = 0.00>
ST_7 : Operation 2758 [1/1] (0.00ns)   --->   "%zext_ln121_175 = zext i1 %tmp_638" [firmware/nnet_utils/nnet_activation.h:121]   --->   Operation 2758 'zext' 'zext_ln121_175' <Predicate = true> <Delay = 0.00>
ST_7 : Operation 2759 [1/1] (2.03ns)   --->   "%add_ln121_87 = add i8 %zext_ln121_279, i8 %zext_ln121_175" [firmware/nnet_utils/nnet_activation.h:121]   --->   Operation 2759 'add' 'add_ln121_87' <Predicate = true> <Delay = 2.03> <CoreInst = "Adder">   --->   Core 1 'Adder' <Latency = 0> <II = 1> <Delay = 2.03> <FuncUnit> <Opcode : 'add' 'sub'> <InPorts = 2> <OutPorts = 1>
ST_7 : Operation 2760 [1/1] (0.00ns)   --->   "%zext_ln115_87 = zext i8 %add_ln121_87" [firmware/nnet_utils/nnet_activation.h:115]   --->   Operation 2760 'zext' 'zext_ln115_87' <Predicate = true> <Delay = 0.00>
ST_7 : Operation 2761 [1/1] (0.00ns)   --->   "%zext_ln121_280 = zext i7 %tmp_567" [firmware/nnet_utils/nnet_activation.h:121]   --->   Operation 2761 'zext' 'zext_ln121_280' <Predicate = true> <Delay = 0.00>
ST_7 : Operation 2762 [1/1] (0.00ns)   --->   "%zext_ln121_177 = zext i1 %tmp_642" [firmware/nnet_utils/nnet_activation.h:121]   --->   Operation 2762 'zext' 'zext_ln121_177' <Predicate = true> <Delay = 0.00>
ST_7 : Operation 2763 [1/1] (2.03ns)   --->   "%add_ln121_88 = add i8 %zext_ln121_280, i8 %zext_ln121_177" [firmware/nnet_utils/nnet_activation.h:121]   --->   Operation 2763 'add' 'add_ln121_88' <Predicate = true> <Delay = 2.03> <CoreInst = "Adder">   --->   Core 1 'Adder' <Latency = 0> <II = 1> <Delay = 2.03> <FuncUnit> <Opcode : 'add' 'sub'> <InPorts = 2> <OutPorts = 1>
ST_7 : Operation 2764 [1/1] (0.00ns)   --->   "%zext_ln115_88 = zext i8 %add_ln121_88" [firmware/nnet_utils/nnet_activation.h:115]   --->   Operation 2764 'zext' 'zext_ln115_88' <Predicate = true> <Delay = 0.00>
ST_7 : Operation 2765 [1/1] (0.00ns)   --->   "%zext_ln121_281 = zext i7 %tmp_568" [firmware/nnet_utils/nnet_activation.h:121]   --->   Operation 2765 'zext' 'zext_ln121_281' <Predicate = true> <Delay = 0.00>
ST_7 : Operation 2766 [1/1] (0.00ns)   --->   "%zext_ln121_179 = zext i1 %tmp_646" [firmware/nnet_utils/nnet_activation.h:121]   --->   Operation 2766 'zext' 'zext_ln121_179' <Predicate = true> <Delay = 0.00>
ST_7 : Operation 2767 [1/1] (2.03ns)   --->   "%add_ln121_89 = add i8 %zext_ln121_281, i8 %zext_ln121_179" [firmware/nnet_utils/nnet_activation.h:121]   --->   Operation 2767 'add' 'add_ln121_89' <Predicate = true> <Delay = 2.03> <CoreInst = "Adder">   --->   Core 1 'Adder' <Latency = 0> <II = 1> <Delay = 2.03> <FuncUnit> <Opcode : 'add' 'sub'> <InPorts = 2> <OutPorts = 1>
ST_7 : Operation 2768 [1/1] (0.00ns)   --->   "%zext_ln115_89 = zext i8 %add_ln121_89" [firmware/nnet_utils/nnet_activation.h:115]   --->   Operation 2768 'zext' 'zext_ln115_89' <Predicate = true> <Delay = 0.00>
ST_7 : Operation 2769 [1/1] (0.00ns)   --->   "%zext_ln121_282 = zext i7 %tmp_569" [firmware/nnet_utils/nnet_activation.h:121]   --->   Operation 2769 'zext' 'zext_ln121_282' <Predicate = true> <Delay = 0.00>
ST_7 : Operation 2770 [1/1] (0.00ns)   --->   "%zext_ln121_181 = zext i1 %tmp_650" [firmware/nnet_utils/nnet_activation.h:121]   --->   Operation 2770 'zext' 'zext_ln121_181' <Predicate = true> <Delay = 0.00>
ST_7 : Operation 2771 [1/1] (2.03ns)   --->   "%add_ln121_90 = add i8 %zext_ln121_282, i8 %zext_ln121_181" [firmware/nnet_utils/nnet_activation.h:121]   --->   Operation 2771 'add' 'add_ln121_90' <Predicate = true> <Delay = 2.03> <CoreInst = "Adder">   --->   Core 1 'Adder' <Latency = 0> <II = 1> <Delay = 2.03> <FuncUnit> <Opcode : 'add' 'sub'> <InPorts = 2> <OutPorts = 1>
ST_7 : Operation 2772 [1/1] (0.00ns)   --->   "%zext_ln115_90 = zext i8 %add_ln121_90" [firmware/nnet_utils/nnet_activation.h:115]   --->   Operation 2772 'zext' 'zext_ln115_90' <Predicate = true> <Delay = 0.00>
ST_7 : Operation 2773 [1/1] (0.00ns)   --->   "%zext_ln121_283 = zext i7 %tmp_570" [firmware/nnet_utils/nnet_activation.h:121]   --->   Operation 2773 'zext' 'zext_ln121_283' <Predicate = true> <Delay = 0.00>
ST_7 : Operation 2774 [1/1] (0.00ns)   --->   "%zext_ln121_183 = zext i1 %tmp_654" [firmware/nnet_utils/nnet_activation.h:121]   --->   Operation 2774 'zext' 'zext_ln121_183' <Predicate = true> <Delay = 0.00>
ST_7 : Operation 2775 [1/1] (2.03ns)   --->   "%add_ln121_91 = add i8 %zext_ln121_283, i8 %zext_ln121_183" [firmware/nnet_utils/nnet_activation.h:121]   --->   Operation 2775 'add' 'add_ln121_91' <Predicate = true> <Delay = 2.03> <CoreInst = "Adder">   --->   Core 1 'Adder' <Latency = 0> <II = 1> <Delay = 2.03> <FuncUnit> <Opcode : 'add' 'sub'> <InPorts = 2> <OutPorts = 1>
ST_7 : Operation 2776 [1/1] (0.00ns)   --->   "%zext_ln115_91 = zext i8 %add_ln121_91" [firmware/nnet_utils/nnet_activation.h:115]   --->   Operation 2776 'zext' 'zext_ln115_91' <Predicate = true> <Delay = 0.00>
ST_7 : Operation 2777 [1/1] (0.00ns)   --->   "%zext_ln121_284 = zext i7 %tmp_571" [firmware/nnet_utils/nnet_activation.h:121]   --->   Operation 2777 'zext' 'zext_ln121_284' <Predicate = true> <Delay = 0.00>
ST_7 : Operation 2778 [1/1] (0.00ns)   --->   "%zext_ln121_185 = zext i1 %tmp_658" [firmware/nnet_utils/nnet_activation.h:121]   --->   Operation 2778 'zext' 'zext_ln121_185' <Predicate = true> <Delay = 0.00>
ST_7 : Operation 2779 [1/1] (2.03ns)   --->   "%add_ln121_92 = add i8 %zext_ln121_284, i8 %zext_ln121_185" [firmware/nnet_utils/nnet_activation.h:121]   --->   Operation 2779 'add' 'add_ln121_92' <Predicate = true> <Delay = 2.03> <CoreInst = "Adder">   --->   Core 1 'Adder' <Latency = 0> <II = 1> <Delay = 2.03> <FuncUnit> <Opcode : 'add' 'sub'> <InPorts = 2> <OutPorts = 1>
ST_7 : Operation 2780 [1/1] (0.00ns)   --->   "%zext_ln115_92 = zext i8 %add_ln121_92" [firmware/nnet_utils/nnet_activation.h:115]   --->   Operation 2780 'zext' 'zext_ln115_92' <Predicate = true> <Delay = 0.00>
ST_7 : Operation 2781 [1/1] (0.00ns)   --->   "%zext_ln121_285 = zext i7 %tmp_572" [firmware/nnet_utils/nnet_activation.h:121]   --->   Operation 2781 'zext' 'zext_ln121_285' <Predicate = true> <Delay = 0.00>
ST_7 : Operation 2782 [1/1] (0.00ns)   --->   "%zext_ln121_187 = zext i1 %tmp_662" [firmware/nnet_utils/nnet_activation.h:121]   --->   Operation 2782 'zext' 'zext_ln121_187' <Predicate = true> <Delay = 0.00>
ST_7 : Operation 2783 [1/1] (2.03ns)   --->   "%add_ln121_93 = add i8 %zext_ln121_285, i8 %zext_ln121_187" [firmware/nnet_utils/nnet_activation.h:121]   --->   Operation 2783 'add' 'add_ln121_93' <Predicate = true> <Delay = 2.03> <CoreInst = "Adder">   --->   Core 1 'Adder' <Latency = 0> <II = 1> <Delay = 2.03> <FuncUnit> <Opcode : 'add' 'sub'> <InPorts = 2> <OutPorts = 1>
ST_7 : Operation 2784 [1/1] (0.00ns)   --->   "%zext_ln115_93 = zext i8 %add_ln121_93" [firmware/nnet_utils/nnet_activation.h:115]   --->   Operation 2784 'zext' 'zext_ln115_93' <Predicate = true> <Delay = 0.00>
ST_7 : Operation 2785 [1/1] (0.00ns)   --->   "%zext_ln121_286 = zext i7 %tmp_573" [firmware/nnet_utils/nnet_activation.h:121]   --->   Operation 2785 'zext' 'zext_ln121_286' <Predicate = true> <Delay = 0.00>
ST_7 : Operation 2786 [1/1] (0.00ns)   --->   "%zext_ln121_189 = zext i1 %tmp_666" [firmware/nnet_utils/nnet_activation.h:121]   --->   Operation 2786 'zext' 'zext_ln121_189' <Predicate = true> <Delay = 0.00>
ST_7 : Operation 2787 [1/1] (2.03ns)   --->   "%add_ln121_94 = add i8 %zext_ln121_286, i8 %zext_ln121_189" [firmware/nnet_utils/nnet_activation.h:121]   --->   Operation 2787 'add' 'add_ln121_94' <Predicate = true> <Delay = 2.03> <CoreInst = "Adder">   --->   Core 1 'Adder' <Latency = 0> <II = 1> <Delay = 2.03> <FuncUnit> <Opcode : 'add' 'sub'> <InPorts = 2> <OutPorts = 1>
ST_7 : Operation 2788 [1/1] (0.00ns)   --->   "%zext_ln115_94 = zext i8 %add_ln121_94" [firmware/nnet_utils/nnet_activation.h:115]   --->   Operation 2788 'zext' 'zext_ln115_94' <Predicate = true> <Delay = 0.00>
ST_7 : Operation 2789 [1/1] (0.00ns)   --->   "%zext_ln121_287 = zext i7 %tmp_574" [firmware/nnet_utils/nnet_activation.h:121]   --->   Operation 2789 'zext' 'zext_ln121_287' <Predicate = true> <Delay = 0.00>
ST_7 : Operation 2790 [1/1] (0.00ns)   --->   "%zext_ln121_191 = zext i1 %tmp_670" [firmware/nnet_utils/nnet_activation.h:121]   --->   Operation 2790 'zext' 'zext_ln121_191' <Predicate = true> <Delay = 0.00>
ST_7 : Operation 2791 [1/1] (2.03ns)   --->   "%add_ln121_95 = add i8 %zext_ln121_287, i8 %zext_ln121_191" [firmware/nnet_utils/nnet_activation.h:121]   --->   Operation 2791 'add' 'add_ln121_95' <Predicate = true> <Delay = 2.03> <CoreInst = "Adder">   --->   Core 1 'Adder' <Latency = 0> <II = 1> <Delay = 2.03> <FuncUnit> <Opcode : 'add' 'sub'> <InPorts = 2> <OutPorts = 1>
ST_7 : Operation 2792 [1/1] (0.00ns)   --->   "%zext_ln123 = zext i8 %add_ln121_95" [firmware/nnet_utils/nnet_activation.h:123]   --->   Operation 2792 'zext' 'zext_ln123' <Predicate = true> <Delay = 0.00>
ST_7 : Operation 2793 [1/1] (0.00ns)   --->   "%mrv = insertvalue i1344 <undef>, i14 %zext_ln115" [firmware/nnet_utils/nnet_activation.h:123]   --->   Operation 2793 'insertvalue' 'mrv' <Predicate = true> <Delay = 0.00>
ST_7 : Operation 2794 [1/1] (0.00ns)   --->   "%mrv_1 = insertvalue i1344 %mrv, i14 %zext_ln115_1" [firmware/nnet_utils/nnet_activation.h:123]   --->   Operation 2794 'insertvalue' 'mrv_1' <Predicate = true> <Delay = 0.00>
ST_7 : Operation 2795 [1/1] (0.00ns)   --->   "%mrv_2 = insertvalue i1344 %mrv_1, i14 %zext_ln115_2" [firmware/nnet_utils/nnet_activation.h:123]   --->   Operation 2795 'insertvalue' 'mrv_2' <Predicate = true> <Delay = 0.00>
ST_7 : Operation 2796 [1/1] (0.00ns)   --->   "%mrv_3 = insertvalue i1344 %mrv_2, i14 %zext_ln115_3" [firmware/nnet_utils/nnet_activation.h:123]   --->   Operation 2796 'insertvalue' 'mrv_3' <Predicate = true> <Delay = 0.00>
ST_7 : Operation 2797 [1/1] (0.00ns)   --->   "%mrv_4 = insertvalue i1344 %mrv_3, i14 %zext_ln115_4" [firmware/nnet_utils/nnet_activation.h:123]   --->   Operation 2797 'insertvalue' 'mrv_4' <Predicate = true> <Delay = 0.00>
ST_7 : Operation 2798 [1/1] (0.00ns)   --->   "%mrv_5 = insertvalue i1344 %mrv_4, i14 %zext_ln115_5" [firmware/nnet_utils/nnet_activation.h:123]   --->   Operation 2798 'insertvalue' 'mrv_5' <Predicate = true> <Delay = 0.00>
ST_7 : Operation 2799 [1/1] (0.00ns)   --->   "%mrv_6 = insertvalue i1344 %mrv_5, i14 %zext_ln115_6" [firmware/nnet_utils/nnet_activation.h:123]   --->   Operation 2799 'insertvalue' 'mrv_6' <Predicate = true> <Delay = 0.00>
ST_7 : Operation 2800 [1/1] (0.00ns)   --->   "%mrv_7 = insertvalue i1344 %mrv_6, i14 %zext_ln115_7" [firmware/nnet_utils/nnet_activation.h:123]   --->   Operation 2800 'insertvalue' 'mrv_7' <Predicate = true> <Delay = 0.00>
ST_7 : Operation 2801 [1/1] (0.00ns)   --->   "%mrv_8 = insertvalue i1344 %mrv_7, i14 %zext_ln115_8" [firmware/nnet_utils/nnet_activation.h:123]   --->   Operation 2801 'insertvalue' 'mrv_8' <Predicate = true> <Delay = 0.00>
ST_7 : Operation 2802 [1/1] (0.00ns)   --->   "%mrv_9 = insertvalue i1344 %mrv_8, i14 %zext_ln115_9" [firmware/nnet_utils/nnet_activation.h:123]   --->   Operation 2802 'insertvalue' 'mrv_9' <Predicate = true> <Delay = 0.00>
ST_7 : Operation 2803 [1/1] (0.00ns)   --->   "%mrv_10 = insertvalue i1344 %mrv_9, i14 %zext_ln115_10" [firmware/nnet_utils/nnet_activation.h:123]   --->   Operation 2803 'insertvalue' 'mrv_10' <Predicate = true> <Delay = 0.00>
ST_7 : Operation 2804 [1/1] (0.00ns)   --->   "%mrv_11 = insertvalue i1344 %mrv_10, i14 %zext_ln115_11" [firmware/nnet_utils/nnet_activation.h:123]   --->   Operation 2804 'insertvalue' 'mrv_11' <Predicate = true> <Delay = 0.00>
ST_7 : Operation 2805 [1/1] (0.00ns)   --->   "%mrv_12 = insertvalue i1344 %mrv_11, i14 %zext_ln115_12" [firmware/nnet_utils/nnet_activation.h:123]   --->   Operation 2805 'insertvalue' 'mrv_12' <Predicate = true> <Delay = 0.00>
ST_7 : Operation 2806 [1/1] (0.00ns)   --->   "%mrv_13 = insertvalue i1344 %mrv_12, i14 %zext_ln115_13" [firmware/nnet_utils/nnet_activation.h:123]   --->   Operation 2806 'insertvalue' 'mrv_13' <Predicate = true> <Delay = 0.00>
ST_7 : Operation 2807 [1/1] (0.00ns)   --->   "%mrv_14 = insertvalue i1344 %mrv_13, i14 %zext_ln115_14" [firmware/nnet_utils/nnet_activation.h:123]   --->   Operation 2807 'insertvalue' 'mrv_14' <Predicate = true> <Delay = 0.00>
ST_7 : Operation 2808 [1/1] (0.00ns)   --->   "%mrv_15 = insertvalue i1344 %mrv_14, i14 %zext_ln115_15" [firmware/nnet_utils/nnet_activation.h:123]   --->   Operation 2808 'insertvalue' 'mrv_15' <Predicate = true> <Delay = 0.00>
ST_7 : Operation 2809 [1/1] (0.00ns)   --->   "%mrv_16 = insertvalue i1344 %mrv_15, i14 %zext_ln115_16" [firmware/nnet_utils/nnet_activation.h:123]   --->   Operation 2809 'insertvalue' 'mrv_16' <Predicate = true> <Delay = 0.00>
ST_7 : Operation 2810 [1/1] (0.00ns)   --->   "%mrv_17 = insertvalue i1344 %mrv_16, i14 %zext_ln115_17" [firmware/nnet_utils/nnet_activation.h:123]   --->   Operation 2810 'insertvalue' 'mrv_17' <Predicate = true> <Delay = 0.00>
ST_7 : Operation 2811 [1/1] (0.00ns)   --->   "%mrv_18 = insertvalue i1344 %mrv_17, i14 %zext_ln115_18" [firmware/nnet_utils/nnet_activation.h:123]   --->   Operation 2811 'insertvalue' 'mrv_18' <Predicate = true> <Delay = 0.00>
ST_7 : Operation 2812 [1/1] (0.00ns)   --->   "%mrv_19 = insertvalue i1344 %mrv_18, i14 %zext_ln115_19" [firmware/nnet_utils/nnet_activation.h:123]   --->   Operation 2812 'insertvalue' 'mrv_19' <Predicate = true> <Delay = 0.00>
ST_7 : Operation 2813 [1/1] (0.00ns)   --->   "%mrv_20 = insertvalue i1344 %mrv_19, i14 %zext_ln115_20" [firmware/nnet_utils/nnet_activation.h:123]   --->   Operation 2813 'insertvalue' 'mrv_20' <Predicate = true> <Delay = 0.00>
ST_7 : Operation 2814 [1/1] (0.00ns)   --->   "%mrv_21 = insertvalue i1344 %mrv_20, i14 %zext_ln115_21" [firmware/nnet_utils/nnet_activation.h:123]   --->   Operation 2814 'insertvalue' 'mrv_21' <Predicate = true> <Delay = 0.00>
ST_7 : Operation 2815 [1/1] (0.00ns)   --->   "%mrv_22 = insertvalue i1344 %mrv_21, i14 %zext_ln115_22" [firmware/nnet_utils/nnet_activation.h:123]   --->   Operation 2815 'insertvalue' 'mrv_22' <Predicate = true> <Delay = 0.00>
ST_7 : Operation 2816 [1/1] (0.00ns)   --->   "%mrv_23 = insertvalue i1344 %mrv_22, i14 %zext_ln115_23" [firmware/nnet_utils/nnet_activation.h:123]   --->   Operation 2816 'insertvalue' 'mrv_23' <Predicate = true> <Delay = 0.00>
ST_7 : Operation 2817 [1/1] (0.00ns)   --->   "%mrv_24 = insertvalue i1344 %mrv_23, i14 %zext_ln115_24" [firmware/nnet_utils/nnet_activation.h:123]   --->   Operation 2817 'insertvalue' 'mrv_24' <Predicate = true> <Delay = 0.00>
ST_7 : Operation 2818 [1/1] (0.00ns)   --->   "%mrv_25 = insertvalue i1344 %mrv_24, i14 %zext_ln115_25" [firmware/nnet_utils/nnet_activation.h:123]   --->   Operation 2818 'insertvalue' 'mrv_25' <Predicate = true> <Delay = 0.00>
ST_7 : Operation 2819 [1/1] (0.00ns)   --->   "%mrv_26 = insertvalue i1344 %mrv_25, i14 %zext_ln115_26" [firmware/nnet_utils/nnet_activation.h:123]   --->   Operation 2819 'insertvalue' 'mrv_26' <Predicate = true> <Delay = 0.00>
ST_7 : Operation 2820 [1/1] (0.00ns)   --->   "%mrv_27 = insertvalue i1344 %mrv_26, i14 %zext_ln115_27" [firmware/nnet_utils/nnet_activation.h:123]   --->   Operation 2820 'insertvalue' 'mrv_27' <Predicate = true> <Delay = 0.00>
ST_7 : Operation 2821 [1/1] (0.00ns)   --->   "%mrv_28 = insertvalue i1344 %mrv_27, i14 %zext_ln115_28" [firmware/nnet_utils/nnet_activation.h:123]   --->   Operation 2821 'insertvalue' 'mrv_28' <Predicate = true> <Delay = 0.00>
ST_7 : Operation 2822 [1/1] (0.00ns)   --->   "%mrv_29 = insertvalue i1344 %mrv_28, i14 %zext_ln115_29" [firmware/nnet_utils/nnet_activation.h:123]   --->   Operation 2822 'insertvalue' 'mrv_29' <Predicate = true> <Delay = 0.00>
ST_7 : Operation 2823 [1/1] (0.00ns)   --->   "%mrv_30 = insertvalue i1344 %mrv_29, i14 %zext_ln115_30" [firmware/nnet_utils/nnet_activation.h:123]   --->   Operation 2823 'insertvalue' 'mrv_30' <Predicate = true> <Delay = 0.00>
ST_7 : Operation 2824 [1/1] (0.00ns)   --->   "%mrv_s = insertvalue i1344 %mrv_30, i14 %zext_ln115_31" [firmware/nnet_utils/nnet_activation.h:123]   --->   Operation 2824 'insertvalue' 'mrv_s' <Predicate = true> <Delay = 0.00>
ST_7 : Operation 2825 [1/1] (0.00ns)   --->   "%mrv_31 = insertvalue i1344 %mrv_s, i14 %zext_ln115_32" [firmware/nnet_utils/nnet_activation.h:123]   --->   Operation 2825 'insertvalue' 'mrv_31' <Predicate = true> <Delay = 0.00>
ST_7 : Operation 2826 [1/1] (0.00ns)   --->   "%mrv_32 = insertvalue i1344 %mrv_31, i14 %zext_ln115_33" [firmware/nnet_utils/nnet_activation.h:123]   --->   Operation 2826 'insertvalue' 'mrv_32' <Predicate = true> <Delay = 0.00>
ST_7 : Operation 2827 [1/1] (0.00ns)   --->   "%mrv_33 = insertvalue i1344 %mrv_32, i14 %zext_ln115_34" [firmware/nnet_utils/nnet_activation.h:123]   --->   Operation 2827 'insertvalue' 'mrv_33' <Predicate = true> <Delay = 0.00>
ST_7 : Operation 2828 [1/1] (0.00ns)   --->   "%mrv_34 = insertvalue i1344 %mrv_33, i14 %zext_ln115_35" [firmware/nnet_utils/nnet_activation.h:123]   --->   Operation 2828 'insertvalue' 'mrv_34' <Predicate = true> <Delay = 0.00>
ST_7 : Operation 2829 [1/1] (0.00ns)   --->   "%mrv_35 = insertvalue i1344 %mrv_34, i14 %zext_ln115_36" [firmware/nnet_utils/nnet_activation.h:123]   --->   Operation 2829 'insertvalue' 'mrv_35' <Predicate = true> <Delay = 0.00>
ST_7 : Operation 2830 [1/1] (0.00ns)   --->   "%mrv_36 = insertvalue i1344 %mrv_35, i14 %zext_ln115_37" [firmware/nnet_utils/nnet_activation.h:123]   --->   Operation 2830 'insertvalue' 'mrv_36' <Predicate = true> <Delay = 0.00>
ST_7 : Operation 2831 [1/1] (0.00ns)   --->   "%mrv_37 = insertvalue i1344 %mrv_36, i14 %zext_ln115_38" [firmware/nnet_utils/nnet_activation.h:123]   --->   Operation 2831 'insertvalue' 'mrv_37' <Predicate = true> <Delay = 0.00>
ST_7 : Operation 2832 [1/1] (0.00ns)   --->   "%mrv_38 = insertvalue i1344 %mrv_37, i14 %zext_ln115_39" [firmware/nnet_utils/nnet_activation.h:123]   --->   Operation 2832 'insertvalue' 'mrv_38' <Predicate = true> <Delay = 0.00>
ST_7 : Operation 2833 [1/1] (0.00ns)   --->   "%mrv_39 = insertvalue i1344 %mrv_38, i14 %zext_ln115_40" [firmware/nnet_utils/nnet_activation.h:123]   --->   Operation 2833 'insertvalue' 'mrv_39' <Predicate = true> <Delay = 0.00>
ST_7 : Operation 2834 [1/1] (0.00ns)   --->   "%mrv_40 = insertvalue i1344 %mrv_39, i14 %zext_ln115_41" [firmware/nnet_utils/nnet_activation.h:123]   --->   Operation 2834 'insertvalue' 'mrv_40' <Predicate = true> <Delay = 0.00>
ST_7 : Operation 2835 [1/1] (0.00ns)   --->   "%mrv_41 = insertvalue i1344 %mrv_40, i14 %zext_ln115_42" [firmware/nnet_utils/nnet_activation.h:123]   --->   Operation 2835 'insertvalue' 'mrv_41' <Predicate = true> <Delay = 0.00>
ST_7 : Operation 2836 [1/1] (0.00ns)   --->   "%mrv_42 = insertvalue i1344 %mrv_41, i14 %zext_ln115_43" [firmware/nnet_utils/nnet_activation.h:123]   --->   Operation 2836 'insertvalue' 'mrv_42' <Predicate = true> <Delay = 0.00>
ST_7 : Operation 2837 [1/1] (0.00ns)   --->   "%mrv_43 = insertvalue i1344 %mrv_42, i14 %zext_ln115_44" [firmware/nnet_utils/nnet_activation.h:123]   --->   Operation 2837 'insertvalue' 'mrv_43' <Predicate = true> <Delay = 0.00>
ST_7 : Operation 2838 [1/1] (0.00ns)   --->   "%mrv_44 = insertvalue i1344 %mrv_43, i14 %zext_ln115_45" [firmware/nnet_utils/nnet_activation.h:123]   --->   Operation 2838 'insertvalue' 'mrv_44' <Predicate = true> <Delay = 0.00>
ST_7 : Operation 2839 [1/1] (0.00ns)   --->   "%mrv_45 = insertvalue i1344 %mrv_44, i14 %zext_ln115_46" [firmware/nnet_utils/nnet_activation.h:123]   --->   Operation 2839 'insertvalue' 'mrv_45' <Predicate = true> <Delay = 0.00>
ST_7 : Operation 2840 [1/1] (0.00ns)   --->   "%mrv_46 = insertvalue i1344 %mrv_45, i14 %zext_ln115_47" [firmware/nnet_utils/nnet_activation.h:123]   --->   Operation 2840 'insertvalue' 'mrv_46' <Predicate = true> <Delay = 0.00>
ST_7 : Operation 2841 [1/1] (0.00ns)   --->   "%mrv_47 = insertvalue i1344 %mrv_46, i14 %zext_ln115_48" [firmware/nnet_utils/nnet_activation.h:123]   --->   Operation 2841 'insertvalue' 'mrv_47' <Predicate = true> <Delay = 0.00>
ST_7 : Operation 2842 [1/1] (0.00ns)   --->   "%mrv_48 = insertvalue i1344 %mrv_47, i14 %zext_ln115_49" [firmware/nnet_utils/nnet_activation.h:123]   --->   Operation 2842 'insertvalue' 'mrv_48' <Predicate = true> <Delay = 0.00>
ST_7 : Operation 2843 [1/1] (0.00ns)   --->   "%mrv_49 = insertvalue i1344 %mrv_48, i14 %zext_ln115_50" [firmware/nnet_utils/nnet_activation.h:123]   --->   Operation 2843 'insertvalue' 'mrv_49' <Predicate = true> <Delay = 0.00>
ST_7 : Operation 2844 [1/1] (0.00ns)   --->   "%mrv_50 = insertvalue i1344 %mrv_49, i14 %zext_ln115_51" [firmware/nnet_utils/nnet_activation.h:123]   --->   Operation 2844 'insertvalue' 'mrv_50' <Predicate = true> <Delay = 0.00>
ST_7 : Operation 2845 [1/1] (0.00ns)   --->   "%mrv_51 = insertvalue i1344 %mrv_50, i14 %zext_ln115_52" [firmware/nnet_utils/nnet_activation.h:123]   --->   Operation 2845 'insertvalue' 'mrv_51' <Predicate = true> <Delay = 0.00>
ST_7 : Operation 2846 [1/1] (0.00ns)   --->   "%mrv_52 = insertvalue i1344 %mrv_51, i14 %zext_ln115_53" [firmware/nnet_utils/nnet_activation.h:123]   --->   Operation 2846 'insertvalue' 'mrv_52' <Predicate = true> <Delay = 0.00>
ST_7 : Operation 2847 [1/1] (0.00ns)   --->   "%mrv_53 = insertvalue i1344 %mrv_52, i14 %zext_ln115_54" [firmware/nnet_utils/nnet_activation.h:123]   --->   Operation 2847 'insertvalue' 'mrv_53' <Predicate = true> <Delay = 0.00>
ST_7 : Operation 2848 [1/1] (0.00ns)   --->   "%mrv_54 = insertvalue i1344 %mrv_53, i14 %zext_ln115_55" [firmware/nnet_utils/nnet_activation.h:123]   --->   Operation 2848 'insertvalue' 'mrv_54' <Predicate = true> <Delay = 0.00>
ST_7 : Operation 2849 [1/1] (0.00ns)   --->   "%mrv_55 = insertvalue i1344 %mrv_54, i14 %zext_ln115_56" [firmware/nnet_utils/nnet_activation.h:123]   --->   Operation 2849 'insertvalue' 'mrv_55' <Predicate = true> <Delay = 0.00>
ST_7 : Operation 2850 [1/1] (0.00ns)   --->   "%mrv_56 = insertvalue i1344 %mrv_55, i14 %zext_ln115_57" [firmware/nnet_utils/nnet_activation.h:123]   --->   Operation 2850 'insertvalue' 'mrv_56' <Predicate = true> <Delay = 0.00>
ST_7 : Operation 2851 [1/1] (0.00ns)   --->   "%mrv_57 = insertvalue i1344 %mrv_56, i14 %zext_ln115_58" [firmware/nnet_utils/nnet_activation.h:123]   --->   Operation 2851 'insertvalue' 'mrv_57' <Predicate = true> <Delay = 0.00>
ST_7 : Operation 2852 [1/1] (0.00ns)   --->   "%mrv_58 = insertvalue i1344 %mrv_57, i14 %zext_ln115_59" [firmware/nnet_utils/nnet_activation.h:123]   --->   Operation 2852 'insertvalue' 'mrv_58' <Predicate = true> <Delay = 0.00>
ST_7 : Operation 2853 [1/1] (0.00ns)   --->   "%mrv_59 = insertvalue i1344 %mrv_58, i14 %zext_ln115_60" [firmware/nnet_utils/nnet_activation.h:123]   --->   Operation 2853 'insertvalue' 'mrv_59' <Predicate = true> <Delay = 0.00>
ST_7 : Operation 2854 [1/1] (0.00ns)   --->   "%mrv_60 = insertvalue i1344 %mrv_59, i14 %zext_ln115_61" [firmware/nnet_utils/nnet_activation.h:123]   --->   Operation 2854 'insertvalue' 'mrv_60' <Predicate = true> <Delay = 0.00>
ST_7 : Operation 2855 [1/1] (0.00ns)   --->   "%mrv_61 = insertvalue i1344 %mrv_60, i14 %zext_ln115_62" [firmware/nnet_utils/nnet_activation.h:123]   --->   Operation 2855 'insertvalue' 'mrv_61' <Predicate = true> <Delay = 0.00>
ST_7 : Operation 2856 [1/1] (0.00ns)   --->   "%mrv_62 = insertvalue i1344 %mrv_61, i14 %zext_ln115_63" [firmware/nnet_utils/nnet_activation.h:123]   --->   Operation 2856 'insertvalue' 'mrv_62' <Predicate = true> <Delay = 0.00>
ST_7 : Operation 2857 [1/1] (0.00ns)   --->   "%mrv_63 = insertvalue i1344 %mrv_62, i14 %zext_ln115_64" [firmware/nnet_utils/nnet_activation.h:123]   --->   Operation 2857 'insertvalue' 'mrv_63' <Predicate = true> <Delay = 0.00>
ST_7 : Operation 2858 [1/1] (0.00ns)   --->   "%mrv_64 = insertvalue i1344 %mrv_63, i14 %zext_ln115_65" [firmware/nnet_utils/nnet_activation.h:123]   --->   Operation 2858 'insertvalue' 'mrv_64' <Predicate = true> <Delay = 0.00>
ST_7 : Operation 2859 [1/1] (0.00ns)   --->   "%mrv_65 = insertvalue i1344 %mrv_64, i14 %zext_ln115_66" [firmware/nnet_utils/nnet_activation.h:123]   --->   Operation 2859 'insertvalue' 'mrv_65' <Predicate = true> <Delay = 0.00>
ST_7 : Operation 2860 [1/1] (0.00ns)   --->   "%mrv_66 = insertvalue i1344 %mrv_65, i14 %zext_ln115_67" [firmware/nnet_utils/nnet_activation.h:123]   --->   Operation 2860 'insertvalue' 'mrv_66' <Predicate = true> <Delay = 0.00>
ST_7 : Operation 2861 [1/1] (0.00ns)   --->   "%mrv_67 = insertvalue i1344 %mrv_66, i14 %zext_ln115_68" [firmware/nnet_utils/nnet_activation.h:123]   --->   Operation 2861 'insertvalue' 'mrv_67' <Predicate = true> <Delay = 0.00>
ST_7 : Operation 2862 [1/1] (0.00ns)   --->   "%mrv_68 = insertvalue i1344 %mrv_67, i14 %zext_ln115_69" [firmware/nnet_utils/nnet_activation.h:123]   --->   Operation 2862 'insertvalue' 'mrv_68' <Predicate = true> <Delay = 0.00>
ST_7 : Operation 2863 [1/1] (0.00ns)   --->   "%mrv_69 = insertvalue i1344 %mrv_68, i14 %zext_ln115_70" [firmware/nnet_utils/nnet_activation.h:123]   --->   Operation 2863 'insertvalue' 'mrv_69' <Predicate = true> <Delay = 0.00>
ST_7 : Operation 2864 [1/1] (0.00ns)   --->   "%mrv_70 = insertvalue i1344 %mrv_69, i14 %zext_ln115_71" [firmware/nnet_utils/nnet_activation.h:123]   --->   Operation 2864 'insertvalue' 'mrv_70' <Predicate = true> <Delay = 0.00>
ST_7 : Operation 2865 [1/1] (0.00ns)   --->   "%mrv_71 = insertvalue i1344 %mrv_70, i14 %zext_ln115_72" [firmware/nnet_utils/nnet_activation.h:123]   --->   Operation 2865 'insertvalue' 'mrv_71' <Predicate = true> <Delay = 0.00>
ST_7 : Operation 2866 [1/1] (0.00ns)   --->   "%mrv_72 = insertvalue i1344 %mrv_71, i14 %zext_ln115_73" [firmware/nnet_utils/nnet_activation.h:123]   --->   Operation 2866 'insertvalue' 'mrv_72' <Predicate = true> <Delay = 0.00>
ST_7 : Operation 2867 [1/1] (0.00ns)   --->   "%mrv_73 = insertvalue i1344 %mrv_72, i14 %zext_ln115_74" [firmware/nnet_utils/nnet_activation.h:123]   --->   Operation 2867 'insertvalue' 'mrv_73' <Predicate = true> <Delay = 0.00>
ST_7 : Operation 2868 [1/1] (0.00ns)   --->   "%mrv_74 = insertvalue i1344 %mrv_73, i14 %zext_ln115_75" [firmware/nnet_utils/nnet_activation.h:123]   --->   Operation 2868 'insertvalue' 'mrv_74' <Predicate = true> <Delay = 0.00>
ST_7 : Operation 2869 [1/1] (0.00ns)   --->   "%mrv_75 = insertvalue i1344 %mrv_74, i14 %zext_ln115_76" [firmware/nnet_utils/nnet_activation.h:123]   --->   Operation 2869 'insertvalue' 'mrv_75' <Predicate = true> <Delay = 0.00>
ST_7 : Operation 2870 [1/1] (0.00ns)   --->   "%mrv_76 = insertvalue i1344 %mrv_75, i14 %zext_ln115_77" [firmware/nnet_utils/nnet_activation.h:123]   --->   Operation 2870 'insertvalue' 'mrv_76' <Predicate = true> <Delay = 0.00>
ST_7 : Operation 2871 [1/1] (0.00ns)   --->   "%mrv_77 = insertvalue i1344 %mrv_76, i14 %zext_ln115_78" [firmware/nnet_utils/nnet_activation.h:123]   --->   Operation 2871 'insertvalue' 'mrv_77' <Predicate = true> <Delay = 0.00>
ST_7 : Operation 2872 [1/1] (0.00ns)   --->   "%mrv_78 = insertvalue i1344 %mrv_77, i14 %zext_ln115_79" [firmware/nnet_utils/nnet_activation.h:123]   --->   Operation 2872 'insertvalue' 'mrv_78' <Predicate = true> <Delay = 0.00>
ST_7 : Operation 2873 [1/1] (0.00ns)   --->   "%mrv_79 = insertvalue i1344 %mrv_78, i14 %zext_ln115_80" [firmware/nnet_utils/nnet_activation.h:123]   --->   Operation 2873 'insertvalue' 'mrv_79' <Predicate = true> <Delay = 0.00>
ST_7 : Operation 2874 [1/1] (0.00ns)   --->   "%mrv_80 = insertvalue i1344 %mrv_79, i14 %zext_ln115_81" [firmware/nnet_utils/nnet_activation.h:123]   --->   Operation 2874 'insertvalue' 'mrv_80' <Predicate = true> <Delay = 0.00>
ST_7 : Operation 2875 [1/1] (0.00ns)   --->   "%mrv_81 = insertvalue i1344 %mrv_80, i14 %zext_ln115_82" [firmware/nnet_utils/nnet_activation.h:123]   --->   Operation 2875 'insertvalue' 'mrv_81' <Predicate = true> <Delay = 0.00>
ST_7 : Operation 2876 [1/1] (0.00ns)   --->   "%mrv_82 = insertvalue i1344 %mrv_81, i14 %zext_ln115_83" [firmware/nnet_utils/nnet_activation.h:123]   --->   Operation 2876 'insertvalue' 'mrv_82' <Predicate = true> <Delay = 0.00>
ST_7 : Operation 2877 [1/1] (0.00ns)   --->   "%mrv_83 = insertvalue i1344 %mrv_82, i14 %zext_ln115_84" [firmware/nnet_utils/nnet_activation.h:123]   --->   Operation 2877 'insertvalue' 'mrv_83' <Predicate = true> <Delay = 0.00>
ST_7 : Operation 2878 [1/1] (0.00ns)   --->   "%mrv_84 = insertvalue i1344 %mrv_83, i14 %zext_ln115_85" [firmware/nnet_utils/nnet_activation.h:123]   --->   Operation 2878 'insertvalue' 'mrv_84' <Predicate = true> <Delay = 0.00>
ST_7 : Operation 2879 [1/1] (0.00ns)   --->   "%mrv_85 = insertvalue i1344 %mrv_84, i14 %zext_ln115_86" [firmware/nnet_utils/nnet_activation.h:123]   --->   Operation 2879 'insertvalue' 'mrv_85' <Predicate = true> <Delay = 0.00>
ST_7 : Operation 2880 [1/1] (0.00ns)   --->   "%mrv_86 = insertvalue i1344 %mrv_85, i14 %zext_ln115_87" [firmware/nnet_utils/nnet_activation.h:123]   --->   Operation 2880 'insertvalue' 'mrv_86' <Predicate = true> <Delay = 0.00>
ST_7 : Operation 2881 [1/1] (0.00ns)   --->   "%mrv_87 = insertvalue i1344 %mrv_86, i14 %zext_ln115_88" [firmware/nnet_utils/nnet_activation.h:123]   --->   Operation 2881 'insertvalue' 'mrv_87' <Predicate = true> <Delay = 0.00>
ST_7 : Operation 2882 [1/1] (0.00ns)   --->   "%mrv_88 = insertvalue i1344 %mrv_87, i14 %zext_ln115_89" [firmware/nnet_utils/nnet_activation.h:123]   --->   Operation 2882 'insertvalue' 'mrv_88' <Predicate = true> <Delay = 0.00>
ST_7 : Operation 2883 [1/1] (0.00ns)   --->   "%mrv_89 = insertvalue i1344 %mrv_88, i14 %zext_ln115_90" [firmware/nnet_utils/nnet_activation.h:123]   --->   Operation 2883 'insertvalue' 'mrv_89' <Predicate = true> <Delay = 0.00>
ST_7 : Operation 2884 [1/1] (0.00ns)   --->   "%mrv_90 = insertvalue i1344 %mrv_89, i14 %zext_ln115_91" [firmware/nnet_utils/nnet_activation.h:123]   --->   Operation 2884 'insertvalue' 'mrv_90' <Predicate = true> <Delay = 0.00>
ST_7 : Operation 2885 [1/1] (0.00ns)   --->   "%mrv_91 = insertvalue i1344 %mrv_90, i14 %zext_ln115_92" [firmware/nnet_utils/nnet_activation.h:123]   --->   Operation 2885 'insertvalue' 'mrv_91' <Predicate = true> <Delay = 0.00>
ST_7 : Operation 2886 [1/1] (0.00ns)   --->   "%mrv_92 = insertvalue i1344 %mrv_91, i14 %zext_ln115_93" [firmware/nnet_utils/nnet_activation.h:123]   --->   Operation 2886 'insertvalue' 'mrv_92' <Predicate = true> <Delay = 0.00>
ST_7 : Operation 2887 [1/1] (0.00ns)   --->   "%mrv_93 = insertvalue i1344 %mrv_92, i14 %zext_ln115_94" [firmware/nnet_utils/nnet_activation.h:123]   --->   Operation 2887 'insertvalue' 'mrv_93' <Predicate = true> <Delay = 0.00>
ST_7 : Operation 2888 [1/1] (0.00ns)   --->   "%mrv_94 = insertvalue i1344 %mrv_93, i14 %zext_ln123" [firmware/nnet_utils/nnet_activation.h:123]   --->   Operation 2888 'insertvalue' 'mrv_94' <Predicate = true> <Delay = 0.00>
ST_7 : Operation 2889 [1/1] (0.00ns)   --->   "%ret_ln123 = ret i1344 %mrv_94" [firmware/nnet_utils/nnet_activation.h:123]   --->   Operation 2889 'ret' 'ret_ln123' <Predicate = true> <Delay = 0.00>


============================================================
+ Verbose Summary: Timing violations
============================================================
Target clock period: 4.000ns, clock uncertainty: 1.080ns.

 <State 1>: 2.134ns
The critical path consists of the following:
	wire read operation ('data_0_val_read', firmware/nnet_utils/nnet_activation.h:115) on port 'data_0_val' (firmware/nnet_utils/nnet_activation.h:115) [194]  (0.000 ns)
	'add' operation 13 bit ('add_ln115', firmware/nnet_utils/nnet_activation.h:115) [200]  (2.134 ns)

 <State 2>: 2.824ns
The critical path consists of the following:
	'select' operation 13 bit ('data_round', firmware/nnet_utils/nnet_activation.h:115) [202]  (0.000 ns)
	'add' operation 14 bit ('index', firmware/nnet_utils/nnet_activation.h:116) [204]  (2.134 ns)
	'select' operation 13 bit ('index', firmware/nnet_utils/nnet_activation.h:117) [207]  (0.690 ns)

 <State 3>: 2.808ns
The critical path consists of the following:
	'icmp' operation 1 bit ('icmp_ln119', firmware/nnet_utils/nnet_activation.h:119) [210]  (1.680 ns)
	'select' operation 10 bit ('index', firmware/nnet_utils/nnet_activation.h:119) [211]  (1.127 ns)

 <State 4>: 1.685ns
The critical path consists of the following:
	'getelementptr' operation 10 bit ('sigmoid_table_addr', firmware/nnet_utils/nnet_activation.h:121) [213]  (0.000 ns)
	'load' operation 10 bit ('sigmoid_table_load', firmware/nnet_utils/nnet_activation.h:121) on array 'sigmoid_table' [214]  (1.685 ns)

 <State 5>: 0.000ns
The critical path consists of the following:

 <State 6>: 1.685ns
The critical path consists of the following:
	'load' operation 10 bit ('sigmoid_table_load', firmware/nnet_utils/nnet_activation.h:121) on array 'sigmoid_table' [214]  (1.685 ns)

 <State 7>: 2.030ns
The critical path consists of the following:
	'add' operation 8 bit ('add_ln121', firmware/nnet_utils/nnet_activation.h:121) [219]  (2.030 ns)


============================================================
+ Verbose Summary: Binding
============================================================
N/A
* FSMD analyzer results:
  - Output states:
 - Input state : 
  - Chain level:
	State 1
	State 2
	State 3
	State 4
	State 5
	State 6
	State 7


============================================================
+ Verbose Summary: Datapath Resource usage 
============================================================
N/A
