

================================================================
== Vitis HLS Report for 'tanh_ap_fixed_14_7_0_3_0_ap_fixed_14_7_0_3_0_tanh_config2_s'
================================================================
* Date:           Tue Sep 15 12:08:20 2026

* Version:        2026.1 (Build 6493734 on Jun 16 2026)
* Project:        recurrent_prj
* Solution:       solution1
* Product family: artix7
* Target device:  xc7a100t-csg324-1


================================================================
== Performance Estimates
================================================================
+ Timing: 
    * Summary: 
    +--------+---------+----------+------------+
    |  Clock |  Target | Estimated| Uncertainty|
    +--------+---------+----------+------------+
    |ap_clk  |  4.00 ns|  2.904 ns|     1.08 ns|
    +--------+---------+----------+------------+

+ Latency: 
    * Summary: 
    +---------+---------+-----------+-----------+-----+-----+---------+
    |  Latency (cycles) |   Latency (absolute)  |  Interval | Pipeline|
    |   min   |   max   |    min    |    max    | min | max |   Type  |
    +---------+---------+-----------+-----------+-----+-----+---------+
    |        5|        5|  20.000 ns|  20.000 ns|    1|    1|      yes|
    +---------+---------+-----------+-----------+-----+-----+---------+

    + Detail: 
        * Instance: 
        N/A

        * Loop: 
        N/A

============================================================
+ Verbose Summary: Synthesis Manager
============================================================
InlineROM: 1
ExposeGlobal: 0
============================================================
+ Verbose Summary: CDFG Model
============================================================
IsTopModel: 0
ResetActiveHigh: 1
IsCombinational: 0
IsDatapathOnly: 0
HasWiredReturn: 1
HasMFsm: 2
HasVarLatency: 0
IsPipeline: 1
IsRtlPipelined: 1
IsInstanceOverlapped: 0
IsDontTouch: 0
HasImplIP: 0
IsGatedGlobalClock: 0

+ Individual pipeline summary: 
  * Pipeline-0: initiation interval (II) = 1, depth = 6


============================================================
+ Verbose Summary: Schedule
============================================================
* Number of FSM states : 6
* Pipeline : 1
  Pipeline-0 : II = 1, D = 6, States = { 1 2 3 4 5 6 }
* Dataflow Pipeline: 0

* FSM state transitions: 
1 --> 2 
2 --> 3 
3 --> 4 
4 --> 5 
5 --> 6 
6 --> 

* FSM state operations: 

State 1 <SV = 0> <Delay = 2.83>
ST_1 : Operation 7 [1/1] (0.00ns)   --->   "%data_31_val_read = read i14 @_ssdm_op_Read.ap_auto.i14, i14 %data_31_val" [firmware/nnet_utils/nnet_activation.h:455]   --->   Operation 7 'read' 'data_31_val_read' <Predicate = true> <Delay = 0.00>
ST_1 : Operation 8 [1/1] (0.00ns)   --->   "%data_30_val_read = read i14 @_ssdm_op_Read.ap_auto.i14, i14 %data_30_val" [firmware/nnet_utils/nnet_activation.h:455]   --->   Operation 8 'read' 'data_30_val_read' <Predicate = true> <Delay = 0.00>
ST_1 : Operation 9 [1/1] (0.00ns)   --->   "%data_29_val_read = read i14 @_ssdm_op_Read.ap_auto.i14, i14 %data_29_val" [firmware/nnet_utils/nnet_activation.h:455]   --->   Operation 9 'read' 'data_29_val_read' <Predicate = true> <Delay = 0.00>
ST_1 : Operation 10 [1/1] (0.00ns)   --->   "%data_28_val_read = read i14 @_ssdm_op_Read.ap_auto.i14, i14 %data_28_val" [firmware/nnet_utils/nnet_activation.h:455]   --->   Operation 10 'read' 'data_28_val_read' <Predicate = true> <Delay = 0.00>
ST_1 : Operation 11 [1/1] (0.00ns)   --->   "%data_27_val_read = read i14 @_ssdm_op_Read.ap_auto.i14, i14 %data_27_val" [firmware/nnet_utils/nnet_activation.h:455]   --->   Operation 11 'read' 'data_27_val_read' <Predicate = true> <Delay = 0.00>
ST_1 : Operation 12 [1/1] (0.00ns)   --->   "%data_26_val_read = read i14 @_ssdm_op_Read.ap_auto.i14, i14 %data_26_val" [firmware/nnet_utils/nnet_activation.h:455]   --->   Operation 12 'read' 'data_26_val_read' <Predicate = true> <Delay = 0.00>
ST_1 : Operation 13 [1/1] (0.00ns)   --->   "%data_25_val_read = read i14 @_ssdm_op_Read.ap_auto.i14, i14 %data_25_val" [firmware/nnet_utils/nnet_activation.h:455]   --->   Operation 13 'read' 'data_25_val_read' <Predicate = true> <Delay = 0.00>
ST_1 : Operation 14 [1/1] (0.00ns)   --->   "%data_24_val_read = read i14 @_ssdm_op_Read.ap_auto.i14, i14 %data_24_val" [firmware/nnet_utils/nnet_activation.h:455]   --->   Operation 14 'read' 'data_24_val_read' <Predicate = true> <Delay = 0.00>
ST_1 : Operation 15 [1/1] (0.00ns)   --->   "%data_23_val_read = read i14 @_ssdm_op_Read.ap_auto.i14, i14 %data_23_val" [firmware/nnet_utils/nnet_activation.h:455]   --->   Operation 15 'read' 'data_23_val_read' <Predicate = true> <Delay = 0.00>
ST_1 : Operation 16 [1/1] (0.00ns)   --->   "%data_22_val_read = read i14 @_ssdm_op_Read.ap_auto.i14, i14 %data_22_val" [firmware/nnet_utils/nnet_activation.h:455]   --->   Operation 16 'read' 'data_22_val_read' <Predicate = true> <Delay = 0.00>
ST_1 : Operation 17 [1/1] (0.00ns)   --->   "%data_21_val_read = read i14 @_ssdm_op_Read.ap_auto.i14, i14 %data_21_val" [firmware/nnet_utils/nnet_activation.h:455]   --->   Operation 17 'read' 'data_21_val_read' <Predicate = true> <Delay = 0.00>
ST_1 : Operation 18 [1/1] (0.00ns)   --->   "%data_20_val_read = read i14 @_ssdm_op_Read.ap_auto.i14, i14 %data_20_val" [firmware/nnet_utils/nnet_activation.h:455]   --->   Operation 18 'read' 'data_20_val_read' <Predicate = true> <Delay = 0.00>
ST_1 : Operation 19 [1/1] (0.00ns)   --->   "%data_19_val_read = read i14 @_ssdm_op_Read.ap_auto.i14, i14 %data_19_val" [firmware/nnet_utils/nnet_activation.h:455]   --->   Operation 19 'read' 'data_19_val_read' <Predicate = true> <Delay = 0.00>
ST_1 : Operation 20 [1/1] (0.00ns)   --->   "%data_18_val_read = read i14 @_ssdm_op_Read.ap_auto.i14, i14 %data_18_val" [firmware/nnet_utils/nnet_activation.h:455]   --->   Operation 20 'read' 'data_18_val_read' <Predicate = true> <Delay = 0.00>
ST_1 : Operation 21 [1/1] (0.00ns)   --->   "%data_17_val_read = read i14 @_ssdm_op_Read.ap_auto.i14, i14 %data_17_val" [firmware/nnet_utils/nnet_activation.h:455]   --->   Operation 21 'read' 'data_17_val_read' <Predicate = true> <Delay = 0.00>
ST_1 : Operation 22 [1/1] (0.00ns)   --->   "%data_16_val_read = read i14 @_ssdm_op_Read.ap_auto.i14, i14 %data_16_val" [firmware/nnet_utils/nnet_activation.h:455]   --->   Operation 22 'read' 'data_16_val_read' <Predicate = true> <Delay = 0.00>
ST_1 : Operation 23 [1/1] (0.00ns)   --->   "%data_15_val_read = read i14 @_ssdm_op_Read.ap_auto.i14, i14 %data_15_val" [firmware/nnet_utils/nnet_activation.h:455]   --->   Operation 23 'read' 'data_15_val_read' <Predicate = true> <Delay = 0.00>
ST_1 : Operation 24 [1/1] (0.00ns)   --->   "%data_14_val_read = read i14 @_ssdm_op_Read.ap_auto.i14, i14 %data_14_val" [firmware/nnet_utils/nnet_activation.h:455]   --->   Operation 24 'read' 'data_14_val_read' <Predicate = true> <Delay = 0.00>
ST_1 : Operation 25 [1/1] (0.00ns)   --->   "%data_13_val_read = read i14 @_ssdm_op_Read.ap_auto.i14, i14 %data_13_val" [firmware/nnet_utils/nnet_activation.h:455]   --->   Operation 25 'read' 'data_13_val_read' <Predicate = true> <Delay = 0.00>
ST_1 : Operation 26 [1/1] (0.00ns)   --->   "%data_12_val_read = read i14 @_ssdm_op_Read.ap_auto.i14, i14 %data_12_val" [firmware/nnet_utils/nnet_activation.h:455]   --->   Operation 26 'read' 'data_12_val_read' <Predicate = true> <Delay = 0.00>
ST_1 : Operation 27 [1/1] (0.00ns)   --->   "%data_11_val_read = read i14 @_ssdm_op_Read.ap_auto.i14, i14 %data_11_val" [firmware/nnet_utils/nnet_activation.h:455]   --->   Operation 27 'read' 'data_11_val_read' <Predicate = true> <Delay = 0.00>
ST_1 : Operation 28 [1/1] (0.00ns)   --->   "%data_10_val_read = read i14 @_ssdm_op_Read.ap_auto.i14, i14 %data_10_val" [firmware/nnet_utils/nnet_activation.h:455]   --->   Operation 28 'read' 'data_10_val_read' <Predicate = true> <Delay = 0.00>
ST_1 : Operation 29 [1/1] (0.00ns)   --->   "%data_9_val_read = read i14 @_ssdm_op_Read.ap_auto.i14, i14 %data_9_val" [firmware/nnet_utils/nnet_activation.h:455]   --->   Operation 29 'read' 'data_9_val_read' <Predicate = true> <Delay = 0.00>
ST_1 : Operation 30 [1/1] (0.00ns)   --->   "%data_8_val_read = read i14 @_ssdm_op_Read.ap_auto.i14, i14 %data_8_val" [firmware/nnet_utils/nnet_activation.h:455]   --->   Operation 30 'read' 'data_8_val_read' <Predicate = true> <Delay = 0.00>
ST_1 : Operation 31 [1/1] (0.00ns)   --->   "%data_7_val_read = read i14 @_ssdm_op_Read.ap_auto.i14, i14 %data_7_val" [firmware/nnet_utils/nnet_activation.h:455]   --->   Operation 31 'read' 'data_7_val_read' <Predicate = true> <Delay = 0.00>
ST_1 : Operation 32 [1/1] (0.00ns)   --->   "%data_6_val_read = read i14 @_ssdm_op_Read.ap_auto.i14, i14 %data_6_val" [firmware/nnet_utils/nnet_activation.h:455]   --->   Operation 32 'read' 'data_6_val_read' <Predicate = true> <Delay = 0.00>
ST_1 : Operation 33 [1/1] (0.00ns)   --->   "%data_5_val_read = read i14 @_ssdm_op_Read.ap_auto.i14, i14 %data_5_val" [firmware/nnet_utils/nnet_activation.h:455]   --->   Operation 33 'read' 'data_5_val_read' <Predicate = true> <Delay = 0.00>
ST_1 : Operation 34 [1/1] (0.00ns)   --->   "%data_4_val_read = read i14 @_ssdm_op_Read.ap_auto.i14, i14 %data_4_val" [firmware/nnet_utils/nnet_activation.h:455]   --->   Operation 34 'read' 'data_4_val_read' <Predicate = true> <Delay = 0.00>
ST_1 : Operation 35 [1/1] (0.00ns)   --->   "%data_3_val_read = read i14 @_ssdm_op_Read.ap_auto.i14, i14 %data_3_val" [firmware/nnet_utils/nnet_activation.h:455]   --->   Operation 35 'read' 'data_3_val_read' <Predicate = true> <Delay = 0.00>
ST_1 : Operation 36 [1/1] (0.00ns)   --->   "%data_2_val_read = read i14 @_ssdm_op_Read.ap_auto.i14, i14 %data_2_val" [firmware/nnet_utils/nnet_activation.h:455]   --->   Operation 36 'read' 'data_2_val_read' <Predicate = true> <Delay = 0.00>
ST_1 : Operation 37 [1/1] (0.00ns)   --->   "%data_1_val_read = read i14 @_ssdm_op_Read.ap_auto.i14, i14 %data_1_val" [firmware/nnet_utils/nnet_activation.h:455]   --->   Operation 37 'read' 'data_1_val_read' <Predicate = true> <Delay = 0.00>
ST_1 : Operation 38 [1/1] (0.00ns)   --->   "%data_0_val_read = read i14 @_ssdm_op_Read.ap_auto.i14, i14 %data_0_val" [firmware/nnet_utils/nnet_activation.h:455]   --->   Operation 38 'read' 'data_0_val_read' <Predicate = true> <Delay = 0.00>
ST_1 : Operation 39 [1/1] (0.00ns)   --->   "%sext_ln455 = sext i14 %data_0_val_read" [firmware/nnet_utils/nnet_activation.h:455]   --->   Operation 39 'sext' 'sext_ln455' <Predicate = true> <Delay = 0.00>
ST_1 : Operation 40 [1/1] (2.13ns)   --->   "%index = add i15 %sext_ln455, i15 512" [firmware/nnet_utils/nnet_activation.h:459]   --->   Operation 40 'add' 'index' <Predicate = true> <Delay = 2.13> <CoreInst = "Adder">   --->   Core 1 'Adder' <Latency = 0> <II = 1> <Delay = 2.13> <FuncUnit> <Opcode : 'add' 'sub'> <InPorts = 2> <OutPorts = 1>
ST_1 : Operation 41 [1/1] (0.00ns)   --->   "%trunc_ln456 = trunc i15 %index" [firmware/nnet_utils/nnet_activation.h:456]   --->   Operation 41 'trunc' 'trunc_ln456' <Predicate = true> <Delay = 0.00>
ST_1 : Operation 42 [1/1] (0.00ns)   --->   "%tmp = bitselect i1 @_ssdm_op_BitSelect.i1.i15.i32, i15 %index, i32 14" [firmware/nnet_utils/nnet_activation.h:461]   --->   Operation 42 'bitselect' 'tmp' <Predicate = true> <Delay = 0.00>
ST_1 : Operation 43 [1/1] (0.69ns)   --->   "%index_1 = select i1 %tmp, i14 0, i14 %trunc_ln456" [firmware/nnet_utils/nnet_activation.h:461]   --->   Operation 43 'select' 'index_1' <Predicate = true> <Delay = 0.69> <CoreInst = "Sel">   --->   Core 73 'Sel' <Latency = 0> <II = 1> <Delay = 0.69> <FuncUnit> <Opcode : 'select'> <InPorts = 3> <OutPorts = 1>
ST_1 : Operation 44 [1/1] (0.00ns)   --->   "%trunc_ln456_1 = trunc i14 %index_1" [firmware/nnet_utils/nnet_activation.h:456]   --->   Operation 44 'trunc' 'trunc_ln456_1' <Predicate = true> <Delay = 0.00>
ST_1 : Operation 45 [1/1] (0.00ns)   --->   "%tmp_1 = partselect i4 @_ssdm_op_PartSelect.i4.i14.i32.i32, i14 %index_1, i32 10, i32 13" [firmware/nnet_utils/nnet_activation.h:463]   --->   Operation 45 'partselect' 'tmp_1' <Predicate = true> <Delay = 0.00>
ST_1 : Operation 46 [1/1] (0.00ns)   --->   "%sext_ln455_1 = sext i14 %data_1_val_read" [firmware/nnet_utils/nnet_activation.h:455]   --->   Operation 46 'sext' 'sext_ln455_1' <Predicate = true> <Delay = 0.00>
ST_1 : Operation 47 [1/1] (2.13ns)   --->   "%index_3 = add i15 %sext_ln455_1, i15 512" [firmware/nnet_utils/nnet_activation.h:459]   --->   Operation 47 'add' 'index_3' <Predicate = true> <Delay = 2.13> <CoreInst = "Adder">   --->   Core 1 'Adder' <Latency = 0> <II = 1> <Delay = 2.13> <FuncUnit> <Opcode : 'add' 'sub'> <InPorts = 2> <OutPorts = 1>
ST_1 : Operation 48 [1/1] (0.00ns)   --->   "%trunc_ln456_2 = trunc i15 %index_3" [firmware/nnet_utils/nnet_activation.h:456]   --->   Operation 48 'trunc' 'trunc_ln456_2' <Predicate = true> <Delay = 0.00>
ST_1 : Operation 49 [1/1] (0.00ns)   --->   "%tmp_3 = bitselect i1 @_ssdm_op_BitSelect.i1.i15.i32, i15 %index_3, i32 14" [firmware/nnet_utils/nnet_activation.h:461]   --->   Operation 49 'bitselect' 'tmp_3' <Predicate = true> <Delay = 0.00>
ST_1 : Operation 50 [1/1] (0.69ns)   --->   "%index_4 = select i1 %tmp_3, i14 0, i14 %trunc_ln456_2" [firmware/nnet_utils/nnet_activation.h:461]   --->   Operation 50 'select' 'index_4' <Predicate = true> <Delay = 0.69> <CoreInst = "Sel">   --->   Core 73 'Sel' <Latency = 0> <II = 1> <Delay = 0.69> <FuncUnit> <Opcode : 'select'> <InPorts = 3> <OutPorts = 1>
ST_1 : Operation 51 [1/1] (0.00ns)   --->   "%trunc_ln456_3 = trunc i14 %index_4" [firmware/nnet_utils/nnet_activation.h:456]   --->   Operation 51 'trunc' 'trunc_ln456_3' <Predicate = true> <Delay = 0.00>
ST_1 : Operation 52 [1/1] (0.00ns)   --->   "%tmp_4 = partselect i4 @_ssdm_op_PartSelect.i4.i14.i32.i32, i14 %index_4, i32 10, i32 13" [firmware/nnet_utils/nnet_activation.h:463]   --->   Operation 52 'partselect' 'tmp_4' <Predicate = true> <Delay = 0.00>
ST_1 : Operation 53 [1/1] (0.00ns)   --->   "%sext_ln455_2 = sext i14 %data_2_val_read" [firmware/nnet_utils/nnet_activation.h:455]   --->   Operation 53 'sext' 'sext_ln455_2' <Predicate = true> <Delay = 0.00>
ST_1 : Operation 54 [1/1] (2.13ns)   --->   "%index_6 = add i15 %sext_ln455_2, i15 512" [firmware/nnet_utils/nnet_activation.h:459]   --->   Operation 54 'add' 'index_6' <Predicate = true> <Delay = 2.13> <CoreInst = "Adder">   --->   Core 1 'Adder' <Latency = 0> <II = 1> <Delay = 2.13> <FuncUnit> <Opcode : 'add' 'sub'> <InPorts = 2> <OutPorts = 1>
ST_1 : Operation 55 [1/1] (0.00ns)   --->   "%trunc_ln456_4 = trunc i15 %index_6" [firmware/nnet_utils/nnet_activation.h:456]   --->   Operation 55 'trunc' 'trunc_ln456_4' <Predicate = true> <Delay = 0.00>
ST_1 : Operation 56 [1/1] (0.00ns)   --->   "%tmp_6 = bitselect i1 @_ssdm_op_BitSelect.i1.i15.i32, i15 %index_6, i32 14" [firmware/nnet_utils/nnet_activation.h:461]   --->   Operation 56 'bitselect' 'tmp_6' <Predicate = true> <Delay = 0.00>
ST_1 : Operation 57 [1/1] (0.69ns)   --->   "%index_7 = select i1 %tmp_6, i14 0, i14 %trunc_ln456_4" [firmware/nnet_utils/nnet_activation.h:461]   --->   Operation 57 'select' 'index_7' <Predicate = true> <Delay = 0.69> <CoreInst = "Sel">   --->   Core 73 'Sel' <Latency = 0> <II = 1> <Delay = 0.69> <FuncUnit> <Opcode : 'select'> <InPorts = 3> <OutPorts = 1>
ST_1 : Operation 58 [1/1] (0.00ns)   --->   "%trunc_ln456_5 = trunc i14 %index_7" [firmware/nnet_utils/nnet_activation.h:456]   --->   Operation 58 'trunc' 'trunc_ln456_5' <Predicate = true> <Delay = 0.00>
ST_1 : Operation 59 [1/1] (0.00ns)   --->   "%tmp_7 = partselect i4 @_ssdm_op_PartSelect.i4.i14.i32.i32, i14 %index_7, i32 10, i32 13" [firmware/nnet_utils/nnet_activation.h:463]   --->   Operation 59 'partselect' 'tmp_7' <Predicate = true> <Delay = 0.00>
ST_1 : Operation 60 [1/1] (0.00ns)   --->   "%sext_ln455_3 = sext i14 %data_3_val_read" [firmware/nnet_utils/nnet_activation.h:455]   --->   Operation 60 'sext' 'sext_ln455_3' <Predicate = true> <Delay = 0.00>
ST_1 : Operation 61 [1/1] (2.13ns)   --->   "%index_9 = add i15 %sext_ln455_3, i15 512" [firmware/nnet_utils/nnet_activation.h:459]   --->   Operation 61 'add' 'index_9' <Predicate = true> <Delay = 2.13> <CoreInst = "Adder">   --->   Core 1 'Adder' <Latency = 0> <II = 1> <Delay = 2.13> <FuncUnit> <Opcode : 'add' 'sub'> <InPorts = 2> <OutPorts = 1>
ST_1 : Operation 62 [1/1] (0.00ns)   --->   "%trunc_ln456_6 = trunc i15 %index_9" [firmware/nnet_utils/nnet_activation.h:456]   --->   Operation 62 'trunc' 'trunc_ln456_6' <Predicate = true> <Delay = 0.00>
ST_1 : Operation 63 [1/1] (0.00ns)   --->   "%tmp_9 = bitselect i1 @_ssdm_op_BitSelect.i1.i15.i32, i15 %index_9, i32 14" [firmware/nnet_utils/nnet_activation.h:461]   --->   Operation 63 'bitselect' 'tmp_9' <Predicate = true> <Delay = 0.00>
ST_1 : Operation 64 [1/1] (0.69ns)   --->   "%index_10 = select i1 %tmp_9, i14 0, i14 %trunc_ln456_6" [firmware/nnet_utils/nnet_activation.h:461]   --->   Operation 64 'select' 'index_10' <Predicate = true> <Delay = 0.69> <CoreInst = "Sel">   --->   Core 73 'Sel' <Latency = 0> <II = 1> <Delay = 0.69> <FuncUnit> <Opcode : 'select'> <InPorts = 3> <OutPorts = 1>
ST_1 : Operation 65 [1/1] (0.00ns)   --->   "%trunc_ln456_7 = trunc i14 %index_10" [firmware/nnet_utils/nnet_activation.h:456]   --->   Operation 65 'trunc' 'trunc_ln456_7' <Predicate = true> <Delay = 0.00>
ST_1 : Operation 66 [1/1] (0.00ns)   --->   "%tmp_10 = partselect i4 @_ssdm_op_PartSelect.i4.i14.i32.i32, i14 %index_10, i32 10, i32 13" [firmware/nnet_utils/nnet_activation.h:463]   --->   Operation 66 'partselect' 'tmp_10' <Predicate = true> <Delay = 0.00>
ST_1 : Operation 67 [1/1] (0.00ns)   --->   "%sext_ln455_4 = sext i14 %data_4_val_read" [firmware/nnet_utils/nnet_activation.h:455]   --->   Operation 67 'sext' 'sext_ln455_4' <Predicate = true> <Delay = 0.00>
ST_1 : Operation 68 [1/1] (2.13ns)   --->   "%index_12 = add i15 %sext_ln455_4, i15 512" [firmware/nnet_utils/nnet_activation.h:459]   --->   Operation 68 'add' 'index_12' <Predicate = true> <Delay = 2.13> <CoreInst = "Adder">   --->   Core 1 'Adder' <Latency = 0> <II = 1> <Delay = 2.13> <FuncUnit> <Opcode : 'add' 'sub'> <InPorts = 2> <OutPorts = 1>
ST_1 : Operation 69 [1/1] (0.00ns)   --->   "%trunc_ln456_8 = trunc i15 %index_12" [firmware/nnet_utils/nnet_activation.h:456]   --->   Operation 69 'trunc' 'trunc_ln456_8' <Predicate = true> <Delay = 0.00>
ST_1 : Operation 70 [1/1] (0.00ns)   --->   "%tmp_12 = bitselect i1 @_ssdm_op_BitSelect.i1.i15.i32, i15 %index_12, i32 14" [firmware/nnet_utils/nnet_activation.h:461]   --->   Operation 70 'bitselect' 'tmp_12' <Predicate = true> <Delay = 0.00>
ST_1 : Operation 71 [1/1] (0.69ns)   --->   "%index_13 = select i1 %tmp_12, i14 0, i14 %trunc_ln456_8" [firmware/nnet_utils/nnet_activation.h:461]   --->   Operation 71 'select' 'index_13' <Predicate = true> <Delay = 0.69> <CoreInst = "Sel">   --->   Core 73 'Sel' <Latency = 0> <II = 1> <Delay = 0.69> <FuncUnit> <Opcode : 'select'> <InPorts = 3> <OutPorts = 1>
ST_1 : Operation 72 [1/1] (0.00ns)   --->   "%trunc_ln456_9 = trunc i14 %index_13" [firmware/nnet_utils/nnet_activation.h:456]   --->   Operation 72 'trunc' 'trunc_ln456_9' <Predicate = true> <Delay = 0.00>
ST_1 : Operation 73 [1/1] (0.00ns)   --->   "%tmp_13 = partselect i4 @_ssdm_op_PartSelect.i4.i14.i32.i32, i14 %index_13, i32 10, i32 13" [firmware/nnet_utils/nnet_activation.h:463]   --->   Operation 73 'partselect' 'tmp_13' <Predicate = true> <Delay = 0.00>
ST_1 : Operation 74 [1/1] (0.00ns)   --->   "%sext_ln455_5 = sext i14 %data_5_val_read" [firmware/nnet_utils/nnet_activation.h:455]   --->   Operation 74 'sext' 'sext_ln455_5' <Predicate = true> <Delay = 0.00>
ST_1 : Operation 75 [1/1] (2.13ns)   --->   "%index_15 = add i15 %sext_ln455_5, i15 512" [firmware/nnet_utils/nnet_activation.h:459]   --->   Operation 75 'add' 'index_15' <Predicate = true> <Delay = 2.13> <CoreInst = "Adder">   --->   Core 1 'Adder' <Latency = 0> <II = 1> <Delay = 2.13> <FuncUnit> <Opcode : 'add' 'sub'> <InPorts = 2> <OutPorts = 1>
ST_1 : Operation 76 [1/1] (0.00ns)   --->   "%trunc_ln456_10 = trunc i15 %index_15" [firmware/nnet_utils/nnet_activation.h:456]   --->   Operation 76 'trunc' 'trunc_ln456_10' <Predicate = true> <Delay = 0.00>
ST_1 : Operation 77 [1/1] (0.00ns)   --->   "%tmp_15 = bitselect i1 @_ssdm_op_BitSelect.i1.i15.i32, i15 %index_15, i32 14" [firmware/nnet_utils/nnet_activation.h:461]   --->   Operation 77 'bitselect' 'tmp_15' <Predicate = true> <Delay = 0.00>
ST_1 : Operation 78 [1/1] (0.69ns)   --->   "%index_16 = select i1 %tmp_15, i14 0, i14 %trunc_ln456_10" [firmware/nnet_utils/nnet_activation.h:461]   --->   Operation 78 'select' 'index_16' <Predicate = true> <Delay = 0.69> <CoreInst = "Sel">   --->   Core 73 'Sel' <Latency = 0> <II = 1> <Delay = 0.69> <FuncUnit> <Opcode : 'select'> <InPorts = 3> <OutPorts = 1>
ST_1 : Operation 79 [1/1] (0.00ns)   --->   "%trunc_ln456_11 = trunc i14 %index_16" [firmware/nnet_utils/nnet_activation.h:456]   --->   Operation 79 'trunc' 'trunc_ln456_11' <Predicate = true> <Delay = 0.00>
ST_1 : Operation 80 [1/1] (0.00ns)   --->   "%tmp_16 = partselect i4 @_ssdm_op_PartSelect.i4.i14.i32.i32, i14 %index_16, i32 10, i32 13" [firmware/nnet_utils/nnet_activation.h:463]   --->   Operation 80 'partselect' 'tmp_16' <Predicate = true> <Delay = 0.00>
ST_1 : Operation 81 [1/1] (0.00ns)   --->   "%sext_ln455_6 = sext i14 %data_6_val_read" [firmware/nnet_utils/nnet_activation.h:455]   --->   Operation 81 'sext' 'sext_ln455_6' <Predicate = true> <Delay = 0.00>
ST_1 : Operation 82 [1/1] (2.13ns)   --->   "%index_18 = add i15 %sext_ln455_6, i15 512" [firmware/nnet_utils/nnet_activation.h:459]   --->   Operation 82 'add' 'index_18' <Predicate = true> <Delay = 2.13> <CoreInst = "Adder">   --->   Core 1 'Adder' <Latency = 0> <II = 1> <Delay = 2.13> <FuncUnit> <Opcode : 'add' 'sub'> <InPorts = 2> <OutPorts = 1>
ST_1 : Operation 83 [1/1] (0.00ns)   --->   "%trunc_ln456_12 = trunc i15 %index_18" [firmware/nnet_utils/nnet_activation.h:456]   --->   Operation 83 'trunc' 'trunc_ln456_12' <Predicate = true> <Delay = 0.00>
ST_1 : Operation 84 [1/1] (0.00ns)   --->   "%tmp_18 = bitselect i1 @_ssdm_op_BitSelect.i1.i15.i32, i15 %index_18, i32 14" [firmware/nnet_utils/nnet_activation.h:461]   --->   Operation 84 'bitselect' 'tmp_18' <Predicate = true> <Delay = 0.00>
ST_1 : Operation 85 [1/1] (0.69ns)   --->   "%index_19 = select i1 %tmp_18, i14 0, i14 %trunc_ln456_12" [firmware/nnet_utils/nnet_activation.h:461]   --->   Operation 85 'select' 'index_19' <Predicate = true> <Delay = 0.69> <CoreInst = "Sel">   --->   Core 73 'Sel' <Latency = 0> <II = 1> <Delay = 0.69> <FuncUnit> <Opcode : 'select'> <InPorts = 3> <OutPorts = 1>
ST_1 : Operation 86 [1/1] (0.00ns)   --->   "%trunc_ln456_13 = trunc i14 %index_19" [firmware/nnet_utils/nnet_activation.h:456]   --->   Operation 86 'trunc' 'trunc_ln456_13' <Predicate = true> <Delay = 0.00>
ST_1 : Operation 87 [1/1] (0.00ns)   --->   "%tmp_19 = partselect i4 @_ssdm_op_PartSelect.i4.i14.i32.i32, i14 %index_19, i32 10, i32 13" [firmware/nnet_utils/nnet_activation.h:463]   --->   Operation 87 'partselect' 'tmp_19' <Predicate = true> <Delay = 0.00>
ST_1 : Operation 88 [1/1] (0.00ns)   --->   "%sext_ln455_7 = sext i14 %data_7_val_read" [firmware/nnet_utils/nnet_activation.h:455]   --->   Operation 88 'sext' 'sext_ln455_7' <Predicate = true> <Delay = 0.00>
ST_1 : Operation 89 [1/1] (2.13ns)   --->   "%index_21 = add i15 %sext_ln455_7, i15 512" [firmware/nnet_utils/nnet_activation.h:459]   --->   Operation 89 'add' 'index_21' <Predicate = true> <Delay = 2.13> <CoreInst = "Adder">   --->   Core 1 'Adder' <Latency = 0> <II = 1> <Delay = 2.13> <FuncUnit> <Opcode : 'add' 'sub'> <InPorts = 2> <OutPorts = 1>
ST_1 : Operation 90 [1/1] (0.00ns)   --->   "%trunc_ln456_14 = trunc i15 %index_21" [firmware/nnet_utils/nnet_activation.h:456]   --->   Operation 90 'trunc' 'trunc_ln456_14' <Predicate = true> <Delay = 0.00>
ST_1 : Operation 91 [1/1] (0.00ns)   --->   "%tmp_21 = bitselect i1 @_ssdm_op_BitSelect.i1.i15.i32, i15 %index_21, i32 14" [firmware/nnet_utils/nnet_activation.h:461]   --->   Operation 91 'bitselect' 'tmp_21' <Predicate = true> <Delay = 0.00>
ST_1 : Operation 92 [1/1] (0.69ns)   --->   "%index_22 = select i1 %tmp_21, i14 0, i14 %trunc_ln456_14" [firmware/nnet_utils/nnet_activation.h:461]   --->   Operation 92 'select' 'index_22' <Predicate = true> <Delay = 0.69> <CoreInst = "Sel">   --->   Core 73 'Sel' <Latency = 0> <II = 1> <Delay = 0.69> <FuncUnit> <Opcode : 'select'> <InPorts = 3> <OutPorts = 1>
ST_1 : Operation 93 [1/1] (0.00ns)   --->   "%trunc_ln456_15 = trunc i14 %index_22" [firmware/nnet_utils/nnet_activation.h:456]   --->   Operation 93 'trunc' 'trunc_ln456_15' <Predicate = true> <Delay = 0.00>
ST_1 : Operation 94 [1/1] (0.00ns)   --->   "%tmp_22 = partselect i4 @_ssdm_op_PartSelect.i4.i14.i32.i32, i14 %index_22, i32 10, i32 13" [firmware/nnet_utils/nnet_activation.h:463]   --->   Operation 94 'partselect' 'tmp_22' <Predicate = true> <Delay = 0.00>
ST_1 : Operation 95 [1/1] (0.00ns)   --->   "%sext_ln455_8 = sext i14 %data_8_val_read" [firmware/nnet_utils/nnet_activation.h:455]   --->   Operation 95 'sext' 'sext_ln455_8' <Predicate = true> <Delay = 0.00>
ST_1 : Operation 96 [1/1] (2.13ns)   --->   "%index_24 = add i15 %sext_ln455_8, i15 512" [firmware/nnet_utils/nnet_activation.h:459]   --->   Operation 96 'add' 'index_24' <Predicate = true> <Delay = 2.13> <CoreInst = "Adder">   --->   Core 1 'Adder' <Latency = 0> <II = 1> <Delay = 2.13> <FuncUnit> <Opcode : 'add' 'sub'> <InPorts = 2> <OutPorts = 1>
ST_1 : Operation 97 [1/1] (0.00ns)   --->   "%trunc_ln456_16 = trunc i15 %index_24" [firmware/nnet_utils/nnet_activation.h:456]   --->   Operation 97 'trunc' 'trunc_ln456_16' <Predicate = true> <Delay = 0.00>
ST_1 : Operation 98 [1/1] (0.00ns)   --->   "%tmp_24 = bitselect i1 @_ssdm_op_BitSelect.i1.i15.i32, i15 %index_24, i32 14" [firmware/nnet_utils/nnet_activation.h:461]   --->   Operation 98 'bitselect' 'tmp_24' <Predicate = true> <Delay = 0.00>
ST_1 : Operation 99 [1/1] (0.69ns)   --->   "%index_25 = select i1 %tmp_24, i14 0, i14 %trunc_ln456_16" [firmware/nnet_utils/nnet_activation.h:461]   --->   Operation 99 'select' 'index_25' <Predicate = true> <Delay = 0.69> <CoreInst = "Sel">   --->   Core 73 'Sel' <Latency = 0> <II = 1> <Delay = 0.69> <FuncUnit> <Opcode : 'select'> <InPorts = 3> <OutPorts = 1>
ST_1 : Operation 100 [1/1] (0.00ns)   --->   "%trunc_ln456_17 = trunc i14 %index_25" [firmware/nnet_utils/nnet_activation.h:456]   --->   Operation 100 'trunc' 'trunc_ln456_17' <Predicate = true> <Delay = 0.00>
ST_1 : Operation 101 [1/1] (0.00ns)   --->   "%tmp_25 = partselect i4 @_ssdm_op_PartSelect.i4.i14.i32.i32, i14 %index_25, i32 10, i32 13" [firmware/nnet_utils/nnet_activation.h:463]   --->   Operation 101 'partselect' 'tmp_25' <Predicate = true> <Delay = 0.00>
ST_1 : Operation 102 [1/1] (0.00ns)   --->   "%sext_ln455_9 = sext i14 %data_9_val_read" [firmware/nnet_utils/nnet_activation.h:455]   --->   Operation 102 'sext' 'sext_ln455_9' <Predicate = true> <Delay = 0.00>
ST_1 : Operation 103 [1/1] (2.13ns)   --->   "%index_27 = add i15 %sext_ln455_9, i15 512" [firmware/nnet_utils/nnet_activation.h:459]   --->   Operation 103 'add' 'index_27' <Predicate = true> <Delay = 2.13> <CoreInst = "Adder">   --->   Core 1 'Adder' <Latency = 0> <II = 1> <Delay = 2.13> <FuncUnit> <Opcode : 'add' 'sub'> <InPorts = 2> <OutPorts = 1>
ST_1 : Operation 104 [1/1] (0.00ns)   --->   "%trunc_ln456_18 = trunc i15 %index_27" [firmware/nnet_utils/nnet_activation.h:456]   --->   Operation 104 'trunc' 'trunc_ln456_18' <Predicate = true> <Delay = 0.00>
ST_1 : Operation 105 [1/1] (0.00ns)   --->   "%tmp_27 = bitselect i1 @_ssdm_op_BitSelect.i1.i15.i32, i15 %index_27, i32 14" [firmware/nnet_utils/nnet_activation.h:461]   --->   Operation 105 'bitselect' 'tmp_27' <Predicate = true> <Delay = 0.00>
ST_1 : Operation 106 [1/1] (0.69ns)   --->   "%index_28 = select i1 %tmp_27, i14 0, i14 %trunc_ln456_18" [firmware/nnet_utils/nnet_activation.h:461]   --->   Operation 106 'select' 'index_28' <Predicate = true> <Delay = 0.69> <CoreInst = "Sel">   --->   Core 73 'Sel' <Latency = 0> <II = 1> <Delay = 0.69> <FuncUnit> <Opcode : 'select'> <InPorts = 3> <OutPorts = 1>
ST_1 : Operation 107 [1/1] (0.00ns)   --->   "%trunc_ln456_19 = trunc i14 %index_28" [firmware/nnet_utils/nnet_activation.h:456]   --->   Operation 107 'trunc' 'trunc_ln456_19' <Predicate = true> <Delay = 0.00>
ST_1 : Operation 108 [1/1] (0.00ns)   --->   "%tmp_28 = partselect i4 @_ssdm_op_PartSelect.i4.i14.i32.i32, i14 %index_28, i32 10, i32 13" [firmware/nnet_utils/nnet_activation.h:463]   --->   Operation 108 'partselect' 'tmp_28' <Predicate = true> <Delay = 0.00>
ST_1 : Operation 109 [1/1] (0.00ns)   --->   "%sext_ln455_10 = sext i14 %data_10_val_read" [firmware/nnet_utils/nnet_activation.h:455]   --->   Operation 109 'sext' 'sext_ln455_10' <Predicate = true> <Delay = 0.00>
ST_1 : Operation 110 [1/1] (2.13ns)   --->   "%index_30 = add i15 %sext_ln455_10, i15 512" [firmware/nnet_utils/nnet_activation.h:459]   --->   Operation 110 'add' 'index_30' <Predicate = true> <Delay = 2.13> <CoreInst = "Adder">   --->   Core 1 'Adder' <Latency = 0> <II = 1> <Delay = 2.13> <FuncUnit> <Opcode : 'add' 'sub'> <InPorts = 2> <OutPorts = 1>
ST_1 : Operation 111 [1/1] (0.00ns)   --->   "%trunc_ln456_20 = trunc i15 %index_30" [firmware/nnet_utils/nnet_activation.h:456]   --->   Operation 111 'trunc' 'trunc_ln456_20' <Predicate = true> <Delay = 0.00>
ST_1 : Operation 112 [1/1] (0.00ns)   --->   "%tmp_30 = bitselect i1 @_ssdm_op_BitSelect.i1.i15.i32, i15 %index_30, i32 14" [firmware/nnet_utils/nnet_activation.h:461]   --->   Operation 112 'bitselect' 'tmp_30' <Predicate = true> <Delay = 0.00>
ST_1 : Operation 113 [1/1] (0.69ns)   --->   "%index_31 = select i1 %tmp_30, i14 0, i14 %trunc_ln456_20" [firmware/nnet_utils/nnet_activation.h:461]   --->   Operation 113 'select' 'index_31' <Predicate = true> <Delay = 0.69> <CoreInst = "Sel">   --->   Core 73 'Sel' <Latency = 0> <II = 1> <Delay = 0.69> <FuncUnit> <Opcode : 'select'> <InPorts = 3> <OutPorts = 1>
ST_1 : Operation 114 [1/1] (0.00ns)   --->   "%trunc_ln456_21 = trunc i14 %index_31" [firmware/nnet_utils/nnet_activation.h:456]   --->   Operation 114 'trunc' 'trunc_ln456_21' <Predicate = true> <Delay = 0.00>
ST_1 : Operation 115 [1/1] (0.00ns)   --->   "%tmp_31 = partselect i4 @_ssdm_op_PartSelect.i4.i14.i32.i32, i14 %index_31, i32 10, i32 13" [firmware/nnet_utils/nnet_activation.h:463]   --->   Operation 115 'partselect' 'tmp_31' <Predicate = true> <Delay = 0.00>
ST_1 : Operation 116 [1/1] (0.00ns)   --->   "%sext_ln455_11 = sext i14 %data_11_val_read" [firmware/nnet_utils/nnet_activation.h:455]   --->   Operation 116 'sext' 'sext_ln455_11' <Predicate = true> <Delay = 0.00>
ST_1 : Operation 117 [1/1] (2.13ns)   --->   "%index_33 = add i15 %sext_ln455_11, i15 512" [firmware/nnet_utils/nnet_activation.h:459]   --->   Operation 117 'add' 'index_33' <Predicate = true> <Delay = 2.13> <CoreInst = "Adder">   --->   Core 1 'Adder' <Latency = 0> <II = 1> <Delay = 2.13> <FuncUnit> <Opcode : 'add' 'sub'> <InPorts = 2> <OutPorts = 1>
ST_1 : Operation 118 [1/1] (0.00ns)   --->   "%trunc_ln456_22 = trunc i15 %index_33" [firmware/nnet_utils/nnet_activation.h:456]   --->   Operation 118 'trunc' 'trunc_ln456_22' <Predicate = true> <Delay = 0.00>
ST_1 : Operation 119 [1/1] (0.00ns)   --->   "%tmp_33 = bitselect i1 @_ssdm_op_BitSelect.i1.i15.i32, i15 %index_33, i32 14" [firmware/nnet_utils/nnet_activation.h:461]   --->   Operation 119 'bitselect' 'tmp_33' <Predicate = true> <Delay = 0.00>
ST_1 : Operation 120 [1/1] (0.69ns)   --->   "%index_34 = select i1 %tmp_33, i14 0, i14 %trunc_ln456_22" [firmware/nnet_utils/nnet_activation.h:461]   --->   Operation 120 'select' 'index_34' <Predicate = true> <Delay = 0.69> <CoreInst = "Sel">   --->   Core 73 'Sel' <Latency = 0> <II = 1> <Delay = 0.69> <FuncUnit> <Opcode : 'select'> <InPorts = 3> <OutPorts = 1>
ST_1 : Operation 121 [1/1] (0.00ns)   --->   "%trunc_ln456_23 = trunc i14 %index_34" [firmware/nnet_utils/nnet_activation.h:456]   --->   Operation 121 'trunc' 'trunc_ln456_23' <Predicate = true> <Delay = 0.00>
ST_1 : Operation 122 [1/1] (0.00ns)   --->   "%tmp_34 = partselect i4 @_ssdm_op_PartSelect.i4.i14.i32.i32, i14 %index_34, i32 10, i32 13" [firmware/nnet_utils/nnet_activation.h:463]   --->   Operation 122 'partselect' 'tmp_34' <Predicate = true> <Delay = 0.00>
ST_1 : Operation 123 [1/1] (0.00ns)   --->   "%sext_ln455_12 = sext i14 %data_12_val_read" [firmware/nnet_utils/nnet_activation.h:455]   --->   Operation 123 'sext' 'sext_ln455_12' <Predicate = true> <Delay = 0.00>
ST_1 : Operation 124 [1/1] (2.13ns)   --->   "%index_36 = add i15 %sext_ln455_12, i15 512" [firmware/nnet_utils/nnet_activation.h:459]   --->   Operation 124 'add' 'index_36' <Predicate = true> <Delay = 2.13> <CoreInst = "Adder">   --->   Core 1 'Adder' <Latency = 0> <II = 1> <Delay = 2.13> <FuncUnit> <Opcode : 'add' 'sub'> <InPorts = 2> <OutPorts = 1>
ST_1 : Operation 125 [1/1] (0.00ns)   --->   "%trunc_ln456_24 = trunc i15 %index_36" [firmware/nnet_utils/nnet_activation.h:456]   --->   Operation 125 'trunc' 'trunc_ln456_24' <Predicate = true> <Delay = 0.00>
ST_1 : Operation 126 [1/1] (0.00ns)   --->   "%tmp_36 = bitselect i1 @_ssdm_op_BitSelect.i1.i15.i32, i15 %index_36, i32 14" [firmware/nnet_utils/nnet_activation.h:461]   --->   Operation 126 'bitselect' 'tmp_36' <Predicate = true> <Delay = 0.00>
ST_1 : Operation 127 [1/1] (0.69ns)   --->   "%index_37 = select i1 %tmp_36, i14 0, i14 %trunc_ln456_24" [firmware/nnet_utils/nnet_activation.h:461]   --->   Operation 127 'select' 'index_37' <Predicate = true> <Delay = 0.69> <CoreInst = "Sel">   --->   Core 73 'Sel' <Latency = 0> <II = 1> <Delay = 0.69> <FuncUnit> <Opcode : 'select'> <InPorts = 3> <OutPorts = 1>
ST_1 : Operation 128 [1/1] (0.00ns)   --->   "%trunc_ln456_25 = trunc i14 %index_37" [firmware/nnet_utils/nnet_activation.h:456]   --->   Operation 128 'trunc' 'trunc_ln456_25' <Predicate = true> <Delay = 0.00>
ST_1 : Operation 129 [1/1] (0.00ns)   --->   "%tmp_37 = partselect i4 @_ssdm_op_PartSelect.i4.i14.i32.i32, i14 %index_37, i32 10, i32 13" [firmware/nnet_utils/nnet_activation.h:463]   --->   Operation 129 'partselect' 'tmp_37' <Predicate = true> <Delay = 0.00>
ST_1 : Operation 130 [1/1] (0.00ns)   --->   "%sext_ln455_13 = sext i14 %data_13_val_read" [firmware/nnet_utils/nnet_activation.h:455]   --->   Operation 130 'sext' 'sext_ln455_13' <Predicate = true> <Delay = 0.00>
ST_1 : Operation 131 [1/1] (2.13ns)   --->   "%index_39 = add i15 %sext_ln455_13, i15 512" [firmware/nnet_utils/nnet_activation.h:459]   --->   Operation 131 'add' 'index_39' <Predicate = true> <Delay = 2.13> <CoreInst = "Adder">   --->   Core 1 'Adder' <Latency = 0> <II = 1> <Delay = 2.13> <FuncUnit> <Opcode : 'add' 'sub'> <InPorts = 2> <OutPorts = 1>
ST_1 : Operation 132 [1/1] (0.00ns)   --->   "%trunc_ln456_26 = trunc i15 %index_39" [firmware/nnet_utils/nnet_activation.h:456]   --->   Operation 132 'trunc' 'trunc_ln456_26' <Predicate = true> <Delay = 0.00>
ST_1 : Operation 133 [1/1] (0.00ns)   --->   "%tmp_39 = bitselect i1 @_ssdm_op_BitSelect.i1.i15.i32, i15 %index_39, i32 14" [firmware/nnet_utils/nnet_activation.h:461]   --->   Operation 133 'bitselect' 'tmp_39' <Predicate = true> <Delay = 0.00>
ST_1 : Operation 134 [1/1] (0.69ns)   --->   "%index_40 = select i1 %tmp_39, i14 0, i14 %trunc_ln456_26" [firmware/nnet_utils/nnet_activation.h:461]   --->   Operation 134 'select' 'index_40' <Predicate = true> <Delay = 0.69> <CoreInst = "Sel">   --->   Core 73 'Sel' <Latency = 0> <II = 1> <Delay = 0.69> <FuncUnit> <Opcode : 'select'> <InPorts = 3> <OutPorts = 1>
ST_1 : Operation 135 [1/1] (0.00ns)   --->   "%trunc_ln456_27 = trunc i14 %index_40" [firmware/nnet_utils/nnet_activation.h:456]   --->   Operation 135 'trunc' 'trunc_ln456_27' <Predicate = true> <Delay = 0.00>
ST_1 : Operation 136 [1/1] (0.00ns)   --->   "%tmp_40 = partselect i4 @_ssdm_op_PartSelect.i4.i14.i32.i32, i14 %index_40, i32 10, i32 13" [firmware/nnet_utils/nnet_activation.h:463]   --->   Operation 136 'partselect' 'tmp_40' <Predicate = true> <Delay = 0.00>
ST_1 : Operation 137 [1/1] (0.00ns)   --->   "%sext_ln455_14 = sext i14 %data_14_val_read" [firmware/nnet_utils/nnet_activation.h:455]   --->   Operation 137 'sext' 'sext_ln455_14' <Predicate = true> <Delay = 0.00>
ST_1 : Operation 138 [1/1] (2.13ns)   --->   "%index_42 = add i15 %sext_ln455_14, i15 512" [firmware/nnet_utils/nnet_activation.h:459]   --->   Operation 138 'add' 'index_42' <Predicate = true> <Delay = 2.13> <CoreInst = "Adder">   --->   Core 1 'Adder' <Latency = 0> <II = 1> <Delay = 2.13> <FuncUnit> <Opcode : 'add' 'sub'> <InPorts = 2> <OutPorts = 1>
ST_1 : Operation 139 [1/1] (0.00ns)   --->   "%trunc_ln456_28 = trunc i15 %index_42" [firmware/nnet_utils/nnet_activation.h:456]   --->   Operation 139 'trunc' 'trunc_ln456_28' <Predicate = true> <Delay = 0.00>
ST_1 : Operation 140 [1/1] (0.00ns)   --->   "%tmp_42 = bitselect i1 @_ssdm_op_BitSelect.i1.i15.i32, i15 %index_42, i32 14" [firmware/nnet_utils/nnet_activation.h:461]   --->   Operation 140 'bitselect' 'tmp_42' <Predicate = true> <Delay = 0.00>
ST_1 : Operation 141 [1/1] (0.69ns)   --->   "%index_43 = select i1 %tmp_42, i14 0, i14 %trunc_ln456_28" [firmware/nnet_utils/nnet_activation.h:461]   --->   Operation 141 'select' 'index_43' <Predicate = true> <Delay = 0.69> <CoreInst = "Sel">   --->   Core 73 'Sel' <Latency = 0> <II = 1> <Delay = 0.69> <FuncUnit> <Opcode : 'select'> <InPorts = 3> <OutPorts = 1>
ST_1 : Operation 142 [1/1] (0.00ns)   --->   "%trunc_ln456_29 = trunc i14 %index_43" [firmware/nnet_utils/nnet_activation.h:456]   --->   Operation 142 'trunc' 'trunc_ln456_29' <Predicate = true> <Delay = 0.00>
ST_1 : Operation 143 [1/1] (0.00ns)   --->   "%tmp_43 = partselect i4 @_ssdm_op_PartSelect.i4.i14.i32.i32, i14 %index_43, i32 10, i32 13" [firmware/nnet_utils/nnet_activation.h:463]   --->   Operation 143 'partselect' 'tmp_43' <Predicate = true> <Delay = 0.00>
ST_1 : Operation 144 [1/1] (0.00ns)   --->   "%sext_ln455_15 = sext i14 %data_15_val_read" [firmware/nnet_utils/nnet_activation.h:455]   --->   Operation 144 'sext' 'sext_ln455_15' <Predicate = true> <Delay = 0.00>
ST_1 : Operation 145 [1/1] (2.13ns)   --->   "%index_45 = add i15 %sext_ln455_15, i15 512" [firmware/nnet_utils/nnet_activation.h:459]   --->   Operation 145 'add' 'index_45' <Predicate = true> <Delay = 2.13> <CoreInst = "Adder">   --->   Core 1 'Adder' <Latency = 0> <II = 1> <Delay = 2.13> <FuncUnit> <Opcode : 'add' 'sub'> <InPorts = 2> <OutPorts = 1>
ST_1 : Operation 146 [1/1] (0.00ns)   --->   "%trunc_ln456_30 = trunc i15 %index_45" [firmware/nnet_utils/nnet_activation.h:456]   --->   Operation 146 'trunc' 'trunc_ln456_30' <Predicate = true> <Delay = 0.00>
ST_1 : Operation 147 [1/1] (0.00ns)   --->   "%tmp_45 = bitselect i1 @_ssdm_op_BitSelect.i1.i15.i32, i15 %index_45, i32 14" [firmware/nnet_utils/nnet_activation.h:461]   --->   Operation 147 'bitselect' 'tmp_45' <Predicate = true> <Delay = 0.00>
ST_1 : Operation 148 [1/1] (0.69ns)   --->   "%index_46 = select i1 %tmp_45, i14 0, i14 %trunc_ln456_30" [firmware/nnet_utils/nnet_activation.h:461]   --->   Operation 148 'select' 'index_46' <Predicate = true> <Delay = 0.69> <CoreInst = "Sel">   --->   Core 73 'Sel' <Latency = 0> <II = 1> <Delay = 0.69> <FuncUnit> <Opcode : 'select'> <InPorts = 3> <OutPorts = 1>
ST_1 : Operation 149 [1/1] (0.00ns)   --->   "%trunc_ln456_31 = trunc i14 %index_46" [firmware/nnet_utils/nnet_activation.h:456]   --->   Operation 149 'trunc' 'trunc_ln456_31' <Predicate = true> <Delay = 0.00>
ST_1 : Operation 150 [1/1] (0.00ns)   --->   "%tmp_46 = partselect i4 @_ssdm_op_PartSelect.i4.i14.i32.i32, i14 %index_46, i32 10, i32 13" [firmware/nnet_utils/nnet_activation.h:463]   --->   Operation 150 'partselect' 'tmp_46' <Predicate = true> <Delay = 0.00>
ST_1 : Operation 151 [1/1] (0.00ns)   --->   "%sext_ln455_16 = sext i14 %data_16_val_read" [firmware/nnet_utils/nnet_activation.h:455]   --->   Operation 151 'sext' 'sext_ln455_16' <Predicate = true> <Delay = 0.00>
ST_1 : Operation 152 [1/1] (2.13ns)   --->   "%index_48 = add i15 %sext_ln455_16, i15 512" [firmware/nnet_utils/nnet_activation.h:459]   --->   Operation 152 'add' 'index_48' <Predicate = true> <Delay = 2.13> <CoreInst = "Adder">   --->   Core 1 'Adder' <Latency = 0> <II = 1> <Delay = 2.13> <FuncUnit> <Opcode : 'add' 'sub'> <InPorts = 2> <OutPorts = 1>
ST_1 : Operation 153 [1/1] (0.00ns)   --->   "%trunc_ln456_32 = trunc i15 %index_48" [firmware/nnet_utils/nnet_activation.h:456]   --->   Operation 153 'trunc' 'trunc_ln456_32' <Predicate = true> <Delay = 0.00>
ST_1 : Operation 154 [1/1] (0.00ns)   --->   "%tmp_48 = bitselect i1 @_ssdm_op_BitSelect.i1.i15.i32, i15 %index_48, i32 14" [firmware/nnet_utils/nnet_activation.h:461]   --->   Operation 154 'bitselect' 'tmp_48' <Predicate = true> <Delay = 0.00>
ST_1 : Operation 155 [1/1] (0.69ns)   --->   "%index_49 = select i1 %tmp_48, i14 0, i14 %trunc_ln456_32" [firmware/nnet_utils/nnet_activation.h:461]   --->   Operation 155 'select' 'index_49' <Predicate = true> <Delay = 0.69> <CoreInst = "Sel">   --->   Core 73 'Sel' <Latency = 0> <II = 1> <Delay = 0.69> <FuncUnit> <Opcode : 'select'> <InPorts = 3> <OutPorts = 1>
ST_1 : Operation 156 [1/1] (0.00ns)   --->   "%trunc_ln456_33 = trunc i14 %index_49" [firmware/nnet_utils/nnet_activation.h:456]   --->   Operation 156 'trunc' 'trunc_ln456_33' <Predicate = true> <Delay = 0.00>
ST_1 : Operation 157 [1/1] (0.00ns)   --->   "%tmp_49 = partselect i4 @_ssdm_op_PartSelect.i4.i14.i32.i32, i14 %index_49, i32 10, i32 13" [firmware/nnet_utils/nnet_activation.h:463]   --->   Operation 157 'partselect' 'tmp_49' <Predicate = true> <Delay = 0.00>
ST_1 : Operation 158 [1/1] (0.00ns)   --->   "%sext_ln455_17 = sext i14 %data_17_val_read" [firmware/nnet_utils/nnet_activation.h:455]   --->   Operation 158 'sext' 'sext_ln455_17' <Predicate = true> <Delay = 0.00>
ST_1 : Operation 159 [1/1] (2.13ns)   --->   "%index_51 = add i15 %sext_ln455_17, i15 512" [firmware/nnet_utils/nnet_activation.h:459]   --->   Operation 159 'add' 'index_51' <Predicate = true> <Delay = 2.13> <CoreInst = "Adder">   --->   Core 1 'Adder' <Latency = 0> <II = 1> <Delay = 2.13> <FuncUnit> <Opcode : 'add' 'sub'> <InPorts = 2> <OutPorts = 1>
ST_1 : Operation 160 [1/1] (0.00ns)   --->   "%trunc_ln456_34 = trunc i15 %index_51" [firmware/nnet_utils/nnet_activation.h:456]   --->   Operation 160 'trunc' 'trunc_ln456_34' <Predicate = true> <Delay = 0.00>
ST_1 : Operation 161 [1/1] (0.00ns)   --->   "%tmp_51 = bitselect i1 @_ssdm_op_BitSelect.i1.i15.i32, i15 %index_51, i32 14" [firmware/nnet_utils/nnet_activation.h:461]   --->   Operation 161 'bitselect' 'tmp_51' <Predicate = true> <Delay = 0.00>
ST_1 : Operation 162 [1/1] (0.69ns)   --->   "%index_52 = select i1 %tmp_51, i14 0, i14 %trunc_ln456_34" [firmware/nnet_utils/nnet_activation.h:461]   --->   Operation 162 'select' 'index_52' <Predicate = true> <Delay = 0.69> <CoreInst = "Sel">   --->   Core 73 'Sel' <Latency = 0> <II = 1> <Delay = 0.69> <FuncUnit> <Opcode : 'select'> <InPorts = 3> <OutPorts = 1>
ST_1 : Operation 163 [1/1] (0.00ns)   --->   "%trunc_ln456_35 = trunc i14 %index_52" [firmware/nnet_utils/nnet_activation.h:456]   --->   Operation 163 'trunc' 'trunc_ln456_35' <Predicate = true> <Delay = 0.00>
ST_1 : Operation 164 [1/1] (0.00ns)   --->   "%tmp_52 = partselect i4 @_ssdm_op_PartSelect.i4.i14.i32.i32, i14 %index_52, i32 10, i32 13" [firmware/nnet_utils/nnet_activation.h:463]   --->   Operation 164 'partselect' 'tmp_52' <Predicate = true> <Delay = 0.00>
ST_1 : Operation 165 [1/1] (0.00ns)   --->   "%sext_ln455_18 = sext i14 %data_18_val_read" [firmware/nnet_utils/nnet_activation.h:455]   --->   Operation 165 'sext' 'sext_ln455_18' <Predicate = true> <Delay = 0.00>
ST_1 : Operation 166 [1/1] (2.13ns)   --->   "%index_54 = add i15 %sext_ln455_18, i15 512" [firmware/nnet_utils/nnet_activation.h:459]   --->   Operation 166 'add' 'index_54' <Predicate = true> <Delay = 2.13> <CoreInst = "Adder">   --->   Core 1 'Adder' <Latency = 0> <II = 1> <Delay = 2.13> <FuncUnit> <Opcode : 'add' 'sub'> <InPorts = 2> <OutPorts = 1>
ST_1 : Operation 167 [1/1] (0.00ns)   --->   "%trunc_ln456_36 = trunc i15 %index_54" [firmware/nnet_utils/nnet_activation.h:456]   --->   Operation 167 'trunc' 'trunc_ln456_36' <Predicate = true> <Delay = 0.00>
ST_1 : Operation 168 [1/1] (0.00ns)   --->   "%tmp_54 = bitselect i1 @_ssdm_op_BitSelect.i1.i15.i32, i15 %index_54, i32 14" [firmware/nnet_utils/nnet_activation.h:461]   --->   Operation 168 'bitselect' 'tmp_54' <Predicate = true> <Delay = 0.00>
ST_1 : Operation 169 [1/1] (0.69ns)   --->   "%index_55 = select i1 %tmp_54, i14 0, i14 %trunc_ln456_36" [firmware/nnet_utils/nnet_activation.h:461]   --->   Operation 169 'select' 'index_55' <Predicate = true> <Delay = 0.69> <CoreInst = "Sel">   --->   Core 73 'Sel' <Latency = 0> <II = 1> <Delay = 0.69> <FuncUnit> <Opcode : 'select'> <InPorts = 3> <OutPorts = 1>
ST_1 : Operation 170 [1/1] (0.00ns)   --->   "%trunc_ln456_37 = trunc i14 %index_55" [firmware/nnet_utils/nnet_activation.h:456]   --->   Operation 170 'trunc' 'trunc_ln456_37' <Predicate = true> <Delay = 0.00>
ST_1 : Operation 171 [1/1] (0.00ns)   --->   "%tmp_55 = partselect i4 @_ssdm_op_PartSelect.i4.i14.i32.i32, i14 %index_55, i32 10, i32 13" [firmware/nnet_utils/nnet_activation.h:463]   --->   Operation 171 'partselect' 'tmp_55' <Predicate = true> <Delay = 0.00>
ST_1 : Operation 172 [1/1] (0.00ns)   --->   "%sext_ln455_19 = sext i14 %data_19_val_read" [firmware/nnet_utils/nnet_activation.h:455]   --->   Operation 172 'sext' 'sext_ln455_19' <Predicate = true> <Delay = 0.00>
ST_1 : Operation 173 [1/1] (2.13ns)   --->   "%index_57 = add i15 %sext_ln455_19, i15 512" [firmware/nnet_utils/nnet_activation.h:459]   --->   Operation 173 'add' 'index_57' <Predicate = true> <Delay = 2.13> <CoreInst = "Adder">   --->   Core 1 'Adder' <Latency = 0> <II = 1> <Delay = 2.13> <FuncUnit> <Opcode : 'add' 'sub'> <InPorts = 2> <OutPorts = 1>
ST_1 : Operation 174 [1/1] (0.00ns)   --->   "%trunc_ln456_38 = trunc i15 %index_57" [firmware/nnet_utils/nnet_activation.h:456]   --->   Operation 174 'trunc' 'trunc_ln456_38' <Predicate = true> <Delay = 0.00>
ST_1 : Operation 175 [1/1] (0.00ns)   --->   "%tmp_57 = bitselect i1 @_ssdm_op_BitSelect.i1.i15.i32, i15 %index_57, i32 14" [firmware/nnet_utils/nnet_activation.h:461]   --->   Operation 175 'bitselect' 'tmp_57' <Predicate = true> <Delay = 0.00>
ST_1 : Operation 176 [1/1] (0.69ns)   --->   "%index_58 = select i1 %tmp_57, i14 0, i14 %trunc_ln456_38" [firmware/nnet_utils/nnet_activation.h:461]   --->   Operation 176 'select' 'index_58' <Predicate = true> <Delay = 0.69> <CoreInst = "Sel">   --->   Core 73 'Sel' <Latency = 0> <II = 1> <Delay = 0.69> <FuncUnit> <Opcode : 'select'> <InPorts = 3> <OutPorts = 1>
ST_1 : Operation 177 [1/1] (0.00ns)   --->   "%trunc_ln456_39 = trunc i14 %index_58" [firmware/nnet_utils/nnet_activation.h:456]   --->   Operation 177 'trunc' 'trunc_ln456_39' <Predicate = true> <Delay = 0.00>
ST_1 : Operation 178 [1/1] (0.00ns)   --->   "%tmp_58 = partselect i4 @_ssdm_op_PartSelect.i4.i14.i32.i32, i14 %index_58, i32 10, i32 13" [firmware/nnet_utils/nnet_activation.h:463]   --->   Operation 178 'partselect' 'tmp_58' <Predicate = true> <Delay = 0.00>
ST_1 : Operation 179 [1/1] (0.00ns)   --->   "%sext_ln455_20 = sext i14 %data_20_val_read" [firmware/nnet_utils/nnet_activation.h:455]   --->   Operation 179 'sext' 'sext_ln455_20' <Predicate = true> <Delay = 0.00>
ST_1 : Operation 180 [1/1] (2.13ns)   --->   "%index_60 = add i15 %sext_ln455_20, i15 512" [firmware/nnet_utils/nnet_activation.h:459]   --->   Operation 180 'add' 'index_60' <Predicate = true> <Delay = 2.13> <CoreInst = "Adder">   --->   Core 1 'Adder' <Latency = 0> <II = 1> <Delay = 2.13> <FuncUnit> <Opcode : 'add' 'sub'> <InPorts = 2> <OutPorts = 1>
ST_1 : Operation 181 [1/1] (0.00ns)   --->   "%trunc_ln456_40 = trunc i15 %index_60" [firmware/nnet_utils/nnet_activation.h:456]   --->   Operation 181 'trunc' 'trunc_ln456_40' <Predicate = true> <Delay = 0.00>
ST_1 : Operation 182 [1/1] (0.00ns)   --->   "%tmp_60 = bitselect i1 @_ssdm_op_BitSelect.i1.i15.i32, i15 %index_60, i32 14" [firmware/nnet_utils/nnet_activation.h:461]   --->   Operation 182 'bitselect' 'tmp_60' <Predicate = true> <Delay = 0.00>
ST_1 : Operation 183 [1/1] (0.69ns)   --->   "%index_61 = select i1 %tmp_60, i14 0, i14 %trunc_ln456_40" [firmware/nnet_utils/nnet_activation.h:461]   --->   Operation 183 'select' 'index_61' <Predicate = true> <Delay = 0.69> <CoreInst = "Sel">   --->   Core 73 'Sel' <Latency = 0> <II = 1> <Delay = 0.69> <FuncUnit> <Opcode : 'select'> <InPorts = 3> <OutPorts = 1>
ST_1 : Operation 184 [1/1] (0.00ns)   --->   "%trunc_ln456_41 = trunc i14 %index_61" [firmware/nnet_utils/nnet_activation.h:456]   --->   Operation 184 'trunc' 'trunc_ln456_41' <Predicate = true> <Delay = 0.00>
ST_1 : Operation 185 [1/1] (0.00ns)   --->   "%tmp_61 = partselect i4 @_ssdm_op_PartSelect.i4.i14.i32.i32, i14 %index_61, i32 10, i32 13" [firmware/nnet_utils/nnet_activation.h:463]   --->   Operation 185 'partselect' 'tmp_61' <Predicate = true> <Delay = 0.00>
ST_1 : Operation 186 [1/1] (0.00ns)   --->   "%sext_ln455_21 = sext i14 %data_21_val_read" [firmware/nnet_utils/nnet_activation.h:455]   --->   Operation 186 'sext' 'sext_ln455_21' <Predicate = true> <Delay = 0.00>
ST_1 : Operation 187 [1/1] (2.13ns)   --->   "%index_63 = add i15 %sext_ln455_21, i15 512" [firmware/nnet_utils/nnet_activation.h:459]   --->   Operation 187 'add' 'index_63' <Predicate = true> <Delay = 2.13> <CoreInst = "Adder">   --->   Core 1 'Adder' <Latency = 0> <II = 1> <Delay = 2.13> <FuncUnit> <Opcode : 'add' 'sub'> <InPorts = 2> <OutPorts = 1>
ST_1 : Operation 188 [1/1] (0.00ns)   --->   "%trunc_ln456_42 = trunc i15 %index_63" [firmware/nnet_utils/nnet_activation.h:456]   --->   Operation 188 'trunc' 'trunc_ln456_42' <Predicate = true> <Delay = 0.00>
ST_1 : Operation 189 [1/1] (0.00ns)   --->   "%tmp_63 = bitselect i1 @_ssdm_op_BitSelect.i1.i15.i32, i15 %index_63, i32 14" [firmware/nnet_utils/nnet_activation.h:461]   --->   Operation 189 'bitselect' 'tmp_63' <Predicate = true> <Delay = 0.00>
ST_1 : Operation 190 [1/1] (0.69ns)   --->   "%index_64 = select i1 %tmp_63, i14 0, i14 %trunc_ln456_42" [firmware/nnet_utils/nnet_activation.h:461]   --->   Operation 190 'select' 'index_64' <Predicate = true> <Delay = 0.69> <CoreInst = "Sel">   --->   Core 73 'Sel' <Latency = 0> <II = 1> <Delay = 0.69> <FuncUnit> <Opcode : 'select'> <InPorts = 3> <OutPorts = 1>
ST_1 : Operation 191 [1/1] (0.00ns)   --->   "%trunc_ln456_43 = trunc i14 %index_64" [firmware/nnet_utils/nnet_activation.h:456]   --->   Operation 191 'trunc' 'trunc_ln456_43' <Predicate = true> <Delay = 0.00>
ST_1 : Operation 192 [1/1] (0.00ns)   --->   "%tmp_64 = partselect i4 @_ssdm_op_PartSelect.i4.i14.i32.i32, i14 %index_64, i32 10, i32 13" [firmware/nnet_utils/nnet_activation.h:463]   --->   Operation 192 'partselect' 'tmp_64' <Predicate = true> <Delay = 0.00>
ST_1 : Operation 193 [1/1] (0.00ns)   --->   "%sext_ln455_22 = sext i14 %data_22_val_read" [firmware/nnet_utils/nnet_activation.h:455]   --->   Operation 193 'sext' 'sext_ln455_22' <Predicate = true> <Delay = 0.00>
ST_1 : Operation 194 [1/1] (2.13ns)   --->   "%index_66 = add i15 %sext_ln455_22, i15 512" [firmware/nnet_utils/nnet_activation.h:459]   --->   Operation 194 'add' 'index_66' <Predicate = true> <Delay = 2.13> <CoreInst = "Adder">   --->   Core 1 'Adder' <Latency = 0> <II = 1> <Delay = 2.13> <FuncUnit> <Opcode : 'add' 'sub'> <InPorts = 2> <OutPorts = 1>
ST_1 : Operation 195 [1/1] (0.00ns)   --->   "%trunc_ln456_44 = trunc i15 %index_66" [firmware/nnet_utils/nnet_activation.h:456]   --->   Operation 195 'trunc' 'trunc_ln456_44' <Predicate = true> <Delay = 0.00>
ST_1 : Operation 196 [1/1] (0.00ns)   --->   "%tmp_66 = bitselect i1 @_ssdm_op_BitSelect.i1.i15.i32, i15 %index_66, i32 14" [firmware/nnet_utils/nnet_activation.h:461]   --->   Operation 196 'bitselect' 'tmp_66' <Predicate = true> <Delay = 0.00>
ST_1 : Operation 197 [1/1] (0.69ns)   --->   "%index_67 = select i1 %tmp_66, i14 0, i14 %trunc_ln456_44" [firmware/nnet_utils/nnet_activation.h:461]   --->   Operation 197 'select' 'index_67' <Predicate = true> <Delay = 0.69> <CoreInst = "Sel">   --->   Core 73 'Sel' <Latency = 0> <II = 1> <Delay = 0.69> <FuncUnit> <Opcode : 'select'> <InPorts = 3> <OutPorts = 1>
ST_1 : Operation 198 [1/1] (0.00ns)   --->   "%trunc_ln456_45 = trunc i14 %index_67" [firmware/nnet_utils/nnet_activation.h:456]   --->   Operation 198 'trunc' 'trunc_ln456_45' <Predicate = true> <Delay = 0.00>
ST_1 : Operation 199 [1/1] (0.00ns)   --->   "%tmp_67 = partselect i4 @_ssdm_op_PartSelect.i4.i14.i32.i32, i14 %index_67, i32 10, i32 13" [firmware/nnet_utils/nnet_activation.h:463]   --->   Operation 199 'partselect' 'tmp_67' <Predicate = true> <Delay = 0.00>
ST_1 : Operation 200 [1/1] (0.00ns)   --->   "%sext_ln455_23 = sext i14 %data_23_val_read" [firmware/nnet_utils/nnet_activation.h:455]   --->   Operation 200 'sext' 'sext_ln455_23' <Predicate = true> <Delay = 0.00>
ST_1 : Operation 201 [1/1] (2.13ns)   --->   "%index_69 = add i15 %sext_ln455_23, i15 512" [firmware/nnet_utils/nnet_activation.h:459]   --->   Operation 201 'add' 'index_69' <Predicate = true> <Delay = 2.13> <CoreInst = "Adder">   --->   Core 1 'Adder' <Latency = 0> <II = 1> <Delay = 2.13> <FuncUnit> <Opcode : 'add' 'sub'> <InPorts = 2> <OutPorts = 1>
ST_1 : Operation 202 [1/1] (0.00ns)   --->   "%trunc_ln456_46 = trunc i15 %index_69" [firmware/nnet_utils/nnet_activation.h:456]   --->   Operation 202 'trunc' 'trunc_ln456_46' <Predicate = true> <Delay = 0.00>
ST_1 : Operation 203 [1/1] (0.00ns)   --->   "%tmp_69 = bitselect i1 @_ssdm_op_BitSelect.i1.i15.i32, i15 %index_69, i32 14" [firmware/nnet_utils/nnet_activation.h:461]   --->   Operation 203 'bitselect' 'tmp_69' <Predicate = true> <Delay = 0.00>
ST_1 : Operation 204 [1/1] (0.69ns)   --->   "%index_70 = select i1 %tmp_69, i14 0, i14 %trunc_ln456_46" [firmware/nnet_utils/nnet_activation.h:461]   --->   Operation 204 'select' 'index_70' <Predicate = true> <Delay = 0.69> <CoreInst = "Sel">   --->   Core 73 'Sel' <Latency = 0> <II = 1> <Delay = 0.69> <FuncUnit> <Opcode : 'select'> <InPorts = 3> <OutPorts = 1>
ST_1 : Operation 205 [1/1] (0.00ns)   --->   "%trunc_ln456_47 = trunc i14 %index_70" [firmware/nnet_utils/nnet_activation.h:456]   --->   Operation 205 'trunc' 'trunc_ln456_47' <Predicate = true> <Delay = 0.00>
ST_1 : Operation 206 [1/1] (0.00ns)   --->   "%tmp_70 = partselect i4 @_ssdm_op_PartSelect.i4.i14.i32.i32, i14 %index_70, i32 10, i32 13" [firmware/nnet_utils/nnet_activation.h:463]   --->   Operation 206 'partselect' 'tmp_70' <Predicate = true> <Delay = 0.00>
ST_1 : Operation 207 [1/1] (0.00ns)   --->   "%sext_ln455_24 = sext i14 %data_24_val_read" [firmware/nnet_utils/nnet_activation.h:455]   --->   Operation 207 'sext' 'sext_ln455_24' <Predicate = true> <Delay = 0.00>
ST_1 : Operation 208 [1/1] (2.13ns)   --->   "%index_72 = add i15 %sext_ln455_24, i15 512" [firmware/nnet_utils/nnet_activation.h:459]   --->   Operation 208 'add' 'index_72' <Predicate = true> <Delay = 2.13> <CoreInst = "Adder">   --->   Core 1 'Adder' <Latency = 0> <II = 1> <Delay = 2.13> <FuncUnit> <Opcode : 'add' 'sub'> <InPorts = 2> <OutPorts = 1>
ST_1 : Operation 209 [1/1] (0.00ns)   --->   "%trunc_ln456_48 = trunc i15 %index_72" [firmware/nnet_utils/nnet_activation.h:456]   --->   Operation 209 'trunc' 'trunc_ln456_48' <Predicate = true> <Delay = 0.00>
ST_1 : Operation 210 [1/1] (0.00ns)   --->   "%tmp_72 = bitselect i1 @_ssdm_op_BitSelect.i1.i15.i32, i15 %index_72, i32 14" [firmware/nnet_utils/nnet_activation.h:461]   --->   Operation 210 'bitselect' 'tmp_72' <Predicate = true> <Delay = 0.00>
ST_1 : Operation 211 [1/1] (0.69ns)   --->   "%index_73 = select i1 %tmp_72, i14 0, i14 %trunc_ln456_48" [firmware/nnet_utils/nnet_activation.h:461]   --->   Operation 211 'select' 'index_73' <Predicate = true> <Delay = 0.69> <CoreInst = "Sel">   --->   Core 73 'Sel' <Latency = 0> <II = 1> <Delay = 0.69> <FuncUnit> <Opcode : 'select'> <InPorts = 3> <OutPorts = 1>
ST_1 : Operation 212 [1/1] (0.00ns)   --->   "%trunc_ln456_49 = trunc i14 %index_73" [firmware/nnet_utils/nnet_activation.h:456]   --->   Operation 212 'trunc' 'trunc_ln456_49' <Predicate = true> <Delay = 0.00>
ST_1 : Operation 213 [1/1] (0.00ns)   --->   "%tmp_73 = partselect i4 @_ssdm_op_PartSelect.i4.i14.i32.i32, i14 %index_73, i32 10, i32 13" [firmware/nnet_utils/nnet_activation.h:463]   --->   Operation 213 'partselect' 'tmp_73' <Predicate = true> <Delay = 0.00>
ST_1 : Operation 214 [1/1] (0.00ns)   --->   "%sext_ln455_25 = sext i14 %data_25_val_read" [firmware/nnet_utils/nnet_activation.h:455]   --->   Operation 214 'sext' 'sext_ln455_25' <Predicate = true> <Delay = 0.00>
ST_1 : Operation 215 [1/1] (2.13ns)   --->   "%index_75 = add i15 %sext_ln455_25, i15 512" [firmware/nnet_utils/nnet_activation.h:459]   --->   Operation 215 'add' 'index_75' <Predicate = true> <Delay = 2.13> <CoreInst = "Adder">   --->   Core 1 'Adder' <Latency = 0> <II = 1> <Delay = 2.13> <FuncUnit> <Opcode : 'add' 'sub'> <InPorts = 2> <OutPorts = 1>
ST_1 : Operation 216 [1/1] (0.00ns)   --->   "%trunc_ln456_50 = trunc i15 %index_75" [firmware/nnet_utils/nnet_activation.h:456]   --->   Operation 216 'trunc' 'trunc_ln456_50' <Predicate = true> <Delay = 0.00>
ST_1 : Operation 217 [1/1] (0.00ns)   --->   "%tmp_75 = bitselect i1 @_ssdm_op_BitSelect.i1.i15.i32, i15 %index_75, i32 14" [firmware/nnet_utils/nnet_activation.h:461]   --->   Operation 217 'bitselect' 'tmp_75' <Predicate = true> <Delay = 0.00>
ST_1 : Operation 218 [1/1] (0.69ns)   --->   "%index_76 = select i1 %tmp_75, i14 0, i14 %trunc_ln456_50" [firmware/nnet_utils/nnet_activation.h:461]   --->   Operation 218 'select' 'index_76' <Predicate = true> <Delay = 0.69> <CoreInst = "Sel">   --->   Core 73 'Sel' <Latency = 0> <II = 1> <Delay = 0.69> <FuncUnit> <Opcode : 'select'> <InPorts = 3> <OutPorts = 1>
ST_1 : Operation 219 [1/1] (0.00ns)   --->   "%trunc_ln456_51 = trunc i14 %index_76" [firmware/nnet_utils/nnet_activation.h:456]   --->   Operation 219 'trunc' 'trunc_ln456_51' <Predicate = true> <Delay = 0.00>
ST_1 : Operation 220 [1/1] (0.00ns)   --->   "%tmp_76 = partselect i4 @_ssdm_op_PartSelect.i4.i14.i32.i32, i14 %index_76, i32 10, i32 13" [firmware/nnet_utils/nnet_activation.h:463]   --->   Operation 220 'partselect' 'tmp_76' <Predicate = true> <Delay = 0.00>
ST_1 : Operation 221 [1/1] (0.00ns)   --->   "%sext_ln455_26 = sext i14 %data_26_val_read" [firmware/nnet_utils/nnet_activation.h:455]   --->   Operation 221 'sext' 'sext_ln455_26' <Predicate = true> <Delay = 0.00>
ST_1 : Operation 222 [1/1] (2.13ns)   --->   "%index_78 = add i15 %sext_ln455_26, i15 512" [firmware/nnet_utils/nnet_activation.h:459]   --->   Operation 222 'add' 'index_78' <Predicate = true> <Delay = 2.13> <CoreInst = "Adder">   --->   Core 1 'Adder' <Latency = 0> <II = 1> <Delay = 2.13> <FuncUnit> <Opcode : 'add' 'sub'> <InPorts = 2> <OutPorts = 1>
ST_1 : Operation 223 [1/1] (0.00ns)   --->   "%trunc_ln456_52 = trunc i15 %index_78" [firmware/nnet_utils/nnet_activation.h:456]   --->   Operation 223 'trunc' 'trunc_ln456_52' <Predicate = true> <Delay = 0.00>
ST_1 : Operation 224 [1/1] (0.00ns)   --->   "%tmp_78 = bitselect i1 @_ssdm_op_BitSelect.i1.i15.i32, i15 %index_78, i32 14" [firmware/nnet_utils/nnet_activation.h:461]   --->   Operation 224 'bitselect' 'tmp_78' <Predicate = true> <Delay = 0.00>
ST_1 : Operation 225 [1/1] (0.69ns)   --->   "%index_79 = select i1 %tmp_78, i14 0, i14 %trunc_ln456_52" [firmware/nnet_utils/nnet_activation.h:461]   --->   Operation 225 'select' 'index_79' <Predicate = true> <Delay = 0.69> <CoreInst = "Sel">   --->   Core 73 'Sel' <Latency = 0> <II = 1> <Delay = 0.69> <FuncUnit> <Opcode : 'select'> <InPorts = 3> <OutPorts = 1>
ST_1 : Operation 226 [1/1] (0.00ns)   --->   "%trunc_ln456_53 = trunc i14 %index_79" [firmware/nnet_utils/nnet_activation.h:456]   --->   Operation 226 'trunc' 'trunc_ln456_53' <Predicate = true> <Delay = 0.00>
ST_1 : Operation 227 [1/1] (0.00ns)   --->   "%tmp_79 = partselect i4 @_ssdm_op_PartSelect.i4.i14.i32.i32, i14 %index_79, i32 10, i32 13" [firmware/nnet_utils/nnet_activation.h:463]   --->   Operation 227 'partselect' 'tmp_79' <Predicate = true> <Delay = 0.00>
ST_1 : Operation 228 [1/1] (0.00ns)   --->   "%sext_ln455_27 = sext i14 %data_27_val_read" [firmware/nnet_utils/nnet_activation.h:455]   --->   Operation 228 'sext' 'sext_ln455_27' <Predicate = true> <Delay = 0.00>
ST_1 : Operation 229 [1/1] (2.13ns)   --->   "%index_81 = add i15 %sext_ln455_27, i15 512" [firmware/nnet_utils/nnet_activation.h:459]   --->   Operation 229 'add' 'index_81' <Predicate = true> <Delay = 2.13> <CoreInst = "Adder">   --->   Core 1 'Adder' <Latency = 0> <II = 1> <Delay = 2.13> <FuncUnit> <Opcode : 'add' 'sub'> <InPorts = 2> <OutPorts = 1>
ST_1 : Operation 230 [1/1] (0.00ns)   --->   "%trunc_ln456_54 = trunc i15 %index_81" [firmware/nnet_utils/nnet_activation.h:456]   --->   Operation 230 'trunc' 'trunc_ln456_54' <Predicate = true> <Delay = 0.00>
ST_1 : Operation 231 [1/1] (0.00ns)   --->   "%tmp_81 = bitselect i1 @_ssdm_op_BitSelect.i1.i15.i32, i15 %index_81, i32 14" [firmware/nnet_utils/nnet_activation.h:461]   --->   Operation 231 'bitselect' 'tmp_81' <Predicate = true> <Delay = 0.00>
ST_1 : Operation 232 [1/1] (0.69ns)   --->   "%index_82 = select i1 %tmp_81, i14 0, i14 %trunc_ln456_54" [firmware/nnet_utils/nnet_activation.h:461]   --->   Operation 232 'select' 'index_82' <Predicate = true> <Delay = 0.69> <CoreInst = "Sel">   --->   Core 73 'Sel' <Latency = 0> <II = 1> <Delay = 0.69> <FuncUnit> <Opcode : 'select'> <InPorts = 3> <OutPorts = 1>
ST_1 : Operation 233 [1/1] (0.00ns)   --->   "%trunc_ln456_55 = trunc i14 %index_82" [firmware/nnet_utils/nnet_activation.h:456]   --->   Operation 233 'trunc' 'trunc_ln456_55' <Predicate = true> <Delay = 0.00>
ST_1 : Operation 234 [1/1] (0.00ns)   --->   "%tmp_82 = partselect i4 @_ssdm_op_PartSelect.i4.i14.i32.i32, i14 %index_82, i32 10, i32 13" [firmware/nnet_utils/nnet_activation.h:463]   --->   Operation 234 'partselect' 'tmp_82' <Predicate = true> <Delay = 0.00>
ST_1 : Operation 235 [1/1] (0.00ns)   --->   "%sext_ln455_28 = sext i14 %data_28_val_read" [firmware/nnet_utils/nnet_activation.h:455]   --->   Operation 235 'sext' 'sext_ln455_28' <Predicate = true> <Delay = 0.00>
ST_1 : Operation 236 [1/1] (2.13ns)   --->   "%index_84 = add i15 %sext_ln455_28, i15 512" [firmware/nnet_utils/nnet_activation.h:459]   --->   Operation 236 'add' 'index_84' <Predicate = true> <Delay = 2.13> <CoreInst = "Adder">   --->   Core 1 'Adder' <Latency = 0> <II = 1> <Delay = 2.13> <FuncUnit> <Opcode : 'add' 'sub'> <InPorts = 2> <OutPorts = 1>
ST_1 : Operation 237 [1/1] (0.00ns)   --->   "%trunc_ln456_56 = trunc i15 %index_84" [firmware/nnet_utils/nnet_activation.h:456]   --->   Operation 237 'trunc' 'trunc_ln456_56' <Predicate = true> <Delay = 0.00>
ST_1 : Operation 238 [1/1] (0.00ns)   --->   "%tmp_84 = bitselect i1 @_ssdm_op_BitSelect.i1.i15.i32, i15 %index_84, i32 14" [firmware/nnet_utils/nnet_activation.h:461]   --->   Operation 238 'bitselect' 'tmp_84' <Predicate = true> <Delay = 0.00>
ST_1 : Operation 239 [1/1] (0.69ns)   --->   "%index_85 = select i1 %tmp_84, i14 0, i14 %trunc_ln456_56" [firmware/nnet_utils/nnet_activation.h:461]   --->   Operation 239 'select' 'index_85' <Predicate = true> <Delay = 0.69> <CoreInst = "Sel">   --->   Core 73 'Sel' <Latency = 0> <II = 1> <Delay = 0.69> <FuncUnit> <Opcode : 'select'> <InPorts = 3> <OutPorts = 1>
ST_1 : Operation 240 [1/1] (0.00ns)   --->   "%trunc_ln456_57 = trunc i14 %index_85" [firmware/nnet_utils/nnet_activation.h:456]   --->   Operation 240 'trunc' 'trunc_ln456_57' <Predicate = true> <Delay = 0.00>
ST_1 : Operation 241 [1/1] (0.00ns)   --->   "%tmp_85 = partselect i4 @_ssdm_op_PartSelect.i4.i14.i32.i32, i14 %index_85, i32 10, i32 13" [firmware/nnet_utils/nnet_activation.h:463]   --->   Operation 241 'partselect' 'tmp_85' <Predicate = true> <Delay = 0.00>
ST_1 : Operation 242 [1/1] (0.00ns)   --->   "%sext_ln455_29 = sext i14 %data_29_val_read" [firmware/nnet_utils/nnet_activation.h:455]   --->   Operation 242 'sext' 'sext_ln455_29' <Predicate = true> <Delay = 0.00>
ST_1 : Operation 243 [1/1] (2.13ns)   --->   "%index_87 = add i15 %sext_ln455_29, i15 512" [firmware/nnet_utils/nnet_activation.h:459]   --->   Operation 243 'add' 'index_87' <Predicate = true> <Delay = 2.13> <CoreInst = "Adder">   --->   Core 1 'Adder' <Latency = 0> <II = 1> <Delay = 2.13> <FuncUnit> <Opcode : 'add' 'sub'> <InPorts = 2> <OutPorts = 1>
ST_1 : Operation 244 [1/1] (0.00ns)   --->   "%trunc_ln456_58 = trunc i15 %index_87" [firmware/nnet_utils/nnet_activation.h:456]   --->   Operation 244 'trunc' 'trunc_ln456_58' <Predicate = true> <Delay = 0.00>
ST_1 : Operation 245 [1/1] (0.00ns)   --->   "%tmp_87 = bitselect i1 @_ssdm_op_BitSelect.i1.i15.i32, i15 %index_87, i32 14" [firmware/nnet_utils/nnet_activation.h:461]   --->   Operation 245 'bitselect' 'tmp_87' <Predicate = true> <Delay = 0.00>
ST_1 : Operation 246 [1/1] (0.69ns)   --->   "%index_88 = select i1 %tmp_87, i14 0, i14 %trunc_ln456_58" [firmware/nnet_utils/nnet_activation.h:461]   --->   Operation 246 'select' 'index_88' <Predicate = true> <Delay = 0.69> <CoreInst = "Sel">   --->   Core 73 'Sel' <Latency = 0> <II = 1> <Delay = 0.69> <FuncUnit> <Opcode : 'select'> <InPorts = 3> <OutPorts = 1>
ST_1 : Operation 247 [1/1] (0.00ns)   --->   "%trunc_ln456_59 = trunc i14 %index_88" [firmware/nnet_utils/nnet_activation.h:456]   --->   Operation 247 'trunc' 'trunc_ln456_59' <Predicate = true> <Delay = 0.00>
ST_1 : Operation 248 [1/1] (0.00ns)   --->   "%tmp_88 = partselect i4 @_ssdm_op_PartSelect.i4.i14.i32.i32, i14 %index_88, i32 10, i32 13" [firmware/nnet_utils/nnet_activation.h:463]   --->   Operation 248 'partselect' 'tmp_88' <Predicate = true> <Delay = 0.00>
ST_1 : Operation 249 [1/1] (0.00ns)   --->   "%sext_ln455_30 = sext i14 %data_30_val_read" [firmware/nnet_utils/nnet_activation.h:455]   --->   Operation 249 'sext' 'sext_ln455_30' <Predicate = true> <Delay = 0.00>
ST_1 : Operation 250 [1/1] (2.13ns)   --->   "%index_90 = add i15 %sext_ln455_30, i15 512" [firmware/nnet_utils/nnet_activation.h:459]   --->   Operation 250 'add' 'index_90' <Predicate = true> <Delay = 2.13> <CoreInst = "Adder">   --->   Core 1 'Adder' <Latency = 0> <II = 1> <Delay = 2.13> <FuncUnit> <Opcode : 'add' 'sub'> <InPorts = 2> <OutPorts = 1>
ST_1 : Operation 251 [1/1] (0.00ns)   --->   "%trunc_ln456_60 = trunc i15 %index_90" [firmware/nnet_utils/nnet_activation.h:456]   --->   Operation 251 'trunc' 'trunc_ln456_60' <Predicate = true> <Delay = 0.00>
ST_1 : Operation 252 [1/1] (0.00ns)   --->   "%tmp_90 = bitselect i1 @_ssdm_op_BitSelect.i1.i15.i32, i15 %index_90, i32 14" [firmware/nnet_utils/nnet_activation.h:461]   --->   Operation 252 'bitselect' 'tmp_90' <Predicate = true> <Delay = 0.00>
ST_1 : Operation 253 [1/1] (0.69ns)   --->   "%index_91 = select i1 %tmp_90, i14 0, i14 %trunc_ln456_60" [firmware/nnet_utils/nnet_activation.h:461]   --->   Operation 253 'select' 'index_91' <Predicate = true> <Delay = 0.69> <CoreInst = "Sel">   --->   Core 73 'Sel' <Latency = 0> <II = 1> <Delay = 0.69> <FuncUnit> <Opcode : 'select'> <InPorts = 3> <OutPorts = 1>
ST_1 : Operation 254 [1/1] (0.00ns)   --->   "%trunc_ln456_61 = trunc i14 %index_91" [firmware/nnet_utils/nnet_activation.h:456]   --->   Operation 254 'trunc' 'trunc_ln456_61' <Predicate = true> <Delay = 0.00>
ST_1 : Operation 255 [1/1] (0.00ns)   --->   "%tmp_91 = partselect i4 @_ssdm_op_PartSelect.i4.i14.i32.i32, i14 %index_91, i32 10, i32 13" [firmware/nnet_utils/nnet_activation.h:463]   --->   Operation 255 'partselect' 'tmp_91' <Predicate = true> <Delay = 0.00>
ST_1 : Operation 256 [1/1] (0.00ns)   --->   "%sext_ln455_31 = sext i14 %data_31_val_read" [firmware/nnet_utils/nnet_activation.h:455]   --->   Operation 256 'sext' 'sext_ln455_31' <Predicate = true> <Delay = 0.00>
ST_1 : Operation 257 [1/1] (2.13ns)   --->   "%index_93 = add i15 %sext_ln455_31, i15 512" [firmware/nnet_utils/nnet_activation.h:459]   --->   Operation 257 'add' 'index_93' <Predicate = true> <Delay = 2.13> <CoreInst = "Adder">   --->   Core 1 'Adder' <Latency = 0> <II = 1> <Delay = 2.13> <FuncUnit> <Opcode : 'add' 'sub'> <InPorts = 2> <OutPorts = 1>
ST_1 : Operation 258 [1/1] (0.00ns)   --->   "%trunc_ln456_62 = trunc i15 %index_93" [firmware/nnet_utils/nnet_activation.h:456]   --->   Operation 258 'trunc' 'trunc_ln456_62' <Predicate = true> <Delay = 0.00>
ST_1 : Operation 259 [1/1] (0.00ns)   --->   "%tmp_93 = bitselect i1 @_ssdm_op_BitSelect.i1.i15.i32, i15 %index_93, i32 14" [firmware/nnet_utils/nnet_activation.h:461]   --->   Operation 259 'bitselect' 'tmp_93' <Predicate = true> <Delay = 0.00>
ST_1 : Operation 260 [1/1] (0.69ns)   --->   "%index_94 = select i1 %tmp_93, i14 0, i14 %trunc_ln456_62" [firmware/nnet_utils/nnet_activation.h:461]   --->   Operation 260 'select' 'index_94' <Predicate = true> <Delay = 0.69> <CoreInst = "Sel">   --->   Core 73 'Sel' <Latency = 0> <II = 1> <Delay = 0.69> <FuncUnit> <Opcode : 'select'> <InPorts = 3> <OutPorts = 1>
ST_1 : Operation 261 [1/1] (0.00ns)   --->   "%trunc_ln456_63 = trunc i14 %index_94" [firmware/nnet_utils/nnet_activation.h:456]   --->   Operation 261 'trunc' 'trunc_ln456_63' <Predicate = true> <Delay = 0.00>
ST_1 : Operation 262 [1/1] (0.00ns)   --->   "%tmp_94 = partselect i4 @_ssdm_op_PartSelect.i4.i14.i32.i32, i14 %index_94, i32 10, i32 13" [firmware/nnet_utils/nnet_activation.h:463]   --->   Operation 262 'partselect' 'tmp_94' <Predicate = true> <Delay = 0.00>

State 2 <SV = 1> <Delay = 2.90>
ST_2 : Operation 263 [1/1] (1.77ns)   --->   "%icmp_ln463 = icmp_ne  i4 %tmp_1, i4 0" [firmware/nnet_utils/nnet_activation.h:463]   --->   Operation 263 'icmp' 'icmp_ln463' <Predicate = true> <Delay = 1.77> <CoreInst = "Cmp">   --->   Core 9 'Cmp' <Latency = 0> <II = 1> <Delay = 1.77> <FuncUnit> <Opcode : 'seteq' 'setne' 'setle' 'setge' 'setlt' 'setgt'> <InPorts = 2> <OutPorts = 1>
ST_2 : Operation 264 [1/1] (1.12ns)   --->   "%index_2 = select i1 %icmp_ln463, i10 1023, i10 %trunc_ln456_1" [firmware/nnet_utils/nnet_activation.h:463]   --->   Operation 264 'select' 'index_2' <Predicate = true> <Delay = 1.12> <CoreInst = "Sel">   --->   Core 73 'Sel' <Latency = 0> <II = 1> <Delay = 1.12> <FuncUnit> <Opcode : 'select'> <InPorts = 3> <OutPorts = 1>
ST_2 : Operation 265 [1/1] (1.77ns)   --->   "%icmp_ln463_1 = icmp_ne  i4 %tmp_4, i4 0" [firmware/nnet_utils/nnet_activation.h:463]   --->   Operation 265 'icmp' 'icmp_ln463_1' <Predicate = true> <Delay = 1.77> <CoreInst = "Cmp">   --->   Core 9 'Cmp' <Latency = 0> <II = 1> <Delay = 1.77> <FuncUnit> <Opcode : 'seteq' 'setne' 'setle' 'setge' 'setlt' 'setgt'> <InPorts = 2> <OutPorts = 1>
ST_2 : Operation 266 [1/1] (1.12ns)   --->   "%index_5 = select i1 %icmp_ln463_1, i10 1023, i10 %trunc_ln456_3" [firmware/nnet_utils/nnet_activation.h:463]   --->   Operation 266 'select' 'index_5' <Predicate = true> <Delay = 1.12> <CoreInst = "Sel">   --->   Core 73 'Sel' <Latency = 0> <II = 1> <Delay = 1.12> <FuncUnit> <Opcode : 'select'> <InPorts = 3> <OutPorts = 1>
ST_2 : Operation 267 [1/1] (1.77ns)   --->   "%icmp_ln463_2 = icmp_ne  i4 %tmp_7, i4 0" [firmware/nnet_utils/nnet_activation.h:463]   --->   Operation 267 'icmp' 'icmp_ln463_2' <Predicate = true> <Delay = 1.77> <CoreInst = "Cmp">   --->   Core 9 'Cmp' <Latency = 0> <II = 1> <Delay = 1.77> <FuncUnit> <Opcode : 'seteq' 'setne' 'setle' 'setge' 'setlt' 'setgt'> <InPorts = 2> <OutPorts = 1>
ST_2 : Operation 268 [1/1] (1.12ns)   --->   "%index_8 = select i1 %icmp_ln463_2, i10 1023, i10 %trunc_ln456_5" [firmware/nnet_utils/nnet_activation.h:463]   --->   Operation 268 'select' 'index_8' <Predicate = true> <Delay = 1.12> <CoreInst = "Sel">   --->   Core 73 'Sel' <Latency = 0> <II = 1> <Delay = 1.12> <FuncUnit> <Opcode : 'select'> <InPorts = 3> <OutPorts = 1>
ST_2 : Operation 269 [1/1] (1.77ns)   --->   "%icmp_ln463_3 = icmp_ne  i4 %tmp_10, i4 0" [firmware/nnet_utils/nnet_activation.h:463]   --->   Operation 269 'icmp' 'icmp_ln463_3' <Predicate = true> <Delay = 1.77> <CoreInst = "Cmp">   --->   Core 9 'Cmp' <Latency = 0> <II = 1> <Delay = 1.77> <FuncUnit> <Opcode : 'seteq' 'setne' 'setle' 'setge' 'setlt' 'setgt'> <InPorts = 2> <OutPorts = 1>
ST_2 : Operation 270 [1/1] (1.12ns)   --->   "%index_11 = select i1 %icmp_ln463_3, i10 1023, i10 %trunc_ln456_7" [firmware/nnet_utils/nnet_activation.h:463]   --->   Operation 270 'select' 'index_11' <Predicate = true> <Delay = 1.12> <CoreInst = "Sel">   --->   Core 73 'Sel' <Latency = 0> <II = 1> <Delay = 1.12> <FuncUnit> <Opcode : 'select'> <InPorts = 3> <OutPorts = 1>
ST_2 : Operation 271 [1/1] (1.77ns)   --->   "%icmp_ln463_4 = icmp_ne  i4 %tmp_13, i4 0" [firmware/nnet_utils/nnet_activation.h:463]   --->   Operation 271 'icmp' 'icmp_ln463_4' <Predicate = true> <Delay = 1.77> <CoreInst = "Cmp">   --->   Core 9 'Cmp' <Latency = 0> <II = 1> <Delay = 1.77> <FuncUnit> <Opcode : 'seteq' 'setne' 'setle' 'setge' 'setlt' 'setgt'> <InPorts = 2> <OutPorts = 1>
ST_2 : Operation 272 [1/1] (1.12ns)   --->   "%index_14 = select i1 %icmp_ln463_4, i10 1023, i10 %trunc_ln456_9" [firmware/nnet_utils/nnet_activation.h:463]   --->   Operation 272 'select' 'index_14' <Predicate = true> <Delay = 1.12> <CoreInst = "Sel">   --->   Core 73 'Sel' <Latency = 0> <II = 1> <Delay = 1.12> <FuncUnit> <Opcode : 'select'> <InPorts = 3> <OutPorts = 1>
ST_2 : Operation 273 [1/1] (1.77ns)   --->   "%icmp_ln463_5 = icmp_ne  i4 %tmp_16, i4 0" [firmware/nnet_utils/nnet_activation.h:463]   --->   Operation 273 'icmp' 'icmp_ln463_5' <Predicate = true> <Delay = 1.77> <CoreInst = "Cmp">   --->   Core 9 'Cmp' <Latency = 0> <II = 1> <Delay = 1.77> <FuncUnit> <Opcode : 'seteq' 'setne' 'setle' 'setge' 'setlt' 'setgt'> <InPorts = 2> <OutPorts = 1>
ST_2 : Operation 274 [1/1] (1.12ns)   --->   "%index_17 = select i1 %icmp_ln463_5, i10 1023, i10 %trunc_ln456_11" [firmware/nnet_utils/nnet_activation.h:463]   --->   Operation 274 'select' 'index_17' <Predicate = true> <Delay = 1.12> <CoreInst = "Sel">   --->   Core 73 'Sel' <Latency = 0> <II = 1> <Delay = 1.12> <FuncUnit> <Opcode : 'select'> <InPorts = 3> <OutPorts = 1>
ST_2 : Operation 275 [1/1] (1.77ns)   --->   "%icmp_ln463_6 = icmp_ne  i4 %tmp_19, i4 0" [firmware/nnet_utils/nnet_activation.h:463]   --->   Operation 275 'icmp' 'icmp_ln463_6' <Predicate = true> <Delay = 1.77> <CoreInst = "Cmp">   --->   Core 9 'Cmp' <Latency = 0> <II = 1> <Delay = 1.77> <FuncUnit> <Opcode : 'seteq' 'setne' 'setle' 'setge' 'setlt' 'setgt'> <InPorts = 2> <OutPorts = 1>
ST_2 : Operation 276 [1/1] (1.12ns)   --->   "%index_20 = select i1 %icmp_ln463_6, i10 1023, i10 %trunc_ln456_13" [firmware/nnet_utils/nnet_activation.h:463]   --->   Operation 276 'select' 'index_20' <Predicate = true> <Delay = 1.12> <CoreInst = "Sel">   --->   Core 73 'Sel' <Latency = 0> <II = 1> <Delay = 1.12> <FuncUnit> <Opcode : 'select'> <InPorts = 3> <OutPorts = 1>
ST_2 : Operation 277 [1/1] (1.77ns)   --->   "%icmp_ln463_7 = icmp_ne  i4 %tmp_22, i4 0" [firmware/nnet_utils/nnet_activation.h:463]   --->   Operation 277 'icmp' 'icmp_ln463_7' <Predicate = true> <Delay = 1.77> <CoreInst = "Cmp">   --->   Core 9 'Cmp' <Latency = 0> <II = 1> <Delay = 1.77> <FuncUnit> <Opcode : 'seteq' 'setne' 'setle' 'setge' 'setlt' 'setgt'> <InPorts = 2> <OutPorts = 1>
ST_2 : Operation 278 [1/1] (1.12ns)   --->   "%index_23 = select i1 %icmp_ln463_7, i10 1023, i10 %trunc_ln456_15" [firmware/nnet_utils/nnet_activation.h:463]   --->   Operation 278 'select' 'index_23' <Predicate = true> <Delay = 1.12> <CoreInst = "Sel">   --->   Core 73 'Sel' <Latency = 0> <II = 1> <Delay = 1.12> <FuncUnit> <Opcode : 'select'> <InPorts = 3> <OutPorts = 1>
ST_2 : Operation 279 [1/1] (1.77ns)   --->   "%icmp_ln463_8 = icmp_ne  i4 %tmp_25, i4 0" [firmware/nnet_utils/nnet_activation.h:463]   --->   Operation 279 'icmp' 'icmp_ln463_8' <Predicate = true> <Delay = 1.77> <CoreInst = "Cmp">   --->   Core 9 'Cmp' <Latency = 0> <II = 1> <Delay = 1.77> <FuncUnit> <Opcode : 'seteq' 'setne' 'setle' 'setge' 'setlt' 'setgt'> <InPorts = 2> <OutPorts = 1>
ST_2 : Operation 280 [1/1] (1.12ns)   --->   "%index_26 = select i1 %icmp_ln463_8, i10 1023, i10 %trunc_ln456_17" [firmware/nnet_utils/nnet_activation.h:463]   --->   Operation 280 'select' 'index_26' <Predicate = true> <Delay = 1.12> <CoreInst = "Sel">   --->   Core 73 'Sel' <Latency = 0> <II = 1> <Delay = 1.12> <FuncUnit> <Opcode : 'select'> <InPorts = 3> <OutPorts = 1>
ST_2 : Operation 281 [1/1] (1.77ns)   --->   "%icmp_ln463_9 = icmp_ne  i4 %tmp_28, i4 0" [firmware/nnet_utils/nnet_activation.h:463]   --->   Operation 281 'icmp' 'icmp_ln463_9' <Predicate = true> <Delay = 1.77> <CoreInst = "Cmp">   --->   Core 9 'Cmp' <Latency = 0> <II = 1> <Delay = 1.77> <FuncUnit> <Opcode : 'seteq' 'setne' 'setle' 'setge' 'setlt' 'setgt'> <InPorts = 2> <OutPorts = 1>
ST_2 : Operation 282 [1/1] (1.12ns)   --->   "%index_29 = select i1 %icmp_ln463_9, i10 1023, i10 %trunc_ln456_19" [firmware/nnet_utils/nnet_activation.h:463]   --->   Operation 282 'select' 'index_29' <Predicate = true> <Delay = 1.12> <CoreInst = "Sel">   --->   Core 73 'Sel' <Latency = 0> <II = 1> <Delay = 1.12> <FuncUnit> <Opcode : 'select'> <InPorts = 3> <OutPorts = 1>
ST_2 : Operation 283 [1/1] (1.77ns)   --->   "%icmp_ln463_10 = icmp_ne  i4 %tmp_31, i4 0" [firmware/nnet_utils/nnet_activation.h:463]   --->   Operation 283 'icmp' 'icmp_ln463_10' <Predicate = true> <Delay = 1.77> <CoreInst = "Cmp">   --->   Core 9 'Cmp' <Latency = 0> <II = 1> <Delay = 1.77> <FuncUnit> <Opcode : 'seteq' 'setne' 'setle' 'setge' 'setlt' 'setgt'> <InPorts = 2> <OutPorts = 1>
ST_2 : Operation 284 [1/1] (1.12ns)   --->   "%index_32 = select i1 %icmp_ln463_10, i10 1023, i10 %trunc_ln456_21" [firmware/nnet_utils/nnet_activation.h:463]   --->   Operation 284 'select' 'index_32' <Predicate = true> <Delay = 1.12> <CoreInst = "Sel">   --->   Core 73 'Sel' <Latency = 0> <II = 1> <Delay = 1.12> <FuncUnit> <Opcode : 'select'> <InPorts = 3> <OutPorts = 1>
ST_2 : Operation 285 [1/1] (1.77ns)   --->   "%icmp_ln463_11 = icmp_ne  i4 %tmp_34, i4 0" [firmware/nnet_utils/nnet_activation.h:463]   --->   Operation 285 'icmp' 'icmp_ln463_11' <Predicate = true> <Delay = 1.77> <CoreInst = "Cmp">   --->   Core 9 'Cmp' <Latency = 0> <II = 1> <Delay = 1.77> <FuncUnit> <Opcode : 'seteq' 'setne' 'setle' 'setge' 'setlt' 'setgt'> <InPorts = 2> <OutPorts = 1>
ST_2 : Operation 286 [1/1] (1.12ns)   --->   "%index_35 = select i1 %icmp_ln463_11, i10 1023, i10 %trunc_ln456_23" [firmware/nnet_utils/nnet_activation.h:463]   --->   Operation 286 'select' 'index_35' <Predicate = true> <Delay = 1.12> <CoreInst = "Sel">   --->   Core 73 'Sel' <Latency = 0> <II = 1> <Delay = 1.12> <FuncUnit> <Opcode : 'select'> <InPorts = 3> <OutPorts = 1>
ST_2 : Operation 287 [1/1] (1.77ns)   --->   "%icmp_ln463_12 = icmp_ne  i4 %tmp_37, i4 0" [firmware/nnet_utils/nnet_activation.h:463]   --->   Operation 287 'icmp' 'icmp_ln463_12' <Predicate = true> <Delay = 1.77> <CoreInst = "Cmp">   --->   Core 9 'Cmp' <Latency = 0> <II = 1> <Delay = 1.77> <FuncUnit> <Opcode : 'seteq' 'setne' 'setle' 'setge' 'setlt' 'setgt'> <InPorts = 2> <OutPorts = 1>
ST_2 : Operation 288 [1/1] (1.12ns)   --->   "%index_38 = select i1 %icmp_ln463_12, i10 1023, i10 %trunc_ln456_25" [firmware/nnet_utils/nnet_activation.h:463]   --->   Operation 288 'select' 'index_38' <Predicate = true> <Delay = 1.12> <CoreInst = "Sel">   --->   Core 73 'Sel' <Latency = 0> <II = 1> <Delay = 1.12> <FuncUnit> <Opcode : 'select'> <InPorts = 3> <OutPorts = 1>
ST_2 : Operation 289 [1/1] (1.77ns)   --->   "%icmp_ln463_13 = icmp_ne  i4 %tmp_40, i4 0" [firmware/nnet_utils/nnet_activation.h:463]   --->   Operation 289 'icmp' 'icmp_ln463_13' <Predicate = true> <Delay = 1.77> <CoreInst = "Cmp">   --->   Core 9 'Cmp' <Latency = 0> <II = 1> <Delay = 1.77> <FuncUnit> <Opcode : 'seteq' 'setne' 'setle' 'setge' 'setlt' 'setgt'> <InPorts = 2> <OutPorts = 1>
ST_2 : Operation 290 [1/1] (1.12ns)   --->   "%index_41 = select i1 %icmp_ln463_13, i10 1023, i10 %trunc_ln456_27" [firmware/nnet_utils/nnet_activation.h:463]   --->   Operation 290 'select' 'index_41' <Predicate = true> <Delay = 1.12> <CoreInst = "Sel">   --->   Core 73 'Sel' <Latency = 0> <II = 1> <Delay = 1.12> <FuncUnit> <Opcode : 'select'> <InPorts = 3> <OutPorts = 1>
ST_2 : Operation 291 [1/1] (1.77ns)   --->   "%icmp_ln463_14 = icmp_ne  i4 %tmp_43, i4 0" [firmware/nnet_utils/nnet_activation.h:463]   --->   Operation 291 'icmp' 'icmp_ln463_14' <Predicate = true> <Delay = 1.77> <CoreInst = "Cmp">   --->   Core 9 'Cmp' <Latency = 0> <II = 1> <Delay = 1.77> <FuncUnit> <Opcode : 'seteq' 'setne' 'setle' 'setge' 'setlt' 'setgt'> <InPorts = 2> <OutPorts = 1>
ST_2 : Operation 292 [1/1] (1.12ns)   --->   "%index_44 = select i1 %icmp_ln463_14, i10 1023, i10 %trunc_ln456_29" [firmware/nnet_utils/nnet_activation.h:463]   --->   Operation 292 'select' 'index_44' <Predicate = true> <Delay = 1.12> <CoreInst = "Sel">   --->   Core 73 'Sel' <Latency = 0> <II = 1> <Delay = 1.12> <FuncUnit> <Opcode : 'select'> <InPorts = 3> <OutPorts = 1>
ST_2 : Operation 293 [1/1] (1.77ns)   --->   "%icmp_ln463_15 = icmp_ne  i4 %tmp_46, i4 0" [firmware/nnet_utils/nnet_activation.h:463]   --->   Operation 293 'icmp' 'icmp_ln463_15' <Predicate = true> <Delay = 1.77> <CoreInst = "Cmp">   --->   Core 9 'Cmp' <Latency = 0> <II = 1> <Delay = 1.77> <FuncUnit> <Opcode : 'seteq' 'setne' 'setle' 'setge' 'setlt' 'setgt'> <InPorts = 2> <OutPorts = 1>
ST_2 : Operation 294 [1/1] (1.12ns)   --->   "%index_47 = select i1 %icmp_ln463_15, i10 1023, i10 %trunc_ln456_31" [firmware/nnet_utils/nnet_activation.h:463]   --->   Operation 294 'select' 'index_47' <Predicate = true> <Delay = 1.12> <CoreInst = "Sel">   --->   Core 73 'Sel' <Latency = 0> <II = 1> <Delay = 1.12> <FuncUnit> <Opcode : 'select'> <InPorts = 3> <OutPorts = 1>
ST_2 : Operation 295 [1/1] (1.77ns)   --->   "%icmp_ln463_16 = icmp_ne  i4 %tmp_49, i4 0" [firmware/nnet_utils/nnet_activation.h:463]   --->   Operation 295 'icmp' 'icmp_ln463_16' <Predicate = true> <Delay = 1.77> <CoreInst = "Cmp">   --->   Core 9 'Cmp' <Latency = 0> <II = 1> <Delay = 1.77> <FuncUnit> <Opcode : 'seteq' 'setne' 'setle' 'setge' 'setlt' 'setgt'> <InPorts = 2> <OutPorts = 1>
ST_2 : Operation 296 [1/1] (1.12ns)   --->   "%index_50 = select i1 %icmp_ln463_16, i10 1023, i10 %trunc_ln456_33" [firmware/nnet_utils/nnet_activation.h:463]   --->   Operation 296 'select' 'index_50' <Predicate = true> <Delay = 1.12> <CoreInst = "Sel">   --->   Core 73 'Sel' <Latency = 0> <II = 1> <Delay = 1.12> <FuncUnit> <Opcode : 'select'> <InPorts = 3> <OutPorts = 1>
ST_2 : Operation 297 [1/1] (1.77ns)   --->   "%icmp_ln463_17 = icmp_ne  i4 %tmp_52, i4 0" [firmware/nnet_utils/nnet_activation.h:463]   --->   Operation 297 'icmp' 'icmp_ln463_17' <Predicate = true> <Delay = 1.77> <CoreInst = "Cmp">   --->   Core 9 'Cmp' <Latency = 0> <II = 1> <Delay = 1.77> <FuncUnit> <Opcode : 'seteq' 'setne' 'setle' 'setge' 'setlt' 'setgt'> <InPorts = 2> <OutPorts = 1>
ST_2 : Operation 298 [1/1] (1.12ns)   --->   "%index_53 = select i1 %icmp_ln463_17, i10 1023, i10 %trunc_ln456_35" [firmware/nnet_utils/nnet_activation.h:463]   --->   Operation 298 'select' 'index_53' <Predicate = true> <Delay = 1.12> <CoreInst = "Sel">   --->   Core 73 'Sel' <Latency = 0> <II = 1> <Delay = 1.12> <FuncUnit> <Opcode : 'select'> <InPorts = 3> <OutPorts = 1>
ST_2 : Operation 299 [1/1] (1.77ns)   --->   "%icmp_ln463_18 = icmp_ne  i4 %tmp_55, i4 0" [firmware/nnet_utils/nnet_activation.h:463]   --->   Operation 299 'icmp' 'icmp_ln463_18' <Predicate = true> <Delay = 1.77> <CoreInst = "Cmp">   --->   Core 9 'Cmp' <Latency = 0> <II = 1> <Delay = 1.77> <FuncUnit> <Opcode : 'seteq' 'setne' 'setle' 'setge' 'setlt' 'setgt'> <InPorts = 2> <OutPorts = 1>
ST_2 : Operation 300 [1/1] (1.12ns)   --->   "%index_56 = select i1 %icmp_ln463_18, i10 1023, i10 %trunc_ln456_37" [firmware/nnet_utils/nnet_activation.h:463]   --->   Operation 300 'select' 'index_56' <Predicate = true> <Delay = 1.12> <CoreInst = "Sel">   --->   Core 73 'Sel' <Latency = 0> <II = 1> <Delay = 1.12> <FuncUnit> <Opcode : 'select'> <InPorts = 3> <OutPorts = 1>
ST_2 : Operation 301 [1/1] (1.77ns)   --->   "%icmp_ln463_19 = icmp_ne  i4 %tmp_58, i4 0" [firmware/nnet_utils/nnet_activation.h:463]   --->   Operation 301 'icmp' 'icmp_ln463_19' <Predicate = true> <Delay = 1.77> <CoreInst = "Cmp">   --->   Core 9 'Cmp' <Latency = 0> <II = 1> <Delay = 1.77> <FuncUnit> <Opcode : 'seteq' 'setne' 'setle' 'setge' 'setlt' 'setgt'> <InPorts = 2> <OutPorts = 1>
ST_2 : Operation 302 [1/1] (1.12ns)   --->   "%index_59 = select i1 %icmp_ln463_19, i10 1023, i10 %trunc_ln456_39" [firmware/nnet_utils/nnet_activation.h:463]   --->   Operation 302 'select' 'index_59' <Predicate = true> <Delay = 1.12> <CoreInst = "Sel">   --->   Core 73 'Sel' <Latency = 0> <II = 1> <Delay = 1.12> <FuncUnit> <Opcode : 'select'> <InPorts = 3> <OutPorts = 1>
ST_2 : Operation 303 [1/1] (1.77ns)   --->   "%icmp_ln463_20 = icmp_ne  i4 %tmp_61, i4 0" [firmware/nnet_utils/nnet_activation.h:463]   --->   Operation 303 'icmp' 'icmp_ln463_20' <Predicate = true> <Delay = 1.77> <CoreInst = "Cmp">   --->   Core 9 'Cmp' <Latency = 0> <II = 1> <Delay = 1.77> <FuncUnit> <Opcode : 'seteq' 'setne' 'setle' 'setge' 'setlt' 'setgt'> <InPorts = 2> <OutPorts = 1>
ST_2 : Operation 304 [1/1] (1.12ns)   --->   "%index_62 = select i1 %icmp_ln463_20, i10 1023, i10 %trunc_ln456_41" [firmware/nnet_utils/nnet_activation.h:463]   --->   Operation 304 'select' 'index_62' <Predicate = true> <Delay = 1.12> <CoreInst = "Sel">   --->   Core 73 'Sel' <Latency = 0> <II = 1> <Delay = 1.12> <FuncUnit> <Opcode : 'select'> <InPorts = 3> <OutPorts = 1>
ST_2 : Operation 305 [1/1] (1.77ns)   --->   "%icmp_ln463_21 = icmp_ne  i4 %tmp_64, i4 0" [firmware/nnet_utils/nnet_activation.h:463]   --->   Operation 305 'icmp' 'icmp_ln463_21' <Predicate = true> <Delay = 1.77> <CoreInst = "Cmp">   --->   Core 9 'Cmp' <Latency = 0> <II = 1> <Delay = 1.77> <FuncUnit> <Opcode : 'seteq' 'setne' 'setle' 'setge' 'setlt' 'setgt'> <InPorts = 2> <OutPorts = 1>
ST_2 : Operation 306 [1/1] (1.12ns)   --->   "%index_65 = select i1 %icmp_ln463_21, i10 1023, i10 %trunc_ln456_43" [firmware/nnet_utils/nnet_activation.h:463]   --->   Operation 306 'select' 'index_65' <Predicate = true> <Delay = 1.12> <CoreInst = "Sel">   --->   Core 73 'Sel' <Latency = 0> <II = 1> <Delay = 1.12> <FuncUnit> <Opcode : 'select'> <InPorts = 3> <OutPorts = 1>
ST_2 : Operation 307 [1/1] (1.77ns)   --->   "%icmp_ln463_22 = icmp_ne  i4 %tmp_67, i4 0" [firmware/nnet_utils/nnet_activation.h:463]   --->   Operation 307 'icmp' 'icmp_ln463_22' <Predicate = true> <Delay = 1.77> <CoreInst = "Cmp">   --->   Core 9 'Cmp' <Latency = 0> <II = 1> <Delay = 1.77> <FuncUnit> <Opcode : 'seteq' 'setne' 'setle' 'setge' 'setlt' 'setgt'> <InPorts = 2> <OutPorts = 1>
ST_2 : Operation 308 [1/1] (1.12ns)   --->   "%index_68 = select i1 %icmp_ln463_22, i10 1023, i10 %trunc_ln456_45" [firmware/nnet_utils/nnet_activation.h:463]   --->   Operation 308 'select' 'index_68' <Predicate = true> <Delay = 1.12> <CoreInst = "Sel">   --->   Core 73 'Sel' <Latency = 0> <II = 1> <Delay = 1.12> <FuncUnit> <Opcode : 'select'> <InPorts = 3> <OutPorts = 1>
ST_2 : Operation 309 [1/1] (1.77ns)   --->   "%icmp_ln463_23 = icmp_ne  i4 %tmp_70, i4 0" [firmware/nnet_utils/nnet_activation.h:463]   --->   Operation 309 'icmp' 'icmp_ln463_23' <Predicate = true> <Delay = 1.77> <CoreInst = "Cmp">   --->   Core 9 'Cmp' <Latency = 0> <II = 1> <Delay = 1.77> <FuncUnit> <Opcode : 'seteq' 'setne' 'setle' 'setge' 'setlt' 'setgt'> <InPorts = 2> <OutPorts = 1>
ST_2 : Operation 310 [1/1] (1.12ns)   --->   "%index_71 = select i1 %icmp_ln463_23, i10 1023, i10 %trunc_ln456_47" [firmware/nnet_utils/nnet_activation.h:463]   --->   Operation 310 'select' 'index_71' <Predicate = true> <Delay = 1.12> <CoreInst = "Sel">   --->   Core 73 'Sel' <Latency = 0> <II = 1> <Delay = 1.12> <FuncUnit> <Opcode : 'select'> <InPorts = 3> <OutPorts = 1>
ST_2 : Operation 311 [1/1] (1.77ns)   --->   "%icmp_ln463_24 = icmp_ne  i4 %tmp_73, i4 0" [firmware/nnet_utils/nnet_activation.h:463]   --->   Operation 311 'icmp' 'icmp_ln463_24' <Predicate = true> <Delay = 1.77> <CoreInst = "Cmp">   --->   Core 9 'Cmp' <Latency = 0> <II = 1> <Delay = 1.77> <FuncUnit> <Opcode : 'seteq' 'setne' 'setle' 'setge' 'setlt' 'setgt'> <InPorts = 2> <OutPorts = 1>
ST_2 : Operation 312 [1/1] (1.12ns)   --->   "%index_74 = select i1 %icmp_ln463_24, i10 1023, i10 %trunc_ln456_49" [firmware/nnet_utils/nnet_activation.h:463]   --->   Operation 312 'select' 'index_74' <Predicate = true> <Delay = 1.12> <CoreInst = "Sel">   --->   Core 73 'Sel' <Latency = 0> <II = 1> <Delay = 1.12> <FuncUnit> <Opcode : 'select'> <InPorts = 3> <OutPorts = 1>
ST_2 : Operation 313 [1/1] (1.77ns)   --->   "%icmp_ln463_25 = icmp_ne  i4 %tmp_76, i4 0" [firmware/nnet_utils/nnet_activation.h:463]   --->   Operation 313 'icmp' 'icmp_ln463_25' <Predicate = true> <Delay = 1.77> <CoreInst = "Cmp">   --->   Core 9 'Cmp' <Latency = 0> <II = 1> <Delay = 1.77> <FuncUnit> <Opcode : 'seteq' 'setne' 'setle' 'setge' 'setlt' 'setgt'> <InPorts = 2> <OutPorts = 1>
ST_2 : Operation 314 [1/1] (1.12ns)   --->   "%index_77 = select i1 %icmp_ln463_25, i10 1023, i10 %trunc_ln456_51" [firmware/nnet_utils/nnet_activation.h:463]   --->   Operation 314 'select' 'index_77' <Predicate = true> <Delay = 1.12> <CoreInst = "Sel">   --->   Core 73 'Sel' <Latency = 0> <II = 1> <Delay = 1.12> <FuncUnit> <Opcode : 'select'> <InPorts = 3> <OutPorts = 1>
ST_2 : Operation 315 [1/1] (1.77ns)   --->   "%icmp_ln463_26 = icmp_ne  i4 %tmp_79, i4 0" [firmware/nnet_utils/nnet_activation.h:463]   --->   Operation 315 'icmp' 'icmp_ln463_26' <Predicate = true> <Delay = 1.77> <CoreInst = "Cmp">   --->   Core 9 'Cmp' <Latency = 0> <II = 1> <Delay = 1.77> <FuncUnit> <Opcode : 'seteq' 'setne' 'setle' 'setge' 'setlt' 'setgt'> <InPorts = 2> <OutPorts = 1>
ST_2 : Operation 316 [1/1] (1.12ns)   --->   "%index_80 = select i1 %icmp_ln463_26, i10 1023, i10 %trunc_ln456_53" [firmware/nnet_utils/nnet_activation.h:463]   --->   Operation 316 'select' 'index_80' <Predicate = true> <Delay = 1.12> <CoreInst = "Sel">   --->   Core 73 'Sel' <Latency = 0> <II = 1> <Delay = 1.12> <FuncUnit> <Opcode : 'select'> <InPorts = 3> <OutPorts = 1>
ST_2 : Operation 317 [1/1] (1.77ns)   --->   "%icmp_ln463_27 = icmp_ne  i4 %tmp_82, i4 0" [firmware/nnet_utils/nnet_activation.h:463]   --->   Operation 317 'icmp' 'icmp_ln463_27' <Predicate = true> <Delay = 1.77> <CoreInst = "Cmp">   --->   Core 9 'Cmp' <Latency = 0> <II = 1> <Delay = 1.77> <FuncUnit> <Opcode : 'seteq' 'setne' 'setle' 'setge' 'setlt' 'setgt'> <InPorts = 2> <OutPorts = 1>
ST_2 : Operation 318 [1/1] (1.12ns)   --->   "%index_83 = select i1 %icmp_ln463_27, i10 1023, i10 %trunc_ln456_55" [firmware/nnet_utils/nnet_activation.h:463]   --->   Operation 318 'select' 'index_83' <Predicate = true> <Delay = 1.12> <CoreInst = "Sel">   --->   Core 73 'Sel' <Latency = 0> <II = 1> <Delay = 1.12> <FuncUnit> <Opcode : 'select'> <InPorts = 3> <OutPorts = 1>
ST_2 : Operation 319 [1/1] (1.77ns)   --->   "%icmp_ln463_28 = icmp_ne  i4 %tmp_85, i4 0" [firmware/nnet_utils/nnet_activation.h:463]   --->   Operation 319 'icmp' 'icmp_ln463_28' <Predicate = true> <Delay = 1.77> <CoreInst = "Cmp">   --->   Core 9 'Cmp' <Latency = 0> <II = 1> <Delay = 1.77> <FuncUnit> <Opcode : 'seteq' 'setne' 'setle' 'setge' 'setlt' 'setgt'> <InPorts = 2> <OutPorts = 1>
ST_2 : Operation 320 [1/1] (1.12ns)   --->   "%index_86 = select i1 %icmp_ln463_28, i10 1023, i10 %trunc_ln456_57" [firmware/nnet_utils/nnet_activation.h:463]   --->   Operation 320 'select' 'index_86' <Predicate = true> <Delay = 1.12> <CoreInst = "Sel">   --->   Core 73 'Sel' <Latency = 0> <II = 1> <Delay = 1.12> <FuncUnit> <Opcode : 'select'> <InPorts = 3> <OutPorts = 1>
ST_2 : Operation 321 [1/1] (1.77ns)   --->   "%icmp_ln463_29 = icmp_ne  i4 %tmp_88, i4 0" [firmware/nnet_utils/nnet_activation.h:463]   --->   Operation 321 'icmp' 'icmp_ln463_29' <Predicate = true> <Delay = 1.77> <CoreInst = "Cmp">   --->   Core 9 'Cmp' <Latency = 0> <II = 1> <Delay = 1.77> <FuncUnit> <Opcode : 'seteq' 'setne' 'setle' 'setge' 'setlt' 'setgt'> <InPorts = 2> <OutPorts = 1>
ST_2 : Operation 322 [1/1] (1.12ns)   --->   "%index_89 = select i1 %icmp_ln463_29, i10 1023, i10 %trunc_ln456_59" [firmware/nnet_utils/nnet_activation.h:463]   --->   Operation 322 'select' 'index_89' <Predicate = true> <Delay = 1.12> <CoreInst = "Sel">   --->   Core 73 'Sel' <Latency = 0> <II = 1> <Delay = 1.12> <FuncUnit> <Opcode : 'select'> <InPorts = 3> <OutPorts = 1>
ST_2 : Operation 323 [1/1] (1.77ns)   --->   "%icmp_ln463_30 = icmp_ne  i4 %tmp_91, i4 0" [firmware/nnet_utils/nnet_activation.h:463]   --->   Operation 323 'icmp' 'icmp_ln463_30' <Predicate = true> <Delay = 1.77> <CoreInst = "Cmp">   --->   Core 9 'Cmp' <Latency = 0> <II = 1> <Delay = 1.77> <FuncUnit> <Opcode : 'seteq' 'setne' 'setle' 'setge' 'setlt' 'setgt'> <InPorts = 2> <OutPorts = 1>
ST_2 : Operation 324 [1/1] (1.12ns)   --->   "%index_92 = select i1 %icmp_ln463_30, i10 1023, i10 %trunc_ln456_61" [firmware/nnet_utils/nnet_activation.h:463]   --->   Operation 324 'select' 'index_92' <Predicate = true> <Delay = 1.12> <CoreInst = "Sel">   --->   Core 73 'Sel' <Latency = 0> <II = 1> <Delay = 1.12> <FuncUnit> <Opcode : 'select'> <InPorts = 3> <OutPorts = 1>
ST_2 : Operation 325 [1/1] (1.77ns)   --->   "%icmp_ln463_31 = icmp_ne  i4 %tmp_94, i4 0" [firmware/nnet_utils/nnet_activation.h:463]   --->   Operation 325 'icmp' 'icmp_ln463_31' <Predicate = true> <Delay = 1.77> <CoreInst = "Cmp">   --->   Core 9 'Cmp' <Latency = 0> <II = 1> <Delay = 1.77> <FuncUnit> <Opcode : 'seteq' 'setne' 'setle' 'setge' 'setlt' 'setgt'> <InPorts = 2> <OutPorts = 1>
ST_2 : Operation 326 [1/1] (1.12ns)   --->   "%index_95 = select i1 %icmp_ln463_31, i10 1023, i10 %trunc_ln456_63" [firmware/nnet_utils/nnet_activation.h:463]   --->   Operation 326 'select' 'index_95' <Predicate = true> <Delay = 1.12> <CoreInst = "Sel">   --->   Core 73 'Sel' <Latency = 0> <II = 1> <Delay = 1.12> <FuncUnit> <Opcode : 'select'> <InPorts = 3> <OutPorts = 1>

State 3 <SV = 2> <Delay = 1.68>
ST_3 : Operation 327 [1/1] (0.00ns)   --->   "%zext_ln465 = zext i10 %index_2" [firmware/nnet_utils/nnet_activation.h:465]   --->   Operation 327 'zext' 'zext_ln465' <Predicate = true> <Delay = 0.00>
ST_3 : Operation 328 [1/1] (0.00ns)   --->   "%tanh_table_addr = getelementptr i11 %tanh_table, i64 0, i64 %zext_ln465" [firmware/nnet_utils/nnet_activation.h:465]   --->   Operation 328 'getelementptr' 'tanh_table_addr' <Predicate = true> <Delay = 0.00>
ST_3 : Operation 329 [3/3] (1.68ns)   --->   "%tanh_table_load = load i10 %tanh_table_addr" [firmware/nnet_utils/nnet_activation.h:465]   --->   Operation 329 'load' 'tanh_table_load' <Predicate = true> <Delay = 1.68> <CoreInst = "ROM">   --->   Core 94 'ROM' <Latency = 2> <II = 1> <Delay = 1.68> <Storage> <Opcode : 'load'> <Ports = 0> <Width = 11> <Depth = 1024> <ROM>
ST_3 : Operation 330 [1/1] (0.00ns)   --->   "%zext_ln465_2 = zext i10 %index_5" [firmware/nnet_utils/nnet_activation.h:465]   --->   Operation 330 'zext' 'zext_ln465_2' <Predicate = true> <Delay = 0.00>
ST_3 : Operation 331 [1/1] (0.00ns)   --->   "%tanh_table_addr_1 = getelementptr i11 %tanh_table, i64 0, i64 %zext_ln465_2" [firmware/nnet_utils/nnet_activation.h:465]   --->   Operation 331 'getelementptr' 'tanh_table_addr_1' <Predicate = true> <Delay = 0.00>
ST_3 : Operation 332 [3/3] (1.68ns)   --->   "%tanh_table_load_1 = load i10 %tanh_table_addr_1" [firmware/nnet_utils/nnet_activation.h:465]   --->   Operation 332 'load' 'tanh_table_load_1' <Predicate = true> <Delay = 1.68> <CoreInst = "ROM">   --->   Core 94 'ROM' <Latency = 2> <II = 1> <Delay = 1.68> <Storage> <Opcode : 'load'> <Ports = 0> <Width = 11> <Depth = 1024> <ROM>
ST_3 : Operation 333 [1/1] (0.00ns)   --->   "%zext_ln465_4 = zext i10 %index_8" [firmware/nnet_utils/nnet_activation.h:465]   --->   Operation 333 'zext' 'zext_ln465_4' <Predicate = true> <Delay = 0.00>
ST_3 : Operation 334 [1/1] (0.00ns)   --->   "%tanh_table_addr_2 = getelementptr i11 %tanh_table, i64 0, i64 %zext_ln465_4" [firmware/nnet_utils/nnet_activation.h:465]   --->   Operation 334 'getelementptr' 'tanh_table_addr_2' <Predicate = true> <Delay = 0.00>
ST_3 : Operation 335 [3/3] (1.68ns)   --->   "%tanh_table_load_2 = load i10 %tanh_table_addr_2" [firmware/nnet_utils/nnet_activation.h:465]   --->   Operation 335 'load' 'tanh_table_load_2' <Predicate = true> <Delay = 1.68> <CoreInst = "ROM">   --->   Core 94 'ROM' <Latency = 2> <II = 1> <Delay = 1.68> <Storage> <Opcode : 'load'> <Ports = 0> <Width = 11> <Depth = 1024> <ROM>
ST_3 : Operation 336 [1/1] (0.00ns)   --->   "%zext_ln465_6 = zext i10 %index_11" [firmware/nnet_utils/nnet_activation.h:465]   --->   Operation 336 'zext' 'zext_ln465_6' <Predicate = true> <Delay = 0.00>
ST_3 : Operation 337 [1/1] (0.00ns)   --->   "%tanh_table_addr_3 = getelementptr i11 %tanh_table, i64 0, i64 %zext_ln465_6" [firmware/nnet_utils/nnet_activation.h:465]   --->   Operation 337 'getelementptr' 'tanh_table_addr_3' <Predicate = true> <Delay = 0.00>
ST_3 : Operation 338 [3/3] (1.68ns)   --->   "%tanh_table_load_3 = load i10 %tanh_table_addr_3" [firmware/nnet_utils/nnet_activation.h:465]   --->   Operation 338 'load' 'tanh_table_load_3' <Predicate = true> <Delay = 1.68> <CoreInst = "ROM">   --->   Core 94 'ROM' <Latency = 2> <II = 1> <Delay = 1.68> <Storage> <Opcode : 'load'> <Ports = 0> <Width = 11> <Depth = 1024> <ROM>
ST_3 : Operation 339 [1/1] (0.00ns)   --->   "%zext_ln465_8 = zext i10 %index_14" [firmware/nnet_utils/nnet_activation.h:465]   --->   Operation 339 'zext' 'zext_ln465_8' <Predicate = true> <Delay = 0.00>
ST_3 : Operation 340 [1/1] (0.00ns)   --->   "%tanh_table_addr_4 = getelementptr i11 %tanh_table, i64 0, i64 %zext_ln465_8" [firmware/nnet_utils/nnet_activation.h:465]   --->   Operation 340 'getelementptr' 'tanh_table_addr_4' <Predicate = true> <Delay = 0.00>
ST_3 : Operation 341 [3/3] (1.68ns)   --->   "%tanh_table_load_4 = load i10 %tanh_table_addr_4" [firmware/nnet_utils/nnet_activation.h:465]   --->   Operation 341 'load' 'tanh_table_load_4' <Predicate = true> <Delay = 1.68> <CoreInst = "ROM">   --->   Core 94 'ROM' <Latency = 2> <II = 1> <Delay = 1.68> <Storage> <Opcode : 'load'> <Ports = 0> <Width = 11> <Depth = 1024> <ROM>
ST_3 : Operation 342 [1/1] (0.00ns)   --->   "%zext_ln465_10 = zext i10 %index_17" [firmware/nnet_utils/nnet_activation.h:465]   --->   Operation 342 'zext' 'zext_ln465_10' <Predicate = true> <Delay = 0.00>
ST_3 : Operation 343 [1/1] (0.00ns)   --->   "%tanh_table_addr_5 = getelementptr i11 %tanh_table, i64 0, i64 %zext_ln465_10" [firmware/nnet_utils/nnet_activation.h:465]   --->   Operation 343 'getelementptr' 'tanh_table_addr_5' <Predicate = true> <Delay = 0.00>
ST_3 : Operation 344 [3/3] (1.68ns)   --->   "%tanh_table_load_5 = load i10 %tanh_table_addr_5" [firmware/nnet_utils/nnet_activation.h:465]   --->   Operation 344 'load' 'tanh_table_load_5' <Predicate = true> <Delay = 1.68> <CoreInst = "ROM">   --->   Core 94 'ROM' <Latency = 2> <II = 1> <Delay = 1.68> <Storage> <Opcode : 'load'> <Ports = 0> <Width = 11> <Depth = 1024> <ROM>
ST_3 : Operation 345 [1/1] (0.00ns)   --->   "%zext_ln465_12 = zext i10 %index_20" [firmware/nnet_utils/nnet_activation.h:465]   --->   Operation 345 'zext' 'zext_ln465_12' <Predicate = true> <Delay = 0.00>
ST_3 : Operation 346 [1/1] (0.00ns)   --->   "%tanh_table_addr_6 = getelementptr i11 %tanh_table, i64 0, i64 %zext_ln465_12" [firmware/nnet_utils/nnet_activation.h:465]   --->   Operation 346 'getelementptr' 'tanh_table_addr_6' <Predicate = true> <Delay = 0.00>
ST_3 : Operation 347 [3/3] (1.68ns)   --->   "%tanh_table_load_6 = load i10 %tanh_table_addr_6" [firmware/nnet_utils/nnet_activation.h:465]   --->   Operation 347 'load' 'tanh_table_load_6' <Predicate = true> <Delay = 1.68> <CoreInst = "ROM">   --->   Core 94 'ROM' <Latency = 2> <II = 1> <Delay = 1.68> <Storage> <Opcode : 'load'> <Ports = 0> <Width = 11> <Depth = 1024> <ROM>
ST_3 : Operation 348 [1/1] (0.00ns)   --->   "%zext_ln465_14 = zext i10 %index_23" [firmware/nnet_utils/nnet_activation.h:465]   --->   Operation 348 'zext' 'zext_ln465_14' <Predicate = true> <Delay = 0.00>
ST_3 : Operation 349 [1/1] (0.00ns)   --->   "%tanh_table_addr_7 = getelementptr i11 %tanh_table, i64 0, i64 %zext_ln465_14" [firmware/nnet_utils/nnet_activation.h:465]   --->   Operation 349 'getelementptr' 'tanh_table_addr_7' <Predicate = true> <Delay = 0.00>
ST_3 : Operation 350 [3/3] (1.68ns)   --->   "%tanh_table_load_7 = load i10 %tanh_table_addr_7" [firmware/nnet_utils/nnet_activation.h:465]   --->   Operation 350 'load' 'tanh_table_load_7' <Predicate = true> <Delay = 1.68> <CoreInst = "ROM">   --->   Core 94 'ROM' <Latency = 2> <II = 1> <Delay = 1.68> <Storage> <Opcode : 'load'> <Ports = 0> <Width = 11> <Depth = 1024> <ROM>
ST_3 : Operation 351 [1/1] (0.00ns)   --->   "%zext_ln465_16 = zext i10 %index_26" [firmware/nnet_utils/nnet_activation.h:465]   --->   Operation 351 'zext' 'zext_ln465_16' <Predicate = true> <Delay = 0.00>
ST_3 : Operation 352 [1/1] (0.00ns)   --->   "%tanh_table_addr_8 = getelementptr i11 %tanh_table, i64 0, i64 %zext_ln465_16" [firmware/nnet_utils/nnet_activation.h:465]   --->   Operation 352 'getelementptr' 'tanh_table_addr_8' <Predicate = true> <Delay = 0.00>
ST_3 : Operation 353 [3/3] (1.68ns)   --->   "%tanh_table_load_8 = load i10 %tanh_table_addr_8" [firmware/nnet_utils/nnet_activation.h:465]   --->   Operation 353 'load' 'tanh_table_load_8' <Predicate = true> <Delay = 1.68> <CoreInst = "ROM">   --->   Core 94 'ROM' <Latency = 2> <II = 1> <Delay = 1.68> <Storage> <Opcode : 'load'> <Ports = 0> <Width = 11> <Depth = 1024> <ROM>
ST_3 : Operation 354 [1/1] (0.00ns)   --->   "%zext_ln465_18 = zext i10 %index_29" [firmware/nnet_utils/nnet_activation.h:465]   --->   Operation 354 'zext' 'zext_ln465_18' <Predicate = true> <Delay = 0.00>
ST_3 : Operation 355 [1/1] (0.00ns)   --->   "%tanh_table_addr_9 = getelementptr i11 %tanh_table, i64 0, i64 %zext_ln465_18" [firmware/nnet_utils/nnet_activation.h:465]   --->   Operation 355 'getelementptr' 'tanh_table_addr_9' <Predicate = true> <Delay = 0.00>
ST_3 : Operation 356 [3/3] (1.68ns)   --->   "%tanh_table_load_9 = load i10 %tanh_table_addr_9" [firmware/nnet_utils/nnet_activation.h:465]   --->   Operation 356 'load' 'tanh_table_load_9' <Predicate = true> <Delay = 1.68> <CoreInst = "ROM">   --->   Core 94 'ROM' <Latency = 2> <II = 1> <Delay = 1.68> <Storage> <Opcode : 'load'> <Ports = 0> <Width = 11> <Depth = 1024> <ROM>
ST_3 : Operation 357 [1/1] (0.00ns)   --->   "%zext_ln465_20 = zext i10 %index_32" [firmware/nnet_utils/nnet_activation.h:465]   --->   Operation 357 'zext' 'zext_ln465_20' <Predicate = true> <Delay = 0.00>
ST_3 : Operation 358 [1/1] (0.00ns)   --->   "%tanh_table_addr_10 = getelementptr i11 %tanh_table, i64 0, i64 %zext_ln465_20" [firmware/nnet_utils/nnet_activation.h:465]   --->   Operation 358 'getelementptr' 'tanh_table_addr_10' <Predicate = true> <Delay = 0.00>
ST_3 : Operation 359 [3/3] (1.68ns)   --->   "%tanh_table_load_10 = load i10 %tanh_table_addr_10" [firmware/nnet_utils/nnet_activation.h:465]   --->   Operation 359 'load' 'tanh_table_load_10' <Predicate = true> <Delay = 1.68> <CoreInst = "ROM">   --->   Core 94 'ROM' <Latency = 2> <II = 1> <Delay = 1.68> <Storage> <Opcode : 'load'> <Ports = 0> <Width = 11> <Depth = 1024> <ROM>
ST_3 : Operation 360 [1/1] (0.00ns)   --->   "%zext_ln465_22 = zext i10 %index_35" [firmware/nnet_utils/nnet_activation.h:465]   --->   Operation 360 'zext' 'zext_ln465_22' <Predicate = true> <Delay = 0.00>
ST_3 : Operation 361 [1/1] (0.00ns)   --->   "%tanh_table_addr_11 = getelementptr i11 %tanh_table, i64 0, i64 %zext_ln465_22" [firmware/nnet_utils/nnet_activation.h:465]   --->   Operation 361 'getelementptr' 'tanh_table_addr_11' <Predicate = true> <Delay = 0.00>
ST_3 : Operation 362 [3/3] (1.68ns)   --->   "%tanh_table_load_11 = load i10 %tanh_table_addr_11" [firmware/nnet_utils/nnet_activation.h:465]   --->   Operation 362 'load' 'tanh_table_load_11' <Predicate = true> <Delay = 1.68> <CoreInst = "ROM">   --->   Core 94 'ROM' <Latency = 2> <II = 1> <Delay = 1.68> <Storage> <Opcode : 'load'> <Ports = 0> <Width = 11> <Depth = 1024> <ROM>
ST_3 : Operation 363 [1/1] (0.00ns)   --->   "%zext_ln465_24 = zext i10 %index_38" [firmware/nnet_utils/nnet_activation.h:465]   --->   Operation 363 'zext' 'zext_ln465_24' <Predicate = true> <Delay = 0.00>
ST_3 : Operation 364 [1/1] (0.00ns)   --->   "%tanh_table_addr_12 = getelementptr i11 %tanh_table, i64 0, i64 %zext_ln465_24" [firmware/nnet_utils/nnet_activation.h:465]   --->   Operation 364 'getelementptr' 'tanh_table_addr_12' <Predicate = true> <Delay = 0.00>
ST_3 : Operation 365 [3/3] (1.68ns)   --->   "%tanh_table_load_12 = load i10 %tanh_table_addr_12" [firmware/nnet_utils/nnet_activation.h:465]   --->   Operation 365 'load' 'tanh_table_load_12' <Predicate = true> <Delay = 1.68> <CoreInst = "ROM">   --->   Core 94 'ROM' <Latency = 2> <II = 1> <Delay = 1.68> <Storage> <Opcode : 'load'> <Ports = 0> <Width = 11> <Depth = 1024> <ROM>
ST_3 : Operation 366 [1/1] (0.00ns)   --->   "%zext_ln465_26 = zext i10 %index_41" [firmware/nnet_utils/nnet_activation.h:465]   --->   Operation 366 'zext' 'zext_ln465_26' <Predicate = true> <Delay = 0.00>
ST_3 : Operation 367 [1/1] (0.00ns)   --->   "%tanh_table_addr_13 = getelementptr i11 %tanh_table, i64 0, i64 %zext_ln465_26" [firmware/nnet_utils/nnet_activation.h:465]   --->   Operation 367 'getelementptr' 'tanh_table_addr_13' <Predicate = true> <Delay = 0.00>
ST_3 : Operation 368 [3/3] (1.68ns)   --->   "%tanh_table_load_13 = load i10 %tanh_table_addr_13" [firmware/nnet_utils/nnet_activation.h:465]   --->   Operation 368 'load' 'tanh_table_load_13' <Predicate = true> <Delay = 1.68> <CoreInst = "ROM">   --->   Core 94 'ROM' <Latency = 2> <II = 1> <Delay = 1.68> <Storage> <Opcode : 'load'> <Ports = 0> <Width = 11> <Depth = 1024> <ROM>
ST_3 : Operation 369 [1/1] (0.00ns)   --->   "%zext_ln465_28 = zext i10 %index_44" [firmware/nnet_utils/nnet_activation.h:465]   --->   Operation 369 'zext' 'zext_ln465_28' <Predicate = true> <Delay = 0.00>
ST_3 : Operation 370 [1/1] (0.00ns)   --->   "%tanh_table_addr_14 = getelementptr i11 %tanh_table, i64 0, i64 %zext_ln465_28" [firmware/nnet_utils/nnet_activation.h:465]   --->   Operation 370 'getelementptr' 'tanh_table_addr_14' <Predicate = true> <Delay = 0.00>
ST_3 : Operation 371 [3/3] (1.68ns)   --->   "%tanh_table_load_14 = load i10 %tanh_table_addr_14" [firmware/nnet_utils/nnet_activation.h:465]   --->   Operation 371 'load' 'tanh_table_load_14' <Predicate = true> <Delay = 1.68> <CoreInst = "ROM">   --->   Core 94 'ROM' <Latency = 2> <II = 1> <Delay = 1.68> <Storage> <Opcode : 'load'> <Ports = 0> <Width = 11> <Depth = 1024> <ROM>
ST_3 : Operation 372 [1/1] (0.00ns)   --->   "%zext_ln465_30 = zext i10 %index_47" [firmware/nnet_utils/nnet_activation.h:465]   --->   Operation 372 'zext' 'zext_ln465_30' <Predicate = true> <Delay = 0.00>
ST_3 : Operation 373 [1/1] (0.00ns)   --->   "%tanh_table_addr_15 = getelementptr i11 %tanh_table, i64 0, i64 %zext_ln465_30" [firmware/nnet_utils/nnet_activation.h:465]   --->   Operation 373 'getelementptr' 'tanh_table_addr_15' <Predicate = true> <Delay = 0.00>
ST_3 : Operation 374 [3/3] (1.68ns)   --->   "%tanh_table_load_15 = load i10 %tanh_table_addr_15" [firmware/nnet_utils/nnet_activation.h:465]   --->   Operation 374 'load' 'tanh_table_load_15' <Predicate = true> <Delay = 1.68> <CoreInst = "ROM">   --->   Core 94 'ROM' <Latency = 2> <II = 1> <Delay = 1.68> <Storage> <Opcode : 'load'> <Ports = 0> <Width = 11> <Depth = 1024> <ROM>
ST_3 : Operation 375 [1/1] (0.00ns)   --->   "%zext_ln465_32 = zext i10 %index_50" [firmware/nnet_utils/nnet_activation.h:465]   --->   Operation 375 'zext' 'zext_ln465_32' <Predicate = true> <Delay = 0.00>
ST_3 : Operation 376 [1/1] (0.00ns)   --->   "%tanh_table_addr_16 = getelementptr i11 %tanh_table, i64 0, i64 %zext_ln465_32" [firmware/nnet_utils/nnet_activation.h:465]   --->   Operation 376 'getelementptr' 'tanh_table_addr_16' <Predicate = true> <Delay = 0.00>
ST_3 : Operation 377 [3/3] (1.68ns)   --->   "%tanh_table_load_16 = load i10 %tanh_table_addr_16" [firmware/nnet_utils/nnet_activation.h:465]   --->   Operation 377 'load' 'tanh_table_load_16' <Predicate = true> <Delay = 1.68> <CoreInst = "ROM">   --->   Core 94 'ROM' <Latency = 2> <II = 1> <Delay = 1.68> <Storage> <Opcode : 'load'> <Ports = 0> <Width = 11> <Depth = 1024> <ROM>
ST_3 : Operation 378 [1/1] (0.00ns)   --->   "%zext_ln465_34 = zext i10 %index_53" [firmware/nnet_utils/nnet_activation.h:465]   --->   Operation 378 'zext' 'zext_ln465_34' <Predicate = true> <Delay = 0.00>
ST_3 : Operation 379 [1/1] (0.00ns)   --->   "%tanh_table_addr_17 = getelementptr i11 %tanh_table, i64 0, i64 %zext_ln465_34" [firmware/nnet_utils/nnet_activation.h:465]   --->   Operation 379 'getelementptr' 'tanh_table_addr_17' <Predicate = true> <Delay = 0.00>
ST_3 : Operation 380 [3/3] (1.68ns)   --->   "%tanh_table_load_17 = load i10 %tanh_table_addr_17" [firmware/nnet_utils/nnet_activation.h:465]   --->   Operation 380 'load' 'tanh_table_load_17' <Predicate = true> <Delay = 1.68> <CoreInst = "ROM">   --->   Core 94 'ROM' <Latency = 2> <II = 1> <Delay = 1.68> <Storage> <Opcode : 'load'> <Ports = 0> <Width = 11> <Depth = 1024> <ROM>
ST_3 : Operation 381 [1/1] (0.00ns)   --->   "%zext_ln465_36 = zext i10 %index_56" [firmware/nnet_utils/nnet_activation.h:465]   --->   Operation 381 'zext' 'zext_ln465_36' <Predicate = true> <Delay = 0.00>
ST_3 : Operation 382 [1/1] (0.00ns)   --->   "%tanh_table_addr_18 = getelementptr i11 %tanh_table, i64 0, i64 %zext_ln465_36" [firmware/nnet_utils/nnet_activation.h:465]   --->   Operation 382 'getelementptr' 'tanh_table_addr_18' <Predicate = true> <Delay = 0.00>
ST_3 : Operation 383 [3/3] (1.68ns)   --->   "%tanh_table_load_18 = load i10 %tanh_table_addr_18" [firmware/nnet_utils/nnet_activation.h:465]   --->   Operation 383 'load' 'tanh_table_load_18' <Predicate = true> <Delay = 1.68> <CoreInst = "ROM">   --->   Core 94 'ROM' <Latency = 2> <II = 1> <Delay = 1.68> <Storage> <Opcode : 'load'> <Ports = 0> <Width = 11> <Depth = 1024> <ROM>
ST_3 : Operation 384 [1/1] (0.00ns)   --->   "%zext_ln465_38 = zext i10 %index_59" [firmware/nnet_utils/nnet_activation.h:465]   --->   Operation 384 'zext' 'zext_ln465_38' <Predicate = true> <Delay = 0.00>
ST_3 : Operation 385 [1/1] (0.00ns)   --->   "%tanh_table_addr_19 = getelementptr i11 %tanh_table, i64 0, i64 %zext_ln465_38" [firmware/nnet_utils/nnet_activation.h:465]   --->   Operation 385 'getelementptr' 'tanh_table_addr_19' <Predicate = true> <Delay = 0.00>
ST_3 : Operation 386 [3/3] (1.68ns)   --->   "%tanh_table_load_19 = load i10 %tanh_table_addr_19" [firmware/nnet_utils/nnet_activation.h:465]   --->   Operation 386 'load' 'tanh_table_load_19' <Predicate = true> <Delay = 1.68> <CoreInst = "ROM">   --->   Core 94 'ROM' <Latency = 2> <II = 1> <Delay = 1.68> <Storage> <Opcode : 'load'> <Ports = 0> <Width = 11> <Depth = 1024> <ROM>
ST_3 : Operation 387 [1/1] (0.00ns)   --->   "%zext_ln465_40 = zext i10 %index_62" [firmware/nnet_utils/nnet_activation.h:465]   --->   Operation 387 'zext' 'zext_ln465_40' <Predicate = true> <Delay = 0.00>
ST_3 : Operation 388 [1/1] (0.00ns)   --->   "%tanh_table_addr_20 = getelementptr i11 %tanh_table, i64 0, i64 %zext_ln465_40" [firmware/nnet_utils/nnet_activation.h:465]   --->   Operation 388 'getelementptr' 'tanh_table_addr_20' <Predicate = true> <Delay = 0.00>
ST_3 : Operation 389 [3/3] (1.68ns)   --->   "%tanh_table_load_20 = load i10 %tanh_table_addr_20" [firmware/nnet_utils/nnet_activation.h:465]   --->   Operation 389 'load' 'tanh_table_load_20' <Predicate = true> <Delay = 1.68> <CoreInst = "ROM">   --->   Core 94 'ROM' <Latency = 2> <II = 1> <Delay = 1.68> <Storage> <Opcode : 'load'> <Ports = 0> <Width = 11> <Depth = 1024> <ROM>
ST_3 : Operation 390 [1/1] (0.00ns)   --->   "%zext_ln465_42 = zext i10 %index_65" [firmware/nnet_utils/nnet_activation.h:465]   --->   Operation 390 'zext' 'zext_ln465_42' <Predicate = true> <Delay = 0.00>
ST_3 : Operation 391 [1/1] (0.00ns)   --->   "%tanh_table_addr_21 = getelementptr i11 %tanh_table, i64 0, i64 %zext_ln465_42" [firmware/nnet_utils/nnet_activation.h:465]   --->   Operation 391 'getelementptr' 'tanh_table_addr_21' <Predicate = true> <Delay = 0.00>
ST_3 : Operation 392 [3/3] (1.68ns)   --->   "%tanh_table_load_21 = load i10 %tanh_table_addr_21" [firmware/nnet_utils/nnet_activation.h:465]   --->   Operation 392 'load' 'tanh_table_load_21' <Predicate = true> <Delay = 1.68> <CoreInst = "ROM">   --->   Core 94 'ROM' <Latency = 2> <II = 1> <Delay = 1.68> <Storage> <Opcode : 'load'> <Ports = 0> <Width = 11> <Depth = 1024> <ROM>
ST_3 : Operation 393 [1/1] (0.00ns)   --->   "%zext_ln465_44 = zext i10 %index_68" [firmware/nnet_utils/nnet_activation.h:465]   --->   Operation 393 'zext' 'zext_ln465_44' <Predicate = true> <Delay = 0.00>
ST_3 : Operation 394 [1/1] (0.00ns)   --->   "%tanh_table_addr_22 = getelementptr i11 %tanh_table, i64 0, i64 %zext_ln465_44" [firmware/nnet_utils/nnet_activation.h:465]   --->   Operation 394 'getelementptr' 'tanh_table_addr_22' <Predicate = true> <Delay = 0.00>
ST_3 : Operation 395 [3/3] (1.68ns)   --->   "%tanh_table_load_22 = load i10 %tanh_table_addr_22" [firmware/nnet_utils/nnet_activation.h:465]   --->   Operation 395 'load' 'tanh_table_load_22' <Predicate = true> <Delay = 1.68> <CoreInst = "ROM">   --->   Core 94 'ROM' <Latency = 2> <II = 1> <Delay = 1.68> <Storage> <Opcode : 'load'> <Ports = 0> <Width = 11> <Depth = 1024> <ROM>
ST_3 : Operation 396 [1/1] (0.00ns)   --->   "%zext_ln465_46 = zext i10 %index_71" [firmware/nnet_utils/nnet_activation.h:465]   --->   Operation 396 'zext' 'zext_ln465_46' <Predicate = true> <Delay = 0.00>
ST_3 : Operation 397 [1/1] (0.00ns)   --->   "%tanh_table_addr_23 = getelementptr i11 %tanh_table, i64 0, i64 %zext_ln465_46" [firmware/nnet_utils/nnet_activation.h:465]   --->   Operation 397 'getelementptr' 'tanh_table_addr_23' <Predicate = true> <Delay = 0.00>
ST_3 : Operation 398 [3/3] (1.68ns)   --->   "%tanh_table_load_23 = load i10 %tanh_table_addr_23" [firmware/nnet_utils/nnet_activation.h:465]   --->   Operation 398 'load' 'tanh_table_load_23' <Predicate = true> <Delay = 1.68> <CoreInst = "ROM">   --->   Core 94 'ROM' <Latency = 2> <II = 1> <Delay = 1.68> <Storage> <Opcode : 'load'> <Ports = 0> <Width = 11> <Depth = 1024> <ROM>
ST_3 : Operation 399 [1/1] (0.00ns)   --->   "%zext_ln465_48 = zext i10 %index_74" [firmware/nnet_utils/nnet_activation.h:465]   --->   Operation 399 'zext' 'zext_ln465_48' <Predicate = true> <Delay = 0.00>
ST_3 : Operation 400 [1/1] (0.00ns)   --->   "%tanh_table_addr_24 = getelementptr i11 %tanh_table, i64 0, i64 %zext_ln465_48" [firmware/nnet_utils/nnet_activation.h:465]   --->   Operation 400 'getelementptr' 'tanh_table_addr_24' <Predicate = true> <Delay = 0.00>
ST_3 : Operation 401 [3/3] (1.68ns)   --->   "%tanh_table_load_24 = load i10 %tanh_table_addr_24" [firmware/nnet_utils/nnet_activation.h:465]   --->   Operation 401 'load' 'tanh_table_load_24' <Predicate = true> <Delay = 1.68> <CoreInst = "ROM">   --->   Core 94 'ROM' <Latency = 2> <II = 1> <Delay = 1.68> <Storage> <Opcode : 'load'> <Ports = 0> <Width = 11> <Depth = 1024> <ROM>
ST_3 : Operation 402 [1/1] (0.00ns)   --->   "%zext_ln465_50 = zext i10 %index_77" [firmware/nnet_utils/nnet_activation.h:465]   --->   Operation 402 'zext' 'zext_ln465_50' <Predicate = true> <Delay = 0.00>
ST_3 : Operation 403 [1/1] (0.00ns)   --->   "%tanh_table_addr_25 = getelementptr i11 %tanh_table, i64 0, i64 %zext_ln465_50" [firmware/nnet_utils/nnet_activation.h:465]   --->   Operation 403 'getelementptr' 'tanh_table_addr_25' <Predicate = true> <Delay = 0.00>
ST_3 : Operation 404 [3/3] (1.68ns)   --->   "%tanh_table_load_25 = load i10 %tanh_table_addr_25" [firmware/nnet_utils/nnet_activation.h:465]   --->   Operation 404 'load' 'tanh_table_load_25' <Predicate = true> <Delay = 1.68> <CoreInst = "ROM">   --->   Core 94 'ROM' <Latency = 2> <II = 1> <Delay = 1.68> <Storage> <Opcode : 'load'> <Ports = 0> <Width = 11> <Depth = 1024> <ROM>
ST_3 : Operation 405 [1/1] (0.00ns)   --->   "%zext_ln465_52 = zext i10 %index_80" [firmware/nnet_utils/nnet_activation.h:465]   --->   Operation 405 'zext' 'zext_ln465_52' <Predicate = true> <Delay = 0.00>
ST_3 : Operation 406 [1/1] (0.00ns)   --->   "%tanh_table_addr_26 = getelementptr i11 %tanh_table, i64 0, i64 %zext_ln465_52" [firmware/nnet_utils/nnet_activation.h:465]   --->   Operation 406 'getelementptr' 'tanh_table_addr_26' <Predicate = true> <Delay = 0.00>
ST_3 : Operation 407 [3/3] (1.68ns)   --->   "%tanh_table_load_26 = load i10 %tanh_table_addr_26" [firmware/nnet_utils/nnet_activation.h:465]   --->   Operation 407 'load' 'tanh_table_load_26' <Predicate = true> <Delay = 1.68> <CoreInst = "ROM">   --->   Core 94 'ROM' <Latency = 2> <II = 1> <Delay = 1.68> <Storage> <Opcode : 'load'> <Ports = 0> <Width = 11> <Depth = 1024> <ROM>
ST_3 : Operation 408 [1/1] (0.00ns)   --->   "%zext_ln465_54 = zext i10 %index_83" [firmware/nnet_utils/nnet_activation.h:465]   --->   Operation 408 'zext' 'zext_ln465_54' <Predicate = true> <Delay = 0.00>
ST_3 : Operation 409 [1/1] (0.00ns)   --->   "%tanh_table_addr_27 = getelementptr i11 %tanh_table, i64 0, i64 %zext_ln465_54" [firmware/nnet_utils/nnet_activation.h:465]   --->   Operation 409 'getelementptr' 'tanh_table_addr_27' <Predicate = true> <Delay = 0.00>
ST_3 : Operation 410 [3/3] (1.68ns)   --->   "%tanh_table_load_27 = load i10 %tanh_table_addr_27" [firmware/nnet_utils/nnet_activation.h:465]   --->   Operation 410 'load' 'tanh_table_load_27' <Predicate = true> <Delay = 1.68> <CoreInst = "ROM">   --->   Core 94 'ROM' <Latency = 2> <II = 1> <Delay = 1.68> <Storage> <Opcode : 'load'> <Ports = 0> <Width = 11> <Depth = 1024> <ROM>
ST_3 : Operation 411 [1/1] (0.00ns)   --->   "%zext_ln465_56 = zext i10 %index_86" [firmware/nnet_utils/nnet_activation.h:465]   --->   Operation 411 'zext' 'zext_ln465_56' <Predicate = true> <Delay = 0.00>
ST_3 : Operation 412 [1/1] (0.00ns)   --->   "%tanh_table_addr_28 = getelementptr i11 %tanh_table, i64 0, i64 %zext_ln465_56" [firmware/nnet_utils/nnet_activation.h:465]   --->   Operation 412 'getelementptr' 'tanh_table_addr_28' <Predicate = true> <Delay = 0.00>
ST_3 : Operation 413 [3/3] (1.68ns)   --->   "%tanh_table_load_28 = load i10 %tanh_table_addr_28" [firmware/nnet_utils/nnet_activation.h:465]   --->   Operation 413 'load' 'tanh_table_load_28' <Predicate = true> <Delay = 1.68> <CoreInst = "ROM">   --->   Core 94 'ROM' <Latency = 2> <II = 1> <Delay = 1.68> <Storage> <Opcode : 'load'> <Ports = 0> <Width = 11> <Depth = 1024> <ROM>
ST_3 : Operation 414 [1/1] (0.00ns)   --->   "%zext_ln465_58 = zext i10 %index_89" [firmware/nnet_utils/nnet_activation.h:465]   --->   Operation 414 'zext' 'zext_ln465_58' <Predicate = true> <Delay = 0.00>
ST_3 : Operation 415 [1/1] (0.00ns)   --->   "%tanh_table_addr_29 = getelementptr i11 %tanh_table, i64 0, i64 %zext_ln465_58" [firmware/nnet_utils/nnet_activation.h:465]   --->   Operation 415 'getelementptr' 'tanh_table_addr_29' <Predicate = true> <Delay = 0.00>
ST_3 : Operation 416 [3/3] (1.68ns)   --->   "%tanh_table_load_29 = load i10 %tanh_table_addr_29" [firmware/nnet_utils/nnet_activation.h:465]   --->   Operation 416 'load' 'tanh_table_load_29' <Predicate = true> <Delay = 1.68> <CoreInst = "ROM">   --->   Core 94 'ROM' <Latency = 2> <II = 1> <Delay = 1.68> <Storage> <Opcode : 'load'> <Ports = 0> <Width = 11> <Depth = 1024> <ROM>
ST_3 : Operation 417 [1/1] (0.00ns)   --->   "%zext_ln465_60 = zext i10 %index_92" [firmware/nnet_utils/nnet_activation.h:465]   --->   Operation 417 'zext' 'zext_ln465_60' <Predicate = true> <Delay = 0.00>
ST_3 : Operation 418 [1/1] (0.00ns)   --->   "%tanh_table_addr_30 = getelementptr i11 %tanh_table, i64 0, i64 %zext_ln465_60" [firmware/nnet_utils/nnet_activation.h:465]   --->   Operation 418 'getelementptr' 'tanh_table_addr_30' <Predicate = true> <Delay = 0.00>
ST_3 : Operation 419 [3/3] (1.68ns)   --->   "%tanh_table_load_30 = load i10 %tanh_table_addr_30" [firmware/nnet_utils/nnet_activation.h:465]   --->   Operation 419 'load' 'tanh_table_load_30' <Predicate = true> <Delay = 1.68> <CoreInst = "ROM">   --->   Core 94 'ROM' <Latency = 2> <II = 1> <Delay = 1.68> <Storage> <Opcode : 'load'> <Ports = 0> <Width = 11> <Depth = 1024> <ROM>
ST_3 : Operation 420 [1/1] (0.00ns)   --->   "%zext_ln465_62 = zext i10 %index_95" [firmware/nnet_utils/nnet_activation.h:465]   --->   Operation 420 'zext' 'zext_ln465_62' <Predicate = true> <Delay = 0.00>
ST_3 : Operation 421 [1/1] (0.00ns)   --->   "%tanh_table_addr_31 = getelementptr i11 %tanh_table, i64 0, i64 %zext_ln465_62" [firmware/nnet_utils/nnet_activation.h:465]   --->   Operation 421 'getelementptr' 'tanh_table_addr_31' <Predicate = true> <Delay = 0.00>
ST_3 : Operation 422 [3/3] (1.68ns)   --->   "%tanh_table_load_31 = load i10 %tanh_table_addr_31" [firmware/nnet_utils/nnet_activation.h:465]   --->   Operation 422 'load' 'tanh_table_load_31' <Predicate = true> <Delay = 1.68> <CoreInst = "ROM">   --->   Core 94 'ROM' <Latency = 2> <II = 1> <Delay = 1.68> <Storage> <Opcode : 'load'> <Ports = 0> <Width = 11> <Depth = 1024> <ROM>

State 4 <SV = 3> <Delay = 0.00>
ST_4 : Operation 423 [2/3] (1.68ns)   --->   "%tanh_table_load = load i10 %tanh_table_addr" [firmware/nnet_utils/nnet_activation.h:465]   --->   Operation 423 'load' 'tanh_table_load' <Predicate = true> <Delay = 1.68> <CoreInst = "ROM">   --->   Core 94 'ROM' <Latency = 2> <II = 1> <Delay = 1.68> <Storage> <Opcode : 'load'> <Ports = 0> <Width = 11> <Depth = 1024> <ROM>
ST_4 : Operation 424 [2/3] (1.68ns)   --->   "%tanh_table_load_1 = load i10 %tanh_table_addr_1" [firmware/nnet_utils/nnet_activation.h:465]   --->   Operation 424 'load' 'tanh_table_load_1' <Predicate = true> <Delay = 1.68> <CoreInst = "ROM">   --->   Core 94 'ROM' <Latency = 2> <II = 1> <Delay = 1.68> <Storage> <Opcode : 'load'> <Ports = 0> <Width = 11> <Depth = 1024> <ROM>
ST_4 : Operation 425 [2/3] (1.68ns)   --->   "%tanh_table_load_2 = load i10 %tanh_table_addr_2" [firmware/nnet_utils/nnet_activation.h:465]   --->   Operation 425 'load' 'tanh_table_load_2' <Predicate = true> <Delay = 1.68> <CoreInst = "ROM">   --->   Core 94 'ROM' <Latency = 2> <II = 1> <Delay = 1.68> <Storage> <Opcode : 'load'> <Ports = 0> <Width = 11> <Depth = 1024> <ROM>
ST_4 : Operation 426 [2/3] (1.68ns)   --->   "%tanh_table_load_3 = load i10 %tanh_table_addr_3" [firmware/nnet_utils/nnet_activation.h:465]   --->   Operation 426 'load' 'tanh_table_load_3' <Predicate = true> <Delay = 1.68> <CoreInst = "ROM">   --->   Core 94 'ROM' <Latency = 2> <II = 1> <Delay = 1.68> <Storage> <Opcode : 'load'> <Ports = 0> <Width = 11> <Depth = 1024> <ROM>
ST_4 : Operation 427 [2/3] (1.68ns)   --->   "%tanh_table_load_4 = load i10 %tanh_table_addr_4" [firmware/nnet_utils/nnet_activation.h:465]   --->   Operation 427 'load' 'tanh_table_load_4' <Predicate = true> <Delay = 1.68> <CoreInst = "ROM">   --->   Core 94 'ROM' <Latency = 2> <II = 1> <Delay = 1.68> <Storage> <Opcode : 'load'> <Ports = 0> <Width = 11> <Depth = 1024> <ROM>
ST_4 : Operation 428 [2/3] (1.68ns)   --->   "%tanh_table_load_5 = load i10 %tanh_table_addr_5" [firmware/nnet_utils/nnet_activation.h:465]   --->   Operation 428 'load' 'tanh_table_load_5' <Predicate = true> <Delay = 1.68> <CoreInst = "ROM">   --->   Core 94 'ROM' <Latency = 2> <II = 1> <Delay = 1.68> <Storage> <Opcode : 'load'> <Ports = 0> <Width = 11> <Depth = 1024> <ROM>
ST_4 : Operation 429 [2/3] (1.68ns)   --->   "%tanh_table_load_6 = load i10 %tanh_table_addr_6" [firmware/nnet_utils/nnet_activation.h:465]   --->   Operation 429 'load' 'tanh_table_load_6' <Predicate = true> <Delay = 1.68> <CoreInst = "ROM">   --->   Core 94 'ROM' <Latency = 2> <II = 1> <Delay = 1.68> <Storage> <Opcode : 'load'> <Ports = 0> <Width = 11> <Depth = 1024> <ROM>
ST_4 : Operation 430 [2/3] (1.68ns)   --->   "%tanh_table_load_7 = load i10 %tanh_table_addr_7" [firmware/nnet_utils/nnet_activation.h:465]   --->   Operation 430 'load' 'tanh_table_load_7' <Predicate = true> <Delay = 1.68> <CoreInst = "ROM">   --->   Core 94 'ROM' <Latency = 2> <II = 1> <Delay = 1.68> <Storage> <Opcode : 'load'> <Ports = 0> <Width = 11> <Depth = 1024> <ROM>
ST_4 : Operation 431 [2/3] (1.68ns)   --->   "%tanh_table_load_8 = load i10 %tanh_table_addr_8" [firmware/nnet_utils/nnet_activation.h:465]   --->   Operation 431 'load' 'tanh_table_load_8' <Predicate = true> <Delay = 1.68> <CoreInst = "ROM">   --->   Core 94 'ROM' <Latency = 2> <II = 1> <Delay = 1.68> <Storage> <Opcode : 'load'> <Ports = 0> <Width = 11> <Depth = 1024> <ROM>
ST_4 : Operation 432 [2/3] (1.68ns)   --->   "%tanh_table_load_9 = load i10 %tanh_table_addr_9" [firmware/nnet_utils/nnet_activation.h:465]   --->   Operation 432 'load' 'tanh_table_load_9' <Predicate = true> <Delay = 1.68> <CoreInst = "ROM">   --->   Core 94 'ROM' <Latency = 2> <II = 1> <Delay = 1.68> <Storage> <Opcode : 'load'> <Ports = 0> <Width = 11> <Depth = 1024> <ROM>
ST_4 : Operation 433 [2/3] (1.68ns)   --->   "%tanh_table_load_10 = load i10 %tanh_table_addr_10" [firmware/nnet_utils/nnet_activation.h:465]   --->   Operation 433 'load' 'tanh_table_load_10' <Predicate = true> <Delay = 1.68> <CoreInst = "ROM">   --->   Core 94 'ROM' <Latency = 2> <II = 1> <Delay = 1.68> <Storage> <Opcode : 'load'> <Ports = 0> <Width = 11> <Depth = 1024> <ROM>
ST_4 : Operation 434 [2/3] (1.68ns)   --->   "%tanh_table_load_11 = load i10 %tanh_table_addr_11" [firmware/nnet_utils/nnet_activation.h:465]   --->   Operation 434 'load' 'tanh_table_load_11' <Predicate = true> <Delay = 1.68> <CoreInst = "ROM">   --->   Core 94 'ROM' <Latency = 2> <II = 1> <Delay = 1.68> <Storage> <Opcode : 'load'> <Ports = 0> <Width = 11> <Depth = 1024> <ROM>
ST_4 : Operation 435 [2/3] (1.68ns)   --->   "%tanh_table_load_12 = load i10 %tanh_table_addr_12" [firmware/nnet_utils/nnet_activation.h:465]   --->   Operation 435 'load' 'tanh_table_load_12' <Predicate = true> <Delay = 1.68> <CoreInst = "ROM">   --->   Core 94 'ROM' <Latency = 2> <II = 1> <Delay = 1.68> <Storage> <Opcode : 'load'> <Ports = 0> <Width = 11> <Depth = 1024> <ROM>
ST_4 : Operation 436 [2/3] (1.68ns)   --->   "%tanh_table_load_13 = load i10 %tanh_table_addr_13" [firmware/nnet_utils/nnet_activation.h:465]   --->   Operation 436 'load' 'tanh_table_load_13' <Predicate = true> <Delay = 1.68> <CoreInst = "ROM">   --->   Core 94 'ROM' <Latency = 2> <II = 1> <Delay = 1.68> <Storage> <Opcode : 'load'> <Ports = 0> <Width = 11> <Depth = 1024> <ROM>
ST_4 : Operation 437 [2/3] (1.68ns)   --->   "%tanh_table_load_14 = load i10 %tanh_table_addr_14" [firmware/nnet_utils/nnet_activation.h:465]   --->   Operation 437 'load' 'tanh_table_load_14' <Predicate = true> <Delay = 1.68> <CoreInst = "ROM">   --->   Core 94 'ROM' <Latency = 2> <II = 1> <Delay = 1.68> <Storage> <Opcode : 'load'> <Ports = 0> <Width = 11> <Depth = 1024> <ROM>
ST_4 : Operation 438 [2/3] (1.68ns)   --->   "%tanh_table_load_15 = load i10 %tanh_table_addr_15" [firmware/nnet_utils/nnet_activation.h:465]   --->   Operation 438 'load' 'tanh_table_load_15' <Predicate = true> <Delay = 1.68> <CoreInst = "ROM">   --->   Core 94 'ROM' <Latency = 2> <II = 1> <Delay = 1.68> <Storage> <Opcode : 'load'> <Ports = 0> <Width = 11> <Depth = 1024> <ROM>
ST_4 : Operation 439 [2/3] (1.68ns)   --->   "%tanh_table_load_16 = load i10 %tanh_table_addr_16" [firmware/nnet_utils/nnet_activation.h:465]   --->   Operation 439 'load' 'tanh_table_load_16' <Predicate = true> <Delay = 1.68> <CoreInst = "ROM">   --->   Core 94 'ROM' <Latency = 2> <II = 1> <Delay = 1.68> <Storage> <Opcode : 'load'> <Ports = 0> <Width = 11> <Depth = 1024> <ROM>
ST_4 : Operation 440 [2/3] (1.68ns)   --->   "%tanh_table_load_17 = load i10 %tanh_table_addr_17" [firmware/nnet_utils/nnet_activation.h:465]   --->   Operation 440 'load' 'tanh_table_load_17' <Predicate = true> <Delay = 1.68> <CoreInst = "ROM">   --->   Core 94 'ROM' <Latency = 2> <II = 1> <Delay = 1.68> <Storage> <Opcode : 'load'> <Ports = 0> <Width = 11> <Depth = 1024> <ROM>
ST_4 : Operation 441 [2/3] (1.68ns)   --->   "%tanh_table_load_18 = load i10 %tanh_table_addr_18" [firmware/nnet_utils/nnet_activation.h:465]   --->   Operation 441 'load' 'tanh_table_load_18' <Predicate = true> <Delay = 1.68> <CoreInst = "ROM">   --->   Core 94 'ROM' <Latency = 2> <II = 1> <Delay = 1.68> <Storage> <Opcode : 'load'> <Ports = 0> <Width = 11> <Depth = 1024> <ROM>
ST_4 : Operation 442 [2/3] (1.68ns)   --->   "%tanh_table_load_19 = load i10 %tanh_table_addr_19" [firmware/nnet_utils/nnet_activation.h:465]   --->   Operation 442 'load' 'tanh_table_load_19' <Predicate = true> <Delay = 1.68> <CoreInst = "ROM">   --->   Core 94 'ROM' <Latency = 2> <II = 1> <Delay = 1.68> <Storage> <Opcode : 'load'> <Ports = 0> <Width = 11> <Depth = 1024> <ROM>
ST_4 : Operation 443 [2/3] (1.68ns)   --->   "%tanh_table_load_20 = load i10 %tanh_table_addr_20" [firmware/nnet_utils/nnet_activation.h:465]   --->   Operation 443 'load' 'tanh_table_load_20' <Predicate = true> <Delay = 1.68> <CoreInst = "ROM">   --->   Core 94 'ROM' <Latency = 2> <II = 1> <Delay = 1.68> <Storage> <Opcode : 'load'> <Ports = 0> <Width = 11> <Depth = 1024> <ROM>
ST_4 : Operation 444 [2/3] (1.68ns)   --->   "%tanh_table_load_21 = load i10 %tanh_table_addr_21" [firmware/nnet_utils/nnet_activation.h:465]   --->   Operation 444 'load' 'tanh_table_load_21' <Predicate = true> <Delay = 1.68> <CoreInst = "ROM">   --->   Core 94 'ROM' <Latency = 2> <II = 1> <Delay = 1.68> <Storage> <Opcode : 'load'> <Ports = 0> <Width = 11> <Depth = 1024> <ROM>
ST_4 : Operation 445 [2/3] (1.68ns)   --->   "%tanh_table_load_22 = load i10 %tanh_table_addr_22" [firmware/nnet_utils/nnet_activation.h:465]   --->   Operation 445 'load' 'tanh_table_load_22' <Predicate = true> <Delay = 1.68> <CoreInst = "ROM">   --->   Core 94 'ROM' <Latency = 2> <II = 1> <Delay = 1.68> <Storage> <Opcode : 'load'> <Ports = 0> <Width = 11> <Depth = 1024> <ROM>
ST_4 : Operation 446 [2/3] (1.68ns)   --->   "%tanh_table_load_23 = load i10 %tanh_table_addr_23" [firmware/nnet_utils/nnet_activation.h:465]   --->   Operation 446 'load' 'tanh_table_load_23' <Predicate = true> <Delay = 1.68> <CoreInst = "ROM">   --->   Core 94 'ROM' <Latency = 2> <II = 1> <Delay = 1.68> <Storage> <Opcode : 'load'> <Ports = 0> <Width = 11> <Depth = 1024> <ROM>
ST_4 : Operation 447 [2/3] (1.68ns)   --->   "%tanh_table_load_24 = load i10 %tanh_table_addr_24" [firmware/nnet_utils/nnet_activation.h:465]   --->   Operation 447 'load' 'tanh_table_load_24' <Predicate = true> <Delay = 1.68> <CoreInst = "ROM">   --->   Core 94 'ROM' <Latency = 2> <II = 1> <Delay = 1.68> <Storage> <Opcode : 'load'> <Ports = 0> <Width = 11> <Depth = 1024> <ROM>
ST_4 : Operation 448 [2/3] (1.68ns)   --->   "%tanh_table_load_25 = load i10 %tanh_table_addr_25" [firmware/nnet_utils/nnet_activation.h:465]   --->   Operation 448 'load' 'tanh_table_load_25' <Predicate = true> <Delay = 1.68> <CoreInst = "ROM">   --->   Core 94 'ROM' <Latency = 2> <II = 1> <Delay = 1.68> <Storage> <Opcode : 'load'> <Ports = 0> <Width = 11> <Depth = 1024> <ROM>
ST_4 : Operation 449 [2/3] (1.68ns)   --->   "%tanh_table_load_26 = load i10 %tanh_table_addr_26" [firmware/nnet_utils/nnet_activation.h:465]   --->   Operation 449 'load' 'tanh_table_load_26' <Predicate = true> <Delay = 1.68> <CoreInst = "ROM">   --->   Core 94 'ROM' <Latency = 2> <II = 1> <Delay = 1.68> <Storage> <Opcode : 'load'> <Ports = 0> <Width = 11> <Depth = 1024> <ROM>
ST_4 : Operation 450 [2/3] (1.68ns)   --->   "%tanh_table_load_27 = load i10 %tanh_table_addr_27" [firmware/nnet_utils/nnet_activation.h:465]   --->   Operation 450 'load' 'tanh_table_load_27' <Predicate = true> <Delay = 1.68> <CoreInst = "ROM">   --->   Core 94 'ROM' <Latency = 2> <II = 1> <Delay = 1.68> <Storage> <Opcode : 'load'> <Ports = 0> <Width = 11> <Depth = 1024> <ROM>
ST_4 : Operation 451 [2/3] (1.68ns)   --->   "%tanh_table_load_28 = load i10 %tanh_table_addr_28" [firmware/nnet_utils/nnet_activation.h:465]   --->   Operation 451 'load' 'tanh_table_load_28' <Predicate = true> <Delay = 1.68> <CoreInst = "ROM">   --->   Core 94 'ROM' <Latency = 2> <II = 1> <Delay = 1.68> <Storage> <Opcode : 'load'> <Ports = 0> <Width = 11> <Depth = 1024> <ROM>
ST_4 : Operation 452 [2/3] (1.68ns)   --->   "%tanh_table_load_29 = load i10 %tanh_table_addr_29" [firmware/nnet_utils/nnet_activation.h:465]   --->   Operation 452 'load' 'tanh_table_load_29' <Predicate = true> <Delay = 1.68> <CoreInst = "ROM">   --->   Core 94 'ROM' <Latency = 2> <II = 1> <Delay = 1.68> <Storage> <Opcode : 'load'> <Ports = 0> <Width = 11> <Depth = 1024> <ROM>
ST_4 : Operation 453 [2/3] (1.68ns)   --->   "%tanh_table_load_30 = load i10 %tanh_table_addr_30" [firmware/nnet_utils/nnet_activation.h:465]   --->   Operation 453 'load' 'tanh_table_load_30' <Predicate = true> <Delay = 1.68> <CoreInst = "ROM">   --->   Core 94 'ROM' <Latency = 2> <II = 1> <Delay = 1.68> <Storage> <Opcode : 'load'> <Ports = 0> <Width = 11> <Depth = 1024> <ROM>
ST_4 : Operation 454 [2/3] (1.68ns)   --->   "%tanh_table_load_31 = load i10 %tanh_table_addr_31" [firmware/nnet_utils/nnet_activation.h:465]   --->   Operation 454 'load' 'tanh_table_load_31' <Predicate = true> <Delay = 1.68> <CoreInst = "ROM">   --->   Core 94 'ROM' <Latency = 2> <II = 1> <Delay = 1.68> <Storage> <Opcode : 'load'> <Ports = 0> <Width = 11> <Depth = 1024> <ROM>

State 5 <SV = 4> <Delay = 1.68>
ST_5 : Operation 455 [1/3] ( I:1.68ns O:1.68ns )   --->   "%tanh_table_load = load i10 %tanh_table_addr" [firmware/nnet_utils/nnet_activation.h:465]   --->   Operation 455 'load' 'tanh_table_load' <Predicate = true> <Delay = 1.68> <CoreInst = "ROM">   --->   Core 94 'ROM' <Latency = 2> <II = 1> <Delay = 1.68> <Storage> <Opcode : 'load'> <Ports = 0> <Width = 11> <Depth = 1024> <ROM>
ST_5 : Operation 456 [1/1] (0.00ns)   --->   "%trunc_ln1 = partselect i8 @_ssdm_op_PartSelect.i8.i11.i32.i32, i11 %tanh_table_load, i32 3, i32 10" [firmware/nnet_utils/nnet_activation.h:465]   --->   Operation 456 'partselect' 'trunc_ln1' <Predicate = true> <Delay = 0.00>
ST_5 : Operation 457 [1/1] (0.00ns)   --->   "%tmp_2 = bitselect i1 @_ssdm_op_BitSelect.i1.i11.i32, i11 %tanh_table_load, i32 2" [firmware/nnet_utils/nnet_activation.h:465]   --->   Operation 457 'bitselect' 'tmp_2' <Predicate = true> <Delay = 0.00>
ST_5 : Operation 458 [1/3] ( I:1.68ns O:1.68ns )   --->   "%tanh_table_load_1 = load i10 %tanh_table_addr_1" [firmware/nnet_utils/nnet_activation.h:465]   --->   Operation 458 'load' 'tanh_table_load_1' <Predicate = true> <Delay = 1.68> <CoreInst = "ROM">   --->   Core 94 'ROM' <Latency = 2> <II = 1> <Delay = 1.68> <Storage> <Opcode : 'load'> <Ports = 0> <Width = 11> <Depth = 1024> <ROM>
ST_5 : Operation 459 [1/1] (0.00ns)   --->   "%trunc_ln465_1 = partselect i8 @_ssdm_op_PartSelect.i8.i11.i32.i32, i11 %tanh_table_load_1, i32 3, i32 10" [firmware/nnet_utils/nnet_activation.h:465]   --->   Operation 459 'partselect' 'trunc_ln465_1' <Predicate = true> <Delay = 0.00>
ST_5 : Operation 460 [1/1] (0.00ns)   --->   "%tmp_5 = bitselect i1 @_ssdm_op_BitSelect.i1.i11.i32, i11 %tanh_table_load_1, i32 2" [firmware/nnet_utils/nnet_activation.h:465]   --->   Operation 460 'bitselect' 'tmp_5' <Predicate = true> <Delay = 0.00>
ST_5 : Operation 461 [1/3] ( I:1.68ns O:1.68ns )   --->   "%tanh_table_load_2 = load i10 %tanh_table_addr_2" [firmware/nnet_utils/nnet_activation.h:465]   --->   Operation 461 'load' 'tanh_table_load_2' <Predicate = true> <Delay = 1.68> <CoreInst = "ROM">   --->   Core 94 'ROM' <Latency = 2> <II = 1> <Delay = 1.68> <Storage> <Opcode : 'load'> <Ports = 0> <Width = 11> <Depth = 1024> <ROM>
ST_5 : Operation 462 [1/1] (0.00ns)   --->   "%trunc_ln465_2 = partselect i8 @_ssdm_op_PartSelect.i8.i11.i32.i32, i11 %tanh_table_load_2, i32 3, i32 10" [firmware/nnet_utils/nnet_activation.h:465]   --->   Operation 462 'partselect' 'trunc_ln465_2' <Predicate = true> <Delay = 0.00>
ST_5 : Operation 463 [1/1] (0.00ns)   --->   "%tmp_8 = bitselect i1 @_ssdm_op_BitSelect.i1.i11.i32, i11 %tanh_table_load_2, i32 2" [firmware/nnet_utils/nnet_activation.h:465]   --->   Operation 463 'bitselect' 'tmp_8' <Predicate = true> <Delay = 0.00>
ST_5 : Operation 464 [1/3] ( I:1.68ns O:1.68ns )   --->   "%tanh_table_load_3 = load i10 %tanh_table_addr_3" [firmware/nnet_utils/nnet_activation.h:465]   --->   Operation 464 'load' 'tanh_table_load_3' <Predicate = true> <Delay = 1.68> <CoreInst = "ROM">   --->   Core 94 'ROM' <Latency = 2> <II = 1> <Delay = 1.68> <Storage> <Opcode : 'load'> <Ports = 0> <Width = 11> <Depth = 1024> <ROM>
ST_5 : Operation 465 [1/1] (0.00ns)   --->   "%trunc_ln465_3 = partselect i8 @_ssdm_op_PartSelect.i8.i11.i32.i32, i11 %tanh_table_load_3, i32 3, i32 10" [firmware/nnet_utils/nnet_activation.h:465]   --->   Operation 465 'partselect' 'trunc_ln465_3' <Predicate = true> <Delay = 0.00>
ST_5 : Operation 466 [1/1] (0.00ns)   --->   "%tmp_11 = bitselect i1 @_ssdm_op_BitSelect.i1.i11.i32, i11 %tanh_table_load_3, i32 2" [firmware/nnet_utils/nnet_activation.h:465]   --->   Operation 466 'bitselect' 'tmp_11' <Predicate = true> <Delay = 0.00>
ST_5 : Operation 467 [1/3] ( I:1.68ns O:1.68ns )   --->   "%tanh_table_load_4 = load i10 %tanh_table_addr_4" [firmware/nnet_utils/nnet_activation.h:465]   --->   Operation 467 'load' 'tanh_table_load_4' <Predicate = true> <Delay = 1.68> <CoreInst = "ROM">   --->   Core 94 'ROM' <Latency = 2> <II = 1> <Delay = 1.68> <Storage> <Opcode : 'load'> <Ports = 0> <Width = 11> <Depth = 1024> <ROM>
ST_5 : Operation 468 [1/1] (0.00ns)   --->   "%trunc_ln465_4 = partselect i8 @_ssdm_op_PartSelect.i8.i11.i32.i32, i11 %tanh_table_load_4, i32 3, i32 10" [firmware/nnet_utils/nnet_activation.h:465]   --->   Operation 468 'partselect' 'trunc_ln465_4' <Predicate = true> <Delay = 0.00>
ST_5 : Operation 469 [1/1] (0.00ns)   --->   "%tmp_14 = bitselect i1 @_ssdm_op_BitSelect.i1.i11.i32, i11 %tanh_table_load_4, i32 2" [firmware/nnet_utils/nnet_activation.h:465]   --->   Operation 469 'bitselect' 'tmp_14' <Predicate = true> <Delay = 0.00>
ST_5 : Operation 470 [1/3] ( I:1.68ns O:1.68ns )   --->   "%tanh_table_load_5 = load i10 %tanh_table_addr_5" [firmware/nnet_utils/nnet_activation.h:465]   --->   Operation 470 'load' 'tanh_table_load_5' <Predicate = true> <Delay = 1.68> <CoreInst = "ROM">   --->   Core 94 'ROM' <Latency = 2> <II = 1> <Delay = 1.68> <Storage> <Opcode : 'load'> <Ports = 0> <Width = 11> <Depth = 1024> <ROM>
ST_5 : Operation 471 [1/1] (0.00ns)   --->   "%trunc_ln465_5 = partselect i8 @_ssdm_op_PartSelect.i8.i11.i32.i32, i11 %tanh_table_load_5, i32 3, i32 10" [firmware/nnet_utils/nnet_activation.h:465]   --->   Operation 471 'partselect' 'trunc_ln465_5' <Predicate = true> <Delay = 0.00>
ST_5 : Operation 472 [1/1] (0.00ns)   --->   "%tmp_17 = bitselect i1 @_ssdm_op_BitSelect.i1.i11.i32, i11 %tanh_table_load_5, i32 2" [firmware/nnet_utils/nnet_activation.h:465]   --->   Operation 472 'bitselect' 'tmp_17' <Predicate = true> <Delay = 0.00>
ST_5 : Operation 473 [1/3] ( I:1.68ns O:1.68ns )   --->   "%tanh_table_load_6 = load i10 %tanh_table_addr_6" [firmware/nnet_utils/nnet_activation.h:465]   --->   Operation 473 'load' 'tanh_table_load_6' <Predicate = true> <Delay = 1.68> <CoreInst = "ROM">   --->   Core 94 'ROM' <Latency = 2> <II = 1> <Delay = 1.68> <Storage> <Opcode : 'load'> <Ports = 0> <Width = 11> <Depth = 1024> <ROM>
ST_5 : Operation 474 [1/1] (0.00ns)   --->   "%trunc_ln465_6 = partselect i8 @_ssdm_op_PartSelect.i8.i11.i32.i32, i11 %tanh_table_load_6, i32 3, i32 10" [firmware/nnet_utils/nnet_activation.h:465]   --->   Operation 474 'partselect' 'trunc_ln465_6' <Predicate = true> <Delay = 0.00>
ST_5 : Operation 475 [1/1] (0.00ns)   --->   "%tmp_20 = bitselect i1 @_ssdm_op_BitSelect.i1.i11.i32, i11 %tanh_table_load_6, i32 2" [firmware/nnet_utils/nnet_activation.h:465]   --->   Operation 475 'bitselect' 'tmp_20' <Predicate = true> <Delay = 0.00>
ST_5 : Operation 476 [1/3] ( I:1.68ns O:1.68ns )   --->   "%tanh_table_load_7 = load i10 %tanh_table_addr_7" [firmware/nnet_utils/nnet_activation.h:465]   --->   Operation 476 'load' 'tanh_table_load_7' <Predicate = true> <Delay = 1.68> <CoreInst = "ROM">   --->   Core 94 'ROM' <Latency = 2> <II = 1> <Delay = 1.68> <Storage> <Opcode : 'load'> <Ports = 0> <Width = 11> <Depth = 1024> <ROM>
ST_5 : Operation 477 [1/1] (0.00ns)   --->   "%trunc_ln465_7 = partselect i8 @_ssdm_op_PartSelect.i8.i11.i32.i32, i11 %tanh_table_load_7, i32 3, i32 10" [firmware/nnet_utils/nnet_activation.h:465]   --->   Operation 477 'partselect' 'trunc_ln465_7' <Predicate = true> <Delay = 0.00>
ST_5 : Operation 478 [1/1] (0.00ns)   --->   "%tmp_23 = bitselect i1 @_ssdm_op_BitSelect.i1.i11.i32, i11 %tanh_table_load_7, i32 2" [firmware/nnet_utils/nnet_activation.h:465]   --->   Operation 478 'bitselect' 'tmp_23' <Predicate = true> <Delay = 0.00>
ST_5 : Operation 479 [1/3] ( I:1.68ns O:1.68ns )   --->   "%tanh_table_load_8 = load i10 %tanh_table_addr_8" [firmware/nnet_utils/nnet_activation.h:465]   --->   Operation 479 'load' 'tanh_table_load_8' <Predicate = true> <Delay = 1.68> <CoreInst = "ROM">   --->   Core 94 'ROM' <Latency = 2> <II = 1> <Delay = 1.68> <Storage> <Opcode : 'load'> <Ports = 0> <Width = 11> <Depth = 1024> <ROM>
ST_5 : Operation 480 [1/1] (0.00ns)   --->   "%trunc_ln465_8 = partselect i8 @_ssdm_op_PartSelect.i8.i11.i32.i32, i11 %tanh_table_load_8, i32 3, i32 10" [firmware/nnet_utils/nnet_activation.h:465]   --->   Operation 480 'partselect' 'trunc_ln465_8' <Predicate = true> <Delay = 0.00>
ST_5 : Operation 481 [1/1] (0.00ns)   --->   "%tmp_26 = bitselect i1 @_ssdm_op_BitSelect.i1.i11.i32, i11 %tanh_table_load_8, i32 2" [firmware/nnet_utils/nnet_activation.h:465]   --->   Operation 481 'bitselect' 'tmp_26' <Predicate = true> <Delay = 0.00>
ST_5 : Operation 482 [1/3] ( I:1.68ns O:1.68ns )   --->   "%tanh_table_load_9 = load i10 %tanh_table_addr_9" [firmware/nnet_utils/nnet_activation.h:465]   --->   Operation 482 'load' 'tanh_table_load_9' <Predicate = true> <Delay = 1.68> <CoreInst = "ROM">   --->   Core 94 'ROM' <Latency = 2> <II = 1> <Delay = 1.68> <Storage> <Opcode : 'load'> <Ports = 0> <Width = 11> <Depth = 1024> <ROM>
ST_5 : Operation 483 [1/1] (0.00ns)   --->   "%trunc_ln465_9 = partselect i8 @_ssdm_op_PartSelect.i8.i11.i32.i32, i11 %tanh_table_load_9, i32 3, i32 10" [firmware/nnet_utils/nnet_activation.h:465]   --->   Operation 483 'partselect' 'trunc_ln465_9' <Predicate = true> <Delay = 0.00>
ST_5 : Operation 484 [1/1] (0.00ns)   --->   "%tmp_29 = bitselect i1 @_ssdm_op_BitSelect.i1.i11.i32, i11 %tanh_table_load_9, i32 2" [firmware/nnet_utils/nnet_activation.h:465]   --->   Operation 484 'bitselect' 'tmp_29' <Predicate = true> <Delay = 0.00>
ST_5 : Operation 485 [1/3] ( I:1.68ns O:1.68ns )   --->   "%tanh_table_load_10 = load i10 %tanh_table_addr_10" [firmware/nnet_utils/nnet_activation.h:465]   --->   Operation 485 'load' 'tanh_table_load_10' <Predicate = true> <Delay = 1.68> <CoreInst = "ROM">   --->   Core 94 'ROM' <Latency = 2> <II = 1> <Delay = 1.68> <Storage> <Opcode : 'load'> <Ports = 0> <Width = 11> <Depth = 1024> <ROM>
ST_5 : Operation 486 [1/1] (0.00ns)   --->   "%trunc_ln465_s = partselect i8 @_ssdm_op_PartSelect.i8.i11.i32.i32, i11 %tanh_table_load_10, i32 3, i32 10" [firmware/nnet_utils/nnet_activation.h:465]   --->   Operation 486 'partselect' 'trunc_ln465_s' <Predicate = true> <Delay = 0.00>
ST_5 : Operation 487 [1/1] (0.00ns)   --->   "%tmp_32 = bitselect i1 @_ssdm_op_BitSelect.i1.i11.i32, i11 %tanh_table_load_10, i32 2" [firmware/nnet_utils/nnet_activation.h:465]   --->   Operation 487 'bitselect' 'tmp_32' <Predicate = true> <Delay = 0.00>
ST_5 : Operation 488 [1/3] ( I:1.68ns O:1.68ns )   --->   "%tanh_table_load_11 = load i10 %tanh_table_addr_11" [firmware/nnet_utils/nnet_activation.h:465]   --->   Operation 488 'load' 'tanh_table_load_11' <Predicate = true> <Delay = 1.68> <CoreInst = "ROM">   --->   Core 94 'ROM' <Latency = 2> <II = 1> <Delay = 1.68> <Storage> <Opcode : 'load'> <Ports = 0> <Width = 11> <Depth = 1024> <ROM>
ST_5 : Operation 489 [1/1] (0.00ns)   --->   "%trunc_ln465_10 = partselect i8 @_ssdm_op_PartSelect.i8.i11.i32.i32, i11 %tanh_table_load_11, i32 3, i32 10" [firmware/nnet_utils/nnet_activation.h:465]   --->   Operation 489 'partselect' 'trunc_ln465_10' <Predicate = true> <Delay = 0.00>
ST_5 : Operation 490 [1/1] (0.00ns)   --->   "%tmp_35 = bitselect i1 @_ssdm_op_BitSelect.i1.i11.i32, i11 %tanh_table_load_11, i32 2" [firmware/nnet_utils/nnet_activation.h:465]   --->   Operation 490 'bitselect' 'tmp_35' <Predicate = true> <Delay = 0.00>
ST_5 : Operation 491 [1/3] ( I:1.68ns O:1.68ns )   --->   "%tanh_table_load_12 = load i10 %tanh_table_addr_12" [firmware/nnet_utils/nnet_activation.h:465]   --->   Operation 491 'load' 'tanh_table_load_12' <Predicate = true> <Delay = 1.68> <CoreInst = "ROM">   --->   Core 94 'ROM' <Latency = 2> <II = 1> <Delay = 1.68> <Storage> <Opcode : 'load'> <Ports = 0> <Width = 11> <Depth = 1024> <ROM>
ST_5 : Operation 492 [1/1] (0.00ns)   --->   "%trunc_ln465_11 = partselect i8 @_ssdm_op_PartSelect.i8.i11.i32.i32, i11 %tanh_table_load_12, i32 3, i32 10" [firmware/nnet_utils/nnet_activation.h:465]   --->   Operation 492 'partselect' 'trunc_ln465_11' <Predicate = true> <Delay = 0.00>
ST_5 : Operation 493 [1/1] (0.00ns)   --->   "%tmp_38 = bitselect i1 @_ssdm_op_BitSelect.i1.i11.i32, i11 %tanh_table_load_12, i32 2" [firmware/nnet_utils/nnet_activation.h:465]   --->   Operation 493 'bitselect' 'tmp_38' <Predicate = true> <Delay = 0.00>
ST_5 : Operation 494 [1/3] ( I:1.68ns O:1.68ns )   --->   "%tanh_table_load_13 = load i10 %tanh_table_addr_13" [firmware/nnet_utils/nnet_activation.h:465]   --->   Operation 494 'load' 'tanh_table_load_13' <Predicate = true> <Delay = 1.68> <CoreInst = "ROM">   --->   Core 94 'ROM' <Latency = 2> <II = 1> <Delay = 1.68> <Storage> <Opcode : 'load'> <Ports = 0> <Width = 11> <Depth = 1024> <ROM>
ST_5 : Operation 495 [1/1] (0.00ns)   --->   "%trunc_ln465_12 = partselect i8 @_ssdm_op_PartSelect.i8.i11.i32.i32, i11 %tanh_table_load_13, i32 3, i32 10" [firmware/nnet_utils/nnet_activation.h:465]   --->   Operation 495 'partselect' 'trunc_ln465_12' <Predicate = true> <Delay = 0.00>
ST_5 : Operation 496 [1/1] (0.00ns)   --->   "%tmp_41 = bitselect i1 @_ssdm_op_BitSelect.i1.i11.i32, i11 %tanh_table_load_13, i32 2" [firmware/nnet_utils/nnet_activation.h:465]   --->   Operation 496 'bitselect' 'tmp_41' <Predicate = true> <Delay = 0.00>
ST_5 : Operation 497 [1/3] ( I:1.68ns O:1.68ns )   --->   "%tanh_table_load_14 = load i10 %tanh_table_addr_14" [firmware/nnet_utils/nnet_activation.h:465]   --->   Operation 497 'load' 'tanh_table_load_14' <Predicate = true> <Delay = 1.68> <CoreInst = "ROM">   --->   Core 94 'ROM' <Latency = 2> <II = 1> <Delay = 1.68> <Storage> <Opcode : 'load'> <Ports = 0> <Width = 11> <Depth = 1024> <ROM>
ST_5 : Operation 498 [1/1] (0.00ns)   --->   "%trunc_ln465_13 = partselect i8 @_ssdm_op_PartSelect.i8.i11.i32.i32, i11 %tanh_table_load_14, i32 3, i32 10" [firmware/nnet_utils/nnet_activation.h:465]   --->   Operation 498 'partselect' 'trunc_ln465_13' <Predicate = true> <Delay = 0.00>
ST_5 : Operation 499 [1/1] (0.00ns)   --->   "%tmp_44 = bitselect i1 @_ssdm_op_BitSelect.i1.i11.i32, i11 %tanh_table_load_14, i32 2" [firmware/nnet_utils/nnet_activation.h:465]   --->   Operation 499 'bitselect' 'tmp_44' <Predicate = true> <Delay = 0.00>
ST_5 : Operation 500 [1/3] ( I:1.68ns O:1.68ns )   --->   "%tanh_table_load_15 = load i10 %tanh_table_addr_15" [firmware/nnet_utils/nnet_activation.h:465]   --->   Operation 500 'load' 'tanh_table_load_15' <Predicate = true> <Delay = 1.68> <CoreInst = "ROM">   --->   Core 94 'ROM' <Latency = 2> <II = 1> <Delay = 1.68> <Storage> <Opcode : 'load'> <Ports = 0> <Width = 11> <Depth = 1024> <ROM>
ST_5 : Operation 501 [1/1] (0.00ns)   --->   "%trunc_ln465_14 = partselect i8 @_ssdm_op_PartSelect.i8.i11.i32.i32, i11 %tanh_table_load_15, i32 3, i32 10" [firmware/nnet_utils/nnet_activation.h:465]   --->   Operation 501 'partselect' 'trunc_ln465_14' <Predicate = true> <Delay = 0.00>
ST_5 : Operation 502 [1/1] (0.00ns)   --->   "%tmp_47 = bitselect i1 @_ssdm_op_BitSelect.i1.i11.i32, i11 %tanh_table_load_15, i32 2" [firmware/nnet_utils/nnet_activation.h:465]   --->   Operation 502 'bitselect' 'tmp_47' <Predicate = true> <Delay = 0.00>
ST_5 : Operation 503 [1/3] ( I:1.68ns O:1.68ns )   --->   "%tanh_table_load_16 = load i10 %tanh_table_addr_16" [firmware/nnet_utils/nnet_activation.h:465]   --->   Operation 503 'load' 'tanh_table_load_16' <Predicate = true> <Delay = 1.68> <CoreInst = "ROM">   --->   Core 94 'ROM' <Latency = 2> <II = 1> <Delay = 1.68> <Storage> <Opcode : 'load'> <Ports = 0> <Width = 11> <Depth = 1024> <ROM>
ST_5 : Operation 504 [1/1] (0.00ns)   --->   "%trunc_ln465_15 = partselect i8 @_ssdm_op_PartSelect.i8.i11.i32.i32, i11 %tanh_table_load_16, i32 3, i32 10" [firmware/nnet_utils/nnet_activation.h:465]   --->   Operation 504 'partselect' 'trunc_ln465_15' <Predicate = true> <Delay = 0.00>
ST_5 : Operation 505 [1/1] (0.00ns)   --->   "%tmp_50 = bitselect i1 @_ssdm_op_BitSelect.i1.i11.i32, i11 %tanh_table_load_16, i32 2" [firmware/nnet_utils/nnet_activation.h:465]   --->   Operation 505 'bitselect' 'tmp_50' <Predicate = true> <Delay = 0.00>
ST_5 : Operation 506 [1/3] ( I:1.68ns O:1.68ns )   --->   "%tanh_table_load_17 = load i10 %tanh_table_addr_17" [firmware/nnet_utils/nnet_activation.h:465]   --->   Operation 506 'load' 'tanh_table_load_17' <Predicate = true> <Delay = 1.68> <CoreInst = "ROM">   --->   Core 94 'ROM' <Latency = 2> <II = 1> <Delay = 1.68> <Storage> <Opcode : 'load'> <Ports = 0> <Width = 11> <Depth = 1024> <ROM>
ST_5 : Operation 507 [1/1] (0.00ns)   --->   "%trunc_ln465_16 = partselect i8 @_ssdm_op_PartSelect.i8.i11.i32.i32, i11 %tanh_table_load_17, i32 3, i32 10" [firmware/nnet_utils/nnet_activation.h:465]   --->   Operation 507 'partselect' 'trunc_ln465_16' <Predicate = true> <Delay = 0.00>
ST_5 : Operation 508 [1/1] (0.00ns)   --->   "%tmp_53 = bitselect i1 @_ssdm_op_BitSelect.i1.i11.i32, i11 %tanh_table_load_17, i32 2" [firmware/nnet_utils/nnet_activation.h:465]   --->   Operation 508 'bitselect' 'tmp_53' <Predicate = true> <Delay = 0.00>
ST_5 : Operation 509 [1/3] ( I:1.68ns O:1.68ns )   --->   "%tanh_table_load_18 = load i10 %tanh_table_addr_18" [firmware/nnet_utils/nnet_activation.h:465]   --->   Operation 509 'load' 'tanh_table_load_18' <Predicate = true> <Delay = 1.68> <CoreInst = "ROM">   --->   Core 94 'ROM' <Latency = 2> <II = 1> <Delay = 1.68> <Storage> <Opcode : 'load'> <Ports = 0> <Width = 11> <Depth = 1024> <ROM>
ST_5 : Operation 510 [1/1] (0.00ns)   --->   "%trunc_ln465_17 = partselect i8 @_ssdm_op_PartSelect.i8.i11.i32.i32, i11 %tanh_table_load_18, i32 3, i32 10" [firmware/nnet_utils/nnet_activation.h:465]   --->   Operation 510 'partselect' 'trunc_ln465_17' <Predicate = true> <Delay = 0.00>
ST_5 : Operation 511 [1/1] (0.00ns)   --->   "%tmp_56 = bitselect i1 @_ssdm_op_BitSelect.i1.i11.i32, i11 %tanh_table_load_18, i32 2" [firmware/nnet_utils/nnet_activation.h:465]   --->   Operation 511 'bitselect' 'tmp_56' <Predicate = true> <Delay = 0.00>
ST_5 : Operation 512 [1/3] ( I:1.68ns O:1.68ns )   --->   "%tanh_table_load_19 = load i10 %tanh_table_addr_19" [firmware/nnet_utils/nnet_activation.h:465]   --->   Operation 512 'load' 'tanh_table_load_19' <Predicate = true> <Delay = 1.68> <CoreInst = "ROM">   --->   Core 94 'ROM' <Latency = 2> <II = 1> <Delay = 1.68> <Storage> <Opcode : 'load'> <Ports = 0> <Width = 11> <Depth = 1024> <ROM>
ST_5 : Operation 513 [1/1] (0.00ns)   --->   "%trunc_ln465_18 = partselect i8 @_ssdm_op_PartSelect.i8.i11.i32.i32, i11 %tanh_table_load_19, i32 3, i32 10" [firmware/nnet_utils/nnet_activation.h:465]   --->   Operation 513 'partselect' 'trunc_ln465_18' <Predicate = true> <Delay = 0.00>
ST_5 : Operation 514 [1/1] (0.00ns)   --->   "%tmp_59 = bitselect i1 @_ssdm_op_BitSelect.i1.i11.i32, i11 %tanh_table_load_19, i32 2" [firmware/nnet_utils/nnet_activation.h:465]   --->   Operation 514 'bitselect' 'tmp_59' <Predicate = true> <Delay = 0.00>
ST_5 : Operation 515 [1/3] ( I:1.68ns O:1.68ns )   --->   "%tanh_table_load_20 = load i10 %tanh_table_addr_20" [firmware/nnet_utils/nnet_activation.h:465]   --->   Operation 515 'load' 'tanh_table_load_20' <Predicate = true> <Delay = 1.68> <CoreInst = "ROM">   --->   Core 94 'ROM' <Latency = 2> <II = 1> <Delay = 1.68> <Storage> <Opcode : 'load'> <Ports = 0> <Width = 11> <Depth = 1024> <ROM>
ST_5 : Operation 516 [1/1] (0.00ns)   --->   "%trunc_ln465_19 = partselect i8 @_ssdm_op_PartSelect.i8.i11.i32.i32, i11 %tanh_table_load_20, i32 3, i32 10" [firmware/nnet_utils/nnet_activation.h:465]   --->   Operation 516 'partselect' 'trunc_ln465_19' <Predicate = true> <Delay = 0.00>
ST_5 : Operation 517 [1/1] (0.00ns)   --->   "%tmp_62 = bitselect i1 @_ssdm_op_BitSelect.i1.i11.i32, i11 %tanh_table_load_20, i32 2" [firmware/nnet_utils/nnet_activation.h:465]   --->   Operation 517 'bitselect' 'tmp_62' <Predicate = true> <Delay = 0.00>
ST_5 : Operation 518 [1/3] ( I:1.68ns O:1.68ns )   --->   "%tanh_table_load_21 = load i10 %tanh_table_addr_21" [firmware/nnet_utils/nnet_activation.h:465]   --->   Operation 518 'load' 'tanh_table_load_21' <Predicate = true> <Delay = 1.68> <CoreInst = "ROM">   --->   Core 94 'ROM' <Latency = 2> <II = 1> <Delay = 1.68> <Storage> <Opcode : 'load'> <Ports = 0> <Width = 11> <Depth = 1024> <ROM>
ST_5 : Operation 519 [1/1] (0.00ns)   --->   "%trunc_ln465_20 = partselect i8 @_ssdm_op_PartSelect.i8.i11.i32.i32, i11 %tanh_table_load_21, i32 3, i32 10" [firmware/nnet_utils/nnet_activation.h:465]   --->   Operation 519 'partselect' 'trunc_ln465_20' <Predicate = true> <Delay = 0.00>
ST_5 : Operation 520 [1/1] (0.00ns)   --->   "%tmp_65 = bitselect i1 @_ssdm_op_BitSelect.i1.i11.i32, i11 %tanh_table_load_21, i32 2" [firmware/nnet_utils/nnet_activation.h:465]   --->   Operation 520 'bitselect' 'tmp_65' <Predicate = true> <Delay = 0.00>
ST_5 : Operation 521 [1/3] ( I:1.68ns O:1.68ns )   --->   "%tanh_table_load_22 = load i10 %tanh_table_addr_22" [firmware/nnet_utils/nnet_activation.h:465]   --->   Operation 521 'load' 'tanh_table_load_22' <Predicate = true> <Delay = 1.68> <CoreInst = "ROM">   --->   Core 94 'ROM' <Latency = 2> <II = 1> <Delay = 1.68> <Storage> <Opcode : 'load'> <Ports = 0> <Width = 11> <Depth = 1024> <ROM>
ST_5 : Operation 522 [1/1] (0.00ns)   --->   "%trunc_ln465_21 = partselect i8 @_ssdm_op_PartSelect.i8.i11.i32.i32, i11 %tanh_table_load_22, i32 3, i32 10" [firmware/nnet_utils/nnet_activation.h:465]   --->   Operation 522 'partselect' 'trunc_ln465_21' <Predicate = true> <Delay = 0.00>
ST_5 : Operation 523 [1/1] (0.00ns)   --->   "%tmp_68 = bitselect i1 @_ssdm_op_BitSelect.i1.i11.i32, i11 %tanh_table_load_22, i32 2" [firmware/nnet_utils/nnet_activation.h:465]   --->   Operation 523 'bitselect' 'tmp_68' <Predicate = true> <Delay = 0.00>
ST_5 : Operation 524 [1/3] ( I:1.68ns O:1.68ns )   --->   "%tanh_table_load_23 = load i10 %tanh_table_addr_23" [firmware/nnet_utils/nnet_activation.h:465]   --->   Operation 524 'load' 'tanh_table_load_23' <Predicate = true> <Delay = 1.68> <CoreInst = "ROM">   --->   Core 94 'ROM' <Latency = 2> <II = 1> <Delay = 1.68> <Storage> <Opcode : 'load'> <Ports = 0> <Width = 11> <Depth = 1024> <ROM>
ST_5 : Operation 525 [1/1] (0.00ns)   --->   "%trunc_ln465_22 = partselect i8 @_ssdm_op_PartSelect.i8.i11.i32.i32, i11 %tanh_table_load_23, i32 3, i32 10" [firmware/nnet_utils/nnet_activation.h:465]   --->   Operation 525 'partselect' 'trunc_ln465_22' <Predicate = true> <Delay = 0.00>
ST_5 : Operation 526 [1/1] (0.00ns)   --->   "%tmp_71 = bitselect i1 @_ssdm_op_BitSelect.i1.i11.i32, i11 %tanh_table_load_23, i32 2" [firmware/nnet_utils/nnet_activation.h:465]   --->   Operation 526 'bitselect' 'tmp_71' <Predicate = true> <Delay = 0.00>
ST_5 : Operation 527 [1/3] ( I:1.68ns O:1.68ns )   --->   "%tanh_table_load_24 = load i10 %tanh_table_addr_24" [firmware/nnet_utils/nnet_activation.h:465]   --->   Operation 527 'load' 'tanh_table_load_24' <Predicate = true> <Delay = 1.68> <CoreInst = "ROM">   --->   Core 94 'ROM' <Latency = 2> <II = 1> <Delay = 1.68> <Storage> <Opcode : 'load'> <Ports = 0> <Width = 11> <Depth = 1024> <ROM>
ST_5 : Operation 528 [1/1] (0.00ns)   --->   "%trunc_ln465_23 = partselect i8 @_ssdm_op_PartSelect.i8.i11.i32.i32, i11 %tanh_table_load_24, i32 3, i32 10" [firmware/nnet_utils/nnet_activation.h:465]   --->   Operation 528 'partselect' 'trunc_ln465_23' <Predicate = true> <Delay = 0.00>
ST_5 : Operation 529 [1/1] (0.00ns)   --->   "%tmp_74 = bitselect i1 @_ssdm_op_BitSelect.i1.i11.i32, i11 %tanh_table_load_24, i32 2" [firmware/nnet_utils/nnet_activation.h:465]   --->   Operation 529 'bitselect' 'tmp_74' <Predicate = true> <Delay = 0.00>
ST_5 : Operation 530 [1/3] ( I:1.68ns O:1.68ns )   --->   "%tanh_table_load_25 = load i10 %tanh_table_addr_25" [firmware/nnet_utils/nnet_activation.h:465]   --->   Operation 530 'load' 'tanh_table_load_25' <Predicate = true> <Delay = 1.68> <CoreInst = "ROM">   --->   Core 94 'ROM' <Latency = 2> <II = 1> <Delay = 1.68> <Storage> <Opcode : 'load'> <Ports = 0> <Width = 11> <Depth = 1024> <ROM>
ST_5 : Operation 531 [1/1] (0.00ns)   --->   "%trunc_ln465_24 = partselect i8 @_ssdm_op_PartSelect.i8.i11.i32.i32, i11 %tanh_table_load_25, i32 3, i32 10" [firmware/nnet_utils/nnet_activation.h:465]   --->   Operation 531 'partselect' 'trunc_ln465_24' <Predicate = true> <Delay = 0.00>
ST_5 : Operation 532 [1/1] (0.00ns)   --->   "%tmp_77 = bitselect i1 @_ssdm_op_BitSelect.i1.i11.i32, i11 %tanh_table_load_25, i32 2" [firmware/nnet_utils/nnet_activation.h:465]   --->   Operation 532 'bitselect' 'tmp_77' <Predicate = true> <Delay = 0.00>
ST_5 : Operation 533 [1/3] ( I:1.68ns O:1.68ns )   --->   "%tanh_table_load_26 = load i10 %tanh_table_addr_26" [firmware/nnet_utils/nnet_activation.h:465]   --->   Operation 533 'load' 'tanh_table_load_26' <Predicate = true> <Delay = 1.68> <CoreInst = "ROM">   --->   Core 94 'ROM' <Latency = 2> <II = 1> <Delay = 1.68> <Storage> <Opcode : 'load'> <Ports = 0> <Width = 11> <Depth = 1024> <ROM>
ST_5 : Operation 534 [1/1] (0.00ns)   --->   "%trunc_ln465_25 = partselect i8 @_ssdm_op_PartSelect.i8.i11.i32.i32, i11 %tanh_table_load_26, i32 3, i32 10" [firmware/nnet_utils/nnet_activation.h:465]   --->   Operation 534 'partselect' 'trunc_ln465_25' <Predicate = true> <Delay = 0.00>
ST_5 : Operation 535 [1/1] (0.00ns)   --->   "%tmp_80 = bitselect i1 @_ssdm_op_BitSelect.i1.i11.i32, i11 %tanh_table_load_26, i32 2" [firmware/nnet_utils/nnet_activation.h:465]   --->   Operation 535 'bitselect' 'tmp_80' <Predicate = true> <Delay = 0.00>
ST_5 : Operation 536 [1/3] ( I:1.68ns O:1.68ns )   --->   "%tanh_table_load_27 = load i10 %tanh_table_addr_27" [firmware/nnet_utils/nnet_activation.h:465]   --->   Operation 536 'load' 'tanh_table_load_27' <Predicate = true> <Delay = 1.68> <CoreInst = "ROM">   --->   Core 94 'ROM' <Latency = 2> <II = 1> <Delay = 1.68> <Storage> <Opcode : 'load'> <Ports = 0> <Width = 11> <Depth = 1024> <ROM>
ST_5 : Operation 537 [1/1] (0.00ns)   --->   "%trunc_ln465_26 = partselect i8 @_ssdm_op_PartSelect.i8.i11.i32.i32, i11 %tanh_table_load_27, i32 3, i32 10" [firmware/nnet_utils/nnet_activation.h:465]   --->   Operation 537 'partselect' 'trunc_ln465_26' <Predicate = true> <Delay = 0.00>
ST_5 : Operation 538 [1/1] (0.00ns)   --->   "%tmp_83 = bitselect i1 @_ssdm_op_BitSelect.i1.i11.i32, i11 %tanh_table_load_27, i32 2" [firmware/nnet_utils/nnet_activation.h:465]   --->   Operation 538 'bitselect' 'tmp_83' <Predicate = true> <Delay = 0.00>
ST_5 : Operation 539 [1/3] ( I:1.68ns O:1.68ns )   --->   "%tanh_table_load_28 = load i10 %tanh_table_addr_28" [firmware/nnet_utils/nnet_activation.h:465]   --->   Operation 539 'load' 'tanh_table_load_28' <Predicate = true> <Delay = 1.68> <CoreInst = "ROM">   --->   Core 94 'ROM' <Latency = 2> <II = 1> <Delay = 1.68> <Storage> <Opcode : 'load'> <Ports = 0> <Width = 11> <Depth = 1024> <ROM>
ST_5 : Operation 540 [1/1] (0.00ns)   --->   "%trunc_ln465_27 = partselect i8 @_ssdm_op_PartSelect.i8.i11.i32.i32, i11 %tanh_table_load_28, i32 3, i32 10" [firmware/nnet_utils/nnet_activation.h:465]   --->   Operation 540 'partselect' 'trunc_ln465_27' <Predicate = true> <Delay = 0.00>
ST_5 : Operation 541 [1/1] (0.00ns)   --->   "%tmp_86 = bitselect i1 @_ssdm_op_BitSelect.i1.i11.i32, i11 %tanh_table_load_28, i32 2" [firmware/nnet_utils/nnet_activation.h:465]   --->   Operation 541 'bitselect' 'tmp_86' <Predicate = true> <Delay = 0.00>
ST_5 : Operation 542 [1/3] ( I:1.68ns O:1.68ns )   --->   "%tanh_table_load_29 = load i10 %tanh_table_addr_29" [firmware/nnet_utils/nnet_activation.h:465]   --->   Operation 542 'load' 'tanh_table_load_29' <Predicate = true> <Delay = 1.68> <CoreInst = "ROM">   --->   Core 94 'ROM' <Latency = 2> <II = 1> <Delay = 1.68> <Storage> <Opcode : 'load'> <Ports = 0> <Width = 11> <Depth = 1024> <ROM>
ST_5 : Operation 543 [1/1] (0.00ns)   --->   "%trunc_ln465_28 = partselect i8 @_ssdm_op_PartSelect.i8.i11.i32.i32, i11 %tanh_table_load_29, i32 3, i32 10" [firmware/nnet_utils/nnet_activation.h:465]   --->   Operation 543 'partselect' 'trunc_ln465_28' <Predicate = true> <Delay = 0.00>
ST_5 : Operation 544 [1/1] (0.00ns)   --->   "%tmp_89 = bitselect i1 @_ssdm_op_BitSelect.i1.i11.i32, i11 %tanh_table_load_29, i32 2" [firmware/nnet_utils/nnet_activation.h:465]   --->   Operation 544 'bitselect' 'tmp_89' <Predicate = true> <Delay = 0.00>
ST_5 : Operation 545 [1/3] ( I:1.68ns O:1.68ns )   --->   "%tanh_table_load_30 = load i10 %tanh_table_addr_30" [firmware/nnet_utils/nnet_activation.h:465]   --->   Operation 545 'load' 'tanh_table_load_30' <Predicate = true> <Delay = 1.68> <CoreInst = "ROM">   --->   Core 94 'ROM' <Latency = 2> <II = 1> <Delay = 1.68> <Storage> <Opcode : 'load'> <Ports = 0> <Width = 11> <Depth = 1024> <ROM>
ST_5 : Operation 546 [1/1] (0.00ns)   --->   "%trunc_ln465_29 = partselect i8 @_ssdm_op_PartSelect.i8.i11.i32.i32, i11 %tanh_table_load_30, i32 3, i32 10" [firmware/nnet_utils/nnet_activation.h:465]   --->   Operation 546 'partselect' 'trunc_ln465_29' <Predicate = true> <Delay = 0.00>
ST_5 : Operation 547 [1/1] (0.00ns)   --->   "%tmp_92 = bitselect i1 @_ssdm_op_BitSelect.i1.i11.i32, i11 %tanh_table_load_30, i32 2" [firmware/nnet_utils/nnet_activation.h:465]   --->   Operation 547 'bitselect' 'tmp_92' <Predicate = true> <Delay = 0.00>
ST_5 : Operation 548 [1/3] ( I:1.68ns O:1.68ns )   --->   "%tanh_table_load_31 = load i10 %tanh_table_addr_31" [firmware/nnet_utils/nnet_activation.h:465]   --->   Operation 548 'load' 'tanh_table_load_31' <Predicate = true> <Delay = 1.68> <CoreInst = "ROM">   --->   Core 94 'ROM' <Latency = 2> <II = 1> <Delay = 1.68> <Storage> <Opcode : 'load'> <Ports = 0> <Width = 11> <Depth = 1024> <ROM>
ST_5 : Operation 549 [1/1] (0.00ns)   --->   "%trunc_ln465_30 = partselect i8 @_ssdm_op_PartSelect.i8.i11.i32.i32, i11 %tanh_table_load_31, i32 3, i32 10" [firmware/nnet_utils/nnet_activation.h:465]   --->   Operation 549 'partselect' 'trunc_ln465_30' <Predicate = true> <Delay = 0.00>
ST_5 : Operation 550 [1/1] (0.00ns)   --->   "%tmp_95 = bitselect i1 @_ssdm_op_BitSelect.i1.i11.i32, i11 %tanh_table_load_31, i32 2" [firmware/nnet_utils/nnet_activation.h:465]   --->   Operation 550 'bitselect' 'tmp_95' <Predicate = true> <Delay = 0.00>

State 6 <SV = 5> <Delay = 2.11>
ST_6 : Operation 551 [1/1] (0.00ns)   --->   "%specpipeline_ln452 = specpipeline void @_ssdm_op_SpecPipeline, i32 4294967295, i32 0, i32 0, i32 0, i32 4294967295, void @empty_2" [firmware/nnet_utils/nnet_activation.h:452]   --->   Operation 551 'specpipeline' 'specpipeline_ln452' <Predicate = true> <Delay = 0.00>
ST_6 : Operation 552 [1/1] (0.00ns)   --->   "%sext_ln465 = sext i8 %trunc_ln1" [firmware/nnet_utils/nnet_activation.h:465]   --->   Operation 552 'sext' 'sext_ln465' <Predicate = true> <Delay = 0.00>
ST_6 : Operation 553 [1/1] (0.00ns)   --->   "%zext_ln465_1 = zext i1 %tmp_2" [firmware/nnet_utils/nnet_activation.h:465]   --->   Operation 553 'zext' 'zext_ln465_1' <Predicate = true> <Delay = 0.00>
ST_6 : Operation 554 [1/1] (2.11ns)   --->   "%add_ln465 = add i9 %sext_ln465, i9 %zext_ln465_1" [firmware/nnet_utils/nnet_activation.h:465]   --->   Operation 554 'add' 'add_ln465' <Predicate = true> <Delay = 2.11> <CoreInst = "Adder">   --->   Core 1 'Adder' <Latency = 0> <II = 1> <Delay = 2.11> <FuncUnit> <Opcode : 'add' 'sub'> <InPorts = 2> <OutPorts = 1>
ST_6 : Operation 555 [1/1] (0.00ns)   --->   "%sext_ln455_32 = sext i9 %add_ln465" [firmware/nnet_utils/nnet_activation.h:455]   --->   Operation 555 'sext' 'sext_ln455_32' <Predicate = true> <Delay = 0.00>
ST_6 : Operation 556 [1/1] (0.00ns)   --->   "%sext_ln465_1 = sext i8 %trunc_ln465_1" [firmware/nnet_utils/nnet_activation.h:465]   --->   Operation 556 'sext' 'sext_ln465_1' <Predicate = true> <Delay = 0.00>
ST_6 : Operation 557 [1/1] (0.00ns)   --->   "%zext_ln465_3 = zext i1 %tmp_5" [firmware/nnet_utils/nnet_activation.h:465]   --->   Operation 557 'zext' 'zext_ln465_3' <Predicate = true> <Delay = 0.00>
ST_6 : Operation 558 [1/1] (2.11ns)   --->   "%add_ln465_1 = add i9 %sext_ln465_1, i9 %zext_ln465_3" [firmware/nnet_utils/nnet_activation.h:465]   --->   Operation 558 'add' 'add_ln465_1' <Predicate = true> <Delay = 2.11> <CoreInst = "Adder">   --->   Core 1 'Adder' <Latency = 0> <II = 1> <Delay = 2.11> <FuncUnit> <Opcode : 'add' 'sub'> <InPorts = 2> <OutPorts = 1>
ST_6 : Operation 559 [1/1] (0.00ns)   --->   "%sext_ln455_33 = sext i9 %add_ln465_1" [firmware/nnet_utils/nnet_activation.h:455]   --->   Operation 559 'sext' 'sext_ln455_33' <Predicate = true> <Delay = 0.00>
ST_6 : Operation 560 [1/1] (0.00ns)   --->   "%sext_ln465_2 = sext i8 %trunc_ln465_2" [firmware/nnet_utils/nnet_activation.h:465]   --->   Operation 560 'sext' 'sext_ln465_2' <Predicate = true> <Delay = 0.00>
ST_6 : Operation 561 [1/1] (0.00ns)   --->   "%zext_ln465_5 = zext i1 %tmp_8" [firmware/nnet_utils/nnet_activation.h:465]   --->   Operation 561 'zext' 'zext_ln465_5' <Predicate = true> <Delay = 0.00>
ST_6 : Operation 562 [1/1] (2.11ns)   --->   "%add_ln465_2 = add i9 %sext_ln465_2, i9 %zext_ln465_5" [firmware/nnet_utils/nnet_activation.h:465]   --->   Operation 562 'add' 'add_ln465_2' <Predicate = true> <Delay = 2.11> <CoreInst = "Adder">   --->   Core 1 'Adder' <Latency = 0> <II = 1> <Delay = 2.11> <FuncUnit> <Opcode : 'add' 'sub'> <InPorts = 2> <OutPorts = 1>
ST_6 : Operation 563 [1/1] (0.00ns)   --->   "%sext_ln455_34 = sext i9 %add_ln465_2" [firmware/nnet_utils/nnet_activation.h:455]   --->   Operation 563 'sext' 'sext_ln455_34' <Predicate = true> <Delay = 0.00>
ST_6 : Operation 564 [1/1] (0.00ns)   --->   "%sext_ln465_3 = sext i8 %trunc_ln465_3" [firmware/nnet_utils/nnet_activation.h:465]   --->   Operation 564 'sext' 'sext_ln465_3' <Predicate = true> <Delay = 0.00>
ST_6 : Operation 565 [1/1] (0.00ns)   --->   "%zext_ln465_7 = zext i1 %tmp_11" [firmware/nnet_utils/nnet_activation.h:465]   --->   Operation 565 'zext' 'zext_ln465_7' <Predicate = true> <Delay = 0.00>
ST_6 : Operation 566 [1/1] (2.11ns)   --->   "%add_ln465_3 = add i9 %sext_ln465_3, i9 %zext_ln465_7" [firmware/nnet_utils/nnet_activation.h:465]   --->   Operation 566 'add' 'add_ln465_3' <Predicate = true> <Delay = 2.11> <CoreInst = "Adder">   --->   Core 1 'Adder' <Latency = 0> <II = 1> <Delay = 2.11> <FuncUnit> <Opcode : 'add' 'sub'> <InPorts = 2> <OutPorts = 1>
ST_6 : Operation 567 [1/1] (0.00ns)   --->   "%sext_ln455_35 = sext i9 %add_ln465_3" [firmware/nnet_utils/nnet_activation.h:455]   --->   Operation 567 'sext' 'sext_ln455_35' <Predicate = true> <Delay = 0.00>
ST_6 : Operation 568 [1/1] (0.00ns)   --->   "%sext_ln465_4 = sext i8 %trunc_ln465_4" [firmware/nnet_utils/nnet_activation.h:465]   --->   Operation 568 'sext' 'sext_ln465_4' <Predicate = true> <Delay = 0.00>
ST_6 : Operation 569 [1/1] (0.00ns)   --->   "%zext_ln465_9 = zext i1 %tmp_14" [firmware/nnet_utils/nnet_activation.h:465]   --->   Operation 569 'zext' 'zext_ln465_9' <Predicate = true> <Delay = 0.00>
ST_6 : Operation 570 [1/1] (2.11ns)   --->   "%add_ln465_4 = add i9 %sext_ln465_4, i9 %zext_ln465_9" [firmware/nnet_utils/nnet_activation.h:465]   --->   Operation 570 'add' 'add_ln465_4' <Predicate = true> <Delay = 2.11> <CoreInst = "Adder">   --->   Core 1 'Adder' <Latency = 0> <II = 1> <Delay = 2.11> <FuncUnit> <Opcode : 'add' 'sub'> <InPorts = 2> <OutPorts = 1>
ST_6 : Operation 571 [1/1] (0.00ns)   --->   "%sext_ln455_36 = sext i9 %add_ln465_4" [firmware/nnet_utils/nnet_activation.h:455]   --->   Operation 571 'sext' 'sext_ln455_36' <Predicate = true> <Delay = 0.00>
ST_6 : Operation 572 [1/1] (0.00ns)   --->   "%sext_ln465_5 = sext i8 %trunc_ln465_5" [firmware/nnet_utils/nnet_activation.h:465]   --->   Operation 572 'sext' 'sext_ln465_5' <Predicate = true> <Delay = 0.00>
ST_6 : Operation 573 [1/1] (0.00ns)   --->   "%zext_ln465_11 = zext i1 %tmp_17" [firmware/nnet_utils/nnet_activation.h:465]   --->   Operation 573 'zext' 'zext_ln465_11' <Predicate = true> <Delay = 0.00>
ST_6 : Operation 574 [1/1] (2.11ns)   --->   "%add_ln465_5 = add i9 %sext_ln465_5, i9 %zext_ln465_11" [firmware/nnet_utils/nnet_activation.h:465]   --->   Operation 574 'add' 'add_ln465_5' <Predicate = true> <Delay = 2.11> <CoreInst = "Adder">   --->   Core 1 'Adder' <Latency = 0> <II = 1> <Delay = 2.11> <FuncUnit> <Opcode : 'add' 'sub'> <InPorts = 2> <OutPorts = 1>
ST_6 : Operation 575 [1/1] (0.00ns)   --->   "%sext_ln455_37 = sext i9 %add_ln465_5" [firmware/nnet_utils/nnet_activation.h:455]   --->   Operation 575 'sext' 'sext_ln455_37' <Predicate = true> <Delay = 0.00>
ST_6 : Operation 576 [1/1] (0.00ns)   --->   "%sext_ln465_6 = sext i8 %trunc_ln465_6" [firmware/nnet_utils/nnet_activation.h:465]   --->   Operation 576 'sext' 'sext_ln465_6' <Predicate = true> <Delay = 0.00>
ST_6 : Operation 577 [1/1] (0.00ns)   --->   "%zext_ln465_13 = zext i1 %tmp_20" [firmware/nnet_utils/nnet_activation.h:465]   --->   Operation 577 'zext' 'zext_ln465_13' <Predicate = true> <Delay = 0.00>
ST_6 : Operation 578 [1/1] (2.11ns)   --->   "%add_ln465_6 = add i9 %sext_ln465_6, i9 %zext_ln465_13" [firmware/nnet_utils/nnet_activation.h:465]   --->   Operation 578 'add' 'add_ln465_6' <Predicate = true> <Delay = 2.11> <CoreInst = "Adder">   --->   Core 1 'Adder' <Latency = 0> <II = 1> <Delay = 2.11> <FuncUnit> <Opcode : 'add' 'sub'> <InPorts = 2> <OutPorts = 1>
ST_6 : Operation 579 [1/1] (0.00ns)   --->   "%sext_ln455_38 = sext i9 %add_ln465_6" [firmware/nnet_utils/nnet_activation.h:455]   --->   Operation 579 'sext' 'sext_ln455_38' <Predicate = true> <Delay = 0.00>
ST_6 : Operation 580 [1/1] (0.00ns)   --->   "%sext_ln465_7 = sext i8 %trunc_ln465_7" [firmware/nnet_utils/nnet_activation.h:465]   --->   Operation 580 'sext' 'sext_ln465_7' <Predicate = true> <Delay = 0.00>
ST_6 : Operation 581 [1/1] (0.00ns)   --->   "%zext_ln465_15 = zext i1 %tmp_23" [firmware/nnet_utils/nnet_activation.h:465]   --->   Operation 581 'zext' 'zext_ln465_15' <Predicate = true> <Delay = 0.00>
ST_6 : Operation 582 [1/1] (2.11ns)   --->   "%add_ln465_7 = add i9 %sext_ln465_7, i9 %zext_ln465_15" [firmware/nnet_utils/nnet_activation.h:465]   --->   Operation 582 'add' 'add_ln465_7' <Predicate = true> <Delay = 2.11> <CoreInst = "Adder">   --->   Core 1 'Adder' <Latency = 0> <II = 1> <Delay = 2.11> <FuncUnit> <Opcode : 'add' 'sub'> <InPorts = 2> <OutPorts = 1>
ST_6 : Operation 583 [1/1] (0.00ns)   --->   "%sext_ln455_39 = sext i9 %add_ln465_7" [firmware/nnet_utils/nnet_activation.h:455]   --->   Operation 583 'sext' 'sext_ln455_39' <Predicate = true> <Delay = 0.00>
ST_6 : Operation 584 [1/1] (0.00ns)   --->   "%sext_ln465_8 = sext i8 %trunc_ln465_8" [firmware/nnet_utils/nnet_activation.h:465]   --->   Operation 584 'sext' 'sext_ln465_8' <Predicate = true> <Delay = 0.00>
ST_6 : Operation 585 [1/1] (0.00ns)   --->   "%zext_ln465_17 = zext i1 %tmp_26" [firmware/nnet_utils/nnet_activation.h:465]   --->   Operation 585 'zext' 'zext_ln465_17' <Predicate = true> <Delay = 0.00>
ST_6 : Operation 586 [1/1] (2.11ns)   --->   "%add_ln465_8 = add i9 %sext_ln465_8, i9 %zext_ln465_17" [firmware/nnet_utils/nnet_activation.h:465]   --->   Operation 586 'add' 'add_ln465_8' <Predicate = true> <Delay = 2.11> <CoreInst = "Adder">   --->   Core 1 'Adder' <Latency = 0> <II = 1> <Delay = 2.11> <FuncUnit> <Opcode : 'add' 'sub'> <InPorts = 2> <OutPorts = 1>
ST_6 : Operation 587 [1/1] (0.00ns)   --->   "%sext_ln455_40 = sext i9 %add_ln465_8" [firmware/nnet_utils/nnet_activation.h:455]   --->   Operation 587 'sext' 'sext_ln455_40' <Predicate = true> <Delay = 0.00>
ST_6 : Operation 588 [1/1] (0.00ns)   --->   "%sext_ln465_9 = sext i8 %trunc_ln465_9" [firmware/nnet_utils/nnet_activation.h:465]   --->   Operation 588 'sext' 'sext_ln465_9' <Predicate = true> <Delay = 0.00>
ST_6 : Operation 589 [1/1] (0.00ns)   --->   "%zext_ln465_19 = zext i1 %tmp_29" [firmware/nnet_utils/nnet_activation.h:465]   --->   Operation 589 'zext' 'zext_ln465_19' <Predicate = true> <Delay = 0.00>
ST_6 : Operation 590 [1/1] (2.11ns)   --->   "%add_ln465_9 = add i9 %sext_ln465_9, i9 %zext_ln465_19" [firmware/nnet_utils/nnet_activation.h:465]   --->   Operation 590 'add' 'add_ln465_9' <Predicate = true> <Delay = 2.11> <CoreInst = "Adder">   --->   Core 1 'Adder' <Latency = 0> <II = 1> <Delay = 2.11> <FuncUnit> <Opcode : 'add' 'sub'> <InPorts = 2> <OutPorts = 1>
ST_6 : Operation 591 [1/1] (0.00ns)   --->   "%sext_ln455_41 = sext i9 %add_ln465_9" [firmware/nnet_utils/nnet_activation.h:455]   --->   Operation 591 'sext' 'sext_ln455_41' <Predicate = true> <Delay = 0.00>
ST_6 : Operation 592 [1/1] (0.00ns)   --->   "%sext_ln465_10 = sext i8 %trunc_ln465_s" [firmware/nnet_utils/nnet_activation.h:465]   --->   Operation 592 'sext' 'sext_ln465_10' <Predicate = true> <Delay = 0.00>
ST_6 : Operation 593 [1/1] (0.00ns)   --->   "%zext_ln465_21 = zext i1 %tmp_32" [firmware/nnet_utils/nnet_activation.h:465]   --->   Operation 593 'zext' 'zext_ln465_21' <Predicate = true> <Delay = 0.00>
ST_6 : Operation 594 [1/1] (2.11ns)   --->   "%add_ln465_10 = add i9 %sext_ln465_10, i9 %zext_ln465_21" [firmware/nnet_utils/nnet_activation.h:465]   --->   Operation 594 'add' 'add_ln465_10' <Predicate = true> <Delay = 2.11> <CoreInst = "Adder">   --->   Core 1 'Adder' <Latency = 0> <II = 1> <Delay = 2.11> <FuncUnit> <Opcode : 'add' 'sub'> <InPorts = 2> <OutPorts = 1>
ST_6 : Operation 595 [1/1] (0.00ns)   --->   "%sext_ln455_42 = sext i9 %add_ln465_10" [firmware/nnet_utils/nnet_activation.h:455]   --->   Operation 595 'sext' 'sext_ln455_42' <Predicate = true> <Delay = 0.00>
ST_6 : Operation 596 [1/1] (0.00ns)   --->   "%sext_ln465_11 = sext i8 %trunc_ln465_10" [firmware/nnet_utils/nnet_activation.h:465]   --->   Operation 596 'sext' 'sext_ln465_11' <Predicate = true> <Delay = 0.00>
ST_6 : Operation 597 [1/1] (0.00ns)   --->   "%zext_ln465_23 = zext i1 %tmp_35" [firmware/nnet_utils/nnet_activation.h:465]   --->   Operation 597 'zext' 'zext_ln465_23' <Predicate = true> <Delay = 0.00>
ST_6 : Operation 598 [1/1] (2.11ns)   --->   "%add_ln465_11 = add i9 %sext_ln465_11, i9 %zext_ln465_23" [firmware/nnet_utils/nnet_activation.h:465]   --->   Operation 598 'add' 'add_ln465_11' <Predicate = true> <Delay = 2.11> <CoreInst = "Adder">   --->   Core 1 'Adder' <Latency = 0> <II = 1> <Delay = 2.11> <FuncUnit> <Opcode : 'add' 'sub'> <InPorts = 2> <OutPorts = 1>
ST_6 : Operation 599 [1/1] (0.00ns)   --->   "%sext_ln455_43 = sext i9 %add_ln465_11" [firmware/nnet_utils/nnet_activation.h:455]   --->   Operation 599 'sext' 'sext_ln455_43' <Predicate = true> <Delay = 0.00>
ST_6 : Operation 600 [1/1] (0.00ns)   --->   "%sext_ln465_12 = sext i8 %trunc_ln465_11" [firmware/nnet_utils/nnet_activation.h:465]   --->   Operation 600 'sext' 'sext_ln465_12' <Predicate = true> <Delay = 0.00>
ST_6 : Operation 601 [1/1] (0.00ns)   --->   "%zext_ln465_25 = zext i1 %tmp_38" [firmware/nnet_utils/nnet_activation.h:465]   --->   Operation 601 'zext' 'zext_ln465_25' <Predicate = true> <Delay = 0.00>
ST_6 : Operation 602 [1/1] (2.11ns)   --->   "%add_ln465_12 = add i9 %sext_ln465_12, i9 %zext_ln465_25" [firmware/nnet_utils/nnet_activation.h:465]   --->   Operation 602 'add' 'add_ln465_12' <Predicate = true> <Delay = 2.11> <CoreInst = "Adder">   --->   Core 1 'Adder' <Latency = 0> <II = 1> <Delay = 2.11> <FuncUnit> <Opcode : 'add' 'sub'> <InPorts = 2> <OutPorts = 1>
ST_6 : Operation 603 [1/1] (0.00ns)   --->   "%sext_ln455_44 = sext i9 %add_ln465_12" [firmware/nnet_utils/nnet_activation.h:455]   --->   Operation 603 'sext' 'sext_ln455_44' <Predicate = true> <Delay = 0.00>
ST_6 : Operation 604 [1/1] (0.00ns)   --->   "%sext_ln465_13 = sext i8 %trunc_ln465_12" [firmware/nnet_utils/nnet_activation.h:465]   --->   Operation 604 'sext' 'sext_ln465_13' <Predicate = true> <Delay = 0.00>
ST_6 : Operation 605 [1/1] (0.00ns)   --->   "%zext_ln465_27 = zext i1 %tmp_41" [firmware/nnet_utils/nnet_activation.h:465]   --->   Operation 605 'zext' 'zext_ln465_27' <Predicate = true> <Delay = 0.00>
ST_6 : Operation 606 [1/1] (2.11ns)   --->   "%add_ln465_13 = add i9 %sext_ln465_13, i9 %zext_ln465_27" [firmware/nnet_utils/nnet_activation.h:465]   --->   Operation 606 'add' 'add_ln465_13' <Predicate = true> <Delay = 2.11> <CoreInst = "Adder">   --->   Core 1 'Adder' <Latency = 0> <II = 1> <Delay = 2.11> <FuncUnit> <Opcode : 'add' 'sub'> <InPorts = 2> <OutPorts = 1>
ST_6 : Operation 607 [1/1] (0.00ns)   --->   "%sext_ln455_45 = sext i9 %add_ln465_13" [firmware/nnet_utils/nnet_activation.h:455]   --->   Operation 607 'sext' 'sext_ln455_45' <Predicate = true> <Delay = 0.00>
ST_6 : Operation 608 [1/1] (0.00ns)   --->   "%sext_ln465_14 = sext i8 %trunc_ln465_13" [firmware/nnet_utils/nnet_activation.h:465]   --->   Operation 608 'sext' 'sext_ln465_14' <Predicate = true> <Delay = 0.00>
ST_6 : Operation 609 [1/1] (0.00ns)   --->   "%zext_ln465_29 = zext i1 %tmp_44" [firmware/nnet_utils/nnet_activation.h:465]   --->   Operation 609 'zext' 'zext_ln465_29' <Predicate = true> <Delay = 0.00>
ST_6 : Operation 610 [1/1] (2.11ns)   --->   "%add_ln465_14 = add i9 %sext_ln465_14, i9 %zext_ln465_29" [firmware/nnet_utils/nnet_activation.h:465]   --->   Operation 610 'add' 'add_ln465_14' <Predicate = true> <Delay = 2.11> <CoreInst = "Adder">   --->   Core 1 'Adder' <Latency = 0> <II = 1> <Delay = 2.11> <FuncUnit> <Opcode : 'add' 'sub'> <InPorts = 2> <OutPorts = 1>
ST_6 : Operation 611 [1/1] (0.00ns)   --->   "%sext_ln455_46 = sext i9 %add_ln465_14" [firmware/nnet_utils/nnet_activation.h:455]   --->   Operation 611 'sext' 'sext_ln455_46' <Predicate = true> <Delay = 0.00>
ST_6 : Operation 612 [1/1] (0.00ns)   --->   "%sext_ln465_15 = sext i8 %trunc_ln465_14" [firmware/nnet_utils/nnet_activation.h:465]   --->   Operation 612 'sext' 'sext_ln465_15' <Predicate = true> <Delay = 0.00>
ST_6 : Operation 613 [1/1] (0.00ns)   --->   "%zext_ln465_31 = zext i1 %tmp_47" [firmware/nnet_utils/nnet_activation.h:465]   --->   Operation 613 'zext' 'zext_ln465_31' <Predicate = true> <Delay = 0.00>
ST_6 : Operation 614 [1/1] (2.11ns)   --->   "%add_ln465_15 = add i9 %sext_ln465_15, i9 %zext_ln465_31" [firmware/nnet_utils/nnet_activation.h:465]   --->   Operation 614 'add' 'add_ln465_15' <Predicate = true> <Delay = 2.11> <CoreInst = "Adder">   --->   Core 1 'Adder' <Latency = 0> <II = 1> <Delay = 2.11> <FuncUnit> <Opcode : 'add' 'sub'> <InPorts = 2> <OutPorts = 1>
ST_6 : Operation 615 [1/1] (0.00ns)   --->   "%sext_ln455_47 = sext i9 %add_ln465_15" [firmware/nnet_utils/nnet_activation.h:455]   --->   Operation 615 'sext' 'sext_ln455_47' <Predicate = true> <Delay = 0.00>
ST_6 : Operation 616 [1/1] (0.00ns)   --->   "%sext_ln465_16 = sext i8 %trunc_ln465_15" [firmware/nnet_utils/nnet_activation.h:465]   --->   Operation 616 'sext' 'sext_ln465_16' <Predicate = true> <Delay = 0.00>
ST_6 : Operation 617 [1/1] (0.00ns)   --->   "%zext_ln465_33 = zext i1 %tmp_50" [firmware/nnet_utils/nnet_activation.h:465]   --->   Operation 617 'zext' 'zext_ln465_33' <Predicate = true> <Delay = 0.00>
ST_6 : Operation 618 [1/1] (2.11ns)   --->   "%add_ln465_16 = add i9 %sext_ln465_16, i9 %zext_ln465_33" [firmware/nnet_utils/nnet_activation.h:465]   --->   Operation 618 'add' 'add_ln465_16' <Predicate = true> <Delay = 2.11> <CoreInst = "Adder">   --->   Core 1 'Adder' <Latency = 0> <II = 1> <Delay = 2.11> <FuncUnit> <Opcode : 'add' 'sub'> <InPorts = 2> <OutPorts = 1>
ST_6 : Operation 619 [1/1] (0.00ns)   --->   "%sext_ln455_48 = sext i9 %add_ln465_16" [firmware/nnet_utils/nnet_activation.h:455]   --->   Operation 619 'sext' 'sext_ln455_48' <Predicate = true> <Delay = 0.00>
ST_6 : Operation 620 [1/1] (0.00ns)   --->   "%sext_ln465_17 = sext i8 %trunc_ln465_16" [firmware/nnet_utils/nnet_activation.h:465]   --->   Operation 620 'sext' 'sext_ln465_17' <Predicate = true> <Delay = 0.00>
ST_6 : Operation 621 [1/1] (0.00ns)   --->   "%zext_ln465_35 = zext i1 %tmp_53" [firmware/nnet_utils/nnet_activation.h:465]   --->   Operation 621 'zext' 'zext_ln465_35' <Predicate = true> <Delay = 0.00>
ST_6 : Operation 622 [1/1] (2.11ns)   --->   "%add_ln465_17 = add i9 %sext_ln465_17, i9 %zext_ln465_35" [firmware/nnet_utils/nnet_activation.h:465]   --->   Operation 622 'add' 'add_ln465_17' <Predicate = true> <Delay = 2.11> <CoreInst = "Adder">   --->   Core 1 'Adder' <Latency = 0> <II = 1> <Delay = 2.11> <FuncUnit> <Opcode : 'add' 'sub'> <InPorts = 2> <OutPorts = 1>
ST_6 : Operation 623 [1/1] (0.00ns)   --->   "%sext_ln455_49 = sext i9 %add_ln465_17" [firmware/nnet_utils/nnet_activation.h:455]   --->   Operation 623 'sext' 'sext_ln455_49' <Predicate = true> <Delay = 0.00>
ST_6 : Operation 624 [1/1] (0.00ns)   --->   "%sext_ln465_18 = sext i8 %trunc_ln465_17" [firmware/nnet_utils/nnet_activation.h:465]   --->   Operation 624 'sext' 'sext_ln465_18' <Predicate = true> <Delay = 0.00>
ST_6 : Operation 625 [1/1] (0.00ns)   --->   "%zext_ln465_37 = zext i1 %tmp_56" [firmware/nnet_utils/nnet_activation.h:465]   --->   Operation 625 'zext' 'zext_ln465_37' <Predicate = true> <Delay = 0.00>
ST_6 : Operation 626 [1/1] (2.11ns)   --->   "%add_ln465_18 = add i9 %sext_ln465_18, i9 %zext_ln465_37" [firmware/nnet_utils/nnet_activation.h:465]   --->   Operation 626 'add' 'add_ln465_18' <Predicate = true> <Delay = 2.11> <CoreInst = "Adder">   --->   Core 1 'Adder' <Latency = 0> <II = 1> <Delay = 2.11> <FuncUnit> <Opcode : 'add' 'sub'> <InPorts = 2> <OutPorts = 1>
ST_6 : Operation 627 [1/1] (0.00ns)   --->   "%sext_ln455_50 = sext i9 %add_ln465_18" [firmware/nnet_utils/nnet_activation.h:455]   --->   Operation 627 'sext' 'sext_ln455_50' <Predicate = true> <Delay = 0.00>
ST_6 : Operation 628 [1/1] (0.00ns)   --->   "%sext_ln465_19 = sext i8 %trunc_ln465_18" [firmware/nnet_utils/nnet_activation.h:465]   --->   Operation 628 'sext' 'sext_ln465_19' <Predicate = true> <Delay = 0.00>
ST_6 : Operation 629 [1/1] (0.00ns)   --->   "%zext_ln465_39 = zext i1 %tmp_59" [firmware/nnet_utils/nnet_activation.h:465]   --->   Operation 629 'zext' 'zext_ln465_39' <Predicate = true> <Delay = 0.00>
ST_6 : Operation 630 [1/1] (2.11ns)   --->   "%add_ln465_19 = add i9 %sext_ln465_19, i9 %zext_ln465_39" [firmware/nnet_utils/nnet_activation.h:465]   --->   Operation 630 'add' 'add_ln465_19' <Predicate = true> <Delay = 2.11> <CoreInst = "Adder">   --->   Core 1 'Adder' <Latency = 0> <II = 1> <Delay = 2.11> <FuncUnit> <Opcode : 'add' 'sub'> <InPorts = 2> <OutPorts = 1>
ST_6 : Operation 631 [1/1] (0.00ns)   --->   "%sext_ln455_51 = sext i9 %add_ln465_19" [firmware/nnet_utils/nnet_activation.h:455]   --->   Operation 631 'sext' 'sext_ln455_51' <Predicate = true> <Delay = 0.00>
ST_6 : Operation 632 [1/1] (0.00ns)   --->   "%sext_ln465_20 = sext i8 %trunc_ln465_19" [firmware/nnet_utils/nnet_activation.h:465]   --->   Operation 632 'sext' 'sext_ln465_20' <Predicate = true> <Delay = 0.00>
ST_6 : Operation 633 [1/1] (0.00ns)   --->   "%zext_ln465_41 = zext i1 %tmp_62" [firmware/nnet_utils/nnet_activation.h:465]   --->   Operation 633 'zext' 'zext_ln465_41' <Predicate = true> <Delay = 0.00>
ST_6 : Operation 634 [1/1] (2.11ns)   --->   "%add_ln465_20 = add i9 %sext_ln465_20, i9 %zext_ln465_41" [firmware/nnet_utils/nnet_activation.h:465]   --->   Operation 634 'add' 'add_ln465_20' <Predicate = true> <Delay = 2.11> <CoreInst = "Adder">   --->   Core 1 'Adder' <Latency = 0> <II = 1> <Delay = 2.11> <FuncUnit> <Opcode : 'add' 'sub'> <InPorts = 2> <OutPorts = 1>
ST_6 : Operation 635 [1/1] (0.00ns)   --->   "%sext_ln455_52 = sext i9 %add_ln465_20" [firmware/nnet_utils/nnet_activation.h:455]   --->   Operation 635 'sext' 'sext_ln455_52' <Predicate = true> <Delay = 0.00>
ST_6 : Operation 636 [1/1] (0.00ns)   --->   "%sext_ln465_21 = sext i8 %trunc_ln465_20" [firmware/nnet_utils/nnet_activation.h:465]   --->   Operation 636 'sext' 'sext_ln465_21' <Predicate = true> <Delay = 0.00>
ST_6 : Operation 637 [1/1] (0.00ns)   --->   "%zext_ln465_43 = zext i1 %tmp_65" [firmware/nnet_utils/nnet_activation.h:465]   --->   Operation 637 'zext' 'zext_ln465_43' <Predicate = true> <Delay = 0.00>
ST_6 : Operation 638 [1/1] (2.11ns)   --->   "%add_ln465_21 = add i9 %sext_ln465_21, i9 %zext_ln465_43" [firmware/nnet_utils/nnet_activation.h:465]   --->   Operation 638 'add' 'add_ln465_21' <Predicate = true> <Delay = 2.11> <CoreInst = "Adder">   --->   Core 1 'Adder' <Latency = 0> <II = 1> <Delay = 2.11> <FuncUnit> <Opcode : 'add' 'sub'> <InPorts = 2> <OutPorts = 1>
ST_6 : Operation 639 [1/1] (0.00ns)   --->   "%sext_ln455_53 = sext i9 %add_ln465_21" [firmware/nnet_utils/nnet_activation.h:455]   --->   Operation 639 'sext' 'sext_ln455_53' <Predicate = true> <Delay = 0.00>
ST_6 : Operation 640 [1/1] (0.00ns)   --->   "%sext_ln465_22 = sext i8 %trunc_ln465_21" [firmware/nnet_utils/nnet_activation.h:465]   --->   Operation 640 'sext' 'sext_ln465_22' <Predicate = true> <Delay = 0.00>
ST_6 : Operation 641 [1/1] (0.00ns)   --->   "%zext_ln465_45 = zext i1 %tmp_68" [firmware/nnet_utils/nnet_activation.h:465]   --->   Operation 641 'zext' 'zext_ln465_45' <Predicate = true> <Delay = 0.00>
ST_6 : Operation 642 [1/1] (2.11ns)   --->   "%add_ln465_22 = add i9 %sext_ln465_22, i9 %zext_ln465_45" [firmware/nnet_utils/nnet_activation.h:465]   --->   Operation 642 'add' 'add_ln465_22' <Predicate = true> <Delay = 2.11> <CoreInst = "Adder">   --->   Core 1 'Adder' <Latency = 0> <II = 1> <Delay = 2.11> <FuncUnit> <Opcode : 'add' 'sub'> <InPorts = 2> <OutPorts = 1>
ST_6 : Operation 643 [1/1] (0.00ns)   --->   "%sext_ln455_54 = sext i9 %add_ln465_22" [firmware/nnet_utils/nnet_activation.h:455]   --->   Operation 643 'sext' 'sext_ln455_54' <Predicate = true> <Delay = 0.00>
ST_6 : Operation 644 [1/1] (0.00ns)   --->   "%sext_ln465_23 = sext i8 %trunc_ln465_22" [firmware/nnet_utils/nnet_activation.h:465]   --->   Operation 644 'sext' 'sext_ln465_23' <Predicate = true> <Delay = 0.00>
ST_6 : Operation 645 [1/1] (0.00ns)   --->   "%zext_ln465_47 = zext i1 %tmp_71" [firmware/nnet_utils/nnet_activation.h:465]   --->   Operation 645 'zext' 'zext_ln465_47' <Predicate = true> <Delay = 0.00>
ST_6 : Operation 646 [1/1] (2.11ns)   --->   "%add_ln465_23 = add i9 %sext_ln465_23, i9 %zext_ln465_47" [firmware/nnet_utils/nnet_activation.h:465]   --->   Operation 646 'add' 'add_ln465_23' <Predicate = true> <Delay = 2.11> <CoreInst = "Adder">   --->   Core 1 'Adder' <Latency = 0> <II = 1> <Delay = 2.11> <FuncUnit> <Opcode : 'add' 'sub'> <InPorts = 2> <OutPorts = 1>
ST_6 : Operation 647 [1/1] (0.00ns)   --->   "%sext_ln455_55 = sext i9 %add_ln465_23" [firmware/nnet_utils/nnet_activation.h:455]   --->   Operation 647 'sext' 'sext_ln455_55' <Predicate = true> <Delay = 0.00>
ST_6 : Operation 648 [1/1] (0.00ns)   --->   "%sext_ln465_24 = sext i8 %trunc_ln465_23" [firmware/nnet_utils/nnet_activation.h:465]   --->   Operation 648 'sext' 'sext_ln465_24' <Predicate = true> <Delay = 0.00>
ST_6 : Operation 649 [1/1] (0.00ns)   --->   "%zext_ln465_49 = zext i1 %tmp_74" [firmware/nnet_utils/nnet_activation.h:465]   --->   Operation 649 'zext' 'zext_ln465_49' <Predicate = true> <Delay = 0.00>
ST_6 : Operation 650 [1/1] (2.11ns)   --->   "%add_ln465_24 = add i9 %sext_ln465_24, i9 %zext_ln465_49" [firmware/nnet_utils/nnet_activation.h:465]   --->   Operation 650 'add' 'add_ln465_24' <Predicate = true> <Delay = 2.11> <CoreInst = "Adder">   --->   Core 1 'Adder' <Latency = 0> <II = 1> <Delay = 2.11> <FuncUnit> <Opcode : 'add' 'sub'> <InPorts = 2> <OutPorts = 1>
ST_6 : Operation 651 [1/1] (0.00ns)   --->   "%sext_ln455_56 = sext i9 %add_ln465_24" [firmware/nnet_utils/nnet_activation.h:455]   --->   Operation 651 'sext' 'sext_ln455_56' <Predicate = true> <Delay = 0.00>
ST_6 : Operation 652 [1/1] (0.00ns)   --->   "%sext_ln465_25 = sext i8 %trunc_ln465_24" [firmware/nnet_utils/nnet_activation.h:465]   --->   Operation 652 'sext' 'sext_ln465_25' <Predicate = true> <Delay = 0.00>
ST_6 : Operation 653 [1/1] (0.00ns)   --->   "%zext_ln465_51 = zext i1 %tmp_77" [firmware/nnet_utils/nnet_activation.h:465]   --->   Operation 653 'zext' 'zext_ln465_51' <Predicate = true> <Delay = 0.00>
ST_6 : Operation 654 [1/1] (2.11ns)   --->   "%add_ln465_25 = add i9 %sext_ln465_25, i9 %zext_ln465_51" [firmware/nnet_utils/nnet_activation.h:465]   --->   Operation 654 'add' 'add_ln465_25' <Predicate = true> <Delay = 2.11> <CoreInst = "Adder">   --->   Core 1 'Adder' <Latency = 0> <II = 1> <Delay = 2.11> <FuncUnit> <Opcode : 'add' 'sub'> <InPorts = 2> <OutPorts = 1>
ST_6 : Operation 655 [1/1] (0.00ns)   --->   "%sext_ln455_57 = sext i9 %add_ln465_25" [firmware/nnet_utils/nnet_activation.h:455]   --->   Operation 655 'sext' 'sext_ln455_57' <Predicate = true> <Delay = 0.00>
ST_6 : Operation 656 [1/1] (0.00ns)   --->   "%sext_ln465_26 = sext i8 %trunc_ln465_25" [firmware/nnet_utils/nnet_activation.h:465]   --->   Operation 656 'sext' 'sext_ln465_26' <Predicate = true> <Delay = 0.00>
ST_6 : Operation 657 [1/1] (0.00ns)   --->   "%zext_ln465_53 = zext i1 %tmp_80" [firmware/nnet_utils/nnet_activation.h:465]   --->   Operation 657 'zext' 'zext_ln465_53' <Predicate = true> <Delay = 0.00>
ST_6 : Operation 658 [1/1] (2.11ns)   --->   "%add_ln465_26 = add i9 %sext_ln465_26, i9 %zext_ln465_53" [firmware/nnet_utils/nnet_activation.h:465]   --->   Operation 658 'add' 'add_ln465_26' <Predicate = true> <Delay = 2.11> <CoreInst = "Adder">   --->   Core 1 'Adder' <Latency = 0> <II = 1> <Delay = 2.11> <FuncUnit> <Opcode : 'add' 'sub'> <InPorts = 2> <OutPorts = 1>
ST_6 : Operation 659 [1/1] (0.00ns)   --->   "%sext_ln455_58 = sext i9 %add_ln465_26" [firmware/nnet_utils/nnet_activation.h:455]   --->   Operation 659 'sext' 'sext_ln455_58' <Predicate = true> <Delay = 0.00>
ST_6 : Operation 660 [1/1] (0.00ns)   --->   "%sext_ln465_27 = sext i8 %trunc_ln465_26" [firmware/nnet_utils/nnet_activation.h:465]   --->   Operation 660 'sext' 'sext_ln465_27' <Predicate = true> <Delay = 0.00>
ST_6 : Operation 661 [1/1] (0.00ns)   --->   "%zext_ln465_55 = zext i1 %tmp_83" [firmware/nnet_utils/nnet_activation.h:465]   --->   Operation 661 'zext' 'zext_ln465_55' <Predicate = true> <Delay = 0.00>
ST_6 : Operation 662 [1/1] (2.11ns)   --->   "%add_ln465_27 = add i9 %sext_ln465_27, i9 %zext_ln465_55" [firmware/nnet_utils/nnet_activation.h:465]   --->   Operation 662 'add' 'add_ln465_27' <Predicate = true> <Delay = 2.11> <CoreInst = "Adder">   --->   Core 1 'Adder' <Latency = 0> <II = 1> <Delay = 2.11> <FuncUnit> <Opcode : 'add' 'sub'> <InPorts = 2> <OutPorts = 1>
ST_6 : Operation 663 [1/1] (0.00ns)   --->   "%sext_ln455_59 = sext i9 %add_ln465_27" [firmware/nnet_utils/nnet_activation.h:455]   --->   Operation 663 'sext' 'sext_ln455_59' <Predicate = true> <Delay = 0.00>
ST_6 : Operation 664 [1/1] (0.00ns)   --->   "%sext_ln465_28 = sext i8 %trunc_ln465_27" [firmware/nnet_utils/nnet_activation.h:465]   --->   Operation 664 'sext' 'sext_ln465_28' <Predicate = true> <Delay = 0.00>
ST_6 : Operation 665 [1/1] (0.00ns)   --->   "%zext_ln465_57 = zext i1 %tmp_86" [firmware/nnet_utils/nnet_activation.h:465]   --->   Operation 665 'zext' 'zext_ln465_57' <Predicate = true> <Delay = 0.00>
ST_6 : Operation 666 [1/1] (2.11ns)   --->   "%add_ln465_28 = add i9 %sext_ln465_28, i9 %zext_ln465_57" [firmware/nnet_utils/nnet_activation.h:465]   --->   Operation 666 'add' 'add_ln465_28' <Predicate = true> <Delay = 2.11> <CoreInst = "Adder">   --->   Core 1 'Adder' <Latency = 0> <II = 1> <Delay = 2.11> <FuncUnit> <Opcode : 'add' 'sub'> <InPorts = 2> <OutPorts = 1>
ST_6 : Operation 667 [1/1] (0.00ns)   --->   "%sext_ln455_60 = sext i9 %add_ln465_28" [firmware/nnet_utils/nnet_activation.h:455]   --->   Operation 667 'sext' 'sext_ln455_60' <Predicate = true> <Delay = 0.00>
ST_6 : Operation 668 [1/1] (0.00ns)   --->   "%sext_ln465_29 = sext i8 %trunc_ln465_28" [firmware/nnet_utils/nnet_activation.h:465]   --->   Operation 668 'sext' 'sext_ln465_29' <Predicate = true> <Delay = 0.00>
ST_6 : Operation 669 [1/1] (0.00ns)   --->   "%zext_ln465_59 = zext i1 %tmp_89" [firmware/nnet_utils/nnet_activation.h:465]   --->   Operation 669 'zext' 'zext_ln465_59' <Predicate = true> <Delay = 0.00>
ST_6 : Operation 670 [1/1] (2.11ns)   --->   "%add_ln465_29 = add i9 %sext_ln465_29, i9 %zext_ln465_59" [firmware/nnet_utils/nnet_activation.h:465]   --->   Operation 670 'add' 'add_ln465_29' <Predicate = true> <Delay = 2.11> <CoreInst = "Adder">   --->   Core 1 'Adder' <Latency = 0> <II = 1> <Delay = 2.11> <FuncUnit> <Opcode : 'add' 'sub'> <InPorts = 2> <OutPorts = 1>
ST_6 : Operation 671 [1/1] (0.00ns)   --->   "%sext_ln455_61 = sext i9 %add_ln465_29" [firmware/nnet_utils/nnet_activation.h:455]   --->   Operation 671 'sext' 'sext_ln455_61' <Predicate = true> <Delay = 0.00>
ST_6 : Operation 672 [1/1] (0.00ns)   --->   "%sext_ln465_30 = sext i8 %trunc_ln465_29" [firmware/nnet_utils/nnet_activation.h:465]   --->   Operation 672 'sext' 'sext_ln465_30' <Predicate = true> <Delay = 0.00>
ST_6 : Operation 673 [1/1] (0.00ns)   --->   "%zext_ln465_61 = zext i1 %tmp_92" [firmware/nnet_utils/nnet_activation.h:465]   --->   Operation 673 'zext' 'zext_ln465_61' <Predicate = true> <Delay = 0.00>
ST_6 : Operation 674 [1/1] (2.11ns)   --->   "%add_ln465_30 = add i9 %sext_ln465_30, i9 %zext_ln465_61" [firmware/nnet_utils/nnet_activation.h:465]   --->   Operation 674 'add' 'add_ln465_30' <Predicate = true> <Delay = 2.11> <CoreInst = "Adder">   --->   Core 1 'Adder' <Latency = 0> <II = 1> <Delay = 2.11> <FuncUnit> <Opcode : 'add' 'sub'> <InPorts = 2> <OutPorts = 1>
ST_6 : Operation 675 [1/1] (0.00ns)   --->   "%sext_ln455_62 = sext i9 %add_ln465_30" [firmware/nnet_utils/nnet_activation.h:455]   --->   Operation 675 'sext' 'sext_ln455_62' <Predicate = true> <Delay = 0.00>
ST_6 : Operation 676 [1/1] (0.00ns)   --->   "%sext_ln465_31 = sext i8 %trunc_ln465_30" [firmware/nnet_utils/nnet_activation.h:465]   --->   Operation 676 'sext' 'sext_ln465_31' <Predicate = true> <Delay = 0.00>
ST_6 : Operation 677 [1/1] (0.00ns)   --->   "%zext_ln465_63 = zext i1 %tmp_95" [firmware/nnet_utils/nnet_activation.h:465]   --->   Operation 677 'zext' 'zext_ln465_63' <Predicate = true> <Delay = 0.00>
ST_6 : Operation 678 [1/1] (2.11ns)   --->   "%add_ln465_31 = add i9 %sext_ln465_31, i9 %zext_ln465_63" [firmware/nnet_utils/nnet_activation.h:465]   --->   Operation 678 'add' 'add_ln465_31' <Predicate = true> <Delay = 2.11> <CoreInst = "Adder">   --->   Core 1 'Adder' <Latency = 0> <II = 1> <Delay = 2.11> <FuncUnit> <Opcode : 'add' 'sub'> <InPorts = 2> <OutPorts = 1>
ST_6 : Operation 679 [1/1] (0.00ns)   --->   "%sext_ln467 = sext i9 %add_ln465_31" [firmware/nnet_utils/nnet_activation.h:467]   --->   Operation 679 'sext' 'sext_ln467' <Predicate = true> <Delay = 0.00>
ST_6 : Operation 680 [1/1] (0.00ns)   --->   "%mrv = insertvalue i448 <undef>, i14 %sext_ln455_32" [firmware/nnet_utils/nnet_activation.h:467]   --->   Operation 680 'insertvalue' 'mrv' <Predicate = true> <Delay = 0.00>
ST_6 : Operation 681 [1/1] (0.00ns)   --->   "%mrv_1 = insertvalue i448 %mrv, i14 %sext_ln455_33" [firmware/nnet_utils/nnet_activation.h:467]   --->   Operation 681 'insertvalue' 'mrv_1' <Predicate = true> <Delay = 0.00>
ST_6 : Operation 682 [1/1] (0.00ns)   --->   "%mrv_2 = insertvalue i448 %mrv_1, i14 %sext_ln455_34" [firmware/nnet_utils/nnet_activation.h:467]   --->   Operation 682 'insertvalue' 'mrv_2' <Predicate = true> <Delay = 0.00>
ST_6 : Operation 683 [1/1] (0.00ns)   --->   "%mrv_3 = insertvalue i448 %mrv_2, i14 %sext_ln455_35" [firmware/nnet_utils/nnet_activation.h:467]   --->   Operation 683 'insertvalue' 'mrv_3' <Predicate = true> <Delay = 0.00>
ST_6 : Operation 684 [1/1] (0.00ns)   --->   "%mrv_4 = insertvalue i448 %mrv_3, i14 %sext_ln455_36" [firmware/nnet_utils/nnet_activation.h:467]   --->   Operation 684 'insertvalue' 'mrv_4' <Predicate = true> <Delay = 0.00>
ST_6 : Operation 685 [1/1] (0.00ns)   --->   "%mrv_5 = insertvalue i448 %mrv_4, i14 %sext_ln455_37" [firmware/nnet_utils/nnet_activation.h:467]   --->   Operation 685 'insertvalue' 'mrv_5' <Predicate = true> <Delay = 0.00>
ST_6 : Operation 686 [1/1] (0.00ns)   --->   "%mrv_6 = insertvalue i448 %mrv_5, i14 %sext_ln455_38" [firmware/nnet_utils/nnet_activation.h:467]   --->   Operation 686 'insertvalue' 'mrv_6' <Predicate = true> <Delay = 0.00>
ST_6 : Operation 687 [1/1] (0.00ns)   --->   "%mrv_7 = insertvalue i448 %mrv_6, i14 %sext_ln455_39" [firmware/nnet_utils/nnet_activation.h:467]   --->   Operation 687 'insertvalue' 'mrv_7' <Predicate = true> <Delay = 0.00>
ST_6 : Operation 688 [1/1] (0.00ns)   --->   "%mrv_8 = insertvalue i448 %mrv_7, i14 %sext_ln455_40" [firmware/nnet_utils/nnet_activation.h:467]   --->   Operation 688 'insertvalue' 'mrv_8' <Predicate = true> <Delay = 0.00>
ST_6 : Operation 689 [1/1] (0.00ns)   --->   "%mrv_9 = insertvalue i448 %mrv_8, i14 %sext_ln455_41" [firmware/nnet_utils/nnet_activation.h:467]   --->   Operation 689 'insertvalue' 'mrv_9' <Predicate = true> <Delay = 0.00>
ST_6 : Operation 690 [1/1] (0.00ns)   --->   "%mrv_s = insertvalue i448 %mrv_9, i14 %sext_ln455_42" [firmware/nnet_utils/nnet_activation.h:467]   --->   Operation 690 'insertvalue' 'mrv_s' <Predicate = true> <Delay = 0.00>
ST_6 : Operation 691 [1/1] (0.00ns)   --->   "%mrv_10 = insertvalue i448 %mrv_s, i14 %sext_ln455_43" [firmware/nnet_utils/nnet_activation.h:467]   --->   Operation 691 'insertvalue' 'mrv_10' <Predicate = true> <Delay = 0.00>
ST_6 : Operation 692 [1/1] (0.00ns)   --->   "%mrv_11 = insertvalue i448 %mrv_10, i14 %sext_ln455_44" [firmware/nnet_utils/nnet_activation.h:467]   --->   Operation 692 'insertvalue' 'mrv_11' <Predicate = true> <Delay = 0.00>
ST_6 : Operation 693 [1/1] (0.00ns)   --->   "%mrv_12 = insertvalue i448 %mrv_11, i14 %sext_ln455_45" [firmware/nnet_utils/nnet_activation.h:467]   --->   Operation 693 'insertvalue' 'mrv_12' <Predicate = true> <Delay = 0.00>
ST_6 : Operation 694 [1/1] (0.00ns)   --->   "%mrv_13 = insertvalue i448 %mrv_12, i14 %sext_ln455_46" [firmware/nnet_utils/nnet_activation.h:467]   --->   Operation 694 'insertvalue' 'mrv_13' <Predicate = true> <Delay = 0.00>
ST_6 : Operation 695 [1/1] (0.00ns)   --->   "%mrv_14 = insertvalue i448 %mrv_13, i14 %sext_ln455_47" [firmware/nnet_utils/nnet_activation.h:467]   --->   Operation 695 'insertvalue' 'mrv_14' <Predicate = true> <Delay = 0.00>
ST_6 : Operation 696 [1/1] (0.00ns)   --->   "%mrv_15 = insertvalue i448 %mrv_14, i14 %sext_ln455_48" [firmware/nnet_utils/nnet_activation.h:467]   --->   Operation 696 'insertvalue' 'mrv_15' <Predicate = true> <Delay = 0.00>
ST_6 : Operation 697 [1/1] (0.00ns)   --->   "%mrv_16 = insertvalue i448 %mrv_15, i14 %sext_ln455_49" [firmware/nnet_utils/nnet_activation.h:467]   --->   Operation 697 'insertvalue' 'mrv_16' <Predicate = true> <Delay = 0.00>
ST_6 : Operation 698 [1/1] (0.00ns)   --->   "%mrv_17 = insertvalue i448 %mrv_16, i14 %sext_ln455_50" [firmware/nnet_utils/nnet_activation.h:467]   --->   Operation 698 'insertvalue' 'mrv_17' <Predicate = true> <Delay = 0.00>
ST_6 : Operation 699 [1/1] (0.00ns)   --->   "%mrv_18 = insertvalue i448 %mrv_17, i14 %sext_ln455_51" [firmware/nnet_utils/nnet_activation.h:467]   --->   Operation 699 'insertvalue' 'mrv_18' <Predicate = true> <Delay = 0.00>
ST_6 : Operation 700 [1/1] (0.00ns)   --->   "%mrv_19 = insertvalue i448 %mrv_18, i14 %sext_ln455_52" [firmware/nnet_utils/nnet_activation.h:467]   --->   Operation 700 'insertvalue' 'mrv_19' <Predicate = true> <Delay = 0.00>
ST_6 : Operation 701 [1/1] (0.00ns)   --->   "%mrv_20 = insertvalue i448 %mrv_19, i14 %sext_ln455_53" [firmware/nnet_utils/nnet_activation.h:467]   --->   Operation 701 'insertvalue' 'mrv_20' <Predicate = true> <Delay = 0.00>
ST_6 : Operation 702 [1/1] (0.00ns)   --->   "%mrv_21 = insertvalue i448 %mrv_20, i14 %sext_ln455_54" [firmware/nnet_utils/nnet_activation.h:467]   --->   Operation 702 'insertvalue' 'mrv_21' <Predicate = true> <Delay = 0.00>
ST_6 : Operation 703 [1/1] (0.00ns)   --->   "%mrv_22 = insertvalue i448 %mrv_21, i14 %sext_ln455_55" [firmware/nnet_utils/nnet_activation.h:467]   --->   Operation 703 'insertvalue' 'mrv_22' <Predicate = true> <Delay = 0.00>
ST_6 : Operation 704 [1/1] (0.00ns)   --->   "%mrv_23 = insertvalue i448 %mrv_22, i14 %sext_ln455_56" [firmware/nnet_utils/nnet_activation.h:467]   --->   Operation 704 'insertvalue' 'mrv_23' <Predicate = true> <Delay = 0.00>
ST_6 : Operation 705 [1/1] (0.00ns)   --->   "%mrv_24 = insertvalue i448 %mrv_23, i14 %sext_ln455_57" [firmware/nnet_utils/nnet_activation.h:467]   --->   Operation 705 'insertvalue' 'mrv_24' <Predicate = true> <Delay = 0.00>
ST_6 : Operation 706 [1/1] (0.00ns)   --->   "%mrv_25 = insertvalue i448 %mrv_24, i14 %sext_ln455_58" [firmware/nnet_utils/nnet_activation.h:467]   --->   Operation 706 'insertvalue' 'mrv_25' <Predicate = true> <Delay = 0.00>
ST_6 : Operation 707 [1/1] (0.00ns)   --->   "%mrv_26 = insertvalue i448 %mrv_25, i14 %sext_ln455_59" [firmware/nnet_utils/nnet_activation.h:467]   --->   Operation 707 'insertvalue' 'mrv_26' <Predicate = true> <Delay = 0.00>
ST_6 : Operation 708 [1/1] (0.00ns)   --->   "%mrv_27 = insertvalue i448 %mrv_26, i14 %sext_ln455_60" [firmware/nnet_utils/nnet_activation.h:467]   --->   Operation 708 'insertvalue' 'mrv_27' <Predicate = true> <Delay = 0.00>
ST_6 : Operation 709 [1/1] (0.00ns)   --->   "%mrv_28 = insertvalue i448 %mrv_27, i14 %sext_ln455_61" [firmware/nnet_utils/nnet_activation.h:467]   --->   Operation 709 'insertvalue' 'mrv_28' <Predicate = true> <Delay = 0.00>
ST_6 : Operation 710 [1/1] (0.00ns)   --->   "%mrv_29 = insertvalue i448 %mrv_28, i14 %sext_ln455_62" [firmware/nnet_utils/nnet_activation.h:467]   --->   Operation 710 'insertvalue' 'mrv_29' <Predicate = true> <Delay = 0.00>
ST_6 : Operation 711 [1/1] (0.00ns)   --->   "%mrv_30 = insertvalue i448 %mrv_29, i14 %sext_ln467" [firmware/nnet_utils/nnet_activation.h:467]   --->   Operation 711 'insertvalue' 'mrv_30' <Predicate = true> <Delay = 0.00>
ST_6 : Operation 712 [1/1] (0.00ns)   --->   "%ret_ln467 = ret i448 %mrv_30" [firmware/nnet_utils/nnet_activation.h:467]   --->   Operation 712 'ret' 'ret_ln467' <Predicate = true> <Delay = 0.00>


============================================================
+ Verbose Summary: Timing violations
============================================================
Target clock period: 4.000ns, clock uncertainty: 1.080ns.

 <State 1>: 2.836ns
The critical path consists of the following:
	wire read operation ('data_0_val_read', firmware/nnet_utils/nnet_activation.h:455) on port 'data_0_val' (firmware/nnet_utils/nnet_activation.h:455) [66]  (0.000 ns)
	'add' operation 15 bit ('index', firmware/nnet_utils/nnet_activation.h:459) [68]  (2.138 ns)
	'select' operation 14 bit ('index', firmware/nnet_utils/nnet_activation.h:461) [71]  (0.698 ns)

 <State 2>: 2.904ns
The critical path consists of the following:
	'icmp' operation 1 bit ('icmp_ln463', firmware/nnet_utils/nnet_activation.h:463) [74]  (1.777 ns)
	'select' operation 10 bit ('index', firmware/nnet_utils/nnet_activation.h:463) [75]  (1.127 ns)

 <State 3>: 1.685ns
The critical path consists of the following:
	'getelementptr' operation 10 bit ('tanh_table_addr', firmware/nnet_utils/nnet_activation.h:465) [77]  (0.000 ns)
	'load' operation 11 bit ('tanh_table_load', firmware/nnet_utils/nnet_activation.h:465) on array 'tanh_table' [78]  (1.685 ns)

 <State 4>: 0.000ns
The critical path consists of the following:

 <State 5>: 1.685ns
The critical path consists of the following:
	'load' operation 11 bit ('tanh_table_load', firmware/nnet_utils/nnet_activation.h:465) on array 'tanh_table' [78]  (1.685 ns)

 <State 6>: 2.115ns
The critical path consists of the following:
	'add' operation 9 bit ('add_ln465', firmware/nnet_utils/nnet_activation.h:465) [83]  (2.115 ns)


============================================================
+ Verbose Summary: Binding
============================================================
N/A
* FSMD analyzer results:
  - Output states:
 - Input state : 
  - Chain level:
	State 1
	State 2
	State 3
	State 4
	State 5
	State 6


============================================================
+ Verbose Summary: Datapath Resource usage 
============================================================
N/A
