Copyright 1986-2022 Xilinx, Inc. All Rights Reserved. Copyright 2022-2026 Advanced Micro Devices, Inc. All Rights Reserved.
---------------------------------------------------------------------------------------------------------------------------------------------
| Tool Version : Vivado v.2026.1 (win64) Build 6511674 Tue Jun 16 11:02:23 MDT 2026
| Date         : Sat Sep 26 14:48:03 2026
| Host         : Yagiz running 64-bit major release  (build 9200)
| Command      : report_timing_summary -max_paths 10 -file synth/reports/qec_decoder_timing.rpt
| Design       : qec_decoder
| Device       : 7a100t-csg324
| Speed File   : -1  PRODUCTION 1.23 2018-06-13
| Design State : Routed
---------------------------------------------------------------------------------------------------------------------------------------------

Timing Summary Report

------------------------------------------------------------------------------------------------
| Timer Settings
| --------------
------------------------------------------------------------------------------------------------

  Enable Multi Corner Analysis               :  Yes
  Enable Pessimism Removal                   :  Yes
  Pessimism Removal Resolution               :  Nearest Common Node
  Enable Input Delay Default Clock           :  No
  Enable Preset / Clear Arcs                 :  No
  Disable Flight Delays                      :  No
  Ignore I/O Paths                           :  No
  Timing Early Launch at Borrowing Latches   :  No
  Borrow Time for Max Delay Exceptions       :  Yes
  Merge Timing Exceptions                    :  Yes
  Inter-SLR Compensation                     :  Conservative

  Corner  Analyze    Analyze    
  Name    Max Paths  Min Paths  
  ------  ---------  ---------  
  Slow    Yes        Yes        
  Fast    Yes        Yes        


------------------------------------------------------------------------------------------------
| Report Methodology
| ------------------
------------------------------------------------------------------------------------------------

No report available as report_methodology has not been run prior. Run report_methodology on the current design for the summary of methodology violations.



check_timing report

Table of Contents
-----------------
1. checking no_clock (0)
2. checking constant_clock (0)
3. checking pulse_width_clock (0)
4. checking unconstrained_internal_endpoints (0)
5. checking no_input_delay (20)
6. checking no_output_delay (31)
7. checking multiple_clock (0)
8. checking generated_clocks (0)
9. checking loops (0)
10. checking partial_input_delay (0)
11. checking partial_output_delay (0)
12. checking latch_loops (0)

1. checking no_clock (0)
------------------------
 There are 0 register/latch pins with no clock.


2. checking constant_clock (0)
------------------------------
 There are 0 register/latch pins with constant_clock.


3. checking pulse_width_clock (0)
---------------------------------
 There are 0 register/latch pins which need pulse_width check


4. checking unconstrained_internal_endpoints (0)
------------------------------------------------
 There are 0 pins that are not constrained for maximum delay.

 There are 0 pins that are not constrained for maximum delay due to constant clock.


5. checking no_input_delay (20)
-------------------------------
 There are 20 input ports with no input delay specified. (HIGH)

 There are 0 input ports with no input delay but user has a false path constraint.


6. checking no_output_delay (31)
--------------------------------
 There are 31 ports with no output delay specified. (HIGH)

 There are 0 ports with no output delay but user has a false path constraint

 There are 0 ports with no output delay but with a timing clock defined on it or propagating through it


7. checking multiple_clock (0)
------------------------------
 There are 0 register/latch pins with multiple clocks.


8. checking generated_clocks (0)
--------------------------------
 There are 0 generated clocks that are not connected to a clock source.


9. checking loops (0)
---------------------
 There are 0 combinational loops in the design.


10. checking partial_input_delay (0)
------------------------------------
 There are 0 input ports with partial input delay specified.


11. checking partial_output_delay (0)
-------------------------------------
 There are 0 ports with partial output delay specified.


12. checking latch_loops (0)
----------------------------
 There are 0 combinational latch loops in the design through latch input



------------------------------------------------------------------------------------------------
| Design Timing Summary
| ---------------------
------------------------------------------------------------------------------------------------

    WNS(ns)      TNS(ns)  TNS Failing Endpoints  TNS Total Endpoints      WHS(ns)      THS(ns)  THS Failing Endpoints  THS Total Endpoints     WPWS(ns)     TPWS(ns)  TPWS Failing Endpoints  TPWS Total Endpoints  
    -------      -------  ---------------------  -------------------      -------      -------  ---------------------  -------------------     --------     --------  ----------------------  --------------------  
      0.325        0.000                      0                71640        0.085        0.000                      0                71640        7.250        0.000                       0                 33113  


All user specified timing constraints are met.


------------------------------------------------------------------------------------------------
| Clock Summary
| -------------
------------------------------------------------------------------------------------------------

Clock  Waveform(ns)       Period(ns)      Frequency(MHz)
-----  ------------       ----------      --------------
clk    {0.000 8.500}      17.000          58.824          


------------------------------------------------------------------------------------------------
| Intra Clock Table
| -----------------
------------------------------------------------------------------------------------------------

Clock             WNS(ns)      TNS(ns)  TNS Failing Endpoints  TNS Total Endpoints      WHS(ns)      THS(ns)  THS Failing Endpoints  THS Total Endpoints     WPWS(ns)     TPWS(ns)  TPWS Failing Endpoints  TPWS Total Endpoints  
-----             -------      -------  ---------------------  -------------------      -------      -------  ---------------------  -------------------     --------     --------  ----------------------  --------------------  
clk                 0.325        0.000                      0                71640        0.085        0.000                      0                71640        7.250        0.000                       0                 33113  


------------------------------------------------------------------------------------------------
| Inter Clock Table
| -----------------
------------------------------------------------------------------------------------------------

From Clock    To Clock          WNS(ns)      TNS(ns)  TNS Failing Endpoints  TNS Total Endpoints      WHS(ns)      THS(ns)  THS Failing Endpoints  THS Total Endpoints  
----------    --------          -------      -------  ---------------------  -------------------      -------      -------  ---------------------  -------------------  


------------------------------------------------------------------------------------------------
| Other Path Groups Table
| -----------------------
------------------------------------------------------------------------------------------------

Path Group    From Clock    To Clock          WNS(ns)      TNS(ns)  TNS Failing Endpoints  TNS Total Endpoints      WHS(ns)      THS(ns)  THS Failing Endpoints  THS Total Endpoints  
----------    ----------    --------          -------      -------  ---------------------  -------------------      -------      -------  ---------------------  -------------------  


------------------------------------------------------------------------------------------------
| Timing Details
| --------------
------------------------------------------------------------------------------------------------


---------------------------------------------------------------------------------------------------
From Clock:  clk
  To Clock:  clk

Setup :            0  Failing Endpoints,  Worst Slack        0.325ns,  Total Violation        0.000ns
Hold  :            0  Failing Endpoints,  Worst Slack        0.085ns,  Total Violation        0.000ns
PW    :            0  Failing Endpoints,  Worst Slack        7.250ns,  Total Violation        0.000ns
---------------------------------------------------------------------------------------------------


Max Delay Paths
--------------------------------------------------------------------------------------
Slack (MET) :             0.325ns  (required time - arrival time)
  Source:                 union_find/head_reg[1]/C
                            (rising edge-triggered cell FDRE clocked by clk  {rise@0.000ns fall@8.500ns period=17.000ns})
  Destination:            union_find/queue_reg_0_31_4_4/RAMA/I
                            (rising edge-triggered cell RAMD32 clocked by clk  {rise@0.000ns fall@8.500ns period=17.000ns})
  Path Group:             clk
  Path Type:              Setup (Max at Slow Process Corner)
  Requirement:            17.000ns  (clk rise@17.000ns - clk rise@0.000ns)
  Data Path Delay:        15.897ns  (logic 4.671ns (29.383%)  route 11.226ns (70.617%))
  Logic Levels:           19  (CARRY4=3 LUT2=3 LUT4=2 LUT5=3 LUT6=6 MUXF7=1 RAMD32=1)
  Clock Path Skew:        -0.049ns (DCD - SCD + CPR)
    Destination Clock Delay (DCD):    0.924ns = ( 17.924 - 17.000 ) 
    Source Clock Delay      (SCD):    0.973ns
    Clock Pessimism Removal (CPR):    0.000ns
  Clock Uncertainty:      0.035ns  ((TSJ^2 + TIJ^2)^1/2 + DJ) / 2 + PE
    Total System Jitter     (TSJ):    0.071ns
    Total Input Jitter      (TIJ):    0.000ns
    Discrete Jitter          (DJ):    0.000ns
    Phase Error              (PE):    0.000ns

    Location             Delay type                Incr(ns)  Path(ns)    Netlist Resource(s)
  -------------------------------------------------------------------    -------------------
                         (clock clk rise edge)        0.000     0.000 r  <hidden>
                                                      0.000     0.000 r  clk
                         net (fo=33112, unset)        0.973     0.973    union_find/clk
    SLICE_X55Y142        FDRE                                         r  union_find/head_reg[1]/C
  -------------------------------------------------------------------    -------------------
    SLICE_X55Y142        FDRE (Prop_fdre_C_Q)         0.456     1.429 r  union_find/head_reg[1]/Q
                         net (fo=11, routed)          1.176     2.605    union_find/queue_reg_0_31_0_1/ADDRA1
    SLICE_X56Y144        RAMD32 (Prop_ramd32_RADR1_O)
                                                      0.146     2.751 r  union_find/queue_reg_0_31_0_1/RAMA/O
                         net (fo=112, routed)         0.909     3.660    union_find/node[0]
    SLICE_X54Y142        LUT2 (Prop_lut2_I1_O)        0.328     3.988 r  union_find/parent[24][4]_i_47/O
                         net (fo=1, routed)           0.000     3.988    union_find/parent[24][4]_i_47_n_0
    SLICE_X54Y142        CARRY4 (Prop_carry4_S[0]_CO[3])
                                                      0.513     4.501 r  union_find/parent_reg[24][4]_i_20/CO[3]
                         net (fo=1, routed)           0.000     4.501    union_find/parent_reg[24][4]_i_20_n_0
    SLICE_X54Y143        CARRY4 (Prop_carry4_CI_O[2])
                                                      0.239     4.740 r  union_find/parent_reg[24][4]_i_60/O[2]
                         net (fo=108, routed)         1.564     6.304    union_find/candidates2[8]
    SLICE_X58Y147        LUT6 (Prop_lut6_I5_O)        0.301     6.605 f  union_find/parent[19][4]_i_29/O
                         net (fo=4, routed)           0.837     7.442    union_find/parent[19][4]_i_29_n_0
    SLICE_X57Y146        LUT6 (Prop_lut6_I0_O)        0.124     7.566 f  union_find/parent[19][4]_i_25/O
                         net (fo=4, routed)           0.860     8.426    union_find/parent[19][4]_i_25_n_0
    SLICE_X50Y146        LUT6 (Prop_lut6_I5_O)        0.124     8.550 f  union_find/parent[19][4]_i_10/O
                         net (fo=2, routed)           0.711     9.260    union_find/candidates1[54]
    SLICE_X46Y144        LUT4 (Prop_lut4_I2_O)        0.124     9.384 f  union_find/parent[14][4]_i_21/O
                         net (fo=3, routed)           0.475     9.859    union_find/parent[14][4]_i_21_n_0
    SLICE_X46Y144        LUT5 (Prop_lut5_I4_O)        0.150    10.009 r  union_find/parent[17][4]_i_10/O
                         net (fo=4, routed)           0.603    10.611    union_find/parent[17][4]_i_10_n_0
    SLICE_X42Y144        LUT5 (Prop_lut5_I0_O)        0.328    10.939 r  union_find/parent[21][4]_i_17/O
                         net (fo=7, routed)           0.457    11.396    union_find/parent[21][4]_i_17_n_0
    SLICE_X43Y143        LUT4 (Prop_lut4_I2_O)        0.124    11.520 r  union_find/parent[19][4]_i_20/O
                         net (fo=1, routed)           0.000    11.520    union_find/parent[19][4]_i_20_n_0
    SLICE_X43Y143        CARRY4 (Prop_carry4_S[1]_O[2])
                                                      0.580    12.100 f  union_find/parent_reg[19][4]_i_9/O[2]
                         net (fo=7, routed)           0.785    12.886    union_find/lowest_edge_return2[10]
    SLICE_X46Y146        LUT2 (Prop_lut2_I1_O)        0.302    13.188 r  union_find/parent[21][4]_i_16/O
                         net (fo=3, routed)           0.306    13.494    union_find/parent[21][4]_i_16_n_0
    SLICE_X46Y146        LUT6 (Prop_lut6_I0_O)        0.124    13.618 r  union_find/parent[18][4]_i_7/O
                         net (fo=1, routed)           0.475    14.093    union_find/parent[18][4]_i_7_n_0
    SLICE_X46Y146        LUT5 (Prop_lut5_I4_O)        0.124    14.217 f  union_find/parent[18][4]_i_5/O
                         net (fo=6, routed)           0.346    14.563    union_find/parent[18][4]_i_5_n_0
    SLICE_X49Y145        LUT2 (Prop_lut2_I1_O)        0.124    14.687 r  union_find/queue_reg_0_31_4_4_i_12/O
                         net (fo=1, routed)           0.636    15.323    union_find/queue_reg_0_31_4_4_i_12_n_0
    SLICE_X48Y146        LUT6 (Prop_lut6_I1_O)        0.124    15.447 r  union_find/queue_reg_0_31_4_4_i_7/O
                         net (fo=1, routed)           0.620    16.067    union_find/queue_reg_0_31_4_4_i_7_n_0
    SLICE_X52Y143        LUT6 (Prop_lut6_I3_O)        0.124    16.191 r  union_find/queue_reg_0_31_4_4_i_2/O
                         net (fo=1, routed)           0.000    16.191    union_find/queue_reg_0_31_4_4_i_2_n_0
    SLICE_X52Y143        MUXF7 (Prop_muxf7_I0_O)      0.212    16.403 r  union_find/queue_reg_0_31_4_4_i_1/O
                         net (fo=4, routed)           0.467    16.870    union_find/queue_reg_0_31_4_4/DIA0
    SLICE_X54Y141        RAMD32                                       r  union_find/queue_reg_0_31_4_4/RAMA/I
  -------------------------------------------------------------------    -------------------

                         (clock clk rise edge)       17.000    17.000 r  <hidden>
                                                      0.000    17.000 r  clk
                         net (fo=33112, unset)        0.924    17.924    union_find/queue_reg_0_31_4_4/WCLK
    SLICE_X54Y141        RAMD32                                       r  union_find/queue_reg_0_31_4_4/RAMA/CLK
                         clock pessimism              0.000    17.924    <hidden>
                         clock uncertainty           -0.035    17.889    <hidden>
    SLICE_X54Y141        RAMD32 (Setup_ramd32_CLK_I)
                                                     -0.694    17.195    union_find/queue_reg_0_31_4_4/RAMA
  -------------------------------------------------------------------
                         required time                         17.195    <hidden>
                         arrival time                         -16.870    <hidden>
  -------------------------------------------------------------------
                         slack                                  0.325    <hidden>

Slack (MET) :             0.379ns  (required time - arrival time)
  Source:                 union_find/head_reg[1]/C
                            (rising edge-triggered cell FDRE clocked by clk  {rise@0.000ns fall@8.500ns period=17.000ns})
  Destination:            union_find/queue_reg_0_31_0_1/RAMB_D1/I
                            (rising edge-triggered cell RAMD32 clocked by clk  {rise@0.000ns fall@8.500ns period=17.000ns})
  Path Group:             clk
  Path Type:              Setup (Max at Slow Process Corner)
  Requirement:            17.000ns  (clk rise@17.000ns - clk rise@0.000ns)
  Data Path Delay:        16.134ns  (logic 4.653ns (28.839%)  route 11.481ns (71.161%))
  Logic Levels:           18  (CARRY4=3 LUT2=2 LUT4=1 LUT5=2 LUT6=8 MUXF7=1 RAMD32=1)
  Clock Path Skew:        -0.049ns (DCD - SCD + CPR)
    Destination Clock Delay (DCD):    0.924ns = ( 17.924 - 17.000 ) 
    Source Clock Delay      (SCD):    0.973ns
    Clock Pessimism Removal (CPR):    0.000ns
  Clock Uncertainty:      0.035ns  ((TSJ^2 + TIJ^2)^1/2 + DJ) / 2 + PE
    Total System Jitter     (TSJ):    0.071ns
    Total Input Jitter      (TIJ):    0.000ns
    Discrete Jitter          (DJ):    0.000ns
    Phase Error              (PE):    0.000ns

    Location             Delay type                Incr(ns)  Path(ns)    Netlist Resource(s)
  -------------------------------------------------------------------    -------------------
                         (clock clk rise edge)        0.000     0.000 r  <hidden>
                                                      0.000     0.000 r  clk
                         net (fo=33112, unset)        0.973     0.973    union_find/clk
    SLICE_X55Y142        FDRE                                         r  union_find/head_reg[1]/C
  -------------------------------------------------------------------    -------------------
    SLICE_X55Y142        FDRE (Prop_fdre_C_Q)         0.456     1.429 r  union_find/head_reg[1]/Q
                         net (fo=11, routed)          1.176     2.605    union_find/queue_reg_0_31_0_1/ADDRA1
    SLICE_X56Y144        RAMD32 (Prop_ramd32_RADR1_O)
                                                      0.146     2.751 r  union_find/queue_reg_0_31_0_1/RAMA/O
                         net (fo=112, routed)         0.909     3.660    union_find/node[0]
    SLICE_X54Y142        LUT2 (Prop_lut2_I1_O)        0.328     3.988 r  union_find/parent[24][4]_i_47/O
                         net (fo=1, routed)           0.000     3.988    union_find/parent[24][4]_i_47_n_0
    SLICE_X54Y142        CARRY4 (Prop_carry4_S[0]_CO[3])
                                                      0.513     4.501 r  union_find/parent_reg[24][4]_i_20/CO[3]
                         net (fo=1, routed)           0.000     4.501    union_find/parent_reg[24][4]_i_20_n_0
    SLICE_X54Y143        CARRY4 (Prop_carry4_CI_O[1])
                                                      0.323     4.824 r  union_find/parent_reg[24][4]_i_60/O[1]
                         net (fo=108, routed)         1.493     6.317    union_find/candidates2[7]
    SLICE_X53Y140        LUT6 (Prop_lut6_I2_O)        0.306     6.623 r  union_find/parent[24][4]_i_43/O
                         net (fo=3, routed)           0.745     7.368    union_find/parent[24][4]_i_43_n_0
    SLICE_X57Y141        LUT6 (Prop_lut6_I3_O)        0.124     7.492 r  union_find/parent[24][4]_i_26/O
                         net (fo=1, routed)           0.518     8.011    union_find/parent[24][4]_i_26_n_0
    SLICE_X56Y141        LUT6 (Prop_lut6_I5_O)        0.124     8.135 r  union_find/parent[24][4]_i_10/O
                         net (fo=2, routed)           0.650     8.785    union_find/candidates1[0]
    SLICE_X49Y139        LUT4 (Prop_lut4_I2_O)        0.124     8.909 r  union_find/parent[1][4]_i_6/O
                         net (fo=3, routed)           0.597     9.506    union_find/parent[1][4]_i_6_n_0
    SLICE_X49Y139        LUT5 (Prop_lut5_I0_O)        0.124     9.630 f  union_find/parent[0][4]_i_3/O
                         net (fo=3, routed)           0.455    10.085    union_find/parent[0][4]_i_3_n_0
    SLICE_X46Y140        LUT5 (Prop_lut5_I0_O)        0.117    10.202 f  union_find/parent[0][4]_i_2/O
                         net (fo=10, routed)          0.618    10.820    union_find/parent[0][4]_i_2_n_0
    SLICE_X43Y141        LUT6 (Prop_lut6_I5_O)        0.348    11.168 r  union_find/parent[10][4]_i_15/O
                         net (fo=1, routed)           0.000    11.168    union_find/parent[10][4]_i_15_n_0
    SLICE_X43Y141        CARRY4 (Prop_carry4_S[0]_O[3])
                                                      0.606    11.774 r  union_find/parent_reg[10][4]_i_3/O[3]
                         net (fo=12, routed)          0.872    12.646    union_find/lowest_edge_return2[3]
    SLICE_X47Y140        LUT2 (Prop_lut2_I0_O)        0.306    12.952 r  union_find/parent_obs[24]_i_15/O
                         net (fo=1, routed)           0.264    13.216    union_find/parent_obs[24]_i_15_n_0
    SLICE_X47Y140        LUT6 (Prop_lut6_I0_O)        0.124    13.340 r  union_find/parent_obs[24]_i_10/O
                         net (fo=2, routed)           1.164    14.504    union_find/parent_obs[24]_i_10_n_0
    SLICE_X50Y142        LUT6 (Prop_lut6_I3_O)        0.124    14.628 r  union_find/queue_reg_0_31_0_1_i_34/O
                         net (fo=1, routed)           0.855    15.483    union_find/queue_reg_0_31_0_1_i_34_n_0
    SLICE_X51Y143        LUT6 (Prop_lut6_I0_O)        0.124    15.607 r  union_find/queue_reg_0_31_0_1_i_18/O
                         net (fo=1, routed)           0.292    15.900    union_find/queue_reg_0_31_0_1_i_18_n_0
    SLICE_X51Y144        LUT6 (Prop_lut6_I3_O)        0.124    16.024 r  union_find/queue_reg_0_31_0_1_i_10/O
                         net (fo=1, routed)           0.000    16.024    union_find/queue_reg_0_31_0_1_i_10_n_0
    SLICE_X51Y144        MUXF7 (Prop_muxf7_I0_O)      0.212    16.236 r  union_find/queue_reg_0_31_0_1_i_2/O
                         net (fo=4, routed)           0.872    17.107    union_find/queue_reg_0_31_0_1/DIB1
    SLICE_X56Y144        RAMD32                                       r  union_find/queue_reg_0_31_0_1/RAMB_D1/I
  -------------------------------------------------------------------    -------------------

                         (clock clk rise edge)       17.000    17.000 r  <hidden>
                                                      0.000    17.000 r  clk
                         net (fo=33112, unset)        0.924    17.924    union_find/queue_reg_0_31_0_1/WCLK
    SLICE_X56Y144        RAMD32                                       r  union_find/queue_reg_0_31_0_1/RAMB_D1/CLK
                         clock pessimism              0.000    17.924    <hidden>
                         clock uncertainty           -0.035    17.889    <hidden>
    SLICE_X56Y144        RAMD32 (Setup_ramd32_CLK_I)
                                                     -0.403    17.486    union_find/queue_reg_0_31_0_1/RAMB_D1
  -------------------------------------------------------------------
                         required time                         17.486    <hidden>
                         arrival time                         -17.107    <hidden>
  -------------------------------------------------------------------
                         slack                                  0.379    <hidden>

Slack (MET) :             0.412ns  (required time - arrival time)
  Source:                 union_find/head_reg[1]/C
                            (rising edge-triggered cell FDRE clocked by clk  {rise@0.000ns fall@8.500ns period=17.000ns})
  Destination:            union_find/queue_reg_0_31_2_3/RAMA/I
                            (rising edge-triggered cell RAMD32 clocked by clk  {rise@0.000ns fall@8.500ns period=17.000ns})
  Path Group:             clk
  Path Type:              Setup (Max at Slow Process Corner)
  Requirement:            17.000ns  (clk rise@17.000ns - clk rise@0.000ns)
  Data Path Delay:        15.810ns  (logic 4.671ns (29.545%)  route 11.139ns (70.455%))
  Logic Levels:           19  (CARRY4=3 LUT2=3 LUT4=4 LUT5=2 LUT6=5 MUXF7=1 RAMD32=1)
  Clock Path Skew:        -0.049ns (DCD - SCD + CPR)
    Destination Clock Delay (DCD):    0.924ns = ( 17.924 - 17.000 ) 
    Source Clock Delay      (SCD):    0.973ns
    Clock Pessimism Removal (CPR):    0.000ns
  Clock Uncertainty:      0.035ns  ((TSJ^2 + TIJ^2)^1/2 + DJ) / 2 + PE
    Total System Jitter     (TSJ):    0.071ns
    Total Input Jitter      (TIJ):    0.000ns
    Discrete Jitter          (DJ):    0.000ns
    Phase Error              (PE):    0.000ns

    Location             Delay type                Incr(ns)  Path(ns)    Netlist Resource(s)
  -------------------------------------------------------------------    -------------------
                         (clock clk rise edge)        0.000     0.000 r  <hidden>
                                                      0.000     0.000 r  clk
                         net (fo=33112, unset)        0.973     0.973    union_find/clk
    SLICE_X55Y142        FDRE                                         r  union_find/head_reg[1]/C
  -------------------------------------------------------------------    -------------------
    SLICE_X55Y142        FDRE (Prop_fdre_C_Q)         0.456     1.429 r  union_find/head_reg[1]/Q
                         net (fo=11, routed)          1.176     2.605    union_find/queue_reg_0_31_0_1/ADDRA1
    SLICE_X56Y144        RAMD32 (Prop_ramd32_RADR1_O)
                                                      0.146     2.751 r  union_find/queue_reg_0_31_0_1/RAMA/O
                         net (fo=112, routed)         0.909     3.660    union_find/node[0]
    SLICE_X54Y142        LUT2 (Prop_lut2_I1_O)        0.328     3.988 r  union_find/parent[24][4]_i_47/O
                         net (fo=1, routed)           0.000     3.988    union_find/parent[24][4]_i_47_n_0
    SLICE_X54Y142        CARRY4 (Prop_carry4_S[0]_CO[3])
                                                      0.513     4.501 r  union_find/parent_reg[24][4]_i_20/CO[3]
                         net (fo=1, routed)           0.000     4.501    union_find/parent_reg[24][4]_i_20_n_0
    SLICE_X54Y143        CARRY4 (Prop_carry4_CI_O[2])
                                                      0.239     4.740 r  union_find/parent_reg[24][4]_i_60/O[2]
                         net (fo=108, routed)         1.564     6.304    union_find/candidates2[8]
    SLICE_X58Y147        LUT6 (Prop_lut6_I5_O)        0.301     6.605 f  union_find/parent[19][4]_i_29/O
                         net (fo=4, routed)           0.837     7.442    union_find/parent[19][4]_i_29_n_0
    SLICE_X57Y146        LUT6 (Prop_lut6_I0_O)        0.124     7.566 f  union_find/parent[19][4]_i_25/O
                         net (fo=4, routed)           0.860     8.426    union_find/parent[19][4]_i_25_n_0
    SLICE_X50Y146        LUT6 (Prop_lut6_I5_O)        0.124     8.550 f  union_find/parent[19][4]_i_10/O
                         net (fo=2, routed)           0.711     9.260    union_find/candidates1[54]
    SLICE_X46Y144        LUT4 (Prop_lut4_I2_O)        0.124     9.384 f  union_find/parent[14][4]_i_21/O
                         net (fo=3, routed)           0.475     9.859    union_find/parent[14][4]_i_21_n_0
    SLICE_X46Y144        LUT5 (Prop_lut5_I4_O)        0.150    10.009 r  union_find/parent[17][4]_i_10/O
                         net (fo=4, routed)           0.603    10.611    union_find/parent[17][4]_i_10_n_0
    SLICE_X42Y144        LUT5 (Prop_lut5_I0_O)        0.328    10.939 r  union_find/parent[21][4]_i_17/O
                         net (fo=7, routed)           0.457    11.396    union_find/parent[21][4]_i_17_n_0
    SLICE_X43Y143        LUT4 (Prop_lut4_I2_O)        0.124    11.520 r  union_find/parent[19][4]_i_20/O
                         net (fo=1, routed)           0.000    11.520    union_find/parent[19][4]_i_20_n_0
    SLICE_X43Y143        CARRY4 (Prop_carry4_S[1]_O[2])
                                                      0.580    12.100 r  union_find/parent_reg[19][4]_i_9/O[2]
                         net (fo=7, routed)           0.785    12.886    union_find/lowest_edge_return2[10]
    SLICE_X46Y146        LUT2 (Prop_lut2_I1_O)        0.302    13.188 f  union_find/parent[21][4]_i_16/O
                         net (fo=3, routed)           0.471    13.658    union_find/parent[21][4]_i_16_n_0
    SLICE_X42Y146        LUT6 (Prop_lut6_I0_O)        0.124    13.782 r  union_find/parent[15][4]_i_5/O
                         net (fo=3, routed)           0.328    14.111    union_find/parent[15][4]_i_5_n_0
    SLICE_X42Y145        LUT2 (Prop_lut2_I1_O)        0.124    14.235 r  union_find/parent_obs[24]_i_5/O
                         net (fo=3, routed)           0.727    14.962    union_find/parent_obs[24]_i_5_n_0
    SLICE_X49Y145        LUT4 (Prop_lut4_I2_O)        0.124    15.086 r  union_find/queue_reg_0_31_2_3_i_55/O
                         net (fo=1, routed)           0.457    15.543    union_find/queue_reg_0_31_2_3_i_55_n_0
    SLICE_X51Y142        LUT4 (Prop_lut4_I1_O)        0.124    15.667 r  union_find/queue_reg_0_31_2_3_i_24/O
                         net (fo=1, routed)           0.151    15.818    union_find/queue_reg_0_31_2_3_i_24_n_0
    SLICE_X51Y142        LUT6 (Prop_lut6_I0_O)        0.124    15.942 r  union_find/queue_reg_0_31_2_3_i_7/O
                         net (fo=1, routed)           0.000    15.942    union_find/queue_reg_0_31_2_3_i_7_n_0
    SLICE_X51Y142        MUXF7 (Prop_muxf7_I0_O)      0.212    16.154 r  union_find/queue_reg_0_31_2_3_i_2/O
                         net (fo=4, routed)           0.628    16.783    union_find/queue_reg_0_31_2_3/DIA0
    SLICE_X56Y143        RAMD32                                       r  union_find/queue_reg_0_31_2_3/RAMA/I
  -------------------------------------------------------------------    -------------------

                         (clock clk rise edge)       17.000    17.000 r  <hidden>
                                                      0.000    17.000 r  clk
                         net (fo=33112, unset)        0.924    17.924    union_find/queue_reg_0_31_2_3/WCLK
    SLICE_X56Y143        RAMD32                                       r  union_find/queue_reg_0_31_2_3/RAMA/CLK
                         clock pessimism              0.000    17.924    <hidden>
                         clock uncertainty           -0.035    17.889    <hidden>
    SLICE_X56Y143        RAMD32 (Setup_ramd32_CLK_I)
                                                     -0.694    17.195    union_find/queue_reg_0_31_2_3/RAMA
  -------------------------------------------------------------------
                         required time                         17.195    <hidden>
                         arrival time                         -16.783    <hidden>
  -------------------------------------------------------------------
                         slack                                  0.412    <hidden>

Slack (MET) :             0.443ns  (required time - arrival time)
  Source:                 union_find/head_reg[1]/C
                            (rising edge-triggered cell FDRE clocked by clk  {rise@0.000ns fall@8.500ns period=17.000ns})
  Destination:            union_find/queue_reg_0_31_0_1/RAMA/I
                            (rising edge-triggered cell RAMD32 clocked by clk  {rise@0.000ns fall@8.500ns period=17.000ns})
  Path Group:             clk
  Path Type:              Setup (Max at Slow Process Corner)
  Requirement:            17.000ns  (clk rise@17.000ns - clk rise@0.000ns)
  Data Path Delay:        15.781ns  (logic 4.889ns (30.981%)  route 10.892ns (69.019%))
  Logic Levels:           19  (CARRY4=4 LUT2=2 LUT3=1 LUT4=1 LUT5=2 LUT6=7 MUXF7=1 RAMD32=1)
  Clock Path Skew:        -0.049ns (DCD - SCD + CPR)
    Destination Clock Delay (DCD):    0.924ns = ( 17.924 - 17.000 ) 
    Source Clock Delay      (SCD):    0.973ns
    Clock Pessimism Removal (CPR):    0.000ns
  Clock Uncertainty:      0.035ns  ((TSJ^2 + TIJ^2)^1/2 + DJ) / 2 + PE
    Total System Jitter     (TSJ):    0.071ns
    Total Input Jitter      (TIJ):    0.000ns
    Discrete Jitter          (DJ):    0.000ns
    Phase Error              (PE):    0.000ns

    Location             Delay type                Incr(ns)  Path(ns)    Netlist Resource(s)
  -------------------------------------------------------------------    -------------------
                         (clock clk rise edge)        0.000     0.000 r  <hidden>
                                                      0.000     0.000 r  clk
                         net (fo=33112, unset)        0.973     0.973    union_find/clk
    SLICE_X55Y142        FDRE                                         r  union_find/head_reg[1]/C
  -------------------------------------------------------------------    -------------------
    SLICE_X55Y142        FDRE (Prop_fdre_C_Q)         0.456     1.429 r  union_find/head_reg[1]/Q
                         net (fo=11, routed)          1.176     2.605    union_find/queue_reg_0_31_0_1/ADDRA1
    SLICE_X56Y144        RAMD32 (Prop_ramd32_RADR1_O)
                                                      0.146     2.751 r  union_find/queue_reg_0_31_0_1/RAMA/O
                         net (fo=112, routed)         0.909     3.660    union_find/node[0]
    SLICE_X54Y142        LUT2 (Prop_lut2_I1_O)        0.328     3.988 r  union_find/parent[24][4]_i_47/O
                         net (fo=1, routed)           0.000     3.988    union_find/parent[24][4]_i_47_n_0
    SLICE_X54Y142        CARRY4 (Prop_carry4_S[0]_CO[3])
                                                      0.513     4.501 r  union_find/parent_reg[24][4]_i_20/CO[3]
                         net (fo=1, routed)           0.000     4.501    union_find/parent_reg[24][4]_i_20_n_0
    SLICE_X54Y143        CARRY4 (Prop_carry4_CI_O[1])
                                                      0.323     4.824 r  union_find/parent_reg[24][4]_i_60/O[1]
                         net (fo=108, routed)         1.493     6.317    union_find/candidates2[7]
    SLICE_X53Y140        LUT6 (Prop_lut6_I2_O)        0.306     6.623 r  union_find/parent[24][4]_i_43/O
                         net (fo=3, routed)           0.745     7.368    union_find/parent[24][4]_i_43_n_0
    SLICE_X57Y141        LUT6 (Prop_lut6_I3_O)        0.124     7.492 r  union_find/parent[24][4]_i_26/O
                         net (fo=1, routed)           0.518     8.011    union_find/parent[24][4]_i_26_n_0
    SLICE_X56Y141        LUT6 (Prop_lut6_I5_O)        0.124     8.135 r  union_find/parent[24][4]_i_10/O
                         net (fo=2, routed)           0.650     8.785    union_find/candidates1[0]
    SLICE_X49Y139        LUT4 (Prop_lut4_I2_O)        0.124     8.909 r  union_find/parent[1][4]_i_6/O
                         net (fo=3, routed)           0.597     9.506    union_find/parent[1][4]_i_6_n_0
    SLICE_X49Y139        LUT5 (Prop_lut5_I0_O)        0.124     9.630 f  union_find/parent[0][4]_i_3/O
                         net (fo=3, routed)           0.455    10.085    union_find/parent[0][4]_i_3_n_0
    SLICE_X46Y140        LUT5 (Prop_lut5_I0_O)        0.117    10.202 f  union_find/parent[0][4]_i_2/O
                         net (fo=10, routed)          0.618    10.820    union_find/parent[0][4]_i_2_n_0
    SLICE_X43Y141        LUT6 (Prop_lut6_I5_O)        0.348    11.168 r  union_find/parent[10][4]_i_15/O
                         net (fo=1, routed)           0.000    11.168    union_find/parent[10][4]_i_15_n_0
    SLICE_X43Y141        CARRY4 (Prop_carry4_S[0]_CO[3])
                                                      0.532    11.700 r  union_find/parent_reg[10][4]_i_3/CO[3]
                         net (fo=1, routed)           0.000    11.700    union_find/parent_reg[10][4]_i_3_n_0
    SLICE_X43Y142        CARRY4 (Prop_carry4_CI_O[3])
                                                      0.313    12.013 f  union_find/parent_reg[11][4]_i_4/O[3]
                         net (fo=7, routed)           0.765    12.778    union_find/lowest_edge_return2[7]
    SLICE_X46Y143        LUT3 (Prop_lut3_I0_O)        0.306    13.084 f  union_find/queue_reg_0_31_2_3_i_39/O
                         net (fo=7, routed)           0.609    13.692    union_find/queue_reg_0_31_2_3_i_39_n_0
    SLICE_X49Y143        LUT6 (Prop_lut6_I0_O)        0.124    13.816 f  union_find/queue_reg_0_31_2_3_i_18/O
                         net (fo=4, routed)           0.468    14.285    union_find/queue_reg_0_31_2_3_i_18_n_0
    SLICE_X50Y143        LUT2 (Prop_lut2_I0_O)        0.124    14.409 r  union_find/queue_reg_0_31_0_1_i_47/O
                         net (fo=1, routed)           0.823    15.232    union_find/queue_reg_0_31_0_1_i_47_n_0
    SLICE_X48Y142        LUT6 (Prop_lut6_I3_O)        0.124    15.356 r  union_find/queue_reg_0_31_0_1_i_23/O
                         net (fo=1, routed)           0.437    15.793    union_find/queue_reg_0_31_0_1_i_23_n_0
    SLICE_X50Y143        LUT6 (Prop_lut6_I1_O)        0.124    15.917 r  union_find/queue_reg_0_31_0_1_i_12/O
                         net (fo=1, routed)           0.000    15.917    union_find/queue_reg_0_31_0_1_i_12_n_0
    SLICE_X50Y143        MUXF7 (Prop_muxf7_I0_O)      0.209    16.126 r  union_find/queue_reg_0_31_0_1_i_3/O
                         net (fo=4, routed)           0.628    16.754    union_find/queue_reg_0_31_0_1/DIA0
    SLICE_X56Y144        RAMD32                                       r  union_find/queue_reg_0_31_0_1/RAMA/I
  -------------------------------------------------------------------    -------------------

                         (clock clk rise edge)       17.000    17.000 r  <hidden>
                                                      0.000    17.000 r  clk
                         net (fo=33112, unset)        0.924    17.924    union_find/queue_reg_0_31_0_1/WCLK
    SLICE_X56Y144        RAMD32                                       r  union_find/queue_reg_0_31_0_1/RAMA/CLK
                         clock pessimism              0.000    17.924    <hidden>
                         clock uncertainty           -0.035    17.889    <hidden>
    SLICE_X56Y144        RAMD32 (Setup_ramd32_CLK_I)
                                                     -0.692    17.197    union_find/queue_reg_0_31_0_1/RAMA
  -------------------------------------------------------------------
                         required time                         17.197    <hidden>
                         arrival time                         -16.754    <hidden>
  -------------------------------------------------------------------
                         slack                                  0.443    <hidden>

Slack (MET) :             0.538ns  (required time - arrival time)
  Source:                 union_find/head_reg[1]/C
                            (rising edge-triggered cell FDRE clocked by clk  {rise@0.000ns fall@8.500ns period=17.000ns})
  Destination:            union_find/queue_reg_0_31_0_1/RAMA_D1/I
                            (rising edge-triggered cell RAMD32 clocked by clk  {rise@0.000ns fall@8.500ns period=17.000ns})
  Path Group:             clk
  Path Type:              Setup (Max at Slow Process Corner)
  Requirement:            17.000ns  (clk rise@17.000ns - clk rise@0.000ns)
  Data Path Delay:        15.945ns  (logic 4.653ns (29.182%)  route 11.292ns (70.818%))
  Logic Levels:           18  (CARRY4=3 LUT2=2 LUT4=1 LUT5=2 LUT6=8 MUXF7=1 RAMD32=1)
  Clock Path Skew:        -0.049ns (DCD - SCD + CPR)
    Destination Clock Delay (DCD):    0.924ns = ( 17.924 - 17.000 ) 
    Source Clock Delay      (SCD):    0.973ns
    Clock Pessimism Removal (CPR):    0.000ns
  Clock Uncertainty:      0.035ns  ((TSJ^2 + TIJ^2)^1/2 + DJ) / 2 + PE
    Total System Jitter     (TSJ):    0.071ns
    Total Input Jitter      (TIJ):    0.000ns
    Discrete Jitter          (DJ):    0.000ns
    Phase Error              (PE):    0.000ns

    Location             Delay type                Incr(ns)  Path(ns)    Netlist Resource(s)
  -------------------------------------------------------------------    -------------------
                         (clock clk rise edge)        0.000     0.000 r  <hidden>
                                                      0.000     0.000 r  clk
                         net (fo=33112, unset)        0.973     0.973    union_find/clk
    SLICE_X55Y142        FDRE                                         r  union_find/head_reg[1]/C
  -------------------------------------------------------------------    -------------------
    SLICE_X55Y142        FDRE (Prop_fdre_C_Q)         0.456     1.429 r  union_find/head_reg[1]/Q
                         net (fo=11, routed)          1.176     2.605    union_find/queue_reg_0_31_0_1/ADDRA1
    SLICE_X56Y144        RAMD32 (Prop_ramd32_RADR1_O)
                                                      0.146     2.751 r  union_find/queue_reg_0_31_0_1/RAMA/O
                         net (fo=112, routed)         0.909     3.660    union_find/node[0]
    SLICE_X54Y142        LUT2 (Prop_lut2_I1_O)        0.328     3.988 r  union_find/parent[24][4]_i_47/O
                         net (fo=1, routed)           0.000     3.988    union_find/parent[24][4]_i_47_n_0
    SLICE_X54Y142        CARRY4 (Prop_carry4_S[0]_CO[3])
                                                      0.513     4.501 r  union_find/parent_reg[24][4]_i_20/CO[3]
                         net (fo=1, routed)           0.000     4.501    union_find/parent_reg[24][4]_i_20_n_0
    SLICE_X54Y143        CARRY4 (Prop_carry4_CI_O[1])
                                                      0.323     4.824 r  union_find/parent_reg[24][4]_i_60/O[1]
                         net (fo=108, routed)         1.493     6.317    union_find/candidates2[7]
    SLICE_X53Y140        LUT6 (Prop_lut6_I2_O)        0.306     6.623 r  union_find/parent[24][4]_i_43/O
                         net (fo=3, routed)           0.745     7.368    union_find/parent[24][4]_i_43_n_0
    SLICE_X57Y141        LUT6 (Prop_lut6_I3_O)        0.124     7.492 r  union_find/parent[24][4]_i_26/O
                         net (fo=1, routed)           0.518     8.011    union_find/parent[24][4]_i_26_n_0
    SLICE_X56Y141        LUT6 (Prop_lut6_I5_O)        0.124     8.135 r  union_find/parent[24][4]_i_10/O
                         net (fo=2, routed)           0.650     8.785    union_find/candidates1[0]
    SLICE_X49Y139        LUT4 (Prop_lut4_I2_O)        0.124     8.909 r  union_find/parent[1][4]_i_6/O
                         net (fo=3, routed)           0.597     9.506    union_find/parent[1][4]_i_6_n_0
    SLICE_X49Y139        LUT5 (Prop_lut5_I0_O)        0.124     9.630 f  union_find/parent[0][4]_i_3/O
                         net (fo=3, routed)           0.455    10.085    union_find/parent[0][4]_i_3_n_0
    SLICE_X46Y140        LUT5 (Prop_lut5_I0_O)        0.117    10.202 f  union_find/parent[0][4]_i_2/O
                         net (fo=10, routed)          0.618    10.820    union_find/parent[0][4]_i_2_n_0
    SLICE_X43Y141        LUT6 (Prop_lut6_I5_O)        0.348    11.168 r  union_find/parent[10][4]_i_15/O
                         net (fo=1, routed)           0.000    11.168    union_find/parent[10][4]_i_15_n_0
    SLICE_X43Y141        CARRY4 (Prop_carry4_S[0]_O[3])
                                                      0.606    11.774 r  union_find/parent_reg[10][4]_i_3/O[3]
                         net (fo=12, routed)          0.872    12.646    union_find/lowest_edge_return2[3]
    SLICE_X47Y140        LUT2 (Prop_lut2_I0_O)        0.306    12.952 r  union_find/parent_obs[24]_i_15/O
                         net (fo=1, routed)           0.264    13.216    union_find/parent_obs[24]_i_15_n_0
    SLICE_X47Y140        LUT6 (Prop_lut6_I0_O)        0.124    13.340 r  union_find/parent_obs[24]_i_10/O
                         net (fo=2, routed)           1.164    14.504    union_find/parent_obs[24]_i_10_n_0
    SLICE_X50Y142        LUT6 (Prop_lut6_I3_O)        0.124    14.628 r  union_find/queue_reg_0_31_0_1_i_34/O
                         net (fo=1, routed)           0.855    15.483    union_find/queue_reg_0_31_0_1_i_34_n_0
    SLICE_X51Y143        LUT6 (Prop_lut6_I0_O)        0.124    15.607 r  union_find/queue_reg_0_31_0_1_i_18/O
                         net (fo=1, routed)           0.292    15.900    union_find/queue_reg_0_31_0_1_i_18_n_0
    SLICE_X51Y144        LUT6 (Prop_lut6_I3_O)        0.124    16.024 r  union_find/queue_reg_0_31_0_1_i_10/O
                         net (fo=1, routed)           0.000    16.024    union_find/queue_reg_0_31_0_1_i_10_n_0
    SLICE_X51Y144        MUXF7 (Prop_muxf7_I0_O)      0.212    16.236 r  union_find/queue_reg_0_31_0_1_i_2/O
                         net (fo=4, routed)           0.682    16.918    union_find/queue_reg_0_31_0_1/DIA1
    SLICE_X56Y144        RAMD32                                       r  union_find/queue_reg_0_31_0_1/RAMA_D1/I
  -------------------------------------------------------------------    -------------------

                         (clock clk rise edge)       17.000    17.000 r  <hidden>
                                                      0.000    17.000 r  clk
                         net (fo=33112, unset)        0.924    17.924    union_find/queue_reg_0_31_0_1/WCLK
    SLICE_X56Y144        RAMD32                                       r  union_find/queue_reg_0_31_0_1/RAMA_D1/CLK
                         clock pessimism              0.000    17.924    <hidden>
                         clock uncertainty           -0.035    17.889    <hidden>
    SLICE_X56Y144        RAMD32 (Setup_ramd32_CLK_I)
                                                     -0.433    17.456    union_find/queue_reg_0_31_0_1/RAMA_D1
  -------------------------------------------------------------------
                         required time                         17.456    <hidden>
                         arrival time                         -16.918    <hidden>
  -------------------------------------------------------------------
                         slack                                  0.538    <hidden>

Slack (MET) :             0.588ns  (required time - arrival time)
  Source:                 union_find/head_reg[1]/C
                            (rising edge-triggered cell FDRE clocked by clk  {rise@0.000ns fall@8.500ns period=17.000ns})
  Destination:            union_find/queue_reg_0_31_0_1/RAMD_D1/I
                            (rising edge-triggered cell RAMS32 clocked by clk  {rise@0.000ns fall@8.500ns period=17.000ns})
  Path Group:             clk
  Path Type:              Setup (Max at Slow Process Corner)
  Requirement:            17.000ns  (clk rise@17.000ns - clk rise@0.000ns)
  Data Path Delay:        15.945ns  (logic 4.653ns (29.182%)  route 11.292ns (70.818%))
  Logic Levels:           18  (CARRY4=3 LUT2=2 LUT4=1 LUT5=2 LUT6=8 MUXF7=1 RAMD32=1)
  Clock Path Skew:        -0.049ns (DCD - SCD + CPR)
    Destination Clock Delay (DCD):    0.924ns = ( 17.924 - 17.000 ) 
    Source Clock Delay      (SCD):    0.973ns
    Clock Pessimism Removal (CPR):    0.000ns
  Clock Uncertainty:      0.035ns  ((TSJ^2 + TIJ^2)^1/2 + DJ) / 2 + PE
    Total System Jitter     (TSJ):    0.071ns
    Total Input Jitter      (TIJ):    0.000ns
    Discrete Jitter          (DJ):    0.000ns
    Phase Error              (PE):    0.000ns

    Location             Delay type                Incr(ns)  Path(ns)    Netlist Resource(s)
  -------------------------------------------------------------------    -------------------
                         (clock clk rise edge)        0.000     0.000 r  <hidden>
                                                      0.000     0.000 r  clk
                         net (fo=33112, unset)        0.973     0.973    union_find/clk
    SLICE_X55Y142        FDRE                                         r  union_find/head_reg[1]/C
  -------------------------------------------------------------------    -------------------
    SLICE_X55Y142        FDRE (Prop_fdre_C_Q)         0.456     1.429 r  union_find/head_reg[1]/Q
                         net (fo=11, routed)          1.176     2.605    union_find/queue_reg_0_31_0_1/ADDRA1
    SLICE_X56Y144        RAMD32 (Prop_ramd32_RADR1_O)
                                                      0.146     2.751 r  union_find/queue_reg_0_31_0_1/RAMA/O
                         net (fo=112, routed)         0.909     3.660    union_find/node[0]
    SLICE_X54Y142        LUT2 (Prop_lut2_I1_O)        0.328     3.988 r  union_find/parent[24][4]_i_47/O
                         net (fo=1, routed)           0.000     3.988    union_find/parent[24][4]_i_47_n_0
    SLICE_X54Y142        CARRY4 (Prop_carry4_S[0]_CO[3])
                                                      0.513     4.501 r  union_find/parent_reg[24][4]_i_20/CO[3]
                         net (fo=1, routed)           0.000     4.501    union_find/parent_reg[24][4]_i_20_n_0
    SLICE_X54Y143        CARRY4 (Prop_carry4_CI_O[1])
                                                      0.323     4.824 r  union_find/parent_reg[24][4]_i_60/O[1]
                         net (fo=108, routed)         1.493     6.317    union_find/candidates2[7]
    SLICE_X53Y140        LUT6 (Prop_lut6_I2_O)        0.306     6.623 r  union_find/parent[24][4]_i_43/O
                         net (fo=3, routed)           0.745     7.368    union_find/parent[24][4]_i_43_n_0
    SLICE_X57Y141        LUT6 (Prop_lut6_I3_O)        0.124     7.492 r  union_find/parent[24][4]_i_26/O
                         net (fo=1, routed)           0.518     8.011    union_find/parent[24][4]_i_26_n_0
    SLICE_X56Y141        LUT6 (Prop_lut6_I5_O)        0.124     8.135 r  union_find/parent[24][4]_i_10/O
                         net (fo=2, routed)           0.650     8.785    union_find/candidates1[0]
    SLICE_X49Y139        LUT4 (Prop_lut4_I2_O)        0.124     8.909 r  union_find/parent[1][4]_i_6/O
                         net (fo=3, routed)           0.597     9.506    union_find/parent[1][4]_i_6_n_0
    SLICE_X49Y139        LUT5 (Prop_lut5_I0_O)        0.124     9.630 f  union_find/parent[0][4]_i_3/O
                         net (fo=3, routed)           0.455    10.085    union_find/parent[0][4]_i_3_n_0
    SLICE_X46Y140        LUT5 (Prop_lut5_I0_O)        0.117    10.202 f  union_find/parent[0][4]_i_2/O
                         net (fo=10, routed)          0.618    10.820    union_find/parent[0][4]_i_2_n_0
    SLICE_X43Y141        LUT6 (Prop_lut6_I5_O)        0.348    11.168 r  union_find/parent[10][4]_i_15/O
                         net (fo=1, routed)           0.000    11.168    union_find/parent[10][4]_i_15_n_0
    SLICE_X43Y141        CARRY4 (Prop_carry4_S[0]_O[3])
                                                      0.606    11.774 r  union_find/parent_reg[10][4]_i_3/O[3]
                         net (fo=12, routed)          0.872    12.646    union_find/lowest_edge_return2[3]
    SLICE_X47Y140        LUT2 (Prop_lut2_I0_O)        0.306    12.952 r  union_find/parent_obs[24]_i_15/O
                         net (fo=1, routed)           0.264    13.216    union_find/parent_obs[24]_i_15_n_0
    SLICE_X47Y140        LUT6 (Prop_lut6_I0_O)        0.124    13.340 r  union_find/parent_obs[24]_i_10/O
                         net (fo=2, routed)           1.164    14.504    union_find/parent_obs[24]_i_10_n_0
    SLICE_X50Y142        LUT6 (Prop_lut6_I3_O)        0.124    14.628 r  union_find/queue_reg_0_31_0_1_i_34/O
                         net (fo=1, routed)           0.855    15.483    union_find/queue_reg_0_31_0_1_i_34_n_0
    SLICE_X51Y143        LUT6 (Prop_lut6_I0_O)        0.124    15.607 r  union_find/queue_reg_0_31_0_1_i_18/O
                         net (fo=1, routed)           0.292    15.900    union_find/queue_reg_0_31_0_1_i_18_n_0
    SLICE_X51Y144        LUT6 (Prop_lut6_I3_O)        0.124    16.024 r  union_find/queue_reg_0_31_0_1_i_10/O
                         net (fo=1, routed)           0.000    16.024    union_find/queue_reg_0_31_0_1_i_10_n_0
    SLICE_X51Y144        MUXF7 (Prop_muxf7_I0_O)      0.212    16.236 r  union_find/queue_reg_0_31_0_1_i_2/O
                         net (fo=4, routed)           0.682    16.918    union_find/queue_reg_0_31_0_1/DID1
    SLICE_X56Y144        RAMS32                                       r  union_find/queue_reg_0_31_0_1/RAMD_D1/I
  -------------------------------------------------------------------    -------------------

                         (clock clk rise edge)       17.000    17.000 r  <hidden>
                                                      0.000    17.000 r  clk
                         net (fo=33112, unset)        0.924    17.924    union_find/queue_reg_0_31_0_1/WCLK
    SLICE_X56Y144        RAMS32                                       r  union_find/queue_reg_0_31_0_1/RAMD_D1/CLK
                         clock pessimism              0.000    17.924    <hidden>
                         clock uncertainty           -0.035    17.889    <hidden>
    SLICE_X56Y144        RAMS32 (Setup_rams32_CLK_I)
                                                     -0.383    17.506    union_find/queue_reg_0_31_0_1/RAMD_D1
  -------------------------------------------------------------------
                         required time                         17.506    <hidden>
                         arrival time                         -16.918    <hidden>
  -------------------------------------------------------------------
                         slack                                  0.588    <hidden>

Slack (MET) :             0.594ns  (required time - arrival time)
  Source:                 union_find/head_reg[1]/C
                            (rising edge-triggered cell FDRE clocked by clk  {rise@0.000ns fall@8.500ns period=17.000ns})
  Destination:            union_find/queue_reg_0_31_4_4/RAMB/I
                            (rising edge-triggered cell RAMD32 clocked by clk  {rise@0.000ns fall@8.500ns period=17.000ns})
  Path Group:             clk
  Path Type:              Setup (Max at Slow Process Corner)
  Requirement:            17.000ns  (clk rise@17.000ns - clk rise@0.000ns)
  Data Path Delay:        15.897ns  (logic 4.671ns (29.383%)  route 11.226ns (70.617%))
  Logic Levels:           19  (CARRY4=3 LUT2=3 LUT4=2 LUT5=3 LUT6=6 MUXF7=1 RAMD32=1)
  Clock Path Skew:        -0.049ns (DCD - SCD + CPR)
    Destination Clock Delay (DCD):    0.924ns = ( 17.924 - 17.000 ) 
    Source Clock Delay      (SCD):    0.973ns
    Clock Pessimism Removal (CPR):    0.000ns
  Clock Uncertainty:      0.035ns  ((TSJ^2 + TIJ^2)^1/2 + DJ) / 2 + PE
    Total System Jitter     (TSJ):    0.071ns
    Total Input Jitter      (TIJ):    0.000ns
    Discrete Jitter          (DJ):    0.000ns
    Phase Error              (PE):    0.000ns

    Location             Delay type                Incr(ns)  Path(ns)    Netlist Resource(s)
  -------------------------------------------------------------------    -------------------
                         (clock clk rise edge)        0.000     0.000 r  <hidden>
                                                      0.000     0.000 r  clk
                         net (fo=33112, unset)        0.973     0.973    union_find/clk
    SLICE_X55Y142        FDRE                                         r  union_find/head_reg[1]/C
  -------------------------------------------------------------------    -------------------
    SLICE_X55Y142        FDRE (Prop_fdre_C_Q)         0.456     1.429 r  union_find/head_reg[1]/Q
                         net (fo=11, routed)          1.176     2.605    union_find/queue_reg_0_31_0_1/ADDRA1
    SLICE_X56Y144        RAMD32 (Prop_ramd32_RADR1_O)
                                                      0.146     2.751 r  union_find/queue_reg_0_31_0_1/RAMA/O
                         net (fo=112, routed)         0.909     3.660    union_find/node[0]
    SLICE_X54Y142        LUT2 (Prop_lut2_I1_O)        0.328     3.988 r  union_find/parent[24][4]_i_47/O
                         net (fo=1, routed)           0.000     3.988    union_find/parent[24][4]_i_47_n_0
    SLICE_X54Y142        CARRY4 (Prop_carry4_S[0]_CO[3])
                                                      0.513     4.501 r  union_find/parent_reg[24][4]_i_20/CO[3]
                         net (fo=1, routed)           0.000     4.501    union_find/parent_reg[24][4]_i_20_n_0
    SLICE_X54Y143        CARRY4 (Prop_carry4_CI_O[2])
                                                      0.239     4.740 r  union_find/parent_reg[24][4]_i_60/O[2]
                         net (fo=108, routed)         1.564     6.304    union_find/candidates2[8]
    SLICE_X58Y147        LUT6 (Prop_lut6_I5_O)        0.301     6.605 f  union_find/parent[19][4]_i_29/O
                         net (fo=4, routed)           0.837     7.442    union_find/parent[19][4]_i_29_n_0
    SLICE_X57Y146        LUT6 (Prop_lut6_I0_O)        0.124     7.566 f  union_find/parent[19][4]_i_25/O
                         net (fo=4, routed)           0.860     8.426    union_find/parent[19][4]_i_25_n_0
    SLICE_X50Y146        LUT6 (Prop_lut6_I5_O)        0.124     8.550 f  union_find/parent[19][4]_i_10/O
                         net (fo=2, routed)           0.711     9.260    union_find/candidates1[54]
    SLICE_X46Y144        LUT4 (Prop_lut4_I2_O)        0.124     9.384 f  union_find/parent[14][4]_i_21/O
                         net (fo=3, routed)           0.475     9.859    union_find/parent[14][4]_i_21_n_0
    SLICE_X46Y144        LUT5 (Prop_lut5_I4_O)        0.150    10.009 r  union_find/parent[17][4]_i_10/O
                         net (fo=4, routed)           0.603    10.611    union_find/parent[17][4]_i_10_n_0
    SLICE_X42Y144        LUT5 (Prop_lut5_I0_O)        0.328    10.939 r  union_find/parent[21][4]_i_17/O
                         net (fo=7, routed)           0.457    11.396    union_find/parent[21][4]_i_17_n_0
    SLICE_X43Y143        LUT4 (Prop_lut4_I2_O)        0.124    11.520 r  union_find/parent[19][4]_i_20/O
                         net (fo=1, routed)           0.000    11.520    union_find/parent[19][4]_i_20_n_0
    SLICE_X43Y143        CARRY4 (Prop_carry4_S[1]_O[2])
                                                      0.580    12.100 f  union_find/parent_reg[19][4]_i_9/O[2]
                         net (fo=7, routed)           0.785    12.886    union_find/lowest_edge_return2[10]
    SLICE_X46Y146        LUT2 (Prop_lut2_I1_O)        0.302    13.188 r  union_find/parent[21][4]_i_16/O
                         net (fo=3, routed)           0.306    13.494    union_find/parent[21][4]_i_16_n_0
    SLICE_X46Y146        LUT6 (Prop_lut6_I0_O)        0.124    13.618 r  union_find/parent[18][4]_i_7/O
                         net (fo=1, routed)           0.475    14.093    union_find/parent[18][4]_i_7_n_0
    SLICE_X46Y146        LUT5 (Prop_lut5_I4_O)        0.124    14.217 f  union_find/parent[18][4]_i_5/O
                         net (fo=6, routed)           0.346    14.563    union_find/parent[18][4]_i_5_n_0
    SLICE_X49Y145        LUT2 (Prop_lut2_I1_O)        0.124    14.687 r  union_find/queue_reg_0_31_4_4_i_12/O
                         net (fo=1, routed)           0.636    15.323    union_find/queue_reg_0_31_4_4_i_12_n_0
    SLICE_X48Y146        LUT6 (Prop_lut6_I1_O)        0.124    15.447 r  union_find/queue_reg_0_31_4_4_i_7/O
                         net (fo=1, routed)           0.620    16.067    union_find/queue_reg_0_31_4_4_i_7_n_0
    SLICE_X52Y143        LUT6 (Prop_lut6_I3_O)        0.124    16.191 r  union_find/queue_reg_0_31_4_4_i_2/O
                         net (fo=1, routed)           0.000    16.191    union_find/queue_reg_0_31_4_4_i_2_n_0
    SLICE_X52Y143        MUXF7 (Prop_muxf7_I0_O)      0.212    16.403 r  union_find/queue_reg_0_31_4_4_i_1/O
                         net (fo=4, routed)           0.467    16.870    union_find/queue_reg_0_31_4_4/DIB0
    SLICE_X54Y141        RAMD32                                       r  union_find/queue_reg_0_31_4_4/RAMB/I
  -------------------------------------------------------------------    -------------------

                         (clock clk rise edge)       17.000    17.000 r  <hidden>
                                                      0.000    17.000 r  clk
                         net (fo=33112, unset)        0.924    17.924    union_find/queue_reg_0_31_4_4/WCLK
    SLICE_X54Y141        RAMD32                                       r  union_find/queue_reg_0_31_4_4/RAMB/CLK
                         clock pessimism              0.000    17.924    <hidden>
                         clock uncertainty           -0.035    17.889    <hidden>
    SLICE_X54Y141        RAMD32 (Setup_ramd32_CLK_I)
                                                     -0.425    17.464    union_find/queue_reg_0_31_4_4/RAMB
  -------------------------------------------------------------------
                         required time                         17.464    <hidden>
                         arrival time                         -16.870    <hidden>
  -------------------------------------------------------------------
                         slack                                  0.594    <hidden>

Slack (MET) :             0.606ns  (required time - arrival time)
  Source:                 union_find/head_reg[1]/C
                            (rising edge-triggered cell FDRE clocked by clk  {rise@0.000ns fall@8.500ns period=17.000ns})
  Destination:            union_find/queue_reg_0_31_4_4/RAMC/I
                            (rising edge-triggered cell RAMD32 clocked by clk  {rise@0.000ns fall@8.500ns period=17.000ns})
  Path Group:             clk
  Path Type:              Setup (Max at Slow Process Corner)
  Requirement:            17.000ns  (clk rise@17.000ns - clk rise@0.000ns)
  Data Path Delay:        15.897ns  (logic 4.671ns (29.383%)  route 11.226ns (70.617%))
  Logic Levels:           19  (CARRY4=3 LUT2=3 LUT4=2 LUT5=3 LUT6=6 MUXF7=1 RAMD32=1)
  Clock Path Skew:        -0.049ns (DCD - SCD + CPR)
    Destination Clock Delay (DCD):    0.924ns = ( 17.924 - 17.000 ) 
    Source Clock Delay      (SCD):    0.973ns
    Clock Pessimism Removal (CPR):    0.000ns
  Clock Uncertainty:      0.035ns  ((TSJ^2 + TIJ^2)^1/2 + DJ) / 2 + PE
    Total System Jitter     (TSJ):    0.071ns
    Total Input Jitter      (TIJ):    0.000ns
    Discrete Jitter          (DJ):    0.000ns
    Phase Error              (PE):    0.000ns

    Location             Delay type                Incr(ns)  Path(ns)    Netlist Resource(s)
  -------------------------------------------------------------------    -------------------
                         (clock clk rise edge)        0.000     0.000 r  <hidden>
                                                      0.000     0.000 r  clk
                         net (fo=33112, unset)        0.973     0.973    union_find/clk
    SLICE_X55Y142        FDRE                                         r  union_find/head_reg[1]/C
  -------------------------------------------------------------------    -------------------
    SLICE_X55Y142        FDRE (Prop_fdre_C_Q)         0.456     1.429 r  union_find/head_reg[1]/Q
                         net (fo=11, routed)          1.176     2.605    union_find/queue_reg_0_31_0_1/ADDRA1
    SLICE_X56Y144        RAMD32 (Prop_ramd32_RADR1_O)
                                                      0.146     2.751 r  union_find/queue_reg_0_31_0_1/RAMA/O
                         net (fo=112, routed)         0.909     3.660    union_find/node[0]
    SLICE_X54Y142        LUT2 (Prop_lut2_I1_O)        0.328     3.988 r  union_find/parent[24][4]_i_47/O
                         net (fo=1, routed)           0.000     3.988    union_find/parent[24][4]_i_47_n_0
    SLICE_X54Y142        CARRY4 (Prop_carry4_S[0]_CO[3])
                                                      0.513     4.501 r  union_find/parent_reg[24][4]_i_20/CO[3]
                         net (fo=1, routed)           0.000     4.501    union_find/parent_reg[24][4]_i_20_n_0
    SLICE_X54Y143        CARRY4 (Prop_carry4_CI_O[2])
                                                      0.239     4.740 r  union_find/parent_reg[24][4]_i_60/O[2]
                         net (fo=108, routed)         1.564     6.304    union_find/candidates2[8]
    SLICE_X58Y147        LUT6 (Prop_lut6_I5_O)        0.301     6.605 f  union_find/parent[19][4]_i_29/O
                         net (fo=4, routed)           0.837     7.442    union_find/parent[19][4]_i_29_n_0
    SLICE_X57Y146        LUT6 (Prop_lut6_I0_O)        0.124     7.566 f  union_find/parent[19][4]_i_25/O
                         net (fo=4, routed)           0.860     8.426    union_find/parent[19][4]_i_25_n_0
    SLICE_X50Y146        LUT6 (Prop_lut6_I5_O)        0.124     8.550 f  union_find/parent[19][4]_i_10/O
                         net (fo=2, routed)           0.711     9.260    union_find/candidates1[54]
    SLICE_X46Y144        LUT4 (Prop_lut4_I2_O)        0.124     9.384 f  union_find/parent[14][4]_i_21/O
                         net (fo=3, routed)           0.475     9.859    union_find/parent[14][4]_i_21_n_0
    SLICE_X46Y144        LUT5 (Prop_lut5_I4_O)        0.150    10.009 r  union_find/parent[17][4]_i_10/O
                         net (fo=4, routed)           0.603    10.611    union_find/parent[17][4]_i_10_n_0
    SLICE_X42Y144        LUT5 (Prop_lut5_I0_O)        0.328    10.939 r  union_find/parent[21][4]_i_17/O
                         net (fo=7, routed)           0.457    11.396    union_find/parent[21][4]_i_17_n_0
    SLICE_X43Y143        LUT4 (Prop_lut4_I2_O)        0.124    11.520 r  union_find/parent[19][4]_i_20/O
                         net (fo=1, routed)           0.000    11.520    union_find/parent[19][4]_i_20_n_0
    SLICE_X43Y143        CARRY4 (Prop_carry4_S[1]_O[2])
                                                      0.580    12.100 f  union_find/parent_reg[19][4]_i_9/O[2]
                         net (fo=7, routed)           0.785    12.886    union_find/lowest_edge_return2[10]
    SLICE_X46Y146        LUT2 (Prop_lut2_I1_O)        0.302    13.188 r  union_find/parent[21][4]_i_16/O
                         net (fo=3, routed)           0.306    13.494    union_find/parent[21][4]_i_16_n_0
    SLICE_X46Y146        LUT6 (Prop_lut6_I0_O)        0.124    13.618 r  union_find/parent[18][4]_i_7/O
                         net (fo=1, routed)           0.475    14.093    union_find/parent[18][4]_i_7_n_0
    SLICE_X46Y146        LUT5 (Prop_lut5_I4_O)        0.124    14.217 f  union_find/parent[18][4]_i_5/O
                         net (fo=6, routed)           0.346    14.563    union_find/parent[18][4]_i_5_n_0
    SLICE_X49Y145        LUT2 (Prop_lut2_I1_O)        0.124    14.687 r  union_find/queue_reg_0_31_4_4_i_12/O
                         net (fo=1, routed)           0.636    15.323    union_find/queue_reg_0_31_4_4_i_12_n_0
    SLICE_X48Y146        LUT6 (Prop_lut6_I1_O)        0.124    15.447 r  union_find/queue_reg_0_31_4_4_i_7/O
                         net (fo=1, routed)           0.620    16.067    union_find/queue_reg_0_31_4_4_i_7_n_0
    SLICE_X52Y143        LUT6 (Prop_lut6_I3_O)        0.124    16.191 r  union_find/queue_reg_0_31_4_4_i_2/O
                         net (fo=1, routed)           0.000    16.191    union_find/queue_reg_0_31_4_4_i_2_n_0
    SLICE_X52Y143        MUXF7 (Prop_muxf7_I0_O)      0.212    16.403 r  union_find/queue_reg_0_31_4_4_i_1/O
                         net (fo=4, routed)           0.467    16.870    union_find/queue_reg_0_31_4_4/DIC0
    SLICE_X54Y141        RAMD32                                       r  union_find/queue_reg_0_31_4_4/RAMC/I
  -------------------------------------------------------------------    -------------------

                         (clock clk rise edge)       17.000    17.000 r  <hidden>
                                                      0.000    17.000 r  clk
                         net (fo=33112, unset)        0.924    17.924    union_find/queue_reg_0_31_4_4/WCLK
    SLICE_X54Y141        RAMD32                                       r  union_find/queue_reg_0_31_4_4/RAMC/CLK
                         clock pessimism              0.000    17.924    <hidden>
                         clock uncertainty           -0.035    17.889    <hidden>
    SLICE_X54Y141        RAMD32 (Setup_ramd32_CLK_I)
                                                     -0.413    17.476    union_find/queue_reg_0_31_4_4/RAMC
  -------------------------------------------------------------------
                         required time                         17.476    <hidden>
                         arrival time                         -16.870    <hidden>
  -------------------------------------------------------------------
                         slack                                  0.606    <hidden>

Slack (MET) :             0.681ns  (required time - arrival time)
  Source:                 union_find/head_reg[1]/C
                            (rising edge-triggered cell FDRE clocked by clk  {rise@0.000ns fall@8.500ns period=17.000ns})
  Destination:            union_find/queue_reg_0_31_2_3/RAMB/I
                            (rising edge-triggered cell RAMD32 clocked by clk  {rise@0.000ns fall@8.500ns period=17.000ns})
  Path Group:             clk
  Path Type:              Setup (Max at Slow Process Corner)
  Requirement:            17.000ns  (clk rise@17.000ns - clk rise@0.000ns)
  Data Path Delay:        15.810ns  (logic 4.671ns (29.545%)  route 11.139ns (70.455%))
  Logic Levels:           19  (CARRY4=3 LUT2=3 LUT4=4 LUT5=2 LUT6=5 MUXF7=1 RAMD32=1)
  Clock Path Skew:        -0.049ns (DCD - SCD + CPR)
    Destination Clock Delay (DCD):    0.924ns = ( 17.924 - 17.000 ) 
    Source Clock Delay      (SCD):    0.973ns
    Clock Pessimism Removal (CPR):    0.000ns
  Clock Uncertainty:      0.035ns  ((TSJ^2 + TIJ^2)^1/2 + DJ) / 2 + PE
    Total System Jitter     (TSJ):    0.071ns
    Total Input Jitter      (TIJ):    0.000ns
    Discrete Jitter          (DJ):    0.000ns
    Phase Error              (PE):    0.000ns

    Location             Delay type                Incr(ns)  Path(ns)    Netlist Resource(s)
  -------------------------------------------------------------------    -------------------
                         (clock clk rise edge)        0.000     0.000 r  <hidden>
                                                      0.000     0.000 r  clk
                         net (fo=33112, unset)        0.973     0.973    union_find/clk
    SLICE_X55Y142        FDRE                                         r  union_find/head_reg[1]/C
  -------------------------------------------------------------------    -------------------
    SLICE_X55Y142        FDRE (Prop_fdre_C_Q)         0.456     1.429 r  union_find/head_reg[1]/Q
                         net (fo=11, routed)          1.176     2.605    union_find/queue_reg_0_31_0_1/ADDRA1
    SLICE_X56Y144        RAMD32 (Prop_ramd32_RADR1_O)
                                                      0.146     2.751 r  union_find/queue_reg_0_31_0_1/RAMA/O
                         net (fo=112, routed)         0.909     3.660    union_find/node[0]
    SLICE_X54Y142        LUT2 (Prop_lut2_I1_O)        0.328     3.988 r  union_find/parent[24][4]_i_47/O
                         net (fo=1, routed)           0.000     3.988    union_find/parent[24][4]_i_47_n_0
    SLICE_X54Y142        CARRY4 (Prop_carry4_S[0]_CO[3])
                                                      0.513     4.501 r  union_find/parent_reg[24][4]_i_20/CO[3]
                         net (fo=1, routed)           0.000     4.501    union_find/parent_reg[24][4]_i_20_n_0
    SLICE_X54Y143        CARRY4 (Prop_carry4_CI_O[2])
                                                      0.239     4.740 r  union_find/parent_reg[24][4]_i_60/O[2]
                         net (fo=108, routed)         1.564     6.304    union_find/candidates2[8]
    SLICE_X58Y147        LUT6 (Prop_lut6_I5_O)        0.301     6.605 f  union_find/parent[19][4]_i_29/O
                         net (fo=4, routed)           0.837     7.442    union_find/parent[19][4]_i_29_n_0
    SLICE_X57Y146        LUT6 (Prop_lut6_I0_O)        0.124     7.566 f  union_find/parent[19][4]_i_25/O
                         net (fo=4, routed)           0.860     8.426    union_find/parent[19][4]_i_25_n_0
    SLICE_X50Y146        LUT6 (Prop_lut6_I5_O)        0.124     8.550 f  union_find/parent[19][4]_i_10/O
                         net (fo=2, routed)           0.711     9.260    union_find/candidates1[54]
    SLICE_X46Y144        LUT4 (Prop_lut4_I2_O)        0.124     9.384 f  union_find/parent[14][4]_i_21/O
                         net (fo=3, routed)           0.475     9.859    union_find/parent[14][4]_i_21_n_0
    SLICE_X46Y144        LUT5 (Prop_lut5_I4_O)        0.150    10.009 r  union_find/parent[17][4]_i_10/O
                         net (fo=4, routed)           0.603    10.611    union_find/parent[17][4]_i_10_n_0
    SLICE_X42Y144        LUT5 (Prop_lut5_I0_O)        0.328    10.939 r  union_find/parent[21][4]_i_17/O
                         net (fo=7, routed)           0.457    11.396    union_find/parent[21][4]_i_17_n_0
    SLICE_X43Y143        LUT4 (Prop_lut4_I2_O)        0.124    11.520 r  union_find/parent[19][4]_i_20/O
                         net (fo=1, routed)           0.000    11.520    union_find/parent[19][4]_i_20_n_0
    SLICE_X43Y143        CARRY4 (Prop_carry4_S[1]_O[2])
                                                      0.580    12.100 r  union_find/parent_reg[19][4]_i_9/O[2]
                         net (fo=7, routed)           0.785    12.886    union_find/lowest_edge_return2[10]
    SLICE_X46Y146        LUT2 (Prop_lut2_I1_O)        0.302    13.188 f  union_find/parent[21][4]_i_16/O
                         net (fo=3, routed)           0.471    13.658    union_find/parent[21][4]_i_16_n_0
    SLICE_X42Y146        LUT6 (Prop_lut6_I0_O)        0.124    13.782 r  union_find/parent[15][4]_i_5/O
                         net (fo=3, routed)           0.328    14.111    union_find/parent[15][4]_i_5_n_0
    SLICE_X42Y145        LUT2 (Prop_lut2_I1_O)        0.124    14.235 r  union_find/parent_obs[24]_i_5/O
                         net (fo=3, routed)           0.727    14.962    union_find/parent_obs[24]_i_5_n_0
    SLICE_X49Y145        LUT4 (Prop_lut4_I2_O)        0.124    15.086 r  union_find/queue_reg_0_31_2_3_i_55/O
                         net (fo=1, routed)           0.457    15.543    union_find/queue_reg_0_31_2_3_i_55_n_0
    SLICE_X51Y142        LUT4 (Prop_lut4_I1_O)        0.124    15.667 r  union_find/queue_reg_0_31_2_3_i_24/O
                         net (fo=1, routed)           0.151    15.818    union_find/queue_reg_0_31_2_3_i_24_n_0
    SLICE_X51Y142        LUT6 (Prop_lut6_I0_O)        0.124    15.942 r  union_find/queue_reg_0_31_2_3_i_7/O
                         net (fo=1, routed)           0.000    15.942    union_find/queue_reg_0_31_2_3_i_7_n_0
    SLICE_X51Y142        MUXF7 (Prop_muxf7_I0_O)      0.212    16.154 r  union_find/queue_reg_0_31_2_3_i_2/O
                         net (fo=4, routed)           0.628    16.783    union_find/queue_reg_0_31_2_3/DIB0
    SLICE_X56Y143        RAMD32                                       r  union_find/queue_reg_0_31_2_3/RAMB/I
  -------------------------------------------------------------------    -------------------

                         (clock clk rise edge)       17.000    17.000 r  <hidden>
                                                      0.000    17.000 r  clk
                         net (fo=33112, unset)        0.924    17.924    union_find/queue_reg_0_31_2_3/WCLK
    SLICE_X56Y143        RAMD32                                       r  union_find/queue_reg_0_31_2_3/RAMB/CLK
                         clock pessimism              0.000    17.924    <hidden>
                         clock uncertainty           -0.035    17.889    <hidden>
    SLICE_X56Y143        RAMD32 (Setup_ramd32_CLK_I)
                                                     -0.425    17.464    union_find/queue_reg_0_31_2_3/RAMB
  -------------------------------------------------------------------
                         required time                         17.464    <hidden>
                         arrival time                         -16.783    <hidden>
  -------------------------------------------------------------------
                         slack                                  0.681    <hidden>

Slack (MET) :             0.693ns  (required time - arrival time)
  Source:                 union_find/head_reg[1]/C
                            (rising edge-triggered cell FDRE clocked by clk  {rise@0.000ns fall@8.500ns period=17.000ns})
  Destination:            union_find/queue_reg_0_31_2_3/RAMC/I
                            (rising edge-triggered cell RAMD32 clocked by clk  {rise@0.000ns fall@8.500ns period=17.000ns})
  Path Group:             clk
  Path Type:              Setup (Max at Slow Process Corner)
  Requirement:            17.000ns  (clk rise@17.000ns - clk rise@0.000ns)
  Data Path Delay:        15.810ns  (logic 4.671ns (29.545%)  route 11.139ns (70.455%))
  Logic Levels:           19  (CARRY4=3 LUT2=3 LUT4=4 LUT5=2 LUT6=5 MUXF7=1 RAMD32=1)
  Clock Path Skew:        -0.049ns (DCD - SCD + CPR)
    Destination Clock Delay (DCD):    0.924ns = ( 17.924 - 17.000 ) 
    Source Clock Delay      (SCD):    0.973ns
    Clock Pessimism Removal (CPR):    0.000ns
  Clock Uncertainty:      0.035ns  ((TSJ^2 + TIJ^2)^1/2 + DJ) / 2 + PE
    Total System Jitter     (TSJ):    0.071ns
    Total Input Jitter      (TIJ):    0.000ns
    Discrete Jitter          (DJ):    0.000ns
    Phase Error              (PE):    0.000ns

    Location             Delay type                Incr(ns)  Path(ns)    Netlist Resource(s)
  -------------------------------------------------------------------    -------------------
                         (clock clk rise edge)        0.000     0.000 r  <hidden>
                                                      0.000     0.000 r  clk
                         net (fo=33112, unset)        0.973     0.973    union_find/clk
    SLICE_X55Y142        FDRE                                         r  union_find/head_reg[1]/C
  -------------------------------------------------------------------    -------------------
    SLICE_X55Y142        FDRE (Prop_fdre_C_Q)         0.456     1.429 r  union_find/head_reg[1]/Q
                         net (fo=11, routed)          1.176     2.605    union_find/queue_reg_0_31_0_1/ADDRA1
    SLICE_X56Y144        RAMD32 (Prop_ramd32_RADR1_O)
                                                      0.146     2.751 r  union_find/queue_reg_0_31_0_1/RAMA/O
                         net (fo=112, routed)         0.909     3.660    union_find/node[0]
    SLICE_X54Y142        LUT2 (Prop_lut2_I1_O)        0.328     3.988 r  union_find/parent[24][4]_i_47/O
                         net (fo=1, routed)           0.000     3.988    union_find/parent[24][4]_i_47_n_0
    SLICE_X54Y142        CARRY4 (Prop_carry4_S[0]_CO[3])
                                                      0.513     4.501 r  union_find/parent_reg[24][4]_i_20/CO[3]
                         net (fo=1, routed)           0.000     4.501    union_find/parent_reg[24][4]_i_20_n_0
    SLICE_X54Y143        CARRY4 (Prop_carry4_CI_O[2])
                                                      0.239     4.740 r  union_find/parent_reg[24][4]_i_60/O[2]
                         net (fo=108, routed)         1.564     6.304    union_find/candidates2[8]
    SLICE_X58Y147        LUT6 (Prop_lut6_I5_O)        0.301     6.605 f  union_find/parent[19][4]_i_29/O
                         net (fo=4, routed)           0.837     7.442    union_find/parent[19][4]_i_29_n_0
    SLICE_X57Y146        LUT6 (Prop_lut6_I0_O)        0.124     7.566 f  union_find/parent[19][4]_i_25/O
                         net (fo=4, routed)           0.860     8.426    union_find/parent[19][4]_i_25_n_0
    SLICE_X50Y146        LUT6 (Prop_lut6_I5_O)        0.124     8.550 f  union_find/parent[19][4]_i_10/O
                         net (fo=2, routed)           0.711     9.260    union_find/candidates1[54]
    SLICE_X46Y144        LUT4 (Prop_lut4_I2_O)        0.124     9.384 f  union_find/parent[14][4]_i_21/O
                         net (fo=3, routed)           0.475     9.859    union_find/parent[14][4]_i_21_n_0
    SLICE_X46Y144        LUT5 (Prop_lut5_I4_O)        0.150    10.009 r  union_find/parent[17][4]_i_10/O
                         net (fo=4, routed)           0.603    10.611    union_find/parent[17][4]_i_10_n_0
    SLICE_X42Y144        LUT5 (Prop_lut5_I0_O)        0.328    10.939 r  union_find/parent[21][4]_i_17/O
                         net (fo=7, routed)           0.457    11.396    union_find/parent[21][4]_i_17_n_0
    SLICE_X43Y143        LUT4 (Prop_lut4_I2_O)        0.124    11.520 r  union_find/parent[19][4]_i_20/O
                         net (fo=1, routed)           0.000    11.520    union_find/parent[19][4]_i_20_n_0
    SLICE_X43Y143        CARRY4 (Prop_carry4_S[1]_O[2])
                                                      0.580    12.100 r  union_find/parent_reg[19][4]_i_9/O[2]
                         net (fo=7, routed)           0.785    12.886    union_find/lowest_edge_return2[10]
    SLICE_X46Y146        LUT2 (Prop_lut2_I1_O)        0.302    13.188 f  union_find/parent[21][4]_i_16/O
                         net (fo=3, routed)           0.471    13.658    union_find/parent[21][4]_i_16_n_0
    SLICE_X42Y146        LUT6 (Prop_lut6_I0_O)        0.124    13.782 r  union_find/parent[15][4]_i_5/O
                         net (fo=3, routed)           0.328    14.111    union_find/parent[15][4]_i_5_n_0
    SLICE_X42Y145        LUT2 (Prop_lut2_I1_O)        0.124    14.235 r  union_find/parent_obs[24]_i_5/O
                         net (fo=3, routed)           0.727    14.962    union_find/parent_obs[24]_i_5_n_0
    SLICE_X49Y145        LUT4 (Prop_lut4_I2_O)        0.124    15.086 r  union_find/queue_reg_0_31_2_3_i_55/O
                         net (fo=1, routed)           0.457    15.543    union_find/queue_reg_0_31_2_3_i_55_n_0
    SLICE_X51Y142        LUT4 (Prop_lut4_I1_O)        0.124    15.667 r  union_find/queue_reg_0_31_2_3_i_24/O
                         net (fo=1, routed)           0.151    15.818    union_find/queue_reg_0_31_2_3_i_24_n_0
    SLICE_X51Y142        LUT6 (Prop_lut6_I0_O)        0.124    15.942 r  union_find/queue_reg_0_31_2_3_i_7/O
                         net (fo=1, routed)           0.000    15.942    union_find/queue_reg_0_31_2_3_i_7_n_0
    SLICE_X51Y142        MUXF7 (Prop_muxf7_I0_O)      0.212    16.154 r  union_find/queue_reg_0_31_2_3_i_2/O
                         net (fo=4, routed)           0.628    16.783    union_find/queue_reg_0_31_2_3/DIC0
    SLICE_X56Y143        RAMD32                                       r  union_find/queue_reg_0_31_2_3/RAMC/I
  -------------------------------------------------------------------    -------------------

                         (clock clk rise edge)       17.000    17.000 r  <hidden>
                                                      0.000    17.000 r  clk
                         net (fo=33112, unset)        0.924    17.924    union_find/queue_reg_0_31_2_3/WCLK
    SLICE_X56Y143        RAMD32                                       r  union_find/queue_reg_0_31_2_3/RAMC/CLK
                         clock pessimism              0.000    17.924    <hidden>
                         clock uncertainty           -0.035    17.889    <hidden>
    SLICE_X56Y143        RAMD32 (Setup_ramd32_CLK_I)
                                                     -0.413    17.476    union_find/queue_reg_0_31_2_3/RAMC
  -------------------------------------------------------------------
                         required time                         17.476    <hidden>
                         arrival time                         -16.783    <hidden>
  -------------------------------------------------------------------
                         slack                                  0.693    <hidden>





Min Delay Paths
--------------------------------------------------------------------------------------
Slack (MET) :             0.085ns  (arrival time - required time)
  Source:                 recurrent/core/lstm_stack_ap_fixed_14_7_0_3_0_ap_fixed_14_7_0_3_0_config2_U0/grp_lstm_static_ap_fixed_14_7_0_3_0_ap_fixed_14_7_0_3_0_config2_false_s_fu_445/grp_tanh_ap_fixed_14_7_0_3_0_ap_fixed_14_7_0_3_0_tanh_config2_s_fu_714/index_89_reg_4348_reg[2]/C
                            (rising edge-triggered cell FDSE clocked by clk  {rise@0.000ns fall@8.500ns period=17.000ns})
  Destination:            recurrent/core/lstm_stack_ap_fixed_14_7_0_3_0_ap_fixed_14_7_0_3_0_config2_U0/grp_lstm_static_ap_fixed_14_7_0_3_0_ap_fixed_14_7_0_3_0_config2_false_s_fu_445/grp_tanh_ap_fixed_14_7_0_3_0_ap_fixed_14_7_0_3_0_tanh_config2_s_fu_714/tanh_table_U/q3_t0_reg/ADDRBWRADDR[6]
                            (rising edge-triggered cell RAMB18E1 clocked by clk  {rise@0.000ns fall@8.500ns period=17.000ns})
  Path Group:             clk
  Path Type:              Hold (Min at Fast Process Corner)
  Requirement:            0.000ns  (clk rise@0.000ns - clk rise@0.000ns)
  Data Path Delay:        0.290ns  (logic 0.141ns (48.664%)  route 0.149ns (51.336%))
  Logic Levels:           0  
  Clock Path Skew:        0.022ns (DCD - SCD - CPR)
    Destination Clock Delay (DCD):    0.432ns
    Source Clock Delay      (SCD):    0.410ns
    Clock Pessimism Removal (CPR):    -0.000ns

    Location             Delay type                Incr(ns)  Path(ns)    Netlist Resource(s)
  -------------------------------------------------------------------    -------------------
                         (clock clk rise edge)        0.000     0.000 r  <hidden>
                                                      0.000     0.000 r  clk
                         net (fo=33112, unset)        0.410     0.410    recurrent/core/lstm_stack_ap_fixed_14_7_0_3_0_ap_fixed_14_7_0_3_0_config2_U0/grp_lstm_static_ap_fixed_14_7_0_3_0_ap_fixed_14_7_0_3_0_config2_false_s_fu_445/grp_tanh_ap_fixed_14_7_0_3_0_ap_fixed_14_7_0_3_0_tanh_config2_s_fu_714/clk
    SLICE_X72Y127        FDSE                                         r  recurrent/core/lstm_stack_ap_fixed_14_7_0_3_0_ap_fixed_14_7_0_3_0_config2_U0/grp_lstm_static_ap_fixed_14_7_0_3_0_ap_fixed_14_7_0_3_0_config2_false_s_fu_445/grp_tanh_ap_fixed_14_7_0_3_0_ap_fixed_14_7_0_3_0_tanh_config2_s_fu_714/index_89_reg_4348_reg[2]/C
  -------------------------------------------------------------------    -------------------
    SLICE_X72Y127        FDSE (Prop_fdse_C_Q)         0.141     0.551 r  recurrent/core/lstm_stack_ap_fixed_14_7_0_3_0_ap_fixed_14_7_0_3_0_config2_U0/grp_lstm_static_ap_fixed_14_7_0_3_0_ap_fixed_14_7_0_3_0_config2_false_s_fu_445/grp_tanh_ap_fixed_14_7_0_3_0_ap_fixed_14_7_0_3_0_tanh_config2_s_fu_714/index_89_reg_4348_reg[2]/Q
                         net (fo=1, routed)           0.149     0.700    recurrent/core/lstm_stack_ap_fixed_14_7_0_3_0_ap_fixed_14_7_0_3_0_config2_U0/grp_lstm_static_ap_fixed_14_7_0_3_0_ap_fixed_14_7_0_3_0_config2_false_s_fu_445/grp_tanh_ap_fixed_14_7_0_3_0_ap_fixed_14_7_0_3_0_tanh_config2_s_fu_714/tanh_table_U/q3_t0_reg_3[2]
    RAMB18_X2Y50         RAMB18E1                                     r  recurrent/core/lstm_stack_ap_fixed_14_7_0_3_0_ap_fixed_14_7_0_3_0_config2_U0/grp_lstm_static_ap_fixed_14_7_0_3_0_ap_fixed_14_7_0_3_0_config2_false_s_fu_445/grp_tanh_ap_fixed_14_7_0_3_0_ap_fixed_14_7_0_3_0_tanh_config2_s_fu_714/tanh_table_U/q3_t0_reg/ADDRBWRADDR[6]
  -------------------------------------------------------------------    -------------------

                         (clock clk rise edge)        0.000     0.000 r  <hidden>
                                                      0.000     0.000 r  clk
                         net (fo=33112, unset)        0.432     0.432    recurrent/core/lstm_stack_ap_fixed_14_7_0_3_0_ap_fixed_14_7_0_3_0_config2_U0/grp_lstm_static_ap_fixed_14_7_0_3_0_ap_fixed_14_7_0_3_0_config2_false_s_fu_445/grp_tanh_ap_fixed_14_7_0_3_0_ap_fixed_14_7_0_3_0_tanh_config2_s_fu_714/tanh_table_U/clk
    RAMB18_X2Y50         RAMB18E1                                     r  recurrent/core/lstm_stack_ap_fixed_14_7_0_3_0_ap_fixed_14_7_0_3_0_config2_U0/grp_lstm_static_ap_fixed_14_7_0_3_0_ap_fixed_14_7_0_3_0_config2_false_s_fu_445/grp_tanh_ap_fixed_14_7_0_3_0_ap_fixed_14_7_0_3_0_tanh_config2_s_fu_714/tanh_table_U/q3_t0_reg/CLKBWRCLK
                         clock pessimism              0.000     0.432    <hidden>
    RAMB18_X2Y50         RAMB18E1 (Hold_ramb18e1_CLKBWRCLK_ADDRBWRADDR[6])
                                                      0.183     0.615    recurrent/core/lstm_stack_ap_fixed_14_7_0_3_0_ap_fixed_14_7_0_3_0_config2_U0/grp_lstm_static_ap_fixed_14_7_0_3_0_ap_fixed_14_7_0_3_0_config2_false_s_fu_445/grp_tanh_ap_fixed_14_7_0_3_0_ap_fixed_14_7_0_3_0_tanh_config2_s_fu_714/tanh_table_U/q3_t0_reg
  -------------------------------------------------------------------
                         required time                         -0.615    <hidden>
                         arrival time                           0.700    <hidden>
  -------------------------------------------------------------------
                         slack                                  0.085    <hidden>

Slack (MET) :             0.085ns  (arrival time - required time)
  Source:                 recurrent/core/lstm_stack_ap_fixed_14_7_0_3_0_ap_fixed_14_7_0_3_0_config2_U0/grp_lstm_static_ap_fixed_14_7_0_3_0_ap_fixed_14_7_0_3_0_config2_false_s_fu_445/grp_tanh_ap_fixed_14_7_0_3_0_ap_fixed_14_7_0_3_0_tanh_config2_s_fu_714/index_83_reg_4338_reg[3]/C
                            (rising edge-triggered cell FDSE clocked by clk  {rise@0.000ns fall@8.500ns period=17.000ns})
  Destination:            recurrent/core/lstm_stack_ap_fixed_14_7_0_3_0_ap_fixed_14_7_0_3_0_config2_U0/grp_lstm_static_ap_fixed_14_7_0_3_0_ap_fixed_14_7_0_3_0_config2_false_s_fu_445/grp_tanh_ap_fixed_14_7_0_3_0_ap_fixed_14_7_0_3_0_tanh_config2_s_fu_714/tanh_table_U/q5_t0_reg/ADDRBWRADDR[7]
                            (rising edge-triggered cell RAMB18E1 clocked by clk  {rise@0.000ns fall@8.500ns period=17.000ns})
  Path Group:             clk
  Path Type:              Hold (Min at Fast Process Corner)
  Requirement:            0.000ns  (clk rise@0.000ns - clk rise@0.000ns)
  Data Path Delay:        0.290ns  (logic 0.141ns (48.635%)  route 0.149ns (51.365%))
  Logic Levels:           0  
  Clock Path Skew:        0.022ns (DCD - SCD - CPR)
    Destination Clock Delay (DCD):    0.432ns
    Source Clock Delay      (SCD):    0.410ns
    Clock Pessimism Removal (CPR):    -0.000ns

    Location             Delay type                Incr(ns)  Path(ns)    Netlist Resource(s)
  -------------------------------------------------------------------    -------------------
                         (clock clk rise edge)        0.000     0.000 r  <hidden>
                                                      0.000     0.000 r  clk
                         net (fo=33112, unset)        0.410     0.410    recurrent/core/lstm_stack_ap_fixed_14_7_0_3_0_ap_fixed_14_7_0_3_0_config2_U0/grp_lstm_static_ap_fixed_14_7_0_3_0_ap_fixed_14_7_0_3_0_config2_false_s_fu_445/grp_tanh_ap_fixed_14_7_0_3_0_ap_fixed_14_7_0_3_0_tanh_config2_s_fu_714/clk
    SLICE_X73Y140        FDSE                                         r  recurrent/core/lstm_stack_ap_fixed_14_7_0_3_0_ap_fixed_14_7_0_3_0_config2_U0/grp_lstm_static_ap_fixed_14_7_0_3_0_ap_fixed_14_7_0_3_0_config2_false_s_fu_445/grp_tanh_ap_fixed_14_7_0_3_0_ap_fixed_14_7_0_3_0_tanh_config2_s_fu_714/index_83_reg_4338_reg[3]/C
  -------------------------------------------------------------------    -------------------
    SLICE_X73Y140        FDSE (Prop_fdse_C_Q)         0.141     0.551 r  recurrent/core/lstm_stack_ap_fixed_14_7_0_3_0_ap_fixed_14_7_0_3_0_config2_U0/grp_lstm_static_ap_fixed_14_7_0_3_0_ap_fixed_14_7_0_3_0_config2_false_s_fu_445/grp_tanh_ap_fixed_14_7_0_3_0_ap_fixed_14_7_0_3_0_tanh_config2_s_fu_714/index_83_reg_4338_reg[3]/Q
                         net (fo=1, routed)           0.149     0.700    recurrent/core/lstm_stack_ap_fixed_14_7_0_3_0_ap_fixed_14_7_0_3_0_config2_U0/grp_lstm_static_ap_fixed_14_7_0_3_0_ap_fixed_14_7_0_3_0_config2_false_s_fu_445/grp_tanh_ap_fixed_14_7_0_3_0_ap_fixed_14_7_0_3_0_tanh_config2_s_fu_714/tanh_table_U/q5_t0_reg_3[3]
    RAMB18_X2Y56         RAMB18E1                                     r  recurrent/core/lstm_stack_ap_fixed_14_7_0_3_0_ap_fixed_14_7_0_3_0_config2_U0/grp_lstm_static_ap_fixed_14_7_0_3_0_ap_fixed_14_7_0_3_0_config2_false_s_fu_445/grp_tanh_ap_fixed_14_7_0_3_0_ap_fixed_14_7_0_3_0_tanh_config2_s_fu_714/tanh_table_U/q5_t0_reg/ADDRBWRADDR[7]
  -------------------------------------------------------------------    -------------------

                         (clock clk rise edge)        0.000     0.000 r  <hidden>
                                                      0.000     0.000 r  clk
                         net (fo=33112, unset)        0.432     0.432    recurrent/core/lstm_stack_ap_fixed_14_7_0_3_0_ap_fixed_14_7_0_3_0_config2_U0/grp_lstm_static_ap_fixed_14_7_0_3_0_ap_fixed_14_7_0_3_0_config2_false_s_fu_445/grp_tanh_ap_fixed_14_7_0_3_0_ap_fixed_14_7_0_3_0_tanh_config2_s_fu_714/tanh_table_U/clk
    RAMB18_X2Y56         RAMB18E1                                     r  recurrent/core/lstm_stack_ap_fixed_14_7_0_3_0_ap_fixed_14_7_0_3_0_config2_U0/grp_lstm_static_ap_fixed_14_7_0_3_0_ap_fixed_14_7_0_3_0_config2_false_s_fu_445/grp_tanh_ap_fixed_14_7_0_3_0_ap_fixed_14_7_0_3_0_tanh_config2_s_fu_714/tanh_table_U/q5_t0_reg/CLKBWRCLK
                         clock pessimism              0.000     0.432    <hidden>
    RAMB18_X2Y56         RAMB18E1 (Hold_ramb18e1_CLKBWRCLK_ADDRBWRADDR[7])
                                                      0.183     0.615    recurrent/core/lstm_stack_ap_fixed_14_7_0_3_0_ap_fixed_14_7_0_3_0_config2_U0/grp_lstm_static_ap_fixed_14_7_0_3_0_ap_fixed_14_7_0_3_0_config2_false_s_fu_445/grp_tanh_ap_fixed_14_7_0_3_0_ap_fixed_14_7_0_3_0_tanh_config2_s_fu_714/tanh_table_U/q5_t0_reg
  -------------------------------------------------------------------
                         required time                         -0.615    <hidden>
                         arrival time                           0.700    <hidden>
  -------------------------------------------------------------------
                         slack                                  0.085    <hidden>

Slack (MET) :             0.086ns  (arrival time - required time)
  Source:                 recurrent/core/lstm_stack_ap_fixed_14_7_0_3_0_ap_fixed_14_7_0_3_0_config2_U0/grp_lstm_static_ap_fixed_14_7_0_3_0_ap_fixed_14_7_0_3_0_config2_false_s_fu_445/grp_tanh_ap_fixed_14_7_0_3_0_ap_fixed_14_7_0_3_0_tanh_config2_s_fu_714/index_89_reg_4348_reg[3]/C
                            (rising edge-triggered cell FDSE clocked by clk  {rise@0.000ns fall@8.500ns period=17.000ns})
  Destination:            recurrent/core/lstm_stack_ap_fixed_14_7_0_3_0_ap_fixed_14_7_0_3_0_config2_U0/grp_lstm_static_ap_fixed_14_7_0_3_0_ap_fixed_14_7_0_3_0_config2_false_s_fu_445/grp_tanh_ap_fixed_14_7_0_3_0_ap_fixed_14_7_0_3_0_tanh_config2_s_fu_714/tanh_table_U/q3_t0_reg/ADDRBWRADDR[7]
                            (rising edge-triggered cell RAMB18E1 clocked by clk  {rise@0.000ns fall@8.500ns period=17.000ns})
  Path Group:             clk
  Path Type:              Hold (Min at Fast Process Corner)
  Requirement:            0.000ns  (clk rise@0.000ns - clk rise@0.000ns)
  Data Path Delay:        0.291ns  (logic 0.141ns (48.492%)  route 0.150ns (51.508%))
  Logic Levels:           0  
  Clock Path Skew:        0.022ns (DCD - SCD - CPR)
    Destination Clock Delay (DCD):    0.432ns
    Source Clock Delay      (SCD):    0.410ns
    Clock Pessimism Removal (CPR):    -0.000ns

    Location             Delay type                Incr(ns)  Path(ns)    Netlist Resource(s)
  -------------------------------------------------------------------    -------------------
                         (clock clk rise edge)        0.000     0.000 r  <hidden>
                                                      0.000     0.000 r  clk
                         net (fo=33112, unset)        0.410     0.410    recurrent/core/lstm_stack_ap_fixed_14_7_0_3_0_ap_fixed_14_7_0_3_0_config2_U0/grp_lstm_static_ap_fixed_14_7_0_3_0_ap_fixed_14_7_0_3_0_config2_false_s_fu_445/grp_tanh_ap_fixed_14_7_0_3_0_ap_fixed_14_7_0_3_0_tanh_config2_s_fu_714/clk
    SLICE_X72Y127        FDSE                                         r  recurrent/core/lstm_stack_ap_fixed_14_7_0_3_0_ap_fixed_14_7_0_3_0_config2_U0/grp_lstm_static_ap_fixed_14_7_0_3_0_ap_fixed_14_7_0_3_0_config2_false_s_fu_445/grp_tanh_ap_fixed_14_7_0_3_0_ap_fixed_14_7_0_3_0_tanh_config2_s_fu_714/index_89_reg_4348_reg[3]/C
  -------------------------------------------------------------------    -------------------
    SLICE_X72Y127        FDSE (Prop_fdse_C_Q)         0.141     0.551 r  recurrent/core/lstm_stack_ap_fixed_14_7_0_3_0_ap_fixed_14_7_0_3_0_config2_U0/grp_lstm_static_ap_fixed_14_7_0_3_0_ap_fixed_14_7_0_3_0_config2_false_s_fu_445/grp_tanh_ap_fixed_14_7_0_3_0_ap_fixed_14_7_0_3_0_tanh_config2_s_fu_714/index_89_reg_4348_reg[3]/Q
                         net (fo=1, routed)           0.150     0.701    recurrent/core/lstm_stack_ap_fixed_14_7_0_3_0_ap_fixed_14_7_0_3_0_config2_U0/grp_lstm_static_ap_fixed_14_7_0_3_0_ap_fixed_14_7_0_3_0_config2_false_s_fu_445/grp_tanh_ap_fixed_14_7_0_3_0_ap_fixed_14_7_0_3_0_tanh_config2_s_fu_714/tanh_table_U/q3_t0_reg_3[3]
    RAMB18_X2Y50         RAMB18E1                                     r  recurrent/core/lstm_stack_ap_fixed_14_7_0_3_0_ap_fixed_14_7_0_3_0_config2_U0/grp_lstm_static_ap_fixed_14_7_0_3_0_ap_fixed_14_7_0_3_0_config2_false_s_fu_445/grp_tanh_ap_fixed_14_7_0_3_0_ap_fixed_14_7_0_3_0_tanh_config2_s_fu_714/tanh_table_U/q3_t0_reg/ADDRBWRADDR[7]
  -------------------------------------------------------------------    -------------------

                         (clock clk rise edge)        0.000     0.000 r  <hidden>
                                                      0.000     0.000 r  clk
                         net (fo=33112, unset)        0.432     0.432    recurrent/core/lstm_stack_ap_fixed_14_7_0_3_0_ap_fixed_14_7_0_3_0_config2_U0/grp_lstm_static_ap_fixed_14_7_0_3_0_ap_fixed_14_7_0_3_0_config2_false_s_fu_445/grp_tanh_ap_fixed_14_7_0_3_0_ap_fixed_14_7_0_3_0_tanh_config2_s_fu_714/tanh_table_U/clk
    RAMB18_X2Y50         RAMB18E1                                     r  recurrent/core/lstm_stack_ap_fixed_14_7_0_3_0_ap_fixed_14_7_0_3_0_config2_U0/grp_lstm_static_ap_fixed_14_7_0_3_0_ap_fixed_14_7_0_3_0_config2_false_s_fu_445/grp_tanh_ap_fixed_14_7_0_3_0_ap_fixed_14_7_0_3_0_tanh_config2_s_fu_714/tanh_table_U/q3_t0_reg/CLKBWRCLK
                         clock pessimism              0.000     0.432    <hidden>
    RAMB18_X2Y50         RAMB18E1 (Hold_ramb18e1_CLKBWRCLK_ADDRBWRADDR[7])
                                                      0.183     0.615    recurrent/core/lstm_stack_ap_fixed_14_7_0_3_0_ap_fixed_14_7_0_3_0_config2_U0/grp_lstm_static_ap_fixed_14_7_0_3_0_ap_fixed_14_7_0_3_0_config2_false_s_fu_445/grp_tanh_ap_fixed_14_7_0_3_0_ap_fixed_14_7_0_3_0_tanh_config2_s_fu_714/tanh_table_U/q3_t0_reg
  -------------------------------------------------------------------
                         required time                         -0.615    <hidden>
                         arrival time                           0.701    <hidden>
  -------------------------------------------------------------------
                         slack                                  0.086    <hidden>

Slack (MET) :             0.088ns  (arrival time - required time)
  Source:                 recurrent/core/lstm_stack_ap_fixed_14_7_0_3_0_ap_fixed_14_7_0_3_0_config2_U0/grp_lstm_static_ap_fixed_14_7_0_3_0_ap_fixed_14_7_0_3_0_config2_false_s_fu_445/grp_sigmoid_ap_fixed_ap_fixed_14_7_0_3_0_sigmoid_config2_recr_s_fu_612/index_211_reg_19831_reg[6]/C
                            (rising edge-triggered cell FDSE clocked by clk  {rise@0.000ns fall@8.500ns period=17.000ns})
  Destination:            recurrent/core/lstm_stack_ap_fixed_14_7_0_3_0_ap_fixed_14_7_0_3_0_config2_U0/grp_lstm_static_ap_fixed_14_7_0_3_0_ap_fixed_14_7_0_3_0_config2_false_s_fu_445/grp_sigmoid_ap_fixed_ap_fixed_14_7_0_3_0_sigmoid_config2_recr_s_fu_612/sigmoid_table_U/q57_t0_reg/ADDRARDADDR[10]
                            (rising edge-triggered cell RAMB18E1 clocked by clk  {rise@0.000ns fall@8.500ns period=17.000ns})
  Path Group:             clk
  Path Type:              Hold (Min at Fast Process Corner)
  Requirement:            0.000ns  (clk rise@0.000ns - clk rise@0.000ns)
  Data Path Delay:        0.293ns  (logic 0.141ns (48.165%)  route 0.152ns (51.835%))
  Logic Levels:           0  
  Clock Path Skew:        0.022ns (DCD - SCD - CPR)
    Destination Clock Delay (DCD):    0.432ns
    Source Clock Delay      (SCD):    0.410ns
    Clock Pessimism Removal (CPR):    -0.000ns

    Location             Delay type                Incr(ns)  Path(ns)    Netlist Resource(s)
  -------------------------------------------------------------------    -------------------
                         (clock clk rise edge)        0.000     0.000 r  <hidden>
                                                      0.000     0.000 r  clk
                         net (fo=33112, unset)        0.410     0.410    recurrent/core/lstm_stack_ap_fixed_14_7_0_3_0_ap_fixed_14_7_0_3_0_config2_U0/grp_lstm_static_ap_fixed_14_7_0_3_0_ap_fixed_14_7_0_3_0_config2_false_s_fu_445/grp_sigmoid_ap_fixed_ap_fixed_14_7_0_3_0_sigmoid_config2_recr_s_fu_612/clk
    SLICE_X72Y15         FDSE                                         r  recurrent/core/lstm_stack_ap_fixed_14_7_0_3_0_ap_fixed_14_7_0_3_0_config2_U0/grp_lstm_static_ap_fixed_14_7_0_3_0_ap_fixed_14_7_0_3_0_config2_false_s_fu_445/grp_sigmoid_ap_fixed_ap_fixed_14_7_0_3_0_sigmoid_config2_recr_s_fu_612/index_211_reg_19831_reg[6]/C
  -------------------------------------------------------------------    -------------------
    SLICE_X72Y15         FDSE (Prop_fdse_C_Q)         0.141     0.551 r  recurrent/core/lstm_stack_ap_fixed_14_7_0_3_0_ap_fixed_14_7_0_3_0_config2_U0/grp_lstm_static_ap_fixed_14_7_0_3_0_ap_fixed_14_7_0_3_0_config2_false_s_fu_445/grp_sigmoid_ap_fixed_ap_fixed_14_7_0_3_0_sigmoid_config2_recr_s_fu_612/index_211_reg_19831_reg[6]/Q
                         net (fo=1, routed)           0.152     0.703    recurrent/core/lstm_stack_ap_fixed_14_7_0_3_0_ap_fixed_14_7_0_3_0_config2_U0/grp_lstm_static_ap_fixed_14_7_0_3_0_ap_fixed_14_7_0_3_0_config2_false_s_fu_445/grp_sigmoid_ap_fixed_ap_fixed_14_7_0_3_0_sigmoid_config2_recr_s_fu_612/sigmoid_table_U/q57_t0_reg_2[6]
    RAMB18_X2Y6          RAMB18E1                                     r  recurrent/core/lstm_stack_ap_fixed_14_7_0_3_0_ap_fixed_14_7_0_3_0_config2_U0/grp_lstm_static_ap_fixed_14_7_0_3_0_ap_fixed_14_7_0_3_0_config2_false_s_fu_445/grp_sigmoid_ap_fixed_ap_fixed_14_7_0_3_0_sigmoid_config2_recr_s_fu_612/sigmoid_table_U/q57_t0_reg/ADDRARDADDR[10]
  -------------------------------------------------------------------    -------------------

                         (clock clk rise edge)        0.000     0.000 r  <hidden>
                                                      0.000     0.000 r  clk
                         net (fo=33112, unset)        0.432     0.432    recurrent/core/lstm_stack_ap_fixed_14_7_0_3_0_ap_fixed_14_7_0_3_0_config2_U0/grp_lstm_static_ap_fixed_14_7_0_3_0_ap_fixed_14_7_0_3_0_config2_false_s_fu_445/grp_sigmoid_ap_fixed_ap_fixed_14_7_0_3_0_sigmoid_config2_recr_s_fu_612/sigmoid_table_U/clk
    RAMB18_X2Y6          RAMB18E1                                     r  recurrent/core/lstm_stack_ap_fixed_14_7_0_3_0_ap_fixed_14_7_0_3_0_config2_U0/grp_lstm_static_ap_fixed_14_7_0_3_0_ap_fixed_14_7_0_3_0_config2_false_s_fu_445/grp_sigmoid_ap_fixed_ap_fixed_14_7_0_3_0_sigmoid_config2_recr_s_fu_612/sigmoid_table_U/q57_t0_reg/CLKARDCLK
                         clock pessimism              0.000     0.432    <hidden>
    RAMB18_X2Y6          RAMB18E1 (Hold_ramb18e1_CLKARDCLK_ADDRARDADDR[10])
                                                      0.183     0.615    recurrent/core/lstm_stack_ap_fixed_14_7_0_3_0_ap_fixed_14_7_0_3_0_config2_U0/grp_lstm_static_ap_fixed_14_7_0_3_0_ap_fixed_14_7_0_3_0_config2_false_s_fu_445/grp_sigmoid_ap_fixed_ap_fixed_14_7_0_3_0_sigmoid_config2_recr_s_fu_612/sigmoid_table_U/q57_t0_reg
  -------------------------------------------------------------------
                         required time                         -0.615    <hidden>
                         arrival time                           0.703    <hidden>
  -------------------------------------------------------------------
                         slack                                  0.088    <hidden>

Slack (MET) :             0.089ns  (arrival time - required time)
  Source:                 recurrent/core/lstm_stack_ap_fixed_14_7_0_3_0_ap_fixed_14_7_0_3_0_config2_U0/grp_lstm_static_ap_fixed_14_7_0_3_0_ap_fixed_14_7_0_3_0_config2_false_s_fu_445/grp_tanh_ap_fixed_14_7_0_3_0_ap_fixed_14_7_0_3_0_tanh_config2_s_fu_714/index_80_reg_4333_reg[3]/C
                            (rising edge-triggered cell FDSE clocked by clk  {rise@0.000ns fall@8.500ns period=17.000ns})
  Destination:            recurrent/core/lstm_stack_ap_fixed_14_7_0_3_0_ap_fixed_14_7_0_3_0_config2_U0/grp_lstm_static_ap_fixed_14_7_0_3_0_ap_fixed_14_7_0_3_0_config2_false_s_fu_445/grp_tanh_ap_fixed_14_7_0_3_0_ap_fixed_14_7_0_3_0_tanh_config2_s_fu_714/tanh_table_U/q5_t0_reg/ADDRARDADDR[7]
                            (rising edge-triggered cell RAMB18E1 clocked by clk  {rise@0.000ns fall@8.500ns period=17.000ns})
  Path Group:             clk
  Path Type:              Hold (Min at Fast Process Corner)
  Requirement:            0.000ns  (clk rise@0.000ns - clk rise@0.000ns)
  Data Path Delay:        0.293ns  (logic 0.141ns (48.109%)  route 0.152ns (51.891%))
  Logic Levels:           0  
  Clock Path Skew:        0.022ns (DCD - SCD - CPR)
    Destination Clock Delay (DCD):    0.432ns
    Source Clock Delay      (SCD):    0.410ns
    Clock Pessimism Removal (CPR):    -0.000ns

    Location             Delay type                Incr(ns)  Path(ns)    Netlist Resource(s)
  -------------------------------------------------------------------    -------------------
                         (clock clk rise edge)        0.000     0.000 r  <hidden>
                                                      0.000     0.000 r  clk
                         net (fo=33112, unset)        0.410     0.410    recurrent/core/lstm_stack_ap_fixed_14_7_0_3_0_ap_fixed_14_7_0_3_0_config2_U0/grp_lstm_static_ap_fixed_14_7_0_3_0_ap_fixed_14_7_0_3_0_config2_false_s_fu_445/grp_tanh_ap_fixed_14_7_0_3_0_ap_fixed_14_7_0_3_0_tanh_config2_s_fu_714/clk
    SLICE_X72Y141        FDSE                                         r  recurrent/core/lstm_stack_ap_fixed_14_7_0_3_0_ap_fixed_14_7_0_3_0_config2_U0/grp_lstm_static_ap_fixed_14_7_0_3_0_ap_fixed_14_7_0_3_0_config2_false_s_fu_445/grp_tanh_ap_fixed_14_7_0_3_0_ap_fixed_14_7_0_3_0_tanh_config2_s_fu_714/index_80_reg_4333_reg[3]/C
  -------------------------------------------------------------------    -------------------
    SLICE_X72Y141        FDSE (Prop_fdse_C_Q)         0.141     0.551 r  recurrent/core/lstm_stack_ap_fixed_14_7_0_3_0_ap_fixed_14_7_0_3_0_config2_U0/grp_lstm_static_ap_fixed_14_7_0_3_0_ap_fixed_14_7_0_3_0_config2_false_s_fu_445/grp_tanh_ap_fixed_14_7_0_3_0_ap_fixed_14_7_0_3_0_tanh_config2_s_fu_714/index_80_reg_4333_reg[3]/Q
                         net (fo=1, routed)           0.152     0.703    recurrent/core/lstm_stack_ap_fixed_14_7_0_3_0_ap_fixed_14_7_0_3_0_config2_U0/grp_lstm_static_ap_fixed_14_7_0_3_0_ap_fixed_14_7_0_3_0_config2_false_s_fu_445/grp_tanh_ap_fixed_14_7_0_3_0_ap_fixed_14_7_0_3_0_tanh_config2_s_fu_714/tanh_table_U/q5_t0_reg_2[3]
    RAMB18_X2Y56         RAMB18E1                                     r  recurrent/core/lstm_stack_ap_fixed_14_7_0_3_0_ap_fixed_14_7_0_3_0_config2_U0/grp_lstm_static_ap_fixed_14_7_0_3_0_ap_fixed_14_7_0_3_0_config2_false_s_fu_445/grp_tanh_ap_fixed_14_7_0_3_0_ap_fixed_14_7_0_3_0_tanh_config2_s_fu_714/tanh_table_U/q5_t0_reg/ADDRARDADDR[7]
  -------------------------------------------------------------------    -------------------

                         (clock clk rise edge)        0.000     0.000 r  <hidden>
                                                      0.000     0.000 r  clk
                         net (fo=33112, unset)        0.432     0.432    recurrent/core/lstm_stack_ap_fixed_14_7_0_3_0_ap_fixed_14_7_0_3_0_config2_U0/grp_lstm_static_ap_fixed_14_7_0_3_0_ap_fixed_14_7_0_3_0_config2_false_s_fu_445/grp_tanh_ap_fixed_14_7_0_3_0_ap_fixed_14_7_0_3_0_tanh_config2_s_fu_714/tanh_table_U/clk
    RAMB18_X2Y56         RAMB18E1                                     r  recurrent/core/lstm_stack_ap_fixed_14_7_0_3_0_ap_fixed_14_7_0_3_0_config2_U0/grp_lstm_static_ap_fixed_14_7_0_3_0_ap_fixed_14_7_0_3_0_config2_false_s_fu_445/grp_tanh_ap_fixed_14_7_0_3_0_ap_fixed_14_7_0_3_0_tanh_config2_s_fu_714/tanh_table_U/q5_t0_reg/CLKARDCLK
                         clock pessimism              0.000     0.432    <hidden>
    RAMB18_X2Y56         RAMB18E1 (Hold_ramb18e1_CLKARDCLK_ADDRARDADDR[7])
                                                      0.183     0.615    recurrent/core/lstm_stack_ap_fixed_14_7_0_3_0_ap_fixed_14_7_0_3_0_config2_U0/grp_lstm_static_ap_fixed_14_7_0_3_0_ap_fixed_14_7_0_3_0_config2_false_s_fu_445/grp_tanh_ap_fixed_14_7_0_3_0_ap_fixed_14_7_0_3_0_tanh_config2_s_fu_714/tanh_table_U/q5_t0_reg
  -------------------------------------------------------------------
                         required time                         -0.615    <hidden>
                         arrival time                           0.703    <hidden>
  -------------------------------------------------------------------
                         slack                                  0.089    <hidden>

Slack (MET) :             0.096ns  (arrival time - required time)
  Source:                 recurrent/core/lstm_stack_ap_fixed_14_7_0_3_0_ap_fixed_14_7_0_3_0_config2_U0/layer2_out_13_0_fu_272_reg[3]/C
                            (rising edge-triggered cell FDRE clocked by clk  {rise@0.000ns fall@8.500ns period=17.000ns})
  Destination:            recurrent/core/layer2_out_13_U/U_recurrent_fifo_w14_d2_S_ShiftReg/SRL_SIG_reg[0][3]/D
                            (rising edge-triggered cell FDRE clocked by clk  {rise@0.000ns fall@8.500ns period=17.000ns})
  Path Group:             clk
  Path Type:              Hold (Min at Fast Process Corner)
  Requirement:            0.000ns  (clk rise@0.000ns - clk rise@0.000ns)
  Data Path Delay:        0.193ns  (logic 0.141ns (73.018%)  route 0.052ns (26.982%))
  Logic Levels:           0  
  Clock Path Skew:        0.022ns (DCD - SCD - CPR)
    Destination Clock Delay (DCD):    0.432ns
    Source Clock Delay      (SCD):    0.410ns
    Clock Pessimism Removal (CPR):    -0.000ns

    Location             Delay type                Incr(ns)  Path(ns)    Netlist Resource(s)
  -------------------------------------------------------------------    -------------------
                         (clock clk rise edge)        0.000     0.000 r  <hidden>
                                                      0.000     0.000 r  clk
                         net (fo=33112, unset)        0.410     0.410    recurrent/core/lstm_stack_ap_fixed_14_7_0_3_0_ap_fixed_14_7_0_3_0_config2_U0/clk
    SLICE_X15Y91         FDRE                                         r  recurrent/core/lstm_stack_ap_fixed_14_7_0_3_0_ap_fixed_14_7_0_3_0_config2_U0/layer2_out_13_0_fu_272_reg[3]/C
  -------------------------------------------------------------------    -------------------
    SLICE_X15Y91         FDRE (Prop_fdre_C_Q)         0.141     0.551 r  recurrent/core/lstm_stack_ap_fixed_14_7_0_3_0_ap_fixed_14_7_0_3_0_config2_U0/layer2_out_13_0_fu_272_reg[3]/Q
                         net (fo=1, routed)           0.052     0.603    recurrent/core/layer2_out_13_U/U_recurrent_fifo_w14_d2_S_ShiftReg/Q[3]
    SLICE_X14Y91         FDRE                                         r  recurrent/core/layer2_out_13_U/U_recurrent_fifo_w14_d2_S_ShiftReg/SRL_SIG_reg[0][3]/D
  -------------------------------------------------------------------    -------------------

                         (clock clk rise edge)        0.000     0.000 r  <hidden>
                                                      0.000     0.000 r  clk
                         net (fo=33112, unset)        0.432     0.432    recurrent/core/layer2_out_13_U/U_recurrent_fifo_w14_d2_S_ShiftReg/clk
    SLICE_X14Y91         FDRE                                         r  recurrent/core/layer2_out_13_U/U_recurrent_fifo_w14_d2_S_ShiftReg/SRL_SIG_reg[0][3]/C
                         clock pessimism              0.000     0.432    <hidden>
    SLICE_X14Y91         FDRE (Hold_fdre_C_D)         0.076     0.508    recurrent/core/layer2_out_13_U/U_recurrent_fifo_w14_d2_S_ShiftReg/SRL_SIG_reg[0][3]
  -------------------------------------------------------------------
                         required time                         -0.508    <hidden>
                         arrival time                           0.603    <hidden>
  -------------------------------------------------------------------
                         slack                                  0.096    <hidden>

Slack (MET) :             0.096ns  (arrival time - required time)
  Source:                 recurrent/core/lstm_stack_ap_fixed_14_7_0_3_0_ap_fixed_14_7_0_3_0_config2_U0/grp_lstm_static_ap_fixed_14_7_0_3_0_ap_fixed_14_7_0_3_0_config2_false_s_fu_445/grp_dense_resource_rf_gt_nin_rem0_ap_fixed_ap_fixed_14_7_0_3_0_config2_2_s_fu_540/select_ln144_2_reg_13291_reg[6]/C
                            (rising edge-triggered cell FDRE clocked by clk  {rise@0.000ns fall@8.500ns period=17.000ns})
  Destination:            recurrent/core/lstm_stack_ap_fixed_14_7_0_3_0_ap_fixed_14_7_0_3_0_config2_U0/grp_lstm_static_ap_fixed_14_7_0_3_0_ap_fixed_14_7_0_3_0_config2_false_s_fu_445/grp_dense_resource_rf_gt_nin_rem0_ap_fixed_ap_fixed_14_7_0_3_0_config2_2_s_fu_540/x_127_reg_1360_reg[6]/D
                            (rising edge-triggered cell FDRE clocked by clk  {rise@0.000ns fall@8.500ns period=17.000ns})
  Path Group:             clk
  Path Type:              Hold (Min at Fast Process Corner)
  Requirement:            0.000ns  (clk rise@0.000ns - clk rise@0.000ns)
  Data Path Delay:        0.238ns  (logic 0.186ns (78.117%)  route 0.052ns (21.883%))
  Logic Levels:           1  (LUT5=1)
  Clock Path Skew:        0.022ns (DCD - SCD - CPR)
    Destination Clock Delay (DCD):    0.432ns
    Source Clock Delay      (SCD):    0.410ns
    Clock Pessimism Removal (CPR):    -0.000ns

    Location             Delay type                Incr(ns)  Path(ns)    Netlist Resource(s)
  -------------------------------------------------------------------    -------------------
                         (clock clk rise edge)        0.000     0.000 r  <hidden>
                                                      0.000     0.000 r  clk
                         net (fo=33112, unset)        0.410     0.410    recurrent/core/lstm_stack_ap_fixed_14_7_0_3_0_ap_fixed_14_7_0_3_0_config2_U0/grp_lstm_static_ap_fixed_14_7_0_3_0_ap_fixed_14_7_0_3_0_config2_false_s_fu_445/grp_dense_resource_rf_gt_nin_rem0_ap_fixed_ap_fixed_14_7_0_3_0_config2_2_s_fu_540/clk
    SLICE_X61Y11         FDRE                                         r  recurrent/core/lstm_stack_ap_fixed_14_7_0_3_0_ap_fixed_14_7_0_3_0_config2_U0/grp_lstm_static_ap_fixed_14_7_0_3_0_ap_fixed_14_7_0_3_0_config2_false_s_fu_445/grp_dense_resource_rf_gt_nin_rem0_ap_fixed_ap_fixed_14_7_0_3_0_config2_2_s_fu_540/select_ln144_2_reg_13291_reg[6]/C
  -------------------------------------------------------------------    -------------------
    SLICE_X61Y11         FDRE (Prop_fdre_C_Q)         0.141     0.551 r  recurrent/core/lstm_stack_ap_fixed_14_7_0_3_0_ap_fixed_14_7_0_3_0_config2_U0/grp_lstm_static_ap_fixed_14_7_0_3_0_ap_fixed_14_7_0_3_0_config2_false_s_fu_445/grp_dense_resource_rf_gt_nin_rem0_ap_fixed_ap_fixed_14_7_0_3_0_config2_2_s_fu_540/select_ln144_2_reg_13291_reg[6]/Q
                         net (fo=1, routed)           0.052     0.603    recurrent/core/lstm_stack_ap_fixed_14_7_0_3_0_ap_fixed_14_7_0_3_0_config2_U0/grp_lstm_static_ap_fixed_14_7_0_3_0_ap_fixed_14_7_0_3_0_config2_false_s_fu_445/grp_dense_resource_rf_gt_nin_rem0_ap_fixed_ap_fixed_14_7_0_3_0_config2_2_s_fu_540/select_ln144_2_reg_13291[6]
    SLICE_X60Y11         LUT5 (Prop_lut5_I0_O)        0.045     0.648 r  recurrent/core/lstm_stack_ap_fixed_14_7_0_3_0_ap_fixed_14_7_0_3_0_config2_U0/grp_lstm_static_ap_fixed_14_7_0_3_0_ap_fixed_14_7_0_3_0_config2_false_s_fu_445/grp_dense_resource_rf_gt_nin_rem0_ap_fixed_ap_fixed_14_7_0_3_0_config2_2_s_fu_540/x_127_reg_1360[6]_i_1/O
                         net (fo=4, routed)           0.000     0.648    recurrent/core/lstm_stack_ap_fixed_14_7_0_3_0_ap_fixed_14_7_0_3_0_config2_U0/grp_lstm_static_ap_fixed_14_7_0_3_0_ap_fixed_14_7_0_3_0_config2_false_s_fu_445/grp_dense_resource_rf_gt_nin_rem0_ap_fixed_ap_fixed_14_7_0_3_0_config2_2_s_fu_540/ap_return_0[6]
    SLICE_X60Y11         FDRE                                         r  recurrent/core/lstm_stack_ap_fixed_14_7_0_3_0_ap_fixed_14_7_0_3_0_config2_U0/grp_lstm_static_ap_fixed_14_7_0_3_0_ap_fixed_14_7_0_3_0_config2_false_s_fu_445/grp_dense_resource_rf_gt_nin_rem0_ap_fixed_ap_fixed_14_7_0_3_0_config2_2_s_fu_540/x_127_reg_1360_reg[6]/D
  -------------------------------------------------------------------    -------------------

                         (clock clk rise edge)        0.000     0.000 r  <hidden>
                                                      0.000     0.000 r  clk
                         net (fo=33112, unset)        0.432     0.432    recurrent/core/lstm_stack_ap_fixed_14_7_0_3_0_ap_fixed_14_7_0_3_0_config2_U0/grp_lstm_static_ap_fixed_14_7_0_3_0_ap_fixed_14_7_0_3_0_config2_false_s_fu_445/grp_dense_resource_rf_gt_nin_rem0_ap_fixed_ap_fixed_14_7_0_3_0_config2_2_s_fu_540/clk
    SLICE_X60Y11         FDRE                                         r  recurrent/core/lstm_stack_ap_fixed_14_7_0_3_0_ap_fixed_14_7_0_3_0_config2_U0/grp_lstm_static_ap_fixed_14_7_0_3_0_ap_fixed_14_7_0_3_0_config2_false_s_fu_445/grp_dense_resource_rf_gt_nin_rem0_ap_fixed_ap_fixed_14_7_0_3_0_config2_2_s_fu_540/x_127_reg_1360_reg[6]/C
                         clock pessimism              0.000     0.432    <hidden>
    SLICE_X60Y11         FDRE (Hold_fdre_C_D)         0.121     0.553    recurrent/core/lstm_stack_ap_fixed_14_7_0_3_0_ap_fixed_14_7_0_3_0_config2_U0/grp_lstm_static_ap_fixed_14_7_0_3_0_ap_fixed_14_7_0_3_0_config2_false_s_fu_445/grp_dense_resource_rf_gt_nin_rem0_ap_fixed_ap_fixed_14_7_0_3_0_config2_2_s_fu_540/x_127_reg_1360_reg[6]
  -------------------------------------------------------------------
                         required time                         -0.553    <hidden>
                         arrival time                           0.648    <hidden>
  -------------------------------------------------------------------
                         slack                                  0.096    <hidden>

Slack (MET) :             0.096ns  (arrival time - required time)
  Source:                 recurrent/core/lstm_stack_ap_fixed_14_7_0_3_0_ap_fixed_14_7_0_3_0_config2_U0/grp_lstm_static_ap_fixed_14_7_0_3_0_ap_fixed_14_7_0_3_0_config2_false_s_fu_445/inputacc_ifo_48_reg_8043_reg[1]/C
                            (rising edge-triggered cell FDRE clocked by clk  {rise@0.000ns fall@8.500ns period=17.000ns})
  Destination:            recurrent/core/lstm_stack_ap_fixed_14_7_0_3_0_ap_fixed_14_7_0_3_0_config2_U0/grp_lstm_static_ap_fixed_14_7_0_3_0_ap_fixed_14_7_0_3_0_config2_false_s_fu_445/grp_sigmoid_ap_fixed_ap_fixed_14_7_0_3_0_sigmoid_config2_recr_s_fu_612/data_48_val_int_reg_reg[1]/D
                            (rising edge-triggered cell FDRE clocked by clk  {rise@0.000ns fall@8.500ns period=17.000ns})
  Path Group:             clk
  Path Type:              Hold (Min at Fast Process Corner)
  Requirement:            0.000ns  (clk rise@0.000ns - clk rise@0.000ns)
  Data Path Delay:        0.193ns  (logic 0.141ns (73.018%)  route 0.052ns (26.982%))
  Logic Levels:           0  
  Clock Path Skew:        0.022ns (DCD - SCD - CPR)
    Destination Clock Delay (DCD):    0.432ns
    Source Clock Delay      (SCD):    0.410ns
    Clock Pessimism Removal (CPR):    -0.000ns

    Location             Delay type                Incr(ns)  Path(ns)    Netlist Resource(s)
  -------------------------------------------------------------------    -------------------
                         (clock clk rise edge)        0.000     0.000 r  <hidden>
                                                      0.000     0.000 r  clk
                         net (fo=33112, unset)        0.410     0.410    recurrent/core/lstm_stack_ap_fixed_14_7_0_3_0_ap_fixed_14_7_0_3_0_config2_U0/grp_lstm_static_ap_fixed_14_7_0_3_0_ap_fixed_14_7_0_3_0_config2_false_s_fu_445/clk
    SLICE_X55Y43         FDRE                                         r  recurrent/core/lstm_stack_ap_fixed_14_7_0_3_0_ap_fixed_14_7_0_3_0_config2_U0/grp_lstm_static_ap_fixed_14_7_0_3_0_ap_fixed_14_7_0_3_0_config2_false_s_fu_445/inputacc_ifo_48_reg_8043_reg[1]/C
  -------------------------------------------------------------------    -------------------
    SLICE_X55Y43         FDRE (Prop_fdre_C_Q)         0.141     0.551 r  recurrent/core/lstm_stack_ap_fixed_14_7_0_3_0_ap_fixed_14_7_0_3_0_config2_U0/grp_lstm_static_ap_fixed_14_7_0_3_0_ap_fixed_14_7_0_3_0_config2_false_s_fu_445/inputacc_ifo_48_reg_8043_reg[1]/Q
                         net (fo=1, routed)           0.052     0.603    recurrent/core/lstm_stack_ap_fixed_14_7_0_3_0_ap_fixed_14_7_0_3_0_config2_U0/grp_lstm_static_ap_fixed_14_7_0_3_0_ap_fixed_14_7_0_3_0_config2_false_s_fu_445/grp_sigmoid_ap_fixed_ap_fixed_14_7_0_3_0_sigmoid_config2_recr_s_fu_612/data_48_val_int_reg_reg[13]_0[1]
    SLICE_X54Y43         FDRE                                         r  recurrent/core/lstm_stack_ap_fixed_14_7_0_3_0_ap_fixed_14_7_0_3_0_config2_U0/grp_lstm_static_ap_fixed_14_7_0_3_0_ap_fixed_14_7_0_3_0_config2_false_s_fu_445/grp_sigmoid_ap_fixed_ap_fixed_14_7_0_3_0_sigmoid_config2_recr_s_fu_612/data_48_val_int_reg_reg[1]/D
  -------------------------------------------------------------------    -------------------

                         (clock clk rise edge)        0.000     0.000 r  <hidden>
                                                      0.000     0.000 r  clk
                         net (fo=33112, unset)        0.432     0.432    recurrent/core/lstm_stack_ap_fixed_14_7_0_3_0_ap_fixed_14_7_0_3_0_config2_U0/grp_lstm_static_ap_fixed_14_7_0_3_0_ap_fixed_14_7_0_3_0_config2_false_s_fu_445/grp_sigmoid_ap_fixed_ap_fixed_14_7_0_3_0_sigmoid_config2_recr_s_fu_612/clk
    SLICE_X54Y43         FDRE                                         r  recurrent/core/lstm_stack_ap_fixed_14_7_0_3_0_ap_fixed_14_7_0_3_0_config2_U0/grp_lstm_static_ap_fixed_14_7_0_3_0_ap_fixed_14_7_0_3_0_config2_false_s_fu_445/grp_sigmoid_ap_fixed_ap_fixed_14_7_0_3_0_sigmoid_config2_recr_s_fu_612/data_48_val_int_reg_reg[1]/C
                         clock pessimism              0.000     0.432    <hidden>
    SLICE_X54Y43         FDRE (Hold_fdre_C_D)         0.076     0.508    recurrent/core/lstm_stack_ap_fixed_14_7_0_3_0_ap_fixed_14_7_0_3_0_config2_U0/grp_lstm_static_ap_fixed_14_7_0_3_0_ap_fixed_14_7_0_3_0_config2_false_s_fu_445/grp_sigmoid_ap_fixed_ap_fixed_14_7_0_3_0_sigmoid_config2_recr_s_fu_612/data_48_val_int_reg_reg[1]
  -------------------------------------------------------------------
                         required time                         -0.508    <hidden>
                         arrival time                           0.603    <hidden>
  -------------------------------------------------------------------
                         slack                                  0.096    <hidden>

Slack (MET) :             0.096ns  (arrival time - required time)
  Source:                 recurrent/core/lstm_stack_ap_fixed_14_7_0_3_0_ap_fixed_14_7_0_3_0_config2_U0/grp_lstm_static_ap_fixed_14_7_0_3_0_ap_fixed_14_7_0_3_0_config2_false_s_fu_445/grp_sigmoid_ap_fixed_ap_fixed_14_7_0_3_0_sigmoid_config2_recr_s_fu_612/add_ln115_38_reg_17764_reg[6]/C
                            (rising edge-triggered cell FDRE clocked by clk  {rise@0.000ns fall@8.500ns period=17.000ns})
  Destination:            recurrent/core/lstm_stack_ap_fixed_14_7_0_3_0_ap_fixed_14_7_0_3_0_config2_U0/grp_lstm_static_ap_fixed_14_7_0_3_0_ap_fixed_14_7_0_3_0_config2_false_s_fu_445/grp_sigmoid_ap_fixed_ap_fixed_14_7_0_3_0_sigmoid_config2_recr_s_fu_612/trunc_ln113_77_reg_19061_reg[6]/D
                            (rising edge-triggered cell FDRE clocked by clk  {rise@0.000ns fall@8.500ns period=17.000ns})
  Path Group:             clk
  Path Type:              Hold (Min at Fast Process Corner)
  Requirement:            0.000ns  (clk rise@0.000ns - clk rise@0.000ns)
  Data Path Delay:        0.238ns  (logic 0.186ns (78.117%)  route 0.052ns (21.883%))
  Logic Levels:           1  (LUT4=1)
  Clock Path Skew:        0.022ns (DCD - SCD - CPR)
    Destination Clock Delay (DCD):    0.432ns
    Source Clock Delay      (SCD):    0.410ns
    Clock Pessimism Removal (CPR):    -0.000ns

    Location             Delay type                Incr(ns)  Path(ns)    Netlist Resource(s)
  -------------------------------------------------------------------    -------------------
                         (clock clk rise edge)        0.000     0.000 r  <hidden>
                                                      0.000     0.000 r  clk
                         net (fo=33112, unset)        0.410     0.410    recurrent/core/lstm_stack_ap_fixed_14_7_0_3_0_ap_fixed_14_7_0_3_0_config2_U0/grp_lstm_static_ap_fixed_14_7_0_3_0_ap_fixed_14_7_0_3_0_config2_false_s_fu_445/grp_sigmoid_ap_fixed_ap_fixed_14_7_0_3_0_sigmoid_config2_recr_s_fu_612/clk
    SLICE_X71Y14         FDRE                                         r  recurrent/core/lstm_stack_ap_fixed_14_7_0_3_0_ap_fixed_14_7_0_3_0_config2_U0/grp_lstm_static_ap_fixed_14_7_0_3_0_ap_fixed_14_7_0_3_0_config2_false_s_fu_445/grp_sigmoid_ap_fixed_ap_fixed_14_7_0_3_0_sigmoid_config2_recr_s_fu_612/add_ln115_38_reg_17764_reg[6]/C
  -------------------------------------------------------------------    -------------------
    SLICE_X71Y14         FDRE (Prop_fdre_C_Q)         0.141     0.551 r  recurrent/core/lstm_stack_ap_fixed_14_7_0_3_0_ap_fixed_14_7_0_3_0_config2_U0/grp_lstm_static_ap_fixed_14_7_0_3_0_ap_fixed_14_7_0_3_0_config2_false_s_fu_445/grp_sigmoid_ap_fixed_ap_fixed_14_7_0_3_0_sigmoid_config2_recr_s_fu_612/add_ln115_38_reg_17764_reg[6]/Q
                         net (fo=1, routed)           0.052     0.603    recurrent/core/lstm_stack_ap_fixed_14_7_0_3_0_ap_fixed_14_7_0_3_0_config2_U0/grp_lstm_static_ap_fixed_14_7_0_3_0_ap_fixed_14_7_0_3_0_config2_false_s_fu_445/grp_sigmoid_ap_fixed_ap_fixed_14_7_0_3_0_sigmoid_config2_recr_s_fu_612/add_ln115_38_reg_17764[6]
    SLICE_X70Y14         LUT4 (Prop_lut4_I0_O)        0.045     0.648 r  recurrent/core/lstm_stack_ap_fixed_14_7_0_3_0_ap_fixed_14_7_0_3_0_config2_U0/grp_lstm_static_ap_fixed_14_7_0_3_0_ap_fixed_14_7_0_3_0_config2_false_s_fu_445/grp_sigmoid_ap_fixed_ap_fixed_14_7_0_3_0_sigmoid_config2_recr_s_fu_612/trunc_ln113_77_reg_19061[6]_i_1/O
                         net (fo=1, routed)           0.000     0.648    recurrent/core/lstm_stack_ap_fixed_14_7_0_3_0_ap_fixed_14_7_0_3_0_config2_U0/grp_lstm_static_ap_fixed_14_7_0_3_0_ap_fixed_14_7_0_3_0_config2_false_s_fu_445/grp_sigmoid_ap_fixed_ap_fixed_14_7_0_3_0_sigmoid_config2_recr_s_fu_612/sext_ln112_38_fu_7654_p1__0[6]
    SLICE_X70Y14         FDRE                                         r  recurrent/core/lstm_stack_ap_fixed_14_7_0_3_0_ap_fixed_14_7_0_3_0_config2_U0/grp_lstm_static_ap_fixed_14_7_0_3_0_ap_fixed_14_7_0_3_0_config2_false_s_fu_445/grp_sigmoid_ap_fixed_ap_fixed_14_7_0_3_0_sigmoid_config2_recr_s_fu_612/trunc_ln113_77_reg_19061_reg[6]/D
  -------------------------------------------------------------------    -------------------

                         (clock clk rise edge)        0.000     0.000 r  <hidden>
                                                      0.000     0.000 r  clk
                         net (fo=33112, unset)        0.432     0.432    recurrent/core/lstm_stack_ap_fixed_14_7_0_3_0_ap_fixed_14_7_0_3_0_config2_U0/grp_lstm_static_ap_fixed_14_7_0_3_0_ap_fixed_14_7_0_3_0_config2_false_s_fu_445/grp_sigmoid_ap_fixed_ap_fixed_14_7_0_3_0_sigmoid_config2_recr_s_fu_612/clk
    SLICE_X70Y14         FDRE                                         r  recurrent/core/lstm_stack_ap_fixed_14_7_0_3_0_ap_fixed_14_7_0_3_0_config2_U0/grp_lstm_static_ap_fixed_14_7_0_3_0_ap_fixed_14_7_0_3_0_config2_false_s_fu_445/grp_sigmoid_ap_fixed_ap_fixed_14_7_0_3_0_sigmoid_config2_recr_s_fu_612/trunc_ln113_77_reg_19061_reg[6]/C
                         clock pessimism              0.000     0.432    <hidden>
    SLICE_X70Y14         FDRE (Hold_fdre_C_D)         0.121     0.553    recurrent/core/lstm_stack_ap_fixed_14_7_0_3_0_ap_fixed_14_7_0_3_0_config2_U0/grp_lstm_static_ap_fixed_14_7_0_3_0_ap_fixed_14_7_0_3_0_config2_false_s_fu_445/grp_sigmoid_ap_fixed_ap_fixed_14_7_0_3_0_sigmoid_config2_recr_s_fu_612/trunc_ln113_77_reg_19061_reg[6]
  -------------------------------------------------------------------
                         required time                         -0.553    <hidden>
                         arrival time                           0.648    <hidden>
  -------------------------------------------------------------------
                         slack                                  0.096    <hidden>

Slack (MET) :             0.096ns  (arrival time - required time)
  Source:                 weightless/u_core/layer1_bits_reg[619]/C
                            (rising edge-triggered cell FDRE clocked by clk  {rise@0.000ns fall@8.500ns period=17.000ns})
  Destination:            weightless/u_core/layer2_bits_reg[325]/D
                            (rising edge-triggered cell FDRE clocked by clk  {rise@0.000ns fall@8.500ns period=17.000ns})
  Path Group:             clk
  Path Type:              Hold (Min at Fast Process Corner)
  Requirement:            0.000ns  (clk rise@0.000ns - clk rise@0.000ns)
  Data Path Delay:        0.238ns  (logic 0.186ns (78.117%)  route 0.052ns (21.883%))
  Logic Levels:           1  (LUT6=1)
  Clock Path Skew:        0.022ns (DCD - SCD - CPR)
    Destination Clock Delay (DCD):    0.432ns
    Source Clock Delay      (SCD):    0.410ns
    Clock Pessimism Removal (CPR):    -0.000ns

    Location             Delay type                Incr(ns)  Path(ns)    Netlist Resource(s)
  -------------------------------------------------------------------    -------------------
                         (clock clk rise edge)        0.000     0.000 r  <hidden>
                                                      0.000     0.000 r  clk
                         net (fo=33112, unset)        0.410     0.410    weightless/u_core/clk
    SLICE_X47Y115        FDRE                                         r  weightless/u_core/layer1_bits_reg[619]/C
  -------------------------------------------------------------------    -------------------
    SLICE_X47Y115        FDRE (Prop_fdre_C_Q)         0.141     0.551 r  weightless/u_core/layer1_bits_reg[619]/Q
                         net (fo=1, routed)           0.052     0.603    weightless/u_core/u_layer2/lut325/Q[3]
    SLICE_X46Y115        LUT6 (Prop_lut6_I1_O)        0.045     0.648 r  weightless/u_core/u_layer2/lut325/out/O
                         net (fo=1, routed)           0.000     0.648    weightless/u_core/layer2_comb[325]
    SLICE_X46Y115        FDRE                                         r  weightless/u_core/layer2_bits_reg[325]/D
  -------------------------------------------------------------------    -------------------

                         (clock clk rise edge)        0.000     0.000 r  <hidden>
                                                      0.000     0.000 r  clk
                         net (fo=33112, unset)        0.432     0.432    weightless/u_core/clk
    SLICE_X46Y115        FDRE                                         r  weightless/u_core/layer2_bits_reg[325]/C
                         clock pessimism              0.000     0.432    <hidden>
    SLICE_X46Y115        FDRE (Hold_fdre_C_D)         0.121     0.553    weightless/u_core/layer2_bits_reg[325]
  -------------------------------------------------------------------
                         required time                         -0.553    <hidden>
                         arrival time                           0.648    <hidden>
  -------------------------------------------------------------------
                         slack                                  0.096    <hidden>





Pulse Width Checks
--------------------------------------------------------------------------------------
Clock Name:         clk
Waveform(ns):       { 0.000 8.500 }
Period(ns):         17.000
Sources:            { clk }

Check Type        Corner  Lib Pin             Reference Pin  Required(ns)  Actual(ns)  Slack(ns)  Location       Pin
Min Period        n/a     RAMB18E1/CLKARDCLK  n/a            2.944         17.000      14.056     RAMB18_X1Y46   recurrent/core/lstm_stack_ap_fixed_14_7_0_3_0_ap_fixed_14_7_0_3_0_config2_U0/data_in_U/ram_reg/CLKARDCLK
Min Period        n/a     RAMB18E1/CLKARDCLK  n/a            2.576         17.000      14.424     RAMB18_X0Y58   recurrent/core/dense_resource_rf_leq_nin_ap_fixed_ap_fixed_14_7_0_3_0_config3_U0/w3_U/q0_t0_reg/CLKARDCLK
Min Period        n/a     RAMB18E1/CLKBWRCLK  n/a            2.576         17.000      14.424     RAMB18_X1Y46   recurrent/core/lstm_stack_ap_fixed_14_7_0_3_0_ap_fixed_14_7_0_3_0_config2_U0/data_in_U/ram_reg/CLKBWRCLK
Min Period        n/a     RAMB36E1/CLKARDCLK  n/a            2.576         17.000      14.424     RAMB36_X2Y5    recurrent/core/lstm_stack_ap_fixed_14_7_0_3_0_ap_fixed_14_7_0_3_0_config2_U0/grp_lstm_static_ap_fixed_14_7_0_3_0_ap_fixed_14_7_0_3_0_config2_false_s_fu_445/grp_dense_resource_rf_gt_nin_rem0_ap_fixed_ap_fixed_14_7_0_3_0_config2_1_s_fu_530/w2_U/q0_t0_reg_0/CLKARDCLK
Min Period        n/a     RAMB36E1/CLKBWRCLK  n/a            2.576         17.000      14.424     RAMB36_X2Y5    recurrent/core/lstm_stack_ap_fixed_14_7_0_3_0_ap_fixed_14_7_0_3_0_config2_U0/grp_lstm_static_ap_fixed_14_7_0_3_0_ap_fixed_14_7_0_3_0_config2_false_s_fu_445/grp_dense_resource_rf_gt_nin_rem0_ap_fixed_ap_fixed_14_7_0_3_0_config2_1_s_fu_530/w2_U/q0_t0_reg_0/CLKBWRCLK
Min Period        n/a     RAMB36E1/CLKARDCLK  n/a            2.576         17.000      14.424     RAMB36_X2Y13   recurrent/core/lstm_stack_ap_fixed_14_7_0_3_0_ap_fixed_14_7_0_3_0_config2_U0/grp_lstm_static_ap_fixed_14_7_0_3_0_ap_fixed_14_7_0_3_0_config2_false_s_fu_445/grp_dense_resource_rf_gt_nin_rem0_ap_fixed_ap_fixed_14_7_0_3_0_config2_1_s_fu_530/w2_U/q0_t0_reg_1/CLKARDCLK
Min Period        n/a     RAMB36E1/CLKBWRCLK  n/a            2.576         17.000      14.424     RAMB36_X2Y13   recurrent/core/lstm_stack_ap_fixed_14_7_0_3_0_ap_fixed_14_7_0_3_0_config2_U0/grp_lstm_static_ap_fixed_14_7_0_3_0_ap_fixed_14_7_0_3_0_config2_false_s_fu_445/grp_dense_resource_rf_gt_nin_rem0_ap_fixed_ap_fixed_14_7_0_3_0_config2_1_s_fu_530/w2_U/q0_t0_reg_1/CLKBWRCLK
Min Period        n/a     RAMB18E1/CLKARDCLK  n/a            2.576         17.000      14.424     RAMB18_X1Y12   recurrent/core/lstm_stack_ap_fixed_14_7_0_3_0_ap_fixed_14_7_0_3_0_config2_U0/grp_lstm_static_ap_fixed_14_7_0_3_0_ap_fixed_14_7_0_3_0_config2_false_s_fu_445/grp_dense_resource_rf_gt_nin_rem0_ap_fixed_ap_fixed_14_7_0_3_0_config2_1_s_fu_530/w2_U/q0_t0_reg_2/CLKARDCLK
Min Period        n/a     RAMB18E1/CLKBWRCLK  n/a            2.576         17.000      14.424     RAMB18_X1Y12   recurrent/core/lstm_stack_ap_fixed_14_7_0_3_0_ap_fixed_14_7_0_3_0_config2_U0/grp_lstm_static_ap_fixed_14_7_0_3_0_ap_fixed_14_7_0_3_0_config2_false_s_fu_445/grp_dense_resource_rf_gt_nin_rem0_ap_fixed_ap_fixed_14_7_0_3_0_config2_1_s_fu_530/w2_U/q0_t0_reg_2/CLKBWRCLK
Min Period        n/a     RAMB36E1/CLKARDCLK  n/a            2.576         17.000      14.424     RAMB36_X0Y1    recurrent/core/lstm_stack_ap_fixed_14_7_0_3_0_ap_fixed_14_7_0_3_0_config2_U0/grp_lstm_static_ap_fixed_14_7_0_3_0_ap_fixed_14_7_0_3_0_config2_false_s_fu_445/grp_dense_resource_rf_gt_nin_rem0_ap_fixed_ap_fixed_14_7_0_3_0_config2_2_s_fu_540/wr2_U/q0_t0_reg_0/CLKARDCLK
Low Pulse Width   Slow    RAMD32/CLK          n/a            1.250         8.500       7.250      SLICE_X56Y144  union_find/queue_reg_0_31_0_1/RAMA/CLK
Low Pulse Width   Fast    RAMD32/CLK          n/a            1.250         8.500       7.250      SLICE_X56Y144  union_find/queue_reg_0_31_0_1/RAMA/CLK
Low Pulse Width   Slow    RAMD32/CLK          n/a            1.250         8.500       7.250      SLICE_X56Y144  union_find/queue_reg_0_31_0_1/RAMA_D1/CLK
Low Pulse Width   Fast    RAMD32/CLK          n/a            1.250         8.500       7.250      SLICE_X56Y144  union_find/queue_reg_0_31_0_1/RAMA_D1/CLK
Low Pulse Width   Slow    RAMD32/CLK          n/a            1.250         8.500       7.250      SLICE_X56Y144  union_find/queue_reg_0_31_0_1/RAMB/CLK
Low Pulse Width   Fast    RAMD32/CLK          n/a            1.250         8.500       7.250      SLICE_X56Y144  union_find/queue_reg_0_31_0_1/RAMB/CLK
Low Pulse Width   Slow    RAMD32/CLK          n/a            1.250         8.500       7.250      SLICE_X56Y144  union_find/queue_reg_0_31_0_1/RAMB_D1/CLK
Low Pulse Width   Fast    RAMD32/CLK          n/a            1.250         8.500       7.250      SLICE_X56Y144  union_find/queue_reg_0_31_0_1/RAMB_D1/CLK
Low Pulse Width   Slow    RAMD32/CLK          n/a            1.250         8.500       7.250      SLICE_X56Y144  union_find/queue_reg_0_31_0_1/RAMC/CLK
Low Pulse Width   Fast    RAMD32/CLK          n/a            1.250         8.500       7.250      SLICE_X56Y144  union_find/queue_reg_0_31_0_1/RAMC/CLK
High Pulse Width  Slow    RAMD32/CLK          n/a            1.250         8.500       7.250      SLICE_X56Y144  union_find/queue_reg_0_31_0_1/RAMA/CLK
High Pulse Width  Fast    RAMD32/CLK          n/a            1.250         8.500       7.250      SLICE_X56Y144  union_find/queue_reg_0_31_0_1/RAMA/CLK
High Pulse Width  Slow    RAMD32/CLK          n/a            1.250         8.500       7.250      SLICE_X56Y144  union_find/queue_reg_0_31_0_1/RAMA_D1/CLK
High Pulse Width  Fast    RAMD32/CLK          n/a            1.250         8.500       7.250      SLICE_X56Y144  union_find/queue_reg_0_31_0_1/RAMA_D1/CLK
High Pulse Width  Slow    RAMD32/CLK          n/a            1.250         8.500       7.250      SLICE_X56Y144  union_find/queue_reg_0_31_0_1/RAMB/CLK
High Pulse Width  Fast    RAMD32/CLK          n/a            1.250         8.500       7.250      SLICE_X56Y144  union_find/queue_reg_0_31_0_1/RAMB/CLK
High Pulse Width  Slow    RAMD32/CLK          n/a            1.250         8.500       7.250      SLICE_X56Y144  union_find/queue_reg_0_31_0_1/RAMB_D1/CLK
High Pulse Width  Fast    RAMD32/CLK          n/a            1.250         8.500       7.250      SLICE_X56Y144  union_find/queue_reg_0_31_0_1/RAMB_D1/CLK
High Pulse Width  Slow    RAMD32/CLK          n/a            1.250         8.500       7.250      SLICE_X56Y144  union_find/queue_reg_0_31_0_1/RAMC/CLK
High Pulse Width  Fast    RAMD32/CLK          n/a            1.250         8.500       7.250      SLICE_X56Y144  union_find/queue_reg_0_31_0_1/RAMC/CLK



