Copyright 1986-2022 Xilinx, Inc. All Rights Reserved. Copyright 2022-2026 Advanced Micro Devices, Inc. All Rights Reserved.
---------------------------------------------------------------------------------------------------------------------------------------------
| Tool Version : Vivado v.2026.1 (win64) Build 6511674 Tue Jun 16 11:02:23 MDT 2026
| Date         : Sat Sep 26 14:18:04 2026
| Host         : Yagiz running 64-bit major release  (build 9200)
| Command      : report_timing_summary -max_paths 10 -file synth/reports/recurrent_decoder_timing.rpt
| Design       : recurrent_decoder
| Device       : 7a100t-csg324
| Speed File   : -1  PRODUCTION 1.23 2018-06-13
| Design State : Routed
---------------------------------------------------------------------------------------------------------------------------------------------

Timing Summary Report

------------------------------------------------------------------------------------------------
| Timer Settings
| --------------
------------------------------------------------------------------------------------------------

  Enable Multi Corner Analysis               :  Yes
  Enable Pessimism Removal                   :  Yes
  Pessimism Removal Resolution               :  Nearest Common Node
  Enable Input Delay Default Clock           :  No
  Enable Preset / Clear Arcs                 :  No
  Disable Flight Delays                      :  No
  Ignore I/O Paths                           :  No
  Timing Early Launch at Borrowing Latches   :  No
  Borrow Time for Max Delay Exceptions       :  Yes
  Merge Timing Exceptions                    :  Yes
  Inter-SLR Compensation                     :  Conservative

  Corner  Analyze    Analyze    
  Name    Max Paths  Min Paths  
  ------  ---------  ---------  
  Slow    Yes        Yes        
  Fast    Yes        Yes        


------------------------------------------------------------------------------------------------
| Report Methodology
| ------------------
------------------------------------------------------------------------------------------------

No report available as report_methodology has not been run prior. Run report_methodology on the current design for the summary of methodology violations.



check_timing report

Table of Contents
-----------------
1. checking no_clock (0)
2. checking constant_clock (0)
3. checking pulse_width_clock (0)
4. checking unconstrained_internal_endpoints (0)
5. checking no_input_delay (26)
6. checking no_output_delay (2)
7. checking multiple_clock (0)
8. checking generated_clocks (0)
9. checking loops (0)
10. checking partial_input_delay (0)
11. checking partial_output_delay (0)
12. checking latch_loops (0)

1. checking no_clock (0)
------------------------
 There are 0 register/latch pins with no clock.


2. checking constant_clock (0)
------------------------------
 There are 0 register/latch pins with constant_clock.


3. checking pulse_width_clock (0)
---------------------------------
 There are 0 register/latch pins which need pulse_width check


4. checking unconstrained_internal_endpoints (0)
------------------------------------------------
 There are 0 pins that are not constrained for maximum delay.

 There are 0 pins that are not constrained for maximum delay due to constant clock.


5. checking no_input_delay (26)
-------------------------------
 There are 26 input ports with no input delay specified. (HIGH)

 There are 0 input ports with no input delay but user has a false path constraint.


6. checking no_output_delay (2)
-------------------------------
 There are 2 ports with no output delay specified. (HIGH)

 There are 0 ports with no output delay but user has a false path constraint

 There are 0 ports with no output delay but with a timing clock defined on it or propagating through it


7. checking multiple_clock (0)
------------------------------
 There are 0 register/latch pins with multiple clocks.


8. checking generated_clocks (0)
--------------------------------
 There are 0 generated clocks that are not connected to a clock source.


9. checking loops (0)
---------------------
 There are 0 combinational loops in the design.


10. checking partial_input_delay (0)
------------------------------------
 There are 0 input ports with partial input delay specified.


11. checking partial_output_delay (0)
-------------------------------------
 There are 0 ports with partial output delay specified.


12. checking latch_loops (0)
----------------------------
 There are 0 combinational latch loops in the design through latch input



------------------------------------------------------------------------------------------------
| Design Timing Summary
| ---------------------
------------------------------------------------------------------------------------------------

    WNS(ns)      TNS(ns)  TNS Failing Endpoints  TNS Total Endpoints      WHS(ns)      THS(ns)  THS Failing Endpoints  THS Total Endpoints     WPWS(ns)     TPWS(ns)  TPWS Failing Endpoints  TPWS Total Endpoints  
    -------      -------  ---------------------  -------------------      -------      -------  ---------------------  -------------------     --------     --------  ----------------------  --------------------  
      0.014        0.000                      0                69754        0.069        0.000                      0                69754        3.520        0.000                       0                 31705  


All user specified timing constraints are met.


------------------------------------------------------------------------------------------------
| Clock Summary
| -------------
------------------------------------------------------------------------------------------------

Clock  Waveform(ns)         Period(ns)      Frequency(MHz)
-----  ------------         ----------      --------------
clk    {0.000 4.500}        9.000           111.111         


------------------------------------------------------------------------------------------------
| Intra Clock Table
| -----------------
------------------------------------------------------------------------------------------------

Clock             WNS(ns)      TNS(ns)  TNS Failing Endpoints  TNS Total Endpoints      WHS(ns)      THS(ns)  THS Failing Endpoints  THS Total Endpoints     WPWS(ns)     TPWS(ns)  TPWS Failing Endpoints  TPWS Total Endpoints  
-----             -------      -------  ---------------------  -------------------      -------      -------  ---------------------  -------------------     --------     --------  ----------------------  --------------------  
clk                 0.014        0.000                      0                69754        0.069        0.000                      0                69754        3.520        0.000                       0                 31705  


------------------------------------------------------------------------------------------------
| Inter Clock Table
| -----------------
------------------------------------------------------------------------------------------------

From Clock    To Clock          WNS(ns)      TNS(ns)  TNS Failing Endpoints  TNS Total Endpoints      WHS(ns)      THS(ns)  THS Failing Endpoints  THS Total Endpoints  
----------    --------          -------      -------  ---------------------  -------------------      -------      -------  ---------------------  -------------------  


------------------------------------------------------------------------------------------------
| Other Path Groups Table
| -----------------------
------------------------------------------------------------------------------------------------

Path Group    From Clock    To Clock          WNS(ns)      TNS(ns)  TNS Failing Endpoints  TNS Total Endpoints      WHS(ns)      THS(ns)  THS Failing Endpoints  THS Total Endpoints  
----------    ----------    --------          -------      -------  ---------------------  -------------------      -------      -------  ---------------------  -------------------  


------------------------------------------------------------------------------------------------
| Timing Details
| --------------
------------------------------------------------------------------------------------------------


---------------------------------------------------------------------------------------------------
From Clock:  clk
  To Clock:  clk

Setup :            0  Failing Endpoints,  Worst Slack        0.014ns,  Total Violation        0.000ns
Hold  :            0  Failing Endpoints,  Worst Slack        0.069ns,  Total Violation        0.000ns
PW    :            0  Failing Endpoints,  Worst Slack        3.520ns,  Total Violation        0.000ns
---------------------------------------------------------------------------------------------------


Max Delay Paths
--------------------------------------------------------------------------------------
Slack (MET) :             0.014ns  (required time - arrival time)
  Source:                 core/lstm_stack_ap_fixed_14_7_0_3_0_ap_fixed_14_7_0_3_0_config2_U0/grp_lstm_static_ap_fixed_14_7_0_3_0_ap_fixed_14_7_0_3_0_config2_false_s_fu_445/grp_dense_resource_rf_gt_nin_rem0_ap_fixed_ap_fixed_14_7_0_3_0_config2_1_s_fu_530/icmp_ln135_reg_5996_pp0_iter6_reg_reg[0]__0_rep__8/C
                            (rising edge-triggered cell FDRE clocked by clk  {rise@0.000ns fall@4.500ns period=9.000ns})
  Destination:            core/lstm_stack_ap_fixed_14_7_0_3_0_ap_fixed_14_7_0_3_0_config2_U0/grp_lstm_static_ap_fixed_14_7_0_3_0_ap_fixed_14_7_0_3_0_config2_false_s_fu_445/grp_dense_resource_rf_gt_nin_rem0_ap_fixed_ap_fixed_14_7_0_3_0_config2_1_s_fu_530/acc_594_reg_6993_reg[0]/R
                            (rising edge-triggered cell FDRE clocked by clk  {rise@0.000ns fall@4.500ns period=9.000ns})
  Path Group:             clk
  Path Type:              Setup (Max at Slow Process Corner)
  Requirement:            9.000ns  (clk rise@9.000ns - clk rise@0.000ns)
  Data Path Delay:        8.473ns  (logic 3.106ns (36.656%)  route 5.367ns (63.344%))
  Logic Levels:           9  (CARRY4=3 LUT1=1 LUT4=2 LUT6=2 MUXF7=1)
  Clock Path Skew:        -0.049ns (DCD - SCD + CPR)
    Destination Clock Delay (DCD):    0.924ns = ( 9.924 - 9.000 ) 
    Source Clock Delay      (SCD):    0.973ns
    Clock Pessimism Removal (CPR):    0.000ns
  Clock Uncertainty:      0.035ns  ((TSJ^2 + TIJ^2)^1/2 + DJ) / 2 + PE
    Total System Jitter     (TSJ):    0.071ns
    Total Input Jitter      (TIJ):    0.000ns
    Discrete Jitter          (DJ):    0.000ns
    Phase Error              (PE):    0.000ns

    Location             Delay type                Incr(ns)  Path(ns)    Netlist Resource(s)
  -------------------------------------------------------------------    -------------------
                         (clock clk rise edge)        0.000     0.000 r  <hidden>
                                                      0.000     0.000 r  clk
                         net (fo=31704, unset)        0.973     0.973    core/lstm_stack_ap_fixed_14_7_0_3_0_ap_fixed_14_7_0_3_0_config2_U0/grp_lstm_static_ap_fixed_14_7_0_3_0_ap_fixed_14_7_0_3_0_config2_false_s_fu_445/grp_dense_resource_rf_gt_nin_rem0_ap_fixed_ap_fixed_14_7_0_3_0_config2_1_s_fu_530/clk
    SLICE_X33Y104        FDRE                                         r  core/lstm_stack_ap_fixed_14_7_0_3_0_ap_fixed_14_7_0_3_0_config2_U0/grp_lstm_static_ap_fixed_14_7_0_3_0_ap_fixed_14_7_0_3_0_config2_false_s_fu_445/grp_dense_resource_rf_gt_nin_rem0_ap_fixed_ap_fixed_14_7_0_3_0_config2_1_s_fu_530/icmp_ln135_reg_5996_pp0_iter6_reg_reg[0]__0_rep__8/C
  -------------------------------------------------------------------    -------------------
    SLICE_X33Y104        FDRE (Prop_fdre_C_Q)         0.456     1.429 f  core/lstm_stack_ap_fixed_14_7_0_3_0_ap_fixed_14_7_0_3_0_config2_U0/grp_lstm_static_ap_fixed_14_7_0_3_0_ap_fixed_14_7_0_3_0_config2_false_s_fu_445/grp_dense_resource_rf_gt_nin_rem0_ap_fixed_ap_fixed_14_7_0_3_0_config2_1_s_fu_530/icmp_ln135_reg_5996_pp0_iter6_reg_reg[0]__0_rep__8/Q
                         net (fo=121, routed)         1.452     2.881    core/lstm_stack_ap_fixed_14_7_0_3_0_ap_fixed_14_7_0_3_0_config2_U0/grp_lstm_static_ap_fixed_14_7_0_3_0_ap_fixed_14_7_0_3_0_config2_false_s_fu_445/grp_dense_resource_rf_gt_nin_rem0_ap_fixed_ap_fixed_14_7_0_3_0_config2_1_s_fu_530/icmp_ln135_reg_5996_pp0_iter6_reg_reg[0]__0_rep__8_n_0
    SLICE_X46Y102        LUT4 (Prop_lut4_I0_O)        0.124     3.005 f  core/lstm_stack_ap_fixed_14_7_0_3_0_ap_fixed_14_7_0_3_0_config2_U0/grp_lstm_static_ap_fixed_14_7_0_3_0_ap_fixed_14_7_0_3_0_config2_false_s_fu_445/grp_dense_resource_rf_gt_nin_rem0_ap_fixed_ap_fixed_14_7_0_3_0_config2_1_s_fu_530/acc_690_reg_7010[7]_i_13/O
                         net (fo=2, routed)           0.829     3.834    core/lstm_stack_ap_fixed_14_7_0_3_0_ap_fixed_14_7_0_3_0_config2_U0/grp_lstm_static_ap_fixed_14_7_0_3_0_ap_fixed_14_7_0_3_0_config2_false_s_fu_445/grp_dense_resource_rf_gt_nin_rem0_ap_fixed_ap_fixed_14_7_0_3_0_config2_1_s_fu_530/acc_690_reg_7010[7]_i_13_n_0
    SLICE_X50Y103        LUT6 (Prop_lut6_I3_O)        0.124     3.958 f  core/lstm_stack_ap_fixed_14_7_0_3_0_ap_fixed_14_7_0_3_0_config2_U0/grp_lstm_static_ap_fixed_14_7_0_3_0_ap_fixed_14_7_0_3_0_config2_false_s_fu_445/grp_dense_resource_rf_gt_nin_rem0_ap_fixed_ap_fixed_14_7_0_3_0_config2_1_s_fu_530/acc_595_reg_6988[7]_i_18/O
                         net (fo=1, routed)           0.000     3.958    core/lstm_stack_ap_fixed_14_7_0_3_0_ap_fixed_14_7_0_3_0_config2_U0/grp_lstm_static_ap_fixed_14_7_0_3_0_ap_fixed_14_7_0_3_0_config2_false_s_fu_445/grp_dense_resource_rf_gt_nin_rem0_ap_fixed_ap_fixed_14_7_0_3_0_config2_1_s_fu_530/acc_595_reg_6988[7]_i_18_n_0
    SLICE_X50Y103        MUXF7 (Prop_muxf7_I1_O)      0.214     4.172 f  core/lstm_stack_ap_fixed_14_7_0_3_0_ap_fixed_14_7_0_3_0_config2_U0/grp_lstm_static_ap_fixed_14_7_0_3_0_ap_fixed_14_7_0_3_0_config2_false_s_fu_445/grp_dense_resource_rf_gt_nin_rem0_ap_fixed_ap_fixed_14_7_0_3_0_config2_1_s_fu_530/acc_595_reg_6988_reg[7]_i_10/O
                         net (fo=16, routed)          1.096     5.268    core/lstm_stack_ap_fixed_14_7_0_3_0_ap_fixed_14_7_0_3_0_config2_U0/grp_lstm_static_ap_fixed_14_7_0_3_0_ap_fixed_14_7_0_3_0_config2_false_s_fu_445/grp_dense_resource_rf_gt_nin_rem0_ap_fixed_ap_fixed_14_7_0_3_0_config2_1_s_fu_530/acc_595_reg_6988_reg[7]_i_10_n_0
    SLICE_X49Y99         LUT1 (Prop_lut1_I0_O)        0.297     5.565 r  core/lstm_stack_ap_fixed_14_7_0_3_0_ap_fixed_14_7_0_3_0_config2_U0/grp_lstm_static_ap_fixed_14_7_0_3_0_ap_fixed_14_7_0_3_0_config2_false_s_fu_445/grp_dense_resource_rf_gt_nin_rem0_ap_fixed_ap_fixed_14_7_0_3_0_config2_1_s_fu_530/acc_594_reg_6993[13]_i_23/O
                         net (fo=1, routed)           0.000     5.565    core/lstm_stack_ap_fixed_14_7_0_3_0_ap_fixed_14_7_0_3_0_config2_U0/grp_lstm_static_ap_fixed_14_7_0_3_0_ap_fixed_14_7_0_3_0_config2_false_s_fu_445/grp_dense_resource_rf_gt_nin_rem0_ap_fixed_ap_fixed_14_7_0_3_0_config2_1_s_fu_530/acc_594_reg_6993[13]_i_23_n_0
    SLICE_X49Y99         CARRY4 (Prop_carry4_S[0]_O[2])
                                                      0.547     6.112 r  core/lstm_stack_ap_fixed_14_7_0_3_0_ap_fixed_14_7_0_3_0_config2_U0/grp_lstm_static_ap_fixed_14_7_0_3_0_ap_fixed_14_7_0_3_0_config2_false_s_fu_445/grp_dense_resource_rf_gt_nin_rem0_ap_fixed_ap_fixed_14_7_0_3_0_config2_1_s_fu_530/acc_594_reg_6993_reg[13]_i_12/O[2]
                         net (fo=1, routed)           0.838     6.951    core/lstm_stack_ap_fixed_14_7_0_3_0_ap_fixed_14_7_0_3_0_config2_U0/grp_lstm_static_ap_fixed_14_7_0_3_0_ap_fixed_14_7_0_3_0_config2_false_s_fu_445/grp_dense_resource_rf_gt_nin_rem0_ap_fixed_ap_fixed_14_7_0_3_0_config2_1_s_fu_530/sub_ln144_73_fu_4398_p2[6]
    SLICE_X48Y100        LUT6 (Prop_lut6_I1_O)        0.302     7.253 r  core/lstm_stack_ap_fixed_14_7_0_3_0_ap_fixed_14_7_0_3_0_config2_U0/grp_lstm_static_ap_fixed_14_7_0_3_0_ap_fixed_14_7_0_3_0_config2_false_s_fu_445/grp_dense_resource_rf_gt_nin_rem0_ap_fixed_ap_fixed_14_7_0_3_0_config2_1_s_fu_530/acc_594_reg_6993[13]_i_7/O
                         net (fo=1, routed)           0.000     7.253    core/lstm_stack_ap_fixed_14_7_0_3_0_ap_fixed_14_7_0_3_0_config2_U0/grp_lstm_static_ap_fixed_14_7_0_3_0_ap_fixed_14_7_0_3_0_config2_false_s_fu_445/grp_dense_resource_rf_gt_nin_rem0_ap_fixed_ap_fixed_14_7_0_3_0_config2_1_s_fu_530/acc_594_reg_6993[13]_i_7_n_0
    SLICE_X48Y100        CARRY4 (Prop_carry4_S[2]_CO[3])
                                                      0.398     7.651 r  core/lstm_stack_ap_fixed_14_7_0_3_0_ap_fixed_14_7_0_3_0_config2_U0/grp_lstm_static_ap_fixed_14_7_0_3_0_ap_fixed_14_7_0_3_0_config2_false_s_fu_445/grp_dense_resource_rf_gt_nin_rem0_ap_fixed_ap_fixed_14_7_0_3_0_config2_1_s_fu_530/acc_594_reg_6993_reg[13]_i_4/CO[3]
                         net (fo=1, routed)           0.000     7.651    core/lstm_stack_ap_fixed_14_7_0_3_0_ap_fixed_14_7_0_3_0_config2_U0/grp_lstm_static_ap_fixed_14_7_0_3_0_ap_fixed_14_7_0_3_0_config2_false_s_fu_445/grp_dense_resource_rf_gt_nin_rem0_ap_fixed_ap_fixed_14_7_0_3_0_config2_1_s_fu_530/acc_594_reg_6993_reg[13]_i_4_n_0
    SLICE_X48Y101        CARRY4 (Prop_carry4_CI_CO[0])
                                                      0.271     7.922 f  core/lstm_stack_ap_fixed_14_7_0_3_0_ap_fixed_14_7_0_3_0_config2_U0/grp_lstm_static_ap_fixed_14_7_0_3_0_ap_fixed_14_7_0_3_0_config2_false_s_fu_445/grp_dense_resource_rf_gt_nin_rem0_ap_fixed_ap_fixed_14_7_0_3_0_config2_1_s_fu_530/acc_594_reg_6993_reg[13]_i_3/CO[0]
                         net (fo=1, routed)           0.443     8.364    core/lstm_stack_ap_fixed_14_7_0_3_0_ap_fixed_14_7_0_3_0_config2_U0/grp_lstm_static_ap_fixed_14_7_0_3_0_ap_fixed_14_7_0_3_0_config2_false_s_fu_445/grp_dense_resource_rf_gt_nin_rem0_ap_fixed_ap_fixed_14_7_0_3_0_config2_1_s_fu_530/icmp_ln144_81_fu_4404_p2[0]
    SLICE_X51Y102        LUT4 (Prop_lut4_I1_O)        0.373     8.737 r  core/lstm_stack_ap_fixed_14_7_0_3_0_ap_fixed_14_7_0_3_0_config2_U0/grp_lstm_static_ap_fixed_14_7_0_3_0_ap_fixed_14_7_0_3_0_config2_false_s_fu_445/grp_dense_resource_rf_gt_nin_rem0_ap_fixed_ap_fixed_14_7_0_3_0_config2_1_s_fu_530/acc_594_reg_6993[13]_i_1/O
                         net (fo=14, routed)          0.709     9.446    core/lstm_stack_ap_fixed_14_7_0_3_0_ap_fixed_14_7_0_3_0_config2_U0/grp_lstm_static_ap_fixed_14_7_0_3_0_ap_fixed_14_7_0_3_0_config2_false_s_fu_445/grp_dense_resource_rf_gt_nin_rem0_ap_fixed_ap_fixed_14_7_0_3_0_config2_1_s_fu_530/acc_594_reg_6993[13]_i_1_n_0
    SLICE_X52Y97         FDRE                                         r  core/lstm_stack_ap_fixed_14_7_0_3_0_ap_fixed_14_7_0_3_0_config2_U0/grp_lstm_static_ap_fixed_14_7_0_3_0_ap_fixed_14_7_0_3_0_config2_false_s_fu_445/grp_dense_resource_rf_gt_nin_rem0_ap_fixed_ap_fixed_14_7_0_3_0_config2_1_s_fu_530/acc_594_reg_6993_reg[0]/R
  -------------------------------------------------------------------    -------------------

                         (clock clk rise edge)        9.000     9.000 r  <hidden>
                                                      0.000     9.000 r  clk
                         net (fo=31704, unset)        0.924     9.924    core/lstm_stack_ap_fixed_14_7_0_3_0_ap_fixed_14_7_0_3_0_config2_U0/grp_lstm_static_ap_fixed_14_7_0_3_0_ap_fixed_14_7_0_3_0_config2_false_s_fu_445/grp_dense_resource_rf_gt_nin_rem0_ap_fixed_ap_fixed_14_7_0_3_0_config2_1_s_fu_530/clk
    SLICE_X52Y97         FDRE                                         r  core/lstm_stack_ap_fixed_14_7_0_3_0_ap_fixed_14_7_0_3_0_config2_U0/grp_lstm_static_ap_fixed_14_7_0_3_0_ap_fixed_14_7_0_3_0_config2_false_s_fu_445/grp_dense_resource_rf_gt_nin_rem0_ap_fixed_ap_fixed_14_7_0_3_0_config2_1_s_fu_530/acc_594_reg_6993_reg[0]/C
                         clock pessimism              0.000     9.924    <hidden>
                         clock uncertainty           -0.035     9.889    <hidden>
    SLICE_X52Y97         FDRE (Setup_fdre_C_R)       -0.429     9.460    core/lstm_stack_ap_fixed_14_7_0_3_0_ap_fixed_14_7_0_3_0_config2_U0/grp_lstm_static_ap_fixed_14_7_0_3_0_ap_fixed_14_7_0_3_0_config2_false_s_fu_445/grp_dense_resource_rf_gt_nin_rem0_ap_fixed_ap_fixed_14_7_0_3_0_config2_1_s_fu_530/acc_594_reg_6993_reg[0]
  -------------------------------------------------------------------
                         required time                          9.460    <hidden>
                         arrival time                          -9.446    <hidden>
  -------------------------------------------------------------------
                         slack                                  0.014    <hidden>

Slack (MET) :             0.014ns  (required time - arrival time)
  Source:                 core/lstm_stack_ap_fixed_14_7_0_3_0_ap_fixed_14_7_0_3_0_config2_U0/grp_lstm_static_ap_fixed_14_7_0_3_0_ap_fixed_14_7_0_3_0_config2_false_s_fu_445/grp_dense_resource_rf_gt_nin_rem0_ap_fixed_ap_fixed_14_7_0_3_0_config2_1_s_fu_530/icmp_ln135_reg_5996_pp0_iter6_reg_reg[0]__0_rep__8/C
                            (rising edge-triggered cell FDRE clocked by clk  {rise@0.000ns fall@4.500ns period=9.000ns})
  Destination:            core/lstm_stack_ap_fixed_14_7_0_3_0_ap_fixed_14_7_0_3_0_config2_U0/grp_lstm_static_ap_fixed_14_7_0_3_0_ap_fixed_14_7_0_3_0_config2_false_s_fu_445/grp_dense_resource_rf_gt_nin_rem0_ap_fixed_ap_fixed_14_7_0_3_0_config2_1_s_fu_530/acc_594_reg_6993_reg[10]/R
                            (rising edge-triggered cell FDRE clocked by clk  {rise@0.000ns fall@4.500ns period=9.000ns})
  Path Group:             clk
  Path Type:              Setup (Max at Slow Process Corner)
  Requirement:            9.000ns  (clk rise@9.000ns - clk rise@0.000ns)
  Data Path Delay:        8.473ns  (logic 3.106ns (36.656%)  route 5.367ns (63.344%))
  Logic Levels:           9  (CARRY4=3 LUT1=1 LUT4=2 LUT6=2 MUXF7=1)
  Clock Path Skew:        -0.049ns (DCD - SCD + CPR)
    Destination Clock Delay (DCD):    0.924ns = ( 9.924 - 9.000 ) 
    Source Clock Delay      (SCD):    0.973ns
    Clock Pessimism Removal (CPR):    0.000ns
  Clock Uncertainty:      0.035ns  ((TSJ^2 + TIJ^2)^1/2 + DJ) / 2 + PE
    Total System Jitter     (TSJ):    0.071ns
    Total Input Jitter      (TIJ):    0.000ns
    Discrete Jitter          (DJ):    0.000ns
    Phase Error              (PE):    0.000ns

    Location             Delay type                Incr(ns)  Path(ns)    Netlist Resource(s)
  -------------------------------------------------------------------    -------------------
                         (clock clk rise edge)        0.000     0.000 r  <hidden>
                                                      0.000     0.000 r  clk
                         net (fo=31704, unset)        0.973     0.973    core/lstm_stack_ap_fixed_14_7_0_3_0_ap_fixed_14_7_0_3_0_config2_U0/grp_lstm_static_ap_fixed_14_7_0_3_0_ap_fixed_14_7_0_3_0_config2_false_s_fu_445/grp_dense_resource_rf_gt_nin_rem0_ap_fixed_ap_fixed_14_7_0_3_0_config2_1_s_fu_530/clk
    SLICE_X33Y104        FDRE                                         r  core/lstm_stack_ap_fixed_14_7_0_3_0_ap_fixed_14_7_0_3_0_config2_U0/grp_lstm_static_ap_fixed_14_7_0_3_0_ap_fixed_14_7_0_3_0_config2_false_s_fu_445/grp_dense_resource_rf_gt_nin_rem0_ap_fixed_ap_fixed_14_7_0_3_0_config2_1_s_fu_530/icmp_ln135_reg_5996_pp0_iter6_reg_reg[0]__0_rep__8/C
  -------------------------------------------------------------------    -------------------
    SLICE_X33Y104        FDRE (Prop_fdre_C_Q)         0.456     1.429 f  core/lstm_stack_ap_fixed_14_7_0_3_0_ap_fixed_14_7_0_3_0_config2_U0/grp_lstm_static_ap_fixed_14_7_0_3_0_ap_fixed_14_7_0_3_0_config2_false_s_fu_445/grp_dense_resource_rf_gt_nin_rem0_ap_fixed_ap_fixed_14_7_0_3_0_config2_1_s_fu_530/icmp_ln135_reg_5996_pp0_iter6_reg_reg[0]__0_rep__8/Q
                         net (fo=121, routed)         1.452     2.881    core/lstm_stack_ap_fixed_14_7_0_3_0_ap_fixed_14_7_0_3_0_config2_U0/grp_lstm_static_ap_fixed_14_7_0_3_0_ap_fixed_14_7_0_3_0_config2_false_s_fu_445/grp_dense_resource_rf_gt_nin_rem0_ap_fixed_ap_fixed_14_7_0_3_0_config2_1_s_fu_530/icmp_ln135_reg_5996_pp0_iter6_reg_reg[0]__0_rep__8_n_0
    SLICE_X46Y102        LUT4 (Prop_lut4_I0_O)        0.124     3.005 f  core/lstm_stack_ap_fixed_14_7_0_3_0_ap_fixed_14_7_0_3_0_config2_U0/grp_lstm_static_ap_fixed_14_7_0_3_0_ap_fixed_14_7_0_3_0_config2_false_s_fu_445/grp_dense_resource_rf_gt_nin_rem0_ap_fixed_ap_fixed_14_7_0_3_0_config2_1_s_fu_530/acc_690_reg_7010[7]_i_13/O
                         net (fo=2, routed)           0.829     3.834    core/lstm_stack_ap_fixed_14_7_0_3_0_ap_fixed_14_7_0_3_0_config2_U0/grp_lstm_static_ap_fixed_14_7_0_3_0_ap_fixed_14_7_0_3_0_config2_false_s_fu_445/grp_dense_resource_rf_gt_nin_rem0_ap_fixed_ap_fixed_14_7_0_3_0_config2_1_s_fu_530/acc_690_reg_7010[7]_i_13_n_0
    SLICE_X50Y103        LUT6 (Prop_lut6_I3_O)        0.124     3.958 f  core/lstm_stack_ap_fixed_14_7_0_3_0_ap_fixed_14_7_0_3_0_config2_U0/grp_lstm_static_ap_fixed_14_7_0_3_0_ap_fixed_14_7_0_3_0_config2_false_s_fu_445/grp_dense_resource_rf_gt_nin_rem0_ap_fixed_ap_fixed_14_7_0_3_0_config2_1_s_fu_530/acc_595_reg_6988[7]_i_18/O
                         net (fo=1, routed)           0.000     3.958    core/lstm_stack_ap_fixed_14_7_0_3_0_ap_fixed_14_7_0_3_0_config2_U0/grp_lstm_static_ap_fixed_14_7_0_3_0_ap_fixed_14_7_0_3_0_config2_false_s_fu_445/grp_dense_resource_rf_gt_nin_rem0_ap_fixed_ap_fixed_14_7_0_3_0_config2_1_s_fu_530/acc_595_reg_6988[7]_i_18_n_0
    SLICE_X50Y103        MUXF7 (Prop_muxf7_I1_O)      0.214     4.172 f  core/lstm_stack_ap_fixed_14_7_0_3_0_ap_fixed_14_7_0_3_0_config2_U0/grp_lstm_static_ap_fixed_14_7_0_3_0_ap_fixed_14_7_0_3_0_config2_false_s_fu_445/grp_dense_resource_rf_gt_nin_rem0_ap_fixed_ap_fixed_14_7_0_3_0_config2_1_s_fu_530/acc_595_reg_6988_reg[7]_i_10/O
                         net (fo=16, routed)          1.096     5.268    core/lstm_stack_ap_fixed_14_7_0_3_0_ap_fixed_14_7_0_3_0_config2_U0/grp_lstm_static_ap_fixed_14_7_0_3_0_ap_fixed_14_7_0_3_0_config2_false_s_fu_445/grp_dense_resource_rf_gt_nin_rem0_ap_fixed_ap_fixed_14_7_0_3_0_config2_1_s_fu_530/acc_595_reg_6988_reg[7]_i_10_n_0
    SLICE_X49Y99         LUT1 (Prop_lut1_I0_O)        0.297     5.565 r  core/lstm_stack_ap_fixed_14_7_0_3_0_ap_fixed_14_7_0_3_0_config2_U0/grp_lstm_static_ap_fixed_14_7_0_3_0_ap_fixed_14_7_0_3_0_config2_false_s_fu_445/grp_dense_resource_rf_gt_nin_rem0_ap_fixed_ap_fixed_14_7_0_3_0_config2_1_s_fu_530/acc_594_reg_6993[13]_i_23/O
                         net (fo=1, routed)           0.000     5.565    core/lstm_stack_ap_fixed_14_7_0_3_0_ap_fixed_14_7_0_3_0_config2_U0/grp_lstm_static_ap_fixed_14_7_0_3_0_ap_fixed_14_7_0_3_0_config2_false_s_fu_445/grp_dense_resource_rf_gt_nin_rem0_ap_fixed_ap_fixed_14_7_0_3_0_config2_1_s_fu_530/acc_594_reg_6993[13]_i_23_n_0
    SLICE_X49Y99         CARRY4 (Prop_carry4_S[0]_O[2])
                                                      0.547     6.112 r  core/lstm_stack_ap_fixed_14_7_0_3_0_ap_fixed_14_7_0_3_0_config2_U0/grp_lstm_static_ap_fixed_14_7_0_3_0_ap_fixed_14_7_0_3_0_config2_false_s_fu_445/grp_dense_resource_rf_gt_nin_rem0_ap_fixed_ap_fixed_14_7_0_3_0_config2_1_s_fu_530/acc_594_reg_6993_reg[13]_i_12/O[2]
                         net (fo=1, routed)           0.838     6.951    core/lstm_stack_ap_fixed_14_7_0_3_0_ap_fixed_14_7_0_3_0_config2_U0/grp_lstm_static_ap_fixed_14_7_0_3_0_ap_fixed_14_7_0_3_0_config2_false_s_fu_445/grp_dense_resource_rf_gt_nin_rem0_ap_fixed_ap_fixed_14_7_0_3_0_config2_1_s_fu_530/sub_ln144_73_fu_4398_p2[6]
    SLICE_X48Y100        LUT6 (Prop_lut6_I1_O)        0.302     7.253 r  core/lstm_stack_ap_fixed_14_7_0_3_0_ap_fixed_14_7_0_3_0_config2_U0/grp_lstm_static_ap_fixed_14_7_0_3_0_ap_fixed_14_7_0_3_0_config2_false_s_fu_445/grp_dense_resource_rf_gt_nin_rem0_ap_fixed_ap_fixed_14_7_0_3_0_config2_1_s_fu_530/acc_594_reg_6993[13]_i_7/O
                         net (fo=1, routed)           0.000     7.253    core/lstm_stack_ap_fixed_14_7_0_3_0_ap_fixed_14_7_0_3_0_config2_U0/grp_lstm_static_ap_fixed_14_7_0_3_0_ap_fixed_14_7_0_3_0_config2_false_s_fu_445/grp_dense_resource_rf_gt_nin_rem0_ap_fixed_ap_fixed_14_7_0_3_0_config2_1_s_fu_530/acc_594_reg_6993[13]_i_7_n_0
    SLICE_X48Y100        CARRY4 (Prop_carry4_S[2]_CO[3])
                                                      0.398     7.651 r  core/lstm_stack_ap_fixed_14_7_0_3_0_ap_fixed_14_7_0_3_0_config2_U0/grp_lstm_static_ap_fixed_14_7_0_3_0_ap_fixed_14_7_0_3_0_config2_false_s_fu_445/grp_dense_resource_rf_gt_nin_rem0_ap_fixed_ap_fixed_14_7_0_3_0_config2_1_s_fu_530/acc_594_reg_6993_reg[13]_i_4/CO[3]
                         net (fo=1, routed)           0.000     7.651    core/lstm_stack_ap_fixed_14_7_0_3_0_ap_fixed_14_7_0_3_0_config2_U0/grp_lstm_static_ap_fixed_14_7_0_3_0_ap_fixed_14_7_0_3_0_config2_false_s_fu_445/grp_dense_resource_rf_gt_nin_rem0_ap_fixed_ap_fixed_14_7_0_3_0_config2_1_s_fu_530/acc_594_reg_6993_reg[13]_i_4_n_0
    SLICE_X48Y101        CARRY4 (Prop_carry4_CI_CO[0])
                                                      0.271     7.922 f  core/lstm_stack_ap_fixed_14_7_0_3_0_ap_fixed_14_7_0_3_0_config2_U0/grp_lstm_static_ap_fixed_14_7_0_3_0_ap_fixed_14_7_0_3_0_config2_false_s_fu_445/grp_dense_resource_rf_gt_nin_rem0_ap_fixed_ap_fixed_14_7_0_3_0_config2_1_s_fu_530/acc_594_reg_6993_reg[13]_i_3/CO[0]
                         net (fo=1, routed)           0.443     8.364    core/lstm_stack_ap_fixed_14_7_0_3_0_ap_fixed_14_7_0_3_0_config2_U0/grp_lstm_static_ap_fixed_14_7_0_3_0_ap_fixed_14_7_0_3_0_config2_false_s_fu_445/grp_dense_resource_rf_gt_nin_rem0_ap_fixed_ap_fixed_14_7_0_3_0_config2_1_s_fu_530/icmp_ln144_81_fu_4404_p2[0]
    SLICE_X51Y102        LUT4 (Prop_lut4_I1_O)        0.373     8.737 r  core/lstm_stack_ap_fixed_14_7_0_3_0_ap_fixed_14_7_0_3_0_config2_U0/grp_lstm_static_ap_fixed_14_7_0_3_0_ap_fixed_14_7_0_3_0_config2_false_s_fu_445/grp_dense_resource_rf_gt_nin_rem0_ap_fixed_ap_fixed_14_7_0_3_0_config2_1_s_fu_530/acc_594_reg_6993[13]_i_1/O
                         net (fo=14, routed)          0.709     9.446    core/lstm_stack_ap_fixed_14_7_0_3_0_ap_fixed_14_7_0_3_0_config2_U0/grp_lstm_static_ap_fixed_14_7_0_3_0_ap_fixed_14_7_0_3_0_config2_false_s_fu_445/grp_dense_resource_rf_gt_nin_rem0_ap_fixed_ap_fixed_14_7_0_3_0_config2_1_s_fu_530/acc_594_reg_6993[13]_i_1_n_0
    SLICE_X52Y97         FDRE                                         r  core/lstm_stack_ap_fixed_14_7_0_3_0_ap_fixed_14_7_0_3_0_config2_U0/grp_lstm_static_ap_fixed_14_7_0_3_0_ap_fixed_14_7_0_3_0_config2_false_s_fu_445/grp_dense_resource_rf_gt_nin_rem0_ap_fixed_ap_fixed_14_7_0_3_0_config2_1_s_fu_530/acc_594_reg_6993_reg[10]/R
  -------------------------------------------------------------------    -------------------

                         (clock clk rise edge)        9.000     9.000 r  <hidden>
                                                      0.000     9.000 r  clk
                         net (fo=31704, unset)        0.924     9.924    core/lstm_stack_ap_fixed_14_7_0_3_0_ap_fixed_14_7_0_3_0_config2_U0/grp_lstm_static_ap_fixed_14_7_0_3_0_ap_fixed_14_7_0_3_0_config2_false_s_fu_445/grp_dense_resource_rf_gt_nin_rem0_ap_fixed_ap_fixed_14_7_0_3_0_config2_1_s_fu_530/clk
    SLICE_X52Y97         FDRE                                         r  core/lstm_stack_ap_fixed_14_7_0_3_0_ap_fixed_14_7_0_3_0_config2_U0/grp_lstm_static_ap_fixed_14_7_0_3_0_ap_fixed_14_7_0_3_0_config2_false_s_fu_445/grp_dense_resource_rf_gt_nin_rem0_ap_fixed_ap_fixed_14_7_0_3_0_config2_1_s_fu_530/acc_594_reg_6993_reg[10]/C
                         clock pessimism              0.000     9.924    <hidden>
                         clock uncertainty           -0.035     9.889    <hidden>
    SLICE_X52Y97         FDRE (Setup_fdre_C_R)       -0.429     9.460    core/lstm_stack_ap_fixed_14_7_0_3_0_ap_fixed_14_7_0_3_0_config2_U0/grp_lstm_static_ap_fixed_14_7_0_3_0_ap_fixed_14_7_0_3_0_config2_false_s_fu_445/grp_dense_resource_rf_gt_nin_rem0_ap_fixed_ap_fixed_14_7_0_3_0_config2_1_s_fu_530/acc_594_reg_6993_reg[10]
  -------------------------------------------------------------------
                         required time                          9.460    <hidden>
                         arrival time                          -9.446    <hidden>
  -------------------------------------------------------------------
                         slack                                  0.014    <hidden>

Slack (MET) :             0.014ns  (required time - arrival time)
  Source:                 core/lstm_stack_ap_fixed_14_7_0_3_0_ap_fixed_14_7_0_3_0_config2_U0/grp_lstm_static_ap_fixed_14_7_0_3_0_ap_fixed_14_7_0_3_0_config2_false_s_fu_445/grp_dense_resource_rf_gt_nin_rem0_ap_fixed_ap_fixed_14_7_0_3_0_config2_1_s_fu_530/icmp_ln135_reg_5996_pp0_iter6_reg_reg[0]__0_rep__8/C
                            (rising edge-triggered cell FDRE clocked by clk  {rise@0.000ns fall@4.500ns period=9.000ns})
  Destination:            core/lstm_stack_ap_fixed_14_7_0_3_0_ap_fixed_14_7_0_3_0_config2_U0/grp_lstm_static_ap_fixed_14_7_0_3_0_ap_fixed_14_7_0_3_0_config2_false_s_fu_445/grp_dense_resource_rf_gt_nin_rem0_ap_fixed_ap_fixed_14_7_0_3_0_config2_1_s_fu_530/acc_594_reg_6993_reg[11]/R
                            (rising edge-triggered cell FDRE clocked by clk  {rise@0.000ns fall@4.500ns period=9.000ns})
  Path Group:             clk
  Path Type:              Setup (Max at Slow Process Corner)
  Requirement:            9.000ns  (clk rise@9.000ns - clk rise@0.000ns)
  Data Path Delay:        8.473ns  (logic 3.106ns (36.656%)  route 5.367ns (63.344%))
  Logic Levels:           9  (CARRY4=3 LUT1=1 LUT4=2 LUT6=2 MUXF7=1)
  Clock Path Skew:        -0.049ns (DCD - SCD + CPR)
    Destination Clock Delay (DCD):    0.924ns = ( 9.924 - 9.000 ) 
    Source Clock Delay      (SCD):    0.973ns
    Clock Pessimism Removal (CPR):    0.000ns
  Clock Uncertainty:      0.035ns  ((TSJ^2 + TIJ^2)^1/2 + DJ) / 2 + PE
    Total System Jitter     (TSJ):    0.071ns
    Total Input Jitter      (TIJ):    0.000ns
    Discrete Jitter          (DJ):    0.000ns
    Phase Error              (PE):    0.000ns

    Location             Delay type                Incr(ns)  Path(ns)    Netlist Resource(s)
  -------------------------------------------------------------------    -------------------
                         (clock clk rise edge)        0.000     0.000 r  <hidden>
                                                      0.000     0.000 r  clk
                         net (fo=31704, unset)        0.973     0.973    core/lstm_stack_ap_fixed_14_7_0_3_0_ap_fixed_14_7_0_3_0_config2_U0/grp_lstm_static_ap_fixed_14_7_0_3_0_ap_fixed_14_7_0_3_0_config2_false_s_fu_445/grp_dense_resource_rf_gt_nin_rem0_ap_fixed_ap_fixed_14_7_0_3_0_config2_1_s_fu_530/clk
    SLICE_X33Y104        FDRE                                         r  core/lstm_stack_ap_fixed_14_7_0_3_0_ap_fixed_14_7_0_3_0_config2_U0/grp_lstm_static_ap_fixed_14_7_0_3_0_ap_fixed_14_7_0_3_0_config2_false_s_fu_445/grp_dense_resource_rf_gt_nin_rem0_ap_fixed_ap_fixed_14_7_0_3_0_config2_1_s_fu_530/icmp_ln135_reg_5996_pp0_iter6_reg_reg[0]__0_rep__8/C
  -------------------------------------------------------------------    -------------------
    SLICE_X33Y104        FDRE (Prop_fdre_C_Q)         0.456     1.429 f  core/lstm_stack_ap_fixed_14_7_0_3_0_ap_fixed_14_7_0_3_0_config2_U0/grp_lstm_static_ap_fixed_14_7_0_3_0_ap_fixed_14_7_0_3_0_config2_false_s_fu_445/grp_dense_resource_rf_gt_nin_rem0_ap_fixed_ap_fixed_14_7_0_3_0_config2_1_s_fu_530/icmp_ln135_reg_5996_pp0_iter6_reg_reg[0]__0_rep__8/Q
                         net (fo=121, routed)         1.452     2.881    core/lstm_stack_ap_fixed_14_7_0_3_0_ap_fixed_14_7_0_3_0_config2_U0/grp_lstm_static_ap_fixed_14_7_0_3_0_ap_fixed_14_7_0_3_0_config2_false_s_fu_445/grp_dense_resource_rf_gt_nin_rem0_ap_fixed_ap_fixed_14_7_0_3_0_config2_1_s_fu_530/icmp_ln135_reg_5996_pp0_iter6_reg_reg[0]__0_rep__8_n_0
    SLICE_X46Y102        LUT4 (Prop_lut4_I0_O)        0.124     3.005 f  core/lstm_stack_ap_fixed_14_7_0_3_0_ap_fixed_14_7_0_3_0_config2_U0/grp_lstm_static_ap_fixed_14_7_0_3_0_ap_fixed_14_7_0_3_0_config2_false_s_fu_445/grp_dense_resource_rf_gt_nin_rem0_ap_fixed_ap_fixed_14_7_0_3_0_config2_1_s_fu_530/acc_690_reg_7010[7]_i_13/O
                         net (fo=2, routed)           0.829     3.834    core/lstm_stack_ap_fixed_14_7_0_3_0_ap_fixed_14_7_0_3_0_config2_U0/grp_lstm_static_ap_fixed_14_7_0_3_0_ap_fixed_14_7_0_3_0_config2_false_s_fu_445/grp_dense_resource_rf_gt_nin_rem0_ap_fixed_ap_fixed_14_7_0_3_0_config2_1_s_fu_530/acc_690_reg_7010[7]_i_13_n_0
    SLICE_X50Y103        LUT6 (Prop_lut6_I3_O)        0.124     3.958 f  core/lstm_stack_ap_fixed_14_7_0_3_0_ap_fixed_14_7_0_3_0_config2_U0/grp_lstm_static_ap_fixed_14_7_0_3_0_ap_fixed_14_7_0_3_0_config2_false_s_fu_445/grp_dense_resource_rf_gt_nin_rem0_ap_fixed_ap_fixed_14_7_0_3_0_config2_1_s_fu_530/acc_595_reg_6988[7]_i_18/O
                         net (fo=1, routed)           0.000     3.958    core/lstm_stack_ap_fixed_14_7_0_3_0_ap_fixed_14_7_0_3_0_config2_U0/grp_lstm_static_ap_fixed_14_7_0_3_0_ap_fixed_14_7_0_3_0_config2_false_s_fu_445/grp_dense_resource_rf_gt_nin_rem0_ap_fixed_ap_fixed_14_7_0_3_0_config2_1_s_fu_530/acc_595_reg_6988[7]_i_18_n_0
    SLICE_X50Y103        MUXF7 (Prop_muxf7_I1_O)      0.214     4.172 f  core/lstm_stack_ap_fixed_14_7_0_3_0_ap_fixed_14_7_0_3_0_config2_U0/grp_lstm_static_ap_fixed_14_7_0_3_0_ap_fixed_14_7_0_3_0_config2_false_s_fu_445/grp_dense_resource_rf_gt_nin_rem0_ap_fixed_ap_fixed_14_7_0_3_0_config2_1_s_fu_530/acc_595_reg_6988_reg[7]_i_10/O
                         net (fo=16, routed)          1.096     5.268    core/lstm_stack_ap_fixed_14_7_0_3_0_ap_fixed_14_7_0_3_0_config2_U0/grp_lstm_static_ap_fixed_14_7_0_3_0_ap_fixed_14_7_0_3_0_config2_false_s_fu_445/grp_dense_resource_rf_gt_nin_rem0_ap_fixed_ap_fixed_14_7_0_3_0_config2_1_s_fu_530/acc_595_reg_6988_reg[7]_i_10_n_0
    SLICE_X49Y99         LUT1 (Prop_lut1_I0_O)        0.297     5.565 r  core/lstm_stack_ap_fixed_14_7_0_3_0_ap_fixed_14_7_0_3_0_config2_U0/grp_lstm_static_ap_fixed_14_7_0_3_0_ap_fixed_14_7_0_3_0_config2_false_s_fu_445/grp_dense_resource_rf_gt_nin_rem0_ap_fixed_ap_fixed_14_7_0_3_0_config2_1_s_fu_530/acc_594_reg_6993[13]_i_23/O
                         net (fo=1, routed)           0.000     5.565    core/lstm_stack_ap_fixed_14_7_0_3_0_ap_fixed_14_7_0_3_0_config2_U0/grp_lstm_static_ap_fixed_14_7_0_3_0_ap_fixed_14_7_0_3_0_config2_false_s_fu_445/grp_dense_resource_rf_gt_nin_rem0_ap_fixed_ap_fixed_14_7_0_3_0_config2_1_s_fu_530/acc_594_reg_6993[13]_i_23_n_0
    SLICE_X49Y99         CARRY4 (Prop_carry4_S[0]_O[2])
                                                      0.547     6.112 r  core/lstm_stack_ap_fixed_14_7_0_3_0_ap_fixed_14_7_0_3_0_config2_U0/grp_lstm_static_ap_fixed_14_7_0_3_0_ap_fixed_14_7_0_3_0_config2_false_s_fu_445/grp_dense_resource_rf_gt_nin_rem0_ap_fixed_ap_fixed_14_7_0_3_0_config2_1_s_fu_530/acc_594_reg_6993_reg[13]_i_12/O[2]
                         net (fo=1, routed)           0.838     6.951    core/lstm_stack_ap_fixed_14_7_0_3_0_ap_fixed_14_7_0_3_0_config2_U0/grp_lstm_static_ap_fixed_14_7_0_3_0_ap_fixed_14_7_0_3_0_config2_false_s_fu_445/grp_dense_resource_rf_gt_nin_rem0_ap_fixed_ap_fixed_14_7_0_3_0_config2_1_s_fu_530/sub_ln144_73_fu_4398_p2[6]
    SLICE_X48Y100        LUT6 (Prop_lut6_I1_O)        0.302     7.253 r  core/lstm_stack_ap_fixed_14_7_0_3_0_ap_fixed_14_7_0_3_0_config2_U0/grp_lstm_static_ap_fixed_14_7_0_3_0_ap_fixed_14_7_0_3_0_config2_false_s_fu_445/grp_dense_resource_rf_gt_nin_rem0_ap_fixed_ap_fixed_14_7_0_3_0_config2_1_s_fu_530/acc_594_reg_6993[13]_i_7/O
                         net (fo=1, routed)           0.000     7.253    core/lstm_stack_ap_fixed_14_7_0_3_0_ap_fixed_14_7_0_3_0_config2_U0/grp_lstm_static_ap_fixed_14_7_0_3_0_ap_fixed_14_7_0_3_0_config2_false_s_fu_445/grp_dense_resource_rf_gt_nin_rem0_ap_fixed_ap_fixed_14_7_0_3_0_config2_1_s_fu_530/acc_594_reg_6993[13]_i_7_n_0
    SLICE_X48Y100        CARRY4 (Prop_carry4_S[2]_CO[3])
                                                      0.398     7.651 r  core/lstm_stack_ap_fixed_14_7_0_3_0_ap_fixed_14_7_0_3_0_config2_U0/grp_lstm_static_ap_fixed_14_7_0_3_0_ap_fixed_14_7_0_3_0_config2_false_s_fu_445/grp_dense_resource_rf_gt_nin_rem0_ap_fixed_ap_fixed_14_7_0_3_0_config2_1_s_fu_530/acc_594_reg_6993_reg[13]_i_4/CO[3]
                         net (fo=1, routed)           0.000     7.651    core/lstm_stack_ap_fixed_14_7_0_3_0_ap_fixed_14_7_0_3_0_config2_U0/grp_lstm_static_ap_fixed_14_7_0_3_0_ap_fixed_14_7_0_3_0_config2_false_s_fu_445/grp_dense_resource_rf_gt_nin_rem0_ap_fixed_ap_fixed_14_7_0_3_0_config2_1_s_fu_530/acc_594_reg_6993_reg[13]_i_4_n_0
    SLICE_X48Y101        CARRY4 (Prop_carry4_CI_CO[0])
                                                      0.271     7.922 f  core/lstm_stack_ap_fixed_14_7_0_3_0_ap_fixed_14_7_0_3_0_config2_U0/grp_lstm_static_ap_fixed_14_7_0_3_0_ap_fixed_14_7_0_3_0_config2_false_s_fu_445/grp_dense_resource_rf_gt_nin_rem0_ap_fixed_ap_fixed_14_7_0_3_0_config2_1_s_fu_530/acc_594_reg_6993_reg[13]_i_3/CO[0]
                         net (fo=1, routed)           0.443     8.364    core/lstm_stack_ap_fixed_14_7_0_3_0_ap_fixed_14_7_0_3_0_config2_U0/grp_lstm_static_ap_fixed_14_7_0_3_0_ap_fixed_14_7_0_3_0_config2_false_s_fu_445/grp_dense_resource_rf_gt_nin_rem0_ap_fixed_ap_fixed_14_7_0_3_0_config2_1_s_fu_530/icmp_ln144_81_fu_4404_p2[0]
    SLICE_X51Y102        LUT4 (Prop_lut4_I1_O)        0.373     8.737 r  core/lstm_stack_ap_fixed_14_7_0_3_0_ap_fixed_14_7_0_3_0_config2_U0/grp_lstm_static_ap_fixed_14_7_0_3_0_ap_fixed_14_7_0_3_0_config2_false_s_fu_445/grp_dense_resource_rf_gt_nin_rem0_ap_fixed_ap_fixed_14_7_0_3_0_config2_1_s_fu_530/acc_594_reg_6993[13]_i_1/O
                         net (fo=14, routed)          0.709     9.446    core/lstm_stack_ap_fixed_14_7_0_3_0_ap_fixed_14_7_0_3_0_config2_U0/grp_lstm_static_ap_fixed_14_7_0_3_0_ap_fixed_14_7_0_3_0_config2_false_s_fu_445/grp_dense_resource_rf_gt_nin_rem0_ap_fixed_ap_fixed_14_7_0_3_0_config2_1_s_fu_530/acc_594_reg_6993[13]_i_1_n_0
    SLICE_X52Y97         FDRE                                         r  core/lstm_stack_ap_fixed_14_7_0_3_0_ap_fixed_14_7_0_3_0_config2_U0/grp_lstm_static_ap_fixed_14_7_0_3_0_ap_fixed_14_7_0_3_0_config2_false_s_fu_445/grp_dense_resource_rf_gt_nin_rem0_ap_fixed_ap_fixed_14_7_0_3_0_config2_1_s_fu_530/acc_594_reg_6993_reg[11]/R
  -------------------------------------------------------------------    -------------------

                         (clock clk rise edge)        9.000     9.000 r  <hidden>
                                                      0.000     9.000 r  clk
                         net (fo=31704, unset)        0.924     9.924    core/lstm_stack_ap_fixed_14_7_0_3_0_ap_fixed_14_7_0_3_0_config2_U0/grp_lstm_static_ap_fixed_14_7_0_3_0_ap_fixed_14_7_0_3_0_config2_false_s_fu_445/grp_dense_resource_rf_gt_nin_rem0_ap_fixed_ap_fixed_14_7_0_3_0_config2_1_s_fu_530/clk
    SLICE_X52Y97         FDRE                                         r  core/lstm_stack_ap_fixed_14_7_0_3_0_ap_fixed_14_7_0_3_0_config2_U0/grp_lstm_static_ap_fixed_14_7_0_3_0_ap_fixed_14_7_0_3_0_config2_false_s_fu_445/grp_dense_resource_rf_gt_nin_rem0_ap_fixed_ap_fixed_14_7_0_3_0_config2_1_s_fu_530/acc_594_reg_6993_reg[11]/C
                         clock pessimism              0.000     9.924    <hidden>
                         clock uncertainty           -0.035     9.889    <hidden>
    SLICE_X52Y97         FDRE (Setup_fdre_C_R)       -0.429     9.460    core/lstm_stack_ap_fixed_14_7_0_3_0_ap_fixed_14_7_0_3_0_config2_U0/grp_lstm_static_ap_fixed_14_7_0_3_0_ap_fixed_14_7_0_3_0_config2_false_s_fu_445/grp_dense_resource_rf_gt_nin_rem0_ap_fixed_ap_fixed_14_7_0_3_0_config2_1_s_fu_530/acc_594_reg_6993_reg[11]
  -------------------------------------------------------------------
                         required time                          9.460    <hidden>
                         arrival time                          -9.446    <hidden>
  -------------------------------------------------------------------
                         slack                                  0.014    <hidden>

Slack (MET) :             0.014ns  (required time - arrival time)
  Source:                 core/lstm_stack_ap_fixed_14_7_0_3_0_ap_fixed_14_7_0_3_0_config2_U0/grp_lstm_static_ap_fixed_14_7_0_3_0_ap_fixed_14_7_0_3_0_config2_false_s_fu_445/grp_dense_resource_rf_gt_nin_rem0_ap_fixed_ap_fixed_14_7_0_3_0_config2_1_s_fu_530/icmp_ln135_reg_5996_pp0_iter6_reg_reg[0]__0_rep__8/C
                            (rising edge-triggered cell FDRE clocked by clk  {rise@0.000ns fall@4.500ns period=9.000ns})
  Destination:            core/lstm_stack_ap_fixed_14_7_0_3_0_ap_fixed_14_7_0_3_0_config2_U0/grp_lstm_static_ap_fixed_14_7_0_3_0_ap_fixed_14_7_0_3_0_config2_false_s_fu_445/grp_dense_resource_rf_gt_nin_rem0_ap_fixed_ap_fixed_14_7_0_3_0_config2_1_s_fu_530/acc_594_reg_6993_reg[13]/R
                            (rising edge-triggered cell FDRE clocked by clk  {rise@0.000ns fall@4.500ns period=9.000ns})
  Path Group:             clk
  Path Type:              Setup (Max at Slow Process Corner)
  Requirement:            9.000ns  (clk rise@9.000ns - clk rise@0.000ns)
  Data Path Delay:        8.473ns  (logic 3.106ns (36.656%)  route 5.367ns (63.344%))
  Logic Levels:           9  (CARRY4=3 LUT1=1 LUT4=2 LUT6=2 MUXF7=1)
  Clock Path Skew:        -0.049ns (DCD - SCD + CPR)
    Destination Clock Delay (DCD):    0.924ns = ( 9.924 - 9.000 ) 
    Source Clock Delay      (SCD):    0.973ns
    Clock Pessimism Removal (CPR):    0.000ns
  Clock Uncertainty:      0.035ns  ((TSJ^2 + TIJ^2)^1/2 + DJ) / 2 + PE
    Total System Jitter     (TSJ):    0.071ns
    Total Input Jitter      (TIJ):    0.000ns
    Discrete Jitter          (DJ):    0.000ns
    Phase Error              (PE):    0.000ns

    Location             Delay type                Incr(ns)  Path(ns)    Netlist Resource(s)
  -------------------------------------------------------------------    -------------------
                         (clock clk rise edge)        0.000     0.000 r  <hidden>
                                                      0.000     0.000 r  clk
                         net (fo=31704, unset)        0.973     0.973    core/lstm_stack_ap_fixed_14_7_0_3_0_ap_fixed_14_7_0_3_0_config2_U0/grp_lstm_static_ap_fixed_14_7_0_3_0_ap_fixed_14_7_0_3_0_config2_false_s_fu_445/grp_dense_resource_rf_gt_nin_rem0_ap_fixed_ap_fixed_14_7_0_3_0_config2_1_s_fu_530/clk
    SLICE_X33Y104        FDRE                                         r  core/lstm_stack_ap_fixed_14_7_0_3_0_ap_fixed_14_7_0_3_0_config2_U0/grp_lstm_static_ap_fixed_14_7_0_3_0_ap_fixed_14_7_0_3_0_config2_false_s_fu_445/grp_dense_resource_rf_gt_nin_rem0_ap_fixed_ap_fixed_14_7_0_3_0_config2_1_s_fu_530/icmp_ln135_reg_5996_pp0_iter6_reg_reg[0]__0_rep__8/C
  -------------------------------------------------------------------    -------------------
    SLICE_X33Y104        FDRE (Prop_fdre_C_Q)         0.456     1.429 f  core/lstm_stack_ap_fixed_14_7_0_3_0_ap_fixed_14_7_0_3_0_config2_U0/grp_lstm_static_ap_fixed_14_7_0_3_0_ap_fixed_14_7_0_3_0_config2_false_s_fu_445/grp_dense_resource_rf_gt_nin_rem0_ap_fixed_ap_fixed_14_7_0_3_0_config2_1_s_fu_530/icmp_ln135_reg_5996_pp0_iter6_reg_reg[0]__0_rep__8/Q
                         net (fo=121, routed)         1.452     2.881    core/lstm_stack_ap_fixed_14_7_0_3_0_ap_fixed_14_7_0_3_0_config2_U0/grp_lstm_static_ap_fixed_14_7_0_3_0_ap_fixed_14_7_0_3_0_config2_false_s_fu_445/grp_dense_resource_rf_gt_nin_rem0_ap_fixed_ap_fixed_14_7_0_3_0_config2_1_s_fu_530/icmp_ln135_reg_5996_pp0_iter6_reg_reg[0]__0_rep__8_n_0
    SLICE_X46Y102        LUT4 (Prop_lut4_I0_O)        0.124     3.005 f  core/lstm_stack_ap_fixed_14_7_0_3_0_ap_fixed_14_7_0_3_0_config2_U0/grp_lstm_static_ap_fixed_14_7_0_3_0_ap_fixed_14_7_0_3_0_config2_false_s_fu_445/grp_dense_resource_rf_gt_nin_rem0_ap_fixed_ap_fixed_14_7_0_3_0_config2_1_s_fu_530/acc_690_reg_7010[7]_i_13/O
                         net (fo=2, routed)           0.829     3.834    core/lstm_stack_ap_fixed_14_7_0_3_0_ap_fixed_14_7_0_3_0_config2_U0/grp_lstm_static_ap_fixed_14_7_0_3_0_ap_fixed_14_7_0_3_0_config2_false_s_fu_445/grp_dense_resource_rf_gt_nin_rem0_ap_fixed_ap_fixed_14_7_0_3_0_config2_1_s_fu_530/acc_690_reg_7010[7]_i_13_n_0
    SLICE_X50Y103        LUT6 (Prop_lut6_I3_O)        0.124     3.958 f  core/lstm_stack_ap_fixed_14_7_0_3_0_ap_fixed_14_7_0_3_0_config2_U0/grp_lstm_static_ap_fixed_14_7_0_3_0_ap_fixed_14_7_0_3_0_config2_false_s_fu_445/grp_dense_resource_rf_gt_nin_rem0_ap_fixed_ap_fixed_14_7_0_3_0_config2_1_s_fu_530/acc_595_reg_6988[7]_i_18/O
                         net (fo=1, routed)           0.000     3.958    core/lstm_stack_ap_fixed_14_7_0_3_0_ap_fixed_14_7_0_3_0_config2_U0/grp_lstm_static_ap_fixed_14_7_0_3_0_ap_fixed_14_7_0_3_0_config2_false_s_fu_445/grp_dense_resource_rf_gt_nin_rem0_ap_fixed_ap_fixed_14_7_0_3_0_config2_1_s_fu_530/acc_595_reg_6988[7]_i_18_n_0
    SLICE_X50Y103        MUXF7 (Prop_muxf7_I1_O)      0.214     4.172 f  core/lstm_stack_ap_fixed_14_7_0_3_0_ap_fixed_14_7_0_3_0_config2_U0/grp_lstm_static_ap_fixed_14_7_0_3_0_ap_fixed_14_7_0_3_0_config2_false_s_fu_445/grp_dense_resource_rf_gt_nin_rem0_ap_fixed_ap_fixed_14_7_0_3_0_config2_1_s_fu_530/acc_595_reg_6988_reg[7]_i_10/O
                         net (fo=16, routed)          1.096     5.268    core/lstm_stack_ap_fixed_14_7_0_3_0_ap_fixed_14_7_0_3_0_config2_U0/grp_lstm_static_ap_fixed_14_7_0_3_0_ap_fixed_14_7_0_3_0_config2_false_s_fu_445/grp_dense_resource_rf_gt_nin_rem0_ap_fixed_ap_fixed_14_7_0_3_0_config2_1_s_fu_530/acc_595_reg_6988_reg[7]_i_10_n_0
    SLICE_X49Y99         LUT1 (Prop_lut1_I0_O)        0.297     5.565 r  core/lstm_stack_ap_fixed_14_7_0_3_0_ap_fixed_14_7_0_3_0_config2_U0/grp_lstm_static_ap_fixed_14_7_0_3_0_ap_fixed_14_7_0_3_0_config2_false_s_fu_445/grp_dense_resource_rf_gt_nin_rem0_ap_fixed_ap_fixed_14_7_0_3_0_config2_1_s_fu_530/acc_594_reg_6993[13]_i_23/O
                         net (fo=1, routed)           0.000     5.565    core/lstm_stack_ap_fixed_14_7_0_3_0_ap_fixed_14_7_0_3_0_config2_U0/grp_lstm_static_ap_fixed_14_7_0_3_0_ap_fixed_14_7_0_3_0_config2_false_s_fu_445/grp_dense_resource_rf_gt_nin_rem0_ap_fixed_ap_fixed_14_7_0_3_0_config2_1_s_fu_530/acc_594_reg_6993[13]_i_23_n_0
    SLICE_X49Y99         CARRY4 (Prop_carry4_S[0]_O[2])
                                                      0.547     6.112 r  core/lstm_stack_ap_fixed_14_7_0_3_0_ap_fixed_14_7_0_3_0_config2_U0/grp_lstm_static_ap_fixed_14_7_0_3_0_ap_fixed_14_7_0_3_0_config2_false_s_fu_445/grp_dense_resource_rf_gt_nin_rem0_ap_fixed_ap_fixed_14_7_0_3_0_config2_1_s_fu_530/acc_594_reg_6993_reg[13]_i_12/O[2]
                         net (fo=1, routed)           0.838     6.951    core/lstm_stack_ap_fixed_14_7_0_3_0_ap_fixed_14_7_0_3_0_config2_U0/grp_lstm_static_ap_fixed_14_7_0_3_0_ap_fixed_14_7_0_3_0_config2_false_s_fu_445/grp_dense_resource_rf_gt_nin_rem0_ap_fixed_ap_fixed_14_7_0_3_0_config2_1_s_fu_530/sub_ln144_73_fu_4398_p2[6]
    SLICE_X48Y100        LUT6 (Prop_lut6_I1_O)        0.302     7.253 r  core/lstm_stack_ap_fixed_14_7_0_3_0_ap_fixed_14_7_0_3_0_config2_U0/grp_lstm_static_ap_fixed_14_7_0_3_0_ap_fixed_14_7_0_3_0_config2_false_s_fu_445/grp_dense_resource_rf_gt_nin_rem0_ap_fixed_ap_fixed_14_7_0_3_0_config2_1_s_fu_530/acc_594_reg_6993[13]_i_7/O
                         net (fo=1, routed)           0.000     7.253    core/lstm_stack_ap_fixed_14_7_0_3_0_ap_fixed_14_7_0_3_0_config2_U0/grp_lstm_static_ap_fixed_14_7_0_3_0_ap_fixed_14_7_0_3_0_config2_false_s_fu_445/grp_dense_resource_rf_gt_nin_rem0_ap_fixed_ap_fixed_14_7_0_3_0_config2_1_s_fu_530/acc_594_reg_6993[13]_i_7_n_0
    SLICE_X48Y100        CARRY4 (Prop_carry4_S[2]_CO[3])
                                                      0.398     7.651 r  core/lstm_stack_ap_fixed_14_7_0_3_0_ap_fixed_14_7_0_3_0_config2_U0/grp_lstm_static_ap_fixed_14_7_0_3_0_ap_fixed_14_7_0_3_0_config2_false_s_fu_445/grp_dense_resource_rf_gt_nin_rem0_ap_fixed_ap_fixed_14_7_0_3_0_config2_1_s_fu_530/acc_594_reg_6993_reg[13]_i_4/CO[3]
                         net (fo=1, routed)           0.000     7.651    core/lstm_stack_ap_fixed_14_7_0_3_0_ap_fixed_14_7_0_3_0_config2_U0/grp_lstm_static_ap_fixed_14_7_0_3_0_ap_fixed_14_7_0_3_0_config2_false_s_fu_445/grp_dense_resource_rf_gt_nin_rem0_ap_fixed_ap_fixed_14_7_0_3_0_config2_1_s_fu_530/acc_594_reg_6993_reg[13]_i_4_n_0
    SLICE_X48Y101        CARRY4 (Prop_carry4_CI_CO[0])
                                                      0.271     7.922 f  core/lstm_stack_ap_fixed_14_7_0_3_0_ap_fixed_14_7_0_3_0_config2_U0/grp_lstm_static_ap_fixed_14_7_0_3_0_ap_fixed_14_7_0_3_0_config2_false_s_fu_445/grp_dense_resource_rf_gt_nin_rem0_ap_fixed_ap_fixed_14_7_0_3_0_config2_1_s_fu_530/acc_594_reg_6993_reg[13]_i_3/CO[0]
                         net (fo=1, routed)           0.443     8.364    core/lstm_stack_ap_fixed_14_7_0_3_0_ap_fixed_14_7_0_3_0_config2_U0/grp_lstm_static_ap_fixed_14_7_0_3_0_ap_fixed_14_7_0_3_0_config2_false_s_fu_445/grp_dense_resource_rf_gt_nin_rem0_ap_fixed_ap_fixed_14_7_0_3_0_config2_1_s_fu_530/icmp_ln144_81_fu_4404_p2[0]
    SLICE_X51Y102        LUT4 (Prop_lut4_I1_O)        0.373     8.737 r  core/lstm_stack_ap_fixed_14_7_0_3_0_ap_fixed_14_7_0_3_0_config2_U0/grp_lstm_static_ap_fixed_14_7_0_3_0_ap_fixed_14_7_0_3_0_config2_false_s_fu_445/grp_dense_resource_rf_gt_nin_rem0_ap_fixed_ap_fixed_14_7_0_3_0_config2_1_s_fu_530/acc_594_reg_6993[13]_i_1/O
                         net (fo=14, routed)          0.709     9.446    core/lstm_stack_ap_fixed_14_7_0_3_0_ap_fixed_14_7_0_3_0_config2_U0/grp_lstm_static_ap_fixed_14_7_0_3_0_ap_fixed_14_7_0_3_0_config2_false_s_fu_445/grp_dense_resource_rf_gt_nin_rem0_ap_fixed_ap_fixed_14_7_0_3_0_config2_1_s_fu_530/acc_594_reg_6993[13]_i_1_n_0
    SLICE_X52Y97         FDRE                                         r  core/lstm_stack_ap_fixed_14_7_0_3_0_ap_fixed_14_7_0_3_0_config2_U0/grp_lstm_static_ap_fixed_14_7_0_3_0_ap_fixed_14_7_0_3_0_config2_false_s_fu_445/grp_dense_resource_rf_gt_nin_rem0_ap_fixed_ap_fixed_14_7_0_3_0_config2_1_s_fu_530/acc_594_reg_6993_reg[13]/R
  -------------------------------------------------------------------    -------------------

                         (clock clk rise edge)        9.000     9.000 r  <hidden>
                                                      0.000     9.000 r  clk
                         net (fo=31704, unset)        0.924     9.924    core/lstm_stack_ap_fixed_14_7_0_3_0_ap_fixed_14_7_0_3_0_config2_U0/grp_lstm_static_ap_fixed_14_7_0_3_0_ap_fixed_14_7_0_3_0_config2_false_s_fu_445/grp_dense_resource_rf_gt_nin_rem0_ap_fixed_ap_fixed_14_7_0_3_0_config2_1_s_fu_530/clk
    SLICE_X52Y97         FDRE                                         r  core/lstm_stack_ap_fixed_14_7_0_3_0_ap_fixed_14_7_0_3_0_config2_U0/grp_lstm_static_ap_fixed_14_7_0_3_0_ap_fixed_14_7_0_3_0_config2_false_s_fu_445/grp_dense_resource_rf_gt_nin_rem0_ap_fixed_ap_fixed_14_7_0_3_0_config2_1_s_fu_530/acc_594_reg_6993_reg[13]/C
                         clock pessimism              0.000     9.924    <hidden>
                         clock uncertainty           -0.035     9.889    <hidden>
    SLICE_X52Y97         FDRE (Setup_fdre_C_R)       -0.429     9.460    core/lstm_stack_ap_fixed_14_7_0_3_0_ap_fixed_14_7_0_3_0_config2_U0/grp_lstm_static_ap_fixed_14_7_0_3_0_ap_fixed_14_7_0_3_0_config2_false_s_fu_445/grp_dense_resource_rf_gt_nin_rem0_ap_fixed_ap_fixed_14_7_0_3_0_config2_1_s_fu_530/acc_594_reg_6993_reg[13]
  -------------------------------------------------------------------
                         required time                          9.460    <hidden>
                         arrival time                          -9.446    <hidden>
  -------------------------------------------------------------------
                         slack                                  0.014    <hidden>

Slack (MET) :             0.022ns  (required time - arrival time)
  Source:                 core/lstm_stack_ap_fixed_14_7_0_3_0_ap_fixed_14_7_0_3_0_config2_U0/grp_lstm_static_ap_fixed_14_7_0_3_0_ap_fixed_14_7_0_3_0_config2_false_s_fu_445/ap_CS_fsm_reg[15]/C
                            (rising edge-triggered cell FDRE clocked by clk  {rise@0.000ns fall@4.500ns period=9.000ns})
  Destination:            core/lstm_stack_ap_fixed_14_7_0_3_0_ap_fixed_14_7_0_3_0_config2_U0/grp_lstm_static_ap_fixed_14_7_0_3_0_ap_fixed_14_7_0_3_0_config2_false_s_fu_445/trunc_ln181_80_reg_9808_reg[0]/CE
                            (rising edge-triggered cell FDRE clocked by clk  {rise@0.000ns fall@4.500ns period=9.000ns})
  Path Group:             clk
  Path Type:              Setup (Max at Slow Process Corner)
  Requirement:            9.000ns  (clk rise@9.000ns - clk rise@0.000ns)
  Data Path Delay:        8.725ns  (logic 0.518ns (5.937%)  route 8.207ns (94.063%))
  Logic Levels:           0  
  Clock Path Skew:        -0.049ns (DCD - SCD + CPR)
    Destination Clock Delay (DCD):    0.924ns = ( 9.924 - 9.000 ) 
    Source Clock Delay      (SCD):    0.973ns
    Clock Pessimism Removal (CPR):    0.000ns
  Clock Uncertainty:      0.035ns  ((TSJ^2 + TIJ^2)^1/2 + DJ) / 2 + PE
    Total System Jitter     (TSJ):    0.071ns
    Total Input Jitter      (TIJ):    0.000ns
    Discrete Jitter          (DJ):    0.000ns
    Phase Error              (PE):    0.000ns

    Location             Delay type                Incr(ns)  Path(ns)    Netlist Resource(s)
  -------------------------------------------------------------------    -------------------
                         (clock clk rise edge)        0.000     0.000 r  <hidden>
                                                      0.000     0.000 r  clk
                         net (fo=31704, unset)        0.973     0.973    core/lstm_stack_ap_fixed_14_7_0_3_0_ap_fixed_14_7_0_3_0_config2_U0/grp_lstm_static_ap_fixed_14_7_0_3_0_ap_fixed_14_7_0_3_0_config2_false_s_fu_445/clk
    SLICE_X34Y148        FDRE                                         r  core/lstm_stack_ap_fixed_14_7_0_3_0_ap_fixed_14_7_0_3_0_config2_U0/grp_lstm_static_ap_fixed_14_7_0_3_0_ap_fixed_14_7_0_3_0_config2_false_s_fu_445/ap_CS_fsm_reg[15]/C
  -------------------------------------------------------------------    -------------------
    SLICE_X34Y148        FDRE (Prop_fdre_C_Q)         0.518     1.491 r  core/lstm_stack_ap_fixed_14_7_0_3_0_ap_fixed_14_7_0_3_0_config2_U0/grp_lstm_static_ap_fixed_14_7_0_3_0_ap_fixed_14_7_0_3_0_config2_false_s_fu_445/ap_CS_fsm_reg[15]/Q
                         net (fo=1346, routed)        8.207     9.698    core/lstm_stack_ap_fixed_14_7_0_3_0_ap_fixed_14_7_0_3_0_config2_U0/grp_lstm_static_ap_fixed_14_7_0_3_0_ap_fixed_14_7_0_3_0_config2_false_s_fu_445/ap_CS_fsm_state16
    SLICE_X78Y116        FDRE                                         r  core/lstm_stack_ap_fixed_14_7_0_3_0_ap_fixed_14_7_0_3_0_config2_U0/grp_lstm_static_ap_fixed_14_7_0_3_0_ap_fixed_14_7_0_3_0_config2_false_s_fu_445/trunc_ln181_80_reg_9808_reg[0]/CE
  -------------------------------------------------------------------    -------------------

                         (clock clk rise edge)        9.000     9.000 r  <hidden>
                                                      0.000     9.000 r  clk
                         net (fo=31704, unset)        0.924     9.924    core/lstm_stack_ap_fixed_14_7_0_3_0_ap_fixed_14_7_0_3_0_config2_U0/grp_lstm_static_ap_fixed_14_7_0_3_0_ap_fixed_14_7_0_3_0_config2_false_s_fu_445/clk
    SLICE_X78Y116        FDRE                                         r  core/lstm_stack_ap_fixed_14_7_0_3_0_ap_fixed_14_7_0_3_0_config2_U0/grp_lstm_static_ap_fixed_14_7_0_3_0_ap_fixed_14_7_0_3_0_config2_false_s_fu_445/trunc_ln181_80_reg_9808_reg[0]/C
                         clock pessimism              0.000     9.924    <hidden>
                         clock uncertainty           -0.035     9.889    <hidden>
    SLICE_X78Y116        FDRE (Setup_fdre_C_CE)      -0.169     9.720    core/lstm_stack_ap_fixed_14_7_0_3_0_ap_fixed_14_7_0_3_0_config2_U0/grp_lstm_static_ap_fixed_14_7_0_3_0_ap_fixed_14_7_0_3_0_config2_false_s_fu_445/trunc_ln181_80_reg_9808_reg[0]
  -------------------------------------------------------------------
                         required time                          9.720    <hidden>
                         arrival time                          -9.698    <hidden>
  -------------------------------------------------------------------
                         slack                                  0.022    <hidden>

Slack (MET) :             0.022ns  (required time - arrival time)
  Source:                 core/lstm_stack_ap_fixed_14_7_0_3_0_ap_fixed_14_7_0_3_0_config2_U0/grp_lstm_static_ap_fixed_14_7_0_3_0_ap_fixed_14_7_0_3_0_config2_false_s_fu_445/ap_CS_fsm_reg[15]/C
                            (rising edge-triggered cell FDRE clocked by clk  {rise@0.000ns fall@4.500ns period=9.000ns})
  Destination:            core/lstm_stack_ap_fixed_14_7_0_3_0_ap_fixed_14_7_0_3_0_config2_U0/grp_lstm_static_ap_fixed_14_7_0_3_0_ap_fixed_14_7_0_3_0_config2_false_s_fu_445/trunc_ln181_80_reg_9808_reg[1]/CE
                            (rising edge-triggered cell FDRE clocked by clk  {rise@0.000ns fall@4.500ns period=9.000ns})
  Path Group:             clk
  Path Type:              Setup (Max at Slow Process Corner)
  Requirement:            9.000ns  (clk rise@9.000ns - clk rise@0.000ns)
  Data Path Delay:        8.725ns  (logic 0.518ns (5.937%)  route 8.207ns (94.063%))
  Logic Levels:           0  
  Clock Path Skew:        -0.049ns (DCD - SCD + CPR)
    Destination Clock Delay (DCD):    0.924ns = ( 9.924 - 9.000 ) 
    Source Clock Delay      (SCD):    0.973ns
    Clock Pessimism Removal (CPR):    0.000ns
  Clock Uncertainty:      0.035ns  ((TSJ^2 + TIJ^2)^1/2 + DJ) / 2 + PE
    Total System Jitter     (TSJ):    0.071ns
    Total Input Jitter      (TIJ):    0.000ns
    Discrete Jitter          (DJ):    0.000ns
    Phase Error              (PE):    0.000ns

    Location             Delay type                Incr(ns)  Path(ns)    Netlist Resource(s)
  -------------------------------------------------------------------    -------------------
                         (clock clk rise edge)        0.000     0.000 r  <hidden>
                                                      0.000     0.000 r  clk
                         net (fo=31704, unset)        0.973     0.973    core/lstm_stack_ap_fixed_14_7_0_3_0_ap_fixed_14_7_0_3_0_config2_U0/grp_lstm_static_ap_fixed_14_7_0_3_0_ap_fixed_14_7_0_3_0_config2_false_s_fu_445/clk
    SLICE_X34Y148        FDRE                                         r  core/lstm_stack_ap_fixed_14_7_0_3_0_ap_fixed_14_7_0_3_0_config2_U0/grp_lstm_static_ap_fixed_14_7_0_3_0_ap_fixed_14_7_0_3_0_config2_false_s_fu_445/ap_CS_fsm_reg[15]/C
  -------------------------------------------------------------------    -------------------
    SLICE_X34Y148        FDRE (Prop_fdre_C_Q)         0.518     1.491 r  core/lstm_stack_ap_fixed_14_7_0_3_0_ap_fixed_14_7_0_3_0_config2_U0/grp_lstm_static_ap_fixed_14_7_0_3_0_ap_fixed_14_7_0_3_0_config2_false_s_fu_445/ap_CS_fsm_reg[15]/Q
                         net (fo=1346, routed)        8.207     9.698    core/lstm_stack_ap_fixed_14_7_0_3_0_ap_fixed_14_7_0_3_0_config2_U0/grp_lstm_static_ap_fixed_14_7_0_3_0_ap_fixed_14_7_0_3_0_config2_false_s_fu_445/ap_CS_fsm_state16
    SLICE_X78Y116        FDRE                                         r  core/lstm_stack_ap_fixed_14_7_0_3_0_ap_fixed_14_7_0_3_0_config2_U0/grp_lstm_static_ap_fixed_14_7_0_3_0_ap_fixed_14_7_0_3_0_config2_false_s_fu_445/trunc_ln181_80_reg_9808_reg[1]/CE
  -------------------------------------------------------------------    -------------------

                         (clock clk rise edge)        9.000     9.000 r  <hidden>
                                                      0.000     9.000 r  clk
                         net (fo=31704, unset)        0.924     9.924    core/lstm_stack_ap_fixed_14_7_0_3_0_ap_fixed_14_7_0_3_0_config2_U0/grp_lstm_static_ap_fixed_14_7_0_3_0_ap_fixed_14_7_0_3_0_config2_false_s_fu_445/clk
    SLICE_X78Y116        FDRE                                         r  core/lstm_stack_ap_fixed_14_7_0_3_0_ap_fixed_14_7_0_3_0_config2_U0/grp_lstm_static_ap_fixed_14_7_0_3_0_ap_fixed_14_7_0_3_0_config2_false_s_fu_445/trunc_ln181_80_reg_9808_reg[1]/C
                         clock pessimism              0.000     9.924    <hidden>
                         clock uncertainty           -0.035     9.889    <hidden>
    SLICE_X78Y116        FDRE (Setup_fdre_C_CE)      -0.169     9.720    core/lstm_stack_ap_fixed_14_7_0_3_0_ap_fixed_14_7_0_3_0_config2_U0/grp_lstm_static_ap_fixed_14_7_0_3_0_ap_fixed_14_7_0_3_0_config2_false_s_fu_445/trunc_ln181_80_reg_9808_reg[1]
  -------------------------------------------------------------------
                         required time                          9.720    <hidden>
                         arrival time                          -9.698    <hidden>
  -------------------------------------------------------------------
                         slack                                  0.022    <hidden>

Slack (MET) :             0.022ns  (required time - arrival time)
  Source:                 core/lstm_stack_ap_fixed_14_7_0_3_0_ap_fixed_14_7_0_3_0_config2_U0/grp_lstm_static_ap_fixed_14_7_0_3_0_ap_fixed_14_7_0_3_0_config2_false_s_fu_445/ap_CS_fsm_reg[15]/C
                            (rising edge-triggered cell FDRE clocked by clk  {rise@0.000ns fall@4.500ns period=9.000ns})
  Destination:            core/lstm_stack_ap_fixed_14_7_0_3_0_ap_fixed_14_7_0_3_0_config2_U0/grp_lstm_static_ap_fixed_14_7_0_3_0_ap_fixed_14_7_0_3_0_config2_false_s_fu_445/trunc_ln181_80_reg_9808_reg[2]/CE
                            (rising edge-triggered cell FDRE clocked by clk  {rise@0.000ns fall@4.500ns period=9.000ns})
  Path Group:             clk
  Path Type:              Setup (Max at Slow Process Corner)
  Requirement:            9.000ns  (clk rise@9.000ns - clk rise@0.000ns)
  Data Path Delay:        8.725ns  (logic 0.518ns (5.937%)  route 8.207ns (94.063%))
  Logic Levels:           0  
  Clock Path Skew:        -0.049ns (DCD - SCD + CPR)
    Destination Clock Delay (DCD):    0.924ns = ( 9.924 - 9.000 ) 
    Source Clock Delay      (SCD):    0.973ns
    Clock Pessimism Removal (CPR):    0.000ns
  Clock Uncertainty:      0.035ns  ((TSJ^2 + TIJ^2)^1/2 + DJ) / 2 + PE
    Total System Jitter     (TSJ):    0.071ns
    Total Input Jitter      (TIJ):    0.000ns
    Discrete Jitter          (DJ):    0.000ns
    Phase Error              (PE):    0.000ns

    Location             Delay type                Incr(ns)  Path(ns)    Netlist Resource(s)
  -------------------------------------------------------------------    -------------------
                         (clock clk rise edge)        0.000     0.000 r  <hidden>
                                                      0.000     0.000 r  clk
                         net (fo=31704, unset)        0.973     0.973    core/lstm_stack_ap_fixed_14_7_0_3_0_ap_fixed_14_7_0_3_0_config2_U0/grp_lstm_static_ap_fixed_14_7_0_3_0_ap_fixed_14_7_0_3_0_config2_false_s_fu_445/clk
    SLICE_X34Y148        FDRE                                         r  core/lstm_stack_ap_fixed_14_7_0_3_0_ap_fixed_14_7_0_3_0_config2_U0/grp_lstm_static_ap_fixed_14_7_0_3_0_ap_fixed_14_7_0_3_0_config2_false_s_fu_445/ap_CS_fsm_reg[15]/C
  -------------------------------------------------------------------    -------------------
    SLICE_X34Y148        FDRE (Prop_fdre_C_Q)         0.518     1.491 r  core/lstm_stack_ap_fixed_14_7_0_3_0_ap_fixed_14_7_0_3_0_config2_U0/grp_lstm_static_ap_fixed_14_7_0_3_0_ap_fixed_14_7_0_3_0_config2_false_s_fu_445/ap_CS_fsm_reg[15]/Q
                         net (fo=1346, routed)        8.207     9.698    core/lstm_stack_ap_fixed_14_7_0_3_0_ap_fixed_14_7_0_3_0_config2_U0/grp_lstm_static_ap_fixed_14_7_0_3_0_ap_fixed_14_7_0_3_0_config2_false_s_fu_445/ap_CS_fsm_state16
    SLICE_X78Y116        FDRE                                         r  core/lstm_stack_ap_fixed_14_7_0_3_0_ap_fixed_14_7_0_3_0_config2_U0/grp_lstm_static_ap_fixed_14_7_0_3_0_ap_fixed_14_7_0_3_0_config2_false_s_fu_445/trunc_ln181_80_reg_9808_reg[2]/CE
  -------------------------------------------------------------------    -------------------

                         (clock clk rise edge)        9.000     9.000 r  <hidden>
                                                      0.000     9.000 r  clk
                         net (fo=31704, unset)        0.924     9.924    core/lstm_stack_ap_fixed_14_7_0_3_0_ap_fixed_14_7_0_3_0_config2_U0/grp_lstm_static_ap_fixed_14_7_0_3_0_ap_fixed_14_7_0_3_0_config2_false_s_fu_445/clk
    SLICE_X78Y116        FDRE                                         r  core/lstm_stack_ap_fixed_14_7_0_3_0_ap_fixed_14_7_0_3_0_config2_U0/grp_lstm_static_ap_fixed_14_7_0_3_0_ap_fixed_14_7_0_3_0_config2_false_s_fu_445/trunc_ln181_80_reg_9808_reg[2]/C
                         clock pessimism              0.000     9.924    <hidden>
                         clock uncertainty           -0.035     9.889    <hidden>
    SLICE_X78Y116        FDRE (Setup_fdre_C_CE)      -0.169     9.720    core/lstm_stack_ap_fixed_14_7_0_3_0_ap_fixed_14_7_0_3_0_config2_U0/grp_lstm_static_ap_fixed_14_7_0_3_0_ap_fixed_14_7_0_3_0_config2_false_s_fu_445/trunc_ln181_80_reg_9808_reg[2]
  -------------------------------------------------------------------
                         required time                          9.720    <hidden>
                         arrival time                          -9.698    <hidden>
  -------------------------------------------------------------------
                         slack                                  0.022    <hidden>

Slack (MET) :             0.022ns  (required time - arrival time)
  Source:                 core/lstm_stack_ap_fixed_14_7_0_3_0_ap_fixed_14_7_0_3_0_config2_U0/grp_lstm_static_ap_fixed_14_7_0_3_0_ap_fixed_14_7_0_3_0_config2_false_s_fu_445/ap_CS_fsm_reg[15]/C
                            (rising edge-triggered cell FDRE clocked by clk  {rise@0.000ns fall@4.500ns period=9.000ns})
  Destination:            core/lstm_stack_ap_fixed_14_7_0_3_0_ap_fixed_14_7_0_3_0_config2_U0/grp_lstm_static_ap_fixed_14_7_0_3_0_ap_fixed_14_7_0_3_0_config2_false_s_fu_445/trunc_ln181_80_reg_9808_reg[3]/CE
                            (rising edge-triggered cell FDRE clocked by clk  {rise@0.000ns fall@4.500ns period=9.000ns})
  Path Group:             clk
  Path Type:              Setup (Max at Slow Process Corner)
  Requirement:            9.000ns  (clk rise@9.000ns - clk rise@0.000ns)
  Data Path Delay:        8.725ns  (logic 0.518ns (5.937%)  route 8.207ns (94.063%))
  Logic Levels:           0  
  Clock Path Skew:        -0.049ns (DCD - SCD + CPR)
    Destination Clock Delay (DCD):    0.924ns = ( 9.924 - 9.000 ) 
    Source Clock Delay      (SCD):    0.973ns
    Clock Pessimism Removal (CPR):    0.000ns
  Clock Uncertainty:      0.035ns  ((TSJ^2 + TIJ^2)^1/2 + DJ) / 2 + PE
    Total System Jitter     (TSJ):    0.071ns
    Total Input Jitter      (TIJ):    0.000ns
    Discrete Jitter          (DJ):    0.000ns
    Phase Error              (PE):    0.000ns

    Location             Delay type                Incr(ns)  Path(ns)    Netlist Resource(s)
  -------------------------------------------------------------------    -------------------
                         (clock clk rise edge)        0.000     0.000 r  <hidden>
                                                      0.000     0.000 r  clk
                         net (fo=31704, unset)        0.973     0.973    core/lstm_stack_ap_fixed_14_7_0_3_0_ap_fixed_14_7_0_3_0_config2_U0/grp_lstm_static_ap_fixed_14_7_0_3_0_ap_fixed_14_7_0_3_0_config2_false_s_fu_445/clk
    SLICE_X34Y148        FDRE                                         r  core/lstm_stack_ap_fixed_14_7_0_3_0_ap_fixed_14_7_0_3_0_config2_U0/grp_lstm_static_ap_fixed_14_7_0_3_0_ap_fixed_14_7_0_3_0_config2_false_s_fu_445/ap_CS_fsm_reg[15]/C
  -------------------------------------------------------------------    -------------------
    SLICE_X34Y148        FDRE (Prop_fdre_C_Q)         0.518     1.491 r  core/lstm_stack_ap_fixed_14_7_0_3_0_ap_fixed_14_7_0_3_0_config2_U0/grp_lstm_static_ap_fixed_14_7_0_3_0_ap_fixed_14_7_0_3_0_config2_false_s_fu_445/ap_CS_fsm_reg[15]/Q
                         net (fo=1346, routed)        8.207     9.698    core/lstm_stack_ap_fixed_14_7_0_3_0_ap_fixed_14_7_0_3_0_config2_U0/grp_lstm_static_ap_fixed_14_7_0_3_0_ap_fixed_14_7_0_3_0_config2_false_s_fu_445/ap_CS_fsm_state16
    SLICE_X78Y116        FDRE                                         r  core/lstm_stack_ap_fixed_14_7_0_3_0_ap_fixed_14_7_0_3_0_config2_U0/grp_lstm_static_ap_fixed_14_7_0_3_0_ap_fixed_14_7_0_3_0_config2_false_s_fu_445/trunc_ln181_80_reg_9808_reg[3]/CE
  -------------------------------------------------------------------    -------------------

                         (clock clk rise edge)        9.000     9.000 r  <hidden>
                                                      0.000     9.000 r  clk
                         net (fo=31704, unset)        0.924     9.924    core/lstm_stack_ap_fixed_14_7_0_3_0_ap_fixed_14_7_0_3_0_config2_U0/grp_lstm_static_ap_fixed_14_7_0_3_0_ap_fixed_14_7_0_3_0_config2_false_s_fu_445/clk
    SLICE_X78Y116        FDRE                                         r  core/lstm_stack_ap_fixed_14_7_0_3_0_ap_fixed_14_7_0_3_0_config2_U0/grp_lstm_static_ap_fixed_14_7_0_3_0_ap_fixed_14_7_0_3_0_config2_false_s_fu_445/trunc_ln181_80_reg_9808_reg[3]/C
                         clock pessimism              0.000     9.924    <hidden>
                         clock uncertainty           -0.035     9.889    <hidden>
    SLICE_X78Y116        FDRE (Setup_fdre_C_CE)      -0.169     9.720    core/lstm_stack_ap_fixed_14_7_0_3_0_ap_fixed_14_7_0_3_0_config2_U0/grp_lstm_static_ap_fixed_14_7_0_3_0_ap_fixed_14_7_0_3_0_config2_false_s_fu_445/trunc_ln181_80_reg_9808_reg[3]
  -------------------------------------------------------------------
                         required time                          9.720    <hidden>
                         arrival time                          -9.698    <hidden>
  -------------------------------------------------------------------
                         slack                                  0.022    <hidden>

Slack (MET) :             0.022ns  (required time - arrival time)
  Source:                 core/lstm_stack_ap_fixed_14_7_0_3_0_ap_fixed_14_7_0_3_0_config2_U0/grp_lstm_static_ap_fixed_14_7_0_3_0_ap_fixed_14_7_0_3_0_config2_false_s_fu_445/ap_CS_fsm_reg[15]/C
                            (rising edge-triggered cell FDRE clocked by clk  {rise@0.000ns fall@4.500ns period=9.000ns})
  Destination:            core/lstm_stack_ap_fixed_14_7_0_3_0_ap_fixed_14_7_0_3_0_config2_U0/grp_lstm_static_ap_fixed_14_7_0_3_0_ap_fixed_14_7_0_3_0_config2_false_s_fu_445/trunc_ln181_80_reg_9808_reg[4]/CE
                            (rising edge-triggered cell FDRE clocked by clk  {rise@0.000ns fall@4.500ns period=9.000ns})
  Path Group:             clk
  Path Type:              Setup (Max at Slow Process Corner)
  Requirement:            9.000ns  (clk rise@9.000ns - clk rise@0.000ns)
  Data Path Delay:        8.725ns  (logic 0.518ns (5.937%)  route 8.207ns (94.063%))
  Logic Levels:           0  
  Clock Path Skew:        -0.049ns (DCD - SCD + CPR)
    Destination Clock Delay (DCD):    0.924ns = ( 9.924 - 9.000 ) 
    Source Clock Delay      (SCD):    0.973ns
    Clock Pessimism Removal (CPR):    0.000ns
  Clock Uncertainty:      0.035ns  ((TSJ^2 + TIJ^2)^1/2 + DJ) / 2 + PE
    Total System Jitter     (TSJ):    0.071ns
    Total Input Jitter      (TIJ):    0.000ns
    Discrete Jitter          (DJ):    0.000ns
    Phase Error              (PE):    0.000ns

    Location             Delay type                Incr(ns)  Path(ns)    Netlist Resource(s)
  -------------------------------------------------------------------    -------------------
                         (clock clk rise edge)        0.000     0.000 r  <hidden>
                                                      0.000     0.000 r  clk
                         net (fo=31704, unset)        0.973     0.973    core/lstm_stack_ap_fixed_14_7_0_3_0_ap_fixed_14_7_0_3_0_config2_U0/grp_lstm_static_ap_fixed_14_7_0_3_0_ap_fixed_14_7_0_3_0_config2_false_s_fu_445/clk
    SLICE_X34Y148        FDRE                                         r  core/lstm_stack_ap_fixed_14_7_0_3_0_ap_fixed_14_7_0_3_0_config2_U0/grp_lstm_static_ap_fixed_14_7_0_3_0_ap_fixed_14_7_0_3_0_config2_false_s_fu_445/ap_CS_fsm_reg[15]/C
  -------------------------------------------------------------------    -------------------
    SLICE_X34Y148        FDRE (Prop_fdre_C_Q)         0.518     1.491 r  core/lstm_stack_ap_fixed_14_7_0_3_0_ap_fixed_14_7_0_3_0_config2_U0/grp_lstm_static_ap_fixed_14_7_0_3_0_ap_fixed_14_7_0_3_0_config2_false_s_fu_445/ap_CS_fsm_reg[15]/Q
                         net (fo=1346, routed)        8.207     9.698    core/lstm_stack_ap_fixed_14_7_0_3_0_ap_fixed_14_7_0_3_0_config2_U0/grp_lstm_static_ap_fixed_14_7_0_3_0_ap_fixed_14_7_0_3_0_config2_false_s_fu_445/ap_CS_fsm_state16
    SLICE_X78Y116        FDRE                                         r  core/lstm_stack_ap_fixed_14_7_0_3_0_ap_fixed_14_7_0_3_0_config2_U0/grp_lstm_static_ap_fixed_14_7_0_3_0_ap_fixed_14_7_0_3_0_config2_false_s_fu_445/trunc_ln181_80_reg_9808_reg[4]/CE
  -------------------------------------------------------------------    -------------------

                         (clock clk rise edge)        9.000     9.000 r  <hidden>
                                                      0.000     9.000 r  clk
                         net (fo=31704, unset)        0.924     9.924    core/lstm_stack_ap_fixed_14_7_0_3_0_ap_fixed_14_7_0_3_0_config2_U0/grp_lstm_static_ap_fixed_14_7_0_3_0_ap_fixed_14_7_0_3_0_config2_false_s_fu_445/clk
    SLICE_X78Y116        FDRE                                         r  core/lstm_stack_ap_fixed_14_7_0_3_0_ap_fixed_14_7_0_3_0_config2_U0/grp_lstm_static_ap_fixed_14_7_0_3_0_ap_fixed_14_7_0_3_0_config2_false_s_fu_445/trunc_ln181_80_reg_9808_reg[4]/C
                         clock pessimism              0.000     9.924    <hidden>
                         clock uncertainty           -0.035     9.889    <hidden>
    SLICE_X78Y116        FDRE (Setup_fdre_C_CE)      -0.169     9.720    core/lstm_stack_ap_fixed_14_7_0_3_0_ap_fixed_14_7_0_3_0_config2_U0/grp_lstm_static_ap_fixed_14_7_0_3_0_ap_fixed_14_7_0_3_0_config2_false_s_fu_445/trunc_ln181_80_reg_9808_reg[4]
  -------------------------------------------------------------------
                         required time                          9.720    <hidden>
                         arrival time                          -9.698    <hidden>
  -------------------------------------------------------------------
                         slack                                  0.022    <hidden>

Slack (MET) :             0.022ns  (required time - arrival time)
  Source:                 core/lstm_stack_ap_fixed_14_7_0_3_0_ap_fixed_14_7_0_3_0_config2_U0/grp_lstm_static_ap_fixed_14_7_0_3_0_ap_fixed_14_7_0_3_0_config2_false_s_fu_445/ap_CS_fsm_reg[15]/C
                            (rising edge-triggered cell FDRE clocked by clk  {rise@0.000ns fall@4.500ns period=9.000ns})
  Destination:            core/lstm_stack_ap_fixed_14_7_0_3_0_ap_fixed_14_7_0_3_0_config2_U0/grp_lstm_static_ap_fixed_14_7_0_3_0_ap_fixed_14_7_0_3_0_config2_false_s_fu_445/trunc_ln181_80_reg_9808_reg[5]/CE
                            (rising edge-triggered cell FDRE clocked by clk  {rise@0.000ns fall@4.500ns period=9.000ns})
  Path Group:             clk
  Path Type:              Setup (Max at Slow Process Corner)
  Requirement:            9.000ns  (clk rise@9.000ns - clk rise@0.000ns)
  Data Path Delay:        8.725ns  (logic 0.518ns (5.937%)  route 8.207ns (94.063%))
  Logic Levels:           0  
  Clock Path Skew:        -0.049ns (DCD - SCD + CPR)
    Destination Clock Delay (DCD):    0.924ns = ( 9.924 - 9.000 ) 
    Source Clock Delay      (SCD):    0.973ns
    Clock Pessimism Removal (CPR):    0.000ns
  Clock Uncertainty:      0.035ns  ((TSJ^2 + TIJ^2)^1/2 + DJ) / 2 + PE
    Total System Jitter     (TSJ):    0.071ns
    Total Input Jitter      (TIJ):    0.000ns
    Discrete Jitter          (DJ):    0.000ns
    Phase Error              (PE):    0.000ns

    Location             Delay type                Incr(ns)  Path(ns)    Netlist Resource(s)
  -------------------------------------------------------------------    -------------------
                         (clock clk rise edge)        0.000     0.000 r  <hidden>
                                                      0.000     0.000 r  clk
                         net (fo=31704, unset)        0.973     0.973    core/lstm_stack_ap_fixed_14_7_0_3_0_ap_fixed_14_7_0_3_0_config2_U0/grp_lstm_static_ap_fixed_14_7_0_3_0_ap_fixed_14_7_0_3_0_config2_false_s_fu_445/clk
    SLICE_X34Y148        FDRE                                         r  core/lstm_stack_ap_fixed_14_7_0_3_0_ap_fixed_14_7_0_3_0_config2_U0/grp_lstm_static_ap_fixed_14_7_0_3_0_ap_fixed_14_7_0_3_0_config2_false_s_fu_445/ap_CS_fsm_reg[15]/C
  -------------------------------------------------------------------    -------------------
    SLICE_X34Y148        FDRE (Prop_fdre_C_Q)         0.518     1.491 r  core/lstm_stack_ap_fixed_14_7_0_3_0_ap_fixed_14_7_0_3_0_config2_U0/grp_lstm_static_ap_fixed_14_7_0_3_0_ap_fixed_14_7_0_3_0_config2_false_s_fu_445/ap_CS_fsm_reg[15]/Q
                         net (fo=1346, routed)        8.207     9.698    core/lstm_stack_ap_fixed_14_7_0_3_0_ap_fixed_14_7_0_3_0_config2_U0/grp_lstm_static_ap_fixed_14_7_0_3_0_ap_fixed_14_7_0_3_0_config2_false_s_fu_445/ap_CS_fsm_state16
    SLICE_X78Y116        FDRE                                         r  core/lstm_stack_ap_fixed_14_7_0_3_0_ap_fixed_14_7_0_3_0_config2_U0/grp_lstm_static_ap_fixed_14_7_0_3_0_ap_fixed_14_7_0_3_0_config2_false_s_fu_445/trunc_ln181_80_reg_9808_reg[5]/CE
  -------------------------------------------------------------------    -------------------

                         (clock clk rise edge)        9.000     9.000 r  <hidden>
                                                      0.000     9.000 r  clk
                         net (fo=31704, unset)        0.924     9.924    core/lstm_stack_ap_fixed_14_7_0_3_0_ap_fixed_14_7_0_3_0_config2_U0/grp_lstm_static_ap_fixed_14_7_0_3_0_ap_fixed_14_7_0_3_0_config2_false_s_fu_445/clk
    SLICE_X78Y116        FDRE                                         r  core/lstm_stack_ap_fixed_14_7_0_3_0_ap_fixed_14_7_0_3_0_config2_U0/grp_lstm_static_ap_fixed_14_7_0_3_0_ap_fixed_14_7_0_3_0_config2_false_s_fu_445/trunc_ln181_80_reg_9808_reg[5]/C
                         clock pessimism              0.000     9.924    <hidden>
                         clock uncertainty           -0.035     9.889    <hidden>
    SLICE_X78Y116        FDRE (Setup_fdre_C_CE)      -0.169     9.720    core/lstm_stack_ap_fixed_14_7_0_3_0_ap_fixed_14_7_0_3_0_config2_U0/grp_lstm_static_ap_fixed_14_7_0_3_0_ap_fixed_14_7_0_3_0_config2_false_s_fu_445/trunc_ln181_80_reg_9808_reg[5]
  -------------------------------------------------------------------
                         required time                          9.720    <hidden>
                         arrival time                          -9.698    <hidden>
  -------------------------------------------------------------------
                         slack                                  0.022    <hidden>





Min Delay Paths
--------------------------------------------------------------------------------------
Slack (MET) :             0.069ns  (arrival time - required time)
  Source:                 core/dense_resource_rf_leq_nin_ap_fixed_ap_fixed_14_7_0_3_0_config3_U0/icmp_ln46_reg_1641_pp0_iter1_reg_reg[0]/C
                            (rising edge-triggered cell FDRE clocked by clk  {rise@0.000ns fall@4.500ns period=9.000ns})
  Destination:            core/dense_resource_rf_leq_nin_ap_fixed_ap_fixed_14_7_0_3_0_config3_U0/icmp_ln46_reg_1641_pp0_iter3_reg_reg[0]_srl2/D
                            (rising edge-triggered cell SRL16E clocked by clk  {rise@0.000ns fall@4.500ns period=9.000ns})
  Path Group:             clk
  Path Type:              Hold (Min at Fast Process Corner)
  Requirement:            0.000ns  (clk rise@0.000ns - clk rise@0.000ns)
  Data Path Delay:        0.208ns  (logic 0.141ns (67.788%)  route 0.067ns (32.212%))
  Logic Levels:           0  
  Clock Path Skew:        0.022ns (DCD - SCD - CPR)
    Destination Clock Delay (DCD):    0.432ns
    Source Clock Delay      (SCD):    0.410ns
    Clock Pessimism Removal (CPR):    -0.000ns

    Location             Delay type                Incr(ns)  Path(ns)    Netlist Resource(s)
  -------------------------------------------------------------------    -------------------
                         (clock clk rise edge)        0.000     0.000 r  <hidden>
                                                      0.000     0.000 r  clk
                         net (fo=31704, unset)        0.410     0.410    core/dense_resource_rf_leq_nin_ap_fixed_ap_fixed_14_7_0_3_0_config3_U0/clk
    SLICE_X15Y159        FDRE                                         r  core/dense_resource_rf_leq_nin_ap_fixed_ap_fixed_14_7_0_3_0_config3_U0/icmp_ln46_reg_1641_pp0_iter1_reg_reg[0]/C
  -------------------------------------------------------------------    -------------------
    SLICE_X15Y159        FDRE (Prop_fdre_C_Q)         0.141     0.551 r  core/dense_resource_rf_leq_nin_ap_fixed_ap_fixed_14_7_0_3_0_config3_U0/icmp_ln46_reg_1641_pp0_iter1_reg_reg[0]/Q
                         net (fo=2, routed)           0.067     0.618    core/dense_resource_rf_leq_nin_ap_fixed_ap_fixed_14_7_0_3_0_config3_U0/icmp_ln46_reg_1641_pp0_iter1_reg[0]
    SLICE_X14Y159        SRL16E                                       r  core/dense_resource_rf_leq_nin_ap_fixed_ap_fixed_14_7_0_3_0_config3_U0/icmp_ln46_reg_1641_pp0_iter3_reg_reg[0]_srl2/D
  -------------------------------------------------------------------    -------------------

                         (clock clk rise edge)        0.000     0.000 r  <hidden>
                                                      0.000     0.000 r  clk
                         net (fo=31704, unset)        0.432     0.432    core/dense_resource_rf_leq_nin_ap_fixed_ap_fixed_14_7_0_3_0_config3_U0/clk
    SLICE_X14Y159        SRL16E                                       r  core/dense_resource_rf_leq_nin_ap_fixed_ap_fixed_14_7_0_3_0_config3_U0/icmp_ln46_reg_1641_pp0_iter3_reg_reg[0]_srl2/CLK
                         clock pessimism              0.000     0.432    <hidden>
    SLICE_X14Y159        SRL16E (Hold_srl16e_CLK_D)
                                                      0.117     0.549    core/dense_resource_rf_leq_nin_ap_fixed_ap_fixed_14_7_0_3_0_config3_U0/icmp_ln46_reg_1641_pp0_iter3_reg_reg[0]_srl2
  -------------------------------------------------------------------
                         required time                         -0.549    <hidden>
                         arrival time                           0.618    <hidden>
  -------------------------------------------------------------------
                         slack                                  0.069    <hidden>

Slack (MET) :             0.082ns  (arrival time - required time)
  Source:                 core/lstm_stack_ap_fixed_14_7_0_3_0_ap_fixed_14_7_0_3_0_config2_U0/ap_CS_fsm_reg[6]/C
                            (rising edge-triggered cell FDRE clocked by clk  {rise@0.000ns fall@4.500ns period=9.000ns})
  Destination:            core/lstm_stack_ap_fixed_14_7_0_3_0_ap_fixed_14_7_0_3_0_config2_U0/data_in_U/ram_reg/DIBDI[10]
                            (rising edge-triggered cell RAMB18E1 clocked by clk  {rise@0.000ns fall@4.500ns period=9.000ns})
  Path Group:             clk
  Path Type:              Hold (Min at Fast Process Corner)
  Requirement:            0.000ns  (clk rise@0.000ns - clk rise@0.000ns)
  Data Path Delay:        0.399ns  (logic 0.186ns (46.585%)  route 0.213ns (53.415%))
  Logic Levels:           1  (LUT6=1)
  Clock Path Skew:        0.022ns (DCD - SCD - CPR)
    Destination Clock Delay (DCD):    0.432ns
    Source Clock Delay      (SCD):    0.410ns
    Clock Pessimism Removal (CPR):    -0.000ns

    Location             Delay type                Incr(ns)  Path(ns)    Netlist Resource(s)
  -------------------------------------------------------------------    -------------------
                         (clock clk rise edge)        0.000     0.000 r  <hidden>
                                                      0.000     0.000 r  clk
                         net (fo=31704, unset)        0.410     0.410    core/lstm_stack_ap_fixed_14_7_0_3_0_ap_fixed_14_7_0_3_0_config2_U0/clk
    SLICE_X11Y55         FDRE                                         r  core/lstm_stack_ap_fixed_14_7_0_3_0_ap_fixed_14_7_0_3_0_config2_U0/ap_CS_fsm_reg[6]/C
  -------------------------------------------------------------------    -------------------
    SLICE_X11Y55         FDRE (Prop_fdre_C_Q)         0.141     0.551 r  core/lstm_stack_ap_fixed_14_7_0_3_0_ap_fixed_14_7_0_3_0_config2_U0/ap_CS_fsm_reg[6]/Q
                         net (fo=41, routed)          0.088     0.640    core/lstm_stack_ap_fixed_14_7_0_3_0_ap_fixed_14_7_0_3_0_config2_U0/data_in_U/ram_reg_0[2]
    SLICE_X10Y55         LUT6 (Prop_lut6_I4_O)        0.045     0.685 r  core/lstm_stack_ap_fixed_14_7_0_3_0_ap_fixed_14_7_0_3_0_config2_U0/data_in_U/ram_reg_i_25/O
                         net (fo=1, routed)           0.125     0.809    core/lstm_stack_ap_fixed_14_7_0_3_0_ap_fixed_14_7_0_3_0_config2_U0/data_in_U/data_in_d1_local[10]
    RAMB18_X0Y22         RAMB18E1                                     r  core/lstm_stack_ap_fixed_14_7_0_3_0_ap_fixed_14_7_0_3_0_config2_U0/data_in_U/ram_reg/DIBDI[10]
  -------------------------------------------------------------------    -------------------

                         (clock clk rise edge)        0.000     0.000 r  <hidden>
                                                      0.000     0.000 r  clk
                         net (fo=31704, unset)        0.432     0.432    core/lstm_stack_ap_fixed_14_7_0_3_0_ap_fixed_14_7_0_3_0_config2_U0/data_in_U/clk
    RAMB18_X0Y22         RAMB18E1                                     r  core/lstm_stack_ap_fixed_14_7_0_3_0_ap_fixed_14_7_0_3_0_config2_U0/data_in_U/ram_reg/CLKBWRCLK
                         clock pessimism              0.000     0.432    <hidden>
    RAMB18_X0Y22         RAMB18E1 (Hold_ramb18e1_CLKBWRCLK_DIBDI[10])
                                                      0.296     0.728    core/lstm_stack_ap_fixed_14_7_0_3_0_ap_fixed_14_7_0_3_0_config2_U0/data_in_U/ram_reg
  -------------------------------------------------------------------
                         required time                         -0.728    <hidden>
                         arrival time                           0.809    <hidden>
  -------------------------------------------------------------------
                         slack                                  0.082    <hidden>

Slack (MET) :             0.085ns  (arrival time - required time)
  Source:                 core/lstm_stack_ap_fixed_14_7_0_3_0_ap_fixed_14_7_0_3_0_config2_U0/grp_lstm_static_ap_fixed_14_7_0_3_0_ap_fixed_14_7_0_3_0_config2_false_s_fu_445/grp_sigmoid_ap_fixed_ap_fixed_14_7_0_3_0_sigmoid_config2_recr_s_fu_612/index_157_reg_19741_reg[1]/C
                            (rising edge-triggered cell FDSE clocked by clk  {rise@0.000ns fall@4.500ns period=9.000ns})
  Destination:            core/lstm_stack_ap_fixed_14_7_0_3_0_ap_fixed_14_7_0_3_0_config2_U0/grp_lstm_static_ap_fixed_14_7_0_3_0_ap_fixed_14_7_0_3_0_config2_false_s_fu_445/grp_sigmoid_ap_fixed_ap_fixed_14_7_0_3_0_sigmoid_config2_recr_s_fu_612/sigmoid_table_U/q75_t0_reg/ADDRARDADDR[5]
                            (rising edge-triggered cell RAMB18E1 clocked by clk  {rise@0.000ns fall@4.500ns period=9.000ns})
  Path Group:             clk
  Path Type:              Hold (Min at Fast Process Corner)
  Requirement:            0.000ns  (clk rise@0.000ns - clk rise@0.000ns)
  Data Path Delay:        0.289ns  (logic 0.141ns (48.708%)  route 0.148ns (51.292%))
  Logic Levels:           0  
  Clock Path Skew:        0.022ns (DCD - SCD - CPR)
    Destination Clock Delay (DCD):    0.432ns
    Source Clock Delay      (SCD):    0.410ns
    Clock Pessimism Removal (CPR):    -0.000ns

    Location             Delay type                Incr(ns)  Path(ns)    Netlist Resource(s)
  -------------------------------------------------------------------    -------------------
                         (clock clk rise edge)        0.000     0.000 r  <hidden>
                                                      0.000     0.000 r  clk
                         net (fo=31704, unset)        0.410     0.410    core/lstm_stack_ap_fixed_14_7_0_3_0_ap_fixed_14_7_0_3_0_config2_U0/grp_lstm_static_ap_fixed_14_7_0_3_0_ap_fixed_14_7_0_3_0_config2_false_s_fu_445/grp_sigmoid_ap_fixed_ap_fixed_14_7_0_3_0_sigmoid_config2_recr_s_fu_612/clk
    SLICE_X63Y57         FDSE                                         r  core/lstm_stack_ap_fixed_14_7_0_3_0_ap_fixed_14_7_0_3_0_config2_U0/grp_lstm_static_ap_fixed_14_7_0_3_0_ap_fixed_14_7_0_3_0_config2_false_s_fu_445/grp_sigmoid_ap_fixed_ap_fixed_14_7_0_3_0_sigmoid_config2_recr_s_fu_612/index_157_reg_19741_reg[1]/C
  -------------------------------------------------------------------    -------------------
    SLICE_X63Y57         FDSE (Prop_fdse_C_Q)         0.141     0.551 r  core/lstm_stack_ap_fixed_14_7_0_3_0_ap_fixed_14_7_0_3_0_config2_U0/grp_lstm_static_ap_fixed_14_7_0_3_0_ap_fixed_14_7_0_3_0_config2_false_s_fu_445/grp_sigmoid_ap_fixed_ap_fixed_14_7_0_3_0_sigmoid_config2_recr_s_fu_612/index_157_reg_19741_reg[1]/Q
                         net (fo=1, routed)           0.148     0.700    core/lstm_stack_ap_fixed_14_7_0_3_0_ap_fixed_14_7_0_3_0_config2_U0/grp_lstm_static_ap_fixed_14_7_0_3_0_ap_fixed_14_7_0_3_0_config2_false_s_fu_445/grp_sigmoid_ap_fixed_ap_fixed_14_7_0_3_0_sigmoid_config2_recr_s_fu_612/sigmoid_table_U/q75_t0_reg_2[1]
    RAMB18_X1Y22         RAMB18E1                                     r  core/lstm_stack_ap_fixed_14_7_0_3_0_ap_fixed_14_7_0_3_0_config2_U0/grp_lstm_static_ap_fixed_14_7_0_3_0_ap_fixed_14_7_0_3_0_config2_false_s_fu_445/grp_sigmoid_ap_fixed_ap_fixed_14_7_0_3_0_sigmoid_config2_recr_s_fu_612/sigmoid_table_U/q75_t0_reg/ADDRARDADDR[5]
  -------------------------------------------------------------------    -------------------

                         (clock clk rise edge)        0.000     0.000 r  <hidden>
                                                      0.000     0.000 r  clk
                         net (fo=31704, unset)        0.432     0.432    core/lstm_stack_ap_fixed_14_7_0_3_0_ap_fixed_14_7_0_3_0_config2_U0/grp_lstm_static_ap_fixed_14_7_0_3_0_ap_fixed_14_7_0_3_0_config2_false_s_fu_445/grp_sigmoid_ap_fixed_ap_fixed_14_7_0_3_0_sigmoid_config2_recr_s_fu_612/sigmoid_table_U/clk
    RAMB18_X1Y22         RAMB18E1                                     r  core/lstm_stack_ap_fixed_14_7_0_3_0_ap_fixed_14_7_0_3_0_config2_U0/grp_lstm_static_ap_fixed_14_7_0_3_0_ap_fixed_14_7_0_3_0_config2_false_s_fu_445/grp_sigmoid_ap_fixed_ap_fixed_14_7_0_3_0_sigmoid_config2_recr_s_fu_612/sigmoid_table_U/q75_t0_reg/CLKARDCLK
                         clock pessimism              0.000     0.432    <hidden>
    RAMB18_X1Y22         RAMB18E1 (Hold_ramb18e1_CLKARDCLK_ADDRARDADDR[5])
                                                      0.183     0.615    core/lstm_stack_ap_fixed_14_7_0_3_0_ap_fixed_14_7_0_3_0_config2_U0/grp_lstm_static_ap_fixed_14_7_0_3_0_ap_fixed_14_7_0_3_0_config2_false_s_fu_445/grp_sigmoid_ap_fixed_ap_fixed_14_7_0_3_0_sigmoid_config2_recr_s_fu_612/sigmoid_table_U/q75_t0_reg
  -------------------------------------------------------------------
                         required time                         -0.615    <hidden>
                         arrival time                           0.700    <hidden>
  -------------------------------------------------------------------
                         slack                                  0.085    <hidden>

Slack (MET) :             0.087ns  (arrival time - required time)
  Source:                 core/lstm_stack_ap_fixed_14_7_0_3_0_ap_fixed_14_7_0_3_0_config2_U0/grp_lstm_static_ap_fixed_14_7_0_3_0_ap_fixed_14_7_0_3_0_config2_false_s_fu_445/grp_sigmoid_ap_fixed_ap_fixed_14_7_0_3_0_sigmoid_config2_recr_s_fu_612/index_157_reg_19741_reg[5]/C
                            (rising edge-triggered cell FDSE clocked by clk  {rise@0.000ns fall@4.500ns period=9.000ns})
  Destination:            core/lstm_stack_ap_fixed_14_7_0_3_0_ap_fixed_14_7_0_3_0_config2_U0/grp_lstm_static_ap_fixed_14_7_0_3_0_ap_fixed_14_7_0_3_0_config2_false_s_fu_445/grp_sigmoid_ap_fixed_ap_fixed_14_7_0_3_0_sigmoid_config2_recr_s_fu_612/sigmoid_table_U/q75_t0_reg/ADDRARDADDR[9]
                            (rising edge-triggered cell RAMB18E1 clocked by clk  {rise@0.000ns fall@4.500ns period=9.000ns})
  Path Group:             clk
  Path Type:              Hold (Min at Fast Process Corner)
  Requirement:            0.000ns  (clk rise@0.000ns - clk rise@0.000ns)
  Data Path Delay:        0.291ns  (logic 0.141ns (48.414%)  route 0.150ns (51.586%))
  Logic Levels:           0  
  Clock Path Skew:        0.022ns (DCD - SCD - CPR)
    Destination Clock Delay (DCD):    0.432ns
    Source Clock Delay      (SCD):    0.410ns
    Clock Pessimism Removal (CPR):    -0.000ns

    Location             Delay type                Incr(ns)  Path(ns)    Netlist Resource(s)
  -------------------------------------------------------------------    -------------------
                         (clock clk rise edge)        0.000     0.000 r  <hidden>
                                                      0.000     0.000 r  clk
                         net (fo=31704, unset)        0.410     0.410    core/lstm_stack_ap_fixed_14_7_0_3_0_ap_fixed_14_7_0_3_0_config2_U0/grp_lstm_static_ap_fixed_14_7_0_3_0_ap_fixed_14_7_0_3_0_config2_false_s_fu_445/grp_sigmoid_ap_fixed_ap_fixed_14_7_0_3_0_sigmoid_config2_recr_s_fu_612/clk
    SLICE_X63Y57         FDSE                                         r  core/lstm_stack_ap_fixed_14_7_0_3_0_ap_fixed_14_7_0_3_0_config2_U0/grp_lstm_static_ap_fixed_14_7_0_3_0_ap_fixed_14_7_0_3_0_config2_false_s_fu_445/grp_sigmoid_ap_fixed_ap_fixed_14_7_0_3_0_sigmoid_config2_recr_s_fu_612/index_157_reg_19741_reg[5]/C
  -------------------------------------------------------------------    -------------------
    SLICE_X63Y57         FDSE (Prop_fdse_C_Q)         0.141     0.551 r  core/lstm_stack_ap_fixed_14_7_0_3_0_ap_fixed_14_7_0_3_0_config2_U0/grp_lstm_static_ap_fixed_14_7_0_3_0_ap_fixed_14_7_0_3_0_config2_false_s_fu_445/grp_sigmoid_ap_fixed_ap_fixed_14_7_0_3_0_sigmoid_config2_recr_s_fu_612/index_157_reg_19741_reg[5]/Q
                         net (fo=1, routed)           0.150     0.701    core/lstm_stack_ap_fixed_14_7_0_3_0_ap_fixed_14_7_0_3_0_config2_U0/grp_lstm_static_ap_fixed_14_7_0_3_0_ap_fixed_14_7_0_3_0_config2_false_s_fu_445/grp_sigmoid_ap_fixed_ap_fixed_14_7_0_3_0_sigmoid_config2_recr_s_fu_612/sigmoid_table_U/q75_t0_reg_2[5]
    RAMB18_X1Y22         RAMB18E1                                     r  core/lstm_stack_ap_fixed_14_7_0_3_0_ap_fixed_14_7_0_3_0_config2_U0/grp_lstm_static_ap_fixed_14_7_0_3_0_ap_fixed_14_7_0_3_0_config2_false_s_fu_445/grp_sigmoid_ap_fixed_ap_fixed_14_7_0_3_0_sigmoid_config2_recr_s_fu_612/sigmoid_table_U/q75_t0_reg/ADDRARDADDR[9]
  -------------------------------------------------------------------    -------------------

                         (clock clk rise edge)        0.000     0.000 r  <hidden>
                                                      0.000     0.000 r  clk
                         net (fo=31704, unset)        0.432     0.432    core/lstm_stack_ap_fixed_14_7_0_3_0_ap_fixed_14_7_0_3_0_config2_U0/grp_lstm_static_ap_fixed_14_7_0_3_0_ap_fixed_14_7_0_3_0_config2_false_s_fu_445/grp_sigmoid_ap_fixed_ap_fixed_14_7_0_3_0_sigmoid_config2_recr_s_fu_612/sigmoid_table_U/clk
    RAMB18_X1Y22         RAMB18E1                                     r  core/lstm_stack_ap_fixed_14_7_0_3_0_ap_fixed_14_7_0_3_0_config2_U0/grp_lstm_static_ap_fixed_14_7_0_3_0_ap_fixed_14_7_0_3_0_config2_false_s_fu_445/grp_sigmoid_ap_fixed_ap_fixed_14_7_0_3_0_sigmoid_config2_recr_s_fu_612/sigmoid_table_U/q75_t0_reg/CLKARDCLK
                         clock pessimism              0.000     0.432    <hidden>
    RAMB18_X1Y22         RAMB18E1 (Hold_ramb18e1_CLKARDCLK_ADDRARDADDR[9])
                                                      0.183     0.615    core/lstm_stack_ap_fixed_14_7_0_3_0_ap_fixed_14_7_0_3_0_config2_U0/grp_lstm_static_ap_fixed_14_7_0_3_0_ap_fixed_14_7_0_3_0_config2_false_s_fu_445/grp_sigmoid_ap_fixed_ap_fixed_14_7_0_3_0_sigmoid_config2_recr_s_fu_612/sigmoid_table_U/q75_t0_reg
  -------------------------------------------------------------------
                         required time                         -0.615    <hidden>
                         arrival time                           0.701    <hidden>
  -------------------------------------------------------------------
                         slack                                  0.087    <hidden>

Slack (MET) :             0.087ns  (arrival time - required time)
  Source:                 core/lstm_stack_ap_fixed_14_7_0_3_0_ap_fixed_14_7_0_3_0_config2_U0/grp_lstm_static_ap_fixed_14_7_0_3_0_ap_fixed_14_7_0_3_0_config2_false_s_fu_445/grp_sigmoid_ap_fixed_ap_fixed_14_7_0_3_0_sigmoid_config2_recr_s_fu_612/index_325_reg_20021_reg[3]/C
                            (rising edge-triggered cell FDSE clocked by clk  {rise@0.000ns fall@4.500ns period=9.000ns})
  Destination:            core/lstm_stack_ap_fixed_14_7_0_3_0_ap_fixed_14_7_0_3_0_config2_U0/grp_lstm_static_ap_fixed_14_7_0_3_0_ap_fixed_14_7_0_3_0_config2_false_s_fu_445/grp_sigmoid_ap_fixed_ap_fixed_14_7_0_3_0_sigmoid_config2_recr_s_fu_612/sigmoid_table_U/q19_t0_reg/ADDRARDADDR[7]
                            (rising edge-triggered cell RAMB18E1 clocked by clk  {rise@0.000ns fall@4.500ns period=9.000ns})
  Path Group:             clk
  Path Type:              Hold (Min at Fast Process Corner)
  Requirement:            0.000ns  (clk rise@0.000ns - clk rise@0.000ns)
  Data Path Delay:        0.291ns  (logic 0.141ns (48.374%)  route 0.150ns (51.626%))
  Logic Levels:           0  
  Clock Path Skew:        0.022ns (DCD - SCD - CPR)
    Destination Clock Delay (DCD):    0.432ns
    Source Clock Delay      (SCD):    0.410ns
    Clock Pessimism Removal (CPR):    -0.000ns

    Location             Delay type                Incr(ns)  Path(ns)    Netlist Resource(s)
  -------------------------------------------------------------------    -------------------
                         (clock clk rise edge)        0.000     0.000 r  <hidden>
                                                      0.000     0.000 r  clk
                         net (fo=31704, unset)        0.410     0.410    core/lstm_stack_ap_fixed_14_7_0_3_0_ap_fixed_14_7_0_3_0_config2_U0/grp_lstm_static_ap_fixed_14_7_0_3_0_ap_fixed_14_7_0_3_0_config2_false_s_fu_445/grp_sigmoid_ap_fixed_ap_fixed_14_7_0_3_0_sigmoid_config2_recr_s_fu_612/clk
    SLICE_X73Y140        FDSE                                         r  core/lstm_stack_ap_fixed_14_7_0_3_0_ap_fixed_14_7_0_3_0_config2_U0/grp_lstm_static_ap_fixed_14_7_0_3_0_ap_fixed_14_7_0_3_0_config2_false_s_fu_445/grp_sigmoid_ap_fixed_ap_fixed_14_7_0_3_0_sigmoid_config2_recr_s_fu_612/index_325_reg_20021_reg[3]/C
  -------------------------------------------------------------------    -------------------
    SLICE_X73Y140        FDSE (Prop_fdse_C_Q)         0.141     0.551 r  core/lstm_stack_ap_fixed_14_7_0_3_0_ap_fixed_14_7_0_3_0_config2_U0/grp_lstm_static_ap_fixed_14_7_0_3_0_ap_fixed_14_7_0_3_0_config2_false_s_fu_445/grp_sigmoid_ap_fixed_ap_fixed_14_7_0_3_0_sigmoid_config2_recr_s_fu_612/index_325_reg_20021_reg[3]/Q
                         net (fo=1, routed)           0.150     0.702    core/lstm_stack_ap_fixed_14_7_0_3_0_ap_fixed_14_7_0_3_0_config2_U0/grp_lstm_static_ap_fixed_14_7_0_3_0_ap_fixed_14_7_0_3_0_config2_false_s_fu_445/grp_sigmoid_ap_fixed_ap_fixed_14_7_0_3_0_sigmoid_config2_recr_s_fu_612/sigmoid_table_U/q19_t0_reg_2[3]
    RAMB18_X2Y56         RAMB18E1                                     r  core/lstm_stack_ap_fixed_14_7_0_3_0_ap_fixed_14_7_0_3_0_config2_U0/grp_lstm_static_ap_fixed_14_7_0_3_0_ap_fixed_14_7_0_3_0_config2_false_s_fu_445/grp_sigmoid_ap_fixed_ap_fixed_14_7_0_3_0_sigmoid_config2_recr_s_fu_612/sigmoid_table_U/q19_t0_reg/ADDRARDADDR[7]
  -------------------------------------------------------------------    -------------------

                         (clock clk rise edge)        0.000     0.000 r  <hidden>
                                                      0.000     0.000 r  clk
                         net (fo=31704, unset)        0.432     0.432    core/lstm_stack_ap_fixed_14_7_0_3_0_ap_fixed_14_7_0_3_0_config2_U0/grp_lstm_static_ap_fixed_14_7_0_3_0_ap_fixed_14_7_0_3_0_config2_false_s_fu_445/grp_sigmoid_ap_fixed_ap_fixed_14_7_0_3_0_sigmoid_config2_recr_s_fu_612/sigmoid_table_U/clk
    RAMB18_X2Y56         RAMB18E1                                     r  core/lstm_stack_ap_fixed_14_7_0_3_0_ap_fixed_14_7_0_3_0_config2_U0/grp_lstm_static_ap_fixed_14_7_0_3_0_ap_fixed_14_7_0_3_0_config2_false_s_fu_445/grp_sigmoid_ap_fixed_ap_fixed_14_7_0_3_0_sigmoid_config2_recr_s_fu_612/sigmoid_table_U/q19_t0_reg/CLKARDCLK
                         clock pessimism              0.000     0.432    <hidden>
    RAMB18_X2Y56         RAMB18E1 (Hold_ramb18e1_CLKARDCLK_ADDRARDADDR[7])
                                                      0.183     0.615    core/lstm_stack_ap_fixed_14_7_0_3_0_ap_fixed_14_7_0_3_0_config2_U0/grp_lstm_static_ap_fixed_14_7_0_3_0_ap_fixed_14_7_0_3_0_config2_false_s_fu_445/grp_sigmoid_ap_fixed_ap_fixed_14_7_0_3_0_sigmoid_config2_recr_s_fu_612/sigmoid_table_U/q19_t0_reg
  -------------------------------------------------------------------
                         required time                         -0.615    <hidden>
                         arrival time                           0.702    <hidden>
  -------------------------------------------------------------------
                         slack                                  0.087    <hidden>

Slack (MET) :             0.096ns  (arrival time - required time)
  Source:                 core/lstm_stack_ap_fixed_14_7_0_3_0_ap_fixed_14_7_0_3_0_config2_U0/grp_lstm_static_ap_fixed_14_7_0_3_0_ap_fixed_14_7_0_3_0_config2_false_s_fu_445/inputacc_ifo_89_reg_8248_reg[13]/C
                            (rising edge-triggered cell FDRE clocked by clk  {rise@0.000ns fall@4.500ns period=9.000ns})
  Destination:            core/lstm_stack_ap_fixed_14_7_0_3_0_ap_fixed_14_7_0_3_0_config2_U0/grp_lstm_static_ap_fixed_14_7_0_3_0_ap_fixed_14_7_0_3_0_config2_false_s_fu_445/grp_sigmoid_ap_fixed_ap_fixed_14_7_0_3_0_sigmoid_config2_recr_s_fu_612/data_89_val_int_reg_reg[13]/D
                            (rising edge-triggered cell FDRE clocked by clk  {rise@0.000ns fall@4.500ns period=9.000ns})
  Path Group:             clk
  Path Type:              Hold (Min at Fast Process Corner)
  Requirement:            0.000ns  (clk rise@0.000ns - clk rise@0.000ns)
  Data Path Delay:        0.193ns  (logic 0.141ns (73.018%)  route 0.052ns (26.982%))
  Logic Levels:           0  
  Clock Path Skew:        0.022ns (DCD - SCD - CPR)
    Destination Clock Delay (DCD):    0.432ns
    Source Clock Delay      (SCD):    0.410ns
    Clock Pessimism Removal (CPR):    -0.000ns

    Location             Delay type                Incr(ns)  Path(ns)    Netlist Resource(s)
  -------------------------------------------------------------------    -------------------
                         (clock clk rise edge)        0.000     0.000 r  <hidden>
                                                      0.000     0.000 r  clk
                         net (fo=31704, unset)        0.410     0.410    core/lstm_stack_ap_fixed_14_7_0_3_0_ap_fixed_14_7_0_3_0_config2_U0/grp_lstm_static_ap_fixed_14_7_0_3_0_ap_fixed_14_7_0_3_0_config2_false_s_fu_445/clk
    SLICE_X3Y74          FDRE                                         r  core/lstm_stack_ap_fixed_14_7_0_3_0_ap_fixed_14_7_0_3_0_config2_U0/grp_lstm_static_ap_fixed_14_7_0_3_0_ap_fixed_14_7_0_3_0_config2_false_s_fu_445/inputacc_ifo_89_reg_8248_reg[13]/C
  -------------------------------------------------------------------    -------------------
    SLICE_X3Y74          FDRE (Prop_fdre_C_Q)         0.141     0.551 r  core/lstm_stack_ap_fixed_14_7_0_3_0_ap_fixed_14_7_0_3_0_config2_U0/grp_lstm_static_ap_fixed_14_7_0_3_0_ap_fixed_14_7_0_3_0_config2_false_s_fu_445/inputacc_ifo_89_reg_8248_reg[13]/Q
                         net (fo=1, routed)           0.052     0.603    core/lstm_stack_ap_fixed_14_7_0_3_0_ap_fixed_14_7_0_3_0_config2_U0/grp_lstm_static_ap_fixed_14_7_0_3_0_ap_fixed_14_7_0_3_0_config2_false_s_fu_445/grp_sigmoid_ap_fixed_ap_fixed_14_7_0_3_0_sigmoid_config2_recr_s_fu_612/inputacc_ifo_89_reg_8248[13]
    SLICE_X2Y74          FDRE                                         r  core/lstm_stack_ap_fixed_14_7_0_3_0_ap_fixed_14_7_0_3_0_config2_U0/grp_lstm_static_ap_fixed_14_7_0_3_0_ap_fixed_14_7_0_3_0_config2_false_s_fu_445/grp_sigmoid_ap_fixed_ap_fixed_14_7_0_3_0_sigmoid_config2_recr_s_fu_612/data_89_val_int_reg_reg[13]/D
  -------------------------------------------------------------------    -------------------

                         (clock clk rise edge)        0.000     0.000 r  <hidden>
                                                      0.000     0.000 r  clk
                         net (fo=31704, unset)        0.432     0.432    core/lstm_stack_ap_fixed_14_7_0_3_0_ap_fixed_14_7_0_3_0_config2_U0/grp_lstm_static_ap_fixed_14_7_0_3_0_ap_fixed_14_7_0_3_0_config2_false_s_fu_445/grp_sigmoid_ap_fixed_ap_fixed_14_7_0_3_0_sigmoid_config2_recr_s_fu_612/clk
    SLICE_X2Y74          FDRE                                         r  core/lstm_stack_ap_fixed_14_7_0_3_0_ap_fixed_14_7_0_3_0_config2_U0/grp_lstm_static_ap_fixed_14_7_0_3_0_ap_fixed_14_7_0_3_0_config2_false_s_fu_445/grp_sigmoid_ap_fixed_ap_fixed_14_7_0_3_0_sigmoid_config2_recr_s_fu_612/data_89_val_int_reg_reg[13]/C
                         clock pessimism              0.000     0.432    <hidden>
    SLICE_X2Y74          FDRE (Hold_fdre_C_D)         0.076     0.508    core/lstm_stack_ap_fixed_14_7_0_3_0_ap_fixed_14_7_0_3_0_config2_U0/grp_lstm_static_ap_fixed_14_7_0_3_0_ap_fixed_14_7_0_3_0_config2_false_s_fu_445/grp_sigmoid_ap_fixed_ap_fixed_14_7_0_3_0_sigmoid_config2_recr_s_fu_612/data_89_val_int_reg_reg[13]
  -------------------------------------------------------------------
                         required time                         -0.508    <hidden>
                         arrival time                           0.603    <hidden>
  -------------------------------------------------------------------
                         slack                                  0.096    <hidden>

Slack (MET) :             0.096ns  (arrival time - required time)
  Source:                 core/lstm_stack_ap_fixed_14_7_0_3_0_ap_fixed_14_7_0_3_0_config2_U0/grp_lstm_static_ap_fixed_14_7_0_3_0_ap_fixed_14_7_0_3_0_config2_false_s_fu_445/grp_sigmoid_ap_fixed_ap_fixed_14_7_0_3_0_sigmoid_config2_recr_s_fu_612/add_ln115_37_reg_17748_reg[6]/C
                            (rising edge-triggered cell FDRE clocked by clk  {rise@0.000ns fall@4.500ns period=9.000ns})
  Destination:            core/lstm_stack_ap_fixed_14_7_0_3_0_ap_fixed_14_7_0_3_0_config2_U0/grp_lstm_static_ap_fixed_14_7_0_3_0_ap_fixed_14_7_0_3_0_config2_false_s_fu_445/grp_sigmoid_ap_fixed_ap_fixed_14_7_0_3_0_sigmoid_config2_recr_s_fu_612/trunc_ln113_75_reg_19051_reg[6]/D
                            (rising edge-triggered cell FDRE clocked by clk  {rise@0.000ns fall@4.500ns period=9.000ns})
  Path Group:             clk
  Path Type:              Hold (Min at Fast Process Corner)
  Requirement:            0.000ns  (clk rise@0.000ns - clk rise@0.000ns)
  Data Path Delay:        0.238ns  (logic 0.186ns (78.117%)  route 0.052ns (21.883%))
  Logic Levels:           1  (LUT4=1)
  Clock Path Skew:        0.022ns (DCD - SCD - CPR)
    Destination Clock Delay (DCD):    0.432ns
    Source Clock Delay      (SCD):    0.410ns
    Clock Pessimism Removal (CPR):    -0.000ns

    Location             Delay type                Incr(ns)  Path(ns)    Netlist Resource(s)
  -------------------------------------------------------------------    -------------------
                         (clock clk rise edge)        0.000     0.000 r  <hidden>
                                                      0.000     0.000 r  clk
                         net (fo=31704, unset)        0.410     0.410    core/lstm_stack_ap_fixed_14_7_0_3_0_ap_fixed_14_7_0_3_0_config2_U0/grp_lstm_static_ap_fixed_14_7_0_3_0_ap_fixed_14_7_0_3_0_config2_false_s_fu_445/grp_sigmoid_ap_fixed_ap_fixed_14_7_0_3_0_sigmoid_config2_recr_s_fu_612/clk
    SLICE_X61Y113        FDRE                                         r  core/lstm_stack_ap_fixed_14_7_0_3_0_ap_fixed_14_7_0_3_0_config2_U0/grp_lstm_static_ap_fixed_14_7_0_3_0_ap_fixed_14_7_0_3_0_config2_false_s_fu_445/grp_sigmoid_ap_fixed_ap_fixed_14_7_0_3_0_sigmoid_config2_recr_s_fu_612/add_ln115_37_reg_17748_reg[6]/C
  -------------------------------------------------------------------    -------------------
    SLICE_X61Y113        FDRE (Prop_fdre_C_Q)         0.141     0.551 r  core/lstm_stack_ap_fixed_14_7_0_3_0_ap_fixed_14_7_0_3_0_config2_U0/grp_lstm_static_ap_fixed_14_7_0_3_0_ap_fixed_14_7_0_3_0_config2_false_s_fu_445/grp_sigmoid_ap_fixed_ap_fixed_14_7_0_3_0_sigmoid_config2_recr_s_fu_612/add_ln115_37_reg_17748_reg[6]/Q
                         net (fo=1, routed)           0.052     0.603    core/lstm_stack_ap_fixed_14_7_0_3_0_ap_fixed_14_7_0_3_0_config2_U0/grp_lstm_static_ap_fixed_14_7_0_3_0_ap_fixed_14_7_0_3_0_config2_false_s_fu_445/grp_sigmoid_ap_fixed_ap_fixed_14_7_0_3_0_sigmoid_config2_recr_s_fu_612/add_ln115_37_reg_17748[6]
    SLICE_X60Y113        LUT4 (Prop_lut4_I0_O)        0.045     0.648 r  core/lstm_stack_ap_fixed_14_7_0_3_0_ap_fixed_14_7_0_3_0_config2_U0/grp_lstm_static_ap_fixed_14_7_0_3_0_ap_fixed_14_7_0_3_0_config2_false_s_fu_445/grp_sigmoid_ap_fixed_ap_fixed_14_7_0_3_0_sigmoid_config2_recr_s_fu_612/trunc_ln113_75_reg_19051[6]_i_1/O
                         net (fo=1, routed)           0.000     0.648    core/lstm_stack_ap_fixed_14_7_0_3_0_ap_fixed_14_7_0_3_0_config2_U0/grp_lstm_static_ap_fixed_14_7_0_3_0_ap_fixed_14_7_0_3_0_config2_false_s_fu_445/grp_sigmoid_ap_fixed_ap_fixed_14_7_0_3_0_sigmoid_config2_recr_s_fu_612/sext_ln112_37_fu_7591_p1__0[6]
    SLICE_X60Y113        FDRE                                         r  core/lstm_stack_ap_fixed_14_7_0_3_0_ap_fixed_14_7_0_3_0_config2_U0/grp_lstm_static_ap_fixed_14_7_0_3_0_ap_fixed_14_7_0_3_0_config2_false_s_fu_445/grp_sigmoid_ap_fixed_ap_fixed_14_7_0_3_0_sigmoid_config2_recr_s_fu_612/trunc_ln113_75_reg_19051_reg[6]/D
  -------------------------------------------------------------------    -------------------

                         (clock clk rise edge)        0.000     0.000 r  <hidden>
                                                      0.000     0.000 r  clk
                         net (fo=31704, unset)        0.432     0.432    core/lstm_stack_ap_fixed_14_7_0_3_0_ap_fixed_14_7_0_3_0_config2_U0/grp_lstm_static_ap_fixed_14_7_0_3_0_ap_fixed_14_7_0_3_0_config2_false_s_fu_445/grp_sigmoid_ap_fixed_ap_fixed_14_7_0_3_0_sigmoid_config2_recr_s_fu_612/clk
    SLICE_X60Y113        FDRE                                         r  core/lstm_stack_ap_fixed_14_7_0_3_0_ap_fixed_14_7_0_3_0_config2_U0/grp_lstm_static_ap_fixed_14_7_0_3_0_ap_fixed_14_7_0_3_0_config2_false_s_fu_445/grp_sigmoid_ap_fixed_ap_fixed_14_7_0_3_0_sigmoid_config2_recr_s_fu_612/trunc_ln113_75_reg_19051_reg[6]/C
                         clock pessimism              0.000     0.432    <hidden>
    SLICE_X60Y113        FDRE (Hold_fdre_C_D)         0.121     0.553    core/lstm_stack_ap_fixed_14_7_0_3_0_ap_fixed_14_7_0_3_0_config2_U0/grp_lstm_static_ap_fixed_14_7_0_3_0_ap_fixed_14_7_0_3_0_config2_false_s_fu_445/grp_sigmoid_ap_fixed_ap_fixed_14_7_0_3_0_sigmoid_config2_recr_s_fu_612/trunc_ln113_75_reg_19051_reg[6]
  -------------------------------------------------------------------
                         required time                         -0.553    <hidden>
                         arrival time                           0.648    <hidden>
  -------------------------------------------------------------------
                         slack                                  0.096    <hidden>

Slack (MET) :             0.096ns  (arrival time - required time)
  Source:                 core/lstm_stack_ap_fixed_14_7_0_3_0_ap_fixed_14_7_0_3_0_config2_U0/grp_lstm_static_ap_fixed_14_7_0_3_0_ap_fixed_14_7_0_3_0_config2_false_s_fu_445/grp_sigmoid_ap_fixed_ap_fixed_14_7_0_3_0_sigmoid_config2_recr_s_fu_612/add_ln115_43_reg_17844_reg[6]/C
                            (rising edge-triggered cell FDRE clocked by clk  {rise@0.000ns fall@4.500ns period=9.000ns})
  Destination:            core/lstm_stack_ap_fixed_14_7_0_3_0_ap_fixed_14_7_0_3_0_config2_U0/grp_lstm_static_ap_fixed_14_7_0_3_0_ap_fixed_14_7_0_3_0_config2_false_s_fu_445/grp_sigmoid_ap_fixed_ap_fixed_14_7_0_3_0_sigmoid_config2_recr_s_fu_612/trunc_ln113_87_reg_19111_reg[6]/D
                            (rising edge-triggered cell FDRE clocked by clk  {rise@0.000ns fall@4.500ns period=9.000ns})
  Path Group:             clk
  Path Type:              Hold (Min at Fast Process Corner)
  Requirement:            0.000ns  (clk rise@0.000ns - clk rise@0.000ns)
  Data Path Delay:        0.238ns  (logic 0.186ns (78.117%)  route 0.052ns (21.883%))
  Logic Levels:           1  (LUT4=1)
  Clock Path Skew:        0.022ns (DCD - SCD - CPR)
    Destination Clock Delay (DCD):    0.432ns
    Source Clock Delay      (SCD):    0.410ns
    Clock Pessimism Removal (CPR):    -0.000ns

    Location             Delay type                Incr(ns)  Path(ns)    Netlist Resource(s)
  -------------------------------------------------------------------    -------------------
                         (clock clk rise edge)        0.000     0.000 r  <hidden>
                                                      0.000     0.000 r  clk
                         net (fo=31704, unset)        0.410     0.410    core/lstm_stack_ap_fixed_14_7_0_3_0_ap_fixed_14_7_0_3_0_config2_U0/grp_lstm_static_ap_fixed_14_7_0_3_0_ap_fixed_14_7_0_3_0_config2_false_s_fu_445/grp_sigmoid_ap_fixed_ap_fixed_14_7_0_3_0_sigmoid_config2_recr_s_fu_612/clk
    SLICE_X81Y100        FDRE                                         r  core/lstm_stack_ap_fixed_14_7_0_3_0_ap_fixed_14_7_0_3_0_config2_U0/grp_lstm_static_ap_fixed_14_7_0_3_0_ap_fixed_14_7_0_3_0_config2_false_s_fu_445/grp_sigmoid_ap_fixed_ap_fixed_14_7_0_3_0_sigmoid_config2_recr_s_fu_612/add_ln115_43_reg_17844_reg[6]/C
  -------------------------------------------------------------------    -------------------
    SLICE_X81Y100        FDRE (Prop_fdre_C_Q)         0.141     0.551 r  core/lstm_stack_ap_fixed_14_7_0_3_0_ap_fixed_14_7_0_3_0_config2_U0/grp_lstm_static_ap_fixed_14_7_0_3_0_ap_fixed_14_7_0_3_0_config2_false_s_fu_445/grp_sigmoid_ap_fixed_ap_fixed_14_7_0_3_0_sigmoid_config2_recr_s_fu_612/add_ln115_43_reg_17844_reg[6]/Q
                         net (fo=1, routed)           0.052     0.603    core/lstm_stack_ap_fixed_14_7_0_3_0_ap_fixed_14_7_0_3_0_config2_U0/grp_lstm_static_ap_fixed_14_7_0_3_0_ap_fixed_14_7_0_3_0_config2_false_s_fu_445/grp_sigmoid_ap_fixed_ap_fixed_14_7_0_3_0_sigmoid_config2_recr_s_fu_612/add_ln115_43_reg_17844[6]
    SLICE_X80Y100        LUT4 (Prop_lut4_I0_O)        0.045     0.648 r  core/lstm_stack_ap_fixed_14_7_0_3_0_ap_fixed_14_7_0_3_0_config2_U0/grp_lstm_static_ap_fixed_14_7_0_3_0_ap_fixed_14_7_0_3_0_config2_false_s_fu_445/grp_sigmoid_ap_fixed_ap_fixed_14_7_0_3_0_sigmoid_config2_recr_s_fu_612/trunc_ln113_87_reg_19111[6]_i_1/O
                         net (fo=1, routed)           0.000     0.648    core/lstm_stack_ap_fixed_14_7_0_3_0_ap_fixed_14_7_0_3_0_config2_U0/grp_lstm_static_ap_fixed_14_7_0_3_0_ap_fixed_14_7_0_3_0_config2_false_s_fu_445/grp_sigmoid_ap_fixed_ap_fixed_14_7_0_3_0_sigmoid_config2_recr_s_fu_612/sext_ln112_43_fu_7969_p1__0[6]
    SLICE_X80Y100        FDRE                                         r  core/lstm_stack_ap_fixed_14_7_0_3_0_ap_fixed_14_7_0_3_0_config2_U0/grp_lstm_static_ap_fixed_14_7_0_3_0_ap_fixed_14_7_0_3_0_config2_false_s_fu_445/grp_sigmoid_ap_fixed_ap_fixed_14_7_0_3_0_sigmoid_config2_recr_s_fu_612/trunc_ln113_87_reg_19111_reg[6]/D
  -------------------------------------------------------------------    -------------------

                         (clock clk rise edge)        0.000     0.000 r  <hidden>
                                                      0.000     0.000 r  clk
                         net (fo=31704, unset)        0.432     0.432    core/lstm_stack_ap_fixed_14_7_0_3_0_ap_fixed_14_7_0_3_0_config2_U0/grp_lstm_static_ap_fixed_14_7_0_3_0_ap_fixed_14_7_0_3_0_config2_false_s_fu_445/grp_sigmoid_ap_fixed_ap_fixed_14_7_0_3_0_sigmoid_config2_recr_s_fu_612/clk
    SLICE_X80Y100        FDRE                                         r  core/lstm_stack_ap_fixed_14_7_0_3_0_ap_fixed_14_7_0_3_0_config2_U0/grp_lstm_static_ap_fixed_14_7_0_3_0_ap_fixed_14_7_0_3_0_config2_false_s_fu_445/grp_sigmoid_ap_fixed_ap_fixed_14_7_0_3_0_sigmoid_config2_recr_s_fu_612/trunc_ln113_87_reg_19111_reg[6]/C
                         clock pessimism              0.000     0.432    <hidden>
    SLICE_X80Y100        FDRE (Hold_fdre_C_D)         0.121     0.553    core/lstm_stack_ap_fixed_14_7_0_3_0_ap_fixed_14_7_0_3_0_config2_U0/grp_lstm_static_ap_fixed_14_7_0_3_0_ap_fixed_14_7_0_3_0_config2_false_s_fu_445/grp_sigmoid_ap_fixed_ap_fixed_14_7_0_3_0_sigmoid_config2_recr_s_fu_612/trunc_ln113_87_reg_19111_reg[6]
  -------------------------------------------------------------------
                         required time                         -0.553    <hidden>
                         arrival time                           0.648    <hidden>
  -------------------------------------------------------------------
                         slack                                  0.096    <hidden>

Slack (MET) :             0.097ns  (arrival time - required time)
  Source:                 core/layer2_out_24_U/U_recurrent_fifo_w14_d2_S_ShiftReg/SRL_SIG_reg[0][5]/C
                            (rising edge-triggered cell FDRE clocked by clk  {rise@0.000ns fall@4.500ns period=9.000ns})
  Destination:            core/layer2_out_24_U/U_recurrent_fifo_w14_d2_S_ShiftReg/SRL_SIG_reg[1][5]/D
                            (rising edge-triggered cell FDRE clocked by clk  {rise@0.000ns fall@4.500ns period=9.000ns})
  Path Group:             clk
  Path Type:              Hold (Min at Fast Process Corner)
  Requirement:            0.000ns  (clk rise@0.000ns - clk rise@0.000ns)
  Data Path Delay:        0.197ns  (logic 0.141ns (71.611%)  route 0.056ns (28.389%))
  Logic Levels:           0  
  Clock Path Skew:        0.022ns (DCD - SCD - CPR)
    Destination Clock Delay (DCD):    0.432ns
    Source Clock Delay      (SCD):    0.410ns
    Clock Pessimism Removal (CPR):    -0.000ns

    Location             Delay type                Incr(ns)  Path(ns)    Netlist Resource(s)
  -------------------------------------------------------------------    -------------------
                         (clock clk rise edge)        0.000     0.000 r  <hidden>
                                                      0.000     0.000 r  clk
                         net (fo=31704, unset)        0.410     0.410    core/layer2_out_24_U/U_recurrent_fifo_w14_d2_S_ShiftReg/clk
    SLICE_X3Y127         FDRE                                         r  core/layer2_out_24_U/U_recurrent_fifo_w14_d2_S_ShiftReg/SRL_SIG_reg[0][5]/C
  -------------------------------------------------------------------    -------------------
    SLICE_X3Y127         FDRE (Prop_fdre_C_Q)         0.141     0.551 r  core/layer2_out_24_U/U_recurrent_fifo_w14_d2_S_ShiftReg/SRL_SIG_reg[0][5]/Q
                         net (fo=2, routed)           0.056     0.607    core/layer2_out_24_U/U_recurrent_fifo_w14_d2_S_ShiftReg/SRL_SIG_reg[0]_144[5]
    SLICE_X3Y127         FDRE                                         r  core/layer2_out_24_U/U_recurrent_fifo_w14_d2_S_ShiftReg/SRL_SIG_reg[1][5]/D
  -------------------------------------------------------------------    -------------------

                         (clock clk rise edge)        0.000     0.000 r  <hidden>
                                                      0.000     0.000 r  clk
                         net (fo=31704, unset)        0.432     0.432    core/layer2_out_24_U/U_recurrent_fifo_w14_d2_S_ShiftReg/clk
    SLICE_X3Y127         FDRE                                         r  core/layer2_out_24_U/U_recurrent_fifo_w14_d2_S_ShiftReg/SRL_SIG_reg[1][5]/C
                         clock pessimism              0.000     0.432    <hidden>
    SLICE_X3Y127         FDRE (Hold_fdre_C_D)         0.078     0.510    core/layer2_out_24_U/U_recurrent_fifo_w14_d2_S_ShiftReg/SRL_SIG_reg[1][5]
  -------------------------------------------------------------------
                         required time                         -0.510    <hidden>
                         arrival time                           0.607    <hidden>
  -------------------------------------------------------------------
                         slack                                  0.097    <hidden>

Slack (MET) :             0.097ns  (arrival time - required time)
  Source:                 core/layer2_out_9_U/U_recurrent_fifo_w14_d2_S_ShiftReg/SRL_SIG_reg[0][9]/C
                            (rising edge-triggered cell FDRE clocked by clk  {rise@0.000ns fall@4.500ns period=9.000ns})
  Destination:            core/layer2_out_9_U/U_recurrent_fifo_w14_d2_S_ShiftReg/SRL_SIG_reg[1][9]/D
                            (rising edge-triggered cell FDRE clocked by clk  {rise@0.000ns fall@4.500ns period=9.000ns})
  Path Group:             clk
  Path Type:              Hold (Min at Fast Process Corner)
  Requirement:            0.000ns  (clk rise@0.000ns - clk rise@0.000ns)
  Data Path Delay:        0.197ns  (logic 0.141ns (71.611%)  route 0.056ns (28.389%))
  Logic Levels:           0  
  Clock Path Skew:        0.022ns (DCD - SCD - CPR)
    Destination Clock Delay (DCD):    0.432ns
    Source Clock Delay      (SCD):    0.410ns
    Clock Pessimism Removal (CPR):    -0.000ns

    Location             Delay type                Incr(ns)  Path(ns)    Netlist Resource(s)
  -------------------------------------------------------------------    -------------------
                         (clock clk rise edge)        0.000     0.000 r  <hidden>
                                                      0.000     0.000 r  clk
                         net (fo=31704, unset)        0.410     0.410    core/layer2_out_9_U/U_recurrent_fifo_w14_d2_S_ShiftReg/clk
    SLICE_X51Y148        FDRE                                         r  core/layer2_out_9_U/U_recurrent_fifo_w14_d2_S_ShiftReg/SRL_SIG_reg[0][9]/C
  -------------------------------------------------------------------    -------------------
    SLICE_X51Y148        FDRE (Prop_fdre_C_Q)         0.141     0.551 r  core/layer2_out_9_U/U_recurrent_fifo_w14_d2_S_ShiftReg/SRL_SIG_reg[0][9]/Q
                         net (fo=2, routed)           0.056     0.607    core/layer2_out_9_U/U_recurrent_fifo_w14_d2_S_ShiftReg/SRL_SIG_reg[0]_114[9]
    SLICE_X51Y148        FDRE                                         r  core/layer2_out_9_U/U_recurrent_fifo_w14_d2_S_ShiftReg/SRL_SIG_reg[1][9]/D
  -------------------------------------------------------------------    -------------------

                         (clock clk rise edge)        0.000     0.000 r  <hidden>
                                                      0.000     0.000 r  clk
                         net (fo=31704, unset)        0.432     0.432    core/layer2_out_9_U/U_recurrent_fifo_w14_d2_S_ShiftReg/clk
    SLICE_X51Y148        FDRE                                         r  core/layer2_out_9_U/U_recurrent_fifo_w14_d2_S_ShiftReg/SRL_SIG_reg[1][9]/C
                         clock pessimism              0.000     0.432    <hidden>
    SLICE_X51Y148        FDRE (Hold_fdre_C_D)         0.078     0.510    core/layer2_out_9_U/U_recurrent_fifo_w14_d2_S_ShiftReg/SRL_SIG_reg[1][9]
  -------------------------------------------------------------------
                         required time                         -0.510    <hidden>
                         arrival time                           0.607    <hidden>
  -------------------------------------------------------------------
                         slack                                  0.097    <hidden>





Pulse Width Checks
--------------------------------------------------------------------------------------
Clock Name:         clk
Waveform(ns):       { 0.000 4.500 }
Period(ns):         9.000
Sources:            { clk }

Check Type        Corner  Lib Pin             Reference Pin  Required(ns)  Actual(ns)  Slack(ns)  Location       Pin
Min Period        n/a     RAMB18E1/CLKARDCLK  n/a            2.944         9.000       6.056      RAMB18_X0Y22   core/lstm_stack_ap_fixed_14_7_0_3_0_ap_fixed_14_7_0_3_0_config2_U0/data_in_U/ram_reg/CLKARDCLK
Min Period        n/a     RAMB18E1/CLKARDCLK  n/a            2.576         9.000       6.424      RAMB18_X0Y62   core/dense_resource_rf_leq_nin_ap_fixed_ap_fixed_14_7_0_3_0_config3_U0/w3_U/q0_t0_reg/CLKARDCLK
Min Period        n/a     RAMB18E1/CLKBWRCLK  n/a            2.576         9.000       6.424      RAMB18_X0Y22   core/lstm_stack_ap_fixed_14_7_0_3_0_ap_fixed_14_7_0_3_0_config2_U0/data_in_U/ram_reg/CLKBWRCLK
Min Period        n/a     RAMB36E1/CLKARDCLK  n/a            2.576         9.000       6.424      RAMB36_X2Y6    core/lstm_stack_ap_fixed_14_7_0_3_0_ap_fixed_14_7_0_3_0_config2_U0/grp_lstm_static_ap_fixed_14_7_0_3_0_ap_fixed_14_7_0_3_0_config2_false_s_fu_445/grp_dense_resource_rf_gt_nin_rem0_ap_fixed_ap_fixed_14_7_0_3_0_config2_1_s_fu_530/w2_U/q0_t0_reg_0/CLKARDCLK
Min Period        n/a     RAMB36E1/CLKBWRCLK  n/a            2.576         9.000       6.424      RAMB36_X2Y6    core/lstm_stack_ap_fixed_14_7_0_3_0_ap_fixed_14_7_0_3_0_config2_U0/grp_lstm_static_ap_fixed_14_7_0_3_0_ap_fixed_14_7_0_3_0_config2_false_s_fu_445/grp_dense_resource_rf_gt_nin_rem0_ap_fixed_ap_fixed_14_7_0_3_0_config2_1_s_fu_530/w2_U/q0_t0_reg_0/CLKBWRCLK
Min Period        n/a     RAMB36E1/CLKARDCLK  n/a            2.576         9.000       6.424      RAMB36_X0Y6    core/lstm_stack_ap_fixed_14_7_0_3_0_ap_fixed_14_7_0_3_0_config2_U0/grp_lstm_static_ap_fixed_14_7_0_3_0_ap_fixed_14_7_0_3_0_config2_false_s_fu_445/grp_dense_resource_rf_gt_nin_rem0_ap_fixed_ap_fixed_14_7_0_3_0_config2_1_s_fu_530/w2_U/q0_t0_reg_1/CLKARDCLK
Min Period        n/a     RAMB36E1/CLKBWRCLK  n/a            2.576         9.000       6.424      RAMB36_X0Y6    core/lstm_stack_ap_fixed_14_7_0_3_0_ap_fixed_14_7_0_3_0_config2_U0/grp_lstm_static_ap_fixed_14_7_0_3_0_ap_fixed_14_7_0_3_0_config2_false_s_fu_445/grp_dense_resource_rf_gt_nin_rem0_ap_fixed_ap_fixed_14_7_0_3_0_config2_1_s_fu_530/w2_U/q0_t0_reg_1/CLKBWRCLK
Min Period        n/a     RAMB18E1/CLKARDCLK  n/a            2.576         9.000       6.424      RAMB18_X0Y14   core/lstm_stack_ap_fixed_14_7_0_3_0_ap_fixed_14_7_0_3_0_config2_U0/grp_lstm_static_ap_fixed_14_7_0_3_0_ap_fixed_14_7_0_3_0_config2_false_s_fu_445/grp_dense_resource_rf_gt_nin_rem0_ap_fixed_ap_fixed_14_7_0_3_0_config2_1_s_fu_530/w2_U/q0_t0_reg_2/CLKARDCLK
Min Period        n/a     RAMB18E1/CLKBWRCLK  n/a            2.576         9.000       6.424      RAMB18_X0Y14   core/lstm_stack_ap_fixed_14_7_0_3_0_ap_fixed_14_7_0_3_0_config2_U0/grp_lstm_static_ap_fixed_14_7_0_3_0_ap_fixed_14_7_0_3_0_config2_false_s_fu_445/grp_dense_resource_rf_gt_nin_rem0_ap_fixed_ap_fixed_14_7_0_3_0_config2_1_s_fu_530/w2_U/q0_t0_reg_2/CLKBWRCLK
Min Period        n/a     RAMB36E1/CLKARDCLK  n/a            2.576         9.000       6.424      RAMB36_X2Y10   core/lstm_stack_ap_fixed_14_7_0_3_0_ap_fixed_14_7_0_3_0_config2_U0/grp_lstm_static_ap_fixed_14_7_0_3_0_ap_fixed_14_7_0_3_0_config2_false_s_fu_445/grp_dense_resource_rf_gt_nin_rem0_ap_fixed_ap_fixed_14_7_0_3_0_config2_2_s_fu_540/wr2_U/q0_t0_reg_0/CLKARDCLK
Low Pulse Width   Slow    SRL16E/CLK          n/a            0.980         4.500       3.520      SLICE_X14Y159  core/dense_resource_rf_leq_nin_ap_fixed_ap_fixed_14_7_0_3_0_config3_U0/icmp_ln46_reg_1641_pp0_iter3_reg_reg[0]_srl2/CLK
Low Pulse Width   Fast    SRL16E/CLK          n/a            0.980         4.500       3.520      SLICE_X14Y159  core/dense_resource_rf_leq_nin_ap_fixed_ap_fixed_14_7_0_3_0_config3_U0/icmp_ln46_reg_1641_pp0_iter3_reg_reg[0]_srl2/CLK
Low Pulse Width   Slow    SRL16E/CLK          n/a            0.980         4.500       3.520      SLICE_X10Y67   core/lstm_stack_ap_fixed_14_7_0_3_0_ap_fixed_14_7_0_3_0_config2_U0/grp_lstm_static_ap_fixed_14_7_0_3_0_ap_fixed_14_7_0_3_0_config2_false_s_fu_445/grp_dense_resource_rf_gt_nin_rem0_ap_fixed_ap_fixed_14_7_0_3_0_config2_1_s_fu_530/icmp_ln135_reg_5996_pp0_iter5_reg_reg[0]_srl4/CLK
Low Pulse Width   Fast    SRL16E/CLK          n/a            0.980         4.500       3.520      SLICE_X10Y67   core/lstm_stack_ap_fixed_14_7_0_3_0_ap_fixed_14_7_0_3_0_config2_U0/grp_lstm_static_ap_fixed_14_7_0_3_0_ap_fixed_14_7_0_3_0_config2_false_s_fu_445/grp_dense_resource_rf_gt_nin_rem0_ap_fixed_ap_fixed_14_7_0_3_0_config2_1_s_fu_530/icmp_ln135_reg_5996_pp0_iter5_reg_reg[0]_srl4/CLK
Low Pulse Width   Slow    SRL16E/CLK          n/a            0.980         4.500       3.520      SLICE_X30Y65   core/lstm_stack_ap_fixed_14_7_0_3_0_ap_fixed_14_7_0_3_0_config2_U0/grp_lstm_static_ap_fixed_14_7_0_3_0_ap_fixed_14_7_0_3_0_config2_false_s_fu_445/grp_dense_resource_rf_gt_nin_rem0_ap_fixed_ap_fixed_14_7_0_3_0_config2_1_s_fu_530/out_index_reg_6000_pp0_iter3_reg_reg[0]_srl2/CLK
Low Pulse Width   Fast    SRL16E/CLK          n/a            0.980         4.500       3.520      SLICE_X30Y65   core/lstm_stack_ap_fixed_14_7_0_3_0_ap_fixed_14_7_0_3_0_config2_U0/grp_lstm_static_ap_fixed_14_7_0_3_0_ap_fixed_14_7_0_3_0_config2_false_s_fu_445/grp_dense_resource_rf_gt_nin_rem0_ap_fixed_ap_fixed_14_7_0_3_0_config2_1_s_fu_530/out_index_reg_6000_pp0_iter3_reg_reg[0]_srl2/CLK
Low Pulse Width   Slow    SRL16E/CLK          n/a            0.980         4.500       3.520      SLICE_X30Y65   core/lstm_stack_ap_fixed_14_7_0_3_0_ap_fixed_14_7_0_3_0_config2_U0/grp_lstm_static_ap_fixed_14_7_0_3_0_ap_fixed_14_7_0_3_0_config2_false_s_fu_445/grp_dense_resource_rf_gt_nin_rem0_ap_fixed_ap_fixed_14_7_0_3_0_config2_1_s_fu_530/out_index_reg_6000_pp0_iter3_reg_reg[1]_srl2/CLK
Low Pulse Width   Fast    SRL16E/CLK          n/a            0.980         4.500       3.520      SLICE_X30Y65   core/lstm_stack_ap_fixed_14_7_0_3_0_ap_fixed_14_7_0_3_0_config2_U0/grp_lstm_static_ap_fixed_14_7_0_3_0_ap_fixed_14_7_0_3_0_config2_false_s_fu_445/grp_dense_resource_rf_gt_nin_rem0_ap_fixed_ap_fixed_14_7_0_3_0_config2_1_s_fu_530/out_index_reg_6000_pp0_iter3_reg_reg[1]_srl2/CLK
Low Pulse Width   Slow    SRL16E/CLK          n/a            0.980         4.500       3.520      SLICE_X30Y65   core/lstm_stack_ap_fixed_14_7_0_3_0_ap_fixed_14_7_0_3_0_config2_U0/grp_lstm_static_ap_fixed_14_7_0_3_0_ap_fixed_14_7_0_3_0_config2_false_s_fu_445/grp_dense_resource_rf_gt_nin_rem0_ap_fixed_ap_fixed_14_7_0_3_0_config2_1_s_fu_530/out_index_reg_6000_pp0_iter3_reg_reg[2]_srl2/CLK
Low Pulse Width   Fast    SRL16E/CLK          n/a            0.980         4.500       3.520      SLICE_X30Y65   core/lstm_stack_ap_fixed_14_7_0_3_0_ap_fixed_14_7_0_3_0_config2_U0/grp_lstm_static_ap_fixed_14_7_0_3_0_ap_fixed_14_7_0_3_0_config2_false_s_fu_445/grp_dense_resource_rf_gt_nin_rem0_ap_fixed_ap_fixed_14_7_0_3_0_config2_1_s_fu_530/out_index_reg_6000_pp0_iter3_reg_reg[2]_srl2/CLK
High Pulse Width  Slow    SRL16E/CLK          n/a            0.980         4.500       3.520      SLICE_X14Y159  core/dense_resource_rf_leq_nin_ap_fixed_ap_fixed_14_7_0_3_0_config3_U0/icmp_ln46_reg_1641_pp0_iter3_reg_reg[0]_srl2/CLK
High Pulse Width  Fast    SRL16E/CLK          n/a            0.980         4.500       3.520      SLICE_X14Y159  core/dense_resource_rf_leq_nin_ap_fixed_ap_fixed_14_7_0_3_0_config3_U0/icmp_ln46_reg_1641_pp0_iter3_reg_reg[0]_srl2/CLK
High Pulse Width  Slow    SRL16E/CLK          n/a            0.980         4.500       3.520      SLICE_X10Y67   core/lstm_stack_ap_fixed_14_7_0_3_0_ap_fixed_14_7_0_3_0_config2_U0/grp_lstm_static_ap_fixed_14_7_0_3_0_ap_fixed_14_7_0_3_0_config2_false_s_fu_445/grp_dense_resource_rf_gt_nin_rem0_ap_fixed_ap_fixed_14_7_0_3_0_config2_1_s_fu_530/icmp_ln135_reg_5996_pp0_iter5_reg_reg[0]_srl4/CLK
High Pulse Width  Fast    SRL16E/CLK          n/a            0.980         4.500       3.520      SLICE_X10Y67   core/lstm_stack_ap_fixed_14_7_0_3_0_ap_fixed_14_7_0_3_0_config2_U0/grp_lstm_static_ap_fixed_14_7_0_3_0_ap_fixed_14_7_0_3_0_config2_false_s_fu_445/grp_dense_resource_rf_gt_nin_rem0_ap_fixed_ap_fixed_14_7_0_3_0_config2_1_s_fu_530/icmp_ln135_reg_5996_pp0_iter5_reg_reg[0]_srl4/CLK
High Pulse Width  Slow    SRL16E/CLK          n/a            0.980         4.500       3.520      SLICE_X30Y65   core/lstm_stack_ap_fixed_14_7_0_3_0_ap_fixed_14_7_0_3_0_config2_U0/grp_lstm_static_ap_fixed_14_7_0_3_0_ap_fixed_14_7_0_3_0_config2_false_s_fu_445/grp_dense_resource_rf_gt_nin_rem0_ap_fixed_ap_fixed_14_7_0_3_0_config2_1_s_fu_530/out_index_reg_6000_pp0_iter3_reg_reg[0]_srl2/CLK
High Pulse Width  Fast    SRL16E/CLK          n/a            0.980         4.500       3.520      SLICE_X30Y65   core/lstm_stack_ap_fixed_14_7_0_3_0_ap_fixed_14_7_0_3_0_config2_U0/grp_lstm_static_ap_fixed_14_7_0_3_0_ap_fixed_14_7_0_3_0_config2_false_s_fu_445/grp_dense_resource_rf_gt_nin_rem0_ap_fixed_ap_fixed_14_7_0_3_0_config2_1_s_fu_530/out_index_reg_6000_pp0_iter3_reg_reg[0]_srl2/CLK
High Pulse Width  Slow    SRL16E/CLK          n/a            0.980         4.500       3.520      SLICE_X30Y65   core/lstm_stack_ap_fixed_14_7_0_3_0_ap_fixed_14_7_0_3_0_config2_U0/grp_lstm_static_ap_fixed_14_7_0_3_0_ap_fixed_14_7_0_3_0_config2_false_s_fu_445/grp_dense_resource_rf_gt_nin_rem0_ap_fixed_ap_fixed_14_7_0_3_0_config2_1_s_fu_530/out_index_reg_6000_pp0_iter3_reg_reg[1]_srl2/CLK
High Pulse Width  Fast    SRL16E/CLK          n/a            0.980         4.500       3.520      SLICE_X30Y65   core/lstm_stack_ap_fixed_14_7_0_3_0_ap_fixed_14_7_0_3_0_config2_U0/grp_lstm_static_ap_fixed_14_7_0_3_0_ap_fixed_14_7_0_3_0_config2_false_s_fu_445/grp_dense_resource_rf_gt_nin_rem0_ap_fixed_ap_fixed_14_7_0_3_0_config2_1_s_fu_530/out_index_reg_6000_pp0_iter3_reg_reg[1]_srl2/CLK
High Pulse Width  Slow    SRL16E/CLK          n/a            0.980         4.500       3.520      SLICE_X30Y65   core/lstm_stack_ap_fixed_14_7_0_3_0_ap_fixed_14_7_0_3_0_config2_U0/grp_lstm_static_ap_fixed_14_7_0_3_0_ap_fixed_14_7_0_3_0_config2_false_s_fu_445/grp_dense_resource_rf_gt_nin_rem0_ap_fixed_ap_fixed_14_7_0_3_0_config2_1_s_fu_530/out_index_reg_6000_pp0_iter3_reg_reg[2]_srl2/CLK
High Pulse Width  Fast    SRL16E/CLK          n/a            0.980         4.500       3.520      SLICE_X30Y65   core/lstm_stack_ap_fixed_14_7_0_3_0_ap_fixed_14_7_0_3_0_config2_U0/grp_lstm_static_ap_fixed_14_7_0_3_0_ap_fixed_14_7_0_3_0_config2_false_s_fu_445/grp_dense_resource_rf_gt_nin_rem0_ap_fixed_ap_fixed_14_7_0_3_0_config2_1_s_fu_530/out_index_reg_6000_pp0_iter3_reg_reg[2]_srl2/CLK



