Copyright 1986-2022 Xilinx, Inc. All Rights Reserved. Copyright 2022-2026 Advanced Micro Devices, Inc. All Rights Reserved.
---------------------------------------------------------------------------------------------------------------------------------------------
| Tool Version : Vivado v.2026.1 (win64) Build 6511674 Tue Jun 16 11:02:23 MDT 2026
| Date         : Sat Sep 26 14:40:03 2026
| Host         : Yagiz running 64-bit major release  (build 9200)
| Command      : report_timing_summary -max_paths 10 -file synth/reports/union_find_decoder_timing.rpt
| Design       : union_find_decoder
| Device       : 7a100t-csg324
| Speed File   : -1  PRODUCTION 1.23 2018-06-13
| Design State : Routed
---------------------------------------------------------------------------------------------------------------------------------------------

Timing Summary Report

------------------------------------------------------------------------------------------------
| Timer Settings
| --------------
------------------------------------------------------------------------------------------------

  Enable Multi Corner Analysis               :  Yes
  Enable Pessimism Removal                   :  Yes
  Pessimism Removal Resolution               :  Nearest Common Node
  Enable Input Delay Default Clock           :  No
  Enable Preset / Clear Arcs                 :  No
  Disable Flight Delays                      :  No
  Ignore I/O Paths                           :  No
  Timing Early Launch at Borrowing Latches   :  No
  Borrow Time for Max Delay Exceptions       :  Yes
  Merge Timing Exceptions                    :  Yes
  Inter-SLR Compensation                     :  Conservative

  Corner  Analyze    Analyze    
  Name    Max Paths  Min Paths  
  ------  ---------  ---------  
  Slow    Yes        Yes        
  Fast    Yes        Yes        


------------------------------------------------------------------------------------------------
| Report Methodology
| ------------------
------------------------------------------------------------------------------------------------

No report available as report_methodology has not been run prior. Run report_methodology on the current design for the summary of methodology violations.



check_timing report

Table of Contents
-----------------
1. checking no_clock (0)
2. checking constant_clock (0)
3. checking pulse_width_clock (0)
4. checking unconstrained_internal_endpoints (0)
5. checking no_input_delay (26)
6. checking no_output_delay (3)
7. checking multiple_clock (0)
8. checking generated_clocks (0)
9. checking loops (0)
10. checking partial_input_delay (0)
11. checking partial_output_delay (0)
12. checking latch_loops (0)

1. checking no_clock (0)
------------------------
 There are 0 register/latch pins with no clock.


2. checking constant_clock (0)
------------------------------
 There are 0 register/latch pins with constant_clock.


3. checking pulse_width_clock (0)
---------------------------------
 There are 0 register/latch pins which need pulse_width check


4. checking unconstrained_internal_endpoints (0)
------------------------------------------------
 There are 0 pins that are not constrained for maximum delay.

 There are 0 pins that are not constrained for maximum delay due to constant clock.


5. checking no_input_delay (26)
-------------------------------
 There are 26 input ports with no input delay specified. (HIGH)

 There are 0 input ports with no input delay but user has a false path constraint.


6. checking no_output_delay (3)
-------------------------------
 There are 3 ports with no output delay specified. (HIGH)

 There are 0 ports with no output delay but user has a false path constraint

 There are 0 ports with no output delay but with a timing clock defined on it or propagating through it


7. checking multiple_clock (0)
------------------------------
 There are 0 register/latch pins with multiple clocks.


8. checking generated_clocks (0)
--------------------------------
 There are 0 generated clocks that are not connected to a clock source.


9. checking loops (0)
---------------------
 There are 0 combinational loops in the design.


10. checking partial_input_delay (0)
------------------------------------
 There are 0 input ports with partial input delay specified.


11. checking partial_output_delay (0)
-------------------------------------
 There are 0 ports with partial output delay specified.


12. checking latch_loops (0)
----------------------------
 There are 0 combinational latch loops in the design through latch input



------------------------------------------------------------------------------------------------
| Design Timing Summary
| ---------------------
------------------------------------------------------------------------------------------------

    WNS(ns)      TNS(ns)  TNS Failing Endpoints  TNS Total Endpoints      WHS(ns)      THS(ns)  THS Failing Endpoints  THS Total Endpoints     WPWS(ns)     TPWS(ns)  TPWS Failing Endpoints  TPWS Total Endpoints  
    -------      -------  ---------------------  -------------------      -------      -------  ---------------------  -------------------     --------     --------  ----------------------  --------------------  
      0.470        0.000                      0                 1641        0.070        0.000                      0                 1641        6.750        0.000                       0                   758  


All user specified timing constraints are met.


------------------------------------------------------------------------------------------------
| Clock Summary
| -------------
------------------------------------------------------------------------------------------------

Clock  Waveform(ns)       Period(ns)      Frequency(MHz)
-----  ------------       ----------      --------------
clk    {0.000 8.000}      16.000          62.500          


------------------------------------------------------------------------------------------------
| Intra Clock Table
| -----------------
------------------------------------------------------------------------------------------------

Clock             WNS(ns)      TNS(ns)  TNS Failing Endpoints  TNS Total Endpoints      WHS(ns)      THS(ns)  THS Failing Endpoints  THS Total Endpoints     WPWS(ns)     TPWS(ns)  TPWS Failing Endpoints  TPWS Total Endpoints  
-----             -------      -------  ---------------------  -------------------      -------      -------  ---------------------  -------------------     --------     --------  ----------------------  --------------------  
clk                 0.470        0.000                      0                 1641        0.070        0.000                      0                 1641        6.750        0.000                       0                   758  


------------------------------------------------------------------------------------------------
| Inter Clock Table
| -----------------
------------------------------------------------------------------------------------------------

From Clock    To Clock          WNS(ns)      TNS(ns)  TNS Failing Endpoints  TNS Total Endpoints      WHS(ns)      THS(ns)  THS Failing Endpoints  THS Total Endpoints  
----------    --------          -------      -------  ---------------------  -------------------      -------      -------  ---------------------  -------------------  


------------------------------------------------------------------------------------------------
| Other Path Groups Table
| -----------------------
------------------------------------------------------------------------------------------------

Path Group    From Clock    To Clock          WNS(ns)      TNS(ns)  TNS Failing Endpoints  TNS Total Endpoints      WHS(ns)      THS(ns)  THS Failing Endpoints  THS Total Endpoints  
----------    ----------    --------          -------      -------  ---------------------  -------------------      -------      -------  ---------------------  -------------------  


------------------------------------------------------------------------------------------------
| Timing Details
| --------------
------------------------------------------------------------------------------------------------


---------------------------------------------------------------------------------------------------
From Clock:  clk
  To Clock:  clk

Setup :            0  Failing Endpoints,  Worst Slack        0.470ns,  Total Violation        0.000ns
Hold  :            0  Failing Endpoints,  Worst Slack        0.070ns,  Total Violation        0.000ns
PW    :            0  Failing Endpoints,  Worst Slack        6.750ns,  Total Violation        0.000ns
---------------------------------------------------------------------------------------------------


Max Delay Paths
--------------------------------------------------------------------------------------
Slack (MET) :             0.470ns  (required time - arrival time)
  Source:                 head_reg[0]/C
                            (rising edge-triggered cell FDRE clocked by clk  {rise@0.000ns fall@8.000ns period=16.000ns})
  Destination:            parent_reg[13][0]/CE
                            (rising edge-triggered cell FDRE clocked by clk  {rise@0.000ns fall@8.000ns period=16.000ns})
  Path Group:             clk
  Path Type:              Setup (Max at Slow Process Corner)
  Requirement:            16.000ns  (clk rise@16.000ns - clk rise@0.000ns)
  Data Path Delay:        15.241ns  (logic 4.381ns (28.744%)  route 10.860ns (71.256%))
  Logic Levels:           15  (CARRY4=4 LUT3=3 LUT4=1 LUT5=3 LUT6=3 RAMD32=1)
  Clock Path Skew:        -0.049ns (DCD - SCD + CPR)
    Destination Clock Delay (DCD):    0.924ns = ( 16.924 - 16.000 ) 
    Source Clock Delay      (SCD):    0.973ns
    Clock Pessimism Removal (CPR):    0.000ns
  Clock Uncertainty:      0.035ns  ((TSJ^2 + TIJ^2)^1/2 + DJ) / 2 + PE
    Total System Jitter     (TSJ):    0.071ns
    Total Input Jitter      (TIJ):    0.000ns
    Discrete Jitter          (DJ):    0.000ns
    Phase Error              (PE):    0.000ns

    Location             Delay type                Incr(ns)  Path(ns)    Netlist Resource(s)
  -------------------------------------------------------------------    -------------------
                         (clock clk rise edge)        0.000     0.000 r  <hidden>
                                                      0.000     0.000 r  clk
                         net (fo=757, unset)          0.973     0.973    clk
    SLICE_X35Y104        FDRE                                         r  head_reg[0]/C
  -------------------------------------------------------------------    -------------------
    SLICE_X35Y104        FDRE (Prop_fdre_C_Q)         0.456     1.429 r  head_reg[0]/Q
                         net (fo=12, routed)          0.892     2.321    queue_reg_0_31_2_3/ADDRA0
    SLICE_X34Y104        RAMD32 (Prop_ramd32_RADR0_O)
                                                      0.150     2.471 r  queue_reg_0_31_2_3/RAMA/O
                         net (fo=35, routed)          1.033     3.504    node[2]
    SLICE_X46Y103        LUT3 (Prop_lut3_I0_O)        0.328     3.832 r  parent_obs[24]_i_41/O
                         net (fo=1, routed)           0.000     3.832    parent_obs[24]_i_41_n_0
    SLICE_X46Y103        CARRY4 (Prop_carry4_S[1]_CO[3])
                                                      0.533     4.365 r  parent_obs_reg[24]_i_22/CO[3]
                         net (fo=1, routed)           0.000     4.365    parent_obs_reg[24]_i_22_n_0
    SLICE_X46Y104        CARRY4 (Prop_carry4_CI_O[1])
                                                      0.323     4.688 r  parent_obs_reg[24]_i_73/O[1]
                         net (fo=125, routed)         1.469     6.157    candidates2[7]
    SLICE_X49Y98         LUT5 (Prop_lut5_I0_O)        0.306     6.463 f  parent_obs[24]_i_68/O
                         net (fo=1, routed)           0.845     7.307    parent_obs[24]_i_68_n_0
    SLICE_X49Y98         LUT6 (Prop_lut6_I3_O)        0.124     7.431 f  parent_obs[24]_i_29/O
                         net (fo=6, routed)           0.730     8.161    parent_obs[24]_i_29_n_0
    SLICE_X48Y97         LUT5 (Prop_lut5_I2_O)        0.124     8.285 f  parent_obs[24]_i_14/O
                         net (fo=2, routed)           0.646     8.931    parent_obs[24]_i_14_n_0
    SLICE_X45Y95         LUT6 (Prop_lut6_I3_O)        0.124     9.055 f  parent_obs[24]_i_4/O
                         net (fo=15, routed)          1.194    10.249    parent_obs[24]_i_4_n_0
    SLICE_X36Y96         LUT6 (Prop_lut6_I2_O)        0.124    10.373 r  parent_obs[24]_i_9/O
                         net (fo=1, routed)           0.000    10.373    parent_obs[24]_i_9_n_0
    SLICE_X36Y96         CARRY4 (Prop_carry4_S[1]_CO[3])
                                                      0.550    10.923 r  parent_obs_reg[24]_i_2/CO[3]
                         net (fo=1, routed)           0.000    10.923    parent_obs_reg[24]_i_2_n_0
    SLICE_X36Y97         CARRY4 (Prop_carry4_CI_O[1])
                                                      0.334    11.257 r  parent_reg[18][4]_i_16/O[1]
                         net (fo=11, routed)          1.190    12.448    lowest_edge_return2[5]
    SLICE_X30Y96         LUT3 (Prop_lut3_I2_O)        0.329    12.777 f  parent[13][4]_i_7/O
                         net (fo=1, routed)           0.718    13.495    parent[13][4]_i_7_n_0
    SLICE_X30Y96         LUT5 (Prop_lut5_I4_O)        0.328    13.823 r  parent[13][4]_i_4/O
                         net (fo=1, routed)           0.453    14.276    parent[13][4]_i_4_n_0
    SLICE_X30Y98         LUT4 (Prop_lut4_I3_O)        0.124    14.400 f  parent[13][4]_i_2/O
                         net (fo=3, routed)           0.882    15.282    parent[13][4]_i_2_n_0
    SLICE_X43Y99         LUT3 (Prop_lut3_I1_O)        0.124    15.406 r  parent[13][4]_i_1/O
                         net (fo=6, routed)           0.808    16.214    parent[13][4]_i_1_n_0
    SLICE_X51Y102        FDRE                                         r  parent_reg[13][0]/CE
  -------------------------------------------------------------------    -------------------

                         (clock clk rise edge)       16.000    16.000 r  <hidden>
                                                      0.000    16.000 r  clk
                         net (fo=757, unset)          0.924    16.924    clk
    SLICE_X51Y102        FDRE                                         r  parent_reg[13][0]/C
                         clock pessimism              0.000    16.924    <hidden>
                         clock uncertainty           -0.035    16.889    <hidden>
    SLICE_X51Y102        FDRE (Setup_fdre_C_CE)      -0.205    16.684    parent_reg[13][0]
  -------------------------------------------------------------------
                         required time                         16.684    <hidden>
                         arrival time                         -16.214    <hidden>
  -------------------------------------------------------------------
                         slack                                  0.470    <hidden>

Slack (MET) :             0.470ns  (required time - arrival time)
  Source:                 head_reg[0]/C
                            (rising edge-triggered cell FDRE clocked by clk  {rise@0.000ns fall@8.000ns period=16.000ns})
  Destination:            parent_reg[13][1]/CE
                            (rising edge-triggered cell FDRE clocked by clk  {rise@0.000ns fall@8.000ns period=16.000ns})
  Path Group:             clk
  Path Type:              Setup (Max at Slow Process Corner)
  Requirement:            16.000ns  (clk rise@16.000ns - clk rise@0.000ns)
  Data Path Delay:        15.241ns  (logic 4.381ns (28.744%)  route 10.860ns (71.256%))
  Logic Levels:           15  (CARRY4=4 LUT3=3 LUT4=1 LUT5=3 LUT6=3 RAMD32=1)
  Clock Path Skew:        -0.049ns (DCD - SCD + CPR)
    Destination Clock Delay (DCD):    0.924ns = ( 16.924 - 16.000 ) 
    Source Clock Delay      (SCD):    0.973ns
    Clock Pessimism Removal (CPR):    0.000ns
  Clock Uncertainty:      0.035ns  ((TSJ^2 + TIJ^2)^1/2 + DJ) / 2 + PE
    Total System Jitter     (TSJ):    0.071ns
    Total Input Jitter      (TIJ):    0.000ns
    Discrete Jitter          (DJ):    0.000ns
    Phase Error              (PE):    0.000ns

    Location             Delay type                Incr(ns)  Path(ns)    Netlist Resource(s)
  -------------------------------------------------------------------    -------------------
                         (clock clk rise edge)        0.000     0.000 r  <hidden>
                                                      0.000     0.000 r  clk
                         net (fo=757, unset)          0.973     0.973    clk
    SLICE_X35Y104        FDRE                                         r  head_reg[0]/C
  -------------------------------------------------------------------    -------------------
    SLICE_X35Y104        FDRE (Prop_fdre_C_Q)         0.456     1.429 r  head_reg[0]/Q
                         net (fo=12, routed)          0.892     2.321    queue_reg_0_31_2_3/ADDRA0
    SLICE_X34Y104        RAMD32 (Prop_ramd32_RADR0_O)
                                                      0.150     2.471 r  queue_reg_0_31_2_3/RAMA/O
                         net (fo=35, routed)          1.033     3.504    node[2]
    SLICE_X46Y103        LUT3 (Prop_lut3_I0_O)        0.328     3.832 r  parent_obs[24]_i_41/O
                         net (fo=1, routed)           0.000     3.832    parent_obs[24]_i_41_n_0
    SLICE_X46Y103        CARRY4 (Prop_carry4_S[1]_CO[3])
                                                      0.533     4.365 r  parent_obs_reg[24]_i_22/CO[3]
                         net (fo=1, routed)           0.000     4.365    parent_obs_reg[24]_i_22_n_0
    SLICE_X46Y104        CARRY4 (Prop_carry4_CI_O[1])
                                                      0.323     4.688 r  parent_obs_reg[24]_i_73/O[1]
                         net (fo=125, routed)         1.469     6.157    candidates2[7]
    SLICE_X49Y98         LUT5 (Prop_lut5_I0_O)        0.306     6.463 f  parent_obs[24]_i_68/O
                         net (fo=1, routed)           0.845     7.307    parent_obs[24]_i_68_n_0
    SLICE_X49Y98         LUT6 (Prop_lut6_I3_O)        0.124     7.431 f  parent_obs[24]_i_29/O
                         net (fo=6, routed)           0.730     8.161    parent_obs[24]_i_29_n_0
    SLICE_X48Y97         LUT5 (Prop_lut5_I2_O)        0.124     8.285 f  parent_obs[24]_i_14/O
                         net (fo=2, routed)           0.646     8.931    parent_obs[24]_i_14_n_0
    SLICE_X45Y95         LUT6 (Prop_lut6_I3_O)        0.124     9.055 f  parent_obs[24]_i_4/O
                         net (fo=15, routed)          1.194    10.249    parent_obs[24]_i_4_n_0
    SLICE_X36Y96         LUT6 (Prop_lut6_I2_O)        0.124    10.373 r  parent_obs[24]_i_9/O
                         net (fo=1, routed)           0.000    10.373    parent_obs[24]_i_9_n_0
    SLICE_X36Y96         CARRY4 (Prop_carry4_S[1]_CO[3])
                                                      0.550    10.923 r  parent_obs_reg[24]_i_2/CO[3]
                         net (fo=1, routed)           0.000    10.923    parent_obs_reg[24]_i_2_n_0
    SLICE_X36Y97         CARRY4 (Prop_carry4_CI_O[1])
                                                      0.334    11.257 r  parent_reg[18][4]_i_16/O[1]
                         net (fo=11, routed)          1.190    12.448    lowest_edge_return2[5]
    SLICE_X30Y96         LUT3 (Prop_lut3_I2_O)        0.329    12.777 f  parent[13][4]_i_7/O
                         net (fo=1, routed)           0.718    13.495    parent[13][4]_i_7_n_0
    SLICE_X30Y96         LUT5 (Prop_lut5_I4_O)        0.328    13.823 r  parent[13][4]_i_4/O
                         net (fo=1, routed)           0.453    14.276    parent[13][4]_i_4_n_0
    SLICE_X30Y98         LUT4 (Prop_lut4_I3_O)        0.124    14.400 f  parent[13][4]_i_2/O
                         net (fo=3, routed)           0.882    15.282    parent[13][4]_i_2_n_0
    SLICE_X43Y99         LUT3 (Prop_lut3_I1_O)        0.124    15.406 r  parent[13][4]_i_1/O
                         net (fo=6, routed)           0.808    16.214    parent[13][4]_i_1_n_0
    SLICE_X51Y102        FDRE                                         r  parent_reg[13][1]/CE
  -------------------------------------------------------------------    -------------------

                         (clock clk rise edge)       16.000    16.000 r  <hidden>
                                                      0.000    16.000 r  clk
                         net (fo=757, unset)          0.924    16.924    clk
    SLICE_X51Y102        FDRE                                         r  parent_reg[13][1]/C
                         clock pessimism              0.000    16.924    <hidden>
                         clock uncertainty           -0.035    16.889    <hidden>
    SLICE_X51Y102        FDRE (Setup_fdre_C_CE)      -0.205    16.684    parent_reg[13][1]
  -------------------------------------------------------------------
                         required time                         16.684    <hidden>
                         arrival time                         -16.214    <hidden>
  -------------------------------------------------------------------
                         slack                                  0.470    <hidden>

Slack (MET) :             0.470ns  (required time - arrival time)
  Source:                 head_reg[0]/C
                            (rising edge-triggered cell FDRE clocked by clk  {rise@0.000ns fall@8.000ns period=16.000ns})
  Destination:            parent_reg[13][3]/CE
                            (rising edge-triggered cell FDRE clocked by clk  {rise@0.000ns fall@8.000ns period=16.000ns})
  Path Group:             clk
  Path Type:              Setup (Max at Slow Process Corner)
  Requirement:            16.000ns  (clk rise@16.000ns - clk rise@0.000ns)
  Data Path Delay:        15.241ns  (logic 4.381ns (28.744%)  route 10.860ns (71.256%))
  Logic Levels:           15  (CARRY4=4 LUT3=3 LUT4=1 LUT5=3 LUT6=3 RAMD32=1)
  Clock Path Skew:        -0.049ns (DCD - SCD + CPR)
    Destination Clock Delay (DCD):    0.924ns = ( 16.924 - 16.000 ) 
    Source Clock Delay      (SCD):    0.973ns
    Clock Pessimism Removal (CPR):    0.000ns
  Clock Uncertainty:      0.035ns  ((TSJ^2 + TIJ^2)^1/2 + DJ) / 2 + PE
    Total System Jitter     (TSJ):    0.071ns
    Total Input Jitter      (TIJ):    0.000ns
    Discrete Jitter          (DJ):    0.000ns
    Phase Error              (PE):    0.000ns

    Location             Delay type                Incr(ns)  Path(ns)    Netlist Resource(s)
  -------------------------------------------------------------------    -------------------
                         (clock clk rise edge)        0.000     0.000 r  <hidden>
                                                      0.000     0.000 r  clk
                         net (fo=757, unset)          0.973     0.973    clk
    SLICE_X35Y104        FDRE                                         r  head_reg[0]/C
  -------------------------------------------------------------------    -------------------
    SLICE_X35Y104        FDRE (Prop_fdre_C_Q)         0.456     1.429 r  head_reg[0]/Q
                         net (fo=12, routed)          0.892     2.321    queue_reg_0_31_2_3/ADDRA0
    SLICE_X34Y104        RAMD32 (Prop_ramd32_RADR0_O)
                                                      0.150     2.471 r  queue_reg_0_31_2_3/RAMA/O
                         net (fo=35, routed)          1.033     3.504    node[2]
    SLICE_X46Y103        LUT3 (Prop_lut3_I0_O)        0.328     3.832 r  parent_obs[24]_i_41/O
                         net (fo=1, routed)           0.000     3.832    parent_obs[24]_i_41_n_0
    SLICE_X46Y103        CARRY4 (Prop_carry4_S[1]_CO[3])
                                                      0.533     4.365 r  parent_obs_reg[24]_i_22/CO[3]
                         net (fo=1, routed)           0.000     4.365    parent_obs_reg[24]_i_22_n_0
    SLICE_X46Y104        CARRY4 (Prop_carry4_CI_O[1])
                                                      0.323     4.688 r  parent_obs_reg[24]_i_73/O[1]
                         net (fo=125, routed)         1.469     6.157    candidates2[7]
    SLICE_X49Y98         LUT5 (Prop_lut5_I0_O)        0.306     6.463 f  parent_obs[24]_i_68/O
                         net (fo=1, routed)           0.845     7.307    parent_obs[24]_i_68_n_0
    SLICE_X49Y98         LUT6 (Prop_lut6_I3_O)        0.124     7.431 f  parent_obs[24]_i_29/O
                         net (fo=6, routed)           0.730     8.161    parent_obs[24]_i_29_n_0
    SLICE_X48Y97         LUT5 (Prop_lut5_I2_O)        0.124     8.285 f  parent_obs[24]_i_14/O
                         net (fo=2, routed)           0.646     8.931    parent_obs[24]_i_14_n_0
    SLICE_X45Y95         LUT6 (Prop_lut6_I3_O)        0.124     9.055 f  parent_obs[24]_i_4/O
                         net (fo=15, routed)          1.194    10.249    parent_obs[24]_i_4_n_0
    SLICE_X36Y96         LUT6 (Prop_lut6_I2_O)        0.124    10.373 r  parent_obs[24]_i_9/O
                         net (fo=1, routed)           0.000    10.373    parent_obs[24]_i_9_n_0
    SLICE_X36Y96         CARRY4 (Prop_carry4_S[1]_CO[3])
                                                      0.550    10.923 r  parent_obs_reg[24]_i_2/CO[3]
                         net (fo=1, routed)           0.000    10.923    parent_obs_reg[24]_i_2_n_0
    SLICE_X36Y97         CARRY4 (Prop_carry4_CI_O[1])
                                                      0.334    11.257 r  parent_reg[18][4]_i_16/O[1]
                         net (fo=11, routed)          1.190    12.448    lowest_edge_return2[5]
    SLICE_X30Y96         LUT3 (Prop_lut3_I2_O)        0.329    12.777 f  parent[13][4]_i_7/O
                         net (fo=1, routed)           0.718    13.495    parent[13][4]_i_7_n_0
    SLICE_X30Y96         LUT5 (Prop_lut5_I4_O)        0.328    13.823 r  parent[13][4]_i_4/O
                         net (fo=1, routed)           0.453    14.276    parent[13][4]_i_4_n_0
    SLICE_X30Y98         LUT4 (Prop_lut4_I3_O)        0.124    14.400 f  parent[13][4]_i_2/O
                         net (fo=3, routed)           0.882    15.282    parent[13][4]_i_2_n_0
    SLICE_X43Y99         LUT3 (Prop_lut3_I1_O)        0.124    15.406 r  parent[13][4]_i_1/O
                         net (fo=6, routed)           0.808    16.214    parent[13][4]_i_1_n_0
    SLICE_X51Y102        FDRE                                         r  parent_reg[13][3]/CE
  -------------------------------------------------------------------    -------------------

                         (clock clk rise edge)       16.000    16.000 r  <hidden>
                                                      0.000    16.000 r  clk
                         net (fo=757, unset)          0.924    16.924    clk
    SLICE_X51Y102        FDRE                                         r  parent_reg[13][3]/C
                         clock pessimism              0.000    16.924    <hidden>
                         clock uncertainty           -0.035    16.889    <hidden>
    SLICE_X51Y102        FDRE (Setup_fdre_C_CE)      -0.205    16.684    parent_reg[13][3]
  -------------------------------------------------------------------
                         required time                         16.684    <hidden>
                         arrival time                         -16.214    <hidden>
  -------------------------------------------------------------------
                         slack                                  0.470    <hidden>

Slack (MET) :             0.581ns  (required time - arrival time)
  Source:                 head_reg[0]/C
                            (rising edge-triggered cell FDRE clocked by clk  {rise@0.000ns fall@8.000ns period=16.000ns})
  Destination:            queue_reg_0_31_0_1/RAMA/I
                            (rising edge-triggered cell RAMD32 clocked by clk  {rise@0.000ns fall@8.000ns period=16.000ns})
  Path Group:             clk
  Path Type:              Setup (Max at Slow Process Corner)
  Requirement:            16.000ns  (clk rise@16.000ns - clk rise@0.000ns)
  Data Path Delay:        14.816ns  (logic 4.491ns (30.312%)  route 10.325ns (69.688%))
  Logic Levels:           17  (CARRY4=6 LUT3=1 LUT5=4 LUT6=5 RAMD32=1)
  Clock Path Skew:        -0.049ns (DCD - SCD + CPR)
    Destination Clock Delay (DCD):    0.924ns = ( 16.924 - 16.000 ) 
    Source Clock Delay      (SCD):    0.973ns
    Clock Pessimism Removal (CPR):    0.000ns
  Clock Uncertainty:      0.035ns  ((TSJ^2 + TIJ^2)^1/2 + DJ) / 2 + PE
    Total System Jitter     (TSJ):    0.071ns
    Total Input Jitter      (TIJ):    0.000ns
    Discrete Jitter          (DJ):    0.000ns
    Phase Error              (PE):    0.000ns

    Location             Delay type                Incr(ns)  Path(ns)    Netlist Resource(s)
  -------------------------------------------------------------------    -------------------
                         (clock clk rise edge)        0.000     0.000 r  <hidden>
                                                      0.000     0.000 r  clk
                         net (fo=757, unset)          0.973     0.973    clk
    SLICE_X35Y104        FDRE                                         r  head_reg[0]/C
  -------------------------------------------------------------------    -------------------
    SLICE_X35Y104        FDRE (Prop_fdre_C_Q)         0.456     1.429 r  head_reg[0]/Q
                         net (fo=12, routed)          0.892     2.321    queue_reg_0_31_2_3/ADDRA0
    SLICE_X34Y104        RAMD32 (Prop_ramd32_RADR0_O)
                                                      0.150     2.471 r  queue_reg_0_31_2_3/RAMA/O
                         net (fo=35, routed)          1.033     3.504    node[2]
    SLICE_X46Y103        LUT3 (Prop_lut3_I0_O)        0.328     3.832 r  parent_obs[24]_i_41/O
                         net (fo=1, routed)           0.000     3.832    parent_obs[24]_i_41_n_0
    SLICE_X46Y103        CARRY4 (Prop_carry4_S[1]_CO[3])
                                                      0.533     4.365 r  parent_obs_reg[24]_i_22/CO[3]
                         net (fo=1, routed)           0.000     4.365    parent_obs_reg[24]_i_22_n_0
    SLICE_X46Y104        CARRY4 (Prop_carry4_CI_O[1])
                                                      0.323     4.688 r  parent_obs_reg[24]_i_73/O[1]
                         net (fo=125, routed)         1.469     6.157    candidates2[7]
    SLICE_X49Y98         LUT5 (Prop_lut5_I0_O)        0.306     6.463 f  parent_obs[24]_i_68/O
                         net (fo=1, routed)           0.845     7.307    parent_obs[24]_i_68_n_0
    SLICE_X49Y98         LUT6 (Prop_lut6_I3_O)        0.124     7.431 f  parent_obs[24]_i_29/O
                         net (fo=6, routed)           0.730     8.161    parent_obs[24]_i_29_n_0
    SLICE_X48Y97         LUT5 (Prop_lut5_I2_O)        0.124     8.285 f  parent_obs[24]_i_14/O
                         net (fo=2, routed)           0.646     8.931    parent_obs[24]_i_14_n_0
    SLICE_X45Y95         LUT6 (Prop_lut6_I3_O)        0.124     9.055 f  parent_obs[24]_i_4/O
                         net (fo=15, routed)          1.194    10.249    parent_obs[24]_i_4_n_0
    SLICE_X36Y96         LUT6 (Prop_lut6_I2_O)        0.124    10.373 r  parent_obs[24]_i_9/O
                         net (fo=1, routed)           0.000    10.373    parent_obs[24]_i_9_n_0
    SLICE_X36Y96         CARRY4 (Prop_carry4_S[1]_CO[3])
                                                      0.550    10.923 r  parent_obs_reg[24]_i_2/CO[3]
                         net (fo=1, routed)           0.000    10.923    parent_obs_reg[24]_i_2_n_0
    SLICE_X36Y97         CARRY4 (Prop_carry4_CI_CO[3])
                                                      0.114    11.037 r  parent_reg[18][4]_i_16/CO[3]
                         net (fo=1, routed)           0.000    11.037    parent_reg[18][4]_i_16_n_0
    SLICE_X36Y98         CARRY4 (Prop_carry4_CI_CO[3])
                                                      0.114    11.151 r  parent_reg[18][4]_i_12/CO[3]
                         net (fo=1, routed)           0.000    11.151    parent_reg[18][4]_i_12_n_0
    SLICE_X36Y99         CARRY4 (Prop_carry4_CI_O[0])
                                                      0.222    11.373 f  parent_reg[23][4]_i_9/O[0]
                         net (fo=10, routed)          0.570    11.943    lowest_edge_return2[12]
    SLICE_X30Y102        LUT5 (Prop_lut5_I3_O)        0.299    12.242 r  parent[22][4]_i_3/O
                         net (fo=2, routed)           0.928    13.171    parent[22][4]_i_3_n_0
    SLICE_X31Y99         LUT5 (Prop_lut5_I4_O)        0.150    13.321 r  queue_reg_0_31_0_1_i_44/O
                         net (fo=1, routed)           1.047    14.368    queue_reg_0_31_0_1_i_44_n_0
    SLICE_X31Y98         LUT6 (Prop_lut6_I4_O)        0.326    14.694 r  queue_reg_0_31_0_1_i_15/O
                         net (fo=1, routed)           0.282    14.976    queue_reg_0_31_0_1_i_15_n_0
    SLICE_X33Y98         LUT6 (Prop_lut6_I2_O)        0.124    15.100 r  queue_reg_0_31_0_1_i_3/O
                         net (fo=4, routed)           0.689    15.789    queue_reg_0_31_0_1/DIA0
    SLICE_X34Y103        RAMD32                                       r  queue_reg_0_31_0_1/RAMA/I
  -------------------------------------------------------------------    -------------------

                         (clock clk rise edge)       16.000    16.000 r  <hidden>
                                                      0.000    16.000 r  clk
                         net (fo=757, unset)          0.924    16.924    queue_reg_0_31_0_1/WCLK
    SLICE_X34Y103        RAMD32                                       r  queue_reg_0_31_0_1/RAMA/CLK
                         clock pessimism              0.000    16.924    <hidden>
                         clock uncertainty           -0.035    16.889    <hidden>
    SLICE_X34Y103        RAMD32 (Setup_ramd32_CLK_I)
                                                     -0.519    16.370    queue_reg_0_31_0_1/RAMA
  -------------------------------------------------------------------
                         required time                         16.370    <hidden>
                         arrival time                         -15.789    <hidden>
  -------------------------------------------------------------------
                         slack                                  0.581    <hidden>

Slack (MET) :             0.630ns  (required time - arrival time)
  Source:                 head_reg[0]/C
                            (rising edge-triggered cell FDRE clocked by clk  {rise@0.000ns fall@8.000ns period=16.000ns})
  Destination:            parent_reg[13][2]/CE
                            (rising edge-triggered cell FDRE clocked by clk  {rise@0.000ns fall@8.000ns period=16.000ns})
  Path Group:             clk
  Path Type:              Setup (Max at Slow Process Corner)
  Requirement:            16.000ns  (clk rise@16.000ns - clk rise@0.000ns)
  Data Path Delay:        15.081ns  (logic 4.381ns (29.050%)  route 10.700ns (70.950%))
  Logic Levels:           15  (CARRY4=4 LUT3=3 LUT4=1 LUT5=3 LUT6=3 RAMD32=1)
  Clock Path Skew:        -0.049ns (DCD - SCD + CPR)
    Destination Clock Delay (DCD):    0.924ns = ( 16.924 - 16.000 ) 
    Source Clock Delay      (SCD):    0.973ns
    Clock Pessimism Removal (CPR):    0.000ns
  Clock Uncertainty:      0.035ns  ((TSJ^2 + TIJ^2)^1/2 + DJ) / 2 + PE
    Total System Jitter     (TSJ):    0.071ns
    Total Input Jitter      (TIJ):    0.000ns
    Discrete Jitter          (DJ):    0.000ns
    Phase Error              (PE):    0.000ns

    Location             Delay type                Incr(ns)  Path(ns)    Netlist Resource(s)
  -------------------------------------------------------------------    -------------------
                         (clock clk rise edge)        0.000     0.000 r  <hidden>
                                                      0.000     0.000 r  clk
                         net (fo=757, unset)          0.973     0.973    clk
    SLICE_X35Y104        FDRE                                         r  head_reg[0]/C
  -------------------------------------------------------------------    -------------------
    SLICE_X35Y104        FDRE (Prop_fdre_C_Q)         0.456     1.429 r  head_reg[0]/Q
                         net (fo=12, routed)          0.892     2.321    queue_reg_0_31_2_3/ADDRA0
    SLICE_X34Y104        RAMD32 (Prop_ramd32_RADR0_O)
                                                      0.150     2.471 r  queue_reg_0_31_2_3/RAMA/O
                         net (fo=35, routed)          1.033     3.504    node[2]
    SLICE_X46Y103        LUT3 (Prop_lut3_I0_O)        0.328     3.832 r  parent_obs[24]_i_41/O
                         net (fo=1, routed)           0.000     3.832    parent_obs[24]_i_41_n_0
    SLICE_X46Y103        CARRY4 (Prop_carry4_S[1]_CO[3])
                                                      0.533     4.365 r  parent_obs_reg[24]_i_22/CO[3]
                         net (fo=1, routed)           0.000     4.365    parent_obs_reg[24]_i_22_n_0
    SLICE_X46Y104        CARRY4 (Prop_carry4_CI_O[1])
                                                      0.323     4.688 r  parent_obs_reg[24]_i_73/O[1]
                         net (fo=125, routed)         1.469     6.157    candidates2[7]
    SLICE_X49Y98         LUT5 (Prop_lut5_I0_O)        0.306     6.463 f  parent_obs[24]_i_68/O
                         net (fo=1, routed)           0.845     7.307    parent_obs[24]_i_68_n_0
    SLICE_X49Y98         LUT6 (Prop_lut6_I3_O)        0.124     7.431 f  parent_obs[24]_i_29/O
                         net (fo=6, routed)           0.730     8.161    parent_obs[24]_i_29_n_0
    SLICE_X48Y97         LUT5 (Prop_lut5_I2_O)        0.124     8.285 f  parent_obs[24]_i_14/O
                         net (fo=2, routed)           0.646     8.931    parent_obs[24]_i_14_n_0
    SLICE_X45Y95         LUT6 (Prop_lut6_I3_O)        0.124     9.055 f  parent_obs[24]_i_4/O
                         net (fo=15, routed)          1.194    10.249    parent_obs[24]_i_4_n_0
    SLICE_X36Y96         LUT6 (Prop_lut6_I2_O)        0.124    10.373 r  parent_obs[24]_i_9/O
                         net (fo=1, routed)           0.000    10.373    parent_obs[24]_i_9_n_0
    SLICE_X36Y96         CARRY4 (Prop_carry4_S[1]_CO[3])
                                                      0.550    10.923 r  parent_obs_reg[24]_i_2/CO[3]
                         net (fo=1, routed)           0.000    10.923    parent_obs_reg[24]_i_2_n_0
    SLICE_X36Y97         CARRY4 (Prop_carry4_CI_O[1])
                                                      0.334    11.257 r  parent_reg[18][4]_i_16/O[1]
                         net (fo=11, routed)          1.190    12.448    lowest_edge_return2[5]
    SLICE_X30Y96         LUT3 (Prop_lut3_I2_O)        0.329    12.777 f  parent[13][4]_i_7/O
                         net (fo=1, routed)           0.718    13.495    parent[13][4]_i_7_n_0
    SLICE_X30Y96         LUT5 (Prop_lut5_I4_O)        0.328    13.823 r  parent[13][4]_i_4/O
                         net (fo=1, routed)           0.453    14.276    parent[13][4]_i_4_n_0
    SLICE_X30Y98         LUT4 (Prop_lut4_I3_O)        0.124    14.400 f  parent[13][4]_i_2/O
                         net (fo=3, routed)           0.882    15.282    parent[13][4]_i_2_n_0
    SLICE_X43Y99         LUT3 (Prop_lut3_I1_O)        0.124    15.406 r  parent[13][4]_i_1/O
                         net (fo=6, routed)           0.648    16.054    parent[13][4]_i_1_n_0
    SLICE_X49Y101        FDRE                                         r  parent_reg[13][2]/CE
  -------------------------------------------------------------------    -------------------

                         (clock clk rise edge)       16.000    16.000 r  <hidden>
                                                      0.000    16.000 r  clk
                         net (fo=757, unset)          0.924    16.924    clk
    SLICE_X49Y101        FDRE                                         r  parent_reg[13][2]/C
                         clock pessimism              0.000    16.924    <hidden>
                         clock uncertainty           -0.035    16.889    <hidden>
    SLICE_X49Y101        FDRE (Setup_fdre_C_CE)      -0.205    16.684    parent_reg[13][2]
  -------------------------------------------------------------------
                         required time                         16.684    <hidden>
                         arrival time                         -16.054    <hidden>
  -------------------------------------------------------------------
                         slack                                  0.630    <hidden>

Slack (MET) :             0.630ns  (required time - arrival time)
  Source:                 head_reg[0]/C
                            (rising edge-triggered cell FDRE clocked by clk  {rise@0.000ns fall@8.000ns period=16.000ns})
  Destination:            parent_reg[13][4]/CE
                            (rising edge-triggered cell FDRE clocked by clk  {rise@0.000ns fall@8.000ns period=16.000ns})
  Path Group:             clk
  Path Type:              Setup (Max at Slow Process Corner)
  Requirement:            16.000ns  (clk rise@16.000ns - clk rise@0.000ns)
  Data Path Delay:        15.081ns  (logic 4.381ns (29.050%)  route 10.700ns (70.950%))
  Logic Levels:           15  (CARRY4=4 LUT3=3 LUT4=1 LUT5=3 LUT6=3 RAMD32=1)
  Clock Path Skew:        -0.049ns (DCD - SCD + CPR)
    Destination Clock Delay (DCD):    0.924ns = ( 16.924 - 16.000 ) 
    Source Clock Delay      (SCD):    0.973ns
    Clock Pessimism Removal (CPR):    0.000ns
  Clock Uncertainty:      0.035ns  ((TSJ^2 + TIJ^2)^1/2 + DJ) / 2 + PE
    Total System Jitter     (TSJ):    0.071ns
    Total Input Jitter      (TIJ):    0.000ns
    Discrete Jitter          (DJ):    0.000ns
    Phase Error              (PE):    0.000ns

    Location             Delay type                Incr(ns)  Path(ns)    Netlist Resource(s)
  -------------------------------------------------------------------    -------------------
                         (clock clk rise edge)        0.000     0.000 r  <hidden>
                                                      0.000     0.000 r  clk
                         net (fo=757, unset)          0.973     0.973    clk
    SLICE_X35Y104        FDRE                                         r  head_reg[0]/C
  -------------------------------------------------------------------    -------------------
    SLICE_X35Y104        FDRE (Prop_fdre_C_Q)         0.456     1.429 r  head_reg[0]/Q
                         net (fo=12, routed)          0.892     2.321    queue_reg_0_31_2_3/ADDRA0
    SLICE_X34Y104        RAMD32 (Prop_ramd32_RADR0_O)
                                                      0.150     2.471 r  queue_reg_0_31_2_3/RAMA/O
                         net (fo=35, routed)          1.033     3.504    node[2]
    SLICE_X46Y103        LUT3 (Prop_lut3_I0_O)        0.328     3.832 r  parent_obs[24]_i_41/O
                         net (fo=1, routed)           0.000     3.832    parent_obs[24]_i_41_n_0
    SLICE_X46Y103        CARRY4 (Prop_carry4_S[1]_CO[3])
                                                      0.533     4.365 r  parent_obs_reg[24]_i_22/CO[3]
                         net (fo=1, routed)           0.000     4.365    parent_obs_reg[24]_i_22_n_0
    SLICE_X46Y104        CARRY4 (Prop_carry4_CI_O[1])
                                                      0.323     4.688 r  parent_obs_reg[24]_i_73/O[1]
                         net (fo=125, routed)         1.469     6.157    candidates2[7]
    SLICE_X49Y98         LUT5 (Prop_lut5_I0_O)        0.306     6.463 f  parent_obs[24]_i_68/O
                         net (fo=1, routed)           0.845     7.307    parent_obs[24]_i_68_n_0
    SLICE_X49Y98         LUT6 (Prop_lut6_I3_O)        0.124     7.431 f  parent_obs[24]_i_29/O
                         net (fo=6, routed)           0.730     8.161    parent_obs[24]_i_29_n_0
    SLICE_X48Y97         LUT5 (Prop_lut5_I2_O)        0.124     8.285 f  parent_obs[24]_i_14/O
                         net (fo=2, routed)           0.646     8.931    parent_obs[24]_i_14_n_0
    SLICE_X45Y95         LUT6 (Prop_lut6_I3_O)        0.124     9.055 f  parent_obs[24]_i_4/O
                         net (fo=15, routed)          1.194    10.249    parent_obs[24]_i_4_n_0
    SLICE_X36Y96         LUT6 (Prop_lut6_I2_O)        0.124    10.373 r  parent_obs[24]_i_9/O
                         net (fo=1, routed)           0.000    10.373    parent_obs[24]_i_9_n_0
    SLICE_X36Y96         CARRY4 (Prop_carry4_S[1]_CO[3])
                                                      0.550    10.923 r  parent_obs_reg[24]_i_2/CO[3]
                         net (fo=1, routed)           0.000    10.923    parent_obs_reg[24]_i_2_n_0
    SLICE_X36Y97         CARRY4 (Prop_carry4_CI_O[1])
                                                      0.334    11.257 r  parent_reg[18][4]_i_16/O[1]
                         net (fo=11, routed)          1.190    12.448    lowest_edge_return2[5]
    SLICE_X30Y96         LUT3 (Prop_lut3_I2_O)        0.329    12.777 f  parent[13][4]_i_7/O
                         net (fo=1, routed)           0.718    13.495    parent[13][4]_i_7_n_0
    SLICE_X30Y96         LUT5 (Prop_lut5_I4_O)        0.328    13.823 r  parent[13][4]_i_4/O
                         net (fo=1, routed)           0.453    14.276    parent[13][4]_i_4_n_0
    SLICE_X30Y98         LUT4 (Prop_lut4_I3_O)        0.124    14.400 f  parent[13][4]_i_2/O
                         net (fo=3, routed)           0.882    15.282    parent[13][4]_i_2_n_0
    SLICE_X43Y99         LUT3 (Prop_lut3_I1_O)        0.124    15.406 r  parent[13][4]_i_1/O
                         net (fo=6, routed)           0.648    16.054    parent[13][4]_i_1_n_0
    SLICE_X49Y101        FDRE                                         r  parent_reg[13][4]/CE
  -------------------------------------------------------------------    -------------------

                         (clock clk rise edge)       16.000    16.000 r  <hidden>
                                                      0.000    16.000 r  clk
                         net (fo=757, unset)          0.924    16.924    clk
    SLICE_X49Y101        FDRE                                         r  parent_reg[13][4]/C
                         clock pessimism              0.000    16.924    <hidden>
                         clock uncertainty           -0.035    16.889    <hidden>
    SLICE_X49Y101        FDRE (Setup_fdre_C_CE)      -0.205    16.684    parent_reg[13][4]
  -------------------------------------------------------------------
                         required time                         16.684    <hidden>
                         arrival time                         -16.054    <hidden>
  -------------------------------------------------------------------
                         slack                                  0.630    <hidden>

Slack (MET) :             0.713ns  (required time - arrival time)
  Source:                 head_reg[0]/C
                            (rising edge-triggered cell FDRE clocked by clk  {rise@0.000ns fall@8.000ns period=16.000ns})
  Destination:            queue_reg_0_31_0_1/RAMA_D1/I
                            (rising edge-triggered cell RAMD32 clocked by clk  {rise@0.000ns fall@8.000ns period=16.000ns})
  Path Group:             clk
  Path Type:              Setup (Max at Slow Process Corner)
  Requirement:            16.000ns  (clk rise@16.000ns - clk rise@0.000ns)
  Data Path Delay:        14.945ns  (logic 4.169ns (27.895%)  route 10.776ns (72.105%))
  Logic Levels:           16  (CARRY4=5 LUT3=1 LUT4=1 LUT5=3 LUT6=5 RAMD32=1)
  Clock Path Skew:        -0.049ns (DCD - SCD + CPR)
    Destination Clock Delay (DCD):    0.924ns = ( 16.924 - 16.000 ) 
    Source Clock Delay      (SCD):    0.973ns
    Clock Pessimism Removal (CPR):    0.000ns
  Clock Uncertainty:      0.035ns  ((TSJ^2 + TIJ^2)^1/2 + DJ) / 2 + PE
    Total System Jitter     (TSJ):    0.071ns
    Total Input Jitter      (TIJ):    0.000ns
    Discrete Jitter          (DJ):    0.000ns
    Phase Error              (PE):    0.000ns

    Location             Delay type                Incr(ns)  Path(ns)    Netlist Resource(s)
  -------------------------------------------------------------------    -------------------
                         (clock clk rise edge)        0.000     0.000 r  <hidden>
                                                      0.000     0.000 r  clk
                         net (fo=757, unset)          0.973     0.973    clk
    SLICE_X35Y104        FDRE                                         r  head_reg[0]/C
  -------------------------------------------------------------------    -------------------
    SLICE_X35Y104        FDRE (Prop_fdre_C_Q)         0.456     1.429 r  head_reg[0]/Q
                         net (fo=12, routed)          0.892     2.321    queue_reg_0_31_2_3/ADDRA0
    SLICE_X34Y104        RAMD32 (Prop_ramd32_RADR0_O)
                                                      0.150     2.471 r  queue_reg_0_31_2_3/RAMA/O
                         net (fo=35, routed)          1.033     3.504    node[2]
    SLICE_X46Y103        LUT3 (Prop_lut3_I0_O)        0.328     3.832 r  parent_obs[24]_i_41/O
                         net (fo=1, routed)           0.000     3.832    parent_obs[24]_i_41_n_0
    SLICE_X46Y103        CARRY4 (Prop_carry4_S[1]_CO[3])
                                                      0.533     4.365 r  parent_obs_reg[24]_i_22/CO[3]
                         net (fo=1, routed)           0.000     4.365    parent_obs_reg[24]_i_22_n_0
    SLICE_X46Y104        CARRY4 (Prop_carry4_CI_O[1])
                                                      0.323     4.688 r  parent_obs_reg[24]_i_73/O[1]
                         net (fo=125, routed)         1.469     6.157    candidates2[7]
    SLICE_X49Y98         LUT5 (Prop_lut5_I0_O)        0.306     6.463 f  parent_obs[24]_i_68/O
                         net (fo=1, routed)           0.845     7.307    parent_obs[24]_i_68_n_0
    SLICE_X49Y98         LUT6 (Prop_lut6_I3_O)        0.124     7.431 f  parent_obs[24]_i_29/O
                         net (fo=6, routed)           0.730     8.161    parent_obs[24]_i_29_n_0
    SLICE_X48Y97         LUT5 (Prop_lut5_I2_O)        0.124     8.285 f  parent_obs[24]_i_14/O
                         net (fo=2, routed)           0.646     8.931    parent_obs[24]_i_14_n_0
    SLICE_X45Y95         LUT6 (Prop_lut6_I3_O)        0.124     9.055 f  parent_obs[24]_i_4/O
                         net (fo=15, routed)          1.194    10.249    parent_obs[24]_i_4_n_0
    SLICE_X36Y96         LUT6 (Prop_lut6_I2_O)        0.124    10.373 r  parent_obs[24]_i_9/O
                         net (fo=1, routed)           0.000    10.373    parent_obs[24]_i_9_n_0
    SLICE_X36Y96         CARRY4 (Prop_carry4_S[1]_CO[3])
                                                      0.550    10.923 r  parent_obs_reg[24]_i_2/CO[3]
                         net (fo=1, routed)           0.000    10.923    parent_obs_reg[24]_i_2_n_0
    SLICE_X36Y97         CARRY4 (Prop_carry4_CI_CO[3])
                                                      0.114    11.037 r  parent_reg[18][4]_i_16/CO[3]
                         net (fo=1, routed)           0.000    11.037    parent_reg[18][4]_i_16_n_0
    SLICE_X36Y98         CARRY4 (Prop_carry4_CI_O[2])
                                                      0.239    11.276 r  parent_reg[18][4]_i_12/O[2]
                         net (fo=11, routed)          1.046    12.322    lowest_edge_return2[10]
    SLICE_X31Y99         LUT5 (Prop_lut5_I1_O)        0.302    12.624 r  parent[21][4]_i_8/O
                         net (fo=4, routed)           0.800    13.424    parent[21][4]_i_8_n_0
    SLICE_X30Y100        LUT4 (Prop_lut4_I0_O)        0.124    13.548 r  queue_reg_0_31_0_1_i_31/O
                         net (fo=1, routed)           0.905    14.453    queue_reg_0_31_0_1_i_31_n_0
    SLICE_X30Y99         LUT6 (Prop_lut6_I3_O)        0.124    14.577 r  queue_reg_0_31_0_1_i_12/O
                         net (fo=1, routed)           0.569    15.147    queue_reg_0_31_0_1_i_12_n_0
    SLICE_X32Y99         LUT6 (Prop_lut6_I3_O)        0.124    15.271 r  queue_reg_0_31_0_1_i_2/O
                         net (fo=4, routed)           0.648    15.918    queue_reg_0_31_0_1/DIA1
    SLICE_X34Y103        RAMD32                                       r  queue_reg_0_31_0_1/RAMA_D1/I
  -------------------------------------------------------------------    -------------------

                         (clock clk rise edge)       16.000    16.000 r  <hidden>
                                                      0.000    16.000 r  clk
                         net (fo=757, unset)          0.924    16.924    queue_reg_0_31_0_1/WCLK
    SLICE_X34Y103        RAMD32                                       r  queue_reg_0_31_0_1/RAMA_D1/CLK
                         clock pessimism              0.000    16.924    <hidden>
                         clock uncertainty           -0.035    16.889    <hidden>
    SLICE_X34Y103        RAMD32 (Setup_ramd32_CLK_I)
                                                     -0.258    16.631    queue_reg_0_31_0_1/RAMA_D1
  -------------------------------------------------------------------
                         required time                         16.631    <hidden>
                         arrival time                         -15.918    <hidden>
  -------------------------------------------------------------------
                         slack                                  0.713    <hidden>

Slack (MET) :             0.743ns  (required time - arrival time)
  Source:                 head_reg[0]/C
                            (rising edge-triggered cell FDRE clocked by clk  {rise@0.000ns fall@8.000ns period=16.000ns})
  Destination:            queue_reg_0_31_0_1/RAMB_D1/I
                            (rising edge-triggered cell RAMD32 clocked by clk  {rise@0.000ns fall@8.000ns period=16.000ns})
  Path Group:             clk
  Path Type:              Setup (Max at Slow Process Corner)
  Requirement:            16.000ns  (clk rise@16.000ns - clk rise@0.000ns)
  Data Path Delay:        14.945ns  (logic 4.169ns (27.895%)  route 10.776ns (72.105%))
  Logic Levels:           16  (CARRY4=5 LUT3=1 LUT4=1 LUT5=3 LUT6=5 RAMD32=1)
  Clock Path Skew:        -0.049ns (DCD - SCD + CPR)
    Destination Clock Delay (DCD):    0.924ns = ( 16.924 - 16.000 ) 
    Source Clock Delay      (SCD):    0.973ns
    Clock Pessimism Removal (CPR):    0.000ns
  Clock Uncertainty:      0.035ns  ((TSJ^2 + TIJ^2)^1/2 + DJ) / 2 + PE
    Total System Jitter     (TSJ):    0.071ns
    Total Input Jitter      (TIJ):    0.000ns
    Discrete Jitter          (DJ):    0.000ns
    Phase Error              (PE):    0.000ns

    Location             Delay type                Incr(ns)  Path(ns)    Netlist Resource(s)
  -------------------------------------------------------------------    -------------------
                         (clock clk rise edge)        0.000     0.000 r  <hidden>
                                                      0.000     0.000 r  clk
                         net (fo=757, unset)          0.973     0.973    clk
    SLICE_X35Y104        FDRE                                         r  head_reg[0]/C
  -------------------------------------------------------------------    -------------------
    SLICE_X35Y104        FDRE (Prop_fdre_C_Q)         0.456     1.429 r  head_reg[0]/Q
                         net (fo=12, routed)          0.892     2.321    queue_reg_0_31_2_3/ADDRA0
    SLICE_X34Y104        RAMD32 (Prop_ramd32_RADR0_O)
                                                      0.150     2.471 r  queue_reg_0_31_2_3/RAMA/O
                         net (fo=35, routed)          1.033     3.504    node[2]
    SLICE_X46Y103        LUT3 (Prop_lut3_I0_O)        0.328     3.832 r  parent_obs[24]_i_41/O
                         net (fo=1, routed)           0.000     3.832    parent_obs[24]_i_41_n_0
    SLICE_X46Y103        CARRY4 (Prop_carry4_S[1]_CO[3])
                                                      0.533     4.365 r  parent_obs_reg[24]_i_22/CO[3]
                         net (fo=1, routed)           0.000     4.365    parent_obs_reg[24]_i_22_n_0
    SLICE_X46Y104        CARRY4 (Prop_carry4_CI_O[1])
                                                      0.323     4.688 r  parent_obs_reg[24]_i_73/O[1]
                         net (fo=125, routed)         1.469     6.157    candidates2[7]
    SLICE_X49Y98         LUT5 (Prop_lut5_I0_O)        0.306     6.463 f  parent_obs[24]_i_68/O
                         net (fo=1, routed)           0.845     7.307    parent_obs[24]_i_68_n_0
    SLICE_X49Y98         LUT6 (Prop_lut6_I3_O)        0.124     7.431 f  parent_obs[24]_i_29/O
                         net (fo=6, routed)           0.730     8.161    parent_obs[24]_i_29_n_0
    SLICE_X48Y97         LUT5 (Prop_lut5_I2_O)        0.124     8.285 f  parent_obs[24]_i_14/O
                         net (fo=2, routed)           0.646     8.931    parent_obs[24]_i_14_n_0
    SLICE_X45Y95         LUT6 (Prop_lut6_I3_O)        0.124     9.055 f  parent_obs[24]_i_4/O
                         net (fo=15, routed)          1.194    10.249    parent_obs[24]_i_4_n_0
    SLICE_X36Y96         LUT6 (Prop_lut6_I2_O)        0.124    10.373 r  parent_obs[24]_i_9/O
                         net (fo=1, routed)           0.000    10.373    parent_obs[24]_i_9_n_0
    SLICE_X36Y96         CARRY4 (Prop_carry4_S[1]_CO[3])
                                                      0.550    10.923 r  parent_obs_reg[24]_i_2/CO[3]
                         net (fo=1, routed)           0.000    10.923    parent_obs_reg[24]_i_2_n_0
    SLICE_X36Y97         CARRY4 (Prop_carry4_CI_CO[3])
                                                      0.114    11.037 r  parent_reg[18][4]_i_16/CO[3]
                         net (fo=1, routed)           0.000    11.037    parent_reg[18][4]_i_16_n_0
    SLICE_X36Y98         CARRY4 (Prop_carry4_CI_O[2])
                                                      0.239    11.276 r  parent_reg[18][4]_i_12/O[2]
                         net (fo=11, routed)          1.046    12.322    lowest_edge_return2[10]
    SLICE_X31Y99         LUT5 (Prop_lut5_I1_O)        0.302    12.624 r  parent[21][4]_i_8/O
                         net (fo=4, routed)           0.800    13.424    parent[21][4]_i_8_n_0
    SLICE_X30Y100        LUT4 (Prop_lut4_I0_O)        0.124    13.548 r  queue_reg_0_31_0_1_i_31/O
                         net (fo=1, routed)           0.905    14.453    queue_reg_0_31_0_1_i_31_n_0
    SLICE_X30Y99         LUT6 (Prop_lut6_I3_O)        0.124    14.577 r  queue_reg_0_31_0_1_i_12/O
                         net (fo=1, routed)           0.569    15.147    queue_reg_0_31_0_1_i_12_n_0
    SLICE_X32Y99         LUT6 (Prop_lut6_I3_O)        0.124    15.271 r  queue_reg_0_31_0_1_i_2/O
                         net (fo=4, routed)           0.648    15.918    queue_reg_0_31_0_1/DIB1
    SLICE_X34Y103        RAMD32                                       r  queue_reg_0_31_0_1/RAMB_D1/I
  -------------------------------------------------------------------    -------------------

                         (clock clk rise edge)       16.000    16.000 r  <hidden>
                                                      0.000    16.000 r  clk
                         net (fo=757, unset)          0.924    16.924    queue_reg_0_31_0_1/WCLK
    SLICE_X34Y103        RAMD32                                       r  queue_reg_0_31_0_1/RAMB_D1/CLK
                         clock pessimism              0.000    16.924    <hidden>
                         clock uncertainty           -0.035    16.889    <hidden>
    SLICE_X34Y103        RAMD32 (Setup_ramd32_CLK_I)
                                                     -0.228    16.661    queue_reg_0_31_0_1/RAMB_D1
  -------------------------------------------------------------------
                         required time                         16.661    <hidden>
                         arrival time                         -15.918    <hidden>
  -------------------------------------------------------------------
                         slack                                  0.743    <hidden>

Slack (MET) :             0.774ns  (required time - arrival time)
  Source:                 head_reg[0]/C
                            (rising edge-triggered cell FDRE clocked by clk  {rise@0.000ns fall@8.000ns period=16.000ns})
  Destination:            parent_reg[5][3]/CE
                            (rising edge-triggered cell FDRE clocked by clk  {rise@0.000ns fall@8.000ns period=16.000ns})
  Path Group:             clk
  Path Type:              Setup (Max at Slow Process Corner)
  Requirement:            16.000ns  (clk rise@16.000ns - clk rise@0.000ns)
  Data Path Delay:        14.937ns  (logic 4.142ns (27.730%)  route 10.795ns (72.270%))
  Logic Levels:           14  (CARRY4=3 LUT2=1 LUT3=2 LUT5=3 LUT6=4 RAMD32=1)
  Clock Path Skew:        -0.049ns (DCD - SCD + CPR)
    Destination Clock Delay (DCD):    0.924ns = ( 16.924 - 16.000 ) 
    Source Clock Delay      (SCD):    0.973ns
    Clock Pessimism Removal (CPR):    0.000ns
  Clock Uncertainty:      0.035ns  ((TSJ^2 + TIJ^2)^1/2 + DJ) / 2 + PE
    Total System Jitter     (TSJ):    0.071ns
    Total Input Jitter      (TIJ):    0.000ns
    Discrete Jitter          (DJ):    0.000ns
    Phase Error              (PE):    0.000ns

    Location             Delay type                Incr(ns)  Path(ns)    Netlist Resource(s)
  -------------------------------------------------------------------    -------------------
                         (clock clk rise edge)        0.000     0.000 r  <hidden>
                                                      0.000     0.000 r  clk
                         net (fo=757, unset)          0.973     0.973    clk
    SLICE_X35Y104        FDRE                                         r  head_reg[0]/C
  -------------------------------------------------------------------    -------------------
    SLICE_X35Y104        FDRE (Prop_fdre_C_Q)         0.456     1.429 r  head_reg[0]/Q
                         net (fo=12, routed)          0.892     2.321    queue_reg_0_31_2_3/ADDRA0
    SLICE_X34Y104        RAMD32 (Prop_ramd32_RADR0_O)
                                                      0.150     2.471 r  queue_reg_0_31_2_3/RAMA/O
                         net (fo=35, routed)          1.033     3.504    node[2]
    SLICE_X46Y103        LUT3 (Prop_lut3_I0_O)        0.328     3.832 r  parent_obs[24]_i_41/O
                         net (fo=1, routed)           0.000     3.832    parent_obs[24]_i_41_n_0
    SLICE_X46Y103        CARRY4 (Prop_carry4_S[1]_CO[3])
                                                      0.533     4.365 r  parent_obs_reg[24]_i_22/CO[3]
                         net (fo=1, routed)           0.000     4.365    parent_obs_reg[24]_i_22_n_0
    SLICE_X46Y104        CARRY4 (Prop_carry4_CI_O[1])
                                                      0.323     4.688 r  parent_obs_reg[24]_i_73/O[1]
                         net (fo=125, routed)         1.469     6.157    candidates2[7]
    SLICE_X49Y98         LUT5 (Prop_lut5_I0_O)        0.306     6.463 f  parent_obs[24]_i_68/O
                         net (fo=1, routed)           0.845     7.307    parent_obs[24]_i_68_n_0
    SLICE_X49Y98         LUT6 (Prop_lut6_I3_O)        0.124     7.431 f  parent_obs[24]_i_29/O
                         net (fo=6, routed)           0.730     8.161    parent_obs[24]_i_29_n_0
    SLICE_X48Y97         LUT5 (Prop_lut5_I2_O)        0.124     8.285 f  parent_obs[24]_i_14/O
                         net (fo=2, routed)           0.646     8.931    parent_obs[24]_i_14_n_0
    SLICE_X45Y95         LUT6 (Prop_lut6_I3_O)        0.124     9.055 f  parent_obs[24]_i_4/O
                         net (fo=15, routed)          1.194    10.249    parent_obs[24]_i_4_n_0
    SLICE_X36Y96         LUT6 (Prop_lut6_I2_O)        0.124    10.373 r  parent_obs[24]_i_9/O
                         net (fo=1, routed)           0.000    10.373    parent_obs[24]_i_9_n_0
    SLICE_X36Y96         CARRY4 (Prop_carry4_S[1]_O[3])
                                                      0.640    11.013 r  parent_obs_reg[24]_i_2/O[3]
                         net (fo=10, routed)          1.002    12.015    lowest_edge_return2[3]
    SLICE_X35Y95         LUT5 (Prop_lut5_I1_O)        0.306    12.321 r  parent_obs[24]_i_16/O
                         net (fo=5, routed)           0.793    13.114    parent_obs[24]_i_16_n_0
    SLICE_X33Y95         LUT2 (Prop_lut2_I0_O)        0.153    13.267 r  parent[5][4]_i_3/O
                         net (fo=1, routed)           0.644    13.911    parent[5][4]_i_3_n_0
    SLICE_X33Y96         LUT6 (Prop_lut6_I0_O)        0.327    14.238 f  parent[5][4]_i_2/O
                         net (fo=3, routed)           0.650    14.888    parent[5][4]_i_2_n_0
    SLICE_X43Y96         LUT3 (Prop_lut3_I1_O)        0.124    15.012 r  parent[5][4]_i_1/O
                         net (fo=6, routed)           0.898    15.910    parent[5][4]_i_1_n_0
    SLICE_X52Y102        FDRE                                         r  parent_reg[5][3]/CE
  -------------------------------------------------------------------    -------------------

                         (clock clk rise edge)       16.000    16.000 r  <hidden>
                                                      0.000    16.000 r  clk
                         net (fo=757, unset)          0.924    16.924    clk
    SLICE_X52Y102        FDRE                                         r  parent_reg[5][3]/C
                         clock pessimism              0.000    16.924    <hidden>
                         clock uncertainty           -0.035    16.889    <hidden>
    SLICE_X52Y102        FDRE (Setup_fdre_C_CE)      -0.205    16.684    parent_reg[5][3]
  -------------------------------------------------------------------
                         required time                         16.684    <hidden>
                         arrival time                         -15.910    <hidden>
  -------------------------------------------------------------------
                         slack                                  0.774    <hidden>

Slack (MET) :             0.774ns  (required time - arrival time)
  Source:                 head_reg[0]/C
                            (rising edge-triggered cell FDRE clocked by clk  {rise@0.000ns fall@8.000ns period=16.000ns})
  Destination:            parent_reg[5][4]/CE
                            (rising edge-triggered cell FDRE clocked by clk  {rise@0.000ns fall@8.000ns period=16.000ns})
  Path Group:             clk
  Path Type:              Setup (Max at Slow Process Corner)
  Requirement:            16.000ns  (clk rise@16.000ns - clk rise@0.000ns)
  Data Path Delay:        14.937ns  (logic 4.142ns (27.730%)  route 10.795ns (72.270%))
  Logic Levels:           14  (CARRY4=3 LUT2=1 LUT3=2 LUT5=3 LUT6=4 RAMD32=1)
  Clock Path Skew:        -0.049ns (DCD - SCD + CPR)
    Destination Clock Delay (DCD):    0.924ns = ( 16.924 - 16.000 ) 
    Source Clock Delay      (SCD):    0.973ns
    Clock Pessimism Removal (CPR):    0.000ns
  Clock Uncertainty:      0.035ns  ((TSJ^2 + TIJ^2)^1/2 + DJ) / 2 + PE
    Total System Jitter     (TSJ):    0.071ns
    Total Input Jitter      (TIJ):    0.000ns
    Discrete Jitter          (DJ):    0.000ns
    Phase Error              (PE):    0.000ns

    Location             Delay type                Incr(ns)  Path(ns)    Netlist Resource(s)
  -------------------------------------------------------------------    -------------------
                         (clock clk rise edge)        0.000     0.000 r  <hidden>
                                                      0.000     0.000 r  clk
                         net (fo=757, unset)          0.973     0.973    clk
    SLICE_X35Y104        FDRE                                         r  head_reg[0]/C
  -------------------------------------------------------------------    -------------------
    SLICE_X35Y104        FDRE (Prop_fdre_C_Q)         0.456     1.429 r  head_reg[0]/Q
                         net (fo=12, routed)          0.892     2.321    queue_reg_0_31_2_3/ADDRA0
    SLICE_X34Y104        RAMD32 (Prop_ramd32_RADR0_O)
                                                      0.150     2.471 r  queue_reg_0_31_2_3/RAMA/O
                         net (fo=35, routed)          1.033     3.504    node[2]
    SLICE_X46Y103        LUT3 (Prop_lut3_I0_O)        0.328     3.832 r  parent_obs[24]_i_41/O
                         net (fo=1, routed)           0.000     3.832    parent_obs[24]_i_41_n_0
    SLICE_X46Y103        CARRY4 (Prop_carry4_S[1]_CO[3])
                                                      0.533     4.365 r  parent_obs_reg[24]_i_22/CO[3]
                         net (fo=1, routed)           0.000     4.365    parent_obs_reg[24]_i_22_n_0
    SLICE_X46Y104        CARRY4 (Prop_carry4_CI_O[1])
                                                      0.323     4.688 r  parent_obs_reg[24]_i_73/O[1]
                         net (fo=125, routed)         1.469     6.157    candidates2[7]
    SLICE_X49Y98         LUT5 (Prop_lut5_I0_O)        0.306     6.463 f  parent_obs[24]_i_68/O
                         net (fo=1, routed)           0.845     7.307    parent_obs[24]_i_68_n_0
    SLICE_X49Y98         LUT6 (Prop_lut6_I3_O)        0.124     7.431 f  parent_obs[24]_i_29/O
                         net (fo=6, routed)           0.730     8.161    parent_obs[24]_i_29_n_0
    SLICE_X48Y97         LUT5 (Prop_lut5_I2_O)        0.124     8.285 f  parent_obs[24]_i_14/O
                         net (fo=2, routed)           0.646     8.931    parent_obs[24]_i_14_n_0
    SLICE_X45Y95         LUT6 (Prop_lut6_I3_O)        0.124     9.055 f  parent_obs[24]_i_4/O
                         net (fo=15, routed)          1.194    10.249    parent_obs[24]_i_4_n_0
    SLICE_X36Y96         LUT6 (Prop_lut6_I2_O)        0.124    10.373 r  parent_obs[24]_i_9/O
                         net (fo=1, routed)           0.000    10.373    parent_obs[24]_i_9_n_0
    SLICE_X36Y96         CARRY4 (Prop_carry4_S[1]_O[3])
                                                      0.640    11.013 r  parent_obs_reg[24]_i_2/O[3]
                         net (fo=10, routed)          1.002    12.015    lowest_edge_return2[3]
    SLICE_X35Y95         LUT5 (Prop_lut5_I1_O)        0.306    12.321 r  parent_obs[24]_i_16/O
                         net (fo=5, routed)           0.793    13.114    parent_obs[24]_i_16_n_0
    SLICE_X33Y95         LUT2 (Prop_lut2_I0_O)        0.153    13.267 r  parent[5][4]_i_3/O
                         net (fo=1, routed)           0.644    13.911    parent[5][4]_i_3_n_0
    SLICE_X33Y96         LUT6 (Prop_lut6_I0_O)        0.327    14.238 f  parent[5][4]_i_2/O
                         net (fo=3, routed)           0.650    14.888    parent[5][4]_i_2_n_0
    SLICE_X43Y96         LUT3 (Prop_lut3_I1_O)        0.124    15.012 r  parent[5][4]_i_1/O
                         net (fo=6, routed)           0.898    15.910    parent[5][4]_i_1_n_0
    SLICE_X52Y102        FDRE                                         r  parent_reg[5][4]/CE
  -------------------------------------------------------------------    -------------------

                         (clock clk rise edge)       16.000    16.000 r  <hidden>
                                                      0.000    16.000 r  clk
                         net (fo=757, unset)          0.924    16.924    clk
    SLICE_X52Y102        FDRE                                         r  parent_reg[5][4]/C
                         clock pessimism              0.000    16.924    <hidden>
                         clock uncertainty           -0.035    16.889    <hidden>
    SLICE_X52Y102        FDRE (Setup_fdre_C_CE)      -0.205    16.684    parent_reg[5][4]
  -------------------------------------------------------------------
                         required time                         16.684    <hidden>
                         arrival time                         -15.910    <hidden>
  -------------------------------------------------------------------
                         slack                                  0.774    <hidden>





Min Delay Paths
--------------------------------------------------------------------------------------
Slack (MET) :             0.070ns  (arrival time - required time)
  Source:                 tail_reg[4]/C
                            (rising edge-triggered cell FDRE clocked by clk  {rise@0.000ns fall@8.000ns period=16.000ns})
  Destination:            queue_reg_0_31_0_1/RAMA/WADR4
                            (rising edge-triggered cell RAMD32 clocked by clk  {rise@0.000ns fall@8.000ns period=16.000ns})
  Path Group:             clk
  Path Type:              Hold (Min at Fast Process Corner)
  Requirement:            0.000ns  (clk rise@0.000ns - clk rise@0.000ns)
  Data Path Delay:        0.291ns  (logic 0.141ns (48.416%)  route 0.150ns (51.584%))
  Logic Levels:           0  
  Clock Path Skew:        0.022ns (DCD - SCD - CPR)
    Destination Clock Delay (DCD):    0.432ns
    Source Clock Delay      (SCD):    0.410ns
    Clock Pessimism Removal (CPR):    -0.000ns

    Location             Delay type                Incr(ns)  Path(ns)    Netlist Resource(s)
  -------------------------------------------------------------------    -------------------
                         (clock clk rise edge)        0.000     0.000 r  <hidden>
                                                      0.000     0.000 r  clk
                         net (fo=757, unset)          0.410     0.410    clk
    SLICE_X36Y103        FDRE                                         r  tail_reg[4]/C
  -------------------------------------------------------------------    -------------------
    SLICE_X36Y103        FDRE (Prop_fdre_C_Q)         0.141     0.551 r  tail_reg[4]/Q
                         net (fo=28, routed)          0.150     0.701    queue_reg_0_31_0_1/ADDRD4
    SLICE_X34Y103        RAMD32                                       r  queue_reg_0_31_0_1/RAMA/WADR4
  -------------------------------------------------------------------    -------------------

                         (clock clk rise edge)        0.000     0.000 r  <hidden>
                                                      0.000     0.000 r  clk
                         net (fo=757, unset)          0.432     0.432    queue_reg_0_31_0_1/WCLK
    SLICE_X34Y103        RAMD32                                       r  queue_reg_0_31_0_1/RAMA/CLK
                         clock pessimism              0.000     0.432    <hidden>
    SLICE_X34Y103        RAMD32 (Hold_ramd32_CLK_WADR4)
                                                      0.200     0.632    queue_reg_0_31_0_1/RAMA
  -------------------------------------------------------------------
                         required time                         -0.632    <hidden>
                         arrival time                           0.701    <hidden>
  -------------------------------------------------------------------
                         slack                                  0.070    <hidden>

Slack (MET) :             0.070ns  (arrival time - required time)
  Source:                 tail_reg[4]/C
                            (rising edge-triggered cell FDRE clocked by clk  {rise@0.000ns fall@8.000ns period=16.000ns})
  Destination:            queue_reg_0_31_0_1/RAMA_D1/WADR4
                            (rising edge-triggered cell RAMD32 clocked by clk  {rise@0.000ns fall@8.000ns period=16.000ns})
  Path Group:             clk
  Path Type:              Hold (Min at Fast Process Corner)
  Requirement:            0.000ns  (clk rise@0.000ns - clk rise@0.000ns)
  Data Path Delay:        0.291ns  (logic 0.141ns (48.416%)  route 0.150ns (51.584%))
  Logic Levels:           0  
  Clock Path Skew:        0.022ns (DCD - SCD - CPR)
    Destination Clock Delay (DCD):    0.432ns
    Source Clock Delay      (SCD):    0.410ns
    Clock Pessimism Removal (CPR):    -0.000ns

    Location             Delay type                Incr(ns)  Path(ns)    Netlist Resource(s)
  -------------------------------------------------------------------    -------------------
                         (clock clk rise edge)        0.000     0.000 r  <hidden>
                                                      0.000     0.000 r  clk
                         net (fo=757, unset)          0.410     0.410    clk
    SLICE_X36Y103        FDRE                                         r  tail_reg[4]/C
  -------------------------------------------------------------------    -------------------
    SLICE_X36Y103        FDRE (Prop_fdre_C_Q)         0.141     0.551 r  tail_reg[4]/Q
                         net (fo=28, routed)          0.150     0.701    queue_reg_0_31_0_1/ADDRD4
    SLICE_X34Y103        RAMD32                                       r  queue_reg_0_31_0_1/RAMA_D1/WADR4
  -------------------------------------------------------------------    -------------------

                         (clock clk rise edge)        0.000     0.000 r  <hidden>
                                                      0.000     0.000 r  clk
                         net (fo=757, unset)          0.432     0.432    queue_reg_0_31_0_1/WCLK
    SLICE_X34Y103        RAMD32                                       r  queue_reg_0_31_0_1/RAMA_D1/CLK
                         clock pessimism              0.000     0.432    <hidden>
    SLICE_X34Y103        RAMD32 (Hold_ramd32_CLK_WADR4)
                                                      0.200     0.632    queue_reg_0_31_0_1/RAMA_D1
  -------------------------------------------------------------------
                         required time                         -0.632    <hidden>
                         arrival time                           0.701    <hidden>
  -------------------------------------------------------------------
                         slack                                  0.070    <hidden>

Slack (MET) :             0.070ns  (arrival time - required time)
  Source:                 tail_reg[4]/C
                            (rising edge-triggered cell FDRE clocked by clk  {rise@0.000ns fall@8.000ns period=16.000ns})
  Destination:            queue_reg_0_31_0_1/RAMB/WADR4
                            (rising edge-triggered cell RAMD32 clocked by clk  {rise@0.000ns fall@8.000ns period=16.000ns})
  Path Group:             clk
  Path Type:              Hold (Min at Fast Process Corner)
  Requirement:            0.000ns  (clk rise@0.000ns - clk rise@0.000ns)
  Data Path Delay:        0.291ns  (logic 0.141ns (48.416%)  route 0.150ns (51.584%))
  Logic Levels:           0  
  Clock Path Skew:        0.022ns (DCD - SCD - CPR)
    Destination Clock Delay (DCD):    0.432ns
    Source Clock Delay      (SCD):    0.410ns
    Clock Pessimism Removal (CPR):    -0.000ns

    Location             Delay type                Incr(ns)  Path(ns)    Netlist Resource(s)
  -------------------------------------------------------------------    -------------------
                         (clock clk rise edge)        0.000     0.000 r  <hidden>
                                                      0.000     0.000 r  clk
                         net (fo=757, unset)          0.410     0.410    clk
    SLICE_X36Y103        FDRE                                         r  tail_reg[4]/C
  -------------------------------------------------------------------    -------------------
    SLICE_X36Y103        FDRE (Prop_fdre_C_Q)         0.141     0.551 r  tail_reg[4]/Q
                         net (fo=28, routed)          0.150     0.701    queue_reg_0_31_0_1/ADDRD4
    SLICE_X34Y103        RAMD32                                       r  queue_reg_0_31_0_1/RAMB/WADR4
  -------------------------------------------------------------------    -------------------

                         (clock clk rise edge)        0.000     0.000 r  <hidden>
                                                      0.000     0.000 r  clk
                         net (fo=757, unset)          0.432     0.432    queue_reg_0_31_0_1/WCLK
    SLICE_X34Y103        RAMD32                                       r  queue_reg_0_31_0_1/RAMB/CLK
                         clock pessimism              0.000     0.432    <hidden>
    SLICE_X34Y103        RAMD32 (Hold_ramd32_CLK_WADR4)
                                                      0.200     0.632    queue_reg_0_31_0_1/RAMB
  -------------------------------------------------------------------
                         required time                         -0.632    <hidden>
                         arrival time                           0.701    <hidden>
  -------------------------------------------------------------------
                         slack                                  0.070    <hidden>

Slack (MET) :             0.070ns  (arrival time - required time)
  Source:                 tail_reg[4]/C
                            (rising edge-triggered cell FDRE clocked by clk  {rise@0.000ns fall@8.000ns period=16.000ns})
  Destination:            queue_reg_0_31_0_1/RAMB_D1/WADR4
                            (rising edge-triggered cell RAMD32 clocked by clk  {rise@0.000ns fall@8.000ns period=16.000ns})
  Path Group:             clk
  Path Type:              Hold (Min at Fast Process Corner)
  Requirement:            0.000ns  (clk rise@0.000ns - clk rise@0.000ns)
  Data Path Delay:        0.291ns  (logic 0.141ns (48.416%)  route 0.150ns (51.584%))
  Logic Levels:           0  
  Clock Path Skew:        0.022ns (DCD - SCD - CPR)
    Destination Clock Delay (DCD):    0.432ns
    Source Clock Delay      (SCD):    0.410ns
    Clock Pessimism Removal (CPR):    -0.000ns

    Location             Delay type                Incr(ns)  Path(ns)    Netlist Resource(s)
  -------------------------------------------------------------------    -------------------
                         (clock clk rise edge)        0.000     0.000 r  <hidden>
                                                      0.000     0.000 r  clk
                         net (fo=757, unset)          0.410     0.410    clk
    SLICE_X36Y103        FDRE                                         r  tail_reg[4]/C
  -------------------------------------------------------------------    -------------------
    SLICE_X36Y103        FDRE (Prop_fdre_C_Q)         0.141     0.551 r  tail_reg[4]/Q
                         net (fo=28, routed)          0.150     0.701    queue_reg_0_31_0_1/ADDRD4
    SLICE_X34Y103        RAMD32                                       r  queue_reg_0_31_0_1/RAMB_D1/WADR4
  -------------------------------------------------------------------    -------------------

                         (clock clk rise edge)        0.000     0.000 r  <hidden>
                                                      0.000     0.000 r  clk
                         net (fo=757, unset)          0.432     0.432    queue_reg_0_31_0_1/WCLK
    SLICE_X34Y103        RAMD32                                       r  queue_reg_0_31_0_1/RAMB_D1/CLK
                         clock pessimism              0.000     0.432    <hidden>
    SLICE_X34Y103        RAMD32 (Hold_ramd32_CLK_WADR4)
                                                      0.200     0.632    queue_reg_0_31_0_1/RAMB_D1
  -------------------------------------------------------------------
                         required time                         -0.632    <hidden>
                         arrival time                           0.701    <hidden>
  -------------------------------------------------------------------
                         slack                                  0.070    <hidden>

Slack (MET) :             0.070ns  (arrival time - required time)
  Source:                 tail_reg[4]/C
                            (rising edge-triggered cell FDRE clocked by clk  {rise@0.000ns fall@8.000ns period=16.000ns})
  Destination:            queue_reg_0_31_0_1/RAMC/WADR4
                            (rising edge-triggered cell RAMD32 clocked by clk  {rise@0.000ns fall@8.000ns period=16.000ns})
  Path Group:             clk
  Path Type:              Hold (Min at Fast Process Corner)
  Requirement:            0.000ns  (clk rise@0.000ns - clk rise@0.000ns)
  Data Path Delay:        0.291ns  (logic 0.141ns (48.416%)  route 0.150ns (51.584%))
  Logic Levels:           0  
  Clock Path Skew:        0.022ns (DCD - SCD - CPR)
    Destination Clock Delay (DCD):    0.432ns
    Source Clock Delay      (SCD):    0.410ns
    Clock Pessimism Removal (CPR):    -0.000ns

    Location             Delay type                Incr(ns)  Path(ns)    Netlist Resource(s)
  -------------------------------------------------------------------    -------------------
                         (clock clk rise edge)        0.000     0.000 r  <hidden>
                                                      0.000     0.000 r  clk
                         net (fo=757, unset)          0.410     0.410    clk
    SLICE_X36Y103        FDRE                                         r  tail_reg[4]/C
  -------------------------------------------------------------------    -------------------
    SLICE_X36Y103        FDRE (Prop_fdre_C_Q)         0.141     0.551 r  tail_reg[4]/Q
                         net (fo=28, routed)          0.150     0.701    queue_reg_0_31_0_1/ADDRD4
    SLICE_X34Y103        RAMD32                                       r  queue_reg_0_31_0_1/RAMC/WADR4
  -------------------------------------------------------------------    -------------------

                         (clock clk rise edge)        0.000     0.000 r  <hidden>
                                                      0.000     0.000 r  clk
                         net (fo=757, unset)          0.432     0.432    queue_reg_0_31_0_1/WCLK
    SLICE_X34Y103        RAMD32                                       r  queue_reg_0_31_0_1/RAMC/CLK
                         clock pessimism              0.000     0.432    <hidden>
    SLICE_X34Y103        RAMD32 (Hold_ramd32_CLK_WADR4)
                                                      0.200     0.632    queue_reg_0_31_0_1/RAMC
  -------------------------------------------------------------------
                         required time                         -0.632    <hidden>
                         arrival time                           0.701    <hidden>
  -------------------------------------------------------------------
                         slack                                  0.070    <hidden>

Slack (MET) :             0.070ns  (arrival time - required time)
  Source:                 tail_reg[4]/C
                            (rising edge-triggered cell FDRE clocked by clk  {rise@0.000ns fall@8.000ns period=16.000ns})
  Destination:            queue_reg_0_31_0_1/RAMC_D1/WADR4
                            (rising edge-triggered cell RAMD32 clocked by clk  {rise@0.000ns fall@8.000ns period=16.000ns})
  Path Group:             clk
  Path Type:              Hold (Min at Fast Process Corner)
  Requirement:            0.000ns  (clk rise@0.000ns - clk rise@0.000ns)
  Data Path Delay:        0.291ns  (logic 0.141ns (48.416%)  route 0.150ns (51.584%))
  Logic Levels:           0  
  Clock Path Skew:        0.022ns (DCD - SCD - CPR)
    Destination Clock Delay (DCD):    0.432ns
    Source Clock Delay      (SCD):    0.410ns
    Clock Pessimism Removal (CPR):    -0.000ns

    Location             Delay type                Incr(ns)  Path(ns)    Netlist Resource(s)
  -------------------------------------------------------------------    -------------------
                         (clock clk rise edge)        0.000     0.000 r  <hidden>
                                                      0.000     0.000 r  clk
                         net (fo=757, unset)          0.410     0.410    clk
    SLICE_X36Y103        FDRE                                         r  tail_reg[4]/C
  -------------------------------------------------------------------    -------------------
    SLICE_X36Y103        FDRE (Prop_fdre_C_Q)         0.141     0.551 r  tail_reg[4]/Q
                         net (fo=28, routed)          0.150     0.701    queue_reg_0_31_0_1/ADDRD4
    SLICE_X34Y103        RAMD32                                       r  queue_reg_0_31_0_1/RAMC_D1/WADR4
  -------------------------------------------------------------------    -------------------

                         (clock clk rise edge)        0.000     0.000 r  <hidden>
                                                      0.000     0.000 r  clk
                         net (fo=757, unset)          0.432     0.432    queue_reg_0_31_0_1/WCLK
    SLICE_X34Y103        RAMD32                                       r  queue_reg_0_31_0_1/RAMC_D1/CLK
                         clock pessimism              0.000     0.432    <hidden>
    SLICE_X34Y103        RAMD32 (Hold_ramd32_CLK_WADR4)
                                                      0.200     0.632    queue_reg_0_31_0_1/RAMC_D1
  -------------------------------------------------------------------
                         required time                         -0.632    <hidden>
                         arrival time                           0.701    <hidden>
  -------------------------------------------------------------------
                         slack                                  0.070    <hidden>

Slack (MET) :             0.070ns  (arrival time - required time)
  Source:                 tail_reg[4]/C
                            (rising edge-triggered cell FDRE clocked by clk  {rise@0.000ns fall@8.000ns period=16.000ns})
  Destination:            queue_reg_0_31_0_1/RAMD/ADR4
                            (rising edge-triggered cell RAMS32 clocked by clk  {rise@0.000ns fall@8.000ns period=16.000ns})
  Path Group:             clk
  Path Type:              Hold (Min at Fast Process Corner)
  Requirement:            0.000ns  (clk rise@0.000ns - clk rise@0.000ns)
  Data Path Delay:        0.291ns  (logic 0.141ns (48.416%)  route 0.150ns (51.584%))
  Logic Levels:           0  
  Clock Path Skew:        0.022ns (DCD - SCD - CPR)
    Destination Clock Delay (DCD):    0.432ns
    Source Clock Delay      (SCD):    0.410ns
    Clock Pessimism Removal (CPR):    -0.000ns

    Location             Delay type                Incr(ns)  Path(ns)    Netlist Resource(s)
  -------------------------------------------------------------------    -------------------
                         (clock clk rise edge)        0.000     0.000 r  <hidden>
                                                      0.000     0.000 r  clk
                         net (fo=757, unset)          0.410     0.410    clk
    SLICE_X36Y103        FDRE                                         r  tail_reg[4]/C
  -------------------------------------------------------------------    -------------------
    SLICE_X36Y103        FDRE (Prop_fdre_C_Q)         0.141     0.551 r  tail_reg[4]/Q
                         net (fo=28, routed)          0.150     0.701    queue_reg_0_31_0_1/ADDRD4
    SLICE_X34Y103        RAMS32                                       r  queue_reg_0_31_0_1/RAMD/ADR4
  -------------------------------------------------------------------    -------------------

                         (clock clk rise edge)        0.000     0.000 r  <hidden>
                                                      0.000     0.000 r  clk
                         net (fo=757, unset)          0.432     0.432    queue_reg_0_31_0_1/WCLK
    SLICE_X34Y103        RAMS32                                       r  queue_reg_0_31_0_1/RAMD/CLK
                         clock pessimism              0.000     0.432    <hidden>
    SLICE_X34Y103        RAMS32 (Hold_rams32_CLK_ADR4)
                                                      0.200     0.632    queue_reg_0_31_0_1/RAMD
  -------------------------------------------------------------------
                         required time                         -0.632    <hidden>
                         arrival time                           0.701    <hidden>
  -------------------------------------------------------------------
                         slack                                  0.070    <hidden>

Slack (MET) :             0.070ns  (arrival time - required time)
  Source:                 tail_reg[4]/C
                            (rising edge-triggered cell FDRE clocked by clk  {rise@0.000ns fall@8.000ns period=16.000ns})
  Destination:            queue_reg_0_31_0_1/RAMD_D1/ADR4
                            (rising edge-triggered cell RAMS32 clocked by clk  {rise@0.000ns fall@8.000ns period=16.000ns})
  Path Group:             clk
  Path Type:              Hold (Min at Fast Process Corner)
  Requirement:            0.000ns  (clk rise@0.000ns - clk rise@0.000ns)
  Data Path Delay:        0.291ns  (logic 0.141ns (48.416%)  route 0.150ns (51.584%))
  Logic Levels:           0  
  Clock Path Skew:        0.022ns (DCD - SCD - CPR)
    Destination Clock Delay (DCD):    0.432ns
    Source Clock Delay      (SCD):    0.410ns
    Clock Pessimism Removal (CPR):    -0.000ns

    Location             Delay type                Incr(ns)  Path(ns)    Netlist Resource(s)
  -------------------------------------------------------------------    -------------------
                         (clock clk rise edge)        0.000     0.000 r  <hidden>
                                                      0.000     0.000 r  clk
                         net (fo=757, unset)          0.410     0.410    clk
    SLICE_X36Y103        FDRE                                         r  tail_reg[4]/C
  -------------------------------------------------------------------    -------------------
    SLICE_X36Y103        FDRE (Prop_fdre_C_Q)         0.141     0.551 r  tail_reg[4]/Q
                         net (fo=28, routed)          0.150     0.701    queue_reg_0_31_0_1/ADDRD4
    SLICE_X34Y103        RAMS32                                       r  queue_reg_0_31_0_1/RAMD_D1/ADR4
  -------------------------------------------------------------------    -------------------

                         (clock clk rise edge)        0.000     0.000 r  <hidden>
                                                      0.000     0.000 r  clk
                         net (fo=757, unset)          0.432     0.432    queue_reg_0_31_0_1/WCLK
    SLICE_X34Y103        RAMS32                                       r  queue_reg_0_31_0_1/RAMD_D1/CLK
                         clock pessimism              0.000     0.432    <hidden>
    SLICE_X34Y103        RAMS32 (Hold_rams32_CLK_ADR4)
                                                      0.200     0.632    queue_reg_0_31_0_1/RAMD_D1
  -------------------------------------------------------------------
                         required time                         -0.632    <hidden>
                         arrival time                           0.701    <hidden>
  -------------------------------------------------------------------
                         slack                                  0.070    <hidden>

Slack (MET) :             0.145ns  (arrival time - required time)
  Source:                 tail_reg[4]/C
                            (rising edge-triggered cell FDRE clocked by clk  {rise@0.000ns fall@8.000ns period=16.000ns})
  Destination:            queue_reg_0_31_2_3/RAMA/WADR4
                            (rising edge-triggered cell RAMD32 clocked by clk  {rise@0.000ns fall@8.000ns period=16.000ns})
  Path Group:             clk
  Path Type:              Hold (Min at Fast Process Corner)
  Requirement:            0.000ns  (clk rise@0.000ns - clk rise@0.000ns)
  Data Path Delay:        0.366ns  (logic 0.141ns (38.497%)  route 0.225ns (61.503%))
  Logic Levels:           0  
  Clock Path Skew:        0.022ns (DCD - SCD - CPR)
    Destination Clock Delay (DCD):    0.432ns
    Source Clock Delay      (SCD):    0.410ns
    Clock Pessimism Removal (CPR):    -0.000ns

    Location             Delay type                Incr(ns)  Path(ns)    Netlist Resource(s)
  -------------------------------------------------------------------    -------------------
                         (clock clk rise edge)        0.000     0.000 r  <hidden>
                                                      0.000     0.000 r  clk
                         net (fo=757, unset)          0.410     0.410    clk
    SLICE_X36Y103        FDRE                                         r  tail_reg[4]/C
  -------------------------------------------------------------------    -------------------
    SLICE_X36Y103        FDRE (Prop_fdre_C_Q)         0.141     0.551 r  tail_reg[4]/Q
                         net (fo=28, routed)          0.225     0.776    queue_reg_0_31_2_3/ADDRD4
    SLICE_X34Y104        RAMD32                                       r  queue_reg_0_31_2_3/RAMA/WADR4
  -------------------------------------------------------------------    -------------------

                         (clock clk rise edge)        0.000     0.000 r  <hidden>
                                                      0.000     0.000 r  clk
                         net (fo=757, unset)          0.432     0.432    queue_reg_0_31_2_3/WCLK
    SLICE_X34Y104        RAMD32                                       r  queue_reg_0_31_2_3/RAMA/CLK
                         clock pessimism              0.000     0.432    <hidden>
    SLICE_X34Y104        RAMD32 (Hold_ramd32_CLK_WADR4)
                                                      0.200     0.632    queue_reg_0_31_2_3/RAMA
  -------------------------------------------------------------------
                         required time                         -0.632    <hidden>
                         arrival time                           0.776    <hidden>
  -------------------------------------------------------------------
                         slack                                  0.145    <hidden>

Slack (MET) :             0.145ns  (arrival time - required time)
  Source:                 tail_reg[4]/C
                            (rising edge-triggered cell FDRE clocked by clk  {rise@0.000ns fall@8.000ns period=16.000ns})
  Destination:            queue_reg_0_31_2_3/RAMA_D1/WADR4
                            (rising edge-triggered cell RAMD32 clocked by clk  {rise@0.000ns fall@8.000ns period=16.000ns})
  Path Group:             clk
  Path Type:              Hold (Min at Fast Process Corner)
  Requirement:            0.000ns  (clk rise@0.000ns - clk rise@0.000ns)
  Data Path Delay:        0.366ns  (logic 0.141ns (38.497%)  route 0.225ns (61.503%))
  Logic Levels:           0  
  Clock Path Skew:        0.022ns (DCD - SCD - CPR)
    Destination Clock Delay (DCD):    0.432ns
    Source Clock Delay      (SCD):    0.410ns
    Clock Pessimism Removal (CPR):    -0.000ns

    Location             Delay type                Incr(ns)  Path(ns)    Netlist Resource(s)
  -------------------------------------------------------------------    -------------------
                         (clock clk rise edge)        0.000     0.000 r  <hidden>
                                                      0.000     0.000 r  clk
                         net (fo=757, unset)          0.410     0.410    clk
    SLICE_X36Y103        FDRE                                         r  tail_reg[4]/C
  -------------------------------------------------------------------    -------------------
    SLICE_X36Y103        FDRE (Prop_fdre_C_Q)         0.141     0.551 r  tail_reg[4]/Q
                         net (fo=28, routed)          0.225     0.776    queue_reg_0_31_2_3/ADDRD4
    SLICE_X34Y104        RAMD32                                       r  queue_reg_0_31_2_3/RAMA_D1/WADR4
  -------------------------------------------------------------------    -------------------

                         (clock clk rise edge)        0.000     0.000 r  <hidden>
                                                      0.000     0.000 r  clk
                         net (fo=757, unset)          0.432     0.432    queue_reg_0_31_2_3/WCLK
    SLICE_X34Y104        RAMD32                                       r  queue_reg_0_31_2_3/RAMA_D1/CLK
                         clock pessimism              0.000     0.432    <hidden>
    SLICE_X34Y104        RAMD32 (Hold_ramd32_CLK_WADR4)
                                                      0.200     0.632    queue_reg_0_31_2_3/RAMA_D1
  -------------------------------------------------------------------
                         required time                         -0.632    <hidden>
                         arrival time                           0.776    <hidden>
  -------------------------------------------------------------------
                         slack                                  0.145    <hidden>





Pulse Width Checks
--------------------------------------------------------------------------------------
Clock Name:         clk
Waveform(ns):       { 0.000 8.000 }
Period(ns):         16.000
Sources:            { clk }

Check Type        Corner  Lib Pin     Reference Pin  Required(ns)  Actual(ns)  Slack(ns)  Location       Pin
Min Period        n/a     FDRE/C      n/a            1.000         16.000      15.000     SLICE_X36Y92   FSM_sequential_state_reg[0]/C
Min Period        n/a     FDRE/C      n/a            1.000         16.000      15.000     SLICE_X37Y102  FSM_sequential_state_reg[1]/C
Min Period        n/a     FDRE/C      n/a            1.000         16.000      15.000     SLICE_X38Y103  FSM_sequential_state_reg[2]/C
Min Period        n/a     FDRE/C      n/a            1.000         16.000      15.000     SLICE_X36Y92   FSM_sequential_state_reg[2]_rep/C
Min Period        n/a     FDRE/C      n/a            1.000         16.000      15.000     SLICE_X36Y92   FSM_sequential_state_reg[2]_rep__0/C
Min Period        n/a     FDRE/C      n/a            1.000         16.000      15.000     SLICE_X57Y107  defect_reg[0]/C
Min Period        n/a     FDRE/C      n/a            1.000         16.000      15.000     SLICE_X55Y106  defect_reg[10]/C
Min Period        n/a     FDRE/C      n/a            1.000         16.000      15.000     SLICE_X54Y106  defect_reg[11]/C
Min Period        n/a     FDRE/C      n/a            1.000         16.000      15.000     SLICE_X53Y109  defect_reg[12]/C
Min Period        n/a     FDRE/C      n/a            1.000         16.000      15.000     SLICE_X56Y109  defect_reg[13]/C
Low Pulse Width   Slow    RAMD32/CLK  n/a            1.250         8.000       6.750      SLICE_X34Y103  queue_reg_0_31_0_1/RAMA/CLK
Low Pulse Width   Fast    RAMD32/CLK  n/a            1.250         8.000       6.750      SLICE_X34Y103  queue_reg_0_31_0_1/RAMA/CLK
Low Pulse Width   Slow    RAMD32/CLK  n/a            1.250         8.000       6.750      SLICE_X34Y103  queue_reg_0_31_0_1/RAMA_D1/CLK
Low Pulse Width   Fast    RAMD32/CLK  n/a            1.250         8.000       6.750      SLICE_X34Y103  queue_reg_0_31_0_1/RAMA_D1/CLK
Low Pulse Width   Slow    RAMD32/CLK  n/a            1.250         8.000       6.750      SLICE_X34Y103  queue_reg_0_31_0_1/RAMB/CLK
Low Pulse Width   Fast    RAMD32/CLK  n/a            1.250         8.000       6.750      SLICE_X34Y103  queue_reg_0_31_0_1/RAMB/CLK
Low Pulse Width   Slow    RAMD32/CLK  n/a            1.250         8.000       6.750      SLICE_X34Y103  queue_reg_0_31_0_1/RAMB_D1/CLK
Low Pulse Width   Fast    RAMD32/CLK  n/a            1.250         8.000       6.750      SLICE_X34Y103  queue_reg_0_31_0_1/RAMB_D1/CLK
Low Pulse Width   Slow    RAMD32/CLK  n/a            1.250         8.000       6.750      SLICE_X34Y103  queue_reg_0_31_0_1/RAMC/CLK
Low Pulse Width   Fast    RAMD32/CLK  n/a            1.250         8.000       6.750      SLICE_X34Y103  queue_reg_0_31_0_1/RAMC/CLK
High Pulse Width  Slow    RAMD32/CLK  n/a            1.250         8.000       6.750      SLICE_X34Y103  queue_reg_0_31_0_1/RAMA/CLK
High Pulse Width  Fast    RAMD32/CLK  n/a            1.250         8.000       6.750      SLICE_X34Y103  queue_reg_0_31_0_1/RAMA/CLK
High Pulse Width  Slow    RAMD32/CLK  n/a            1.250         8.000       6.750      SLICE_X34Y103  queue_reg_0_31_0_1/RAMA_D1/CLK
High Pulse Width  Fast    RAMD32/CLK  n/a            1.250         8.000       6.750      SLICE_X34Y103  queue_reg_0_31_0_1/RAMA_D1/CLK
High Pulse Width  Slow    RAMD32/CLK  n/a            1.250         8.000       6.750      SLICE_X34Y103  queue_reg_0_31_0_1/RAMB/CLK
High Pulse Width  Fast    RAMD32/CLK  n/a            1.250         8.000       6.750      SLICE_X34Y103  queue_reg_0_31_0_1/RAMB/CLK
High Pulse Width  Slow    RAMD32/CLK  n/a            1.250         8.000       6.750      SLICE_X34Y103  queue_reg_0_31_0_1/RAMB_D1/CLK
High Pulse Width  Fast    RAMD32/CLK  n/a            1.250         8.000       6.750      SLICE_X34Y103  queue_reg_0_31_0_1/RAMB_D1/CLK
High Pulse Width  Slow    RAMD32/CLK  n/a            1.250         8.000       6.750      SLICE_X34Y103  queue_reg_0_31_0_1/RAMC/CLK
High Pulse Width  Fast    RAMD32/CLK  n/a            1.250         8.000       6.750      SLICE_X34Y103  queue_reg_0_31_0_1/RAMC/CLK



