

================================================================
== Vitis HLS Report for 'dense_resource_rf_gt_nin_rem0_ap_fixed_ap_fixed_14_7_0_3_0_config2_2_s'
================================================================
* Date:           Tue Sep 15 12:08:30 2026

* Version:        2026.1 (Build 6493734 on Jun 16 2026)
* Project:        recurrent_prj
* Solution:       solution1
* Product family: artix7
* Target device:  xc7a100t-csg324-1


================================================================
== Performance Estimates
================================================================
+ Timing: 
    * Summary: 
    +--------+---------+----------+------------+
    |  Clock |  Target | Estimated| Uncertainty|
    +--------+---------+----------+------------+
    |ap_clk  |  4.00 ns|  7.984 ns|     1.08 ns|
    +--------+---------+----------+------------+

+ Latency: 
    * Summary: 
    +---------+---------+----------+----------+-----+-----+------------------------------------+
    |  Latency (cycles) |  Latency (absolute) |  Interval |              Pipeline              |
    |   min   |   max   |    min   |    max   | min | max |                Type                |
    +---------+---------+----------+----------+-----+-----+------------------------------------+
    |       70|       71|  0.676 us|  0.685 us|   64|   64|  loop rewind stp (delay=0 cycle(s))|
    +---------+---------+----------+----------+-----+-----+------------------------------------+

    + Detail: 
        * Instance: 
        N/A

        * Loop: 
        +-------------+---------+---------+----------+-----------+-----------+------+----------+
        |             |  Latency (cycles) | Iteration|  Initiation Interval  | Trip |          |
        |  Loop Name  |   min   |   max   |  Latency |  achieved |   target  | Count| Pipelined|
        +-------------+---------+---------+----------+-----------+-----------+------+----------+
        |- ReuseLoop  |       70|       70|         8|          1|          1|    64|       yes|
        +-------------+---------+---------+----------+-----------+-----------+------+----------+



================================================================
== Utilization Estimates
================================================================
* Summary: 
+-----------------+---------+-----+--------+-------+-----+
|       Name      | BRAM_18K| DSP |   FF   |  LUT  | URAM|
+-----------------+---------+-----+--------+-------+-----+
|DSP              |        -|    -|       -|      -|    -|
|Expression       |        -|    -|       0|  11915|    -|
|FIFO             |        -|    -|       -|      -|    -|
|Instance         |        -|   64|    3904|    212|    -|
|Memory           |       20|    -|     704|      1|    -|
|Multiplexer      |        -|    -|       0|   3723|    -|
|Register         |        -|    -|    6182|     64|    -|
+-----------------+---------+-----+--------+-------+-----+
|Total            |       20|   64|   10790|  15915|    0|
+-----------------+---------+-----+--------+-------+-----+
|Available        |      270|  240|  126800|  63400|    0|
+-----------------+---------+-----+--------+-------+-----+
|Utilization (%)  |        7|   26|       8|     25|    0|
+-----------------+---------+-----+--------+-------+-----+

+ Detail: 
    * Instance: 
    +---------------------------+-----------------------+---------+----+----+-----+-----+
    |          Instance         |         Module        | BRAM_18K| DSP| FF | LUT | URAM|
    +---------------------------+-----------------------+---------+----+----+-----+-----+
    |mul_14s_10s_24_4_1_U103    |mul_14s_10s_24_4_1     |        0|   1|  61|    1|    0|
    |mul_14s_11s_25_4_1_U40     |mul_14s_11s_25_4_1     |        0|   1|  61|    1|    0|
    |mul_14s_11s_25_4_1_U41     |mul_14s_11s_25_4_1     |        0|   1|  61|    1|    0|
    |mul_14s_11s_25_4_1_U42     |mul_14s_11s_25_4_1     |        0|   1|  61|    1|    0|
    |mul_14s_11s_25_4_1_U43     |mul_14s_11s_25_4_1     |        0|   1|  61|    1|    0|
    |mul_14s_11s_25_4_1_U44     |mul_14s_11s_25_4_1     |        0|   1|  61|    1|    0|
    |mul_14s_11s_25_4_1_U45     |mul_14s_11s_25_4_1     |        0|   1|  61|    1|    0|
    |mul_14s_11s_25_4_1_U46     |mul_14s_11s_25_4_1     |        0|   1|  61|    1|    0|
    |mul_14s_11s_25_4_1_U47     |mul_14s_11s_25_4_1     |        0|   1|  61|    1|    0|
    |mul_14s_11s_25_4_1_U48     |mul_14s_11s_25_4_1     |        0|   1|  61|    1|    0|
    |mul_14s_11s_25_4_1_U49     |mul_14s_11s_25_4_1     |        0|   1|  61|    1|    0|
    |mul_14s_11s_25_4_1_U50     |mul_14s_11s_25_4_1     |        0|   1|  61|    1|    0|
    |mul_14s_11s_25_4_1_U51     |mul_14s_11s_25_4_1     |        0|   1|  61|    1|    0|
    |mul_14s_11s_25_4_1_U52     |mul_14s_11s_25_4_1     |        0|   1|  61|    1|    0|
    |mul_14s_11s_25_4_1_U53     |mul_14s_11s_25_4_1     |        0|   1|  61|    1|    0|
    |mul_14s_11s_25_4_1_U54     |mul_14s_11s_25_4_1     |        0|   1|  61|    1|    0|
    |mul_14s_11s_25_4_1_U55     |mul_14s_11s_25_4_1     |        0|   1|  61|    1|    0|
    |mul_14s_11s_25_4_1_U56     |mul_14s_11s_25_4_1     |        0|   1|  61|    1|    0|
    |mul_14s_11s_25_4_1_U57     |mul_14s_11s_25_4_1     |        0|   1|  61|    1|    0|
    |mul_14s_11s_25_4_1_U58     |mul_14s_11s_25_4_1     |        0|   1|  61|    1|    0|
    |mul_14s_11s_25_4_1_U59     |mul_14s_11s_25_4_1     |        0|   1|  61|    1|    0|
    |mul_14s_11s_25_4_1_U60     |mul_14s_11s_25_4_1     |        0|   1|  61|    1|    0|
    |mul_14s_11s_25_4_1_U61     |mul_14s_11s_25_4_1     |        0|   1|  61|    1|    0|
    |mul_14s_11s_25_4_1_U62     |mul_14s_11s_25_4_1     |        0|   1|  61|    1|    0|
    |mul_14s_11s_25_4_1_U63     |mul_14s_11s_25_4_1     |        0|   1|  61|    1|    0|
    |mul_14s_11s_25_4_1_U64     |mul_14s_11s_25_4_1     |        0|   1|  61|    1|    0|
    |mul_14s_11s_25_4_1_U65     |mul_14s_11s_25_4_1     |        0|   1|  61|    1|    0|
    |mul_14s_11s_25_4_1_U66     |mul_14s_11s_25_4_1     |        0|   1|  61|    1|    0|
    |mul_14s_11s_25_4_1_U67     |mul_14s_11s_25_4_1     |        0|   1|  61|    1|    0|
    |mul_14s_11s_25_4_1_U68     |mul_14s_11s_25_4_1     |        0|   1|  61|    1|    0|
    |mul_14s_11s_25_4_1_U69     |mul_14s_11s_25_4_1     |        0|   1|  61|    1|    0|
    |mul_14s_11s_25_4_1_U70     |mul_14s_11s_25_4_1     |        0|   1|  61|    1|    0|
    |mul_14s_11s_25_4_1_U71     |mul_14s_11s_25_4_1     |        0|   1|  61|    1|    0|
    |mul_14s_11s_25_4_1_U72     |mul_14s_11s_25_4_1     |        0|   1|  61|    1|    0|
    |mul_14s_11s_25_4_1_U73     |mul_14s_11s_25_4_1     |        0|   1|  61|    1|    0|
    |mul_14s_11s_25_4_1_U74     |mul_14s_11s_25_4_1     |        0|   1|  61|    1|    0|
    |mul_14s_11s_25_4_1_U75     |mul_14s_11s_25_4_1     |        0|   1|  61|    1|    0|
    |mul_14s_11s_25_4_1_U76     |mul_14s_11s_25_4_1     |        0|   1|  61|    1|    0|
    |mul_14s_11s_25_4_1_U77     |mul_14s_11s_25_4_1     |        0|   1|  61|    1|    0|
    |mul_14s_11s_25_4_1_U78     |mul_14s_11s_25_4_1     |        0|   1|  61|    1|    0|
    |mul_14s_11s_25_4_1_U79     |mul_14s_11s_25_4_1     |        0|   1|  61|    1|    0|
    |mul_14s_11s_25_4_1_U80     |mul_14s_11s_25_4_1     |        0|   1|  61|    1|    0|
    |mul_14s_11s_25_4_1_U81     |mul_14s_11s_25_4_1     |        0|   1|  61|    1|    0|
    |mul_14s_11s_25_4_1_U82     |mul_14s_11s_25_4_1     |        0|   1|  61|    1|    0|
    |mul_14s_11s_25_4_1_U83     |mul_14s_11s_25_4_1     |        0|   1|  61|    1|    0|
    |mul_14s_11s_25_4_1_U84     |mul_14s_11s_25_4_1     |        0|   1|  61|    1|    0|
    |mul_14s_11s_25_4_1_U85     |mul_14s_11s_25_4_1     |        0|   1|  61|    1|    0|
    |mul_14s_11s_25_4_1_U86     |mul_14s_11s_25_4_1     |        0|   1|  61|    1|    0|
    |mul_14s_11s_25_4_1_U87     |mul_14s_11s_25_4_1     |        0|   1|  61|    1|    0|
    |mul_14s_11s_25_4_1_U88     |mul_14s_11s_25_4_1     |        0|   1|  61|    1|    0|
    |mul_14s_11s_25_4_1_U89     |mul_14s_11s_25_4_1     |        0|   1|  61|    1|    0|
    |mul_14s_11s_25_4_1_U90     |mul_14s_11s_25_4_1     |        0|   1|  61|    1|    0|
    |mul_14s_11s_25_4_1_U91     |mul_14s_11s_25_4_1     |        0|   1|  61|    1|    0|
    |mul_14s_11s_25_4_1_U92     |mul_14s_11s_25_4_1     |        0|   1|  61|    1|    0|
    |mul_14s_11s_25_4_1_U93     |mul_14s_11s_25_4_1     |        0|   1|  61|    1|    0|
    |mul_14s_11s_25_4_1_U94     |mul_14s_11s_25_4_1     |        0|   1|  61|    1|    0|
    |mul_14s_11s_25_4_1_U95     |mul_14s_11s_25_4_1     |        0|   1|  61|    1|    0|
    |mul_14s_11s_25_4_1_U96     |mul_14s_11s_25_4_1     |        0|   1|  61|    1|    0|
    |mul_14s_11s_25_4_1_U97     |mul_14s_11s_25_4_1     |        0|   1|  61|    1|    0|
    |mul_14s_11s_25_4_1_U98     |mul_14s_11s_25_4_1     |        0|   1|  61|    1|    0|
    |mul_14s_11s_25_4_1_U99     |mul_14s_11s_25_4_1     |        0|   1|  61|    1|    0|
    |mul_14s_11s_25_4_1_U100    |mul_14s_11s_25_4_1     |        0|   1|  61|    1|    0|
    |mul_14s_11s_25_4_1_U101    |mul_14s_11s_25_4_1     |        0|   1|  61|    1|    0|
    |mul_14s_11s_25_4_1_U102    |mul_14s_11s_25_4_1     |        0|   1|  61|    1|    0|
    |sparsemux_65_5_14_1_1_U39  |sparsemux_65_5_14_1_1  |        0|   0|   0|  148|    0|
    +---------------------------+-----------------------+---------+----+----+-----+-----+
    |Total                      |                       |        0|  64|3904|  212|    0|
    +---------------------------+-----------------------+---------+----+----+-----+-----+

    * DSP: 
    N/A

    * Memory: 
    +------------+----------------------------------------------------------------------------------+---------+-----+----+-----+------+-----+------+-------------+
    |   Memory   |                                      Module                                      | BRAM_18K|  FF | LUT| URAM| Words| Bits| Banks| W*Bits*Banks|
    +------------+----------------------------------------------------------------------------------+---------+-----+----+-----+------+-----+------+-------------+
    |outidx_4_U  |dense_resource_rf_gt_nin_rem0_ap_fixed_ap_fixed_14_7_0_3_0_config2_2_s_outidxdEe  |        0|    1|   1|    0|    64|    1|     1|           64|
    |wr2_U       |dense_resource_rf_gt_nin_rem0_ap_fixed_ap_fixed_14_7_0_3_0_config2_2_s_wr2_ROeOg  |       20|  703|   0|    0|    64|  703|     1|        44992|
    +------------+----------------------------------------------------------------------------------+---------+-----+----+-----+------+-----+------+-------------+
    |Total       |                                                                                  |       20|  704|   1|    0|   128|  704|     2|        45056|
    +------------+----------------------------------------------------------------------------------+---------+-----+----+-----+------+-----+------+-------------+

    * FIFO: 
    N/A

    * Expression: 
    +-----------------------------+----------+----+---+-----+------------+------------+
    |        Variable Name        | Operation| DSP| FF| LUT | Bitwidth P0| Bitwidth P1|
    +-----------------------------+----------+----+---+-----+------------+------------+
    |acc_132_fu_6138_p2           |         +|   0|  0|   21|          14|          14|
    |acc_135_fu_6193_p2           |         +|   0|  0|   21|          14|          14|
    |acc_138_fu_6248_p2           |         +|   0|  0|   21|          14|          14|
    |acc_141_fu_6303_p2           |         +|   0|  0|   21|          14|          14|
    |acc_144_fu_6358_p2           |         +|   0|  0|   21|          14|          14|
    |acc_147_fu_6413_p2           |         +|   0|  0|   21|          14|          14|
    |acc_150_fu_6468_p2           |         +|   0|  0|   21|          14|          14|
    |acc_153_fu_6523_p2           |         +|   0|  0|   21|          14|          14|
    |acc_156_fu_6578_p2           |         +|   0|  0|   21|          14|          14|
    |acc_159_fu_6633_p2           |         +|   0|  0|   21|          14|          14|
    |acc_162_fu_6688_p2           |         +|   0|  0|   21|          14|          14|
    |acc_165_fu_6743_p2           |         +|   0|  0|   21|          14|          14|
    |acc_168_fu_6798_p2           |         +|   0|  0|   21|          14|          14|
    |acc_171_fu_6853_p2           |         +|   0|  0|   21|          14|          14|
    |acc_174_fu_6908_p2           |         +|   0|  0|   21|          14|          14|
    |acc_177_fu_6963_p2           |         +|   0|  0|   21|          14|          14|
    |acc_180_fu_7018_p2           |         +|   0|  0|   21|          14|          14|
    |acc_183_fu_7073_p2           |         +|   0|  0|   21|          14|          14|
    |acc_186_fu_7128_p2           |         +|   0|  0|   21|          14|          14|
    |acc_189_fu_7183_p2           |         +|   0|  0|   21|          14|          14|
    |acc_192_fu_7238_p2           |         +|   0|  0|   21|          14|          14|
    |acc_195_fu_7293_p2           |         +|   0|  0|   21|          14|          14|
    |acc_198_fu_7348_p2           |         +|   0|  0|   21|          14|          14|
    |acc_201_fu_7403_p2           |         +|   0|  0|   21|          14|          14|
    |acc_204_fu_7458_p2           |         +|   0|  0|   21|          14|          14|
    |acc_207_fu_7513_p2           |         +|   0|  0|   21|          14|          14|
    |acc_210_fu_7568_p2           |         +|   0|  0|   21|          14|          14|
    |acc_213_fu_7623_p2           |         +|   0|  0|   21|          14|          14|
    |acc_216_fu_7678_p2           |         +|   0|  0|   21|          14|          14|
    |acc_219_fu_7733_p2           |         +|   0|  0|   21|          14|          14|
    |acc_222_fu_7788_p2           |         +|   0|  0|   21|          14|          14|
    |acc_225_fu_7843_p2           |         +|   0|  0|   21|          14|          14|
    |acc_228_fu_7898_p2           |         +|   0|  0|   21|          14|          14|
    |acc_231_fu_7953_p2           |         +|   0|  0|   21|          14|          14|
    |acc_234_fu_8008_p2           |         +|   0|  0|   21|          14|          14|
    |acc_237_fu_8063_p2           |         +|   0|  0|   21|          14|          14|
    |acc_240_fu_8118_p2           |         +|   0|  0|   21|          14|          14|
    |acc_243_fu_8173_p2           |         +|   0|  0|   21|          14|          14|
    |acc_246_fu_8228_p2           |         +|   0|  0|   21|          14|          14|
    |acc_249_fu_8283_p2           |         +|   0|  0|   21|          14|          14|
    |acc_252_fu_8338_p2           |         +|   0|  0|   21|          14|          14|
    |acc_255_fu_8393_p2           |         +|   0|  0|   21|          14|          14|
    |acc_258_fu_8448_p2           |         +|   0|  0|   21|          14|          14|
    |acc_261_fu_8503_p2           |         +|   0|  0|   21|          14|          14|
    |acc_264_fu_8558_p2           |         +|   0|  0|   21|          14|          14|
    |acc_267_fu_8613_p2           |         +|   0|  0|   21|          14|          14|
    |acc_270_fu_8668_p2           |         +|   0|  0|   21|          14|          14|
    |acc_273_fu_8723_p2           |         +|   0|  0|   21|          14|          14|
    |acc_276_fu_8778_p2           |         +|   0|  0|   21|          14|          14|
    |acc_279_fu_8833_p2           |         +|   0|  0|   21|          14|          14|
    |acc_282_fu_8888_p2           |         +|   0|  0|   21|          14|          14|
    |acc_285_fu_8943_p2           |         +|   0|  0|   21|          14|          14|
    |acc_288_fu_8998_p2           |         +|   0|  0|   21|          14|          14|
    |acc_291_fu_9053_p2           |         +|   0|  0|   21|          14|          14|
    |acc_294_fu_9108_p2           |         +|   0|  0|   21|          14|          14|
    |acc_297_fu_9163_p2           |         +|   0|  0|   21|          14|          14|
    |acc_300_fu_9218_p2           |         +|   0|  0|   21|          14|          14|
    |acc_303_fu_9273_p2           |         +|   0|  0|   21|          14|          14|
    |acc_306_fu_9328_p2           |         +|   0|  0|   21|          14|          14|
    |acc_309_fu_9383_p2           |         +|   0|  0|   21|          14|          14|
    |acc_312_fu_9438_p2           |         +|   0|  0|   21|          14|          14|
    |acc_315_fu_9493_p2           |         +|   0|  0|   21|          14|          14|
    |acc_318_fu_9548_p2           |         +|   0|  0|   21|          14|          14|
    |acc_fu_6083_p2               |         +|   0|  0|   21|          14|          14|
    |add_ln144_100_fu_8813_p2     |         +|   0|  0|   21|          14|          14|
    |add_ln144_102_fu_8868_p2     |         +|   0|  0|   21|          14|          14|
    |add_ln144_104_fu_8923_p2     |         +|   0|  0|   21|          14|          14|
    |add_ln144_106_fu_8978_p2     |         +|   0|  0|   21|          14|          14|
    |add_ln144_108_fu_9033_p2     |         +|   0|  0|   21|          14|          14|
    |add_ln144_10_fu_6338_p2      |         +|   0|  0|   21|          14|          14|
    |add_ln144_110_fu_9088_p2     |         +|   0|  0|   21|          14|          14|
    |add_ln144_112_fu_9143_p2     |         +|   0|  0|   21|          14|          14|
    |add_ln144_114_fu_9198_p2     |         +|   0|  0|   21|          14|          14|
    |add_ln144_116_fu_9253_p2     |         +|   0|  0|   21|          14|          14|
    |add_ln144_118_fu_9308_p2     |         +|   0|  0|   21|          14|          14|
    |add_ln144_120_fu_9363_p2     |         +|   0|  0|   21|          14|          14|
    |add_ln144_122_fu_9418_p2     |         +|   0|  0|   21|          14|          14|
    |add_ln144_124_fu_9473_p2     |         +|   0|  0|   21|          14|          14|
    |add_ln144_126_fu_9528_p2     |         +|   0|  0|   21|          14|          14|
    |add_ln144_12_fu_6393_p2      |         +|   0|  0|   21|          14|          14|
    |add_ln144_14_fu_6448_p2      |         +|   0|  0|   21|          14|          14|
    |add_ln144_16_fu_6503_p2      |         +|   0|  0|   21|          14|          14|
    |add_ln144_18_fu_6558_p2      |         +|   0|  0|   21|          14|          14|
    |add_ln144_20_fu_6613_p2      |         +|   0|  0|   21|          14|          14|
    |add_ln144_22_fu_6668_p2      |         +|   0|  0|   21|          14|          14|
    |add_ln144_24_fu_6723_p2      |         +|   0|  0|   21|          14|          14|
    |add_ln144_26_fu_6778_p2      |         +|   0|  0|   21|          14|          14|
    |add_ln144_28_fu_6833_p2      |         +|   0|  0|   21|          14|          14|
    |add_ln144_2_fu_6118_p2       |         +|   0|  0|   21|          14|          14|
    |add_ln144_30_fu_6888_p2      |         +|   0|  0|   21|          14|          14|
    |add_ln144_32_fu_6943_p2      |         +|   0|  0|   21|          14|          14|
    |add_ln144_34_fu_6998_p2      |         +|   0|  0|   21|          14|          14|
    |add_ln144_36_fu_7053_p2      |         +|   0|  0|   21|          14|          14|
    |add_ln144_38_fu_7108_p2      |         +|   0|  0|   21|          14|          14|
    |add_ln144_40_fu_7163_p2      |         +|   0|  0|   21|          14|          14|
    |add_ln144_42_fu_7218_p2      |         +|   0|  0|   21|          14|          14|
    |add_ln144_44_fu_7273_p2      |         +|   0|  0|   21|          14|          14|
    |add_ln144_46_fu_7328_p2      |         +|   0|  0|   21|          14|          14|
    |add_ln144_48_fu_7383_p2      |         +|   0|  0|   21|          14|          14|
    |add_ln144_4_fu_6173_p2       |         +|   0|  0|   21|          14|          14|
    |add_ln144_50_fu_7438_p2      |         +|   0|  0|   21|          14|          14|
    |add_ln144_52_fu_7493_p2      |         +|   0|  0|   21|          14|          14|
    |add_ln144_54_fu_7548_p2      |         +|   0|  0|   21|          14|          14|
    |add_ln144_56_fu_7603_p2      |         +|   0|  0|   21|          14|          14|
    |add_ln144_58_fu_7658_p2      |         +|   0|  0|   21|          14|          14|
    |add_ln144_60_fu_7713_p2      |         +|   0|  0|   21|          14|          14|
    |add_ln144_62_fu_7768_p2      |         +|   0|  0|   21|          14|          14|
    |add_ln144_64_fu_7823_p2      |         +|   0|  0|   21|          14|          14|
    |add_ln144_66_fu_7878_p2      |         +|   0|  0|   21|          14|          14|
    |add_ln144_68_fu_7933_p2      |         +|   0|  0|   21|          14|          14|
    |add_ln144_6_fu_6228_p2       |         +|   0|  0|   21|          14|          14|
    |add_ln144_70_fu_7988_p2      |         +|   0|  0|   21|          14|          14|
    |add_ln144_72_fu_8043_p2      |         +|   0|  0|   21|          14|          14|
    |add_ln144_74_fu_8098_p2      |         +|   0|  0|   21|          14|          14|
    |add_ln144_76_fu_8153_p2      |         +|   0|  0|   21|          14|          14|
    |add_ln144_78_fu_8208_p2      |         +|   0|  0|   21|          14|          14|
    |add_ln144_80_fu_8263_p2      |         +|   0|  0|   21|          14|          14|
    |add_ln144_82_fu_8318_p2      |         +|   0|  0|   21|          14|          14|
    |add_ln144_84_fu_8373_p2      |         +|   0|  0|   21|          14|          14|
    |add_ln144_86_fu_8428_p2      |         +|   0|  0|   21|          14|          14|
    |add_ln144_88_fu_8483_p2      |         +|   0|  0|   21|          14|          14|
    |add_ln144_8_fu_6283_p2       |         +|   0|  0|   21|          14|          14|
    |add_ln144_90_fu_8538_p2      |         +|   0|  0|   21|          14|          14|
    |add_ln144_92_fu_8593_p2      |         +|   0|  0|   21|          14|          14|
    |add_ln144_94_fu_8648_p2      |         +|   0|  0|   21|          14|          14|
    |add_ln144_96_fu_8703_p2      |         +|   0|  0|   21|          14|          14|
    |add_ln144_98_fu_8758_p2      |         +|   0|  0|   21|          14|          14|
    |add_ln144_fu_6063_p2         |         +|   0|  0|   21|          14|          14|
    |in_index_3_fu_3598_p2        |         +|   0|  0|   39|          32|           1|
    |w_index_fu_3286_p2           |         +|   0|  0|   14|           6|           1|
    |sub_ln144_10_fu_6639_p2      |         -|   0|  0|   22|           1|          15|
    |sub_ln144_11_fu_6694_p2      |         -|   0|  0|   22|           1|          15|
    |sub_ln144_12_fu_6749_p2      |         -|   0|  0|   22|           1|          15|
    |sub_ln144_13_fu_6804_p2      |         -|   0|  0|   22|           1|          15|
    |sub_ln144_14_fu_6859_p2      |         -|   0|  0|   22|           1|          15|
    |sub_ln144_15_fu_6914_p2      |         -|   0|  0|   22|           1|          15|
    |sub_ln144_16_fu_6969_p2      |         -|   0|  0|   22|           1|          15|
    |sub_ln144_17_fu_7024_p2      |         -|   0|  0|   22|           1|          15|
    |sub_ln144_18_fu_7079_p2      |         -|   0|  0|   22|           1|          15|
    |sub_ln144_19_fu_7134_p2      |         -|   0|  0|   22|           1|          15|
    |sub_ln144_1_fu_6144_p2       |         -|   0|  0|   22|           1|          15|
    |sub_ln144_20_fu_7189_p2      |         -|   0|  0|   22|           1|          15|
    |sub_ln144_21_fu_7244_p2      |         -|   0|  0|   22|           1|          15|
    |sub_ln144_22_fu_7299_p2      |         -|   0|  0|   22|           1|          15|
    |sub_ln144_23_fu_7354_p2      |         -|   0|  0|   22|           1|          15|
    |sub_ln144_24_fu_7409_p2      |         -|   0|  0|   22|           1|          15|
    |sub_ln144_25_fu_7464_p2      |         -|   0|  0|   22|           1|          15|
    |sub_ln144_26_fu_7519_p2      |         -|   0|  0|   22|           1|          15|
    |sub_ln144_27_fu_7574_p2      |         -|   0|  0|   22|           1|          15|
    |sub_ln144_28_fu_7629_p2      |         -|   0|  0|   22|           1|          15|
    |sub_ln144_29_fu_7684_p2      |         -|   0|  0|   22|           1|          15|
    |sub_ln144_2_fu_6199_p2       |         -|   0|  0|   22|           1|          15|
    |sub_ln144_30_fu_7739_p2      |         -|   0|  0|   22|           1|          15|
    |sub_ln144_31_fu_7794_p2      |         -|   0|  0|   22|           1|          15|
    |sub_ln144_32_fu_7849_p2      |         -|   0|  0|   22|           1|          15|
    |sub_ln144_33_fu_7904_p2      |         -|   0|  0|   22|           1|          15|
    |sub_ln144_34_fu_7959_p2      |         -|   0|  0|   22|           1|          15|
    |sub_ln144_35_fu_8014_p2      |         -|   0|  0|   22|           1|          15|
    |sub_ln144_36_fu_8069_p2      |         -|   0|  0|   22|           1|          15|
    |sub_ln144_37_fu_8124_p2      |         -|   0|  0|   22|           1|          15|
    |sub_ln144_38_fu_8179_p2      |         -|   0|  0|   22|           1|          15|
    |sub_ln144_39_fu_8234_p2      |         -|   0|  0|   22|           1|          15|
    |sub_ln144_3_fu_6254_p2       |         -|   0|  0|   22|           1|          15|
    |sub_ln144_40_fu_8289_p2      |         -|   0|  0|   22|           1|          15|
    |sub_ln144_41_fu_8344_p2      |         -|   0|  0|   22|           1|          15|
    |sub_ln144_42_fu_8399_p2      |         -|   0|  0|   22|           1|          15|
    |sub_ln144_43_fu_8454_p2      |         -|   0|  0|   22|           1|          15|
    |sub_ln144_44_fu_8509_p2      |         -|   0|  0|   22|           1|          15|
    |sub_ln144_45_fu_8564_p2      |         -|   0|  0|   22|           1|          15|
    |sub_ln144_46_fu_8619_p2      |         -|   0|  0|   22|           1|          15|
    |sub_ln144_47_fu_8674_p2      |         -|   0|  0|   22|           1|          15|
    |sub_ln144_48_fu_8729_p2      |         -|   0|  0|   22|           1|          15|
    |sub_ln144_49_fu_8784_p2      |         -|   0|  0|   22|           1|          15|
    |sub_ln144_4_fu_6309_p2       |         -|   0|  0|   22|           1|          15|
    |sub_ln144_50_fu_8839_p2      |         -|   0|  0|   22|           1|          15|
    |sub_ln144_51_fu_8894_p2      |         -|   0|  0|   22|           1|          15|
    |sub_ln144_52_fu_8949_p2      |         -|   0|  0|   22|           1|          15|
    |sub_ln144_53_fu_9004_p2      |         -|   0|  0|   22|           1|          15|
    |sub_ln144_54_fu_9059_p2      |         -|   0|  0|   22|           1|          15|
    |sub_ln144_55_fu_9114_p2      |         -|   0|  0|   22|           1|          15|
    |sub_ln144_56_fu_9169_p2      |         -|   0|  0|   22|           1|          15|
    |sub_ln144_57_fu_9224_p2      |         -|   0|  0|   22|           1|          15|
    |sub_ln144_58_fu_9279_p2      |         -|   0|  0|   22|           1|          15|
    |sub_ln144_59_fu_9334_p2      |         -|   0|  0|   22|           1|          15|
    |sub_ln144_5_fu_6364_p2       |         -|   0|  0|   22|           1|          15|
    |sub_ln144_60_fu_9389_p2      |         -|   0|  0|   22|           1|          15|
    |sub_ln144_61_fu_9444_p2      |         -|   0|  0|   22|           1|          15|
    |sub_ln144_62_fu_9499_p2      |         -|   0|  0|   22|           1|          15|
    |sub_ln144_63_fu_9554_p2      |         -|   0|  0|   22|           1|          15|
    |sub_ln144_6_fu_6419_p2       |         -|   0|  0|   22|           1|          15|
    |sub_ln144_7_fu_6474_p2       |         -|   0|  0|   22|           1|          15|
    |sub_ln144_8_fu_6529_p2       |         -|   0|  0|   22|           1|          15|
    |sub_ln144_9_fu_6584_p2       |         -|   0|  0|   22|           1|          15|
    |sub_ln144_fu_6089_p2         |         -|   0|  0|   22|           1|          15|
    |ap_condition_2032            |       and|   0|  0|    2|           1|           1|
    |ap_condition_642             |       and|   0|  0|    2|           1|           1|
    |icmp_ln135_fu_3292_p2        |      icmp|   0|  0|   14|           6|           2|
    |icmp_ln144_10_fu_6645_p2     |      icmp|   0|  0|   22|          15|          15|
    |icmp_ln144_11_fu_6700_p2     |      icmp|   0|  0|   22|          15|          15|
    |icmp_ln144_12_fu_6755_p2     |      icmp|   0|  0|   22|          15|          15|
    |icmp_ln144_13_fu_6810_p2     |      icmp|   0|  0|   22|          15|          15|
    |icmp_ln144_14_fu_6865_p2     |      icmp|   0|  0|   22|          15|          15|
    |icmp_ln144_15_fu_6920_p2     |      icmp|   0|  0|   22|          15|          15|
    |icmp_ln144_16_fu_6975_p2     |      icmp|   0|  0|   22|          15|          15|
    |icmp_ln144_17_fu_7030_p2     |      icmp|   0|  0|   22|          15|          15|
    |icmp_ln144_18_fu_7085_p2     |      icmp|   0|  0|   22|          15|          15|
    |icmp_ln144_19_fu_7140_p2     |      icmp|   0|  0|   22|          15|          15|
    |icmp_ln144_1_fu_6150_p2      |      icmp|   0|  0|   22|          15|          15|
    |icmp_ln144_20_fu_7195_p2     |      icmp|   0|  0|   22|          15|          15|
    |icmp_ln144_21_fu_7250_p2     |      icmp|   0|  0|   22|          15|          15|
    |icmp_ln144_22_fu_7305_p2     |      icmp|   0|  0|   22|          15|          15|
    |icmp_ln144_23_fu_7360_p2     |      icmp|   0|  0|   22|          15|          15|
    |icmp_ln144_24_fu_7415_p2     |      icmp|   0|  0|   22|          15|          15|
    |icmp_ln144_25_fu_7470_p2     |      icmp|   0|  0|   22|          15|          15|
    |icmp_ln144_26_fu_7525_p2     |      icmp|   0|  0|   22|          15|          15|
    |icmp_ln144_27_fu_7580_p2     |      icmp|   0|  0|   22|          15|          15|
    |icmp_ln144_28_fu_7635_p2     |      icmp|   0|  0|   22|          15|          15|
    |icmp_ln144_29_fu_7690_p2     |      icmp|   0|  0|   22|          15|          15|
    |icmp_ln144_2_fu_6205_p2      |      icmp|   0|  0|   22|          15|          15|
    |icmp_ln144_30_fu_7745_p2     |      icmp|   0|  0|   22|          15|          15|
    |icmp_ln144_31_fu_7800_p2     |      icmp|   0|  0|   22|          15|          15|
    |icmp_ln144_32_fu_7855_p2     |      icmp|   0|  0|   22|          15|          15|
    |icmp_ln144_33_fu_7910_p2     |      icmp|   0|  0|   22|          15|          15|
    |icmp_ln144_34_fu_7965_p2     |      icmp|   0|  0|   22|          15|          15|
    |icmp_ln144_35_fu_8020_p2     |      icmp|   0|  0|   22|          15|          15|
    |icmp_ln144_36_fu_8075_p2     |      icmp|   0|  0|   22|          15|          15|
    |icmp_ln144_37_fu_8130_p2     |      icmp|   0|  0|   22|          15|          15|
    |icmp_ln144_38_fu_8185_p2     |      icmp|   0|  0|   22|          15|          15|
    |icmp_ln144_39_fu_8240_p2     |      icmp|   0|  0|   22|          15|          15|
    |icmp_ln144_3_fu_6260_p2      |      icmp|   0|  0|   22|          15|          15|
    |icmp_ln144_40_fu_8295_p2     |      icmp|   0|  0|   22|          15|          15|
    |icmp_ln144_41_fu_8350_p2     |      icmp|   0|  0|   22|          15|          15|
    |icmp_ln144_42_fu_8405_p2     |      icmp|   0|  0|   22|          15|          15|
    |icmp_ln144_43_fu_8460_p2     |      icmp|   0|  0|   22|          15|          15|
    |icmp_ln144_44_fu_8515_p2     |      icmp|   0|  0|   22|          15|          15|
    |icmp_ln144_45_fu_8570_p2     |      icmp|   0|  0|   22|          15|          15|
    |icmp_ln144_46_fu_8625_p2     |      icmp|   0|  0|   22|          15|          15|
    |icmp_ln144_47_fu_8680_p2     |      icmp|   0|  0|   22|          15|          15|
    |icmp_ln144_48_fu_8735_p2     |      icmp|   0|  0|   22|          15|          15|
    |icmp_ln144_49_fu_8790_p2     |      icmp|   0|  0|   22|          15|          15|
    |icmp_ln144_4_fu_6315_p2      |      icmp|   0|  0|   22|          15|          15|
    |icmp_ln144_50_fu_8845_p2     |      icmp|   0|  0|   22|          15|          15|
    |icmp_ln144_51_fu_8900_p2     |      icmp|   0|  0|   22|          15|          15|
    |icmp_ln144_52_fu_8955_p2     |      icmp|   0|  0|   22|          15|          15|
    |icmp_ln144_53_fu_9010_p2     |      icmp|   0|  0|   22|          15|          15|
    |icmp_ln144_54_fu_9065_p2     |      icmp|   0|  0|   22|          15|          15|
    |icmp_ln144_55_fu_9120_p2     |      icmp|   0|  0|   22|          15|          15|
    |icmp_ln144_56_fu_9175_p2     |      icmp|   0|  0|   22|          15|          15|
    |icmp_ln144_57_fu_9230_p2     |      icmp|   0|  0|   22|          15|          15|
    |icmp_ln144_58_fu_9285_p2     |      icmp|   0|  0|   22|          15|          15|
    |icmp_ln144_59_fu_9340_p2     |      icmp|   0|  0|   22|          15|          15|
    |icmp_ln144_5_fu_6370_p2      |      icmp|   0|  0|   22|          15|          15|
    |icmp_ln144_60_fu_9395_p2     |      icmp|   0|  0|   22|          15|          15|
    |icmp_ln144_61_fu_9450_p2     |      icmp|   0|  0|   22|          15|          15|
    |icmp_ln144_62_fu_9505_p2     |      icmp|   0|  0|   22|          15|          15|
    |icmp_ln144_63_fu_9560_p2     |      icmp|   0|  0|   22|          15|          15|
    |icmp_ln144_6_fu_6425_p2      |      icmp|   0|  0|   22|          15|          15|
    |icmp_ln144_7_fu_6480_p2      |      icmp|   0|  0|   22|          15|          15|
    |icmp_ln144_8_fu_6535_p2      |      icmp|   0|  0|   22|          15|          15|
    |icmp_ln144_9_fu_6590_p2      |      icmp|   0|  0|   22|          15|          15|
    |icmp_ln144_fu_6095_p2        |      icmp|   0|  0|   22|          15|          15|
    |icmp_ln154_fu_3614_p2        |      icmp|   0|  0|   34|          27|           1|
    |acc_128_fu_9586_p3           |    select|   0|  0|   14|           1|          14|
    |acc_129_fu_9580_p3           |    select|   0|  0|   14|           1|          14|
    |acc_130_fu_9610_p3           |    select|   0|  0|   14|           1|          14|
    |acc_131_fu_9604_p3           |    select|   0|  0|   14|           1|          14|
    |acc_133_fu_9634_p3           |    select|   0|  0|   14|           1|          14|
    |acc_134_fu_9628_p3           |    select|   0|  0|   14|           1|          14|
    |acc_136_fu_9658_p3           |    select|   0|  0|   14|           1|          14|
    |acc_137_fu_9652_p3           |    select|   0|  0|   14|           1|          14|
    |acc_139_fu_9682_p3           |    select|   0|  0|   14|           1|          14|
    |acc_140_fu_9676_p3           |    select|   0|  0|   14|           1|          14|
    |acc_142_fu_9706_p3           |    select|   0|  0|   14|           1|          14|
    |acc_143_fu_9700_p3           |    select|   0|  0|   14|           1|          14|
    |acc_145_fu_9730_p3           |    select|   0|  0|   14|           1|          14|
    |acc_146_fu_9724_p3           |    select|   0|  0|   14|           1|          14|
    |acc_148_fu_9754_p3           |    select|   0|  0|   14|           1|          14|
    |acc_149_fu_9748_p3           |    select|   0|  0|   14|           1|          14|
    |acc_151_fu_9778_p3           |    select|   0|  0|   14|           1|          14|
    |acc_152_fu_9772_p3           |    select|   0|  0|   14|           1|          14|
    |acc_154_fu_9802_p3           |    select|   0|  0|   14|           1|          14|
    |acc_155_fu_9796_p3           |    select|   0|  0|   14|           1|          14|
    |acc_157_fu_9826_p3           |    select|   0|  0|   14|           1|          14|
    |acc_158_fu_9820_p3           |    select|   0|  0|   14|           1|          14|
    |acc_160_fu_9850_p3           |    select|   0|  0|   14|           1|          14|
    |acc_161_fu_9844_p3           |    select|   0|  0|   14|           1|          14|
    |acc_163_fu_9874_p3           |    select|   0|  0|   14|           1|          14|
    |acc_164_fu_9868_p3           |    select|   0|  0|   14|           1|          14|
    |acc_166_fu_9898_p3           |    select|   0|  0|   14|           1|          14|
    |acc_167_fu_9892_p3           |    select|   0|  0|   14|           1|          14|
    |acc_169_fu_9922_p3           |    select|   0|  0|   14|           1|          14|
    |acc_170_fu_9916_p3           |    select|   0|  0|   14|           1|          14|
    |acc_172_fu_9946_p3           |    select|   0|  0|   14|           1|          14|
    |acc_173_fu_9940_p3           |    select|   0|  0|   14|           1|          14|
    |acc_175_fu_9970_p3           |    select|   0|  0|   14|           1|          14|
    |acc_176_fu_9964_p3           |    select|   0|  0|   14|           1|          14|
    |acc_178_fu_9994_p3           |    select|   0|  0|   14|           1|          14|
    |acc_179_fu_9988_p3           |    select|   0|  0|   14|           1|          14|
    |acc_181_fu_10018_p3          |    select|   0|  0|   14|           1|          14|
    |acc_182_fu_10012_p3          |    select|   0|  0|   14|           1|          14|
    |acc_184_fu_10042_p3          |    select|   0|  0|   14|           1|          14|
    |acc_185_fu_10036_p3          |    select|   0|  0|   14|           1|          14|
    |acc_187_fu_10066_p3          |    select|   0|  0|   14|           1|          14|
    |acc_188_fu_10060_p3          |    select|   0|  0|   14|           1|          14|
    |acc_190_fu_10090_p3          |    select|   0|  0|   14|           1|          14|
    |acc_191_fu_10084_p3          |    select|   0|  0|   14|           1|          14|
    |acc_193_fu_10114_p3          |    select|   0|  0|   14|           1|          14|
    |acc_194_fu_10108_p3          |    select|   0|  0|   14|           1|          14|
    |acc_196_fu_10138_p3          |    select|   0|  0|   14|           1|          14|
    |acc_197_fu_10132_p3          |    select|   0|  0|   14|           1|          14|
    |acc_199_fu_10162_p3          |    select|   0|  0|   14|           1|          14|
    |acc_200_fu_10156_p3          |    select|   0|  0|   14|           1|          14|
    |acc_202_fu_10186_p3          |    select|   0|  0|   14|           1|          14|
    |acc_203_fu_10180_p3          |    select|   0|  0|   14|           1|          14|
    |acc_205_fu_10210_p3          |    select|   0|  0|   14|           1|          14|
    |acc_206_fu_10204_p3          |    select|   0|  0|   14|           1|          14|
    |acc_208_fu_10234_p3          |    select|   0|  0|   14|           1|          14|
    |acc_209_fu_10228_p3          |    select|   0|  0|   14|           1|          14|
    |acc_211_fu_10258_p3          |    select|   0|  0|   14|           1|          14|
    |acc_212_fu_10252_p3          |    select|   0|  0|   14|           1|          14|
    |acc_214_fu_10282_p3          |    select|   0|  0|   14|           1|          14|
    |acc_215_fu_10276_p3          |    select|   0|  0|   14|           1|          14|
    |acc_217_fu_10306_p3          |    select|   0|  0|   14|           1|          14|
    |acc_218_fu_10300_p3          |    select|   0|  0|   14|           1|          14|
    |acc_220_fu_10330_p3          |    select|   0|  0|   14|           1|          14|
    |acc_221_fu_10324_p3          |    select|   0|  0|   14|           1|          14|
    |acc_223_fu_10354_p3          |    select|   0|  0|   14|           1|          14|
    |acc_224_fu_10348_p3          |    select|   0|  0|   14|           1|          14|
    |acc_226_fu_10378_p3          |    select|   0|  0|   14|           1|          14|
    |acc_227_fu_10372_p3          |    select|   0|  0|   14|           1|          14|
    |acc_229_fu_10402_p3          |    select|   0|  0|   14|           1|          14|
    |acc_230_fu_10396_p3          |    select|   0|  0|   14|           1|          14|
    |acc_232_fu_10426_p3          |    select|   0|  0|   14|           1|          14|
    |acc_233_fu_10420_p3          |    select|   0|  0|   14|           1|          14|
    |acc_235_fu_10450_p3          |    select|   0|  0|   14|           1|          14|
    |acc_236_fu_10444_p3          |    select|   0|  0|   14|           1|          14|
    |acc_238_fu_10474_p3          |    select|   0|  0|   14|           1|          14|
    |acc_239_fu_10468_p3          |    select|   0|  0|   14|           1|          14|
    |acc_241_fu_10498_p3          |    select|   0|  0|   14|           1|          14|
    |acc_242_fu_10492_p3          |    select|   0|  0|   14|           1|          14|
    |acc_244_fu_10522_p3          |    select|   0|  0|   14|           1|          14|
    |acc_245_fu_10516_p3          |    select|   0|  0|   14|           1|          14|
    |acc_247_fu_10546_p3          |    select|   0|  0|   14|           1|          14|
    |acc_248_fu_10540_p3          |    select|   0|  0|   14|           1|          14|
    |acc_250_fu_10570_p3          |    select|   0|  0|   14|           1|          14|
    |acc_251_fu_10564_p3          |    select|   0|  0|   14|           1|          14|
    |acc_253_fu_10594_p3          |    select|   0|  0|   14|           1|          14|
    |acc_254_fu_10588_p3          |    select|   0|  0|   14|           1|          14|
    |acc_256_fu_10618_p3          |    select|   0|  0|   14|           1|          14|
    |acc_257_fu_10612_p3          |    select|   0|  0|   14|           1|          14|
    |acc_259_fu_10642_p3          |    select|   0|  0|   14|           1|          14|
    |acc_260_fu_10636_p3          |    select|   0|  0|   14|           1|          14|
    |acc_262_fu_10666_p3          |    select|   0|  0|   14|           1|          14|
    |acc_263_fu_10660_p3          |    select|   0|  0|   14|           1|          14|
    |acc_265_fu_10690_p3          |    select|   0|  0|   14|           1|          14|
    |acc_266_fu_10684_p3          |    select|   0|  0|   14|           1|          14|
    |acc_268_fu_10714_p3          |    select|   0|  0|   14|           1|          14|
    |acc_269_fu_10708_p3          |    select|   0|  0|   14|           1|          14|
    |acc_271_fu_10738_p3          |    select|   0|  0|   14|           1|          14|
    |acc_272_fu_10732_p3          |    select|   0|  0|   14|           1|          14|
    |acc_274_fu_10762_p3          |    select|   0|  0|   14|           1|          14|
    |acc_275_fu_10756_p3          |    select|   0|  0|   14|           1|          14|
    |acc_277_fu_10786_p3          |    select|   0|  0|   14|           1|          14|
    |acc_278_fu_10780_p3          |    select|   0|  0|   14|           1|          14|
    |acc_280_fu_10810_p3          |    select|   0|  0|   14|           1|          14|
    |acc_281_fu_10804_p3          |    select|   0|  0|   14|           1|          14|
    |acc_283_fu_10834_p3          |    select|   0|  0|   14|           1|          14|
    |acc_284_fu_10828_p3          |    select|   0|  0|   14|           1|          14|
    |acc_286_fu_10858_p3          |    select|   0|  0|   14|           1|          14|
    |acc_287_fu_10852_p3          |    select|   0|  0|   14|           1|          14|
    |acc_289_fu_10882_p3          |    select|   0|  0|   14|           1|          14|
    |acc_290_fu_10876_p3          |    select|   0|  0|   14|           1|          14|
    |acc_292_fu_10906_p3          |    select|   0|  0|   14|           1|          14|
    |acc_293_fu_10900_p3          |    select|   0|  0|   14|           1|          14|
    |acc_295_fu_10930_p3          |    select|   0|  0|   14|           1|          14|
    |acc_296_fu_10924_p3          |    select|   0|  0|   14|           1|          14|
    |acc_298_fu_10954_p3          |    select|   0|  0|   14|           1|          14|
    |acc_299_fu_10948_p3          |    select|   0|  0|   14|           1|          14|
    |acc_301_fu_10978_p3          |    select|   0|  0|   14|           1|          14|
    |acc_302_fu_10972_p3          |    select|   0|  0|   14|           1|          14|
    |acc_304_fu_11002_p3          |    select|   0|  0|   14|           1|          14|
    |acc_305_fu_10996_p3          |    select|   0|  0|   14|           1|          14|
    |acc_307_fu_11026_p3          |    select|   0|  0|   14|           1|          14|
    |acc_308_fu_11020_p3          |    select|   0|  0|   14|           1|          14|
    |acc_310_fu_11050_p3          |    select|   0|  0|   14|           1|          14|
    |acc_311_fu_11044_p3          |    select|   0|  0|   14|           1|          14|
    |acc_313_fu_11074_p3          |    select|   0|  0|   14|           1|          14|
    |acc_314_fu_11068_p3          |    select|   0|  0|   14|           1|          14|
    |acc_316_fu_11098_p3          |    select|   0|  0|   14|           1|          14|
    |acc_317_fu_11092_p3          |    select|   0|  0|   14|           1|          14|
    |acc_319_fu_9598_p3           |    select|   0|  0|   14|           1|          14|
    |acc_320_fu_9592_p3           |    select|   0|  0|   14|           1|          14|
    |acc_321_fu_9616_p3           |    select|   0|  0|   14|           1|          14|
    |acc_322_fu_9622_p3           |    select|   0|  0|   14|           1|          14|
    |acc_323_fu_9640_p3           |    select|   0|  0|   14|           1|          14|
    |acc_324_fu_9646_p3           |    select|   0|  0|   14|           1|          14|
    |acc_325_fu_9664_p3           |    select|   0|  0|   14|           1|          14|
    |acc_326_fu_9670_p3           |    select|   0|  0|   14|           1|          14|
    |acc_327_fu_9688_p3           |    select|   0|  0|   14|           1|          14|
    |acc_328_fu_9694_p3           |    select|   0|  0|   14|           1|          14|
    |acc_329_fu_9712_p3           |    select|   0|  0|   14|           1|          14|
    |acc_330_fu_9718_p3           |    select|   0|  0|   14|           1|          14|
    |acc_331_fu_9736_p3           |    select|   0|  0|   14|           1|          14|
    |acc_332_fu_9742_p3           |    select|   0|  0|   14|           1|          14|
    |acc_333_fu_9760_p3           |    select|   0|  0|   14|           1|          14|
    |acc_334_fu_9766_p3           |    select|   0|  0|   14|           1|          14|
    |acc_335_fu_9784_p3           |    select|   0|  0|   14|           1|          14|
    |acc_336_fu_9790_p3           |    select|   0|  0|   14|           1|          14|
    |acc_337_fu_9808_p3           |    select|   0|  0|   14|           1|          14|
    |acc_338_fu_9814_p3           |    select|   0|  0|   14|           1|          14|
    |acc_339_fu_9832_p3           |    select|   0|  0|   14|           1|          14|
    |acc_340_fu_9838_p3           |    select|   0|  0|   14|           1|          14|
    |acc_341_fu_9856_p3           |    select|   0|  0|   14|           1|          14|
    |acc_342_fu_9862_p3           |    select|   0|  0|   14|           1|          14|
    |acc_343_fu_9880_p3           |    select|   0|  0|   14|           1|          14|
    |acc_344_fu_9886_p3           |    select|   0|  0|   14|           1|          14|
    |acc_345_fu_9904_p3           |    select|   0|  0|   14|           1|          14|
    |acc_346_fu_9910_p3           |    select|   0|  0|   14|           1|          14|
    |acc_347_fu_9928_p3           |    select|   0|  0|   14|           1|          14|
    |acc_348_fu_9934_p3           |    select|   0|  0|   14|           1|          14|
    |acc_349_fu_9952_p3           |    select|   0|  0|   14|           1|          14|
    |acc_350_fu_9958_p3           |    select|   0|  0|   14|           1|          14|
    |acc_351_fu_9976_p3           |    select|   0|  0|   14|           1|          14|
    |acc_352_fu_9982_p3           |    select|   0|  0|   14|           1|          14|
    |acc_353_fu_10000_p3          |    select|   0|  0|   14|           1|          14|
    |acc_354_fu_10006_p3          |    select|   0|  0|   14|           1|          14|
    |acc_355_fu_10024_p3          |    select|   0|  0|   14|           1|          14|
    |acc_356_fu_10030_p3          |    select|   0|  0|   14|           1|          14|
    |acc_357_fu_10048_p3          |    select|   0|  0|   14|           1|          14|
    |acc_358_fu_10054_p3          |    select|   0|  0|   14|           1|          14|
    |acc_359_fu_10072_p3          |    select|   0|  0|   14|           1|          14|
    |acc_360_fu_10078_p3          |    select|   0|  0|   14|           1|          14|
    |acc_361_fu_10096_p3          |    select|   0|  0|   14|           1|          14|
    |acc_362_fu_10102_p3          |    select|   0|  0|   14|           1|          14|
    |acc_363_fu_10120_p3          |    select|   0|  0|   14|           1|          14|
    |acc_364_fu_10126_p3          |    select|   0|  0|   14|           1|          14|
    |acc_365_fu_10144_p3          |    select|   0|  0|   14|           1|          14|
    |acc_366_fu_10150_p3          |    select|   0|  0|   14|           1|          14|
    |acc_367_fu_10168_p3          |    select|   0|  0|   14|           1|          14|
    |acc_368_fu_10174_p3          |    select|   0|  0|   14|           1|          14|
    |acc_369_fu_10192_p3          |    select|   0|  0|   14|           1|          14|
    |acc_370_fu_10198_p3          |    select|   0|  0|   14|           1|          14|
    |acc_371_fu_10216_p3          |    select|   0|  0|   14|           1|          14|
    |acc_372_fu_10222_p3          |    select|   0|  0|   14|           1|          14|
    |acc_373_fu_10240_p3          |    select|   0|  0|   14|           1|          14|
    |acc_374_fu_10246_p3          |    select|   0|  0|   14|           1|          14|
    |acc_375_fu_10264_p3          |    select|   0|  0|   14|           1|          14|
    |acc_376_fu_10270_p3          |    select|   0|  0|   14|           1|          14|
    |acc_377_fu_10288_p3          |    select|   0|  0|   14|           1|          14|
    |acc_378_fu_10294_p3          |    select|   0|  0|   14|           1|          14|
    |acc_379_fu_10312_p3          |    select|   0|  0|   14|           1|          14|
    |acc_380_fu_10318_p3          |    select|   0|  0|   14|           1|          14|
    |acc_381_fu_10336_p3          |    select|   0|  0|   14|           1|          14|
    |acc_382_fu_10342_p3          |    select|   0|  0|   14|           1|          14|
    |acc_383_fu_10360_p3          |    select|   0|  0|   14|           1|          14|
    |acc_384_fu_10366_p3          |    select|   0|  0|   14|           1|          14|
    |acc_385_fu_10384_p3          |    select|   0|  0|   14|           1|          14|
    |acc_386_fu_10390_p3          |    select|   0|  0|   14|           1|          14|
    |acc_387_fu_10408_p3          |    select|   0|  0|   14|           1|          14|
    |acc_388_fu_10414_p3          |    select|   0|  0|   14|           1|          14|
    |acc_389_fu_10432_p3          |    select|   0|  0|   14|           1|          14|
    |acc_390_fu_10438_p3          |    select|   0|  0|   14|           1|          14|
    |acc_391_fu_10456_p3          |    select|   0|  0|   14|           1|          14|
    |acc_392_fu_10462_p3          |    select|   0|  0|   14|           1|          14|
    |acc_393_fu_10480_p3          |    select|   0|  0|   14|           1|          14|
    |acc_394_fu_10486_p3          |    select|   0|  0|   14|           1|          14|
    |acc_395_fu_10504_p3          |    select|   0|  0|   14|           1|          14|
    |acc_396_fu_10510_p3          |    select|   0|  0|   14|           1|          14|
    |acc_397_fu_10528_p3          |    select|   0|  0|   14|           1|          14|
    |acc_398_fu_10534_p3          |    select|   0|  0|   14|           1|          14|
    |acc_399_fu_10552_p3          |    select|   0|  0|   14|           1|          14|
    |acc_400_fu_10558_p3          |    select|   0|  0|   14|           1|          14|
    |acc_401_fu_10576_p3          |    select|   0|  0|   14|           1|          14|
    |acc_402_fu_10582_p3          |    select|   0|  0|   14|           1|          14|
    |acc_403_fu_10600_p3          |    select|   0|  0|   14|           1|          14|
    |acc_404_fu_10606_p3          |    select|   0|  0|   14|           1|          14|
    |acc_405_fu_10624_p3          |    select|   0|  0|   14|           1|          14|
    |acc_406_fu_10630_p3          |    select|   0|  0|   14|           1|          14|
    |acc_407_fu_10648_p3          |    select|   0|  0|   14|           1|          14|
    |acc_408_fu_10654_p3          |    select|   0|  0|   14|           1|          14|
    |acc_409_fu_10672_p3          |    select|   0|  0|   14|           1|          14|
    |acc_410_fu_10678_p3          |    select|   0|  0|   14|           1|          14|
    |acc_411_fu_10696_p3          |    select|   0|  0|   14|           1|          14|
    |acc_412_fu_10702_p3          |    select|   0|  0|   14|           1|          14|
    |acc_413_fu_10720_p3          |    select|   0|  0|   14|           1|          14|
    |acc_414_fu_10726_p3          |    select|   0|  0|   14|           1|          14|
    |acc_415_fu_10744_p3          |    select|   0|  0|   14|           1|          14|
    |acc_416_fu_10750_p3          |    select|   0|  0|   14|           1|          14|
    |acc_417_fu_10768_p3          |    select|   0|  0|   14|           1|          14|
    |acc_418_fu_10774_p3          |    select|   0|  0|   14|           1|          14|
    |acc_419_fu_10792_p3          |    select|   0|  0|   14|           1|          14|
    |acc_420_fu_10798_p3          |    select|   0|  0|   14|           1|          14|
    |acc_421_fu_10816_p3          |    select|   0|  0|   14|           1|          14|
    |acc_422_fu_10822_p3          |    select|   0|  0|   14|           1|          14|
    |acc_423_fu_10840_p3          |    select|   0|  0|   14|           1|          14|
    |acc_424_fu_10846_p3          |    select|   0|  0|   14|           1|          14|
    |acc_425_fu_10864_p3          |    select|   0|  0|   14|           1|          14|
    |acc_426_fu_10870_p3          |    select|   0|  0|   14|           1|          14|
    |acc_427_fu_10888_p3          |    select|   0|  0|   14|           1|          14|
    |acc_428_fu_10894_p3          |    select|   0|  0|   14|           1|          14|
    |acc_429_fu_10912_p3          |    select|   0|  0|   14|           1|          14|
    |acc_430_fu_10918_p3          |    select|   0|  0|   14|           1|          14|
    |acc_431_fu_10936_p3          |    select|   0|  0|   14|           1|          14|
    |acc_432_fu_10942_p3          |    select|   0|  0|   14|           1|          14|
    |acc_433_fu_10960_p3          |    select|   0|  0|   14|           1|          14|
    |acc_434_fu_10966_p3          |    select|   0|  0|   14|           1|          14|
    |acc_435_fu_10984_p3          |    select|   0|  0|   14|           1|          14|
    |acc_436_fu_10990_p3          |    select|   0|  0|   14|           1|          14|
    |acc_437_fu_11008_p3          |    select|   0|  0|   14|           1|          14|
    |acc_438_fu_11014_p3          |    select|   0|  0|   14|           1|          14|
    |acc_439_fu_11032_p3          |    select|   0|  0|   14|           1|          14|
    |acc_440_fu_11038_p3          |    select|   0|  0|   14|           1|          14|
    |acc_441_fu_11056_p3          |    select|   0|  0|   14|           1|          14|
    |acc_442_fu_11062_p3          |    select|   0|  0|   14|           1|          14|
    |acc_443_fu_11080_p3          |    select|   0|  0|   14|           1|          14|
    |acc_444_fu_11086_p3          |    select|   0|  0|   14|           1|          14|
    |acc_445_fu_11104_p3          |    select|   0|  0|   14|           1|          14|
    |acc_446_fu_11110_p3          |    select|   0|  0|   14|           1|          14|
    |in_index_4_fu_3620_p3        |    select|   0|  0|   32|           1|           1|
    |select_ln144_100_fu_7868_p3  |    select|   0|  0|   14|           1|          14|
    |select_ln144_101_fu_7883_p3  |    select|   0|  0|   14|           1|          14|
    |select_ln144_102_fu_7916_p3  |    select|   0|  0|   14|           1|           1|
    |select_ln144_103_fu_7923_p3  |    select|   0|  0|   14|           1|          14|
    |select_ln144_104_fu_7938_p3  |    select|   0|  0|   14|           1|          14|
    |select_ln144_105_fu_7971_p3  |    select|   0|  0|   14|           1|           1|
    |select_ln144_106_fu_7978_p3  |    select|   0|  0|   14|           1|          14|
    |select_ln144_107_fu_7993_p3  |    select|   0|  0|   14|           1|          14|
    |select_ln144_108_fu_8026_p3  |    select|   0|  0|   14|           1|           1|
    |select_ln144_109_fu_8033_p3  |    select|   0|  0|   14|           1|          14|
    |select_ln144_10_fu_6218_p3   |    select|   0|  0|   14|           1|          14|
    |select_ln144_110_fu_8048_p3  |    select|   0|  0|   14|           1|          14|
    |select_ln144_111_fu_8081_p3  |    select|   0|  0|   14|           1|           1|
    |select_ln144_112_fu_8088_p3  |    select|   0|  0|   14|           1|          14|
    |select_ln144_113_fu_8103_p3  |    select|   0|  0|   14|           1|          14|
    |select_ln144_114_fu_8136_p3  |    select|   0|  0|   14|           1|           1|
    |select_ln144_115_fu_8143_p3  |    select|   0|  0|   14|           1|          14|
    |select_ln144_116_fu_8158_p3  |    select|   0|  0|   14|           1|          14|
    |select_ln144_117_fu_8191_p3  |    select|   0|  0|   14|           1|           1|
    |select_ln144_118_fu_8198_p3  |    select|   0|  0|   14|           1|          14|
    |select_ln144_119_fu_8213_p3  |    select|   0|  0|   14|           1|          14|
    |select_ln144_11_fu_6233_p3   |    select|   0|  0|   14|           1|          14|
    |select_ln144_120_fu_8246_p3  |    select|   0|  0|   14|           1|           1|
    |select_ln144_121_fu_8253_p3  |    select|   0|  0|   14|           1|          14|
    |select_ln144_122_fu_8268_p3  |    select|   0|  0|   14|           1|          14|
    |select_ln144_123_fu_8301_p3  |    select|   0|  0|   14|           1|           1|
    |select_ln144_124_fu_8308_p3  |    select|   0|  0|   14|           1|          14|
    |select_ln144_125_fu_8323_p3  |    select|   0|  0|   14|           1|          14|
    |select_ln144_126_fu_8356_p3  |    select|   0|  0|   14|           1|           1|
    |select_ln144_127_fu_8363_p3  |    select|   0|  0|   14|           1|          14|
    |select_ln144_128_fu_8378_p3  |    select|   0|  0|   14|           1|          14|
    |select_ln144_129_fu_8411_p3  |    select|   0|  0|   14|           1|           1|
    |select_ln144_12_fu_6266_p3   |    select|   0|  0|   14|           1|           1|
    |select_ln144_130_fu_8418_p3  |    select|   0|  0|   14|           1|          14|
    |select_ln144_131_fu_8433_p3  |    select|   0|  0|   14|           1|          14|
    |select_ln144_132_fu_8466_p3  |    select|   0|  0|   14|           1|           1|
    |select_ln144_133_fu_8473_p3  |    select|   0|  0|   14|           1|          14|
    |select_ln144_134_fu_8488_p3  |    select|   0|  0|   14|           1|          14|
    |select_ln144_135_fu_8521_p3  |    select|   0|  0|   14|           1|           1|
    |select_ln144_136_fu_8528_p3  |    select|   0|  0|   14|           1|          14|
    |select_ln144_137_fu_8543_p3  |    select|   0|  0|   14|           1|          14|
    |select_ln144_138_fu_8576_p3  |    select|   0|  0|   14|           1|           1|
    |select_ln144_139_fu_8583_p3  |    select|   0|  0|   14|           1|          14|
    |select_ln144_13_fu_6273_p3   |    select|   0|  0|   14|           1|          14|
    |select_ln144_140_fu_8598_p3  |    select|   0|  0|   14|           1|          14|
    |select_ln144_141_fu_8631_p3  |    select|   0|  0|   14|           1|           1|
    |select_ln144_142_fu_8638_p3  |    select|   0|  0|   14|           1|          14|
    |select_ln144_143_fu_8653_p3  |    select|   0|  0|   14|           1|          14|
    |select_ln144_144_fu_8686_p3  |    select|   0|  0|   14|           1|           1|
    |select_ln144_145_fu_8693_p3  |    select|   0|  0|   14|           1|          14|
    |select_ln144_146_fu_8708_p3  |    select|   0|  0|   14|           1|          14|
    |select_ln144_147_fu_8741_p3  |    select|   0|  0|   14|           1|           1|
    |select_ln144_148_fu_8748_p3  |    select|   0|  0|   14|           1|          14|
    |select_ln144_149_fu_8763_p3  |    select|   0|  0|   14|           1|          14|
    |select_ln144_14_fu_6288_p3   |    select|   0|  0|   14|           1|          14|
    |select_ln144_150_fu_8796_p3  |    select|   0|  0|   14|           1|           1|
    |select_ln144_151_fu_8803_p3  |    select|   0|  0|   14|           1|          14|
    |select_ln144_152_fu_8818_p3  |    select|   0|  0|   14|           1|          14|
    |select_ln144_153_fu_8851_p3  |    select|   0|  0|   14|           1|           1|
    |select_ln144_154_fu_8858_p3  |    select|   0|  0|   14|           1|          14|
    |select_ln144_155_fu_8873_p3  |    select|   0|  0|   14|           1|          14|
    |select_ln144_156_fu_8906_p3  |    select|   0|  0|   14|           1|           1|
    |select_ln144_157_fu_8913_p3  |    select|   0|  0|   14|           1|          14|
    |select_ln144_158_fu_8928_p3  |    select|   0|  0|   14|           1|          14|
    |select_ln144_159_fu_8961_p3  |    select|   0|  0|   14|           1|           1|
    |select_ln144_15_fu_6321_p3   |    select|   0|  0|   14|           1|           1|
    |select_ln144_160_fu_8968_p3  |    select|   0|  0|   14|           1|          14|
    |select_ln144_161_fu_8983_p3  |    select|   0|  0|   14|           1|          14|
    |select_ln144_162_fu_9016_p3  |    select|   0|  0|   14|           1|           1|
    |select_ln144_163_fu_9023_p3  |    select|   0|  0|   14|           1|          14|
    |select_ln144_164_fu_9038_p3  |    select|   0|  0|   14|           1|          14|
    |select_ln144_165_fu_9071_p3  |    select|   0|  0|   14|           1|           1|
    |select_ln144_166_fu_9078_p3  |    select|   0|  0|   14|           1|          14|
    |select_ln144_167_fu_9093_p3  |    select|   0|  0|   14|           1|          14|
    |select_ln144_168_fu_9126_p3  |    select|   0|  0|   14|           1|           1|
    |select_ln144_169_fu_9133_p3  |    select|   0|  0|   14|           1|          14|
    |select_ln144_16_fu_6328_p3   |    select|   0|  0|   14|           1|          14|
    |select_ln144_170_fu_9148_p3  |    select|   0|  0|   14|           1|          14|
    |select_ln144_171_fu_9181_p3  |    select|   0|  0|   14|           1|           1|
    |select_ln144_172_fu_9188_p3  |    select|   0|  0|   14|           1|          14|
    |select_ln144_173_fu_9203_p3  |    select|   0|  0|   14|           1|          14|
    |select_ln144_174_fu_9236_p3  |    select|   0|  0|   14|           1|           1|
    |select_ln144_175_fu_9243_p3  |    select|   0|  0|   14|           1|          14|
    |select_ln144_176_fu_9258_p3  |    select|   0|  0|   14|           1|          14|
    |select_ln144_177_fu_9291_p3  |    select|   0|  0|   14|           1|           1|
    |select_ln144_178_fu_9298_p3  |    select|   0|  0|   14|           1|          14|
    |select_ln144_179_fu_9313_p3  |    select|   0|  0|   14|           1|          14|
    |select_ln144_17_fu_6343_p3   |    select|   0|  0|   14|           1|          14|
    |select_ln144_180_fu_9346_p3  |    select|   0|  0|   14|           1|           1|
    |select_ln144_181_fu_9353_p3  |    select|   0|  0|   14|           1|          14|
    |select_ln144_182_fu_9368_p3  |    select|   0|  0|   14|           1|          14|
    |select_ln144_183_fu_9401_p3  |    select|   0|  0|   14|           1|           1|
    |select_ln144_184_fu_9408_p3  |    select|   0|  0|   14|           1|          14|
    |select_ln144_185_fu_9423_p3  |    select|   0|  0|   14|           1|          14|
    |select_ln144_186_fu_9456_p3  |    select|   0|  0|   14|           1|           1|
    |select_ln144_187_fu_9463_p3  |    select|   0|  0|   14|           1|          14|
    |select_ln144_188_fu_9478_p3  |    select|   0|  0|   14|           1|          14|
    |select_ln144_189_fu_9511_p3  |    select|   0|  0|   14|           1|           1|
    |select_ln144_18_fu_6376_p3   |    select|   0|  0|   14|           1|           1|
    |select_ln144_190_fu_9518_p3  |    select|   0|  0|   14|           1|          14|
    |select_ln144_191_fu_9533_p3  |    select|   0|  0|   14|           1|          14|
    |select_ln144_192_fu_9566_p3  |    select|   0|  0|   14|           1|           1|
    |select_ln144_193_fu_9573_p3  |    select|   0|  0|   14|           1|          14|
    |select_ln144_19_fu_6383_p3   |    select|   0|  0|   14|           1|          14|
    |select_ln144_1_fu_6101_p3    |    select|   0|  0|   14|           1|           1|
    |select_ln144_20_fu_6398_p3   |    select|   0|  0|   14|           1|          14|
    |select_ln144_21_fu_6431_p3   |    select|   0|  0|   14|           1|           1|
    |select_ln144_22_fu_6438_p3   |    select|   0|  0|   14|           1|          14|
    |select_ln144_23_fu_6453_p3   |    select|   0|  0|   14|           1|          14|
    |select_ln144_24_fu_6486_p3   |    select|   0|  0|   14|           1|           1|
    |select_ln144_25_fu_6493_p3   |    select|   0|  0|   14|           1|          14|
    |select_ln144_26_fu_6508_p3   |    select|   0|  0|   14|           1|          14|
    |select_ln144_27_fu_6541_p3   |    select|   0|  0|   14|           1|           1|
    |select_ln144_28_fu_6548_p3   |    select|   0|  0|   14|           1|          14|
    |select_ln144_29_fu_6563_p3   |    select|   0|  0|   14|           1|          14|
    |select_ln144_2_fu_6108_p3    |    select|   0|  0|   14|           1|          14|
    |select_ln144_30_fu_6596_p3   |    select|   0|  0|   14|           1|           1|
    |select_ln144_31_fu_6603_p3   |    select|   0|  0|   14|           1|          14|
    |select_ln144_32_fu_6618_p3   |    select|   0|  0|   14|           1|          14|
    |select_ln144_33_fu_6651_p3   |    select|   0|  0|   14|           1|           1|
    |select_ln144_34_fu_6658_p3   |    select|   0|  0|   14|           1|          14|
    |select_ln144_35_fu_6673_p3   |    select|   0|  0|   14|           1|          14|
    |select_ln144_36_fu_6706_p3   |    select|   0|  0|   14|           1|           1|
    |select_ln144_37_fu_6713_p3   |    select|   0|  0|   14|           1|          14|
    |select_ln144_38_fu_6728_p3   |    select|   0|  0|   14|           1|          14|
    |select_ln144_39_fu_6761_p3   |    select|   0|  0|   14|           1|           1|
    |select_ln144_3_fu_6123_p3    |    select|   0|  0|   14|           1|          14|
    |select_ln144_40_fu_6768_p3   |    select|   0|  0|   14|           1|          14|
    |select_ln144_41_fu_6783_p3   |    select|   0|  0|   14|           1|          14|
    |select_ln144_42_fu_6816_p3   |    select|   0|  0|   14|           1|           1|
    |select_ln144_43_fu_6823_p3   |    select|   0|  0|   14|           1|          14|
    |select_ln144_44_fu_6838_p3   |    select|   0|  0|   14|           1|          14|
    |select_ln144_45_fu_6871_p3   |    select|   0|  0|   14|           1|           1|
    |select_ln144_46_fu_6878_p3   |    select|   0|  0|   14|           1|          14|
    |select_ln144_47_fu_6893_p3   |    select|   0|  0|   14|           1|          14|
    |select_ln144_48_fu_6926_p3   |    select|   0|  0|   14|           1|           1|
    |select_ln144_49_fu_6933_p3   |    select|   0|  0|   14|           1|          14|
    |select_ln144_50_fu_6948_p3   |    select|   0|  0|   14|           1|          14|
    |select_ln144_51_fu_6981_p3   |    select|   0|  0|   14|           1|           1|
    |select_ln144_52_fu_6988_p3   |    select|   0|  0|   14|           1|          14|
    |select_ln144_53_fu_7003_p3   |    select|   0|  0|   14|           1|          14|
    |select_ln144_54_fu_7036_p3   |    select|   0|  0|   14|           1|           1|
    |select_ln144_55_fu_7043_p3   |    select|   0|  0|   14|           1|          14|
    |select_ln144_56_fu_7058_p3   |    select|   0|  0|   14|           1|          14|
    |select_ln144_57_fu_7091_p3   |    select|   0|  0|   14|           1|           1|
    |select_ln144_58_fu_7098_p3   |    select|   0|  0|   14|           1|          14|
    |select_ln144_59_fu_7113_p3   |    select|   0|  0|   14|           1|          14|
    |select_ln144_60_fu_7146_p3   |    select|   0|  0|   14|           1|           1|
    |select_ln144_61_fu_7153_p3   |    select|   0|  0|   14|           1|          14|
    |select_ln144_62_fu_7168_p3   |    select|   0|  0|   14|           1|          14|
    |select_ln144_63_fu_7201_p3   |    select|   0|  0|   14|           1|           1|
    |select_ln144_64_fu_7208_p3   |    select|   0|  0|   14|           1|          14|
    |select_ln144_65_fu_7223_p3   |    select|   0|  0|   14|           1|          14|
    |select_ln144_66_fu_7256_p3   |    select|   0|  0|   14|           1|           1|
    |select_ln144_67_fu_7263_p3   |    select|   0|  0|   14|           1|          14|
    |select_ln144_68_fu_7278_p3   |    select|   0|  0|   14|           1|          14|
    |select_ln144_69_fu_7311_p3   |    select|   0|  0|   14|           1|           1|
    |select_ln144_6_fu_6156_p3    |    select|   0|  0|   14|           1|           1|
    |select_ln144_70_fu_7318_p3   |    select|   0|  0|   14|           1|          14|
    |select_ln144_71_fu_7333_p3   |    select|   0|  0|   14|           1|          14|
    |select_ln144_72_fu_7366_p3   |    select|   0|  0|   14|           1|           1|
    |select_ln144_73_fu_7373_p3   |    select|   0|  0|   14|           1|          14|
    |select_ln144_74_fu_7388_p3   |    select|   0|  0|   14|           1|          14|
    |select_ln144_75_fu_7421_p3   |    select|   0|  0|   14|           1|           1|
    |select_ln144_76_fu_7428_p3   |    select|   0|  0|   14|           1|          14|
    |select_ln144_77_fu_7443_p3   |    select|   0|  0|   14|           1|          14|
    |select_ln144_78_fu_7476_p3   |    select|   0|  0|   14|           1|           1|
    |select_ln144_79_fu_7483_p3   |    select|   0|  0|   14|           1|          14|
    |select_ln144_7_fu_6163_p3    |    select|   0|  0|   14|           1|          14|
    |select_ln144_80_fu_7498_p3   |    select|   0|  0|   14|           1|          14|
    |select_ln144_81_fu_7531_p3   |    select|   0|  0|   14|           1|           1|
    |select_ln144_82_fu_7538_p3   |    select|   0|  0|   14|           1|          14|
    |select_ln144_83_fu_7553_p3   |    select|   0|  0|   14|           1|          14|
    |select_ln144_84_fu_7586_p3   |    select|   0|  0|   14|           1|           1|
    |select_ln144_85_fu_7593_p3   |    select|   0|  0|   14|           1|          14|
    |select_ln144_86_fu_7608_p3   |    select|   0|  0|   14|           1|          14|
    |select_ln144_87_fu_7641_p3   |    select|   0|  0|   14|           1|           1|
    |select_ln144_88_fu_7648_p3   |    select|   0|  0|   14|           1|          14|
    |select_ln144_89_fu_7663_p3   |    select|   0|  0|   14|           1|          14|
    |select_ln144_8_fu_6178_p3    |    select|   0|  0|   14|           1|          14|
    |select_ln144_90_fu_7696_p3   |    select|   0|  0|   14|           1|           1|
    |select_ln144_91_fu_7703_p3   |    select|   0|  0|   14|           1|          14|
    |select_ln144_92_fu_7718_p3   |    select|   0|  0|   14|           1|          14|
    |select_ln144_93_fu_7751_p3   |    select|   0|  0|   14|           1|           1|
    |select_ln144_94_fu_7758_p3   |    select|   0|  0|   14|           1|          14|
    |select_ln144_95_fu_7773_p3   |    select|   0|  0|   14|           1|          14|
    |select_ln144_96_fu_7806_p3   |    select|   0|  0|   14|           1|           1|
    |select_ln144_97_fu_7813_p3   |    select|   0|  0|   14|           1|          14|
    |select_ln144_98_fu_7828_p3   |    select|   0|  0|   14|           1|          14|
    |select_ln144_99_fu_7861_p3   |    select|   0|  0|   14|           1|           1|
    |select_ln144_9_fu_6211_p3    |    select|   0|  0|   14|           1|           1|
    |select_ln144_fu_6068_p3      |    select|   0|  0|   14|           1|          14|
    |ap_enable_pp0                |       xor|   0|  0|    2|           1|           2|
    +-----------------------------+----------+----+---+-----+------------+------------+
    |Total                        |          |   0|  0|11915|        3339|        9162|
    +-----------------------------+----------+----+---+-----+------------+------------+

    * Multiplexer: 
    +----------------------------------------------------------------------------------------------------------------+----+-----------+-----+-----------+
    |                                                      Name                                                      | LUT| Input Size| Bits| Total Bits|
    +----------------------------------------------------------------------------------------------------------------+----+-----------+-----+-----------+
    |ap_NS_fsm                                                                                                       |  13|          3|    1|          3|
    |ap_enable_reg_pp0_iter1                                                                                         |   9|          2|    1|          2|
    |ap_enable_reg_pp0_iter7                                                                                         |   9|          2|    1|          2|
    |ap_phi_mux_in_index_phi_fu_966_p6                                                                               |  13|          3|   32|         96|
    |ap_phi_mux_ir_phi_fu_504_p6                                                                                     |  13|          3|    6|         18|
    |ap_phi_mux_p_ZZN4nnet11lstm_staticI8ap_fixedILi14ELi7EL9ap_q_mode0EL9ap_o_mode3ELi0EES4_7con_66_phi_fu_980_p4   |  13|          3|   14|         42|
    |ap_phi_mux_p_ZZN4nnet11lstm_staticI8ap_fixedILi14ELi7EL9ap_q_mode0EL9ap_o_mode3ELi0EES4_7con_67_phi_fu_992_p4   |  13|          3|   14|         42|
    |ap_phi_mux_p_ZZN4nnet11lstm_staticI8ap_fixedILi14ELi7EL9ap_q_mode0EL9ap_o_mode3ELi0EES4_7con_68_phi_fu_1004_p4  |  13|          3|   14|         42|
    |ap_phi_mux_p_ZZN4nnet11lstm_staticI8ap_fixedILi14ELi7EL9ap_q_mode0EL9ap_o_mode3ELi0EES4_7con_69_phi_fu_1016_p4  |  13|          3|   14|         42|
    |ap_phi_mux_p_ZZN4nnet11lstm_staticI8ap_fixedILi14ELi7EL9ap_q_mode0EL9ap_o_mode3ELi0EES4_7con_70_phi_fu_1028_p4  |  13|          3|   14|         42|
    |ap_phi_mux_p_ZZN4nnet11lstm_staticI8ap_fixedILi14ELi7EL9ap_q_mode0EL9ap_o_mode3ELi0EES4_7con_71_phi_fu_1040_p4  |  13|          3|   14|         42|
    |ap_phi_mux_p_ZZN4nnet11lstm_staticI8ap_fixedILi14ELi7EL9ap_q_mode0EL9ap_o_mode3ELi0EES4_7con_72_phi_fu_1052_p4  |  13|          3|   14|         42|
    |ap_phi_mux_p_ZZN4nnet11lstm_staticI8ap_fixedILi14ELi7EL9ap_q_mode0EL9ap_o_mode3ELi0EES4_7con_73_phi_fu_1064_p4  |  13|          3|   14|         42|
    |ap_phi_mux_p_ZZN4nnet11lstm_staticI8ap_fixedILi14ELi7EL9ap_q_mode0EL9ap_o_mode3ELi0EES4_7con_74_phi_fu_1076_p4  |  13|          3|   14|         42|
    |ap_phi_mux_p_ZZN4nnet11lstm_staticI8ap_fixedILi14ELi7EL9ap_q_mode0EL9ap_o_mode3ELi0EES4_7con_75_phi_fu_1088_p4  |  13|          3|   14|         42|
    |ap_phi_mux_p_ZZN4nnet11lstm_staticI8ap_fixedILi14ELi7EL9ap_q_mode0EL9ap_o_mode3ELi0EES4_7con_76_phi_fu_1100_p4  |  13|          3|   14|         42|
    |ap_phi_mux_p_ZZN4nnet11lstm_staticI8ap_fixedILi14ELi7EL9ap_q_mode0EL9ap_o_mode3ELi0EES4_7con_77_phi_fu_1112_p4  |  13|          3|   14|         42|
    |ap_phi_mux_p_ZZN4nnet11lstm_staticI8ap_fixedILi14ELi7EL9ap_q_mode0EL9ap_o_mode3ELi0EES4_7con_78_phi_fu_1124_p4  |  13|          3|   14|         42|
    |ap_phi_mux_p_ZZN4nnet11lstm_staticI8ap_fixedILi14ELi7EL9ap_q_mode0EL9ap_o_mode3ELi0EES4_7con_79_phi_fu_1136_p4  |  13|          3|   14|         42|
    |ap_phi_mux_p_ZZN4nnet11lstm_staticI8ap_fixedILi14ELi7EL9ap_q_mode0EL9ap_o_mode3ELi0EES4_7con_80_phi_fu_1148_p4  |  13|          3|   14|         42|
    |ap_phi_mux_p_ZZN4nnet11lstm_staticI8ap_fixedILi14ELi7EL9ap_q_mode0EL9ap_o_mode3ELi0EES4_7con_81_phi_fu_1160_p4  |  13|          3|   14|         42|
    |ap_phi_mux_p_ZZN4nnet11lstm_staticI8ap_fixedILi14ELi7EL9ap_q_mode0EL9ap_o_mode3ELi0EES4_7con_82_phi_fu_1172_p4  |  13|          3|   14|         42|
    |ap_phi_mux_p_ZZN4nnet11lstm_staticI8ap_fixedILi14ELi7EL9ap_q_mode0EL9ap_o_mode3ELi0EES4_7con_83_phi_fu_1184_p4  |  13|          3|   14|         42|
    |ap_phi_mux_p_ZZN4nnet11lstm_staticI8ap_fixedILi14ELi7EL9ap_q_mode0EL9ap_o_mode3ELi0EES4_7con_84_phi_fu_1196_p4  |  13|          3|   14|         42|
    |ap_phi_mux_p_ZZN4nnet11lstm_staticI8ap_fixedILi14ELi7EL9ap_q_mode0EL9ap_o_mode3ELi0EES4_7con_85_phi_fu_1208_p4  |  13|          3|   14|         42|
    |ap_phi_mux_p_ZZN4nnet11lstm_staticI8ap_fixedILi14ELi7EL9ap_q_mode0EL9ap_o_mode3ELi0EES4_7con_86_phi_fu_1220_p4  |  13|          3|   14|         42|
    |ap_phi_mux_p_ZZN4nnet11lstm_staticI8ap_fixedILi14ELi7EL9ap_q_mode0EL9ap_o_mode3ELi0EES4_7con_87_phi_fu_1232_p4  |  13|          3|   14|         42|
    |ap_phi_mux_void_lstm_static_bool_ap_fixed_ap_fixed_ap_fixed_weight_t_recurrent_weight_t_30_phi_fu_1244_p4       |  13|          3|   14|         42|
    |ap_phi_mux_void_lstm_static_bool_ap_fixed_ap_fixed_ap_fixed_weight_t_recurrent_weight_t_31_phi_fu_1256_p4       |  13|          3|   14|         42|
    |ap_phi_mux_void_lstm_static_bool_ap_fixed_ap_fixed_ap_fixed_weight_t_recurrent_weight_t_32_phi_fu_1268_p4       |  13|          3|   14|         42|
    |ap_phi_mux_void_lstm_static_bool_ap_fixed_ap_fixed_ap_fixed_weight_t_recurrent_weight_t_33_phi_fu_1280_p4       |  13|          3|   14|         42|
    |ap_phi_mux_void_lstm_static_bool_ap_fixed_ap_fixed_ap_fixed_weight_t_recurrent_weight_t_34_phi_fu_1292_p4       |  13|          3|   14|         42|
    |ap_phi_mux_void_lstm_static_bool_ap_fixed_ap_fixed_ap_fixed_weight_t_recurrent_weight_t_35_phi_fu_1304_p4       |  13|          3|   14|         42|
    |ap_phi_mux_void_lstm_static_bool_ap_fixed_ap_fixed_ap_fixed_weight_t_recurrent_weight_t_36_phi_fu_1316_p4       |  13|          3|   14|         42|
    |ap_phi_mux_void_lstm_static_bool_ap_fixed_ap_fixed_ap_fixed_weight_t_recurrent_weight_t_37_phi_fu_1328_p4       |  13|          3|   14|         42|
    |ap_phi_mux_void_lstm_static_bool_ap_fixed_ap_fixed_ap_fixed_weight_t_recurrent_weight_t_38_phi_fu_1340_p4       |  13|          3|   14|         42|
    |ap_phi_mux_void_lstm_static_bool_ap_fixed_ap_fixed_ap_fixed_weight_t_recurrent_weight_t_39_phi_fu_1352_p4       |  13|          3|   14|         42|
    |ap_phi_mux_x_100_phi_fu_1769_p6                                                                                 |  13|          3|   14|         42|
    |ap_phi_mux_x_101_phi_fu_1754_p6                                                                                 |  13|          3|   14|         42|
    |ap_phi_mux_x_102_phi_fu_1739_p6                                                                                 |  13|          3|   14|         42|
    |ap_phi_mux_x_103_phi_fu_1724_p6                                                                                 |  13|          3|   14|         42|
    |ap_phi_mux_x_104_phi_fu_1709_p6                                                                                 |  13|          3|   14|         42|
    |ap_phi_mux_x_105_phi_fu_1694_p6                                                                                 |  13|          3|   14|         42|
    |ap_phi_mux_x_106_phi_fu_1679_p6                                                                                 |  13|          3|   14|         42|
    |ap_phi_mux_x_107_phi_fu_1664_p6                                                                                 |  13|          3|   14|         42|
    |ap_phi_mux_x_108_phi_fu_1649_p6                                                                                 |  13|          3|   14|         42|
    |ap_phi_mux_x_109_phi_fu_1634_p6                                                                                 |  13|          3|   14|         42|
    |ap_phi_mux_x_10_phi_fu_3119_p6                                                                                  |  13|          3|   14|         42|
    |ap_phi_mux_x_110_phi_fu_1619_p6                                                                                 |  13|          3|   14|         42|
    |ap_phi_mux_x_111_phi_fu_1604_p6                                                                                 |  13|          3|   14|         42|
    |ap_phi_mux_x_112_phi_fu_1589_p6                                                                                 |  13|          3|   14|         42|
    |ap_phi_mux_x_113_phi_fu_1574_p6                                                                                 |  13|          3|   14|         42|
    |ap_phi_mux_x_114_phi_fu_1559_p6                                                                                 |  13|          3|   14|         42|
    |ap_phi_mux_x_115_phi_fu_1544_p6                                                                                 |  13|          3|   14|         42|
    |ap_phi_mux_x_116_phi_fu_1529_p6                                                                                 |  13|          3|   14|         42|
    |ap_phi_mux_x_117_phi_fu_1514_p6                                                                                 |  13|          3|   14|         42|
    |ap_phi_mux_x_118_phi_fu_1499_p6                                                                                 |  13|          3|   14|         42|
    |ap_phi_mux_x_119_phi_fu_1484_p6                                                                                 |  13|          3|   14|         42|
    |ap_phi_mux_x_11_phi_fu_3104_p6                                                                                  |  13|          3|   14|         42|
    |ap_phi_mux_x_120_phi_fu_1469_p6                                                                                 |  13|          3|   14|         42|
    |ap_phi_mux_x_121_phi_fu_1454_p6                                                                                 |  13|          3|   14|         42|
    |ap_phi_mux_x_122_phi_fu_1439_p6                                                                                 |  13|          3|   14|         42|
    |ap_phi_mux_x_123_phi_fu_1424_p6                                                                                 |  13|          3|   14|         42|
    |ap_phi_mux_x_124_phi_fu_1409_p6                                                                                 |  13|          3|   14|         42|
    |ap_phi_mux_x_125_phi_fu_1394_p6                                                                                 |  13|          3|   14|         42|
    |ap_phi_mux_x_126_phi_fu_1379_p6                                                                                 |  13|          3|   14|         42|
    |ap_phi_mux_x_127_phi_fu_1364_p6                                                                                 |  13|          3|   14|         42|
    |ap_phi_mux_x_12_phi_fu_3089_p6                                                                                  |  13|          3|   14|         42|
    |ap_phi_mux_x_13_phi_fu_3074_p6                                                                                  |  13|          3|   14|         42|
    |ap_phi_mux_x_14_phi_fu_3059_p6                                                                                  |  13|          3|   14|         42|
    |ap_phi_mux_x_15_phi_fu_3044_p6                                                                                  |  13|          3|   14|         42|
    |ap_phi_mux_x_16_phi_fu_3029_p6                                                                                  |  13|          3|   14|         42|
    |ap_phi_mux_x_17_phi_fu_3014_p6                                                                                  |  13|          3|   14|         42|
    |ap_phi_mux_x_18_phi_fu_2999_p6                                                                                  |  13|          3|   14|         42|
    |ap_phi_mux_x_19_phi_fu_2984_p6                                                                                  |  13|          3|   14|         42|
    |ap_phi_mux_x_1_phi_fu_3254_p6                                                                                   |  13|          3|   14|         42|
    |ap_phi_mux_x_20_phi_fu_2969_p6                                                                                  |  13|          3|   14|         42|
    |ap_phi_mux_x_21_phi_fu_2954_p6                                                                                  |  13|          3|   14|         42|
    |ap_phi_mux_x_22_phi_fu_2939_p6                                                                                  |  13|          3|   14|         42|
    |ap_phi_mux_x_23_phi_fu_2924_p6                                                                                  |  13|          3|   14|         42|
    |ap_phi_mux_x_24_phi_fu_2909_p6                                                                                  |  13|          3|   14|         42|
    |ap_phi_mux_x_25_phi_fu_2894_p6                                                                                  |  13|          3|   14|         42|
    |ap_phi_mux_x_26_phi_fu_2879_p6                                                                                  |  13|          3|   14|         42|
    |ap_phi_mux_x_27_phi_fu_2864_p6                                                                                  |  13|          3|   14|         42|
    |ap_phi_mux_x_28_phi_fu_2849_p6                                                                                  |  13|          3|   14|         42|
    |ap_phi_mux_x_29_phi_fu_2834_p6                                                                                  |  13|          3|   14|         42|
    |ap_phi_mux_x_2_phi_fu_3239_p6                                                                                   |  13|          3|   14|         42|
    |ap_phi_mux_x_30_phi_fu_2819_p6                                                                                  |  13|          3|   14|         42|
    |ap_phi_mux_x_31_phi_fu_2804_p6                                                                                  |  13|          3|   14|         42|
    |ap_phi_mux_x_32_phi_fu_2789_p6                                                                                  |  13|          3|   14|         42|
    |ap_phi_mux_x_33_phi_fu_2774_p6                                                                                  |  13|          3|   14|         42|
    |ap_phi_mux_x_34_phi_fu_2759_p6                                                                                  |  13|          3|   14|         42|
    |ap_phi_mux_x_35_phi_fu_2744_p6                                                                                  |  13|          3|   14|         42|
    |ap_phi_mux_x_36_phi_fu_2729_p6                                                                                  |  13|          3|   14|         42|
    |ap_phi_mux_x_37_phi_fu_2714_p6                                                                                  |  13|          3|   14|         42|
    |ap_phi_mux_x_38_phi_fu_2699_p6                                                                                  |  13|          3|   14|         42|
    |ap_phi_mux_x_39_phi_fu_2684_p6                                                                                  |  13|          3|   14|         42|
    |ap_phi_mux_x_3_phi_fu_3224_p6                                                                                   |  13|          3|   14|         42|
    |ap_phi_mux_x_40_phi_fu_2669_p6                                                                                  |  13|          3|   14|         42|
    |ap_phi_mux_x_41_phi_fu_2654_p6                                                                                  |  13|          3|   14|         42|
    |ap_phi_mux_x_42_phi_fu_2639_p6                                                                                  |  13|          3|   14|         42|
    |ap_phi_mux_x_43_phi_fu_2624_p6                                                                                  |  13|          3|   14|         42|
    |ap_phi_mux_x_44_phi_fu_2609_p6                                                                                  |  13|          3|   14|         42|
    |ap_phi_mux_x_45_phi_fu_2594_p6                                                                                  |  13|          3|   14|         42|
    |ap_phi_mux_x_46_phi_fu_2579_p6                                                                                  |  13|          3|   14|         42|
    |ap_phi_mux_x_47_phi_fu_2564_p6                                                                                  |  13|          3|   14|         42|
    |ap_phi_mux_x_48_phi_fu_2549_p6                                                                                  |  13|          3|   14|         42|
    |ap_phi_mux_x_49_phi_fu_2534_p6                                                                                  |  13|          3|   14|         42|
    |ap_phi_mux_x_4_phi_fu_3209_p6                                                                                   |  13|          3|   14|         42|
    |ap_phi_mux_x_50_phi_fu_2519_p6                                                                                  |  13|          3|   14|         42|
    |ap_phi_mux_x_51_phi_fu_2504_p6                                                                                  |  13|          3|   14|         42|
    |ap_phi_mux_x_52_phi_fu_2489_p6                                                                                  |  13|          3|   14|         42|
    |ap_phi_mux_x_53_phi_fu_2474_p6                                                                                  |  13|          3|   14|         42|
    |ap_phi_mux_x_54_phi_fu_2459_p6                                                                                  |  13|          3|   14|         42|
    |ap_phi_mux_x_55_phi_fu_2444_p6                                                                                  |  13|          3|   14|         42|
    |ap_phi_mux_x_56_phi_fu_2429_p6                                                                                  |  13|          3|   14|         42|
    |ap_phi_mux_x_57_phi_fu_2414_p6                                                                                  |  13|          3|   14|         42|
    |ap_phi_mux_x_58_phi_fu_2399_p6                                                                                  |  13|          3|   14|         42|
    |ap_phi_mux_x_59_phi_fu_2384_p6                                                                                  |  13|          3|   14|         42|
    |ap_phi_mux_x_5_phi_fu_3194_p6                                                                                   |  13|          3|   14|         42|
    |ap_phi_mux_x_60_phi_fu_2369_p6                                                                                  |  13|          3|   14|         42|
    |ap_phi_mux_x_61_phi_fu_2354_p6                                                                                  |  13|          3|   14|         42|
    |ap_phi_mux_x_62_phi_fu_2339_p6                                                                                  |  13|          3|   14|         42|
    |ap_phi_mux_x_63_phi_fu_2324_p6                                                                                  |  13|          3|   14|         42|
    |ap_phi_mux_x_64_phi_fu_2309_p6                                                                                  |  13|          3|   14|         42|
    |ap_phi_mux_x_65_phi_fu_2294_p6                                                                                  |  13|          3|   14|         42|
    |ap_phi_mux_x_66_phi_fu_2279_p6                                                                                  |  13|          3|   14|         42|
    |ap_phi_mux_x_67_phi_fu_2264_p6                                                                                  |  13|          3|   14|         42|
    |ap_phi_mux_x_68_phi_fu_2249_p6                                                                                  |  13|          3|   14|         42|
    |ap_phi_mux_x_69_phi_fu_2234_p6                                                                                  |  13|          3|   14|         42|
    |ap_phi_mux_x_6_phi_fu_3179_p6                                                                                   |  13|          3|   14|         42|
    |ap_phi_mux_x_70_phi_fu_2219_p6                                                                                  |  13|          3|   14|         42|
    |ap_phi_mux_x_71_phi_fu_2204_p6                                                                                  |  13|          3|   14|         42|
    |ap_phi_mux_x_72_phi_fu_2189_p6                                                                                  |  13|          3|   14|         42|
    |ap_phi_mux_x_73_phi_fu_2174_p6                                                                                  |  13|          3|   14|         42|
    |ap_phi_mux_x_74_phi_fu_2159_p6                                                                                  |  13|          3|   14|         42|
    |ap_phi_mux_x_75_phi_fu_2144_p6                                                                                  |  13|          3|   14|         42|
    |ap_phi_mux_x_76_phi_fu_2129_p6                                                                                  |  13|          3|   14|         42|
    |ap_phi_mux_x_77_phi_fu_2114_p6                                                                                  |  13|          3|   14|         42|
    |ap_phi_mux_x_78_phi_fu_2099_p6                                                                                  |  13|          3|   14|         42|
    |ap_phi_mux_x_79_phi_fu_2084_p6                                                                                  |  13|          3|   14|         42|
    |ap_phi_mux_x_7_phi_fu_3164_p6                                                                                   |  13|          3|   14|         42|
    |ap_phi_mux_x_80_phi_fu_2069_p6                                                                                  |  13|          3|   14|         42|
    |ap_phi_mux_x_81_phi_fu_2054_p6                                                                                  |  13|          3|   14|         42|
    |ap_phi_mux_x_82_phi_fu_2039_p6                                                                                  |  13|          3|   14|         42|
    |ap_phi_mux_x_83_phi_fu_2024_p6                                                                                  |  13|          3|   14|         42|
    |ap_phi_mux_x_84_phi_fu_2009_p6                                                                                  |  13|          3|   14|         42|
    |ap_phi_mux_x_85_phi_fu_1994_p6                                                                                  |  13|          3|   14|         42|
    |ap_phi_mux_x_86_phi_fu_1979_p6                                                                                  |  13|          3|   14|         42|
    |ap_phi_mux_x_87_phi_fu_1964_p6                                                                                  |  13|          3|   14|         42|
    |ap_phi_mux_x_88_phi_fu_1949_p6                                                                                  |  13|          3|   14|         42|
    |ap_phi_mux_x_89_phi_fu_1934_p6                                                                                  |  13|          3|   14|         42|
    |ap_phi_mux_x_8_phi_fu_3149_p6                                                                                   |  13|          3|   14|         42|
    |ap_phi_mux_x_90_phi_fu_1919_p6                                                                                  |  13|          3|   14|         42|
    |ap_phi_mux_x_91_phi_fu_1904_p6                                                                                  |  13|          3|   14|         42|
    |ap_phi_mux_x_92_phi_fu_1889_p6                                                                                  |  13|          3|   14|         42|
    |ap_phi_mux_x_93_phi_fu_1874_p6                                                                                  |  13|          3|   14|         42|
    |ap_phi_mux_x_94_phi_fu_1859_p6                                                                                  |  13|          3|   14|         42|
    |ap_phi_mux_x_95_phi_fu_1844_p6                                                                                  |  13|          3|   14|         42|
    |ap_phi_mux_x_96_phi_fu_1829_p6                                                                                  |  13|          3|   14|         42|
    |ap_phi_mux_x_97_phi_fu_1814_p6                                                                                  |  13|          3|   14|         42|
    |ap_phi_mux_x_98_phi_fu_1799_p6                                                                                  |  13|          3|   14|         42|
    |ap_phi_mux_x_99_phi_fu_1784_p6                                                                                  |  13|          3|   14|         42|
    |ap_phi_mux_x_9_phi_fu_3134_p6                                                                                   |  13|          3|   14|         42|
    |ap_phi_mux_x_phi_fu_3269_p6                                                                                     |  13|          3|   14|         42|
    |in_index_reg_962                                                                                                |   9|          2|   32|         64|
    |ir_reg_500                                                                                                      |   9|          2|    6|         12|
    |p_ZZN4nnet11lstm_staticI8ap_fixedILi14ELi7EL9ap_q_mode0EL9ap_o_mode3ELi0EES4_7con_66_reg_976                    |  13|          3|   14|         42|
    |p_ZZN4nnet11lstm_staticI8ap_fixedILi14ELi7EL9ap_q_mode0EL9ap_o_mode3ELi0EES4_7con_67_reg_988                    |  13|          3|   14|         42|
    |p_ZZN4nnet11lstm_staticI8ap_fixedILi14ELi7EL9ap_q_mode0EL9ap_o_mode3ELi0EES4_7con_68_reg_1000                   |  13|          3|   14|         42|
    |p_ZZN4nnet11lstm_staticI8ap_fixedILi14ELi7EL9ap_q_mode0EL9ap_o_mode3ELi0EES4_7con_69_reg_1012                   |  13|          3|   14|         42|
    |p_ZZN4nnet11lstm_staticI8ap_fixedILi14ELi7EL9ap_q_mode0EL9ap_o_mode3ELi0EES4_7con_70_reg_1024                   |  13|          3|   14|         42|
    |p_ZZN4nnet11lstm_staticI8ap_fixedILi14ELi7EL9ap_q_mode0EL9ap_o_mode3ELi0EES4_7con_71_reg_1036                   |  13|          3|   14|         42|
    |p_ZZN4nnet11lstm_staticI8ap_fixedILi14ELi7EL9ap_q_mode0EL9ap_o_mode3ELi0EES4_7con_72_reg_1048                   |  13|          3|   14|         42|
    |p_ZZN4nnet11lstm_staticI8ap_fixedILi14ELi7EL9ap_q_mode0EL9ap_o_mode3ELi0EES4_7con_73_reg_1060                   |  13|          3|   14|         42|
    |p_ZZN4nnet11lstm_staticI8ap_fixedILi14ELi7EL9ap_q_mode0EL9ap_o_mode3ELi0EES4_7con_74_reg_1072                   |  13|          3|   14|         42|
    |p_ZZN4nnet11lstm_staticI8ap_fixedILi14ELi7EL9ap_q_mode0EL9ap_o_mode3ELi0EES4_7con_75_reg_1084                   |  13|          3|   14|         42|
    |p_ZZN4nnet11lstm_staticI8ap_fixedILi14ELi7EL9ap_q_mode0EL9ap_o_mode3ELi0EES4_7con_76_reg_1096                   |  13|          3|   14|         42|
    |p_ZZN4nnet11lstm_staticI8ap_fixedILi14ELi7EL9ap_q_mode0EL9ap_o_mode3ELi0EES4_7con_77_reg_1108                   |  13|          3|   14|         42|
    |p_ZZN4nnet11lstm_staticI8ap_fixedILi14ELi7EL9ap_q_mode0EL9ap_o_mode3ELi0EES4_7con_78_reg_1120                   |  13|          3|   14|         42|
    |p_ZZN4nnet11lstm_staticI8ap_fixedILi14ELi7EL9ap_q_mode0EL9ap_o_mode3ELi0EES4_7con_79_reg_1132                   |  13|          3|   14|         42|
    |p_ZZN4nnet11lstm_staticI8ap_fixedILi14ELi7EL9ap_q_mode0EL9ap_o_mode3ELi0EES4_7con_80_reg_1144                   |  13|          3|   14|         42|
    |p_ZZN4nnet11lstm_staticI8ap_fixedILi14ELi7EL9ap_q_mode0EL9ap_o_mode3ELi0EES4_7con_81_reg_1156                   |  13|          3|   14|         42|
    |p_ZZN4nnet11lstm_staticI8ap_fixedILi14ELi7EL9ap_q_mode0EL9ap_o_mode3ELi0EES4_7con_82_reg_1168                   |  13|          3|   14|         42|
    |p_ZZN4nnet11lstm_staticI8ap_fixedILi14ELi7EL9ap_q_mode0EL9ap_o_mode3ELi0EES4_7con_83_reg_1180                   |  13|          3|   14|         42|
    |p_ZZN4nnet11lstm_staticI8ap_fixedILi14ELi7EL9ap_q_mode0EL9ap_o_mode3ELi0EES4_7con_84_reg_1192                   |  13|          3|   14|         42|
    |p_ZZN4nnet11lstm_staticI8ap_fixedILi14ELi7EL9ap_q_mode0EL9ap_o_mode3ELi0EES4_7con_85_reg_1204                   |  13|          3|   14|         42|
    |p_ZZN4nnet11lstm_staticI8ap_fixedILi14ELi7EL9ap_q_mode0EL9ap_o_mode3ELi0EES4_7con_86_reg_1216                   |  13|          3|   14|         42|
    |p_ZZN4nnet11lstm_staticI8ap_fixedILi14ELi7EL9ap_q_mode0EL9ap_o_mode3ELi0EES4_7con_87_reg_1228                   |  13|          3|   14|         42|
    |void_lstm_static_bool_ap_fixed_ap_fixed_ap_fixed_weight_t_recurrent_weight_t_30_reg_1240                        |  13|          3|   14|         42|
    |void_lstm_static_bool_ap_fixed_ap_fixed_ap_fixed_weight_t_recurrent_weight_t_31_reg_1252                        |  13|          3|   14|         42|
    |void_lstm_static_bool_ap_fixed_ap_fixed_ap_fixed_weight_t_recurrent_weight_t_32_reg_1264                        |  13|          3|   14|         42|
    |void_lstm_static_bool_ap_fixed_ap_fixed_ap_fixed_weight_t_recurrent_weight_t_33_reg_1276                        |  13|          3|   14|         42|
    |void_lstm_static_bool_ap_fixed_ap_fixed_ap_fixed_weight_t_recurrent_weight_t_34_reg_1288                        |  13|          3|   14|         42|
    |void_lstm_static_bool_ap_fixed_ap_fixed_ap_fixed_weight_t_recurrent_weight_t_35_reg_1300                        |  13|          3|   14|         42|
    |void_lstm_static_bool_ap_fixed_ap_fixed_ap_fixed_weight_t_recurrent_weight_t_36_reg_1312                        |  13|          3|   14|         42|
    |void_lstm_static_bool_ap_fixed_ap_fixed_ap_fixed_weight_t_recurrent_weight_t_37_reg_1324                        |  13|          3|   14|         42|
    |void_lstm_static_bool_ap_fixed_ap_fixed_ap_fixed_weight_t_recurrent_weight_t_38_reg_1336                        |  13|          3|   14|         42|
    |void_lstm_static_bool_ap_fixed_ap_fixed_ap_fixed_weight_t_recurrent_weight_t_39_reg_1348                        |  13|          3|   14|         42|
    |x_100_reg_1765                                                                                                  |   9|          2|   14|         28|
    |x_101_reg_1750                                                                                                  |   9|          2|   14|         28|
    |x_102_reg_1735                                                                                                  |   9|          2|   14|         28|
    |x_103_reg_1720                                                                                                  |   9|          2|   14|         28|
    |x_104_reg_1705                                                                                                  |   9|          2|   14|         28|
    |x_105_reg_1690                                                                                                  |   9|          2|   14|         28|
    |x_106_reg_1675                                                                                                  |   9|          2|   14|         28|
    |x_107_reg_1660                                                                                                  |   9|          2|   14|         28|
    |x_108_reg_1645                                                                                                  |   9|          2|   14|         28|
    |x_109_reg_1630                                                                                                  |   9|          2|   14|         28|
    |x_10_reg_3115                                                                                                   |   9|          2|   14|         28|
    |x_110_reg_1615                                                                                                  |   9|          2|   14|         28|
    |x_111_reg_1600                                                                                                  |   9|          2|   14|         28|
    |x_112_reg_1585                                                                                                  |   9|          2|   14|         28|
    |x_113_reg_1570                                                                                                  |   9|          2|   14|         28|
    |x_114_reg_1555                                                                                                  |   9|          2|   14|         28|
    |x_115_reg_1540                                                                                                  |   9|          2|   14|         28|
    |x_116_reg_1525                                                                                                  |   9|          2|   14|         28|
    |x_117_reg_1510                                                                                                  |   9|          2|   14|         28|
    |x_118_reg_1495                                                                                                  |   9|          2|   14|         28|
    |x_119_reg_1480                                                                                                  |   9|          2|   14|         28|
    |x_11_reg_3100                                                                                                   |   9|          2|   14|         28|
    |x_120_reg_1465                                                                                                  |   9|          2|   14|         28|
    |x_121_reg_1450                                                                                                  |   9|          2|   14|         28|
    |x_122_reg_1435                                                                                                  |   9|          2|   14|         28|
    |x_123_reg_1420                                                                                                  |   9|          2|   14|         28|
    |x_124_reg_1405                                                                                                  |   9|          2|   14|         28|
    |x_125_reg_1390                                                                                                  |   9|          2|   14|         28|
    |x_126_reg_1375                                                                                                  |   9|          2|   14|         28|
    |x_127_reg_1360                                                                                                  |   9|          2|   14|         28|
    |x_12_reg_3085                                                                                                   |   9|          2|   14|         28|
    |x_13_reg_3070                                                                                                   |   9|          2|   14|         28|
    |x_14_reg_3055                                                                                                   |   9|          2|   14|         28|
    |x_15_reg_3040                                                                                                   |   9|          2|   14|         28|
    |x_16_reg_3025                                                                                                   |   9|          2|   14|         28|
    |x_17_reg_3010                                                                                                   |   9|          2|   14|         28|
    |x_18_reg_2995                                                                                                   |   9|          2|   14|         28|
    |x_19_reg_2980                                                                                                   |   9|          2|   14|         28|
    |x_1_reg_3250                                                                                                    |   9|          2|   14|         28|
    |x_20_reg_2965                                                                                                   |   9|          2|   14|         28|
    |x_21_reg_2950                                                                                                   |   9|          2|   14|         28|
    |x_22_reg_2935                                                                                                   |   9|          2|   14|         28|
    |x_23_reg_2920                                                                                                   |   9|          2|   14|         28|
    |x_24_reg_2905                                                                                                   |   9|          2|   14|         28|
    |x_25_reg_2890                                                                                                   |   9|          2|   14|         28|
    |x_26_reg_2875                                                                                                   |   9|          2|   14|         28|
    |x_27_reg_2860                                                                                                   |   9|          2|   14|         28|
    |x_28_reg_2845                                                                                                   |   9|          2|   14|         28|
    |x_29_reg_2830                                                                                                   |   9|          2|   14|         28|
    |x_2_reg_3235                                                                                                    |   9|          2|   14|         28|
    |x_30_reg_2815                                                                                                   |   9|          2|   14|         28|
    |x_31_reg_2800                                                                                                   |   9|          2|   14|         28|
    |x_32_reg_2785                                                                                                   |   9|          2|   14|         28|
    |x_33_reg_2770                                                                                                   |   9|          2|   14|         28|
    |x_34_reg_2755                                                                                                   |   9|          2|   14|         28|
    |x_35_reg_2740                                                                                                   |   9|          2|   14|         28|
    |x_36_reg_2725                                                                                                   |   9|          2|   14|         28|
    |x_37_reg_2710                                                                                                   |   9|          2|   14|         28|
    |x_38_reg_2695                                                                                                   |   9|          2|   14|         28|
    |x_39_reg_2680                                                                                                   |   9|          2|   14|         28|
    |x_3_reg_3220                                                                                                    |   9|          2|   14|         28|
    |x_40_reg_2665                                                                                                   |   9|          2|   14|         28|
    |x_41_reg_2650                                                                                                   |   9|          2|   14|         28|
    |x_42_reg_2635                                                                                                   |   9|          2|   14|         28|
    |x_43_reg_2620                                                                                                   |   9|          2|   14|         28|
    |x_44_reg_2605                                                                                                   |   9|          2|   14|         28|
    |x_45_reg_2590                                                                                                   |   9|          2|   14|         28|
    |x_46_reg_2575                                                                                                   |   9|          2|   14|         28|
    |x_47_reg_2560                                                                                                   |   9|          2|   14|         28|
    |x_48_reg_2545                                                                                                   |   9|          2|   14|         28|
    |x_49_reg_2530                                                                                                   |   9|          2|   14|         28|
    |x_4_reg_3205                                                                                                    |   9|          2|   14|         28|
    |x_50_reg_2515                                                                                                   |   9|          2|   14|         28|
    |x_51_reg_2500                                                                                                   |   9|          2|   14|         28|
    |x_52_reg_2485                                                                                                   |   9|          2|   14|         28|
    |x_53_reg_2470                                                                                                   |   9|          2|   14|         28|
    |x_54_reg_2455                                                                                                   |   9|          2|   14|         28|
    |x_55_reg_2440                                                                                                   |   9|          2|   14|         28|
    |x_56_reg_2425                                                                                                   |   9|          2|   14|         28|
    |x_57_reg_2410                                                                                                   |   9|          2|   14|         28|
    |x_58_reg_2395                                                                                                   |   9|          2|   14|         28|
    |x_59_reg_2380                                                                                                   |   9|          2|   14|         28|
    |x_5_reg_3190                                                                                                    |   9|          2|   14|         28|
    |x_60_reg_2365                                                                                                   |   9|          2|   14|         28|
    |x_61_reg_2350                                                                                                   |   9|          2|   14|         28|
    |x_62_reg_2335                                                                                                   |   9|          2|   14|         28|
    |x_63_reg_2320                                                                                                   |   9|          2|   14|         28|
    |x_64_reg_2305                                                                                                   |   9|          2|   14|         28|
    |x_65_reg_2290                                                                                                   |   9|          2|   14|         28|
    |x_66_reg_2275                                                                                                   |   9|          2|   14|         28|
    |x_67_reg_2260                                                                                                   |   9|          2|   14|         28|
    |x_68_reg_2245                                                                                                   |   9|          2|   14|         28|
    |x_69_reg_2230                                                                                                   |   9|          2|   14|         28|
    |x_6_reg_3175                                                                                                    |   9|          2|   14|         28|
    |x_70_reg_2215                                                                                                   |   9|          2|   14|         28|
    |x_71_reg_2200                                                                                                   |   9|          2|   14|         28|
    |x_72_reg_2185                                                                                                   |   9|          2|   14|         28|
    |x_73_reg_2170                                                                                                   |   9|          2|   14|         28|
    |x_74_reg_2155                                                                                                   |   9|          2|   14|         28|
    |x_75_reg_2140                                                                                                   |   9|          2|   14|         28|
    |x_76_reg_2125                                                                                                   |   9|          2|   14|         28|
    |x_77_reg_2110                                                                                                   |   9|          2|   14|         28|
    |x_78_reg_2095                                                                                                   |   9|          2|   14|         28|
    |x_79_reg_2080                                                                                                   |   9|          2|   14|         28|
    |x_7_reg_3160                                                                                                    |   9|          2|   14|         28|
    |x_80_reg_2065                                                                                                   |   9|          2|   14|         28|
    |x_81_reg_2050                                                                                                   |   9|          2|   14|         28|
    |x_82_reg_2035                                                                                                   |   9|          2|   14|         28|
    |x_83_reg_2020                                                                                                   |   9|          2|   14|         28|
    |x_84_reg_2005                                                                                                   |   9|          2|   14|         28|
    |x_85_reg_1990                                                                                                   |   9|          2|   14|         28|
    |x_86_reg_1975                                                                                                   |   9|          2|   14|         28|
    |x_87_reg_1960                                                                                                   |   9|          2|   14|         28|
    |x_88_reg_1945                                                                                                   |   9|          2|   14|         28|
    |x_89_reg_1930                                                                                                   |   9|          2|   14|         28|
    |x_8_reg_3145                                                                                                    |   9|          2|   14|         28|
    |x_90_reg_1915                                                                                                   |   9|          2|   14|         28|
    |x_91_reg_1900                                                                                                   |   9|          2|   14|         28|
    |x_92_reg_1885                                                                                                   |   9|          2|   14|         28|
    |x_93_reg_1870                                                                                                   |   9|          2|   14|         28|
    |x_94_reg_1855                                                                                                   |   9|          2|   14|         28|
    |x_95_reg_1840                                                                                                   |   9|          2|   14|         28|
    |x_96_reg_1825                                                                                                   |   9|          2|   14|         28|
    |x_97_reg_1810                                                                                                   |   9|          2|   14|         28|
    |x_98_reg_1795                                                                                                   |   9|          2|   14|         28|
    |x_99_reg_1780                                                                                                   |   9|          2|   14|         28|
    |x_9_reg_3130                                                                                                    |   9|          2|   14|         28|
    |x_reg_3265                                                                                                      |   9|          2|   14|         28|
    +----------------------------------------------------------------------------------------------------------------+----+-----------+-----+-----------+
    |Total                                                                                                           |3723|        849| 4559|      11845|
    +----------------------------------------------------------------------------------------------------------------+----+-----------+-----+-----------+

    * Register: 
    +-----------------------------------------------------------------------------------------------+----+----+-----+-----------+
    |                                              Name                                             | FF | LUT| Bits| Const Bits|
    +-----------------------------------------------------------------------------------------------+----+----+-----+-----------+
    |a_reg_12231                                                                                    |  14|   0|   14|          0|
    |acc_132_reg_13296                                                                              |  14|   0|   14|          0|
    |acc_135_reg_13318                                                                              |  14|   0|   14|          0|
    |acc_138_reg_13340                                                                              |  14|   0|   14|          0|
    |acc_141_reg_13362                                                                              |  14|   0|   14|          0|
    |acc_144_reg_13384                                                                              |  14|   0|   14|          0|
    |acc_147_reg_13406                                                                              |  14|   0|   14|          0|
    |acc_150_reg_13428                                                                              |  14|   0|   14|          0|
    |acc_153_reg_13450                                                                              |  14|   0|   14|          0|
    |acc_156_reg_13472                                                                              |  14|   0|   14|          0|
    |acc_159_reg_13494                                                                              |  14|   0|   14|          0|
    |acc_162_reg_13516                                                                              |  14|   0|   14|          0|
    |acc_165_reg_13538                                                                              |  14|   0|   14|          0|
    |acc_168_reg_13560                                                                              |  14|   0|   14|          0|
    |acc_171_reg_13582                                                                              |  14|   0|   14|          0|
    |acc_174_reg_13604                                                                              |  14|   0|   14|          0|
    |acc_177_reg_13626                                                                              |  14|   0|   14|          0|
    |acc_180_reg_13648                                                                              |  14|   0|   14|          0|
    |acc_183_reg_13670                                                                              |  14|   0|   14|          0|
    |acc_186_reg_13692                                                                              |  14|   0|   14|          0|
    |acc_189_reg_13714                                                                              |  14|   0|   14|          0|
    |acc_192_reg_13736                                                                              |  14|   0|   14|          0|
    |acc_195_reg_13758                                                                              |  14|   0|   14|          0|
    |acc_198_reg_13780                                                                              |  14|   0|   14|          0|
    |acc_201_reg_13802                                                                              |  14|   0|   14|          0|
    |acc_204_reg_13824                                                                              |  14|   0|   14|          0|
    |acc_207_reg_13846                                                                              |  14|   0|   14|          0|
    |acc_210_reg_13868                                                                              |  14|   0|   14|          0|
    |acc_213_reg_13890                                                                              |  14|   0|   14|          0|
    |acc_216_reg_13912                                                                              |  14|   0|   14|          0|
    |acc_219_reg_13934                                                                              |  14|   0|   14|          0|
    |acc_222_reg_13956                                                                              |  14|   0|   14|          0|
    |acc_225_reg_13978                                                                              |  14|   0|   14|          0|
    |acc_228_reg_14000                                                                              |  14|   0|   14|          0|
    |acc_231_reg_14022                                                                              |  14|   0|   14|          0|
    |acc_234_reg_14044                                                                              |  14|   0|   14|          0|
    |acc_237_reg_14066                                                                              |  14|   0|   14|          0|
    |acc_240_reg_14088                                                                              |  14|   0|   14|          0|
    |acc_243_reg_14110                                                                              |  14|   0|   14|          0|
    |acc_246_reg_14132                                                                              |  14|   0|   14|          0|
    |acc_249_reg_14154                                                                              |  14|   0|   14|          0|
    |acc_252_reg_14176                                                                              |  14|   0|   14|          0|
    |acc_255_reg_14198                                                                              |  14|   0|   14|          0|
    |acc_258_reg_14220                                                                              |  14|   0|   14|          0|
    |acc_261_reg_14242                                                                              |  14|   0|   14|          0|
    |acc_264_reg_14264                                                                              |  14|   0|   14|          0|
    |acc_267_reg_14286                                                                              |  14|   0|   14|          0|
    |acc_270_reg_14308                                                                              |  14|   0|   14|          0|
    |acc_273_reg_14330                                                                              |  14|   0|   14|          0|
    |acc_276_reg_14352                                                                              |  14|   0|   14|          0|
    |acc_279_reg_14374                                                                              |  14|   0|   14|          0|
    |acc_282_reg_14396                                                                              |  14|   0|   14|          0|
    |acc_285_reg_14418                                                                              |  14|   0|   14|          0|
    |acc_288_reg_14440                                                                              |  14|   0|   14|          0|
    |acc_291_reg_14462                                                                              |  14|   0|   14|          0|
    |acc_294_reg_14484                                                                              |  14|   0|   14|          0|
    |acc_297_reg_14506                                                                              |  14|   0|   14|          0|
    |acc_300_reg_14528                                                                              |  14|   0|   14|          0|
    |acc_303_reg_14550                                                                              |  14|   0|   14|          0|
    |acc_306_reg_14572                                                                              |  14|   0|   14|          0|
    |acc_309_reg_14594                                                                              |  14|   0|   14|          0|
    |acc_312_reg_14616                                                                              |  14|   0|   14|          0|
    |acc_315_reg_14638                                                                              |  14|   0|   14|          0|
    |acc_318_reg_14660                                                                              |  14|   0|   14|          0|
    |acc_reg_13274                                                                                  |  14|   0|   14|          0|
    |ap_CS_fsm                                                                                      |   2|   0|    2|          0|
    |ap_enable_reg_pp0_iter1                                                                        |   1|   0|    1|          0|
    |ap_enable_reg_pp0_iter2                                                                        |   1|   0|    1|          0|
    |ap_enable_reg_pp0_iter3                                                                        |   1|   0|    1|          0|
    |ap_enable_reg_pp0_iter4                                                                        |   1|   0|    1|          0|
    |ap_enable_reg_pp0_iter5                                                                        |   1|   0|    1|          0|
    |ap_enable_reg_pp0_iter6                                                                        |   1|   0|    1|          0|
    |ap_enable_reg_pp0_iter7                                                                        |   1|   0|    1|          0|
    |do_init_reg_484                                                                                |   1|   0|    1|          0|
    |icmp_ln135_reg_11903                                                                           |   1|   0|    1|          0|
    |icmp_ln144_10_reg_13500                                                                        |   1|   0|    1|          0|
    |icmp_ln144_11_reg_13522                                                                        |   1|   0|    1|          0|
    |icmp_ln144_12_reg_13544                                                                        |   1|   0|    1|          0|
    |icmp_ln144_13_reg_13566                                                                        |   1|   0|    1|          0|
    |icmp_ln144_14_reg_13588                                                                        |   1|   0|    1|          0|
    |icmp_ln144_15_reg_13610                                                                        |   1|   0|    1|          0|
    |icmp_ln144_16_reg_13632                                                                        |   1|   0|    1|          0|
    |icmp_ln144_17_reg_13654                                                                        |   1|   0|    1|          0|
    |icmp_ln144_18_reg_13676                                                                        |   1|   0|    1|          0|
    |icmp_ln144_19_reg_13698                                                                        |   1|   0|    1|          0|
    |icmp_ln144_1_reg_13302                                                                         |   1|   0|    1|          0|
    |icmp_ln144_20_reg_13720                                                                        |   1|   0|    1|          0|
    |icmp_ln144_21_reg_13742                                                                        |   1|   0|    1|          0|
    |icmp_ln144_22_reg_13764                                                                        |   1|   0|    1|          0|
    |icmp_ln144_23_reg_13786                                                                        |   1|   0|    1|          0|
    |icmp_ln144_24_reg_13808                                                                        |   1|   0|    1|          0|
    |icmp_ln144_25_reg_13830                                                                        |   1|   0|    1|          0|
    |icmp_ln144_26_reg_13852                                                                        |   1|   0|    1|          0|
    |icmp_ln144_27_reg_13874                                                                        |   1|   0|    1|          0|
    |icmp_ln144_28_reg_13896                                                                        |   1|   0|    1|          0|
    |icmp_ln144_29_reg_13918                                                                        |   1|   0|    1|          0|
    |icmp_ln144_2_reg_13324                                                                         |   1|   0|    1|          0|
    |icmp_ln144_30_reg_13940                                                                        |   1|   0|    1|          0|
    |icmp_ln144_31_reg_13962                                                                        |   1|   0|    1|          0|
    |icmp_ln144_32_reg_13984                                                                        |   1|   0|    1|          0|
    |icmp_ln144_33_reg_14006                                                                        |   1|   0|    1|          0|
    |icmp_ln144_34_reg_14028                                                                        |   1|   0|    1|          0|
    |icmp_ln144_35_reg_14050                                                                        |   1|   0|    1|          0|
    |icmp_ln144_36_reg_14072                                                                        |   1|   0|    1|          0|
    |icmp_ln144_37_reg_14094                                                                        |   1|   0|    1|          0|
    |icmp_ln144_38_reg_14116                                                                        |   1|   0|    1|          0|
    |icmp_ln144_39_reg_14138                                                                        |   1|   0|    1|          0|
    |icmp_ln144_3_reg_13346                                                                         |   1|   0|    1|          0|
    |icmp_ln144_40_reg_14160                                                                        |   1|   0|    1|          0|
    |icmp_ln144_41_reg_14182                                                                        |   1|   0|    1|          0|
    |icmp_ln144_42_reg_14204                                                                        |   1|   0|    1|          0|
    |icmp_ln144_43_reg_14226                                                                        |   1|   0|    1|          0|
    |icmp_ln144_44_reg_14248                                                                        |   1|   0|    1|          0|
    |icmp_ln144_45_reg_14270                                                                        |   1|   0|    1|          0|
    |icmp_ln144_46_reg_14292                                                                        |   1|   0|    1|          0|
    |icmp_ln144_47_reg_14314                                                                        |   1|   0|    1|          0|
    |icmp_ln144_48_reg_14336                                                                        |   1|   0|    1|          0|
    |icmp_ln144_49_reg_14358                                                                        |   1|   0|    1|          0|
    |icmp_ln144_4_reg_13368                                                                         |   1|   0|    1|          0|
    |icmp_ln144_50_reg_14380                                                                        |   1|   0|    1|          0|
    |icmp_ln144_51_reg_14402                                                                        |   1|   0|    1|          0|
    |icmp_ln144_52_reg_14424                                                                        |   1|   0|    1|          0|
    |icmp_ln144_53_reg_14446                                                                        |   1|   0|    1|          0|
    |icmp_ln144_54_reg_14468                                                                        |   1|   0|    1|          0|
    |icmp_ln144_55_reg_14490                                                                        |   1|   0|    1|          0|
    |icmp_ln144_56_reg_14512                                                                        |   1|   0|    1|          0|
    |icmp_ln144_57_reg_14534                                                                        |   1|   0|    1|          0|
    |icmp_ln144_58_reg_14556                                                                        |   1|   0|    1|          0|
    |icmp_ln144_59_reg_14578                                                                        |   1|   0|    1|          0|
    |icmp_ln144_5_reg_13390                                                                         |   1|   0|    1|          0|
    |icmp_ln144_60_reg_14600                                                                        |   1|   0|    1|          0|
    |icmp_ln144_61_reg_14622                                                                        |   1|   0|    1|          0|
    |icmp_ln144_62_reg_14644                                                                        |   1|   0|    1|          0|
    |icmp_ln144_63_reg_14666                                                                        |   1|   0|    1|          0|
    |icmp_ln144_6_reg_13412                                                                         |   1|   0|    1|          0|
    |icmp_ln144_7_reg_13434                                                                         |   1|   0|    1|          0|
    |icmp_ln144_8_reg_13456                                                                         |   1|   0|    1|          0|
    |icmp_ln144_9_reg_13478                                                                         |   1|   0|    1|          0|
    |icmp_ln144_reg_13280                                                                           |   1|   0|    1|          0|
    |in_index_4_reg_12237                                                                           |  32|   0|   32|          0|
    |in_index_reg_962                                                                               |  32|   0|   32|          0|
    |ir_reg_500                                                                                     |   6|   0|    6|          0|
    |out_index_reg_11907                                                                            |   1|   0|    1|          0|
    |p_ZZN4nnet11lstm_staticI8ap_fixedILi14ELi7EL9ap_q_mode0EL9ap_o_mode3ELi0EES4_7con_66_reg_976   |  14|   0|   14|          0|
    |p_ZZN4nnet11lstm_staticI8ap_fixedILi14ELi7EL9ap_q_mode0EL9ap_o_mode3ELi0EES4_7con_67_reg_988   |  14|   0|   14|          0|
    |p_ZZN4nnet11lstm_staticI8ap_fixedILi14ELi7EL9ap_q_mode0EL9ap_o_mode3ELi0EES4_7con_68_reg_1000  |  14|   0|   14|          0|
    |p_ZZN4nnet11lstm_staticI8ap_fixedILi14ELi7EL9ap_q_mode0EL9ap_o_mode3ELi0EES4_7con_69_reg_1012  |  14|   0|   14|          0|
    |p_ZZN4nnet11lstm_staticI8ap_fixedILi14ELi7EL9ap_q_mode0EL9ap_o_mode3ELi0EES4_7con_70_reg_1024  |  14|   0|   14|          0|
    |p_ZZN4nnet11lstm_staticI8ap_fixedILi14ELi7EL9ap_q_mode0EL9ap_o_mode3ELi0EES4_7con_71_reg_1036  |  14|   0|   14|          0|
    |p_ZZN4nnet11lstm_staticI8ap_fixedILi14ELi7EL9ap_q_mode0EL9ap_o_mode3ELi0EES4_7con_72_reg_1048  |  14|   0|   14|          0|
    |p_ZZN4nnet11lstm_staticI8ap_fixedILi14ELi7EL9ap_q_mode0EL9ap_o_mode3ELi0EES4_7con_73_reg_1060  |  14|   0|   14|          0|
    |p_ZZN4nnet11lstm_staticI8ap_fixedILi14ELi7EL9ap_q_mode0EL9ap_o_mode3ELi0EES4_7con_74_reg_1072  |  14|   0|   14|          0|
    |p_ZZN4nnet11lstm_staticI8ap_fixedILi14ELi7EL9ap_q_mode0EL9ap_o_mode3ELi0EES4_7con_75_reg_1084  |  14|   0|   14|          0|
    |p_ZZN4nnet11lstm_staticI8ap_fixedILi14ELi7EL9ap_q_mode0EL9ap_o_mode3ELi0EES4_7con_76_reg_1096  |  14|   0|   14|          0|
    |p_ZZN4nnet11lstm_staticI8ap_fixedILi14ELi7EL9ap_q_mode0EL9ap_o_mode3ELi0EES4_7con_77_reg_1108  |  14|   0|   14|          0|
    |p_ZZN4nnet11lstm_staticI8ap_fixedILi14ELi7EL9ap_q_mode0EL9ap_o_mode3ELi0EES4_7con_78_reg_1120  |  14|   0|   14|          0|
    |p_ZZN4nnet11lstm_staticI8ap_fixedILi14ELi7EL9ap_q_mode0EL9ap_o_mode3ELi0EES4_7con_79_reg_1132  |  14|   0|   14|          0|
    |p_ZZN4nnet11lstm_staticI8ap_fixedILi14ELi7EL9ap_q_mode0EL9ap_o_mode3ELi0EES4_7con_80_reg_1144  |  14|   0|   14|          0|
    |p_ZZN4nnet11lstm_staticI8ap_fixedILi14ELi7EL9ap_q_mode0EL9ap_o_mode3ELi0EES4_7con_81_reg_1156  |  14|   0|   14|          0|
    |p_ZZN4nnet11lstm_staticI8ap_fixedILi14ELi7EL9ap_q_mode0EL9ap_o_mode3ELi0EES4_7con_82_reg_1168  |  14|   0|   14|          0|
    |p_ZZN4nnet11lstm_staticI8ap_fixedILi14ELi7EL9ap_q_mode0EL9ap_o_mode3ELi0EES4_7con_83_reg_1180  |  14|   0|   14|          0|
    |p_ZZN4nnet11lstm_staticI8ap_fixedILi14ELi7EL9ap_q_mode0EL9ap_o_mode3ELi0EES4_7con_84_reg_1192  |  14|   0|   14|          0|
    |p_ZZN4nnet11lstm_staticI8ap_fixedILi14ELi7EL9ap_q_mode0EL9ap_o_mode3ELi0EES4_7con_85_reg_1204  |  14|   0|   14|          0|
    |p_ZZN4nnet11lstm_staticI8ap_fixedILi14ELi7EL9ap_q_mode0EL9ap_o_mode3ELi0EES4_7con_86_reg_1216  |  14|   0|   14|          0|
    |p_ZZN4nnet11lstm_staticI8ap_fixedILi14ELi7EL9ap_q_mode0EL9ap_o_mode3ELi0EES4_7con_87_reg_1228  |  14|   0|   14|          0|
    |select_ln144_100_reg_13995                                                                     |  14|   0|   14|          0|
    |select_ln144_102_reg_14012                                                                     |  14|   0|   14|          0|
    |select_ln144_103_reg_14017                                                                     |  14|   0|   14|          0|
    |select_ln144_105_reg_14034                                                                     |  14|   0|   14|          0|
    |select_ln144_106_reg_14039                                                                     |  14|   0|   14|          0|
    |select_ln144_108_reg_14056                                                                     |  14|   0|   14|          0|
    |select_ln144_109_reg_14061                                                                     |  14|   0|   14|          0|
    |select_ln144_10_reg_13335                                                                      |  14|   0|   14|          0|
    |select_ln144_111_reg_14078                                                                     |  14|   0|   14|          0|
    |select_ln144_112_reg_14083                                                                     |  14|   0|   14|          0|
    |select_ln144_114_reg_14100                                                                     |  14|   0|   14|          0|
    |select_ln144_115_reg_14105                                                                     |  14|   0|   14|          0|
    |select_ln144_117_reg_14122                                                                     |  14|   0|   14|          0|
    |select_ln144_118_reg_14127                                                                     |  14|   0|   14|          0|
    |select_ln144_120_reg_14144                                                                     |  14|   0|   14|          0|
    |select_ln144_121_reg_14149                                                                     |  14|   0|   14|          0|
    |select_ln144_123_reg_14166                                                                     |  14|   0|   14|          0|
    |select_ln144_124_reg_14171                                                                     |  14|   0|   14|          0|
    |select_ln144_126_reg_14188                                                                     |  14|   0|   14|          0|
    |select_ln144_127_reg_14193                                                                     |  14|   0|   14|          0|
    |select_ln144_129_reg_14210                                                                     |  14|   0|   14|          0|
    |select_ln144_12_reg_13352                                                                      |  14|   0|   14|          0|
    |select_ln144_130_reg_14215                                                                     |  14|   0|   14|          0|
    |select_ln144_132_reg_14232                                                                     |  14|   0|   14|          0|
    |select_ln144_133_reg_14237                                                                     |  14|   0|   14|          0|
    |select_ln144_135_reg_14254                                                                     |  14|   0|   14|          0|
    |select_ln144_136_reg_14259                                                                     |  14|   0|   14|          0|
    |select_ln144_138_reg_14276                                                                     |  14|   0|   14|          0|
    |select_ln144_139_reg_14281                                                                     |  14|   0|   14|          0|
    |select_ln144_13_reg_13357                                                                      |  14|   0|   14|          0|
    |select_ln144_141_reg_14298                                                                     |  14|   0|   14|          0|
    |select_ln144_142_reg_14303                                                                     |  14|   0|   14|          0|
    |select_ln144_144_reg_14320                                                                     |  14|   0|   14|          0|
    |select_ln144_145_reg_14325                                                                     |  14|   0|   14|          0|
    |select_ln144_147_reg_14342                                                                     |  14|   0|   14|          0|
    |select_ln144_148_reg_14347                                                                     |  14|   0|   14|          0|
    |select_ln144_150_reg_14364                                                                     |  14|   0|   14|          0|
    |select_ln144_151_reg_14369                                                                     |  14|   0|   14|          0|
    |select_ln144_153_reg_14386                                                                     |  14|   0|   14|          0|
    |select_ln144_154_reg_14391                                                                     |  14|   0|   14|          0|
    |select_ln144_156_reg_14408                                                                     |  14|   0|   14|          0|
    |select_ln144_157_reg_14413                                                                     |  14|   0|   14|          0|
    |select_ln144_159_reg_14430                                                                     |  14|   0|   14|          0|
    |select_ln144_15_reg_13374                                                                      |  14|   0|   14|          0|
    |select_ln144_160_reg_14435                                                                     |  14|   0|   14|          0|
    |select_ln144_162_reg_14452                                                                     |  14|   0|   14|          0|
    |select_ln144_163_reg_14457                                                                     |  14|   0|   14|          0|
    |select_ln144_165_reg_14474                                                                     |  14|   0|   14|          0|
    |select_ln144_166_reg_14479                                                                     |  14|   0|   14|          0|
    |select_ln144_168_reg_14496                                                                     |  14|   0|   14|          0|
    |select_ln144_169_reg_14501                                                                     |  14|   0|   14|          0|
    |select_ln144_16_reg_13379                                                                      |  14|   0|   14|          0|
    |select_ln144_171_reg_14518                                                                     |  14|   0|   14|          0|
    |select_ln144_172_reg_14523                                                                     |  14|   0|   14|          0|
    |select_ln144_174_reg_14540                                                                     |  14|   0|   14|          0|
    |select_ln144_175_reg_14545                                                                     |  14|   0|   14|          0|
    |select_ln144_177_reg_14562                                                                     |  14|   0|   14|          0|
    |select_ln144_178_reg_14567                                                                     |  14|   0|   14|          0|
    |select_ln144_180_reg_14584                                                                     |  14|   0|   14|          0|
    |select_ln144_181_reg_14589                                                                     |  14|   0|   14|          0|
    |select_ln144_183_reg_14606                                                                     |  14|   0|   14|          0|
    |select_ln144_184_reg_14611                                                                     |  14|   0|   14|          0|
    |select_ln144_186_reg_14628                                                                     |  14|   0|   14|          0|
    |select_ln144_187_reg_14633                                                                     |  14|   0|   14|          0|
    |select_ln144_189_reg_14650                                                                     |  14|   0|   14|          0|
    |select_ln144_18_reg_13396                                                                      |  14|   0|   14|          0|
    |select_ln144_190_reg_14655                                                                     |  14|   0|   14|          0|
    |select_ln144_192_reg_14672                                                                     |  14|   0|   14|          0|
    |select_ln144_193_reg_14677                                                                     |  14|   0|   14|          0|
    |select_ln144_19_reg_13401                                                                      |  14|   0|   14|          0|
    |select_ln144_1_reg_13286                                                                       |  14|   0|   14|          0|
    |select_ln144_21_reg_13418                                                                      |  14|   0|   14|          0|
    |select_ln144_22_reg_13423                                                                      |  14|   0|   14|          0|
    |select_ln144_24_reg_13440                                                                      |  14|   0|   14|          0|
    |select_ln144_25_reg_13445                                                                      |  14|   0|   14|          0|
    |select_ln144_27_reg_13462                                                                      |  14|   0|   14|          0|
    |select_ln144_28_reg_13467                                                                      |  14|   0|   14|          0|
    |select_ln144_2_reg_13291                                                                       |  14|   0|   14|          0|
    |select_ln144_30_reg_13484                                                                      |  14|   0|   14|          0|
    |select_ln144_31_reg_13489                                                                      |  14|   0|   14|          0|
    |select_ln144_33_reg_13506                                                                      |  14|   0|   14|          0|
    |select_ln144_34_reg_13511                                                                      |  14|   0|   14|          0|
    |select_ln144_36_reg_13528                                                                      |  14|   0|   14|          0|
    |select_ln144_37_reg_13533                                                                      |  14|   0|   14|          0|
    |select_ln144_39_reg_13550                                                                      |  14|   0|   14|          0|
    |select_ln144_40_reg_13555                                                                      |  14|   0|   14|          0|
    |select_ln144_42_reg_13572                                                                      |  14|   0|   14|          0|
    |select_ln144_43_reg_13577                                                                      |  14|   0|   14|          0|
    |select_ln144_45_reg_13594                                                                      |  14|   0|   14|          0|
    |select_ln144_46_reg_13599                                                                      |  14|   0|   14|          0|
    |select_ln144_48_reg_13616                                                                      |  14|   0|   14|          0|
    |select_ln144_49_reg_13621                                                                      |  14|   0|   14|          0|
    |select_ln144_51_reg_13638                                                                      |  14|   0|   14|          0|
    |select_ln144_52_reg_13643                                                                      |  14|   0|   14|          0|
    |select_ln144_54_reg_13660                                                                      |  14|   0|   14|          0|
    |select_ln144_55_reg_13665                                                                      |  14|   0|   14|          0|
    |select_ln144_57_reg_13682                                                                      |  14|   0|   14|          0|
    |select_ln144_58_reg_13687                                                                      |  14|   0|   14|          0|
    |select_ln144_60_reg_13704                                                                      |  14|   0|   14|          0|
    |select_ln144_61_reg_13709                                                                      |  14|   0|   14|          0|
    |select_ln144_63_reg_13726                                                                      |  14|   0|   14|          0|
    |select_ln144_64_reg_13731                                                                      |  14|   0|   14|          0|
    |select_ln144_66_reg_13748                                                                      |  14|   0|   14|          0|
    |select_ln144_67_reg_13753                                                                      |  14|   0|   14|          0|
    |select_ln144_69_reg_13770                                                                      |  14|   0|   14|          0|
    |select_ln144_6_reg_13308                                                                       |  14|   0|   14|          0|
    |select_ln144_70_reg_13775                                                                      |  14|   0|   14|          0|
    |select_ln144_72_reg_13792                                                                      |  14|   0|   14|          0|
    |select_ln144_73_reg_13797                                                                      |  14|   0|   14|          0|
    |select_ln144_75_reg_13814                                                                      |  14|   0|   14|          0|
    |select_ln144_76_reg_13819                                                                      |  14|   0|   14|          0|
    |select_ln144_78_reg_13836                                                                      |  14|   0|   14|          0|
    |select_ln144_79_reg_13841                                                                      |  14|   0|   14|          0|
    |select_ln144_7_reg_13313                                                                       |  14|   0|   14|          0|
    |select_ln144_81_reg_13858                                                                      |  14|   0|   14|          0|
    |select_ln144_82_reg_13863                                                                      |  14|   0|   14|          0|
    |select_ln144_84_reg_13880                                                                      |  14|   0|   14|          0|
    |select_ln144_85_reg_13885                                                                      |  14|   0|   14|          0|
    |select_ln144_87_reg_13902                                                                      |  14|   0|   14|          0|
    |select_ln144_88_reg_13907                                                                      |  14|   0|   14|          0|
    |select_ln144_90_reg_13924                                                                      |  14|   0|   14|          0|
    |select_ln144_91_reg_13929                                                                      |  14|   0|   14|          0|
    |select_ln144_93_reg_13946                                                                      |  14|   0|   14|          0|
    |select_ln144_94_reg_13951                                                                      |  14|   0|   14|          0|
    |select_ln144_96_reg_13968                                                                      |  14|   0|   14|          0|
    |select_ln144_97_reg_13973                                                                      |  14|   0|   14|          0|
    |select_ln144_99_reg_13990                                                                      |  14|   0|   14|          0|
    |select_ln144_9_reg_13330                                                                       |  14|   0|   14|          0|
    |tmp_735_reg_12639                                                                              |   1|   0|    1|          0|
    |tmp_736_reg_12649                                                                              |   1|   0|    1|          0|
    |tmp_737_reg_12659                                                                              |   1|   0|    1|          0|
    |tmp_738_reg_12669                                                                              |   1|   0|    1|          0|
    |tmp_739_reg_12679                                                                              |   1|   0|    1|          0|
    |tmp_740_reg_12689                                                                              |   1|   0|    1|          0|
    |tmp_741_reg_12699                                                                              |   1|   0|    1|          0|
    |tmp_742_reg_12709                                                                              |   1|   0|    1|          0|
    |tmp_743_reg_12719                                                                              |   1|   0|    1|          0|
    |tmp_744_reg_12729                                                                              |   1|   0|    1|          0|
    |tmp_745_reg_12739                                                                              |   1|   0|    1|          0|
    |tmp_746_reg_12749                                                                              |   1|   0|    1|          0|
    |tmp_747_reg_12759                                                                              |   1|   0|    1|          0|
    |tmp_748_reg_12769                                                                              |   1|   0|    1|          0|
    |tmp_749_reg_12779                                                                              |   1|   0|    1|          0|
    |tmp_750_reg_12789                                                                              |   1|   0|    1|          0|
    |tmp_751_reg_12799                                                                              |   1|   0|    1|          0|
    |tmp_752_reg_12809                                                                              |   1|   0|    1|          0|
    |tmp_753_reg_12819                                                                              |   1|   0|    1|          0|
    |tmp_754_reg_12829                                                                              |   1|   0|    1|          0|
    |tmp_755_reg_12839                                                                              |   1|   0|    1|          0|
    |tmp_756_reg_12849                                                                              |   1|   0|    1|          0|
    |tmp_757_reg_12859                                                                              |   1|   0|    1|          0|
    |tmp_758_reg_12869                                                                              |   1|   0|    1|          0|
    |tmp_759_reg_12879                                                                              |   1|   0|    1|          0|
    |tmp_760_reg_12889                                                                              |   1|   0|    1|          0|
    |tmp_761_reg_12899                                                                              |   1|   0|    1|          0|
    |tmp_762_reg_12909                                                                              |   1|   0|    1|          0|
    |tmp_763_reg_12919                                                                              |   1|   0|    1|          0|
    |tmp_764_reg_12929                                                                              |   1|   0|    1|          0|
    |tmp_765_reg_12939                                                                              |   1|   0|    1|          0|
    |tmp_766_reg_12949                                                                              |   1|   0|    1|          0|
    |tmp_767_reg_12959                                                                              |   1|   0|    1|          0|
    |tmp_768_reg_12969                                                                              |   1|   0|    1|          0|
    |tmp_769_reg_12979                                                                              |   1|   0|    1|          0|
    |tmp_770_reg_12989                                                                              |   1|   0|    1|          0|
    |tmp_771_reg_12999                                                                              |   1|   0|    1|          0|
    |tmp_772_reg_13009                                                                              |   1|   0|    1|          0|
    |tmp_773_reg_13019                                                                              |   1|   0|    1|          0|
    |tmp_774_reg_13029                                                                              |   1|   0|    1|          0|
    |tmp_775_reg_13039                                                                              |   1|   0|    1|          0|
    |tmp_776_reg_13049                                                                              |   1|   0|    1|          0|
    |tmp_777_reg_13059                                                                              |   1|   0|    1|          0|
    |tmp_778_reg_13069                                                                              |   1|   0|    1|          0|
    |tmp_779_reg_13079                                                                              |   1|   0|    1|          0|
    |tmp_780_reg_13089                                                                              |   1|   0|    1|          0|
    |tmp_781_reg_13099                                                                              |   1|   0|    1|          0|
    |tmp_782_reg_13109                                                                              |   1|   0|    1|          0|
    |tmp_783_reg_13119                                                                              |   1|   0|    1|          0|
    |tmp_784_reg_13129                                                                              |   1|   0|    1|          0|
    |tmp_785_reg_13139                                                                              |   1|   0|    1|          0|
    |tmp_786_reg_13149                                                                              |   1|   0|    1|          0|
    |tmp_787_reg_13159                                                                              |   1|   0|    1|          0|
    |tmp_788_reg_13169                                                                              |   1|   0|    1|          0|
    |tmp_789_reg_13179                                                                              |   1|   0|    1|          0|
    |tmp_790_reg_13189                                                                              |   1|   0|    1|          0|
    |tmp_791_reg_13199                                                                              |   1|   0|    1|          0|
    |tmp_792_reg_13209                                                                              |   1|   0|    1|          0|
    |tmp_793_reg_13219                                                                              |   1|   0|    1|          0|
    |tmp_794_reg_13229                                                                              |   1|   0|    1|          0|
    |tmp_795_reg_13239                                                                              |   1|   0|    1|          0|
    |tmp_796_reg_13249                                                                              |   1|   0|    1|          0|
    |tmp_797_reg_13259                                                                              |   1|   0|    1|          0|
    |tmp_798_reg_13269                                                                              |   1|   0|    1|          0|
    |trunc_ln144_10_reg_12734                                                                       |  14|   0|   14|          0|
    |trunc_ln144_11_reg_12744                                                                       |  14|   0|   14|          0|
    |trunc_ln144_12_reg_12754                                                                       |  14|   0|   14|          0|
    |trunc_ln144_13_reg_12764                                                                       |  14|   0|   14|          0|
    |trunc_ln144_14_reg_12774                                                                       |  14|   0|   14|          0|
    |trunc_ln144_15_reg_12784                                                                       |  14|   0|   14|          0|
    |trunc_ln144_16_reg_12794                                                                       |  14|   0|   14|          0|
    |trunc_ln144_17_reg_12804                                                                       |  14|   0|   14|          0|
    |trunc_ln144_18_reg_12814                                                                       |  14|   0|   14|          0|
    |trunc_ln144_19_reg_12824                                                                       |  14|   0|   14|          0|
    |trunc_ln144_1_reg_12634                                                                        |  14|   0|   14|          0|
    |trunc_ln144_20_reg_12834                                                                       |  14|   0|   14|          0|
    |trunc_ln144_21_reg_12844                                                                       |  14|   0|   14|          0|
    |trunc_ln144_22_reg_12854                                                                       |  14|   0|   14|          0|
    |trunc_ln144_23_reg_12864                                                                       |  14|   0|   14|          0|
    |trunc_ln144_24_reg_12874                                                                       |  14|   0|   14|          0|
    |trunc_ln144_25_reg_12884                                                                       |  14|   0|   14|          0|
    |trunc_ln144_26_reg_12894                                                                       |  14|   0|   14|          0|
    |trunc_ln144_27_reg_12904                                                                       |  14|   0|   14|          0|
    |trunc_ln144_28_reg_12914                                                                       |  14|   0|   14|          0|
    |trunc_ln144_29_reg_12924                                                                       |  14|   0|   14|          0|
    |trunc_ln144_2_reg_12674                                                                        |  14|   0|   14|          0|
    |trunc_ln144_30_reg_12934                                                                       |  14|   0|   14|          0|
    |trunc_ln144_31_reg_12944                                                                       |  14|   0|   14|          0|
    |trunc_ln144_32_reg_12954                                                                       |  14|   0|   14|          0|
    |trunc_ln144_33_reg_12964                                                                       |  14|   0|   14|          0|
    |trunc_ln144_34_reg_12974                                                                       |  14|   0|   14|          0|
    |trunc_ln144_35_reg_12984                                                                       |  14|   0|   14|          0|
    |trunc_ln144_36_reg_12994                                                                       |  14|   0|   14|          0|
    |trunc_ln144_37_reg_13004                                                                       |  14|   0|   14|          0|
    |trunc_ln144_38_reg_13014                                                                       |  14|   0|   14|          0|
    |trunc_ln144_39_reg_13024                                                                       |  14|   0|   14|          0|
    |trunc_ln144_3_reg_12684                                                                        |  14|   0|   14|          0|
    |trunc_ln144_40_reg_13034                                                                       |  14|   0|   14|          0|
    |trunc_ln144_41_reg_13044                                                                       |  14|   0|   14|          0|
    |trunc_ln144_42_reg_13054                                                                       |  14|   0|   14|          0|
    |trunc_ln144_43_reg_13064                                                                       |  14|   0|   14|          0|
    |trunc_ln144_44_reg_13074                                                                       |  14|   0|   14|          0|
    |trunc_ln144_45_reg_13084                                                                       |  14|   0|   14|          0|
    |trunc_ln144_46_reg_13094                                                                       |  14|   0|   14|          0|
    |trunc_ln144_47_reg_13104                                                                       |  14|   0|   14|          0|
    |trunc_ln144_48_reg_13114                                                                       |  14|   0|   14|          0|
    |trunc_ln144_49_reg_13124                                                                       |  14|   0|   14|          0|
    |trunc_ln144_4_reg_12644                                                                        |  14|   0|   14|          0|
    |trunc_ln144_50_reg_13134                                                                       |  14|   0|   14|          0|
    |trunc_ln144_51_reg_13144                                                                       |  14|   0|   14|          0|
    |trunc_ln144_52_reg_13154                                                                       |  14|   0|   14|          0|
    |trunc_ln144_53_reg_13164                                                                       |  14|   0|   14|          0|
    |trunc_ln144_54_reg_13174                                                                       |  14|   0|   14|          0|
    |trunc_ln144_55_reg_13184                                                                       |  14|   0|   14|          0|
    |trunc_ln144_56_reg_13194                                                                       |  14|   0|   14|          0|
    |trunc_ln144_57_reg_13204                                                                       |  14|   0|   14|          0|
    |trunc_ln144_58_reg_13214                                                                       |  14|   0|   14|          0|
    |trunc_ln144_59_reg_13224                                                                       |  14|   0|   14|          0|
    |trunc_ln144_5_reg_12694                                                                        |  14|   0|   14|          0|
    |trunc_ln144_60_reg_13234                                                                       |  14|   0|   14|          0|
    |trunc_ln144_61_reg_13244                                                                       |  14|   0|   14|          0|
    |trunc_ln144_62_reg_13254                                                                       |  14|   0|   14|          0|
    |trunc_ln144_63_reg_13264                                                                       |  14|   0|   14|          0|
    |trunc_ln144_6_reg_12704                                                                        |  14|   0|   14|          0|
    |trunc_ln144_7_reg_12654                                                                        |  14|   0|   14|          0|
    |trunc_ln144_8_reg_12714                                                                        |  14|   0|   14|          0|
    |trunc_ln144_9_reg_12724                                                                        |  14|   0|   14|          0|
    |trunc_ln144_s_reg_12664                                                                        |  14|   0|   14|          0|
    |void_lstm_static_bool_ap_fixed_ap_fixed_ap_fixed_weight_t_recurrent_weight_t_30_reg_1240       |  14|   0|   14|          0|
    |void_lstm_static_bool_ap_fixed_ap_fixed_ap_fixed_weight_t_recurrent_weight_t_31_reg_1252       |  14|   0|   14|          0|
    |void_lstm_static_bool_ap_fixed_ap_fixed_ap_fixed_weight_t_recurrent_weight_t_32_reg_1264       |  14|   0|   14|          0|
    |void_lstm_static_bool_ap_fixed_ap_fixed_ap_fixed_weight_t_recurrent_weight_t_33_reg_1276       |  14|   0|   14|          0|
    |void_lstm_static_bool_ap_fixed_ap_fixed_ap_fixed_weight_t_recurrent_weight_t_34_reg_1288       |  14|   0|   14|          0|
    |void_lstm_static_bool_ap_fixed_ap_fixed_ap_fixed_weight_t_recurrent_weight_t_35_reg_1300       |  14|   0|   14|          0|
    |void_lstm_static_bool_ap_fixed_ap_fixed_ap_fixed_weight_t_recurrent_weight_t_36_reg_1312       |  14|   0|   14|          0|
    |void_lstm_static_bool_ap_fixed_ap_fixed_ap_fixed_weight_t_recurrent_weight_t_37_reg_1324       |  14|   0|   14|          0|
    |void_lstm_static_bool_ap_fixed_ap_fixed_ap_fixed_weight_t_recurrent_weight_t_38_reg_1336       |  14|   0|   14|          0|
    |void_lstm_static_bool_ap_fixed_ap_fixed_ap_fixed_weight_t_recurrent_weight_t_39_reg_1348       |  14|   0|   14|          0|
    |w_index_reg_11898                                                                              |   6|   0|    6|          0|
    |x_100_reg_1765                                                                                 |  14|   0|   14|          0|
    |x_101_reg_1750                                                                                 |  14|   0|   14|          0|
    |x_102_reg_1735                                                                                 |  14|   0|   14|          0|
    |x_103_reg_1720                                                                                 |  14|   0|   14|          0|
    |x_104_reg_1705                                                                                 |  14|   0|   14|          0|
    |x_105_reg_1690                                                                                 |  14|   0|   14|          0|
    |x_106_reg_1675                                                                                 |  14|   0|   14|          0|
    |x_107_reg_1660                                                                                 |  14|   0|   14|          0|
    |x_108_reg_1645                                                                                 |  14|   0|   14|          0|
    |x_109_reg_1630                                                                                 |  14|   0|   14|          0|
    |x_10_reg_3115                                                                                  |  14|   0|   14|          0|
    |x_110_reg_1615                                                                                 |  14|   0|   14|          0|
    |x_111_reg_1600                                                                                 |  14|   0|   14|          0|
    |x_112_reg_1585                                                                                 |  14|   0|   14|          0|
    |x_113_reg_1570                                                                                 |  14|   0|   14|          0|
    |x_114_reg_1555                                                                                 |  14|   0|   14|          0|
    |x_115_reg_1540                                                                                 |  14|   0|   14|          0|
    |x_116_reg_1525                                                                                 |  14|   0|   14|          0|
    |x_117_reg_1510                                                                                 |  14|   0|   14|          0|
    |x_118_reg_1495                                                                                 |  14|   0|   14|          0|
    |x_119_reg_1480                                                                                 |  14|   0|   14|          0|
    |x_11_reg_3100                                                                                  |  14|   0|   14|          0|
    |x_120_reg_1465                                                                                 |  14|   0|   14|          0|
    |x_121_reg_1450                                                                                 |  14|   0|   14|          0|
    |x_122_reg_1435                                                                                 |  14|   0|   14|          0|
    |x_123_reg_1420                                                                                 |  14|   0|   14|          0|
    |x_124_reg_1405                                                                                 |  14|   0|   14|          0|
    |x_125_reg_1390                                                                                 |  14|   0|   14|          0|
    |x_126_reg_1375                                                                                 |  14|   0|   14|          0|
    |x_127_reg_1360                                                                                 |  14|   0|   14|          0|
    |x_12_reg_3085                                                                                  |  14|   0|   14|          0|
    |x_13_reg_3070                                                                                  |  14|   0|   14|          0|
    |x_14_reg_3055                                                                                  |  14|   0|   14|          0|
    |x_15_reg_3040                                                                                  |  14|   0|   14|          0|
    |x_16_reg_3025                                                                                  |  14|   0|   14|          0|
    |x_17_reg_3010                                                                                  |  14|   0|   14|          0|
    |x_18_reg_2995                                                                                  |  14|   0|   14|          0|
    |x_19_reg_2980                                                                                  |  14|   0|   14|          0|
    |x_1_reg_3250                                                                                   |  14|   0|   14|          0|
    |x_20_reg_2965                                                                                  |  14|   0|   14|          0|
    |x_21_reg_2950                                                                                  |  14|   0|   14|          0|
    |x_22_reg_2935                                                                                  |  14|   0|   14|          0|
    |x_23_reg_2920                                                                                  |  14|   0|   14|          0|
    |x_24_reg_2905                                                                                  |  14|   0|   14|          0|
    |x_25_reg_2890                                                                                  |  14|   0|   14|          0|
    |x_26_reg_2875                                                                                  |  14|   0|   14|          0|
    |x_27_reg_2860                                                                                  |  14|   0|   14|          0|
    |x_28_reg_2845                                                                                  |  14|   0|   14|          0|
    |x_29_reg_2830                                                                                  |  14|   0|   14|          0|
    |x_2_reg_3235                                                                                   |  14|   0|   14|          0|
    |x_30_reg_2815                                                                                  |  14|   0|   14|          0|
    |x_31_reg_2800                                                                                  |  14|   0|   14|          0|
    |x_32_reg_2785                                                                                  |  14|   0|   14|          0|
    |x_33_reg_2770                                                                                  |  14|   0|   14|          0|
    |x_34_reg_2755                                                                                  |  14|   0|   14|          0|
    |x_35_reg_2740                                                                                  |  14|   0|   14|          0|
    |x_36_reg_2725                                                                                  |  14|   0|   14|          0|
    |x_37_reg_2710                                                                                  |  14|   0|   14|          0|
    |x_38_reg_2695                                                                                  |  14|   0|   14|          0|
    |x_39_reg_2680                                                                                  |  14|   0|   14|          0|
    |x_3_reg_3220                                                                                   |  14|   0|   14|          0|
    |x_40_reg_2665                                                                                  |  14|   0|   14|          0|
    |x_41_reg_2650                                                                                  |  14|   0|   14|          0|
    |x_42_reg_2635                                                                                  |  14|   0|   14|          0|
    |x_43_reg_2620                                                                                  |  14|   0|   14|          0|
    |x_44_reg_2605                                                                                  |  14|   0|   14|          0|
    |x_45_reg_2590                                                                                  |  14|   0|   14|          0|
    |x_46_reg_2575                                                                                  |  14|   0|   14|          0|
    |x_47_reg_2560                                                                                  |  14|   0|   14|          0|
    |x_48_reg_2545                                                                                  |  14|   0|   14|          0|
    |x_49_reg_2530                                                                                  |  14|   0|   14|          0|
    |x_4_reg_3205                                                                                   |  14|   0|   14|          0|
    |x_50_reg_2515                                                                                  |  14|   0|   14|          0|
    |x_51_reg_2500                                                                                  |  14|   0|   14|          0|
    |x_52_reg_2485                                                                                  |  14|   0|   14|          0|
    |x_53_reg_2470                                                                                  |  14|   0|   14|          0|
    |x_54_reg_2455                                                                                  |  14|   0|   14|          0|
    |x_55_reg_2440                                                                                  |  14|   0|   14|          0|
    |x_56_reg_2425                                                                                  |  14|   0|   14|          0|
    |x_57_reg_2410                                                                                  |  14|   0|   14|          0|
    |x_58_reg_2395                                                                                  |  14|   0|   14|          0|
    |x_59_reg_2380                                                                                  |  14|   0|   14|          0|
    |x_5_reg_3190                                                                                   |  14|   0|   14|          0|
    |x_60_reg_2365                                                                                  |  14|   0|   14|          0|
    |x_61_reg_2350                                                                                  |  14|   0|   14|          0|
    |x_62_reg_2335                                                                                  |  14|   0|   14|          0|
    |x_63_reg_2320                                                                                  |  14|   0|   14|          0|
    |x_64_reg_2305                                                                                  |  14|   0|   14|          0|
    |x_65_reg_2290                                                                                  |  14|   0|   14|          0|
    |x_66_reg_2275                                                                                  |  14|   0|   14|          0|
    |x_67_reg_2260                                                                                  |  14|   0|   14|          0|
    |x_68_reg_2245                                                                                  |  14|   0|   14|          0|
    |x_69_reg_2230                                                                                  |  14|   0|   14|          0|
    |x_6_reg_3175                                                                                   |  14|   0|   14|          0|
    |x_70_reg_2215                                                                                  |  14|   0|   14|          0|
    |x_71_reg_2200                                                                                  |  14|   0|   14|          0|
    |x_72_reg_2185                                                                                  |  14|   0|   14|          0|
    |x_73_reg_2170                                                                                  |  14|   0|   14|          0|
    |x_74_reg_2155                                                                                  |  14|   0|   14|          0|
    |x_75_reg_2140                                                                                  |  14|   0|   14|          0|
    |x_76_reg_2125                                                                                  |  14|   0|   14|          0|
    |x_77_reg_2110                                                                                  |  14|   0|   14|          0|
    |x_78_reg_2095                                                                                  |  14|   0|   14|          0|
    |x_79_reg_2080                                                                                  |  14|   0|   14|          0|
    |x_7_reg_3160                                                                                   |  14|   0|   14|          0|
    |x_80_reg_2065                                                                                  |  14|   0|   14|          0|
    |x_81_reg_2050                                                                                  |  14|   0|   14|          0|
    |x_82_reg_2035                                                                                  |  14|   0|   14|          0|
    |x_83_reg_2020                                                                                  |  14|   0|   14|          0|
    |x_84_reg_2005                                                                                  |  14|   0|   14|          0|
    |x_85_reg_1990                                                                                  |  14|   0|   14|          0|
    |x_86_reg_1975                                                                                  |  14|   0|   14|          0|
    |x_87_reg_1960                                                                                  |  14|   0|   14|          0|
    |x_88_reg_1945                                                                                  |  14|   0|   14|          0|
    |x_89_reg_1930                                                                                  |  14|   0|   14|          0|
    |x_8_reg_3145                                                                                   |  14|   0|   14|          0|
    |x_90_reg_1915                                                                                  |  14|   0|   14|          0|
    |x_91_reg_1900                                                                                  |  14|   0|   14|          0|
    |x_92_reg_1885                                                                                  |  14|   0|   14|          0|
    |x_93_reg_1870                                                                                  |  14|   0|   14|          0|
    |x_94_reg_1855                                                                                  |  14|   0|   14|          0|
    |x_95_reg_1840                                                                                  |  14|   0|   14|          0|
    |x_96_reg_1825                                                                                  |  14|   0|   14|          0|
    |x_97_reg_1810                                                                                  |  14|   0|   14|          0|
    |x_98_reg_1795                                                                                  |  14|   0|   14|          0|
    |x_99_reg_1780                                                                                  |  14|   0|   14|          0|
    |x_9_reg_3130                                                                                   |  14|   0|   14|          0|
    |x_reg_3265                                                                                     |  14|   0|   14|          0|
    |icmp_ln135_reg_11903                                                                           |  64|  32|    1|          0|
    |out_index_reg_11907                                                                            |  64|  32|    1|          0|
    +-----------------------------------------------------------------------------------------------+----+----+-----+-----------+
    |Total                                                                                          |6182|  64| 6056|          0|
    +-----------------------------------------------------------------------------------------------+----+----+-----+-----------+



================================================================
== Interface
================================================================
* Summary: 
+--------------------------------------------------------------------------------------+-----+-----+------------+--------------------------------------------------------------------------------------+--------------+
|                                       RTL Ports                                      | Dir | Bits|  Protocol  |                                     Source Object                                    |    C Type    |
+--------------------------------------------------------------------------------------+-----+-----+------------+--------------------------------------------------------------------------------------+--------------+
|ap_clk                                                                                |   in|    1|  ap_ctrl_hs|                dense_resource_rf_gt_nin_rem0<ap_fixed,ap_fixed<14,7,0,3,0>,config2_2>|  return value|
|ap_rst                                                                                |   in|    1|  ap_ctrl_hs|                dense_resource_rf_gt_nin_rem0<ap_fixed,ap_fixed<14,7,0,3,0>,config2_2>|  return value|
|ap_start                                                                              |   in|    1|  ap_ctrl_hs|                dense_resource_rf_gt_nin_rem0<ap_fixed,ap_fixed<14,7,0,3,0>,config2_2>|  return value|
|ap_done                                                                               |  out|    1|  ap_ctrl_hs|                dense_resource_rf_gt_nin_rem0<ap_fixed,ap_fixed<14,7,0,3,0>,config2_2>|  return value|
|ap_idle                                                                               |  out|    1|  ap_ctrl_hs|                dense_resource_rf_gt_nin_rem0<ap_fixed,ap_fixed<14,7,0,3,0>,config2_2>|  return value|
|ap_ready                                                                              |  out|    1|  ap_ctrl_hs|                dense_resource_rf_gt_nin_rem0<ap_fixed,ap_fixed<14,7,0,3,0>,config2_2>|  return value|
|ap_return_0                                                                           |  out|   14|  ap_ctrl_hs|                dense_resource_rf_gt_nin_rem0<ap_fixed,ap_fixed<14,7,0,3,0>,config2_2>|  return value|
|ap_return_1                                                                           |  out|   14|  ap_ctrl_hs|                dense_resource_rf_gt_nin_rem0<ap_fixed,ap_fixed<14,7,0,3,0>,config2_2>|  return value|
|ap_return_2                                                                           |  out|   14|  ap_ctrl_hs|                dense_resource_rf_gt_nin_rem0<ap_fixed,ap_fixed<14,7,0,3,0>,config2_2>|  return value|
|ap_return_3                                                                           |  out|   14|  ap_ctrl_hs|                dense_resource_rf_gt_nin_rem0<ap_fixed,ap_fixed<14,7,0,3,0>,config2_2>|  return value|
|ap_return_4                                                                           |  out|   14|  ap_ctrl_hs|                dense_resource_rf_gt_nin_rem0<ap_fixed,ap_fixed<14,7,0,3,0>,config2_2>|  return value|
|ap_return_5                                                                           |  out|   14|  ap_ctrl_hs|                dense_resource_rf_gt_nin_rem0<ap_fixed,ap_fixed<14,7,0,3,0>,config2_2>|  return value|
|ap_return_6                                                                           |  out|   14|  ap_ctrl_hs|                dense_resource_rf_gt_nin_rem0<ap_fixed,ap_fixed<14,7,0,3,0>,config2_2>|  return value|
|ap_return_7                                                                           |  out|   14|  ap_ctrl_hs|                dense_resource_rf_gt_nin_rem0<ap_fixed,ap_fixed<14,7,0,3,0>,config2_2>|  return value|
|ap_return_8                                                                           |  out|   14|  ap_ctrl_hs|                dense_resource_rf_gt_nin_rem0<ap_fixed,ap_fixed<14,7,0,3,0>,config2_2>|  return value|
|ap_return_9                                                                           |  out|   14|  ap_ctrl_hs|                dense_resource_rf_gt_nin_rem0<ap_fixed,ap_fixed<14,7,0,3,0>,config2_2>|  return value|
|ap_return_10                                                                          |  out|   14|  ap_ctrl_hs|                dense_resource_rf_gt_nin_rem0<ap_fixed,ap_fixed<14,7,0,3,0>,config2_2>|  return value|
|ap_return_11                                                                          |  out|   14|  ap_ctrl_hs|                dense_resource_rf_gt_nin_rem0<ap_fixed,ap_fixed<14,7,0,3,0>,config2_2>|  return value|
|ap_return_12                                                                          |  out|   14|  ap_ctrl_hs|                dense_resource_rf_gt_nin_rem0<ap_fixed,ap_fixed<14,7,0,3,0>,config2_2>|  return value|
|ap_return_13                                                                          |  out|   14|  ap_ctrl_hs|                dense_resource_rf_gt_nin_rem0<ap_fixed,ap_fixed<14,7,0,3,0>,config2_2>|  return value|
|ap_return_14                                                                          |  out|   14|  ap_ctrl_hs|                dense_resource_rf_gt_nin_rem0<ap_fixed,ap_fixed<14,7,0,3,0>,config2_2>|  return value|
|ap_return_15                                                                          |  out|   14|  ap_ctrl_hs|                dense_resource_rf_gt_nin_rem0<ap_fixed,ap_fixed<14,7,0,3,0>,config2_2>|  return value|
|ap_return_16                                                                          |  out|   14|  ap_ctrl_hs|                dense_resource_rf_gt_nin_rem0<ap_fixed,ap_fixed<14,7,0,3,0>,config2_2>|  return value|
|ap_return_17                                                                          |  out|   14|  ap_ctrl_hs|                dense_resource_rf_gt_nin_rem0<ap_fixed,ap_fixed<14,7,0,3,0>,config2_2>|  return value|
|ap_return_18                                                                          |  out|   14|  ap_ctrl_hs|                dense_resource_rf_gt_nin_rem0<ap_fixed,ap_fixed<14,7,0,3,0>,config2_2>|  return value|
|ap_return_19                                                                          |  out|   14|  ap_ctrl_hs|                dense_resource_rf_gt_nin_rem0<ap_fixed,ap_fixed<14,7,0,3,0>,config2_2>|  return value|
|ap_return_20                                                                          |  out|   14|  ap_ctrl_hs|                dense_resource_rf_gt_nin_rem0<ap_fixed,ap_fixed<14,7,0,3,0>,config2_2>|  return value|
|ap_return_21                                                                          |  out|   14|  ap_ctrl_hs|                dense_resource_rf_gt_nin_rem0<ap_fixed,ap_fixed<14,7,0,3,0>,config2_2>|  return value|
|ap_return_22                                                                          |  out|   14|  ap_ctrl_hs|                dense_resource_rf_gt_nin_rem0<ap_fixed,ap_fixed<14,7,0,3,0>,config2_2>|  return value|
|ap_return_23                                                                          |  out|   14|  ap_ctrl_hs|                dense_resource_rf_gt_nin_rem0<ap_fixed,ap_fixed<14,7,0,3,0>,config2_2>|  return value|
|ap_return_24                                                                          |  out|   14|  ap_ctrl_hs|                dense_resource_rf_gt_nin_rem0<ap_fixed,ap_fixed<14,7,0,3,0>,config2_2>|  return value|
|ap_return_25                                                                          |  out|   14|  ap_ctrl_hs|                dense_resource_rf_gt_nin_rem0<ap_fixed,ap_fixed<14,7,0,3,0>,config2_2>|  return value|
|ap_return_26                                                                          |  out|   14|  ap_ctrl_hs|                dense_resource_rf_gt_nin_rem0<ap_fixed,ap_fixed<14,7,0,3,0>,config2_2>|  return value|
|ap_return_27                                                                          |  out|   14|  ap_ctrl_hs|                dense_resource_rf_gt_nin_rem0<ap_fixed,ap_fixed<14,7,0,3,0>,config2_2>|  return value|
|ap_return_28                                                                          |  out|   14|  ap_ctrl_hs|                dense_resource_rf_gt_nin_rem0<ap_fixed,ap_fixed<14,7,0,3,0>,config2_2>|  return value|
|ap_return_29                                                                          |  out|   14|  ap_ctrl_hs|                dense_resource_rf_gt_nin_rem0<ap_fixed,ap_fixed<14,7,0,3,0>,config2_2>|  return value|
|ap_return_30                                                                          |  out|   14|  ap_ctrl_hs|                dense_resource_rf_gt_nin_rem0<ap_fixed,ap_fixed<14,7,0,3,0>,config2_2>|  return value|
|ap_return_31                                                                          |  out|   14|  ap_ctrl_hs|                dense_resource_rf_gt_nin_rem0<ap_fixed,ap_fixed<14,7,0,3,0>,config2_2>|  return value|
|ap_return_32                                                                          |  out|   14|  ap_ctrl_hs|                dense_resource_rf_gt_nin_rem0<ap_fixed,ap_fixed<14,7,0,3,0>,config2_2>|  return value|
|ap_return_33                                                                          |  out|   14|  ap_ctrl_hs|                dense_resource_rf_gt_nin_rem0<ap_fixed,ap_fixed<14,7,0,3,0>,config2_2>|  return value|
|ap_return_34                                                                          |  out|   14|  ap_ctrl_hs|                dense_resource_rf_gt_nin_rem0<ap_fixed,ap_fixed<14,7,0,3,0>,config2_2>|  return value|
|ap_return_35                                                                          |  out|   14|  ap_ctrl_hs|                dense_resource_rf_gt_nin_rem0<ap_fixed,ap_fixed<14,7,0,3,0>,config2_2>|  return value|
|ap_return_36                                                                          |  out|   14|  ap_ctrl_hs|                dense_resource_rf_gt_nin_rem0<ap_fixed,ap_fixed<14,7,0,3,0>,config2_2>|  return value|
|ap_return_37                                                                          |  out|   14|  ap_ctrl_hs|                dense_resource_rf_gt_nin_rem0<ap_fixed,ap_fixed<14,7,0,3,0>,config2_2>|  return value|
|ap_return_38                                                                          |  out|   14|  ap_ctrl_hs|                dense_resource_rf_gt_nin_rem0<ap_fixed,ap_fixed<14,7,0,3,0>,config2_2>|  return value|
|ap_return_39                                                                          |  out|   14|  ap_ctrl_hs|                dense_resource_rf_gt_nin_rem0<ap_fixed,ap_fixed<14,7,0,3,0>,config2_2>|  return value|
|ap_return_40                                                                          |  out|   14|  ap_ctrl_hs|                dense_resource_rf_gt_nin_rem0<ap_fixed,ap_fixed<14,7,0,3,0>,config2_2>|  return value|
|ap_return_41                                                                          |  out|   14|  ap_ctrl_hs|                dense_resource_rf_gt_nin_rem0<ap_fixed,ap_fixed<14,7,0,3,0>,config2_2>|  return value|
|ap_return_42                                                                          |  out|   14|  ap_ctrl_hs|                dense_resource_rf_gt_nin_rem0<ap_fixed,ap_fixed<14,7,0,3,0>,config2_2>|  return value|
|ap_return_43                                                                          |  out|   14|  ap_ctrl_hs|                dense_resource_rf_gt_nin_rem0<ap_fixed,ap_fixed<14,7,0,3,0>,config2_2>|  return value|
|ap_return_44                                                                          |  out|   14|  ap_ctrl_hs|                dense_resource_rf_gt_nin_rem0<ap_fixed,ap_fixed<14,7,0,3,0>,config2_2>|  return value|
|ap_return_45                                                                          |  out|   14|  ap_ctrl_hs|                dense_resource_rf_gt_nin_rem0<ap_fixed,ap_fixed<14,7,0,3,0>,config2_2>|  return value|
|ap_return_46                                                                          |  out|   14|  ap_ctrl_hs|                dense_resource_rf_gt_nin_rem0<ap_fixed,ap_fixed<14,7,0,3,0>,config2_2>|  return value|
|ap_return_47                                                                          |  out|   14|  ap_ctrl_hs|                dense_resource_rf_gt_nin_rem0<ap_fixed,ap_fixed<14,7,0,3,0>,config2_2>|  return value|
|ap_return_48                                                                          |  out|   14|  ap_ctrl_hs|                dense_resource_rf_gt_nin_rem0<ap_fixed,ap_fixed<14,7,0,3,0>,config2_2>|  return value|
|ap_return_49                                                                          |  out|   14|  ap_ctrl_hs|                dense_resource_rf_gt_nin_rem0<ap_fixed,ap_fixed<14,7,0,3,0>,config2_2>|  return value|
|ap_return_50                                                                          |  out|   14|  ap_ctrl_hs|                dense_resource_rf_gt_nin_rem0<ap_fixed,ap_fixed<14,7,0,3,0>,config2_2>|  return value|
|ap_return_51                                                                          |  out|   14|  ap_ctrl_hs|                dense_resource_rf_gt_nin_rem0<ap_fixed,ap_fixed<14,7,0,3,0>,config2_2>|  return value|
|ap_return_52                                                                          |  out|   14|  ap_ctrl_hs|                dense_resource_rf_gt_nin_rem0<ap_fixed,ap_fixed<14,7,0,3,0>,config2_2>|  return value|
|ap_return_53                                                                          |  out|   14|  ap_ctrl_hs|                dense_resource_rf_gt_nin_rem0<ap_fixed,ap_fixed<14,7,0,3,0>,config2_2>|  return value|
|ap_return_54                                                                          |  out|   14|  ap_ctrl_hs|                dense_resource_rf_gt_nin_rem0<ap_fixed,ap_fixed<14,7,0,3,0>,config2_2>|  return value|
|ap_return_55                                                                          |  out|   14|  ap_ctrl_hs|                dense_resource_rf_gt_nin_rem0<ap_fixed,ap_fixed<14,7,0,3,0>,config2_2>|  return value|
|ap_return_56                                                                          |  out|   14|  ap_ctrl_hs|                dense_resource_rf_gt_nin_rem0<ap_fixed,ap_fixed<14,7,0,3,0>,config2_2>|  return value|
|ap_return_57                                                                          |  out|   14|  ap_ctrl_hs|                dense_resource_rf_gt_nin_rem0<ap_fixed,ap_fixed<14,7,0,3,0>,config2_2>|  return value|
|ap_return_58                                                                          |  out|   14|  ap_ctrl_hs|                dense_resource_rf_gt_nin_rem0<ap_fixed,ap_fixed<14,7,0,3,0>,config2_2>|  return value|
|ap_return_59                                                                          |  out|   14|  ap_ctrl_hs|                dense_resource_rf_gt_nin_rem0<ap_fixed,ap_fixed<14,7,0,3,0>,config2_2>|  return value|
|ap_return_60                                                                          |  out|   14|  ap_ctrl_hs|                dense_resource_rf_gt_nin_rem0<ap_fixed,ap_fixed<14,7,0,3,0>,config2_2>|  return value|
|ap_return_61                                                                          |  out|   14|  ap_ctrl_hs|                dense_resource_rf_gt_nin_rem0<ap_fixed,ap_fixed<14,7,0,3,0>,config2_2>|  return value|
|ap_return_62                                                                          |  out|   14|  ap_ctrl_hs|                dense_resource_rf_gt_nin_rem0<ap_fixed,ap_fixed<14,7,0,3,0>,config2_2>|  return value|
|ap_return_63                                                                          |  out|   14|  ap_ctrl_hs|                dense_resource_rf_gt_nin_rem0<ap_fixed,ap_fixed<14,7,0,3,0>,config2_2>|  return value|
|ap_return_64                                                                          |  out|   14|  ap_ctrl_hs|                dense_resource_rf_gt_nin_rem0<ap_fixed,ap_fixed<14,7,0,3,0>,config2_2>|  return value|
|ap_return_65                                                                          |  out|   14|  ap_ctrl_hs|                dense_resource_rf_gt_nin_rem0<ap_fixed,ap_fixed<14,7,0,3,0>,config2_2>|  return value|
|ap_return_66                                                                          |  out|   14|  ap_ctrl_hs|                dense_resource_rf_gt_nin_rem0<ap_fixed,ap_fixed<14,7,0,3,0>,config2_2>|  return value|
|ap_return_67                                                                          |  out|   14|  ap_ctrl_hs|                dense_resource_rf_gt_nin_rem0<ap_fixed,ap_fixed<14,7,0,3,0>,config2_2>|  return value|
|ap_return_68                                                                          |  out|   14|  ap_ctrl_hs|                dense_resource_rf_gt_nin_rem0<ap_fixed,ap_fixed<14,7,0,3,0>,config2_2>|  return value|
|ap_return_69                                                                          |  out|   14|  ap_ctrl_hs|                dense_resource_rf_gt_nin_rem0<ap_fixed,ap_fixed<14,7,0,3,0>,config2_2>|  return value|
|ap_return_70                                                                          |  out|   14|  ap_ctrl_hs|                dense_resource_rf_gt_nin_rem0<ap_fixed,ap_fixed<14,7,0,3,0>,config2_2>|  return value|
|ap_return_71                                                                          |  out|   14|  ap_ctrl_hs|                dense_resource_rf_gt_nin_rem0<ap_fixed,ap_fixed<14,7,0,3,0>,config2_2>|  return value|
|ap_return_72                                                                          |  out|   14|  ap_ctrl_hs|                dense_resource_rf_gt_nin_rem0<ap_fixed,ap_fixed<14,7,0,3,0>,config2_2>|  return value|
|ap_return_73                                                                          |  out|   14|  ap_ctrl_hs|                dense_resource_rf_gt_nin_rem0<ap_fixed,ap_fixed<14,7,0,3,0>,config2_2>|  return value|
|ap_return_74                                                                          |  out|   14|  ap_ctrl_hs|                dense_resource_rf_gt_nin_rem0<ap_fixed,ap_fixed<14,7,0,3,0>,config2_2>|  return value|
|ap_return_75                                                                          |  out|   14|  ap_ctrl_hs|                dense_resource_rf_gt_nin_rem0<ap_fixed,ap_fixed<14,7,0,3,0>,config2_2>|  return value|
|ap_return_76                                                                          |  out|   14|  ap_ctrl_hs|                dense_resource_rf_gt_nin_rem0<ap_fixed,ap_fixed<14,7,0,3,0>,config2_2>|  return value|
|ap_return_77                                                                          |  out|   14|  ap_ctrl_hs|                dense_resource_rf_gt_nin_rem0<ap_fixed,ap_fixed<14,7,0,3,0>,config2_2>|  return value|
|ap_return_78                                                                          |  out|   14|  ap_ctrl_hs|                dense_resource_rf_gt_nin_rem0<ap_fixed,ap_fixed<14,7,0,3,0>,config2_2>|  return value|
|ap_return_79                                                                          |  out|   14|  ap_ctrl_hs|                dense_resource_rf_gt_nin_rem0<ap_fixed,ap_fixed<14,7,0,3,0>,config2_2>|  return value|
|ap_return_80                                                                          |  out|   14|  ap_ctrl_hs|                dense_resource_rf_gt_nin_rem0<ap_fixed,ap_fixed<14,7,0,3,0>,config2_2>|  return value|
|ap_return_81                                                                          |  out|   14|  ap_ctrl_hs|                dense_resource_rf_gt_nin_rem0<ap_fixed,ap_fixed<14,7,0,3,0>,config2_2>|  return value|
|ap_return_82                                                                          |  out|   14|  ap_ctrl_hs|                dense_resource_rf_gt_nin_rem0<ap_fixed,ap_fixed<14,7,0,3,0>,config2_2>|  return value|
|ap_return_83                                                                          |  out|   14|  ap_ctrl_hs|                dense_resource_rf_gt_nin_rem0<ap_fixed,ap_fixed<14,7,0,3,0>,config2_2>|  return value|
|ap_return_84                                                                          |  out|   14|  ap_ctrl_hs|                dense_resource_rf_gt_nin_rem0<ap_fixed,ap_fixed<14,7,0,3,0>,config2_2>|  return value|
|ap_return_85                                                                          |  out|   14|  ap_ctrl_hs|                dense_resource_rf_gt_nin_rem0<ap_fixed,ap_fixed<14,7,0,3,0>,config2_2>|  return value|
|ap_return_86                                                                          |  out|   14|  ap_ctrl_hs|                dense_resource_rf_gt_nin_rem0<ap_fixed,ap_fixed<14,7,0,3,0>,config2_2>|  return value|
|ap_return_87                                                                          |  out|   14|  ap_ctrl_hs|                dense_resource_rf_gt_nin_rem0<ap_fixed,ap_fixed<14,7,0,3,0>,config2_2>|  return value|
|ap_return_88                                                                          |  out|   14|  ap_ctrl_hs|                dense_resource_rf_gt_nin_rem0<ap_fixed,ap_fixed<14,7,0,3,0>,config2_2>|  return value|
|ap_return_89                                                                          |  out|   14|  ap_ctrl_hs|                dense_resource_rf_gt_nin_rem0<ap_fixed,ap_fixed<14,7,0,3,0>,config2_2>|  return value|
|ap_return_90                                                                          |  out|   14|  ap_ctrl_hs|                dense_resource_rf_gt_nin_rem0<ap_fixed,ap_fixed<14,7,0,3,0>,config2_2>|  return value|
|ap_return_91                                                                          |  out|   14|  ap_ctrl_hs|                dense_resource_rf_gt_nin_rem0<ap_fixed,ap_fixed<14,7,0,3,0>,config2_2>|  return value|
|ap_return_92                                                                          |  out|   14|  ap_ctrl_hs|                dense_resource_rf_gt_nin_rem0<ap_fixed,ap_fixed<14,7,0,3,0>,config2_2>|  return value|
|ap_return_93                                                                          |  out|   14|  ap_ctrl_hs|                dense_resource_rf_gt_nin_rem0<ap_fixed,ap_fixed<14,7,0,3,0>,config2_2>|  return value|
|ap_return_94                                                                          |  out|   14|  ap_ctrl_hs|                dense_resource_rf_gt_nin_rem0<ap_fixed,ap_fixed<14,7,0,3,0>,config2_2>|  return value|
|ap_return_95                                                                          |  out|   14|  ap_ctrl_hs|                dense_resource_rf_gt_nin_rem0<ap_fixed,ap_fixed<14,7,0,3,0>,config2_2>|  return value|
|ap_return_96                                                                          |  out|   14|  ap_ctrl_hs|                dense_resource_rf_gt_nin_rem0<ap_fixed,ap_fixed<14,7,0,3,0>,config2_2>|  return value|
|ap_return_97                                                                          |  out|   14|  ap_ctrl_hs|                dense_resource_rf_gt_nin_rem0<ap_fixed,ap_fixed<14,7,0,3,0>,config2_2>|  return value|
|ap_return_98                                                                          |  out|   14|  ap_ctrl_hs|                dense_resource_rf_gt_nin_rem0<ap_fixed,ap_fixed<14,7,0,3,0>,config2_2>|  return value|
|ap_return_99                                                                          |  out|   14|  ap_ctrl_hs|                dense_resource_rf_gt_nin_rem0<ap_fixed,ap_fixed<14,7,0,3,0>,config2_2>|  return value|
|ap_return_100                                                                         |  out|   14|  ap_ctrl_hs|                dense_resource_rf_gt_nin_rem0<ap_fixed,ap_fixed<14,7,0,3,0>,config2_2>|  return value|
|ap_return_101                                                                         |  out|   14|  ap_ctrl_hs|                dense_resource_rf_gt_nin_rem0<ap_fixed,ap_fixed<14,7,0,3,0>,config2_2>|  return value|
|ap_return_102                                                                         |  out|   14|  ap_ctrl_hs|                dense_resource_rf_gt_nin_rem0<ap_fixed,ap_fixed<14,7,0,3,0>,config2_2>|  return value|
|ap_return_103                                                                         |  out|   14|  ap_ctrl_hs|                dense_resource_rf_gt_nin_rem0<ap_fixed,ap_fixed<14,7,0,3,0>,config2_2>|  return value|
|ap_return_104                                                                         |  out|   14|  ap_ctrl_hs|                dense_resource_rf_gt_nin_rem0<ap_fixed,ap_fixed<14,7,0,3,0>,config2_2>|  return value|
|ap_return_105                                                                         |  out|   14|  ap_ctrl_hs|                dense_resource_rf_gt_nin_rem0<ap_fixed,ap_fixed<14,7,0,3,0>,config2_2>|  return value|
|ap_return_106                                                                         |  out|   14|  ap_ctrl_hs|                dense_resource_rf_gt_nin_rem0<ap_fixed,ap_fixed<14,7,0,3,0>,config2_2>|  return value|
|ap_return_107                                                                         |  out|   14|  ap_ctrl_hs|                dense_resource_rf_gt_nin_rem0<ap_fixed,ap_fixed<14,7,0,3,0>,config2_2>|  return value|
|ap_return_108                                                                         |  out|   14|  ap_ctrl_hs|                dense_resource_rf_gt_nin_rem0<ap_fixed,ap_fixed<14,7,0,3,0>,config2_2>|  return value|
|ap_return_109                                                                         |  out|   14|  ap_ctrl_hs|                dense_resource_rf_gt_nin_rem0<ap_fixed,ap_fixed<14,7,0,3,0>,config2_2>|  return value|
|ap_return_110                                                                         |  out|   14|  ap_ctrl_hs|                dense_resource_rf_gt_nin_rem0<ap_fixed,ap_fixed<14,7,0,3,0>,config2_2>|  return value|
|ap_return_111                                                                         |  out|   14|  ap_ctrl_hs|                dense_resource_rf_gt_nin_rem0<ap_fixed,ap_fixed<14,7,0,3,0>,config2_2>|  return value|
|ap_return_112                                                                         |  out|   14|  ap_ctrl_hs|                dense_resource_rf_gt_nin_rem0<ap_fixed,ap_fixed<14,7,0,3,0>,config2_2>|  return value|
|ap_return_113                                                                         |  out|   14|  ap_ctrl_hs|                dense_resource_rf_gt_nin_rem0<ap_fixed,ap_fixed<14,7,0,3,0>,config2_2>|  return value|
|ap_return_114                                                                         |  out|   14|  ap_ctrl_hs|                dense_resource_rf_gt_nin_rem0<ap_fixed,ap_fixed<14,7,0,3,0>,config2_2>|  return value|
|ap_return_115                                                                         |  out|   14|  ap_ctrl_hs|                dense_resource_rf_gt_nin_rem0<ap_fixed,ap_fixed<14,7,0,3,0>,config2_2>|  return value|
|ap_return_116                                                                         |  out|   14|  ap_ctrl_hs|                dense_resource_rf_gt_nin_rem0<ap_fixed,ap_fixed<14,7,0,3,0>,config2_2>|  return value|
|ap_return_117                                                                         |  out|   14|  ap_ctrl_hs|                dense_resource_rf_gt_nin_rem0<ap_fixed,ap_fixed<14,7,0,3,0>,config2_2>|  return value|
|ap_return_118                                                                         |  out|   14|  ap_ctrl_hs|                dense_resource_rf_gt_nin_rem0<ap_fixed,ap_fixed<14,7,0,3,0>,config2_2>|  return value|
|ap_return_119                                                                         |  out|   14|  ap_ctrl_hs|                dense_resource_rf_gt_nin_rem0<ap_fixed,ap_fixed<14,7,0,3,0>,config2_2>|  return value|
|ap_return_120                                                                         |  out|   14|  ap_ctrl_hs|                dense_resource_rf_gt_nin_rem0<ap_fixed,ap_fixed<14,7,0,3,0>,config2_2>|  return value|
|ap_return_121                                                                         |  out|   14|  ap_ctrl_hs|                dense_resource_rf_gt_nin_rem0<ap_fixed,ap_fixed<14,7,0,3,0>,config2_2>|  return value|
|ap_return_122                                                                         |  out|   14|  ap_ctrl_hs|                dense_resource_rf_gt_nin_rem0<ap_fixed,ap_fixed<14,7,0,3,0>,config2_2>|  return value|
|ap_return_123                                                                         |  out|   14|  ap_ctrl_hs|                dense_resource_rf_gt_nin_rem0<ap_fixed,ap_fixed<14,7,0,3,0>,config2_2>|  return value|
|ap_return_124                                                                         |  out|   14|  ap_ctrl_hs|                dense_resource_rf_gt_nin_rem0<ap_fixed,ap_fixed<14,7,0,3,0>,config2_2>|  return value|
|ap_return_125                                                                         |  out|   14|  ap_ctrl_hs|                dense_resource_rf_gt_nin_rem0<ap_fixed,ap_fixed<14,7,0,3,0>,config2_2>|  return value|
|ap_return_126                                                                         |  out|   14|  ap_ctrl_hs|                dense_resource_rf_gt_nin_rem0<ap_fixed,ap_fixed<14,7,0,3,0>,config2_2>|  return value|
|ap_return_127                                                                         |  out|   14|  ap_ctrl_hs|                dense_resource_rf_gt_nin_rem0<ap_fixed,ap_fixed<14,7,0,3,0>,config2_2>|  return value|
|void_lstm_static_bool_ap_fixed_ap_fixed_ap_fixed_weight_t_recurrent_weight_t_19       |   in|   14|     ap_none|       void_lstm_static_bool_ap_fixed_ap_fixed_ap_fixed_weight_t_recurrent_weight_t_19|       pointer|
|void_lstm_static_bool_ap_fixed_ap_fixed_ap_fixed_weight_t_recurrent_weight_t_18       |   in|   14|     ap_none|       void_lstm_static_bool_ap_fixed_ap_fixed_ap_fixed_weight_t_recurrent_weight_t_18|       pointer|
|void_lstm_static_bool_ap_fixed_ap_fixed_ap_fixed_weight_t_recurrent_weight_t_17       |   in|   14|     ap_none|       void_lstm_static_bool_ap_fixed_ap_fixed_ap_fixed_weight_t_recurrent_weight_t_17|       pointer|
|void_lstm_static_bool_ap_fixed_ap_fixed_ap_fixed_weight_t_recurrent_weight_t_16       |   in|   14|     ap_none|       void_lstm_static_bool_ap_fixed_ap_fixed_ap_fixed_weight_t_recurrent_weight_t_16|       pointer|
|void_lstm_static_bool_ap_fixed_ap_fixed_ap_fixed_weight_t_recurrent_weight_t_15       |   in|   14|     ap_none|       void_lstm_static_bool_ap_fixed_ap_fixed_ap_fixed_weight_t_recurrent_weight_t_15|       pointer|
|void_lstm_static_bool_ap_fixed_ap_fixed_ap_fixed_weight_t_recurrent_weight_t_14       |   in|   14|     ap_none|       void_lstm_static_bool_ap_fixed_ap_fixed_ap_fixed_weight_t_recurrent_weight_t_14|       pointer|
|void_lstm_static_bool_ap_fixed_ap_fixed_ap_fixed_weight_t_recurrent_weight_t_13       |   in|   14|     ap_none|       void_lstm_static_bool_ap_fixed_ap_fixed_ap_fixed_weight_t_recurrent_weight_t_13|       pointer|
|void_lstm_static_bool_ap_fixed_ap_fixed_ap_fixed_weight_t_recurrent_weight_t_12       |   in|   14|     ap_none|       void_lstm_static_bool_ap_fixed_ap_fixed_ap_fixed_weight_t_recurrent_weight_t_12|       pointer|
|void_lstm_static_bool_ap_fixed_ap_fixed_ap_fixed_weight_t_recurrent_weight_t_11       |   in|   14|     ap_none|       void_lstm_static_bool_ap_fixed_ap_fixed_ap_fixed_weight_t_recurrent_weight_t_11|       pointer|
|void_lstm_static_bool_ap_fixed_ap_fixed_ap_fixed_weight_t_recurrent_weight_t_10       |   in|   14|     ap_none|       void_lstm_static_bool_ap_fixed_ap_fixed_ap_fixed_weight_t_recurrent_weight_t_10|       pointer|
|p_ZZN4nnet11lstm_staticI8ap_fixedILi14ELi7EL9ap_q_mode0EL9ap_o_mode3ELi0EES4_7con_43  |   in|   14|     ap_none|  p_ZZN4nnet11lstm_staticI8ap_fixedILi14ELi7EL9ap_q_mode0EL9ap_o_mode3ELi0EES4_7con_43|       pointer|
|p_ZZN4nnet11lstm_staticI8ap_fixedILi14ELi7EL9ap_q_mode0EL9ap_o_mode3ELi0EES4_7con_42  |   in|   14|     ap_none|  p_ZZN4nnet11lstm_staticI8ap_fixedILi14ELi7EL9ap_q_mode0EL9ap_o_mode3ELi0EES4_7con_42|       pointer|
|p_ZZN4nnet11lstm_staticI8ap_fixedILi14ELi7EL9ap_q_mode0EL9ap_o_mode3ELi0EES4_7con_41  |   in|   14|     ap_none|  p_ZZN4nnet11lstm_staticI8ap_fixedILi14ELi7EL9ap_q_mode0EL9ap_o_mode3ELi0EES4_7con_41|       pointer|
|p_ZZN4nnet11lstm_staticI8ap_fixedILi14ELi7EL9ap_q_mode0EL9ap_o_mode3ELi0EES4_7con_40  |   in|   14|     ap_none|  p_ZZN4nnet11lstm_staticI8ap_fixedILi14ELi7EL9ap_q_mode0EL9ap_o_mode3ELi0EES4_7con_40|       pointer|
|p_ZZN4nnet11lstm_staticI8ap_fixedILi14ELi7EL9ap_q_mode0EL9ap_o_mode3ELi0EES4_7con_39  |   in|   14|     ap_none|  p_ZZN4nnet11lstm_staticI8ap_fixedILi14ELi7EL9ap_q_mode0EL9ap_o_mode3ELi0EES4_7con_39|       pointer|
|p_ZZN4nnet11lstm_staticI8ap_fixedILi14ELi7EL9ap_q_mode0EL9ap_o_mode3ELi0EES4_7con_38  |   in|   14|     ap_none|  p_ZZN4nnet11lstm_staticI8ap_fixedILi14ELi7EL9ap_q_mode0EL9ap_o_mode3ELi0EES4_7con_38|       pointer|
|p_ZZN4nnet11lstm_staticI8ap_fixedILi14ELi7EL9ap_q_mode0EL9ap_o_mode3ELi0EES4_7con_37  |   in|   14|     ap_none|  p_ZZN4nnet11lstm_staticI8ap_fixedILi14ELi7EL9ap_q_mode0EL9ap_o_mode3ELi0EES4_7con_37|       pointer|
|p_ZZN4nnet11lstm_staticI8ap_fixedILi14ELi7EL9ap_q_mode0EL9ap_o_mode3ELi0EES4_7con_36  |   in|   14|     ap_none|  p_ZZN4nnet11lstm_staticI8ap_fixedILi14ELi7EL9ap_q_mode0EL9ap_o_mode3ELi0EES4_7con_36|       pointer|
|p_ZZN4nnet11lstm_staticI8ap_fixedILi14ELi7EL9ap_q_mode0EL9ap_o_mode3ELi0EES4_7con_35  |   in|   14|     ap_none|  p_ZZN4nnet11lstm_staticI8ap_fixedILi14ELi7EL9ap_q_mode0EL9ap_o_mode3ELi0EES4_7con_35|       pointer|
|p_ZZN4nnet11lstm_staticI8ap_fixedILi14ELi7EL9ap_q_mode0EL9ap_o_mode3ELi0EES4_7con_34  |   in|   14|     ap_none|  p_ZZN4nnet11lstm_staticI8ap_fixedILi14ELi7EL9ap_q_mode0EL9ap_o_mode3ELi0EES4_7con_34|       pointer|
|p_ZZN4nnet11lstm_staticI8ap_fixedILi14ELi7EL9ap_q_mode0EL9ap_o_mode3ELi0EES4_7con_33  |   in|   14|     ap_none|  p_ZZN4nnet11lstm_staticI8ap_fixedILi14ELi7EL9ap_q_mode0EL9ap_o_mode3ELi0EES4_7con_33|       pointer|
|p_ZZN4nnet11lstm_staticI8ap_fixedILi14ELi7EL9ap_q_mode0EL9ap_o_mode3ELi0EES4_7con_32  |   in|   14|     ap_none|  p_ZZN4nnet11lstm_staticI8ap_fixedILi14ELi7EL9ap_q_mode0EL9ap_o_mode3ELi0EES4_7con_32|       pointer|
|p_ZZN4nnet11lstm_staticI8ap_fixedILi14ELi7EL9ap_q_mode0EL9ap_o_mode3ELi0EES4_7con_31  |   in|   14|     ap_none|  p_ZZN4nnet11lstm_staticI8ap_fixedILi14ELi7EL9ap_q_mode0EL9ap_o_mode3ELi0EES4_7con_31|       pointer|
|p_ZZN4nnet11lstm_staticI8ap_fixedILi14ELi7EL9ap_q_mode0EL9ap_o_mode3ELi0EES4_7con_30  |   in|   14|     ap_none|  p_ZZN4nnet11lstm_staticI8ap_fixedILi14ELi7EL9ap_q_mode0EL9ap_o_mode3ELi0EES4_7con_30|       pointer|
|p_ZZN4nnet11lstm_staticI8ap_fixedILi14ELi7EL9ap_q_mode0EL9ap_o_mode3ELi0EES4_7con_29  |   in|   14|     ap_none|  p_ZZN4nnet11lstm_staticI8ap_fixedILi14ELi7EL9ap_q_mode0EL9ap_o_mode3ELi0EES4_7con_29|       pointer|
|p_ZZN4nnet11lstm_staticI8ap_fixedILi14ELi7EL9ap_q_mode0EL9ap_o_mode3ELi0EES4_7con_28  |   in|   14|     ap_none|  p_ZZN4nnet11lstm_staticI8ap_fixedILi14ELi7EL9ap_q_mode0EL9ap_o_mode3ELi0EES4_7con_28|       pointer|
|p_ZZN4nnet11lstm_staticI8ap_fixedILi14ELi7EL9ap_q_mode0EL9ap_o_mode3ELi0EES4_7con_27  |   in|   14|     ap_none|  p_ZZN4nnet11lstm_staticI8ap_fixedILi14ELi7EL9ap_q_mode0EL9ap_o_mode3ELi0EES4_7con_27|       pointer|
|p_ZZN4nnet11lstm_staticI8ap_fixedILi14ELi7EL9ap_q_mode0EL9ap_o_mode3ELi0EES4_7con_26  |   in|   14|     ap_none|  p_ZZN4nnet11lstm_staticI8ap_fixedILi14ELi7EL9ap_q_mode0EL9ap_o_mode3ELi0EES4_7con_26|       pointer|
|p_ZZN4nnet11lstm_staticI8ap_fixedILi14ELi7EL9ap_q_mode0EL9ap_o_mode3ELi0EES4_7con_25  |   in|   14|     ap_none|  p_ZZN4nnet11lstm_staticI8ap_fixedILi14ELi7EL9ap_q_mode0EL9ap_o_mode3ELi0EES4_7con_25|       pointer|
|p_ZZN4nnet11lstm_staticI8ap_fixedILi14ELi7EL9ap_q_mode0EL9ap_o_mode3ELi0EES4_7con_24  |   in|   14|     ap_none|  p_ZZN4nnet11lstm_staticI8ap_fixedILi14ELi7EL9ap_q_mode0EL9ap_o_mode3ELi0EES4_7con_24|       pointer|
|p_ZZN4nnet11lstm_staticI8ap_fixedILi14ELi7EL9ap_q_mode0EL9ap_o_mode3ELi0EES4_7con_23  |   in|   14|     ap_none|  p_ZZN4nnet11lstm_staticI8ap_fixedILi14ELi7EL9ap_q_mode0EL9ap_o_mode3ELi0EES4_7con_23|       pointer|
|p_ZZN4nnet11lstm_staticI8ap_fixedILi14ELi7EL9ap_q_mode0EL9ap_o_mode3ELi0EES4_7con_22  |   in|   14|     ap_none|  p_ZZN4nnet11lstm_staticI8ap_fixedILi14ELi7EL9ap_q_mode0EL9ap_o_mode3ELi0EES4_7con_22|       pointer|
+--------------------------------------------------------------------------------------+-----+-----+------------+--------------------------------------------------------------------------------------+--------------+

