

================================================================
== Vitis HLS Report for 'lstm_static_ap_fixed_14_7_0_3_0_ap_fixed_14_7_0_3_0_config2_false_s'
================================================================
* Date:           Tue Sep 15 12:08:56 2026

* Version:        2026.1 (Build 6493734 on Jun 16 2026)
* Project:        recurrent_prj
* Solution:       solution1
* Product family: artix7
* Target device:  xc7a100t-csg324-1


================================================================
== Performance Estimates
================================================================
+ Timing: 
    * Summary: 
    +--------+---------+----------+------------+
    |  Clock |  Target | Estimated| Uncertainty|
    +--------+---------+----------+------------+
    |ap_clk  |  4.00 ns|  9.651 ns|     1.08 ns|
    +--------+---------+----------+------------+

+ Latency: 
    * Summary: 
    +---------+---------+----------+----------+-----+-----+---------+
    |  Latency (cycles) |  Latency (absolute) |  Interval | Pipeline|
    |   min   |   max   |    min   |    max   | min | max |   Type  |
    +---------+---------+----------+----------+-----+-----+---------+
    |      100|      101|  0.965 us|  0.975 us|  100|  101|       no|
    +---------+---------+----------+----------+-----+-----+---------+

    + Detail: 
        * Instance: 
        +-----------------------------------------------------------------------------------+------------------------------------------------------------------------+---------+---------+-----------+-----------+-----+-----+------------------------------------+
        |                                                                                   |                                                                        |  Latency (cycles) |   Latency (absolute)  |  Interval |              Pipeline              |
        |                                      Instance                                     |                                 Module                                 |   min   |   max   |    min    |    max    | min | max |                Type                |
        +-----------------------------------------------------------------------------------+------------------------------------------------------------------------+---------+---------+-----------+-----------+-----+-----+------------------------------------+
        |grp_dense_resource_rf_gt_nin_rem0_ap_fixed_ap_fixed_14_7_0_3_0_config2_1_s_fu_530  |dense_resource_rf_gt_nin_rem0_ap_fixed_ap_fixed_14_7_0_3_0_config2_1_s  |       70|       71|   0.676 us|   0.685 us|   64|   64|  loop rewind stp (delay=0 cycle(s))|
        |grp_dense_resource_rf_gt_nin_rem0_ap_fixed_ap_fixed_14_7_0_3_0_config2_2_s_fu_540  |dense_resource_rf_gt_nin_rem0_ap_fixed_ap_fixed_14_7_0_3_0_config2_2_s  |       70|       71|   0.676 us|   0.685 us|   64|   64|  loop rewind stp (delay=0 cycle(s))|
        |grp_sigmoid_ap_fixed_ap_fixed_14_7_0_3_0_sigmoid_config2_recr_s_fu_612             |sigmoid_ap_fixed_ap_fixed_14_7_0_3_0_sigmoid_config2_recr_s             |        6|        6|  57.906 ns|  57.906 ns|    1|    1|                                 yes|
        |grp_tanh_ap_fixed_14_7_0_3_0_ap_fixed_14_7_0_3_0_tanh_config2_s_fu_714             |tanh_ap_fixed_14_7_0_3_0_ap_fixed_14_7_0_3_0_tanh_config2_s             |        5|        5|  48.255 ns|  48.255 ns|    1|    1|                                 yes|
        +-----------------------------------------------------------------------------------+------------------------------------------------------------------------+---------+---------+-----------+-----------+-----+-----+------------------------------------+

        * Loop: 
        N/A



================================================================
== Utilization Estimates
================================================================
* Summary: 
+-----------------+---------+-----+--------+-------+-----+
|       Name      | BRAM_18K| DSP |   FF   |  LUT  | URAM|
+-----------------+---------+-----+--------+-------+-----+
|DSP              |        -|    -|       -|      -|    -|
|Expression       |        -|    -|       0|   5378|    -|
|FIFO             |        -|    -|       -|      -|    -|
|Instance         |       90|  176|   32336|  38550|    -|
|Memory           |        -|    -|       -|      -|    -|
|Multiplexer      |        -|    -|       0|   1140|    -|
|Register         |        -|    -|   12193|      -|    -|
+-----------------+---------+-----+--------+-------+-----+
|Total            |       90|  176|   44529|  45068|    0|
+-----------------+---------+-----+--------+-------+-----+
|Available        |      270|  240|  126800|  63400|    0|
+-----------------+---------+-----+--------+-------+-----+
|Utilization (%)  |       33|   73|      35|     71|    0|
+-----------------+---------+-----+--------+-------+-----+

+ Detail: 
    * Instance: 
    +-----------------------------------------------------------------------------------+------------------------------------------------------------------------+---------+----+-------+-------+-----+
    |                                      Instance                                     |                                 Module                                 | BRAM_18K| DSP|   FF  |  LUT  | URAM|
    +-----------------------------------------------------------------------------------+------------------------------------------------------------------------+---------+----+-------+-------+-----+
    |grp_dense_resource_rf_gt_nin_rem0_ap_fixed_ap_fixed_14_7_0_3_0_config2_1_s_fu_530  |dense_resource_rf_gt_nin_rem0_ap_fixed_ap_fixed_14_7_0_3_0_config2_1_s  |        6|  16|   5460|   7243|    0|
    |grp_dense_resource_rf_gt_nin_rem0_ap_fixed_ap_fixed_14_7_0_3_0_config2_2_s_fu_540  |dense_resource_rf_gt_nin_rem0_ap_fixed_ap_fixed_14_7_0_3_0_config2_2_s  |       20|  64|  10790|  15915|    0|
    |mul_14s_14s_28_4_1_U270                                                            |mul_14s_14s_28_4_1                                                      |        0|   1|     61|      1|    0|
    |mul_14s_14s_28_4_1_U271                                                            |mul_14s_14s_28_4_1                                                      |        0|   1|     61|      1|    0|
    |mul_14s_14s_28_4_1_U272                                                            |mul_14s_14s_28_4_1                                                      |        0|   1|     61|      1|    0|
    |mul_14s_14s_28_4_1_U273                                                            |mul_14s_14s_28_4_1                                                      |        0|   1|     61|      1|    0|
    |mul_14s_14s_28_4_1_U274                                                            |mul_14s_14s_28_4_1                                                      |        0|   1|     61|      1|    0|
    |mul_14s_14s_28_4_1_U275                                                            |mul_14s_14s_28_4_1                                                      |        0|   1|     61|      1|    0|
    |mul_14s_14s_28_4_1_U276                                                            |mul_14s_14s_28_4_1                                                      |        0|   1|     61|      1|    0|
    |mul_14s_14s_28_4_1_U277                                                            |mul_14s_14s_28_4_1                                                      |        0|   1|     61|      1|    0|
    |mul_14s_14s_28_4_1_U278                                                            |mul_14s_14s_28_4_1                                                      |        0|   1|     61|      1|    0|
    |mul_14s_14s_28_4_1_U279                                                            |mul_14s_14s_28_4_1                                                      |        0|   1|     61|      1|    0|
    |mul_14s_14s_28_4_1_U280                                                            |mul_14s_14s_28_4_1                                                      |        0|   1|     61|      1|    0|
    |mul_14s_14s_28_4_1_U281                                                            |mul_14s_14s_28_4_1                                                      |        0|   1|     61|      1|    0|
    |mul_14s_14s_28_4_1_U282                                                            |mul_14s_14s_28_4_1                                                      |        0|   1|     61|      1|    0|
    |mul_14s_14s_28_4_1_U283                                                            |mul_14s_14s_28_4_1                                                      |        0|   1|     61|      1|    0|
    |mul_14s_14s_28_4_1_U284                                                            |mul_14s_14s_28_4_1                                                      |        0|   1|     61|      1|    0|
    |mul_14s_14s_28_4_1_U285                                                            |mul_14s_14s_28_4_1                                                      |        0|   1|     61|      1|    0|
    |mul_14s_14s_28_4_1_U286                                                            |mul_14s_14s_28_4_1                                                      |        0|   1|     61|      1|    0|
    |mul_14s_14s_28_4_1_U287                                                            |mul_14s_14s_28_4_1                                                      |        0|   1|     61|      1|    0|
    |mul_14s_14s_28_4_1_U288                                                            |mul_14s_14s_28_4_1                                                      |        0|   1|     61|      1|    0|
    |mul_14s_14s_28_4_1_U289                                                            |mul_14s_14s_28_4_1                                                      |        0|   1|     61|      1|    0|
    |mul_14s_14s_28_4_1_U290                                                            |mul_14s_14s_28_4_1                                                      |        0|   1|     61|      1|    0|
    |mul_14s_14s_28_4_1_U291                                                            |mul_14s_14s_28_4_1                                                      |        0|   1|     61|      1|    0|
    |mul_14s_14s_28_4_1_U292                                                            |mul_14s_14s_28_4_1                                                      |        0|   1|     61|      1|    0|
    |mul_14s_14s_28_4_1_U293                                                            |mul_14s_14s_28_4_1                                                      |        0|   1|     61|      1|    0|
    |mul_14s_14s_28_4_1_U294                                                            |mul_14s_14s_28_4_1                                                      |        0|   1|     61|      1|    0|
    |mul_14s_14s_28_4_1_U295                                                            |mul_14s_14s_28_4_1                                                      |        0|   1|     61|      1|    0|
    |mul_14s_14s_28_4_1_U296                                                            |mul_14s_14s_28_4_1                                                      |        0|   1|     61|      1|    0|
    |mul_14s_14s_28_4_1_U297                                                            |mul_14s_14s_28_4_1                                                      |        0|   1|     61|      1|    0|
    |mul_14s_14s_28_4_1_U298                                                            |mul_14s_14s_28_4_1                                                      |        0|   1|     61|      1|    0|
    |mul_14s_14s_28_4_1_U299                                                            |mul_14s_14s_28_4_1                                                      |        0|   1|     61|      1|    0|
    |mul_14s_14s_28_4_1_U300                                                            |mul_14s_14s_28_4_1                                                      |        0|   1|     61|      1|    0|
    |mul_14s_14s_28_4_1_U301                                                            |mul_14s_14s_28_4_1                                                      |        0|   1|     61|      1|    0|
    |mul_14s_14s_28_4_1_U302                                                            |mul_14s_14s_28_4_1                                                      |        0|   1|     61|      1|    0|
    |mul_14s_14s_28_4_1_U303                                                            |mul_14s_14s_28_4_1                                                      |        0|   1|     61|      1|    0|
    |mul_14s_14s_28_4_1_U304                                                            |mul_14s_14s_28_4_1                                                      |        0|   1|     61|      1|    0|
    |mul_14s_14s_28_4_1_U305                                                            |mul_14s_14s_28_4_1                                                      |        0|   1|     61|      1|    0|
    |mul_14s_14s_28_4_1_U306                                                            |mul_14s_14s_28_4_1                                                      |        0|   1|     61|      1|    0|
    |mul_14s_14s_28_4_1_U307                                                            |mul_14s_14s_28_4_1                                                      |        0|   1|     61|      1|    0|
    |mul_14s_14s_28_4_1_U308                                                            |mul_14s_14s_28_4_1                                                      |        0|   1|     61|      1|    0|
    |mul_14s_14s_28_4_1_U309                                                            |mul_14s_14s_28_4_1                                                      |        0|   1|     61|      1|    0|
    |mul_14s_14s_28_4_1_U310                                                            |mul_14s_14s_28_4_1                                                      |        0|   1|     61|      1|    0|
    |mul_14s_14s_28_4_1_U311                                                            |mul_14s_14s_28_4_1                                                      |        0|   1|     61|      1|    0|
    |mul_14s_14s_28_4_1_U312                                                            |mul_14s_14s_28_4_1                                                      |        0|   1|     61|      1|    0|
    |mul_14s_14s_28_4_1_U313                                                            |mul_14s_14s_28_4_1                                                      |        0|   1|     61|      1|    0|
    |mul_14s_14s_28_4_1_U314                                                            |mul_14s_14s_28_4_1                                                      |        0|   1|     61|      1|    0|
    |mul_14s_14s_28_4_1_U315                                                            |mul_14s_14s_28_4_1                                                      |        0|   1|     61|      1|    0|
    |mul_14s_14s_28_4_1_U316                                                            |mul_14s_14s_28_4_1                                                      |        0|   1|     61|      1|    0|
    |mul_14s_14s_28_4_1_U317                                                            |mul_14s_14s_28_4_1                                                      |        0|   1|     61|      1|    0|
    |mul_14s_14s_28_4_1_U318                                                            |mul_14s_14s_28_4_1                                                      |        0|   1|     61|      1|    0|
    |mul_14s_14s_28_4_1_U319                                                            |mul_14s_14s_28_4_1                                                      |        0|   1|     61|      1|    0|
    |mul_14s_14s_28_4_1_U320                                                            |mul_14s_14s_28_4_1                                                      |        0|   1|     61|      1|    0|
    |mul_14s_14s_28_4_1_U321                                                            |mul_14s_14s_28_4_1                                                      |        0|   1|     61|      1|    0|
    |mul_14s_14s_28_4_1_U322                                                            |mul_14s_14s_28_4_1                                                      |        0|   1|     61|      1|    0|
    |mul_14s_14s_28_4_1_U323                                                            |mul_14s_14s_28_4_1                                                      |        0|   1|     61|      1|    0|
    |mul_14s_14s_28_4_1_U324                                                            |mul_14s_14s_28_4_1                                                      |        0|   1|     61|      1|    0|
    |mul_14s_14s_28_4_1_U325                                                            |mul_14s_14s_28_4_1                                                      |        0|   1|     61|      1|    0|
    |mul_14s_14s_28_4_1_U326                                                            |mul_14s_14s_28_4_1                                                      |        0|   1|     61|      1|    0|
    |mul_14s_14s_28_4_1_U327                                                            |mul_14s_14s_28_4_1                                                      |        0|   1|     61|      1|    0|
    |mul_14s_14s_28_4_1_U328                                                            |mul_14s_14s_28_4_1                                                      |        0|   1|     61|      1|    0|
    |mul_14s_14s_28_4_1_U329                                                            |mul_14s_14s_28_4_1                                                      |        0|   1|     61|      1|    0|
    |mul_14s_14s_28_4_1_U330                                                            |mul_14s_14s_28_4_1                                                      |        0|   1|     61|      1|    0|
    |mul_14s_14s_28_4_1_U331                                                            |mul_14s_14s_28_4_1                                                      |        0|   1|     61|      1|    0|
    |mul_14s_14s_28_4_1_U332                                                            |mul_14s_14s_28_4_1                                                      |        0|   1|     61|      1|    0|
    |mul_14s_14s_28_4_1_U333                                                            |mul_14s_14s_28_4_1                                                      |        0|   1|     61|      1|    0|
    |mul_14s_14s_28_4_1_U334                                                            |mul_14s_14s_28_4_1                                                      |        0|   1|     61|      1|    0|
    |mul_14s_14s_28_4_1_U335                                                            |mul_14s_14s_28_4_1                                                      |        0|   1|     61|      1|    0|
    |mul_14s_14s_28_4_1_U336                                                            |mul_14s_14s_28_4_1                                                      |        0|   1|     61|      1|    0|
    |mul_14s_14s_28_4_1_U337                                                            |mul_14s_14s_28_4_1                                                      |        0|   1|     61|      1|    0|
    |mul_14s_14s_28_4_1_U338                                                            |mul_14s_14s_28_4_1                                                      |        0|   1|     61|      1|    0|
    |mul_14s_14s_28_4_1_U339                                                            |mul_14s_14s_28_4_1                                                      |        0|   1|     61|      1|    0|
    |mul_14s_14s_28_4_1_U340                                                            |mul_14s_14s_28_4_1                                                      |        0|   1|     61|      1|    0|
    |mul_14s_14s_28_4_1_U341                                                            |mul_14s_14s_28_4_1                                                      |        0|   1|     61|      1|    0|
    |mul_14s_14s_28_4_1_U342                                                            |mul_14s_14s_28_4_1                                                      |        0|   1|     61|      1|    0|
    |mul_14s_14s_28_4_1_U343                                                            |mul_14s_14s_28_4_1                                                      |        0|   1|     61|      1|    0|
    |mul_14s_14s_28_4_1_U344                                                            |mul_14s_14s_28_4_1                                                      |        0|   1|     61|      1|    0|
    |mul_14s_14s_28_4_1_U345                                                            |mul_14s_14s_28_4_1                                                      |        0|   1|     61|      1|    0|
    |mul_14s_14s_28_4_1_U346                                                            |mul_14s_14s_28_4_1                                                      |        0|   1|     61|      1|    0|
    |mul_14s_14s_28_4_1_U347                                                            |mul_14s_14s_28_4_1                                                      |        0|   1|     61|      1|    0|
    |mul_14s_14s_28_4_1_U348                                                            |mul_14s_14s_28_4_1                                                      |        0|   1|     61|      1|    0|
    |mul_14s_14s_28_4_1_U349                                                            |mul_14s_14s_28_4_1                                                      |        0|   1|     61|      1|    0|
    |mul_14s_14s_28_4_1_U350                                                            |mul_14s_14s_28_4_1                                                      |        0|   1|     61|      1|    0|
    |mul_14s_14s_28_4_1_U351                                                            |mul_14s_14s_28_4_1                                                      |        0|   1|     61|      1|    0|
    |mul_14s_14s_28_4_1_U352                                                            |mul_14s_14s_28_4_1                                                      |        0|   1|     61|      1|    0|
    |mul_14s_14s_28_4_1_U353                                                            |mul_14s_14s_28_4_1                                                      |        0|   1|     61|      1|    0|
    |mul_14s_14s_28_4_1_U354                                                            |mul_14s_14s_28_4_1                                                      |        0|   1|     61|      1|    0|
    |mul_14s_14s_28_4_1_U355                                                            |mul_14s_14s_28_4_1                                                      |        0|   1|     61|      1|    0|
    |mul_14s_14s_28_4_1_U356                                                            |mul_14s_14s_28_4_1                                                      |        0|   1|     61|      1|    0|
    |mul_14s_14s_28_4_1_U357                                                            |mul_14s_14s_28_4_1                                                      |        0|   1|     61|      1|    0|
    |mul_14s_14s_28_4_1_U358                                                            |mul_14s_14s_28_4_1                                                      |        0|   1|     61|      1|    0|
    |mul_14s_14s_28_4_1_U359                                                            |mul_14s_14s_28_4_1                                                      |        0|   1|     61|      1|    0|
    |mul_14s_14s_28_4_1_U360                                                            |mul_14s_14s_28_4_1                                                      |        0|   1|     61|      1|    0|
    |mul_14s_14s_28_4_1_U361                                                            |mul_14s_14s_28_4_1                                                      |        0|   1|     61|      1|    0|
    |mul_14s_14s_28_4_1_U362                                                            |mul_14s_14s_28_4_1                                                      |        0|   1|     61|      1|    0|
    |mul_14s_14s_28_4_1_U363                                                            |mul_14s_14s_28_4_1                                                      |        0|   1|     61|      1|    0|
    |mul_14s_14s_28_4_1_U364                                                            |mul_14s_14s_28_4_1                                                      |        0|   1|     61|      1|    0|
    |mul_14s_14s_28_4_1_U365                                                            |mul_14s_14s_28_4_1                                                      |        0|   1|     61|      1|    0|
    |grp_sigmoid_ap_fixed_ap_fixed_14_7_0_3_0_sigmoid_config2_recr_s_fu_612             |sigmoid_ap_fixed_ap_fixed_14_7_0_3_0_sigmoid_config2_recr_s             |       48|   0|   8266|  12480|    0|
    |grp_tanh_ap_fixed_14_7_0_3_0_ap_fixed_14_7_0_3_0_tanh_config2_s_fu_714             |tanh_ap_fixed_14_7_0_3_0_ap_fixed_14_7_0_3_0_tanh_config2_s             |       16|   0|   1964|   2816|    0|
    +-----------------------------------------------------------------------------------+------------------------------------------------------------------------+---------+----+-------+-------+-----+
    |Total                                                                              |                                                                        |       90| 176|  32336|  38550|    0|
    +-----------------------------------------------------------------------------------+------------------------------------------------------------------------+---------+----+-------+-------+-----+

    * DSP: 
    N/A

    * Memory: 
    N/A

    * FIFO: 
    N/A

    * Expression: 
    +---------------------------------+----------+----+---+----+------------+------------+
    |          Variable Name          | Operation| DSP| FF| LUT| Bitwidth P0| Bitwidth P1|
    +---------------------------------+----------+----+---+----+------------+------------+
    |add_ln181_10_fu_4726_p2          |         +|   0|  0|  28|          21|          21|
    |add_ln181_11_fu_5443_p2          |         +|   0|  0|  21|          14|          14|
    |add_ln181_12_fu_4752_p2          |         +|   0|  0|  28|          21|          21|
    |add_ln181_13_fu_4670_p2          |         +|   0|  0|  14|           7|           7|
    |add_ln181_14_fu_4778_p2          |         +|   0|  0|  28|          21|          21|
    |add_ln181_15_fu_5451_p2          |         +|   0|  0|  21|          14|          14|
    |add_ln181_16_fu_4804_p2          |         +|   0|  0|  28|          21|          21|
    |add_ln181_17_fu_4696_p2          |         +|   0|  0|  14|           7|           7|
    |add_ln181_18_fu_4830_p2          |         +|   0|  0|  28|          21|          21|
    |add_ln181_19_fu_5459_p2          |         +|   0|  0|  21|          14|          14|
    |add_ln181_1_fu_4592_p2           |         +|   0|  0|  14|           7|           7|
    |add_ln181_20_fu_4856_p2          |         +|   0|  0|  28|          21|          21|
    |add_ln181_21_fu_4722_p2          |         +|   0|  0|  14|           7|           7|
    |add_ln181_22_fu_4882_p2          |         +|   0|  0|  28|          21|          21|
    |add_ln181_23_fu_5467_p2          |         +|   0|  0|  21|          14|          14|
    |add_ln181_24_fu_4908_p2          |         +|   0|  0|  28|          21|          21|
    |add_ln181_25_fu_4748_p2          |         +|   0|  0|  14|           7|           7|
    |add_ln181_26_fu_4934_p2          |         +|   0|  0|  28|          21|          21|
    |add_ln181_27_fu_5475_p2          |         +|   0|  0|  21|          14|          14|
    |add_ln181_28_fu_4960_p2          |         +|   0|  0|  28|          21|          21|
    |add_ln181_29_fu_4774_p2          |         +|   0|  0|  14|           7|           7|
    |add_ln181_2_fu_4622_p2           |         +|   0|  0|  28|          21|          21|
    |add_ln181_30_fu_4986_p2          |         +|   0|  0|  28|          21|          21|
    |add_ln181_31_fu_5483_p2          |         +|   0|  0|  21|          14|          14|
    |add_ln181_32_fu_5012_p2          |         +|   0|  0|  28|          21|          21|
    |add_ln181_33_fu_4800_p2          |         +|   0|  0|  14|           7|           7|
    |add_ln181_34_fu_5038_p2          |         +|   0|  0|  28|          21|          21|
    |add_ln181_35_fu_5491_p2          |         +|   0|  0|  21|          14|          14|
    |add_ln181_36_fu_5064_p2          |         +|   0|  0|  28|          21|          21|
    |add_ln181_37_fu_4826_p2          |         +|   0|  0|  14|           7|           7|
    |add_ln181_38_fu_5090_p2          |         +|   0|  0|  28|          21|          21|
    |add_ln181_39_fu_5499_p2          |         +|   0|  0|  21|          14|          14|
    |add_ln181_3_fu_5427_p2           |         +|   0|  0|  21|          14|          14|
    |add_ln181_40_fu_5116_p2          |         +|   0|  0|  28|          21|          21|
    |add_ln181_41_fu_4852_p2          |         +|   0|  0|  14|           7|           7|
    |add_ln181_42_fu_5142_p2          |         +|   0|  0|  28|          21|          21|
    |add_ln181_43_fu_5507_p2          |         +|   0|  0|  21|          14|          14|
    |add_ln181_44_fu_5168_p2          |         +|   0|  0|  28|          21|          21|
    |add_ln181_45_fu_4878_p2          |         +|   0|  0|  14|           7|           7|
    |add_ln181_46_fu_5194_p2          |         +|   0|  0|  28|          21|          21|
    |add_ln181_47_fu_5515_p2          |         +|   0|  0|  21|          14|          14|
    |add_ln181_48_fu_5220_p2          |         +|   0|  0|  28|          21|          21|
    |add_ln181_49_fu_4904_p2          |         +|   0|  0|  14|           7|           7|
    |add_ln181_4_fu_4648_p2           |         +|   0|  0|  28|          21|          21|
    |add_ln181_50_fu_5246_p2          |         +|   0|  0|  28|          21|          21|
    |add_ln181_51_fu_5523_p2          |         +|   0|  0|  21|          14|          14|
    |add_ln181_52_fu_5272_p2          |         +|   0|  0|  28|          21|          21|
    |add_ln181_53_fu_4930_p2          |         +|   0|  0|  14|           7|           7|
    |add_ln181_54_fu_5298_p2          |         +|   0|  0|  28|          21|          21|
    |add_ln181_55_fu_5531_p2          |         +|   0|  0|  21|          14|          14|
    |add_ln181_56_fu_5324_p2          |         +|   0|  0|  28|          21|          21|
    |add_ln181_57_fu_4956_p2          |         +|   0|  0|  14|           7|           7|
    |add_ln181_58_fu_5350_p2          |         +|   0|  0|  28|          21|          21|
    |add_ln181_59_fu_5539_p2          |         +|   0|  0|  21|          14|          14|
    |add_ln181_5_fu_4618_p2           |         +|   0|  0|  14|           7|           7|
    |add_ln181_60_fu_5376_p2          |         +|   0|  0|  28|          21|          21|
    |add_ln181_61_fu_4982_p2          |         +|   0|  0|  14|           7|           7|
    |add_ln181_62_fu_5402_p2          |         +|   0|  0|  28|          21|          21|
    |add_ln181_63_fu_5547_p2          |         +|   0|  0|  21|          14|          14|
    |add_ln181_64_fu_5008_p2          |         +|   0|  0|  14|           7|           7|
    |add_ln181_65_fu_5555_p2          |         +|   0|  0|  21|          14|          14|
    |add_ln181_66_fu_5034_p2          |         +|   0|  0|  14|           7|           7|
    |add_ln181_67_fu_5563_p2          |         +|   0|  0|  21|          14|          14|
    |add_ln181_68_fu_5060_p2          |         +|   0|  0|  14|           7|           7|
    |add_ln181_69_fu_5571_p2          |         +|   0|  0|  21|          14|          14|
    |add_ln181_6_fu_4674_p2           |         +|   0|  0|  28|          21|          21|
    |add_ln181_70_fu_5086_p2          |         +|   0|  0|  14|           7|           7|
    |add_ln181_71_fu_5579_p2          |         +|   0|  0|  21|          14|          14|
    |add_ln181_72_fu_5112_p2          |         +|   0|  0|  14|           7|           7|
    |add_ln181_73_fu_5587_p2          |         +|   0|  0|  21|          14|          14|
    |add_ln181_74_fu_5138_p2          |         +|   0|  0|  14|           7|           7|
    |add_ln181_75_fu_5595_p2          |         +|   0|  0|  21|          14|          14|
    |add_ln181_76_fu_5164_p2          |         +|   0|  0|  14|           7|           7|
    |add_ln181_77_fu_5603_p2          |         +|   0|  0|  21|          14|          14|
    |add_ln181_78_fu_5190_p2          |         +|   0|  0|  14|           7|           7|
    |add_ln181_79_fu_5611_p2          |         +|   0|  0|  21|          14|          14|
    |add_ln181_7_fu_5435_p2           |         +|   0|  0|  21|          14|          14|
    |add_ln181_80_fu_5216_p2          |         +|   0|  0|  14|           7|           7|
    |add_ln181_81_fu_5619_p2          |         +|   0|  0|  21|          14|          14|
    |add_ln181_82_fu_5242_p2          |         +|   0|  0|  14|           7|           7|
    |add_ln181_83_fu_5627_p2          |         +|   0|  0|  21|          14|          14|
    |add_ln181_84_fu_5268_p2          |         +|   0|  0|  14|           7|           7|
    |add_ln181_85_fu_5635_p2          |         +|   0|  0|  21|          14|          14|
    |add_ln181_86_fu_5294_p2          |         +|   0|  0|  14|           7|           7|
    |add_ln181_87_fu_5643_p2          |         +|   0|  0|  21|          14|          14|
    |add_ln181_88_fu_5320_p2          |         +|   0|  0|  14|           7|           7|
    |add_ln181_89_fu_5651_p2          |         +|   0|  0|  21|          14|          14|
    |add_ln181_8_fu_4700_p2           |         +|   0|  0|  28|          21|          21|
    |add_ln181_90_fu_5346_p2          |         +|   0|  0|  14|           7|           7|
    |add_ln181_91_fu_5659_p2          |         +|   0|  0|  21|          14|          14|
    |add_ln181_92_fu_5372_p2          |         +|   0|  0|  14|           7|           7|
    |add_ln181_93_fu_5667_p2          |         +|   0|  0|  21|          14|          14|
    |add_ln181_94_fu_5398_p2          |         +|   0|  0|  14|           7|           7|
    |add_ln181_95_fu_5675_p2          |         +|   0|  0|  21|          14|          14|
    |add_ln181_9_fu_4644_p2           |         +|   0|  0|  14|           7|           7|
    |add_ln181_fu_4596_p2             |         +|   0|  0|  28|          21|          21|
    |add_ln190_10_fu_6947_p2          |         +|   0|  0|  21|          14|          14|
    |add_ln190_11_fu_6955_p2          |         +|   0|  0|  21|          14|          14|
    |add_ln190_12_fu_6963_p2          |         +|   0|  0|  21|          14|          14|
    |add_ln190_13_fu_6971_p2          |         +|   0|  0|  21|          14|          14|
    |add_ln190_14_fu_6979_p2          |         +|   0|  0|  21|          14|          14|
    |add_ln190_15_fu_6987_p2          |         +|   0|  0|  21|          14|          14|
    |add_ln190_16_fu_6995_p2          |         +|   0|  0|  21|          14|          14|
    |add_ln190_17_fu_7003_p2          |         +|   0|  0|  21|          14|          14|
    |add_ln190_18_fu_7011_p2          |         +|   0|  0|  21|          14|          14|
    |add_ln190_19_fu_7019_p2          |         +|   0|  0|  21|          14|          14|
    |add_ln190_1_fu_6875_p2           |         +|   0|  0|  21|          14|          14|
    |add_ln190_20_fu_7027_p2          |         +|   0|  0|  21|          14|          14|
    |add_ln190_21_fu_7035_p2          |         +|   0|  0|  21|          14|          14|
    |add_ln190_22_fu_7043_p2          |         +|   0|  0|  21|          14|          14|
    |add_ln190_23_fu_7051_p2          |         +|   0|  0|  21|          14|          14|
    |add_ln190_24_fu_7059_p2          |         +|   0|  0|  21|          14|          14|
    |add_ln190_25_fu_7067_p2          |         +|   0|  0|  21|          14|          14|
    |add_ln190_26_fu_7075_p2          |         +|   0|  0|  21|          14|          14|
    |add_ln190_27_fu_7083_p2          |         +|   0|  0|  21|          14|          14|
    |add_ln190_28_fu_7091_p2          |         +|   0|  0|  21|          14|          14|
    |add_ln190_29_fu_7099_p2          |         +|   0|  0|  21|          14|          14|
    |add_ln190_2_fu_6883_p2           |         +|   0|  0|  21|          14|          14|
    |add_ln190_30_fu_7107_p2          |         +|   0|  0|  21|          14|          14|
    |add_ln190_31_fu_7115_p2          |         +|   0|  0|  21|          14|          14|
    |add_ln190_3_fu_6891_p2           |         +|   0|  0|  21|          14|          14|
    |add_ln190_4_fu_6899_p2           |         +|   0|  0|  21|          14|          14|
    |add_ln190_5_fu_6907_p2           |         +|   0|  0|  21|          14|          14|
    |add_ln190_6_fu_6915_p2           |         +|   0|  0|  21|          14|          14|
    |add_ln190_7_fu_6923_p2           |         +|   0|  0|  21|          14|          14|
    |add_ln190_8_fu_6931_p2           |         +|   0|  0|  21|          14|          14|
    |add_ln190_9_fu_6939_p2           |         +|   0|  0|  21|          14|          14|
    |add_ln190_fu_6867_p2             |         +|   0|  0|  21|          14|          14|
    |inputacc_c_10_fu_2732_p2         |         +|   0|  0|  21|          14|          14|
    |inputacc_c_11_fu_2738_p2         |         +|   0|  0|  21|          14|          14|
    |inputacc_c_12_fu_2744_p2         |         +|   0|  0|  21|          14|          14|
    |inputacc_c_13_fu_2750_p2         |         +|   0|  0|  21|          14|          14|
    |inputacc_c_14_fu_2756_p2         |         +|   0|  0|  21|          14|          14|
    |inputacc_c_15_fu_2762_p2         |         +|   0|  0|  21|          14|          14|
    |inputacc_c_16_fu_2768_p2         |         +|   0|  0|  21|          14|          14|
    |inputacc_c_17_fu_2774_p2         |         +|   0|  0|  21|          14|          14|
    |inputacc_c_18_fu_2780_p2         |         +|   0|  0|  21|          14|          14|
    |inputacc_c_19_fu_2786_p2         |         +|   0|  0|  21|          14|          14|
    |inputacc_c_1_fu_2678_p2          |         +|   0|  0|  21|          14|          14|
    |inputacc_c_20_fu_2792_p2         |         +|   0|  0|  21|          14|          14|
    |inputacc_c_21_fu_2798_p2         |         +|   0|  0|  21|          14|          14|
    |inputacc_c_22_fu_2804_p2         |         +|   0|  0|  21|          14|          14|
    |inputacc_c_23_fu_2810_p2         |         +|   0|  0|  21|          14|          14|
    |inputacc_c_24_fu_2816_p2         |         +|   0|  0|  21|          14|          14|
    |inputacc_c_25_fu_2822_p2         |         +|   0|  0|  21|          14|          14|
    |inputacc_c_26_fu_2828_p2         |         +|   0|  0|  21|          14|          14|
    |inputacc_c_27_fu_2834_p2         |         +|   0|  0|  21|          14|          14|
    |inputacc_c_28_fu_2840_p2         |         +|   0|  0|  21|          14|          14|
    |inputacc_c_29_fu_2846_p2         |         +|   0|  0|  21|          14|          14|
    |inputacc_c_2_fu_2684_p2          |         +|   0|  0|  21|          14|          14|
    |inputacc_c_30_fu_2852_p2         |         +|   0|  0|  21|          14|          14|
    |inputacc_c_31_fu_2858_p2         |         +|   0|  0|  21|          14|          14|
    |inputacc_c_3_fu_2690_p2          |         +|   0|  0|  21|          14|          14|
    |inputacc_c_4_fu_2696_p2          |         +|   0|  0|  21|          14|          14|
    |inputacc_c_5_fu_2702_p2          |         +|   0|  0|  21|          14|          14|
    |inputacc_c_6_fu_2708_p2          |         +|   0|  0|  21|          14|          14|
    |inputacc_c_7_fu_2714_p2          |         +|   0|  0|  21|          14|          14|
    |inputacc_c_8_fu_2720_p2          |         +|   0|  0|  21|          14|          14|
    |inputacc_c_9_fu_2726_p2          |         +|   0|  0|  21|          14|          14|
    |inputacc_c_fu_2672_p2            |         +|   0|  0|  21|          14|          14|
    |inputacc_ifo_10_fu_2156_p2       |         +|   0|  0|  21|          14|          14|
    |inputacc_ifo_11_fu_2162_p2       |         +|   0|  0|  21|          14|          14|
    |inputacc_ifo_12_fu_2168_p2       |         +|   0|  0|  21|          14|          14|
    |inputacc_ifo_13_fu_2174_p2       |         +|   0|  0|  21|          14|          14|
    |inputacc_ifo_14_fu_2180_p2       |         +|   0|  0|  21|          14|          14|
    |inputacc_ifo_15_fu_2186_p2       |         +|   0|  0|  21|          14|          14|
    |inputacc_ifo_16_fu_2192_p2       |         +|   0|  0|  21|          14|          14|
    |inputacc_ifo_17_fu_2198_p2       |         +|   0|  0|  21|          14|          14|
    |inputacc_ifo_18_fu_2204_p2       |         +|   0|  0|  21|          14|          14|
    |inputacc_ifo_19_fu_2210_p2       |         +|   0|  0|  21|          14|          14|
    |inputacc_ifo_1_fu_2102_p2        |         +|   0|  0|  21|          14|          14|
    |inputacc_ifo_20_fu_2216_p2       |         +|   0|  0|  21|          14|          14|
    |inputacc_ifo_21_fu_2222_p2       |         +|   0|  0|  21|          14|          14|
    |inputacc_ifo_22_fu_2228_p2       |         +|   0|  0|  21|          14|          14|
    |inputacc_ifo_23_fu_2234_p2       |         +|   0|  0|  21|          14|          14|
    |inputacc_ifo_24_fu_2240_p2       |         +|   0|  0|  21|          14|          14|
    |inputacc_ifo_25_fu_2246_p2       |         +|   0|  0|  21|          14|          14|
    |inputacc_ifo_26_fu_2252_p2       |         +|   0|  0|  21|          14|          14|
    |inputacc_ifo_27_fu_2258_p2       |         +|   0|  0|  21|          14|          14|
    |inputacc_ifo_28_fu_2264_p2       |         +|   0|  0|  21|          14|          14|
    |inputacc_ifo_29_fu_2270_p2       |         +|   0|  0|  21|          14|          14|
    |inputacc_ifo_2_fu_2108_p2        |         +|   0|  0|  21|          14|          14|
    |inputacc_ifo_30_fu_2276_p2       |         +|   0|  0|  21|          14|          14|
    |inputacc_ifo_31_fu_2282_p2       |         +|   0|  0|  21|          14|          14|
    |inputacc_ifo_32_fu_2288_p2       |         +|   0|  0|  21|          14|          14|
    |inputacc_ifo_33_fu_2294_p2       |         +|   0|  0|  21|          14|          14|
    |inputacc_ifo_34_fu_2300_p2       |         +|   0|  0|  21|          14|          14|
    |inputacc_ifo_35_fu_2306_p2       |         +|   0|  0|  21|          14|          14|
    |inputacc_ifo_36_fu_2312_p2       |         +|   0|  0|  21|          14|          14|
    |inputacc_ifo_37_fu_2318_p2       |         +|   0|  0|  21|          14|          14|
    |inputacc_ifo_38_fu_2324_p2       |         +|   0|  0|  21|          14|          14|
    |inputacc_ifo_39_fu_2330_p2       |         +|   0|  0|  21|          14|          14|
    |inputacc_ifo_3_fu_2114_p2        |         +|   0|  0|  21|          14|          14|
    |inputacc_ifo_40_fu_2336_p2       |         +|   0|  0|  21|          14|          14|
    |inputacc_ifo_41_fu_2342_p2       |         +|   0|  0|  21|          14|          14|
    |inputacc_ifo_42_fu_2348_p2       |         +|   0|  0|  21|          14|          14|
    |inputacc_ifo_43_fu_2354_p2       |         +|   0|  0|  21|          14|          14|
    |inputacc_ifo_44_fu_2360_p2       |         +|   0|  0|  21|          14|          14|
    |inputacc_ifo_45_fu_2366_p2       |         +|   0|  0|  21|          14|          14|
    |inputacc_ifo_46_fu_2372_p2       |         +|   0|  0|  21|          14|          14|
    |inputacc_ifo_47_fu_2378_p2       |         +|   0|  0|  21|          14|          14|
    |inputacc_ifo_48_fu_2384_p2       |         +|   0|  0|  21|          14|          14|
    |inputacc_ifo_49_fu_2390_p2       |         +|   0|  0|  21|          14|          14|
    |inputacc_ifo_4_fu_2120_p2        |         +|   0|  0|  21|          14|          14|
    |inputacc_ifo_50_fu_2396_p2       |         +|   0|  0|  21|          14|          14|
    |inputacc_ifo_51_fu_2402_p2       |         +|   0|  0|  21|          14|          14|
    |inputacc_ifo_52_fu_2408_p2       |         +|   0|  0|  21|          14|          14|
    |inputacc_ifo_53_fu_2414_p2       |         +|   0|  0|  21|          14|          14|
    |inputacc_ifo_54_fu_2420_p2       |         +|   0|  0|  21|          14|          14|
    |inputacc_ifo_55_fu_2426_p2       |         +|   0|  0|  21|          14|          14|
    |inputacc_ifo_56_fu_2432_p2       |         +|   0|  0|  21|          14|          14|
    |inputacc_ifo_57_fu_2438_p2       |         +|   0|  0|  21|          14|          14|
    |inputacc_ifo_58_fu_2444_p2       |         +|   0|  0|  21|          14|          14|
    |inputacc_ifo_59_fu_2450_p2       |         +|   0|  0|  21|          14|          14|
    |inputacc_ifo_5_fu_2126_p2        |         +|   0|  0|  21|          14|          14|
    |inputacc_ifo_60_fu_2456_p2       |         +|   0|  0|  21|          14|          14|
    |inputacc_ifo_61_fu_2462_p2       |         +|   0|  0|  21|          14|          14|
    |inputacc_ifo_62_fu_2468_p2       |         +|   0|  0|  21|          14|          14|
    |inputacc_ifo_63_fu_2474_p2       |         +|   0|  0|  21|          14|          14|
    |inputacc_ifo_64_fu_2480_p2       |         +|   0|  0|  21|          14|          14|
    |inputacc_ifo_65_fu_2486_p2       |         +|   0|  0|  21|          14|          14|
    |inputacc_ifo_66_fu_2492_p2       |         +|   0|  0|  21|          14|          14|
    |inputacc_ifo_67_fu_2498_p2       |         +|   0|  0|  21|          14|          14|
    |inputacc_ifo_68_fu_2504_p2       |         +|   0|  0|  21|          14|          14|
    |inputacc_ifo_69_fu_2510_p2       |         +|   0|  0|  21|          14|          14|
    |inputacc_ifo_6_fu_2132_p2        |         +|   0|  0|  21|          14|          14|
    |inputacc_ifo_70_fu_2516_p2       |         +|   0|  0|  21|          14|          14|
    |inputacc_ifo_71_fu_2522_p2       |         +|   0|  0|  21|          14|          14|
    |inputacc_ifo_72_fu_2528_p2       |         +|   0|  0|  21|          14|          14|
    |inputacc_ifo_73_fu_2534_p2       |         +|   0|  0|  21|          14|          14|
    |inputacc_ifo_74_fu_2540_p2       |         +|   0|  0|  21|          14|          14|
    |inputacc_ifo_75_fu_2546_p2       |         +|   0|  0|  21|          14|          14|
    |inputacc_ifo_76_fu_2552_p2       |         +|   0|  0|  21|          14|          14|
    |inputacc_ifo_77_fu_2558_p2       |         +|   0|  0|  21|          14|          14|
    |inputacc_ifo_78_fu_2564_p2       |         +|   0|  0|  21|          14|          14|
    |inputacc_ifo_79_fu_2570_p2       |         +|   0|  0|  21|          14|          14|
    |inputacc_ifo_7_fu_2138_p2        |         +|   0|  0|  21|          14|          14|
    |inputacc_ifo_80_fu_2576_p2       |         +|   0|  0|  21|          14|          14|
    |inputacc_ifo_81_fu_2582_p2       |         +|   0|  0|  21|          14|          14|
    |inputacc_ifo_82_fu_2588_p2       |         +|   0|  0|  21|          14|          14|
    |inputacc_ifo_83_fu_2594_p2       |         +|   0|  0|  21|          14|          14|
    |inputacc_ifo_84_fu_2600_p2       |         +|   0|  0|  21|          14|          14|
    |inputacc_ifo_85_fu_2606_p2       |         +|   0|  0|  21|          14|          14|
    |inputacc_ifo_86_fu_2612_p2       |         +|   0|  0|  21|          14|          14|
    |inputacc_ifo_87_fu_2618_p2       |         +|   0|  0|  21|          14|          14|
    |inputacc_ifo_88_fu_2624_p2       |         +|   0|  0|  21|          14|          14|
    |inputacc_ifo_89_fu_2630_p2       |         +|   0|  0|  21|          14|          14|
    |inputacc_ifo_8_fu_2144_p2        |         +|   0|  0|  21|          14|          14|
    |inputacc_ifo_90_fu_2636_p2       |         +|   0|  0|  21|          14|          14|
    |inputacc_ifo_91_fu_2642_p2       |         +|   0|  0|  21|          14|          14|
    |inputacc_ifo_92_fu_2648_p2       |         +|   0|  0|  21|          14|          14|
    |inputacc_ifo_93_fu_2654_p2       |         +|   0|  0|  21|          14|          14|
    |inputacc_ifo_94_fu_2660_p2       |         +|   0|  0|  21|          14|          14|
    |inputacc_ifo_95_fu_2666_p2       |         +|   0|  0|  21|          14|          14|
    |inputacc_ifo_9_fu_2150_p2        |         +|   0|  0|  21|          14|          14|
    |inputacc_ifo_fu_2096_p2          |         +|   0|  0|  21|          14|          14|
    |ap_block_state3_on_subcall_done  |        or|   0|  0|   2|           1|           1|
    +---------------------------------+----------+----+---+----+------------+------------+
    |Total                            |          |   0|  0|5378|        3585|        3585|
    +---------------------------------+----------+----+---+----+------------+------------+

    * Multiplexer: 
    +----------------------------------------------------------------------------------------------+-----+-----------+-----+-----------+
    |                                             Name                                             | LUT | Input Size| Bits| Total Bits|
    +----------------------------------------------------------------------------------------------+-----+-----------+-----+-----------+
    |ap_NS_fsm                                                                                     |  148|         32|    1|         32|
    |grp_tanh_ap_fixed_14_7_0_3_0_ap_fixed_14_7_0_3_0_tanh_config2_s_fu_714_data_0_val             |   13|          3|   14|         42|
    |grp_tanh_ap_fixed_14_7_0_3_0_ap_fixed_14_7_0_3_0_tanh_config2_s_fu_714_data_10_val            |   13|          3|   14|         42|
    |grp_tanh_ap_fixed_14_7_0_3_0_ap_fixed_14_7_0_3_0_tanh_config2_s_fu_714_data_11_val            |   13|          3|   14|         42|
    |grp_tanh_ap_fixed_14_7_0_3_0_ap_fixed_14_7_0_3_0_tanh_config2_s_fu_714_data_12_val            |   13|          3|   14|         42|
    |grp_tanh_ap_fixed_14_7_0_3_0_ap_fixed_14_7_0_3_0_tanh_config2_s_fu_714_data_13_val            |   13|          3|   14|         42|
    |grp_tanh_ap_fixed_14_7_0_3_0_ap_fixed_14_7_0_3_0_tanh_config2_s_fu_714_data_14_val            |   13|          3|   14|         42|
    |grp_tanh_ap_fixed_14_7_0_3_0_ap_fixed_14_7_0_3_0_tanh_config2_s_fu_714_data_15_val            |   13|          3|   14|         42|
    |grp_tanh_ap_fixed_14_7_0_3_0_ap_fixed_14_7_0_3_0_tanh_config2_s_fu_714_data_16_val            |   13|          3|   14|         42|
    |grp_tanh_ap_fixed_14_7_0_3_0_ap_fixed_14_7_0_3_0_tanh_config2_s_fu_714_data_17_val            |   13|          3|   14|         42|
    |grp_tanh_ap_fixed_14_7_0_3_0_ap_fixed_14_7_0_3_0_tanh_config2_s_fu_714_data_18_val            |   13|          3|   14|         42|
    |grp_tanh_ap_fixed_14_7_0_3_0_ap_fixed_14_7_0_3_0_tanh_config2_s_fu_714_data_19_val            |   13|          3|   14|         42|
    |grp_tanh_ap_fixed_14_7_0_3_0_ap_fixed_14_7_0_3_0_tanh_config2_s_fu_714_data_1_val             |   13|          3|   14|         42|
    |grp_tanh_ap_fixed_14_7_0_3_0_ap_fixed_14_7_0_3_0_tanh_config2_s_fu_714_data_20_val            |   13|          3|   14|         42|
    |grp_tanh_ap_fixed_14_7_0_3_0_ap_fixed_14_7_0_3_0_tanh_config2_s_fu_714_data_21_val            |   13|          3|   14|         42|
    |grp_tanh_ap_fixed_14_7_0_3_0_ap_fixed_14_7_0_3_0_tanh_config2_s_fu_714_data_22_val            |   13|          3|   14|         42|
    |grp_tanh_ap_fixed_14_7_0_3_0_ap_fixed_14_7_0_3_0_tanh_config2_s_fu_714_data_23_val            |   13|          3|   14|         42|
    |grp_tanh_ap_fixed_14_7_0_3_0_ap_fixed_14_7_0_3_0_tanh_config2_s_fu_714_data_24_val            |   13|          3|   14|         42|
    |grp_tanh_ap_fixed_14_7_0_3_0_ap_fixed_14_7_0_3_0_tanh_config2_s_fu_714_data_25_val            |   13|          3|   14|         42|
    |grp_tanh_ap_fixed_14_7_0_3_0_ap_fixed_14_7_0_3_0_tanh_config2_s_fu_714_data_26_val            |   13|          3|   14|         42|
    |grp_tanh_ap_fixed_14_7_0_3_0_ap_fixed_14_7_0_3_0_tanh_config2_s_fu_714_data_27_val            |   13|          3|   14|         42|
    |grp_tanh_ap_fixed_14_7_0_3_0_ap_fixed_14_7_0_3_0_tanh_config2_s_fu_714_data_28_val            |   13|          3|   14|         42|
    |grp_tanh_ap_fixed_14_7_0_3_0_ap_fixed_14_7_0_3_0_tanh_config2_s_fu_714_data_29_val            |   13|          3|   14|         42|
    |grp_tanh_ap_fixed_14_7_0_3_0_ap_fixed_14_7_0_3_0_tanh_config2_s_fu_714_data_2_val             |   13|          3|   14|         42|
    |grp_tanh_ap_fixed_14_7_0_3_0_ap_fixed_14_7_0_3_0_tanh_config2_s_fu_714_data_30_val            |   13|          3|   14|         42|
    |grp_tanh_ap_fixed_14_7_0_3_0_ap_fixed_14_7_0_3_0_tanh_config2_s_fu_714_data_31_val            |   13|          3|   14|         42|
    |grp_tanh_ap_fixed_14_7_0_3_0_ap_fixed_14_7_0_3_0_tanh_config2_s_fu_714_data_3_val             |   13|          3|   14|         42|
    |grp_tanh_ap_fixed_14_7_0_3_0_ap_fixed_14_7_0_3_0_tanh_config2_s_fu_714_data_4_val             |   13|          3|   14|         42|
    |grp_tanh_ap_fixed_14_7_0_3_0_ap_fixed_14_7_0_3_0_tanh_config2_s_fu_714_data_5_val             |   13|          3|   14|         42|
    |grp_tanh_ap_fixed_14_7_0_3_0_ap_fixed_14_7_0_3_0_tanh_config2_s_fu_714_data_6_val             |   13|          3|   14|         42|
    |grp_tanh_ap_fixed_14_7_0_3_0_ap_fixed_14_7_0_3_0_tanh_config2_s_fu_714_data_7_val             |   13|          3|   14|         42|
    |grp_tanh_ap_fixed_14_7_0_3_0_ap_fixed_14_7_0_3_0_tanh_config2_s_fu_714_data_8_val             |   13|          3|   14|         42|
    |grp_tanh_ap_fixed_14_7_0_3_0_ap_fixed_14_7_0_3_0_tanh_config2_s_fu_714_data_9_val             |   13|          3|   14|         42|
    |p_ZZN4nnet11lstm_staticI8ap_fixedILi14ELi7EL9ap_q_mode0EL9ap_o_mode3ELi0EES4_7con_22          |    9|          2|   14|         28|
    |p_ZZN4nnet11lstm_staticI8ap_fixedILi14ELi7EL9ap_q_mode0EL9ap_o_mode3ELi0EES4_7con_23          |    9|          2|   14|         28|
    |p_ZZN4nnet11lstm_staticI8ap_fixedILi14ELi7EL9ap_q_mode0EL9ap_o_mode3ELi0EES4_7con_24          |    9|          2|   14|         28|
    |p_ZZN4nnet11lstm_staticI8ap_fixedILi14ELi7EL9ap_q_mode0EL9ap_o_mode3ELi0EES4_7con_25          |    9|          2|   14|         28|
    |p_ZZN4nnet11lstm_staticI8ap_fixedILi14ELi7EL9ap_q_mode0EL9ap_o_mode3ELi0EES4_7con_26          |    9|          2|   14|         28|
    |p_ZZN4nnet11lstm_staticI8ap_fixedILi14ELi7EL9ap_q_mode0EL9ap_o_mode3ELi0EES4_7con_27          |    9|          2|   14|         28|
    |p_ZZN4nnet11lstm_staticI8ap_fixedILi14ELi7EL9ap_q_mode0EL9ap_o_mode3ELi0EES4_7con_28          |    9|          2|   14|         28|
    |p_ZZN4nnet11lstm_staticI8ap_fixedILi14ELi7EL9ap_q_mode0EL9ap_o_mode3ELi0EES4_7con_29          |    9|          2|   14|         28|
    |p_ZZN4nnet11lstm_staticI8ap_fixedILi14ELi7EL9ap_q_mode0EL9ap_o_mode3ELi0EES4_7con_30          |    9|          2|   14|         28|
    |p_ZZN4nnet11lstm_staticI8ap_fixedILi14ELi7EL9ap_q_mode0EL9ap_o_mode3ELi0EES4_7con_31          |    9|          2|   14|         28|
    |p_ZZN4nnet11lstm_staticI8ap_fixedILi14ELi7EL9ap_q_mode0EL9ap_o_mode3ELi0EES4_7con_32          |    9|          2|   14|         28|
    |p_ZZN4nnet11lstm_staticI8ap_fixedILi14ELi7EL9ap_q_mode0EL9ap_o_mode3ELi0EES4_7con_33          |    9|          2|   14|         28|
    |p_ZZN4nnet11lstm_staticI8ap_fixedILi14ELi7EL9ap_q_mode0EL9ap_o_mode3ELi0EES4_7con_34          |    9|          2|   14|         28|
    |p_ZZN4nnet11lstm_staticI8ap_fixedILi14ELi7EL9ap_q_mode0EL9ap_o_mode3ELi0EES4_7con_35          |    9|          2|   14|         28|
    |p_ZZN4nnet11lstm_staticI8ap_fixedILi14ELi7EL9ap_q_mode0EL9ap_o_mode3ELi0EES4_7con_36          |    9|          2|   14|         28|
    |p_ZZN4nnet11lstm_staticI8ap_fixedILi14ELi7EL9ap_q_mode0EL9ap_o_mode3ELi0EES4_7con_37          |    9|          2|   14|         28|
    |p_ZZN4nnet11lstm_staticI8ap_fixedILi14ELi7EL9ap_q_mode0EL9ap_o_mode3ELi0EES4_7con_38          |    9|          2|   14|         28|
    |p_ZZN4nnet11lstm_staticI8ap_fixedILi14ELi7EL9ap_q_mode0EL9ap_o_mode3ELi0EES4_7con_39          |    9|          2|   14|         28|
    |p_ZZN4nnet11lstm_staticI8ap_fixedILi14ELi7EL9ap_q_mode0EL9ap_o_mode3ELi0EES4_7con_40          |    9|          2|   14|         28|
    |p_ZZN4nnet11lstm_staticI8ap_fixedILi14ELi7EL9ap_q_mode0EL9ap_o_mode3ELi0EES4_7con_41          |    9|          2|   14|         28|
    |p_ZZN4nnet11lstm_staticI8ap_fixedILi14ELi7EL9ap_q_mode0EL9ap_o_mode3ELi0EES4_7con_42          |    9|          2|   14|         28|
    |p_ZZN4nnet11lstm_staticI8ap_fixedILi14ELi7EL9ap_q_mode0EL9ap_o_mode3ELi0EES4_7con_43          |    9|          2|   14|         28|
    |p_ZZN4nnet11lstm_staticI8ap_fixedILi14ELi7EL9ap_q_mode0EL9ap_o_mode3ELi0EES4_7con_66_reg_288  |    9|          2|   14|         28|
    |p_ZZN4nnet11lstm_staticI8ap_fixedILi14ELi7EL9ap_q_mode0EL9ap_o_mode3ELi0EES4_7con_67_reg_299  |    9|          2|   14|         28|
    |p_ZZN4nnet11lstm_staticI8ap_fixedILi14ELi7EL9ap_q_mode0EL9ap_o_mode3ELi0EES4_7con_68_reg_310  |    9|          2|   14|         28|
    |p_ZZN4nnet11lstm_staticI8ap_fixedILi14ELi7EL9ap_q_mode0EL9ap_o_mode3ELi0EES4_7con_69_reg_321  |    9|          2|   14|         28|
    |p_ZZN4nnet11lstm_staticI8ap_fixedILi14ELi7EL9ap_q_mode0EL9ap_o_mode3ELi0EES4_7con_70_reg_332  |    9|          2|   14|         28|
    |p_ZZN4nnet11lstm_staticI8ap_fixedILi14ELi7EL9ap_q_mode0EL9ap_o_mode3ELi0EES4_7con_71_reg_343  |    9|          2|   14|         28|
    |p_ZZN4nnet11lstm_staticI8ap_fixedILi14ELi7EL9ap_q_mode0EL9ap_o_mode3ELi0EES4_7con_72_reg_354  |    9|          2|   14|         28|
    |p_ZZN4nnet11lstm_staticI8ap_fixedILi14ELi7EL9ap_q_mode0EL9ap_o_mode3ELi0EES4_7con_73_reg_365  |    9|          2|   14|         28|
    |p_ZZN4nnet11lstm_staticI8ap_fixedILi14ELi7EL9ap_q_mode0EL9ap_o_mode3ELi0EES4_7con_74_reg_376  |    9|          2|   14|         28|
    |p_ZZN4nnet11lstm_staticI8ap_fixedILi14ELi7EL9ap_q_mode0EL9ap_o_mode3ELi0EES4_7con_75_reg_387  |    9|          2|   14|         28|
    |p_ZZN4nnet11lstm_staticI8ap_fixedILi14ELi7EL9ap_q_mode0EL9ap_o_mode3ELi0EES4_7con_76_reg_398  |    9|          2|   14|         28|
    |p_ZZN4nnet11lstm_staticI8ap_fixedILi14ELi7EL9ap_q_mode0EL9ap_o_mode3ELi0EES4_7con_77_reg_409  |    9|          2|   14|         28|
    |p_ZZN4nnet11lstm_staticI8ap_fixedILi14ELi7EL9ap_q_mode0EL9ap_o_mode3ELi0EES4_7con_78_reg_420  |    9|          2|   14|         28|
    |p_ZZN4nnet11lstm_staticI8ap_fixedILi14ELi7EL9ap_q_mode0EL9ap_o_mode3ELi0EES4_7con_79_reg_431  |    9|          2|   14|         28|
    |p_ZZN4nnet11lstm_staticI8ap_fixedILi14ELi7EL9ap_q_mode0EL9ap_o_mode3ELi0EES4_7con_80_reg_442  |    9|          2|   14|         28|
    |p_ZZN4nnet11lstm_staticI8ap_fixedILi14ELi7EL9ap_q_mode0EL9ap_o_mode3ELi0EES4_7con_81_reg_453  |    9|          2|   14|         28|
    |p_ZZN4nnet11lstm_staticI8ap_fixedILi14ELi7EL9ap_q_mode0EL9ap_o_mode3ELi0EES4_7con_82_reg_464  |    9|          2|   14|         28|
    |p_ZZN4nnet11lstm_staticI8ap_fixedILi14ELi7EL9ap_q_mode0EL9ap_o_mode3ELi0EES4_7con_83_reg_475  |    9|          2|   14|         28|
    |p_ZZN4nnet11lstm_staticI8ap_fixedILi14ELi7EL9ap_q_mode0EL9ap_o_mode3ELi0EES4_7con_84_reg_486  |    9|          2|   14|         28|
    |p_ZZN4nnet11lstm_staticI8ap_fixedILi14ELi7EL9ap_q_mode0EL9ap_o_mode3ELi0EES4_7con_85_reg_497  |    9|          2|   14|         28|
    |p_ZZN4nnet11lstm_staticI8ap_fixedILi14ELi7EL9ap_q_mode0EL9ap_o_mode3ELi0EES4_7con_86_reg_508  |    9|          2|   14|         28|
    |p_ZZN4nnet11lstm_staticI8ap_fixedILi14ELi7EL9ap_q_mode0EL9ap_o_mode3ELi0EES4_7con_87_reg_519  |    9|          2|   14|         28|
    |void_lstm_static_bool_ap_fixed_ap_fixed_ap_fixed_weight_t_recurrent_weight_t_10               |    9|          2|   14|         28|
    |void_lstm_static_bool_ap_fixed_ap_fixed_ap_fixed_weight_t_recurrent_weight_t_11               |    9|          2|   14|         28|
    |void_lstm_static_bool_ap_fixed_ap_fixed_ap_fixed_weight_t_recurrent_weight_t_12               |    9|          2|   14|         28|
    |void_lstm_static_bool_ap_fixed_ap_fixed_ap_fixed_weight_t_recurrent_weight_t_13               |    9|          2|   14|         28|
    |void_lstm_static_bool_ap_fixed_ap_fixed_ap_fixed_weight_t_recurrent_weight_t_14               |    9|          2|   14|         28|
    |void_lstm_static_bool_ap_fixed_ap_fixed_ap_fixed_weight_t_recurrent_weight_t_15               |    9|          2|   14|         28|
    |void_lstm_static_bool_ap_fixed_ap_fixed_ap_fixed_weight_t_recurrent_weight_t_16               |    9|          2|   14|         28|
    |void_lstm_static_bool_ap_fixed_ap_fixed_ap_fixed_weight_t_recurrent_weight_t_17               |    9|          2|   14|         28|
    |void_lstm_static_bool_ap_fixed_ap_fixed_ap_fixed_weight_t_recurrent_weight_t_18               |    9|          2|   14|         28|
    |void_lstm_static_bool_ap_fixed_ap_fixed_ap_fixed_weight_t_recurrent_weight_t_19               |    9|          2|   14|         28|
    |void_lstm_static_bool_ap_fixed_ap_fixed_ap_fixed_weight_t_recurrent_weight_t_30_reg_178       |    9|          2|   14|         28|
    |void_lstm_static_bool_ap_fixed_ap_fixed_ap_fixed_weight_t_recurrent_weight_t_31_reg_189       |    9|          2|   14|         28|
    |void_lstm_static_bool_ap_fixed_ap_fixed_ap_fixed_weight_t_recurrent_weight_t_32_reg_200       |    9|          2|   14|         28|
    |void_lstm_static_bool_ap_fixed_ap_fixed_ap_fixed_weight_t_recurrent_weight_t_33_reg_211       |    9|          2|   14|         28|
    |void_lstm_static_bool_ap_fixed_ap_fixed_ap_fixed_weight_t_recurrent_weight_t_34_reg_222       |    9|          2|   14|         28|
    |void_lstm_static_bool_ap_fixed_ap_fixed_ap_fixed_weight_t_recurrent_weight_t_35_reg_233       |    9|          2|   14|         28|
    |void_lstm_static_bool_ap_fixed_ap_fixed_ap_fixed_weight_t_recurrent_weight_t_36_reg_244       |    9|          2|   14|         28|
    |void_lstm_static_bool_ap_fixed_ap_fixed_ap_fixed_weight_t_recurrent_weight_t_37_reg_255       |    9|          2|   14|         28|
    |void_lstm_static_bool_ap_fixed_ap_fixed_ap_fixed_weight_t_recurrent_weight_t_38_reg_266       |    9|          2|   14|         28|
    |void_lstm_static_bool_ap_fixed_ap_fixed_ap_fixed_weight_t_recurrent_weight_t_39_reg_277       |    9|          2|   14|         28|
    +----------------------------------------------------------------------------------------------+-----+-----------+-----+-----------+
    |Total                                                                                         | 1140|        256| 1345|       3168|
    +----------------------------------------------------------------------------------------------+-----+-----------+-----+-----------+

    * Register: 
    +------------------------------------------------------------------------------------------------+-----+----+-----+-----------+
    |                                              Name                                              |  FF | LUT| Bits| Const Bits|
    +------------------------------------------------------------------------------------------------+-----+----+-----+-----------+
    |add_ln181_11_reg_10533                                                                          |   14|   0|   14|          0|
    |add_ln181_15_reg_10538                                                                          |   14|   0|   14|          0|
    |add_ln181_19_reg_10543                                                                          |   14|   0|   14|          0|
    |add_ln181_23_reg_10548                                                                          |   14|   0|   14|          0|
    |add_ln181_27_reg_10553                                                                          |   14|   0|   14|          0|
    |add_ln181_31_reg_10558                                                                          |   14|   0|   14|          0|
    |add_ln181_35_reg_10563                                                                          |   14|   0|   14|          0|
    |add_ln181_39_reg_10568                                                                          |   14|   0|   14|          0|
    |add_ln181_3_reg_10523                                                                           |   14|   0|   14|          0|
    |add_ln181_43_reg_10573                                                                          |   14|   0|   14|          0|
    |add_ln181_47_reg_10578                                                                          |   14|   0|   14|          0|
    |add_ln181_51_reg_10583                                                                          |   14|   0|   14|          0|
    |add_ln181_55_reg_10588                                                                          |   14|   0|   14|          0|
    |add_ln181_59_reg_10593                                                                          |   14|   0|   14|          0|
    |add_ln181_63_reg_10598                                                                          |   14|   0|   14|          0|
    |add_ln181_65_reg_10603                                                                          |   14|   0|   14|          0|
    |add_ln181_67_reg_10608                                                                          |   14|   0|   14|          0|
    |add_ln181_69_reg_10613                                                                          |   14|   0|   14|          0|
    |add_ln181_71_reg_10618                                                                          |   14|   0|   14|          0|
    |add_ln181_73_reg_10623                                                                          |   14|   0|   14|          0|
    |add_ln181_75_reg_10628                                                                          |   14|   0|   14|          0|
    |add_ln181_77_reg_10633                                                                          |   14|   0|   14|          0|
    |add_ln181_79_reg_10638                                                                          |   14|   0|   14|          0|
    |add_ln181_7_reg_10528                                                                           |   14|   0|   14|          0|
    |add_ln181_81_reg_10643                                                                          |   14|   0|   14|          0|
    |add_ln181_83_reg_10648                                                                          |   14|   0|   14|          0|
    |add_ln181_85_reg_10653                                                                          |   14|   0|   14|          0|
    |add_ln181_87_reg_10658                                                                          |   14|   0|   14|          0|
    |add_ln181_89_reg_10663                                                                          |   14|   0|   14|          0|
    |add_ln181_91_reg_10668                                                                          |   14|   0|   14|          0|
    |add_ln181_93_reg_10673                                                                          |   14|   0|   14|          0|
    |add_ln181_95_reg_10678                                                                          |   14|   0|   14|          0|
    |add_ln190_10_reg_11383                                                                          |   14|   0|   14|          0|
    |add_ln190_11_reg_11389                                                                          |   14|   0|   14|          0|
    |add_ln190_12_reg_11395                                                                          |   14|   0|   14|          0|
    |add_ln190_13_reg_11401                                                                          |   14|   0|   14|          0|
    |add_ln190_14_reg_11407                                                                          |   14|   0|   14|          0|
    |add_ln190_15_reg_11413                                                                          |   14|   0|   14|          0|
    |add_ln190_16_reg_11419                                                                          |   14|   0|   14|          0|
    |add_ln190_17_reg_11425                                                                          |   14|   0|   14|          0|
    |add_ln190_18_reg_11431                                                                          |   14|   0|   14|          0|
    |add_ln190_19_reg_11437                                                                          |   14|   0|   14|          0|
    |add_ln190_1_reg_11329                                                                           |   14|   0|   14|          0|
    |add_ln190_20_reg_11443                                                                          |   14|   0|   14|          0|
    |add_ln190_21_reg_11449                                                                          |   14|   0|   14|          0|
    |add_ln190_22_reg_11455                                                                          |   14|   0|   14|          0|
    |add_ln190_23_reg_11461                                                                          |   14|   0|   14|          0|
    |add_ln190_24_reg_11467                                                                          |   14|   0|   14|          0|
    |add_ln190_25_reg_11473                                                                          |   14|   0|   14|          0|
    |add_ln190_26_reg_11479                                                                          |   14|   0|   14|          0|
    |add_ln190_27_reg_11485                                                                          |   14|   0|   14|          0|
    |add_ln190_28_reg_11491                                                                          |   14|   0|   14|          0|
    |add_ln190_29_reg_11497                                                                          |   14|   0|   14|          0|
    |add_ln190_2_reg_11335                                                                           |   14|   0|   14|          0|
    |add_ln190_30_reg_11503                                                                          |   14|   0|   14|          0|
    |add_ln190_31_reg_11509                                                                          |   14|   0|   14|          0|
    |add_ln190_3_reg_11341                                                                           |   14|   0|   14|          0|
    |add_ln190_4_reg_11347                                                                           |   14|   0|   14|          0|
    |add_ln190_5_reg_11353                                                                           |   14|   0|   14|          0|
    |add_ln190_6_reg_11359                                                                           |   14|   0|   14|          0|
    |add_ln190_7_reg_11365                                                                           |   14|   0|   14|          0|
    |add_ln190_8_reg_11371                                                                           |   14|   0|   14|          0|
    |add_ln190_9_reg_11377                                                                           |   14|   0|   14|          0|
    |add_ln190_reg_11323                                                                             |   14|   0|   14|          0|
    |ap_CS_fsm                                                                                       |   31|   0|   31|          0|
    |call_ret1_reg_7539_0                                                                            |   14|   0|   14|          0|
    |call_ret1_reg_7539_1                                                                            |   14|   0|   14|          0|
    |call_ret1_reg_7539_10                                                                           |   14|   0|   14|          0|
    |call_ret1_reg_7539_100                                                                          |   14|   0|   14|          0|
    |call_ret1_reg_7539_101                                                                          |   14|   0|   14|          0|
    |call_ret1_reg_7539_102                                                                          |   14|   0|   14|          0|
    |call_ret1_reg_7539_103                                                                          |   14|   0|   14|          0|
    |call_ret1_reg_7539_104                                                                          |   14|   0|   14|          0|
    |call_ret1_reg_7539_105                                                                          |   14|   0|   14|          0|
    |call_ret1_reg_7539_106                                                                          |   14|   0|   14|          0|
    |call_ret1_reg_7539_107                                                                          |   14|   0|   14|          0|
    |call_ret1_reg_7539_108                                                                          |   14|   0|   14|          0|
    |call_ret1_reg_7539_109                                                                          |   14|   0|   14|          0|
    |call_ret1_reg_7539_11                                                                           |   14|   0|   14|          0|
    |call_ret1_reg_7539_110                                                                          |   14|   0|   14|          0|
    |call_ret1_reg_7539_111                                                                          |   14|   0|   14|          0|
    |call_ret1_reg_7539_112                                                                          |   14|   0|   14|          0|
    |call_ret1_reg_7539_113                                                                          |   14|   0|   14|          0|
    |call_ret1_reg_7539_114                                                                          |   14|   0|   14|          0|
    |call_ret1_reg_7539_115                                                                          |   14|   0|   14|          0|
    |call_ret1_reg_7539_116                                                                          |   14|   0|   14|          0|
    |call_ret1_reg_7539_117                                                                          |   14|   0|   14|          0|
    |call_ret1_reg_7539_118                                                                          |   14|   0|   14|          0|
    |call_ret1_reg_7539_119                                                                          |   14|   0|   14|          0|
    |call_ret1_reg_7539_12                                                                           |   14|   0|   14|          0|
    |call_ret1_reg_7539_120                                                                          |   14|   0|   14|          0|
    |call_ret1_reg_7539_121                                                                          |   14|   0|   14|          0|
    |call_ret1_reg_7539_122                                                                          |   14|   0|   14|          0|
    |call_ret1_reg_7539_123                                                                          |   14|   0|   14|          0|
    |call_ret1_reg_7539_124                                                                          |   14|   0|   14|          0|
    |call_ret1_reg_7539_125                                                                          |   14|   0|   14|          0|
    |call_ret1_reg_7539_126                                                                          |   14|   0|   14|          0|
    |call_ret1_reg_7539_127                                                                          |   14|   0|   14|          0|
    |call_ret1_reg_7539_13                                                                           |   14|   0|   14|          0|
    |call_ret1_reg_7539_14                                                                           |   14|   0|   14|          0|
    |call_ret1_reg_7539_15                                                                           |   14|   0|   14|          0|
    |call_ret1_reg_7539_16                                                                           |   14|   0|   14|          0|
    |call_ret1_reg_7539_17                                                                           |   14|   0|   14|          0|
    |call_ret1_reg_7539_18                                                                           |   14|   0|   14|          0|
    |call_ret1_reg_7539_19                                                                           |   14|   0|   14|          0|
    |call_ret1_reg_7539_2                                                                            |   14|   0|   14|          0|
    |call_ret1_reg_7539_20                                                                           |   14|   0|   14|          0|
    |call_ret1_reg_7539_21                                                                           |   14|   0|   14|          0|
    |call_ret1_reg_7539_22                                                                           |   14|   0|   14|          0|
    |call_ret1_reg_7539_23                                                                           |   14|   0|   14|          0|
    |call_ret1_reg_7539_24                                                                           |   14|   0|   14|          0|
    |call_ret1_reg_7539_25                                                                           |   14|   0|   14|          0|
    |call_ret1_reg_7539_26                                                                           |   14|   0|   14|          0|
    |call_ret1_reg_7539_27                                                                           |   14|   0|   14|          0|
    |call_ret1_reg_7539_28                                                                           |   14|   0|   14|          0|
    |call_ret1_reg_7539_29                                                                           |   14|   0|   14|          0|
    |call_ret1_reg_7539_3                                                                            |   14|   0|   14|          0|
    |call_ret1_reg_7539_30                                                                           |   14|   0|   14|          0|
    |call_ret1_reg_7539_31                                                                           |   14|   0|   14|          0|
    |call_ret1_reg_7539_32                                                                           |   14|   0|   14|          0|
    |call_ret1_reg_7539_33                                                                           |   14|   0|   14|          0|
    |call_ret1_reg_7539_34                                                                           |   14|   0|   14|          0|
    |call_ret1_reg_7539_35                                                                           |   14|   0|   14|          0|
    |call_ret1_reg_7539_36                                                                           |   14|   0|   14|          0|
    |call_ret1_reg_7539_37                                                                           |   14|   0|   14|          0|
    |call_ret1_reg_7539_38                                                                           |   14|   0|   14|          0|
    |call_ret1_reg_7539_39                                                                           |   14|   0|   14|          0|
    |call_ret1_reg_7539_4                                                                            |   14|   0|   14|          0|
    |call_ret1_reg_7539_40                                                                           |   14|   0|   14|          0|
    |call_ret1_reg_7539_41                                                                           |   14|   0|   14|          0|
    |call_ret1_reg_7539_42                                                                           |   14|   0|   14|          0|
    |call_ret1_reg_7539_43                                                                           |   14|   0|   14|          0|
    |call_ret1_reg_7539_44                                                                           |   14|   0|   14|          0|
    |call_ret1_reg_7539_45                                                                           |   14|   0|   14|          0|
    |call_ret1_reg_7539_46                                                                           |   14|   0|   14|          0|
    |call_ret1_reg_7539_47                                                                           |   14|   0|   14|          0|
    |call_ret1_reg_7539_48                                                                           |   14|   0|   14|          0|
    |call_ret1_reg_7539_49                                                                           |   14|   0|   14|          0|
    |call_ret1_reg_7539_5                                                                            |   14|   0|   14|          0|
    |call_ret1_reg_7539_50                                                                           |   14|   0|   14|          0|
    |call_ret1_reg_7539_51                                                                           |   14|   0|   14|          0|
    |call_ret1_reg_7539_52                                                                           |   14|   0|   14|          0|
    |call_ret1_reg_7539_53                                                                           |   14|   0|   14|          0|
    |call_ret1_reg_7539_54                                                                           |   14|   0|   14|          0|
    |call_ret1_reg_7539_55                                                                           |   14|   0|   14|          0|
    |call_ret1_reg_7539_56                                                                           |   14|   0|   14|          0|
    |call_ret1_reg_7539_57                                                                           |   14|   0|   14|          0|
    |call_ret1_reg_7539_58                                                                           |   14|   0|   14|          0|
    |call_ret1_reg_7539_59                                                                           |   14|   0|   14|          0|
    |call_ret1_reg_7539_6                                                                            |   14|   0|   14|          0|
    |call_ret1_reg_7539_60                                                                           |   14|   0|   14|          0|
    |call_ret1_reg_7539_61                                                                           |   14|   0|   14|          0|
    |call_ret1_reg_7539_62                                                                           |   14|   0|   14|          0|
    |call_ret1_reg_7539_63                                                                           |   14|   0|   14|          0|
    |call_ret1_reg_7539_64                                                                           |   14|   0|   14|          0|
    |call_ret1_reg_7539_65                                                                           |   14|   0|   14|          0|
    |call_ret1_reg_7539_66                                                                           |   14|   0|   14|          0|
    |call_ret1_reg_7539_67                                                                           |   14|   0|   14|          0|
    |call_ret1_reg_7539_68                                                                           |   14|   0|   14|          0|
    |call_ret1_reg_7539_69                                                                           |   14|   0|   14|          0|
    |call_ret1_reg_7539_7                                                                            |   14|   0|   14|          0|
    |call_ret1_reg_7539_70                                                                           |   14|   0|   14|          0|
    |call_ret1_reg_7539_71                                                                           |   14|   0|   14|          0|
    |call_ret1_reg_7539_72                                                                           |   14|   0|   14|          0|
    |call_ret1_reg_7539_73                                                                           |   14|   0|   14|          0|
    |call_ret1_reg_7539_74                                                                           |   14|   0|   14|          0|
    |call_ret1_reg_7539_75                                                                           |   14|   0|   14|          0|
    |call_ret1_reg_7539_76                                                                           |   14|   0|   14|          0|
    |call_ret1_reg_7539_77                                                                           |   14|   0|   14|          0|
    |call_ret1_reg_7539_78                                                                           |   14|   0|   14|          0|
    |call_ret1_reg_7539_79                                                                           |   14|   0|   14|          0|
    |call_ret1_reg_7539_8                                                                            |   14|   0|   14|          0|
    |call_ret1_reg_7539_80                                                                           |   14|   0|   14|          0|
    |call_ret1_reg_7539_81                                                                           |   14|   0|   14|          0|
    |call_ret1_reg_7539_82                                                                           |   14|   0|   14|          0|
    |call_ret1_reg_7539_83                                                                           |   14|   0|   14|          0|
    |call_ret1_reg_7539_84                                                                           |   14|   0|   14|          0|
    |call_ret1_reg_7539_85                                                                           |   14|   0|   14|          0|
    |call_ret1_reg_7539_86                                                                           |   14|   0|   14|          0|
    |call_ret1_reg_7539_87                                                                           |   14|   0|   14|          0|
    |call_ret1_reg_7539_88                                                                           |   14|   0|   14|          0|
    |call_ret1_reg_7539_89                                                                           |   14|   0|   14|          0|
    |call_ret1_reg_7539_9                                                                            |   14|   0|   14|          0|
    |call_ret1_reg_7539_90                                                                           |   14|   0|   14|          0|
    |call_ret1_reg_7539_91                                                                           |   14|   0|   14|          0|
    |call_ret1_reg_7539_92                                                                           |   14|   0|   14|          0|
    |call_ret1_reg_7539_93                                                                           |   14|   0|   14|          0|
    |call_ret1_reg_7539_94                                                                           |   14|   0|   14|          0|
    |call_ret1_reg_7539_95                                                                           |   14|   0|   14|          0|
    |call_ret1_reg_7539_96                                                                           |   14|   0|   14|          0|
    |call_ret1_reg_7539_97                                                                           |   14|   0|   14|          0|
    |call_ret1_reg_7539_98                                                                           |   14|   0|   14|          0|
    |call_ret1_reg_7539_99                                                                           |   14|   0|   14|          0|
    |grp_dense_resource_rf_gt_nin_rem0_ap_fixed_ap_fixed_14_7_0_3_0_config2_1_s_fu_530_ap_start_reg  |    1|   0|    1|          0|
    |grp_dense_resource_rf_gt_nin_rem0_ap_fixed_ap_fixed_14_7_0_3_0_config2_2_s_fu_540_ap_start_reg  |    1|   0|    1|          0|
    |inputacc_c_10_reg_8333                                                                          |   14|   0|   14|          0|
    |inputacc_c_11_reg_8338                                                                          |   14|   0|   14|          0|
    |inputacc_c_12_reg_8343                                                                          |   14|   0|   14|          0|
    |inputacc_c_13_reg_8348                                                                          |   14|   0|   14|          0|
    |inputacc_c_14_reg_8353                                                                          |   14|   0|   14|          0|
    |inputacc_c_15_reg_8358                                                                          |   14|   0|   14|          0|
    |inputacc_c_16_reg_8363                                                                          |   14|   0|   14|          0|
    |inputacc_c_17_reg_8368                                                                          |   14|   0|   14|          0|
    |inputacc_c_18_reg_8373                                                                          |   14|   0|   14|          0|
    |inputacc_c_19_reg_8378                                                                          |   14|   0|   14|          0|
    |inputacc_c_1_reg_8288                                                                           |   14|   0|   14|          0|
    |inputacc_c_20_reg_8383                                                                          |   14|   0|   14|          0|
    |inputacc_c_21_reg_8388                                                                          |   14|   0|   14|          0|
    |inputacc_c_22_reg_8393                                                                          |   14|   0|   14|          0|
    |inputacc_c_23_reg_8398                                                                          |   14|   0|   14|          0|
    |inputacc_c_24_reg_8403                                                                          |   14|   0|   14|          0|
    |inputacc_c_25_reg_8408                                                                          |   14|   0|   14|          0|
    |inputacc_c_26_reg_8413                                                                          |   14|   0|   14|          0|
    |inputacc_c_27_reg_8418                                                                          |   14|   0|   14|          0|
    |inputacc_c_28_reg_8423                                                                          |   14|   0|   14|          0|
    |inputacc_c_29_reg_8428                                                                          |   14|   0|   14|          0|
    |inputacc_c_2_reg_8293                                                                           |   14|   0|   14|          0|
    |inputacc_c_30_reg_8433                                                                          |   14|   0|   14|          0|
    |inputacc_c_31_reg_8438                                                                          |   14|   0|   14|          0|
    |inputacc_c_3_reg_8298                                                                           |   14|   0|   14|          0|
    |inputacc_c_4_reg_8303                                                                           |   14|   0|   14|          0|
    |inputacc_c_5_reg_8308                                                                           |   14|   0|   14|          0|
    |inputacc_c_6_reg_8313                                                                           |   14|   0|   14|          0|
    |inputacc_c_7_reg_8318                                                                           |   14|   0|   14|          0|
    |inputacc_c_8_reg_8323                                                                           |   14|   0|   14|          0|
    |inputacc_c_9_reg_8328                                                                           |   14|   0|   14|          0|
    |inputacc_c_reg_8283                                                                             |   14|   0|   14|          0|
    |inputacc_ifo_10_reg_7853                                                                        |   14|   0|   14|          0|
    |inputacc_ifo_11_reg_7858                                                                        |   14|   0|   14|          0|
    |inputacc_ifo_12_reg_7863                                                                        |   14|   0|   14|          0|
    |inputacc_ifo_13_reg_7868                                                                        |   14|   0|   14|          0|
    |inputacc_ifo_14_reg_7873                                                                        |   14|   0|   14|          0|
    |inputacc_ifo_15_reg_7878                                                                        |   14|   0|   14|          0|
    |inputacc_ifo_16_reg_7883                                                                        |   14|   0|   14|          0|
    |inputacc_ifo_17_reg_7888                                                                        |   14|   0|   14|          0|
    |inputacc_ifo_18_reg_7893                                                                        |   14|   0|   14|          0|
    |inputacc_ifo_19_reg_7898                                                                        |   14|   0|   14|          0|
    |inputacc_ifo_1_reg_7808                                                                         |   14|   0|   14|          0|
    |inputacc_ifo_20_reg_7903                                                                        |   14|   0|   14|          0|
    |inputacc_ifo_21_reg_7908                                                                        |   14|   0|   14|          0|
    |inputacc_ifo_22_reg_7913                                                                        |   14|   0|   14|          0|
    |inputacc_ifo_23_reg_7918                                                                        |   14|   0|   14|          0|
    |inputacc_ifo_24_reg_7923                                                                        |   14|   0|   14|          0|
    |inputacc_ifo_25_reg_7928                                                                        |   14|   0|   14|          0|
    |inputacc_ifo_26_reg_7933                                                                        |   14|   0|   14|          0|
    |inputacc_ifo_27_reg_7938                                                                        |   14|   0|   14|          0|
    |inputacc_ifo_28_reg_7943                                                                        |   14|   0|   14|          0|
    |inputacc_ifo_29_reg_7948                                                                        |   14|   0|   14|          0|
    |inputacc_ifo_2_reg_7813                                                                         |   14|   0|   14|          0|
    |inputacc_ifo_30_reg_7953                                                                        |   14|   0|   14|          0|
    |inputacc_ifo_31_reg_7958                                                                        |   14|   0|   14|          0|
    |inputacc_ifo_32_reg_7963                                                                        |   14|   0|   14|          0|
    |inputacc_ifo_33_reg_7968                                                                        |   14|   0|   14|          0|
    |inputacc_ifo_34_reg_7973                                                                        |   14|   0|   14|          0|
    |inputacc_ifo_35_reg_7978                                                                        |   14|   0|   14|          0|
    |inputacc_ifo_36_reg_7983                                                                        |   14|   0|   14|          0|
    |inputacc_ifo_37_reg_7988                                                                        |   14|   0|   14|          0|
    |inputacc_ifo_38_reg_7993                                                                        |   14|   0|   14|          0|
    |inputacc_ifo_39_reg_7998                                                                        |   14|   0|   14|          0|
    |inputacc_ifo_3_reg_7818                                                                         |   14|   0|   14|          0|
    |inputacc_ifo_40_reg_8003                                                                        |   14|   0|   14|          0|
    |inputacc_ifo_41_reg_8008                                                                        |   14|   0|   14|          0|
    |inputacc_ifo_42_reg_8013                                                                        |   14|   0|   14|          0|
    |inputacc_ifo_43_reg_8018                                                                        |   14|   0|   14|          0|
    |inputacc_ifo_44_reg_8023                                                                        |   14|   0|   14|          0|
    |inputacc_ifo_45_reg_8028                                                                        |   14|   0|   14|          0|
    |inputacc_ifo_46_reg_8033                                                                        |   14|   0|   14|          0|
    |inputacc_ifo_47_reg_8038                                                                        |   14|   0|   14|          0|
    |inputacc_ifo_48_reg_8043                                                                        |   14|   0|   14|          0|
    |inputacc_ifo_49_reg_8048                                                                        |   14|   0|   14|          0|
    |inputacc_ifo_4_reg_7823                                                                         |   14|   0|   14|          0|
    |inputacc_ifo_50_reg_8053                                                                        |   14|   0|   14|          0|
    |inputacc_ifo_51_reg_8058                                                                        |   14|   0|   14|          0|
    |inputacc_ifo_52_reg_8063                                                                        |   14|   0|   14|          0|
    |inputacc_ifo_53_reg_8068                                                                        |   14|   0|   14|          0|
    |inputacc_ifo_54_reg_8073                                                                        |   14|   0|   14|          0|
    |inputacc_ifo_55_reg_8078                                                                        |   14|   0|   14|          0|
    |inputacc_ifo_56_reg_8083                                                                        |   14|   0|   14|          0|
    |inputacc_ifo_57_reg_8088                                                                        |   14|   0|   14|          0|
    |inputacc_ifo_58_reg_8093                                                                        |   14|   0|   14|          0|
    |inputacc_ifo_59_reg_8098                                                                        |   14|   0|   14|          0|
    |inputacc_ifo_5_reg_7828                                                                         |   14|   0|   14|          0|
    |inputacc_ifo_60_reg_8103                                                                        |   14|   0|   14|          0|
    |inputacc_ifo_61_reg_8108                                                                        |   14|   0|   14|          0|
    |inputacc_ifo_62_reg_8113                                                                        |   14|   0|   14|          0|
    |inputacc_ifo_63_reg_8118                                                                        |   14|   0|   14|          0|
    |inputacc_ifo_64_reg_8123                                                                        |   14|   0|   14|          0|
    |inputacc_ifo_65_reg_8128                                                                        |   14|   0|   14|          0|
    |inputacc_ifo_66_reg_8133                                                                        |   14|   0|   14|          0|
    |inputacc_ifo_67_reg_8138                                                                        |   14|   0|   14|          0|
    |inputacc_ifo_68_reg_8143                                                                        |   14|   0|   14|          0|
    |inputacc_ifo_69_reg_8148                                                                        |   14|   0|   14|          0|
    |inputacc_ifo_6_reg_7833                                                                         |   14|   0|   14|          0|
    |inputacc_ifo_70_reg_8153                                                                        |   14|   0|   14|          0|
    |inputacc_ifo_71_reg_8158                                                                        |   14|   0|   14|          0|
    |inputacc_ifo_72_reg_8163                                                                        |   14|   0|   14|          0|
    |inputacc_ifo_73_reg_8168                                                                        |   14|   0|   14|          0|
    |inputacc_ifo_74_reg_8173                                                                        |   14|   0|   14|          0|
    |inputacc_ifo_75_reg_8178                                                                        |   14|   0|   14|          0|
    |inputacc_ifo_76_reg_8183                                                                        |   14|   0|   14|          0|
    |inputacc_ifo_77_reg_8188                                                                        |   14|   0|   14|          0|
    |inputacc_ifo_78_reg_8193                                                                        |   14|   0|   14|          0|
    |inputacc_ifo_79_reg_8198                                                                        |   14|   0|   14|          0|
    |inputacc_ifo_7_reg_7838                                                                         |   14|   0|   14|          0|
    |inputacc_ifo_80_reg_8203                                                                        |   14|   0|   14|          0|
    |inputacc_ifo_81_reg_8208                                                                        |   14|   0|   14|          0|
    |inputacc_ifo_82_reg_8213                                                                        |   14|   0|   14|          0|
    |inputacc_ifo_83_reg_8218                                                                        |   14|   0|   14|          0|
    |inputacc_ifo_84_reg_8223                                                                        |   14|   0|   14|          0|
    |inputacc_ifo_85_reg_8228                                                                        |   14|   0|   14|          0|
    |inputacc_ifo_86_reg_8233                                                                        |   14|   0|   14|          0|
    |inputacc_ifo_87_reg_8238                                                                        |   14|   0|   14|          0|
    |inputacc_ifo_88_reg_8243                                                                        |   14|   0|   14|          0|
    |inputacc_ifo_89_reg_8248                                                                        |   14|   0|   14|          0|
    |inputacc_ifo_8_reg_7843                                                                         |   14|   0|   14|          0|
    |inputacc_ifo_90_reg_8253                                                                        |   14|   0|   14|          0|
    |inputacc_ifo_91_reg_8258                                                                        |   14|   0|   14|          0|
    |inputacc_ifo_92_reg_8263                                                                        |   14|   0|   14|          0|
    |inputacc_ifo_93_reg_8268                                                                        |   14|   0|   14|          0|
    |inputacc_ifo_94_reg_8273                                                                        |   14|   0|   14|          0|
    |inputacc_ifo_95_reg_8278                                                                        |   14|   0|   14|          0|
    |inputacc_ifo_9_reg_7848                                                                         |   14|   0|   14|          0|
    |inputacc_ifo_reg_7803                                                                           |   14|   0|   14|          0|
    |p_ZZN4nnet11lstm_staticI8ap_fixedILi14ELi7EL9ap_q_mode0EL9ap_o_mode3ELi0EES4_7con               |   14|   0|   14|          0|
    |p_ZZN4nnet11lstm_staticI8ap_fixedILi14ELi7EL9ap_q_mode0EL9ap_o_mode3ELi0EES4_7con_1             |   14|   0|   14|          0|
    |p_ZZN4nnet11lstm_staticI8ap_fixedILi14ELi7EL9ap_q_mode0EL9ap_o_mode3ELi0EES4_7con_10            |   14|   0|   14|          0|
    |p_ZZN4nnet11lstm_staticI8ap_fixedILi14ELi7EL9ap_q_mode0EL9ap_o_mode3ELi0EES4_7con_11            |   14|   0|   14|          0|
    |p_ZZN4nnet11lstm_staticI8ap_fixedILi14ELi7EL9ap_q_mode0EL9ap_o_mode3ELi0EES4_7con_12            |   14|   0|   14|          0|
    |p_ZZN4nnet11lstm_staticI8ap_fixedILi14ELi7EL9ap_q_mode0EL9ap_o_mode3ELi0EES4_7con_13            |   14|   0|   14|          0|
    |p_ZZN4nnet11lstm_staticI8ap_fixedILi14ELi7EL9ap_q_mode0EL9ap_o_mode3ELi0EES4_7con_14            |   14|   0|   14|          0|
    |p_ZZN4nnet11lstm_staticI8ap_fixedILi14ELi7EL9ap_q_mode0EL9ap_o_mode3ELi0EES4_7con_15            |   14|   0|   14|          0|
    |p_ZZN4nnet11lstm_staticI8ap_fixedILi14ELi7EL9ap_q_mode0EL9ap_o_mode3ELi0EES4_7con_16            |   14|   0|   14|          0|
    |p_ZZN4nnet11lstm_staticI8ap_fixedILi14ELi7EL9ap_q_mode0EL9ap_o_mode3ELi0EES4_7con_17            |   14|   0|   14|          0|
    |p_ZZN4nnet11lstm_staticI8ap_fixedILi14ELi7EL9ap_q_mode0EL9ap_o_mode3ELi0EES4_7con_18            |   14|   0|   14|          0|
    |p_ZZN4nnet11lstm_staticI8ap_fixedILi14ELi7EL9ap_q_mode0EL9ap_o_mode3ELi0EES4_7con_19            |   14|   0|   14|          0|
    |p_ZZN4nnet11lstm_staticI8ap_fixedILi14ELi7EL9ap_q_mode0EL9ap_o_mode3ELi0EES4_7con_2             |   14|   0|   14|          0|
    |p_ZZN4nnet11lstm_staticI8ap_fixedILi14ELi7EL9ap_q_mode0EL9ap_o_mode3ELi0EES4_7con_20            |   14|   0|   14|          0|
    |p_ZZN4nnet11lstm_staticI8ap_fixedILi14ELi7EL9ap_q_mode0EL9ap_o_mode3ELi0EES4_7con_21            |   14|   0|   14|          0|
    |p_ZZN4nnet11lstm_staticI8ap_fixedILi14ELi7EL9ap_q_mode0EL9ap_o_mode3ELi0EES4_7con_22            |   14|   0|   14|          0|
    |p_ZZN4nnet11lstm_staticI8ap_fixedILi14ELi7EL9ap_q_mode0EL9ap_o_mode3ELi0EES4_7con_23            |   14|   0|   14|          0|
    |p_ZZN4nnet11lstm_staticI8ap_fixedILi14ELi7EL9ap_q_mode0EL9ap_o_mode3ELi0EES4_7con_24            |   14|   0|   14|          0|
    |p_ZZN4nnet11lstm_staticI8ap_fixedILi14ELi7EL9ap_q_mode0EL9ap_o_mode3ELi0EES4_7con_25            |   14|   0|   14|          0|
    |p_ZZN4nnet11lstm_staticI8ap_fixedILi14ELi7EL9ap_q_mode0EL9ap_o_mode3ELi0EES4_7con_26            |   14|   0|   14|          0|
    |p_ZZN4nnet11lstm_staticI8ap_fixedILi14ELi7EL9ap_q_mode0EL9ap_o_mode3ELi0EES4_7con_27            |   14|   0|   14|          0|
    |p_ZZN4nnet11lstm_staticI8ap_fixedILi14ELi7EL9ap_q_mode0EL9ap_o_mode3ELi0EES4_7con_28            |   14|   0|   14|          0|
    |p_ZZN4nnet11lstm_staticI8ap_fixedILi14ELi7EL9ap_q_mode0EL9ap_o_mode3ELi0EES4_7con_29            |   14|   0|   14|          0|
    |p_ZZN4nnet11lstm_staticI8ap_fixedILi14ELi7EL9ap_q_mode0EL9ap_o_mode3ELi0EES4_7con_3             |   14|   0|   14|          0|
    |p_ZZN4nnet11lstm_staticI8ap_fixedILi14ELi7EL9ap_q_mode0EL9ap_o_mode3ELi0EES4_7con_30            |   14|   0|   14|          0|
    |p_ZZN4nnet11lstm_staticI8ap_fixedILi14ELi7EL9ap_q_mode0EL9ap_o_mode3ELi0EES4_7con_31            |   14|   0|   14|          0|
    |p_ZZN4nnet11lstm_staticI8ap_fixedILi14ELi7EL9ap_q_mode0EL9ap_o_mode3ELi0EES4_7con_32            |   14|   0|   14|          0|
    |p_ZZN4nnet11lstm_staticI8ap_fixedILi14ELi7EL9ap_q_mode0EL9ap_o_mode3ELi0EES4_7con_33            |   14|   0|   14|          0|
    |p_ZZN4nnet11lstm_staticI8ap_fixedILi14ELi7EL9ap_q_mode0EL9ap_o_mode3ELi0EES4_7con_34            |   14|   0|   14|          0|
    |p_ZZN4nnet11lstm_staticI8ap_fixedILi14ELi7EL9ap_q_mode0EL9ap_o_mode3ELi0EES4_7con_35            |   14|   0|   14|          0|
    |p_ZZN4nnet11lstm_staticI8ap_fixedILi14ELi7EL9ap_q_mode0EL9ap_o_mode3ELi0EES4_7con_36            |   14|   0|   14|          0|
    |p_ZZN4nnet11lstm_staticI8ap_fixedILi14ELi7EL9ap_q_mode0EL9ap_o_mode3ELi0EES4_7con_37            |   14|   0|   14|          0|
    |p_ZZN4nnet11lstm_staticI8ap_fixedILi14ELi7EL9ap_q_mode0EL9ap_o_mode3ELi0EES4_7con_38            |   14|   0|   14|          0|
    |p_ZZN4nnet11lstm_staticI8ap_fixedILi14ELi7EL9ap_q_mode0EL9ap_o_mode3ELi0EES4_7con_39            |   14|   0|   14|          0|
    |p_ZZN4nnet11lstm_staticI8ap_fixedILi14ELi7EL9ap_q_mode0EL9ap_o_mode3ELi0EES4_7con_4             |   14|   0|   14|          0|
    |p_ZZN4nnet11lstm_staticI8ap_fixedILi14ELi7EL9ap_q_mode0EL9ap_o_mode3ELi0EES4_7con_40            |   14|   0|   14|          0|
    |p_ZZN4nnet11lstm_staticI8ap_fixedILi14ELi7EL9ap_q_mode0EL9ap_o_mode3ELi0EES4_7con_41            |   14|   0|   14|          0|
    |p_ZZN4nnet11lstm_staticI8ap_fixedILi14ELi7EL9ap_q_mode0EL9ap_o_mode3ELi0EES4_7con_42            |   14|   0|   14|          0|
    |p_ZZN4nnet11lstm_staticI8ap_fixedILi14ELi7EL9ap_q_mode0EL9ap_o_mode3ELi0EES4_7con_43            |   14|   0|   14|          0|
    |p_ZZN4nnet11lstm_staticI8ap_fixedILi14ELi7EL9ap_q_mode0EL9ap_o_mode3ELi0EES4_7con_5             |   14|   0|   14|          0|
    |p_ZZN4nnet11lstm_staticI8ap_fixedILi14ELi7EL9ap_q_mode0EL9ap_o_mode3ELi0EES4_7con_6             |   14|   0|   14|          0|
    |p_ZZN4nnet11lstm_staticI8ap_fixedILi14ELi7EL9ap_q_mode0EL9ap_o_mode3ELi0EES4_7con_66_reg_288    |   14|   0|   14|          0|
    |p_ZZN4nnet11lstm_staticI8ap_fixedILi14ELi7EL9ap_q_mode0EL9ap_o_mode3ELi0EES4_7con_67_reg_299    |   14|   0|   14|          0|
    |p_ZZN4nnet11lstm_staticI8ap_fixedILi14ELi7EL9ap_q_mode0EL9ap_o_mode3ELi0EES4_7con_68_reg_310    |   14|   0|   14|          0|
    |p_ZZN4nnet11lstm_staticI8ap_fixedILi14ELi7EL9ap_q_mode0EL9ap_o_mode3ELi0EES4_7con_69_reg_321    |   14|   0|   14|          0|
    |p_ZZN4nnet11lstm_staticI8ap_fixedILi14ELi7EL9ap_q_mode0EL9ap_o_mode3ELi0EES4_7con_7             |   14|   0|   14|          0|
    |p_ZZN4nnet11lstm_staticI8ap_fixedILi14ELi7EL9ap_q_mode0EL9ap_o_mode3ELi0EES4_7con_70_reg_332    |   14|   0|   14|          0|
    |p_ZZN4nnet11lstm_staticI8ap_fixedILi14ELi7EL9ap_q_mode0EL9ap_o_mode3ELi0EES4_7con_71_reg_343    |   14|   0|   14|          0|
    |p_ZZN4nnet11lstm_staticI8ap_fixedILi14ELi7EL9ap_q_mode0EL9ap_o_mode3ELi0EES4_7con_72_reg_354    |   14|   0|   14|          0|
    |p_ZZN4nnet11lstm_staticI8ap_fixedILi14ELi7EL9ap_q_mode0EL9ap_o_mode3ELi0EES4_7con_73_reg_365    |   14|   0|   14|          0|
    |p_ZZN4nnet11lstm_staticI8ap_fixedILi14ELi7EL9ap_q_mode0EL9ap_o_mode3ELi0EES4_7con_74_reg_376    |   14|   0|   14|          0|
    |p_ZZN4nnet11lstm_staticI8ap_fixedILi14ELi7EL9ap_q_mode0EL9ap_o_mode3ELi0EES4_7con_75_reg_387    |   14|   0|   14|          0|
    |p_ZZN4nnet11lstm_staticI8ap_fixedILi14ELi7EL9ap_q_mode0EL9ap_o_mode3ELi0EES4_7con_76_reg_398    |   14|   0|   14|          0|
    |p_ZZN4nnet11lstm_staticI8ap_fixedILi14ELi7EL9ap_q_mode0EL9ap_o_mode3ELi0EES4_7con_77_reg_409    |   14|   0|   14|          0|
    |p_ZZN4nnet11lstm_staticI8ap_fixedILi14ELi7EL9ap_q_mode0EL9ap_o_mode3ELi0EES4_7con_78_reg_420    |   14|   0|   14|          0|
    |p_ZZN4nnet11lstm_staticI8ap_fixedILi14ELi7EL9ap_q_mode0EL9ap_o_mode3ELi0EES4_7con_79_reg_431    |   14|   0|   14|          0|
    |p_ZZN4nnet11lstm_staticI8ap_fixedILi14ELi7EL9ap_q_mode0EL9ap_o_mode3ELi0EES4_7con_8             |   14|   0|   14|          0|
    |p_ZZN4nnet11lstm_staticI8ap_fixedILi14ELi7EL9ap_q_mode0EL9ap_o_mode3ELi0EES4_7con_80_reg_442    |   14|   0|   14|          0|
    |p_ZZN4nnet11lstm_staticI8ap_fixedILi14ELi7EL9ap_q_mode0EL9ap_o_mode3ELi0EES4_7con_81_reg_453    |   14|   0|   14|          0|
    |p_ZZN4nnet11lstm_staticI8ap_fixedILi14ELi7EL9ap_q_mode0EL9ap_o_mode3ELi0EES4_7con_82_reg_464    |   14|   0|   14|          0|
    |p_ZZN4nnet11lstm_staticI8ap_fixedILi14ELi7EL9ap_q_mode0EL9ap_o_mode3ELi0EES4_7con_83_reg_475    |   14|   0|   14|          0|
    |p_ZZN4nnet11lstm_staticI8ap_fixedILi14ELi7EL9ap_q_mode0EL9ap_o_mode3ELi0EES4_7con_84_reg_486    |   14|   0|   14|          0|
    |p_ZZN4nnet11lstm_staticI8ap_fixedILi14ELi7EL9ap_q_mode0EL9ap_o_mode3ELi0EES4_7con_85_reg_497    |   14|   0|   14|          0|
    |p_ZZN4nnet11lstm_staticI8ap_fixedILi14ELi7EL9ap_q_mode0EL9ap_o_mode3ELi0EES4_7con_86_reg_508    |   14|   0|   14|          0|
    |p_ZZN4nnet11lstm_staticI8ap_fixedILi14ELi7EL9ap_q_mode0EL9ap_o_mode3ELi0EES4_7con_87_reg_519    |   14|   0|   14|          0|
    |p_ZZN4nnet11lstm_staticI8ap_fixedILi14ELi7EL9ap_q_mode0EL9ap_o_mode3ELi0EES4_7con_9             |   14|   0|   14|          0|
    |reg_1000                                                                                        |   14|   0|   14|          0|
    |reg_1004                                                                                        |   14|   0|   14|          0|
    |reg_880                                                                                         |   14|   0|   14|          0|
    |reg_884                                                                                         |   14|   0|   14|          0|
    |reg_888                                                                                         |   14|   0|   14|          0|
    |reg_892                                                                                         |   14|   0|   14|          0|
    |reg_896                                                                                         |   14|   0|   14|          0|
    |reg_900                                                                                         |   14|   0|   14|          0|
    |reg_904                                                                                         |   14|   0|   14|          0|
    |reg_908                                                                                         |   14|   0|   14|          0|
    |reg_912                                                                                         |   14|   0|   14|          0|
    |reg_916                                                                                         |   14|   0|   14|          0|
    |reg_920                                                                                         |   14|   0|   14|          0|
    |reg_924                                                                                         |   14|   0|   14|          0|
    |reg_928                                                                                         |   14|   0|   14|          0|
    |reg_932                                                                                         |   14|   0|   14|          0|
    |reg_936                                                                                         |   14|   0|   14|          0|
    |reg_940                                                                                         |   14|   0|   14|          0|
    |reg_944                                                                                         |   14|   0|   14|          0|
    |reg_948                                                                                         |   14|   0|   14|          0|
    |reg_952                                                                                         |   14|   0|   14|          0|
    |reg_956                                                                                         |   14|   0|   14|          0|
    |reg_960                                                                                         |   14|   0|   14|          0|
    |reg_964                                                                                         |   14|   0|   14|          0|
    |reg_968                                                                                         |   14|   0|   14|          0|
    |reg_972                                                                                         |   14|   0|   14|          0|
    |reg_976                                                                                         |   14|   0|   14|          0|
    |reg_980                                                                                         |   14|   0|   14|          0|
    |reg_984                                                                                         |   14|   0|   14|          0|
    |reg_988                                                                                         |   14|   0|   14|          0|
    |reg_992                                                                                         |   14|   0|   14|          0|
    |reg_996                                                                                         |   14|   0|   14|          0|
    |tmp_1_reg_7671_0                                                                                |   14|   0|   14|          0|
    |tmp_1_reg_7671_1                                                                                |   14|   0|   14|          0|
    |tmp_1_reg_7671_10                                                                               |   14|   0|   14|          0|
    |tmp_1_reg_7671_100                                                                              |   14|   0|   14|          0|
    |tmp_1_reg_7671_101                                                                              |   14|   0|   14|          0|
    |tmp_1_reg_7671_102                                                                              |   14|   0|   14|          0|
    |tmp_1_reg_7671_103                                                                              |   14|   0|   14|          0|
    |tmp_1_reg_7671_104                                                                              |   14|   0|   14|          0|
    |tmp_1_reg_7671_105                                                                              |   14|   0|   14|          0|
    |tmp_1_reg_7671_106                                                                              |   14|   0|   14|          0|
    |tmp_1_reg_7671_107                                                                              |   14|   0|   14|          0|
    |tmp_1_reg_7671_108                                                                              |   14|   0|   14|          0|
    |tmp_1_reg_7671_109                                                                              |   14|   0|   14|          0|
    |tmp_1_reg_7671_11                                                                               |   14|   0|   14|          0|
    |tmp_1_reg_7671_110                                                                              |   14|   0|   14|          0|
    |tmp_1_reg_7671_111                                                                              |   14|   0|   14|          0|
    |tmp_1_reg_7671_112                                                                              |   14|   0|   14|          0|
    |tmp_1_reg_7671_113                                                                              |   14|   0|   14|          0|
    |tmp_1_reg_7671_114                                                                              |   14|   0|   14|          0|
    |tmp_1_reg_7671_115                                                                              |   14|   0|   14|          0|
    |tmp_1_reg_7671_116                                                                              |   14|   0|   14|          0|
    |tmp_1_reg_7671_117                                                                              |   14|   0|   14|          0|
    |tmp_1_reg_7671_118                                                                              |   14|   0|   14|          0|
    |tmp_1_reg_7671_119                                                                              |   14|   0|   14|          0|
    |tmp_1_reg_7671_12                                                                               |   14|   0|   14|          0|
    |tmp_1_reg_7671_120                                                                              |   14|   0|   14|          0|
    |tmp_1_reg_7671_121                                                                              |   14|   0|   14|          0|
    |tmp_1_reg_7671_122                                                                              |   14|   0|   14|          0|
    |tmp_1_reg_7671_123                                                                              |   14|   0|   14|          0|
    |tmp_1_reg_7671_124                                                                              |   14|   0|   14|          0|
    |tmp_1_reg_7671_125                                                                              |   14|   0|   14|          0|
    |tmp_1_reg_7671_126                                                                              |   14|   0|   14|          0|
    |tmp_1_reg_7671_127                                                                              |   14|   0|   14|          0|
    |tmp_1_reg_7671_13                                                                               |   14|   0|   14|          0|
    |tmp_1_reg_7671_14                                                                               |   14|   0|   14|          0|
    |tmp_1_reg_7671_15                                                                               |   14|   0|   14|          0|
    |tmp_1_reg_7671_16                                                                               |   14|   0|   14|          0|
    |tmp_1_reg_7671_17                                                                               |   14|   0|   14|          0|
    |tmp_1_reg_7671_18                                                                               |   14|   0|   14|          0|
    |tmp_1_reg_7671_19                                                                               |   14|   0|   14|          0|
    |tmp_1_reg_7671_2                                                                                |   14|   0|   14|          0|
    |tmp_1_reg_7671_20                                                                               |   14|   0|   14|          0|
    |tmp_1_reg_7671_21                                                                               |   14|   0|   14|          0|
    |tmp_1_reg_7671_22                                                                               |   14|   0|   14|          0|
    |tmp_1_reg_7671_23                                                                               |   14|   0|   14|          0|
    |tmp_1_reg_7671_24                                                                               |   14|   0|   14|          0|
    |tmp_1_reg_7671_25                                                                               |   14|   0|   14|          0|
    |tmp_1_reg_7671_26                                                                               |   14|   0|   14|          0|
    |tmp_1_reg_7671_27                                                                               |   14|   0|   14|          0|
    |tmp_1_reg_7671_28                                                                               |   14|   0|   14|          0|
    |tmp_1_reg_7671_29                                                                               |   14|   0|   14|          0|
    |tmp_1_reg_7671_3                                                                                |   14|   0|   14|          0|
    |tmp_1_reg_7671_30                                                                               |   14|   0|   14|          0|
    |tmp_1_reg_7671_31                                                                               |   14|   0|   14|          0|
    |tmp_1_reg_7671_32                                                                               |   14|   0|   14|          0|
    |tmp_1_reg_7671_33                                                                               |   14|   0|   14|          0|
    |tmp_1_reg_7671_34                                                                               |   14|   0|   14|          0|
    |tmp_1_reg_7671_35                                                                               |   14|   0|   14|          0|
    |tmp_1_reg_7671_36                                                                               |   14|   0|   14|          0|
    |tmp_1_reg_7671_37                                                                               |   14|   0|   14|          0|
    |tmp_1_reg_7671_38                                                                               |   14|   0|   14|          0|
    |tmp_1_reg_7671_39                                                                               |   14|   0|   14|          0|
    |tmp_1_reg_7671_4                                                                                |   14|   0|   14|          0|
    |tmp_1_reg_7671_40                                                                               |   14|   0|   14|          0|
    |tmp_1_reg_7671_41                                                                               |   14|   0|   14|          0|
    |tmp_1_reg_7671_42                                                                               |   14|   0|   14|          0|
    |tmp_1_reg_7671_43                                                                               |   14|   0|   14|          0|
    |tmp_1_reg_7671_44                                                                               |   14|   0|   14|          0|
    |tmp_1_reg_7671_45                                                                               |   14|   0|   14|          0|
    |tmp_1_reg_7671_46                                                                               |   14|   0|   14|          0|
    |tmp_1_reg_7671_47                                                                               |   14|   0|   14|          0|
    |tmp_1_reg_7671_48                                                                               |   14|   0|   14|          0|
    |tmp_1_reg_7671_49                                                                               |   14|   0|   14|          0|
    |tmp_1_reg_7671_5                                                                                |   14|   0|   14|          0|
    |tmp_1_reg_7671_50                                                                               |   14|   0|   14|          0|
    |tmp_1_reg_7671_51                                                                               |   14|   0|   14|          0|
    |tmp_1_reg_7671_52                                                                               |   14|   0|   14|          0|
    |tmp_1_reg_7671_53                                                                               |   14|   0|   14|          0|
    |tmp_1_reg_7671_54                                                                               |   14|   0|   14|          0|
    |tmp_1_reg_7671_55                                                                               |   14|   0|   14|          0|
    |tmp_1_reg_7671_56                                                                               |   14|   0|   14|          0|
    |tmp_1_reg_7671_57                                                                               |   14|   0|   14|          0|
    |tmp_1_reg_7671_58                                                                               |   14|   0|   14|          0|
    |tmp_1_reg_7671_59                                                                               |   14|   0|   14|          0|
    |tmp_1_reg_7671_6                                                                                |   14|   0|   14|          0|
    |tmp_1_reg_7671_60                                                                               |   14|   0|   14|          0|
    |tmp_1_reg_7671_61                                                                               |   14|   0|   14|          0|
    |tmp_1_reg_7671_62                                                                               |   14|   0|   14|          0|
    |tmp_1_reg_7671_63                                                                               |   14|   0|   14|          0|
    |tmp_1_reg_7671_64                                                                               |   14|   0|   14|          0|
    |tmp_1_reg_7671_65                                                                               |   14|   0|   14|          0|
    |tmp_1_reg_7671_66                                                                               |   14|   0|   14|          0|
    |tmp_1_reg_7671_67                                                                               |   14|   0|   14|          0|
    |tmp_1_reg_7671_68                                                                               |   14|   0|   14|          0|
    |tmp_1_reg_7671_69                                                                               |   14|   0|   14|          0|
    |tmp_1_reg_7671_7                                                                                |   14|   0|   14|          0|
    |tmp_1_reg_7671_70                                                                               |   14|   0|   14|          0|
    |tmp_1_reg_7671_71                                                                               |   14|   0|   14|          0|
    |tmp_1_reg_7671_72                                                                               |   14|   0|   14|          0|
    |tmp_1_reg_7671_73                                                                               |   14|   0|   14|          0|
    |tmp_1_reg_7671_74                                                                               |   14|   0|   14|          0|
    |tmp_1_reg_7671_75                                                                               |   14|   0|   14|          0|
    |tmp_1_reg_7671_76                                                                               |   14|   0|   14|          0|
    |tmp_1_reg_7671_77                                                                               |   14|   0|   14|          0|
    |tmp_1_reg_7671_78                                                                               |   14|   0|   14|          0|
    |tmp_1_reg_7671_79                                                                               |   14|   0|   14|          0|
    |tmp_1_reg_7671_8                                                                                |   14|   0|   14|          0|
    |tmp_1_reg_7671_80                                                                               |   14|   0|   14|          0|
    |tmp_1_reg_7671_81                                                                               |   14|   0|   14|          0|
    |tmp_1_reg_7671_82                                                                               |   14|   0|   14|          0|
    |tmp_1_reg_7671_83                                                                               |   14|   0|   14|          0|
    |tmp_1_reg_7671_84                                                                               |   14|   0|   14|          0|
    |tmp_1_reg_7671_85                                                                               |   14|   0|   14|          0|
    |tmp_1_reg_7671_86                                                                               |   14|   0|   14|          0|
    |tmp_1_reg_7671_87                                                                               |   14|   0|   14|          0|
    |tmp_1_reg_7671_88                                                                               |   14|   0|   14|          0|
    |tmp_1_reg_7671_89                                                                               |   14|   0|   14|          0|
    |tmp_1_reg_7671_9                                                                                |   14|   0|   14|          0|
    |tmp_1_reg_7671_90                                                                               |   14|   0|   14|          0|
    |tmp_1_reg_7671_91                                                                               |   14|   0|   14|          0|
    |tmp_1_reg_7671_92                                                                               |   14|   0|   14|          0|
    |tmp_1_reg_7671_93                                                                               |   14|   0|   14|          0|
    |tmp_1_reg_7671_94                                                                               |   14|   0|   14|          0|
    |tmp_1_reg_7671_95                                                                               |   14|   0|   14|          0|
    |tmp_1_reg_7671_96                                                                               |   14|   0|   14|          0|
    |tmp_1_reg_7671_97                                                                               |   14|   0|   14|          0|
    |tmp_1_reg_7671_98                                                                               |   14|   0|   14|          0|
    |tmp_1_reg_7671_99                                                                               |   14|   0|   14|          0|
    |tmp_671_reg_10218                                                                               |    1|   0|    1|          0|
    |tmp_672_reg_10228                                                                               |    1|   0|    1|          0|
    |tmp_673_reg_10238                                                                               |    1|   0|    1|          0|
    |tmp_674_reg_10248                                                                               |    1|   0|    1|          0|
    |tmp_675_reg_10258                                                                               |    1|   0|    1|          0|
    |tmp_676_reg_10268                                                                               |    1|   0|    1|          0|
    |tmp_677_reg_10278                                                                               |    1|   0|    1|          0|
    |tmp_678_reg_10288                                                                               |    1|   0|    1|          0|
    |tmp_679_reg_10298                                                                               |    1|   0|    1|          0|
    |tmp_680_reg_10308                                                                               |    1|   0|    1|          0|
    |tmp_681_reg_10318                                                                               |    1|   0|    1|          0|
    |tmp_682_reg_10328                                                                               |    1|   0|    1|          0|
    |tmp_683_reg_10338                                                                               |    1|   0|    1|          0|
    |tmp_684_reg_10348                                                                               |    1|   0|    1|          0|
    |tmp_685_reg_10358                                                                               |    1|   0|    1|          0|
    |tmp_686_reg_10368                                                                               |    1|   0|    1|          0|
    |tmp_687_reg_10378                                                                               |    1|   0|    1|          0|
    |tmp_688_reg_10388                                                                               |    1|   0|    1|          0|
    |tmp_689_reg_10398                                                                               |    1|   0|    1|          0|
    |tmp_690_reg_10408                                                                               |    1|   0|    1|          0|
    |tmp_691_reg_10418                                                                               |    1|   0|    1|          0|
    |tmp_692_reg_10428                                                                               |    1|   0|    1|          0|
    |tmp_693_reg_10438                                                                               |    1|   0|    1|          0|
    |tmp_694_reg_10448                                                                               |    1|   0|    1|          0|
    |tmp_695_reg_10458                                                                               |    1|   0|    1|          0|
    |tmp_696_reg_10468                                                                               |    1|   0|    1|          0|
    |tmp_697_reg_10478                                                                               |    1|   0|    1|          0|
    |tmp_698_reg_10488                                                                               |    1|   0|    1|          0|
    |tmp_699_reg_10498                                                                               |    1|   0|    1|          0|
    |tmp_700_reg_10508                                                                               |    1|   0|    1|          0|
    |tmp_701_reg_10518                                                                               |    1|   0|    1|          0|
    |tmp_702_reg_11008                                                                               |    1|   0|    1|          0|
    |tmp_703_reg_11018                                                                               |    1|   0|    1|          0|
    |tmp_704_reg_11028                                                                               |    1|   0|    1|          0|
    |tmp_705_reg_11038                                                                               |    1|   0|    1|          0|
    |tmp_706_reg_11048                                                                               |    1|   0|    1|          0|
    |tmp_707_reg_11058                                                                               |    1|   0|    1|          0|
    |tmp_708_reg_11068                                                                               |    1|   0|    1|          0|
    |tmp_709_reg_11078                                                                               |    1|   0|    1|          0|
    |tmp_710_reg_11088                                                                               |    1|   0|    1|          0|
    |tmp_711_reg_11098                                                                               |    1|   0|    1|          0|
    |tmp_712_reg_11108                                                                               |    1|   0|    1|          0|
    |tmp_713_reg_11118                                                                               |    1|   0|    1|          0|
    |tmp_714_reg_11128                                                                               |    1|   0|    1|          0|
    |tmp_715_reg_11138                                                                               |    1|   0|    1|          0|
    |tmp_716_reg_11148                                                                               |    1|   0|    1|          0|
    |tmp_717_reg_11158                                                                               |    1|   0|    1|          0|
    |tmp_718_reg_11168                                                                               |    1|   0|    1|          0|
    |tmp_719_reg_11178                                                                               |    1|   0|    1|          0|
    |tmp_720_reg_11188                                                                               |    1|   0|    1|          0|
    |tmp_721_reg_11198                                                                               |    1|   0|    1|          0|
    |tmp_722_reg_11208                                                                               |    1|   0|    1|          0|
    |tmp_723_reg_11218                                                                               |    1|   0|    1|          0|
    |tmp_724_reg_11228                                                                               |    1|   0|    1|          0|
    |tmp_725_reg_11238                                                                               |    1|   0|    1|          0|
    |tmp_726_reg_11248                                                                               |    1|   0|    1|          0|
    |tmp_727_reg_11258                                                                               |    1|   0|    1|          0|
    |tmp_728_reg_11268                                                                               |    1|   0|    1|          0|
    |tmp_729_reg_11278                                                                               |    1|   0|    1|          0|
    |tmp_730_reg_11288                                                                               |    1|   0|    1|          0|
    |tmp_731_reg_11298                                                                               |    1|   0|    1|          0|
    |tmp_732_reg_11308                                                                               |    1|   0|    1|          0|
    |tmp_733_reg_11318                                                                               |    1|   0|    1|          0|
    |tmp_reg_10208                                                                                   |    1|   0|    1|          0|
    |tmpres_ifo_10_reg_8493                                                                          |   14|   0|   14|          0|
    |tmpres_ifo_11_reg_8498                                                                          |   14|   0|   14|          0|
    |tmpres_ifo_12_reg_8503                                                                          |   14|   0|   14|          0|
    |tmpres_ifo_13_reg_8508                                                                          |   14|   0|   14|          0|
    |tmpres_ifo_14_reg_8513                                                                          |   14|   0|   14|          0|
    |tmpres_ifo_15_reg_8518                                                                          |   14|   0|   14|          0|
    |tmpres_ifo_16_reg_8523                                                                          |   14|   0|   14|          0|
    |tmpres_ifo_17_reg_8528                                                                          |   14|   0|   14|          0|
    |tmpres_ifo_18_reg_8533                                                                          |   14|   0|   14|          0|
    |tmpres_ifo_19_reg_8538                                                                          |   14|   0|   14|          0|
    |tmpres_ifo_1_reg_8448                                                                           |   14|   0|   14|          0|
    |tmpres_ifo_20_reg_8543                                                                          |   14|   0|   14|          0|
    |tmpres_ifo_21_reg_8548                                                                          |   14|   0|   14|          0|
    |tmpres_ifo_22_reg_8553                                                                          |   14|   0|   14|          0|
    |tmpres_ifo_23_reg_8558                                                                          |   14|   0|   14|          0|
    |tmpres_ifo_24_reg_8563                                                                          |   14|   0|   14|          0|
    |tmpres_ifo_25_reg_8568                                                                          |   14|   0|   14|          0|
    |tmpres_ifo_26_reg_8573                                                                          |   14|   0|   14|          0|
    |tmpres_ifo_27_reg_8578                                                                          |   14|   0|   14|          0|
    |tmpres_ifo_28_reg_8583                                                                          |   14|   0|   14|          0|
    |tmpres_ifo_29_reg_8588                                                                          |   14|   0|   14|          0|
    |tmpres_ifo_2_reg_8453                                                                           |   14|   0|   14|          0|
    |tmpres_ifo_30_reg_8593                                                                          |   14|   0|   14|          0|
    |tmpres_ifo_31_reg_8598                                                                          |   14|   0|   14|          0|
    |tmpres_ifo_32_reg_8603                                                                          |   14|   0|   14|          0|
    |tmpres_ifo_33_reg_8608                                                                          |   14|   0|   14|          0|
    |tmpres_ifo_34_reg_8613                                                                          |   14|   0|   14|          0|
    |tmpres_ifo_35_reg_8618                                                                          |   14|   0|   14|          0|
    |tmpres_ifo_36_reg_8623                                                                          |   14|   0|   14|          0|
    |tmpres_ifo_37_reg_8628                                                                          |   14|   0|   14|          0|
    |tmpres_ifo_38_reg_8633                                                                          |   14|   0|   14|          0|
    |tmpres_ifo_39_reg_8638                                                                          |   14|   0|   14|          0|
    |tmpres_ifo_3_reg_8458                                                                           |   14|   0|   14|          0|
    |tmpres_ifo_40_reg_8643                                                                          |   14|   0|   14|          0|
    |tmpres_ifo_41_reg_8648                                                                          |   14|   0|   14|          0|
    |tmpres_ifo_42_reg_8653                                                                          |   14|   0|   14|          0|
    |tmpres_ifo_43_reg_8658                                                                          |   14|   0|   14|          0|
    |tmpres_ifo_44_reg_8663                                                                          |   14|   0|   14|          0|
    |tmpres_ifo_45_reg_8668                                                                          |   14|   0|   14|          0|
    |tmpres_ifo_46_reg_8673                                                                          |   14|   0|   14|          0|
    |tmpres_ifo_47_reg_8678                                                                          |   14|   0|   14|          0|
    |tmpres_ifo_48_reg_8683                                                                          |   14|   0|   14|          0|
    |tmpres_ifo_49_reg_8688                                                                          |   14|   0|   14|          0|
    |tmpres_ifo_4_reg_8463                                                                           |   14|   0|   14|          0|
    |tmpres_ifo_50_reg_8693                                                                          |   14|   0|   14|          0|
    |tmpres_ifo_51_reg_8698                                                                          |   14|   0|   14|          0|
    |tmpres_ifo_52_reg_8703                                                                          |   14|   0|   14|          0|
    |tmpres_ifo_53_reg_8708                                                                          |   14|   0|   14|          0|
    |tmpres_ifo_54_reg_8713                                                                          |   14|   0|   14|          0|
    |tmpres_ifo_55_reg_8718                                                                          |   14|   0|   14|          0|
    |tmpres_ifo_56_reg_8723                                                                          |   14|   0|   14|          0|
    |tmpres_ifo_57_reg_8728                                                                          |   14|   0|   14|          0|
    |tmpres_ifo_58_reg_8733                                                                          |   14|   0|   14|          0|
    |tmpres_ifo_59_reg_8738                                                                          |   14|   0|   14|          0|
    |tmpres_ifo_5_reg_8468                                                                           |   14|   0|   14|          0|
    |tmpres_ifo_60_reg_8743                                                                          |   14|   0|   14|          0|
    |tmpres_ifo_61_reg_8748                                                                          |   14|   0|   14|          0|
    |tmpres_ifo_62_reg_8753                                                                          |   14|   0|   14|          0|
    |tmpres_ifo_63_reg_8758                                                                          |   14|   0|   14|          0|
    |tmpres_ifo_64_reg_8763                                                                          |   14|   0|   14|          0|
    |tmpres_ifo_65_reg_8768                                                                          |   14|   0|   14|          0|
    |tmpres_ifo_66_reg_8773                                                                          |   14|   0|   14|          0|
    |tmpres_ifo_67_reg_8778                                                                          |   14|   0|   14|          0|
    |tmpres_ifo_68_reg_8783                                                                          |   14|   0|   14|          0|
    |tmpres_ifo_69_reg_8788                                                                          |   14|   0|   14|          0|
    |tmpres_ifo_6_reg_8473                                                                           |   14|   0|   14|          0|
    |tmpres_ifo_70_reg_8793                                                                          |   14|   0|   14|          0|
    |tmpres_ifo_71_reg_8798                                                                          |   14|   0|   14|          0|
    |tmpres_ifo_72_reg_8803                                                                          |   14|   0|   14|          0|
    |tmpres_ifo_73_reg_8808                                                                          |   14|   0|   14|          0|
    |tmpres_ifo_74_reg_8813                                                                          |   14|   0|   14|          0|
    |tmpres_ifo_75_reg_8818                                                                          |   14|   0|   14|          0|
    |tmpres_ifo_76_reg_8823                                                                          |   14|   0|   14|          0|
    |tmpres_ifo_77_reg_8828                                                                          |   14|   0|   14|          0|
    |tmpres_ifo_78_reg_8833                                                                          |   14|   0|   14|          0|
    |tmpres_ifo_79_reg_8838                                                                          |   14|   0|   14|          0|
    |tmpres_ifo_7_reg_8478                                                                           |   14|   0|   14|          0|
    |tmpres_ifo_80_reg_8843                                                                          |   14|   0|   14|          0|
    |tmpres_ifo_81_reg_8848                                                                          |   14|   0|   14|          0|
    |tmpres_ifo_82_reg_8853                                                                          |   14|   0|   14|          0|
    |tmpres_ifo_83_reg_8858                                                                          |   14|   0|   14|          0|
    |tmpres_ifo_84_reg_8863                                                                          |   14|   0|   14|          0|
    |tmpres_ifo_85_reg_8868                                                                          |   14|   0|   14|          0|
    |tmpres_ifo_86_reg_8873                                                                          |   14|   0|   14|          0|
    |tmpres_ifo_87_reg_8878                                                                          |   14|   0|   14|          0|
    |tmpres_ifo_88_reg_8883                                                                          |   14|   0|   14|          0|
    |tmpres_ifo_89_reg_8888                                                                          |   14|   0|   14|          0|
    |tmpres_ifo_8_reg_8483                                                                           |   14|   0|   14|          0|
    |tmpres_ifo_90_reg_8893                                                                          |   14|   0|   14|          0|
    |tmpres_ifo_91_reg_8898                                                                          |   14|   0|   14|          0|
    |tmpres_ifo_92_reg_8903                                                                          |   14|   0|   14|          0|
    |tmpres_ifo_93_reg_8908                                                                          |   14|   0|   14|          0|
    |tmpres_ifo_94_reg_8913                                                                          |   14|   0|   14|          0|
    |tmpres_ifo_95_reg_8918                                                                          |   14|   0|   14|          0|
    |tmpres_ifo_9_reg_8488                                                                           |   14|   0|   14|          0|
    |tmpres_ifo_reg_8443                                                                             |   14|   0|   14|          0|
    |trunc_ln181_100_reg_9908                                                                        |    7|   0|    7|          0|
    |trunc_ln181_101_reg_9913                                                                        |   21|   0|   21|          0|
    |trunc_ln181_102_reg_9918                                                                        |   21|   0|   21|          0|
    |trunc_ln181_103_reg_9923                                                                        |    7|   0|    7|          0|
    |trunc_ln181_104_reg_9928                                                                        |    7|   0|    7|          0|
    |trunc_ln181_105_reg_9933                                                                        |   21|   0|   21|          0|
    |trunc_ln181_106_reg_9938                                                                        |   21|   0|   21|          0|
    |trunc_ln181_107_reg_9943                                                                        |    7|   0|    7|          0|
    |trunc_ln181_108_reg_9948                                                                        |    7|   0|    7|          0|
    |trunc_ln181_109_reg_9953                                                                        |   21|   0|   21|          0|
    |trunc_ln181_10_reg_10313                                                                        |   14|   0|   14|          0|
    |trunc_ln181_110_reg_9958                                                                        |   21|   0|   21|          0|
    |trunc_ln181_111_reg_9963                                                                        |    7|   0|    7|          0|
    |trunc_ln181_112_reg_9968                                                                        |    7|   0|    7|          0|
    |trunc_ln181_113_reg_9973                                                                        |   21|   0|   21|          0|
    |trunc_ln181_114_reg_9978                                                                        |   21|   0|   21|          0|
    |trunc_ln181_115_reg_9983                                                                        |    7|   0|    7|          0|
    |trunc_ln181_116_reg_9988                                                                        |    7|   0|    7|          0|
    |trunc_ln181_117_reg_9993                                                                        |   21|   0|   21|          0|
    |trunc_ln181_118_reg_9998                                                                        |   21|   0|   21|          0|
    |trunc_ln181_119_reg_10003                                                                       |    7|   0|    7|          0|
    |trunc_ln181_11_reg_10323                                                                        |   14|   0|   14|          0|
    |trunc_ln181_120_reg_10008                                                                       |    7|   0|    7|          0|
    |trunc_ln181_121_reg_10013                                                                       |   21|   0|   21|          0|
    |trunc_ln181_122_reg_10018                                                                       |   21|   0|   21|          0|
    |trunc_ln181_123_reg_10023                                                                       |    7|   0|    7|          0|
    |trunc_ln181_124_reg_10028                                                                       |    7|   0|    7|          0|
    |trunc_ln181_125_reg_10033                                                                       |   21|   0|   21|          0|
    |trunc_ln181_126_reg_10038                                                                       |   21|   0|   21|          0|
    |trunc_ln181_127_reg_10043                                                                       |    7|   0|    7|          0|
    |trunc_ln181_128_reg_10048                                                                       |    7|   0|    7|          0|
    |trunc_ln181_129_reg_10053                                                                       |   21|   0|   21|          0|
    |trunc_ln181_12_reg_10333                                                                        |   14|   0|   14|          0|
    |trunc_ln181_130_reg_10058                                                                       |   21|   0|   21|          0|
    |trunc_ln181_131_reg_10063                                                                       |    7|   0|    7|          0|
    |trunc_ln181_132_reg_10068                                                                       |    7|   0|    7|          0|
    |trunc_ln181_133_reg_10073                                                                       |   21|   0|   21|          0|
    |trunc_ln181_134_reg_10078                                                                       |   21|   0|   21|          0|
    |trunc_ln181_135_reg_10083                                                                       |    7|   0|    7|          0|
    |trunc_ln181_136_reg_10088                                                                       |    7|   0|    7|          0|
    |trunc_ln181_137_reg_10093                                                                       |   21|   0|   21|          0|
    |trunc_ln181_138_reg_10098                                                                       |   21|   0|   21|          0|
    |trunc_ln181_139_reg_10103                                                                       |    7|   0|    7|          0|
    |trunc_ln181_13_reg_10343                                                                        |   14|   0|   14|          0|
    |trunc_ln181_140_reg_10108                                                                       |    7|   0|    7|          0|
    |trunc_ln181_141_reg_10113                                                                       |   21|   0|   21|          0|
    |trunc_ln181_142_reg_10118                                                                       |   21|   0|   21|          0|
    |trunc_ln181_143_reg_10123                                                                       |    7|   0|    7|          0|
    |trunc_ln181_144_reg_10128                                                                       |    7|   0|    7|          0|
    |trunc_ln181_145_reg_10133                                                                       |   21|   0|   21|          0|
    |trunc_ln181_146_reg_10138                                                                       |   21|   0|   21|          0|
    |trunc_ln181_147_reg_10143                                                                       |    7|   0|    7|          0|
    |trunc_ln181_148_reg_10148                                                                       |    7|   0|    7|          0|
    |trunc_ln181_149_reg_10153                                                                       |   21|   0|   21|          0|
    |trunc_ln181_14_reg_10353                                                                        |   14|   0|   14|          0|
    |trunc_ln181_150_reg_10158                                                                       |   21|   0|   21|          0|
    |trunc_ln181_151_reg_10163                                                                       |    7|   0|    7|          0|
    |trunc_ln181_152_reg_10168                                                                       |    7|   0|    7|          0|
    |trunc_ln181_153_reg_10173                                                                       |   21|   0|   21|          0|
    |trunc_ln181_154_reg_10178                                                                       |   21|   0|   21|          0|
    |trunc_ln181_155_reg_10183                                                                       |    7|   0|    7|          0|
    |trunc_ln181_156_reg_10188                                                                       |    7|   0|    7|          0|
    |trunc_ln181_157_reg_10193                                                                       |   21|   0|   21|          0|
    |trunc_ln181_158_reg_10198                                                                       |   21|   0|   21|          0|
    |trunc_ln181_15_reg_10363                                                                        |   14|   0|   14|          0|
    |trunc_ln181_16_reg_10373                                                                        |   14|   0|   14|          0|
    |trunc_ln181_17_reg_10383                                                                        |   14|   0|   14|          0|
    |trunc_ln181_18_reg_10393                                                                        |   14|   0|   14|          0|
    |trunc_ln181_19_reg_10403                                                                        |   14|   0|   14|          0|
    |trunc_ln181_1_reg_10213                                                                         |   14|   0|   14|          0|
    |trunc_ln181_20_reg_10413                                                                        |   14|   0|   14|          0|
    |trunc_ln181_21_reg_10423                                                                        |   14|   0|   14|          0|
    |trunc_ln181_22_reg_10433                                                                        |   14|   0|   14|          0|
    |trunc_ln181_23_reg_10443                                                                        |   14|   0|   14|          0|
    |trunc_ln181_24_reg_10453                                                                        |   14|   0|   14|          0|
    |trunc_ln181_25_reg_10463                                                                        |   14|   0|   14|          0|
    |trunc_ln181_26_reg_10473                                                                        |   14|   0|   14|          0|
    |trunc_ln181_27_reg_10483                                                                        |   14|   0|   14|          0|
    |trunc_ln181_28_reg_10493                                                                        |   14|   0|   14|          0|
    |trunc_ln181_29_reg_10503                                                                        |   14|   0|   14|          0|
    |trunc_ln181_2_reg_10223                                                                         |   14|   0|   14|          0|
    |trunc_ln181_30_reg_10513                                                                        |   14|   0|   14|          0|
    |trunc_ln181_32_reg_9568                                                                         |    7|   0|    7|          0|
    |trunc_ln181_33_reg_9573                                                                         |   21|   0|   21|          0|
    |trunc_ln181_34_reg_9578                                                                         |   21|   0|   21|          0|
    |trunc_ln181_35_reg_9583                                                                         |    7|   0|    7|          0|
    |trunc_ln181_36_reg_9588                                                                         |    7|   0|    7|          0|
    |trunc_ln181_37_reg_9593                                                                         |   21|   0|   21|          0|
    |trunc_ln181_38_reg_9598                                                                         |   21|   0|   21|          0|
    |trunc_ln181_39_reg_9603                                                                         |    7|   0|    7|          0|
    |trunc_ln181_3_reg_10233                                                                         |   14|   0|   14|          0|
    |trunc_ln181_40_reg_9608                                                                         |    7|   0|    7|          0|
    |trunc_ln181_41_reg_9613                                                                         |   21|   0|   21|          0|
    |trunc_ln181_42_reg_9618                                                                         |   21|   0|   21|          0|
    |trunc_ln181_43_reg_9623                                                                         |    7|   0|    7|          0|
    |trunc_ln181_44_reg_9628                                                                         |    7|   0|    7|          0|
    |trunc_ln181_45_reg_9633                                                                         |   21|   0|   21|          0|
    |trunc_ln181_46_reg_9638                                                                         |   21|   0|   21|          0|
    |trunc_ln181_47_reg_9643                                                                         |    7|   0|    7|          0|
    |trunc_ln181_48_reg_9648                                                                         |    7|   0|    7|          0|
    |trunc_ln181_49_reg_9653                                                                         |   21|   0|   21|          0|
    |trunc_ln181_4_reg_10243                                                                         |   14|   0|   14|          0|
    |trunc_ln181_50_reg_9658                                                                         |   21|   0|   21|          0|
    |trunc_ln181_51_reg_9663                                                                         |    7|   0|    7|          0|
    |trunc_ln181_52_reg_9668                                                                         |    7|   0|    7|          0|
    |trunc_ln181_53_reg_9673                                                                         |   21|   0|   21|          0|
    |trunc_ln181_54_reg_9678                                                                         |   21|   0|   21|          0|
    |trunc_ln181_55_reg_9683                                                                         |    7|   0|    7|          0|
    |trunc_ln181_56_reg_9688                                                                         |    7|   0|    7|          0|
    |trunc_ln181_57_reg_9693                                                                         |   21|   0|   21|          0|
    |trunc_ln181_58_reg_9698                                                                         |   21|   0|   21|          0|
    |trunc_ln181_59_reg_9703                                                                         |    7|   0|    7|          0|
    |trunc_ln181_5_reg_10253                                                                         |   14|   0|   14|          0|
    |trunc_ln181_60_reg_9708                                                                         |    7|   0|    7|          0|
    |trunc_ln181_61_reg_9713                                                                         |   21|   0|   21|          0|
    |trunc_ln181_62_reg_9718                                                                         |   21|   0|   21|          0|
    |trunc_ln181_63_reg_9723                                                                         |    7|   0|    7|          0|
    |trunc_ln181_64_reg_9728                                                                         |    7|   0|    7|          0|
    |trunc_ln181_65_reg_9733                                                                         |   21|   0|   21|          0|
    |trunc_ln181_66_reg_9738                                                                         |   21|   0|   21|          0|
    |trunc_ln181_67_reg_9743                                                                         |    7|   0|    7|          0|
    |trunc_ln181_68_reg_9748                                                                         |    7|   0|    7|          0|
    |trunc_ln181_69_reg_9753                                                                         |   21|   0|   21|          0|
    |trunc_ln181_6_reg_10263                                                                         |   14|   0|   14|          0|
    |trunc_ln181_70_reg_9758                                                                         |   21|   0|   21|          0|
    |trunc_ln181_71_reg_9763                                                                         |    7|   0|    7|          0|
    |trunc_ln181_72_reg_9768                                                                         |    7|   0|    7|          0|
    |trunc_ln181_73_reg_9773                                                                         |   21|   0|   21|          0|
    |trunc_ln181_74_reg_9778                                                                         |   21|   0|   21|          0|
    |trunc_ln181_75_reg_9783                                                                         |    7|   0|    7|          0|
    |trunc_ln181_76_reg_9788                                                                         |    7|   0|    7|          0|
    |trunc_ln181_77_reg_9793                                                                         |   21|   0|   21|          0|
    |trunc_ln181_78_reg_9798                                                                         |   21|   0|   21|          0|
    |trunc_ln181_79_reg_9803                                                                         |    7|   0|    7|          0|
    |trunc_ln181_7_reg_10273                                                                         |   14|   0|   14|          0|
    |trunc_ln181_80_reg_9808                                                                         |    7|   0|    7|          0|
    |trunc_ln181_81_reg_9813                                                                         |   21|   0|   21|          0|
    |trunc_ln181_82_reg_9818                                                                         |   21|   0|   21|          0|
    |trunc_ln181_83_reg_9823                                                                         |    7|   0|    7|          0|
    |trunc_ln181_84_reg_9828                                                                         |    7|   0|    7|          0|
    |trunc_ln181_85_reg_9833                                                                         |   21|   0|   21|          0|
    |trunc_ln181_86_reg_9838                                                                         |   21|   0|   21|          0|
    |trunc_ln181_87_reg_9843                                                                         |    7|   0|    7|          0|
    |trunc_ln181_88_reg_9848                                                                         |    7|   0|    7|          0|
    |trunc_ln181_89_reg_9853                                                                         |   21|   0|   21|          0|
    |trunc_ln181_8_reg_10283                                                                         |   14|   0|   14|          0|
    |trunc_ln181_90_reg_9858                                                                         |   21|   0|   21|          0|
    |trunc_ln181_91_reg_9863                                                                         |    7|   0|    7|          0|
    |trunc_ln181_92_reg_9868                                                                         |    7|   0|    7|          0|
    |trunc_ln181_93_reg_9873                                                                         |   21|   0|   21|          0|
    |trunc_ln181_94_reg_9878                                                                         |   21|   0|   21|          0|
    |trunc_ln181_95_reg_9883                                                                         |    7|   0|    7|          0|
    |trunc_ln181_96_reg_9888                                                                         |    7|   0|    7|          0|
    |trunc_ln181_97_reg_9893                                                                         |   21|   0|   21|          0|
    |trunc_ln181_98_reg_9898                                                                         |   21|   0|   21|          0|
    |trunc_ln181_99_reg_9903                                                                         |    7|   0|    7|          0|
    |trunc_ln181_9_reg_10293                                                                         |   14|   0|   14|          0|
    |trunc_ln181_reg_9563                                                                            |    7|   0|    7|          0|
    |trunc_ln181_s_reg_10303                                                                         |   14|   0|   14|          0|
    |trunc_ln190_10_reg_11113                                                                        |   14|   0|   14|          0|
    |trunc_ln190_11_reg_11123                                                                        |   14|   0|   14|          0|
    |trunc_ln190_12_reg_11133                                                                        |   14|   0|   14|          0|
    |trunc_ln190_13_reg_11143                                                                        |   14|   0|   14|          0|
    |trunc_ln190_14_reg_11153                                                                        |   14|   0|   14|          0|
    |trunc_ln190_15_reg_11163                                                                        |   14|   0|   14|          0|
    |trunc_ln190_16_reg_11173                                                                        |   14|   0|   14|          0|
    |trunc_ln190_17_reg_11183                                                                        |   14|   0|   14|          0|
    |trunc_ln190_18_reg_11193                                                                        |   14|   0|   14|          0|
    |trunc_ln190_19_reg_11203                                                                        |   14|   0|   14|          0|
    |trunc_ln190_1_reg_11013                                                                         |   14|   0|   14|          0|
    |trunc_ln190_20_reg_11213                                                                        |   14|   0|   14|          0|
    |trunc_ln190_21_reg_11223                                                                        |   14|   0|   14|          0|
    |trunc_ln190_22_reg_11233                                                                        |   14|   0|   14|          0|
    |trunc_ln190_23_reg_11243                                                                        |   14|   0|   14|          0|
    |trunc_ln190_24_reg_11253                                                                        |   14|   0|   14|          0|
    |trunc_ln190_25_reg_11263                                                                        |   14|   0|   14|          0|
    |trunc_ln190_26_reg_11273                                                                        |   14|   0|   14|          0|
    |trunc_ln190_27_reg_11283                                                                        |   14|   0|   14|          0|
    |trunc_ln190_28_reg_11293                                                                        |   14|   0|   14|          0|
    |trunc_ln190_29_reg_11303                                                                        |   14|   0|   14|          0|
    |trunc_ln190_2_reg_11023                                                                         |   14|   0|   14|          0|
    |trunc_ln190_30_reg_11313                                                                        |   14|   0|   14|          0|
    |trunc_ln190_3_reg_11033                                                                         |   14|   0|   14|          0|
    |trunc_ln190_4_reg_11043                                                                         |   14|   0|   14|          0|
    |trunc_ln190_5_reg_11053                                                                         |   14|   0|   14|          0|
    |trunc_ln190_6_reg_11063                                                                         |   14|   0|   14|          0|
    |trunc_ln190_7_reg_11073                                                                         |   14|   0|   14|          0|
    |trunc_ln190_8_reg_11083                                                                         |   14|   0|   14|          0|
    |trunc_ln190_9_reg_11093                                                                         |   14|   0|   14|          0|
    |trunc_ln190_s_reg_11103                                                                         |   14|   0|   14|          0|
    |trunc_ln2_reg_11003                                                                             |   14|   0|   14|          0|
    |trunc_ln_reg_10203                                                                              |   14|   0|   14|          0|
    |void_lstm_static_bool_ap_fixed_ap_fixed_ap_fixed_weight_t_recurrent_weight_t                    |   14|   0|   14|          0|
    |void_lstm_static_bool_ap_fixed_ap_fixed_ap_fixed_weight_t_recurrent_weight_t_1                  |   14|   0|   14|          0|
    |void_lstm_static_bool_ap_fixed_ap_fixed_ap_fixed_weight_t_recurrent_weight_t_10                 |   14|   0|   14|          0|
    |void_lstm_static_bool_ap_fixed_ap_fixed_ap_fixed_weight_t_recurrent_weight_t_11                 |   14|   0|   14|          0|
    |void_lstm_static_bool_ap_fixed_ap_fixed_ap_fixed_weight_t_recurrent_weight_t_12                 |   14|   0|   14|          0|
    |void_lstm_static_bool_ap_fixed_ap_fixed_ap_fixed_weight_t_recurrent_weight_t_13                 |   14|   0|   14|          0|
    |void_lstm_static_bool_ap_fixed_ap_fixed_ap_fixed_weight_t_recurrent_weight_t_14                 |   14|   0|   14|          0|
    |void_lstm_static_bool_ap_fixed_ap_fixed_ap_fixed_weight_t_recurrent_weight_t_15                 |   14|   0|   14|          0|
    |void_lstm_static_bool_ap_fixed_ap_fixed_ap_fixed_weight_t_recurrent_weight_t_16                 |   14|   0|   14|          0|
    |void_lstm_static_bool_ap_fixed_ap_fixed_ap_fixed_weight_t_recurrent_weight_t_17                 |   14|   0|   14|          0|
    |void_lstm_static_bool_ap_fixed_ap_fixed_ap_fixed_weight_t_recurrent_weight_t_18                 |   14|   0|   14|          0|
    |void_lstm_static_bool_ap_fixed_ap_fixed_ap_fixed_weight_t_recurrent_weight_t_19                 |   14|   0|   14|          0|
    |void_lstm_static_bool_ap_fixed_ap_fixed_ap_fixed_weight_t_recurrent_weight_t_2                  |   14|   0|   14|          0|
    |void_lstm_static_bool_ap_fixed_ap_fixed_ap_fixed_weight_t_recurrent_weight_t_3                  |   14|   0|   14|          0|
    |void_lstm_static_bool_ap_fixed_ap_fixed_ap_fixed_weight_t_recurrent_weight_t_30_reg_178         |   14|   0|   14|          0|
    |void_lstm_static_bool_ap_fixed_ap_fixed_ap_fixed_weight_t_recurrent_weight_t_31_reg_189         |   14|   0|   14|          0|
    |void_lstm_static_bool_ap_fixed_ap_fixed_ap_fixed_weight_t_recurrent_weight_t_32_reg_200         |   14|   0|   14|          0|
    |void_lstm_static_bool_ap_fixed_ap_fixed_ap_fixed_weight_t_recurrent_weight_t_33_reg_211         |   14|   0|   14|          0|
    |void_lstm_static_bool_ap_fixed_ap_fixed_ap_fixed_weight_t_recurrent_weight_t_34_reg_222         |   14|   0|   14|          0|
    |void_lstm_static_bool_ap_fixed_ap_fixed_ap_fixed_weight_t_recurrent_weight_t_35_reg_233         |   14|   0|   14|          0|
    |void_lstm_static_bool_ap_fixed_ap_fixed_ap_fixed_weight_t_recurrent_weight_t_36_reg_244         |   14|   0|   14|          0|
    |void_lstm_static_bool_ap_fixed_ap_fixed_ap_fixed_weight_t_recurrent_weight_t_37_reg_255         |   14|   0|   14|          0|
    |void_lstm_static_bool_ap_fixed_ap_fixed_ap_fixed_weight_t_recurrent_weight_t_38_reg_266         |   14|   0|   14|          0|
    |void_lstm_static_bool_ap_fixed_ap_fixed_ap_fixed_weight_t_recurrent_weight_t_39_reg_277         |   14|   0|   14|          0|
    |void_lstm_static_bool_ap_fixed_ap_fixed_ap_fixed_weight_t_recurrent_weight_t_4                  |   14|   0|   14|          0|
    |void_lstm_static_bool_ap_fixed_ap_fixed_ap_fixed_weight_t_recurrent_weight_t_5                  |   14|   0|   14|          0|
    |void_lstm_static_bool_ap_fixed_ap_fixed_ap_fixed_weight_t_recurrent_weight_t_6                  |   14|   0|   14|          0|
    |void_lstm_static_bool_ap_fixed_ap_fixed_ap_fixed_weight_t_recurrent_weight_t_7                  |   14|   0|   14|          0|
    |void_lstm_static_bool_ap_fixed_ap_fixed_ap_fixed_weight_t_recurrent_weight_t_8                  |   14|   0|   14|          0|
    |void_lstm_static_bool_ap_fixed_ap_fixed_ap_fixed_weight_t_recurrent_weight_t_9                  |   14|   0|   14|          0|
    +------------------------------------------------------------------------------------------------+-----+----+-----+-----------+
    |Total                                                                                           |12193|   0|12193|          0|
    +------------------------------------------------------------------------------------------------+-----+----+-----+-----------+



================================================================
== Interface
================================================================
* Summary: 
+---------------+-----+-----+------------+---------------------------------------------------------------------------------+--------------+
|   RTL Ports   | Dir | Bits|  Protocol  |                                  Source Object                                  |    C Type    |
+---------------+-----+-----+------------+---------------------------------------------------------------------------------+--------------+
|ap_clk         |   in|    1|  ap_ctrl_hs|  lstm_static<ap_fixed<14, 7, 0, 3, 0>, ap_fixed<14, 7, 0, 3, 0>, config2, false>|  return value|
|ap_rst         |   in|    1|  ap_ctrl_hs|  lstm_static<ap_fixed<14, 7, 0, 3, 0>, ap_fixed<14, 7, 0, 3, 0>, config2, false>|  return value|
|ap_start       |   in|    1|  ap_ctrl_hs|  lstm_static<ap_fixed<14, 7, 0, 3, 0>, ap_fixed<14, 7, 0, 3, 0>, config2, false>|  return value|
|ap_done        |  out|    1|  ap_ctrl_hs|  lstm_static<ap_fixed<14, 7, 0, 3, 0>, ap_fixed<14, 7, 0, 3, 0>, config2, false>|  return value|
|ap_idle        |  out|    1|  ap_ctrl_hs|  lstm_static<ap_fixed<14, 7, 0, 3, 0>, ap_fixed<14, 7, 0, 3, 0>, config2, false>|  return value|
|ap_ready       |  out|    1|  ap_ctrl_hs|  lstm_static<ap_fixed<14, 7, 0, 3, 0>, ap_fixed<14, 7, 0, 3, 0>, config2, false>|  return value|
|ap_return_0    |  out|   14|  ap_ctrl_hs|  lstm_static<ap_fixed<14, 7, 0, 3, 0>, ap_fixed<14, 7, 0, 3, 0>, config2, false>|  return value|
|ap_return_1    |  out|   14|  ap_ctrl_hs|  lstm_static<ap_fixed<14, 7, 0, 3, 0>, ap_fixed<14, 7, 0, 3, 0>, config2, false>|  return value|
|ap_return_2    |  out|   14|  ap_ctrl_hs|  lstm_static<ap_fixed<14, 7, 0, 3, 0>, ap_fixed<14, 7, 0, 3, 0>, config2, false>|  return value|
|ap_return_3    |  out|   14|  ap_ctrl_hs|  lstm_static<ap_fixed<14, 7, 0, 3, 0>, ap_fixed<14, 7, 0, 3, 0>, config2, false>|  return value|
|ap_return_4    |  out|   14|  ap_ctrl_hs|  lstm_static<ap_fixed<14, 7, 0, 3, 0>, ap_fixed<14, 7, 0, 3, 0>, config2, false>|  return value|
|ap_return_5    |  out|   14|  ap_ctrl_hs|  lstm_static<ap_fixed<14, 7, 0, 3, 0>, ap_fixed<14, 7, 0, 3, 0>, config2, false>|  return value|
|ap_return_6    |  out|   14|  ap_ctrl_hs|  lstm_static<ap_fixed<14, 7, 0, 3, 0>, ap_fixed<14, 7, 0, 3, 0>, config2, false>|  return value|
|ap_return_7    |  out|   14|  ap_ctrl_hs|  lstm_static<ap_fixed<14, 7, 0, 3, 0>, ap_fixed<14, 7, 0, 3, 0>, config2, false>|  return value|
|ap_return_8    |  out|   14|  ap_ctrl_hs|  lstm_static<ap_fixed<14, 7, 0, 3, 0>, ap_fixed<14, 7, 0, 3, 0>, config2, false>|  return value|
|ap_return_9    |  out|   14|  ap_ctrl_hs|  lstm_static<ap_fixed<14, 7, 0, 3, 0>, ap_fixed<14, 7, 0, 3, 0>, config2, false>|  return value|
|ap_return_10   |  out|   14|  ap_ctrl_hs|  lstm_static<ap_fixed<14, 7, 0, 3, 0>, ap_fixed<14, 7, 0, 3, 0>, config2, false>|  return value|
|ap_return_11   |  out|   14|  ap_ctrl_hs|  lstm_static<ap_fixed<14, 7, 0, 3, 0>, ap_fixed<14, 7, 0, 3, 0>, config2, false>|  return value|
|ap_return_12   |  out|   14|  ap_ctrl_hs|  lstm_static<ap_fixed<14, 7, 0, 3, 0>, ap_fixed<14, 7, 0, 3, 0>, config2, false>|  return value|
|ap_return_13   |  out|   14|  ap_ctrl_hs|  lstm_static<ap_fixed<14, 7, 0, 3, 0>, ap_fixed<14, 7, 0, 3, 0>, config2, false>|  return value|
|ap_return_14   |  out|   14|  ap_ctrl_hs|  lstm_static<ap_fixed<14, 7, 0, 3, 0>, ap_fixed<14, 7, 0, 3, 0>, config2, false>|  return value|
|ap_return_15   |  out|   14|  ap_ctrl_hs|  lstm_static<ap_fixed<14, 7, 0, 3, 0>, ap_fixed<14, 7, 0, 3, 0>, config2, false>|  return value|
|ap_return_16   |  out|   14|  ap_ctrl_hs|  lstm_static<ap_fixed<14, 7, 0, 3, 0>, ap_fixed<14, 7, 0, 3, 0>, config2, false>|  return value|
|ap_return_17   |  out|   14|  ap_ctrl_hs|  lstm_static<ap_fixed<14, 7, 0, 3, 0>, ap_fixed<14, 7, 0, 3, 0>, config2, false>|  return value|
|ap_return_18   |  out|   14|  ap_ctrl_hs|  lstm_static<ap_fixed<14, 7, 0, 3, 0>, ap_fixed<14, 7, 0, 3, 0>, config2, false>|  return value|
|ap_return_19   |  out|   14|  ap_ctrl_hs|  lstm_static<ap_fixed<14, 7, 0, 3, 0>, ap_fixed<14, 7, 0, 3, 0>, config2, false>|  return value|
|ap_return_20   |  out|   14|  ap_ctrl_hs|  lstm_static<ap_fixed<14, 7, 0, 3, 0>, ap_fixed<14, 7, 0, 3, 0>, config2, false>|  return value|
|ap_return_21   |  out|   14|  ap_ctrl_hs|  lstm_static<ap_fixed<14, 7, 0, 3, 0>, ap_fixed<14, 7, 0, 3, 0>, config2, false>|  return value|
|ap_return_22   |  out|   14|  ap_ctrl_hs|  lstm_static<ap_fixed<14, 7, 0, 3, 0>, ap_fixed<14, 7, 0, 3, 0>, config2, false>|  return value|
|ap_return_23   |  out|   14|  ap_ctrl_hs|  lstm_static<ap_fixed<14, 7, 0, 3, 0>, ap_fixed<14, 7, 0, 3, 0>, config2, false>|  return value|
|ap_return_24   |  out|   14|  ap_ctrl_hs|  lstm_static<ap_fixed<14, 7, 0, 3, 0>, ap_fixed<14, 7, 0, 3, 0>, config2, false>|  return value|
|ap_return_25   |  out|   14|  ap_ctrl_hs|  lstm_static<ap_fixed<14, 7, 0, 3, 0>, ap_fixed<14, 7, 0, 3, 0>, config2, false>|  return value|
|ap_return_26   |  out|   14|  ap_ctrl_hs|  lstm_static<ap_fixed<14, 7, 0, 3, 0>, ap_fixed<14, 7, 0, 3, 0>, config2, false>|  return value|
|ap_return_27   |  out|   14|  ap_ctrl_hs|  lstm_static<ap_fixed<14, 7, 0, 3, 0>, ap_fixed<14, 7, 0, 3, 0>, config2, false>|  return value|
|ap_return_28   |  out|   14|  ap_ctrl_hs|  lstm_static<ap_fixed<14, 7, 0, 3, 0>, ap_fixed<14, 7, 0, 3, 0>, config2, false>|  return value|
|ap_return_29   |  out|   14|  ap_ctrl_hs|  lstm_static<ap_fixed<14, 7, 0, 3, 0>, ap_fixed<14, 7, 0, 3, 0>, config2, false>|  return value|
|ap_return_30   |  out|   14|  ap_ctrl_hs|  lstm_static<ap_fixed<14, 7, 0, 3, 0>, ap_fixed<14, 7, 0, 3, 0>, config2, false>|  return value|
|ap_return_31   |  out|   14|  ap_ctrl_hs|  lstm_static<ap_fixed<14, 7, 0, 3, 0>, ap_fixed<14, 7, 0, 3, 0>, config2, false>|  return value|
|reset_state    |   in|    1|     ap_none|                                                                      reset_state|        scalar|
|data_address0  |  out|    3|   ap_memory|                                                                             data|         array|
|data_ce0       |  out|    1|   ap_memory|                                                                             data|         array|
|data_q0        |   in|   14|   ap_memory|                                                                             data|         array|
+---------------+-----+-----+------------+---------------------------------------------------------------------------------+--------------+

